Linux 6.8.0-1061-aws (ip-10-42-1-14) 	08/18/26 	_x86_64_	(4 CPU)

20:07:23     CPU    %usr   %nice    %sys %iowait    %irq   %soft  %steal  %guest  %gnice   %idle
20:07:24     all   12.06    0.00    2.76    0.00    0.00    0.75    0.00    0.00    0.00   84.42
20:07:25     all    9.16    0.00    1.02    0.00    0.00    0.25    0.00    0.00    0.00   89.57
20:07:26     all    9.64    0.00    1.02    0.00    0.00    0.51    0.00    0.00    0.00   88.83
20:07:27     all    9.60    0.00    0.76    0.00    0.00    1.01    0.00    0.00    0.00   88.64
20:07:28     all    9.57    0.00    1.01    0.00    0.00    0.25    0.00    0.00    0.00   89.17
20:07:29     all    9.92    0.00    1.02    0.00    0.00    0.76    0.00    0.00    0.00   88.30
20:07:30     all    9.85    0.00    1.01    0.00    0.00    0.25    0.00    0.00    0.00   88.89
20:07:31     all   10.66    0.00    0.25    0.00    0.00    1.02    0.00    0.00    0.00   88.07
20:07:32     all    9.52    0.00    1.50    0.00    0.00    0.75    0.00    0.00    0.00   88.22
20:07:33     all   10.69    0.00    0.76    0.00    0.00    0.25    0.00    0.00    0.00   88.30
20:07:34     all   10.00    0.00    1.50    0.00    0.00    0.75    0.00    0.00    0.00   87.75
20:07:35     all    9.18    0.00    1.02    0.00    0.00    0.26    0.00    0.00    0.00   89.54
20:07:36     all   10.63    0.00    1.01    0.00    0.00    0.76    0.00    0.00    0.00   87.59
20:07:37     all   10.05    0.00    1.01    0.00    0.00    0.75    0.00    0.00    0.00   88.19
20:07:38     all   10.58    0.00    1.26    0.00    0.00    0.76    0.00    0.00    0.00   87.41
20:07:39     all   10.38    0.00    0.51    0.00    0.00    0.76    0.00    0.00    0.00   88.35
20:07:40     all   10.28    0.00    1.50    0.00    0.00    0.50    0.00    0.00    0.00   87.72
20:07:41     all   10.08    0.00    1.26    0.00    0.00    1.01    0.00    0.00    0.00   87.66
20:07:42     all    9.62    0.00    0.76    0.00    0.00    1.01    0.00    0.00    0.00   88.61
20:07:43     all   10.83    0.00    1.01    0.00    0.00    0.25    0.00    0.00    0.00   87.91
20:07:44     all    9.90    0.00    1.02    0.00    0.00    0.76    0.00    0.00    0.00   88.32
20:07:45     all    9.80    0.00    1.51    0.00    0.00    0.50    0.00    0.00    0.00   88.19
20:07:46     all   11.28    0.00    1.00    0.00    0.00    0.50    0.00    0.00    0.00   87.22
20:07:47     all    9.85    0.00    1.77    0.00    0.00    0.51    0.00    0.00    0.00   87.88
20:07:48     all   11.06    0.00    1.26    0.00    0.00    0.75    0.00    0.00    0.00   86.93
20:07:49     all   10.66    0.00    0.51    0.00    0.00    0.51    0.00    0.00    0.00   88.32
20:07:50     all    9.98    0.00    1.25    0.00    0.00    0.75    0.00    0.00    0.00   88.03
20:07:51     all    9.90    0.00    0.76    0.00    0.00    1.02    0.00    0.00    0.00   88.32
20:07:52     all    9.85    0.00    1.26    0.00    0.00    0.51    0.00    0.00    0.00   88.38
20:07:53     all    9.85    0.00    1.26    0.25    0.00    0.51    0.00    0.00    0.00   88.13
20:07:54     all    9.82    0.00    1.26    0.00    0.00    0.76    0.00    0.00    0.00   88.16
20:07:55     all   10.13    0.00    1.01    0.00    0.00    0.51    0.00    0.00    0.00   88.35
20:07:56     all   10.13    0.00    1.01    0.00    0.00    0.76    0.00    0.00    0.00   88.10
20:07:57     all   10.35    0.00    1.01    0.00    0.00    0.25    0.00    0.00    0.00   88.38
20:07:58     all    9.90    0.00    1.02    0.00    0.00    0.76    0.00    0.00    0.00   88.32
20:07:59     all   10.55    0.00    1.01    0.00    0.00    0.50    0.00    0.00    0.00   87.94
20:08:00     all   10.53    0.00    1.00    0.00    0.00    0.75    0.00    0.00    0.00   87.72
20:08:01     all   10.78    0.00    1.25    0.00    0.00    0.75    0.00    0.00    0.00   87.22
20:08:02     all    9.16    0.00    0.51    0.00    0.00    0.76    0.00    0.00    0.00   89.57
20:08:03     all   10.80    0.00    1.26    0.00    0.00    1.01    0.00    0.00    0.00   86.93
20:08:04     all   10.13    0.00    0.76    0.00    0.00    0.51    0.00    0.00    0.00   88.61
20:08:05     all   10.61    0.00    1.26    0.00    0.00    0.76    0.00    0.00    0.00   87.37
20:08:06     all    9.62    0.00    1.01    0.00    0.00    0.76    0.00    0.00    0.00   88.61
20:08:07     all   10.53    0.00    1.00    0.00    0.00    0.50    0.00    0.00    0.00   87.97
20:08:08     all   10.86    0.00    1.01    0.00    0.00    0.76    0.00    0.00    0.00   87.37
20:08:09     all   10.30    0.00    1.26    0.25    0.00    0.25    0.00    0.00    0.00   87.94
20:08:10     all   10.61    0.00    1.26    0.00    0.00    0.76    0.00    0.00    0.00   87.37
20:08:11     all   10.30    0.00    1.26    0.00    0.00    0.25    0.00    0.00    0.00   88.19
20:08:12     all    9.39    0.00    1.27    0.00    0.00    0.76    0.00    0.00    0.00   88.58
20:08:13     all   10.47    0.00    1.25    0.00    0.00    1.00    0.00    0.00    0.00   87.28
20:08:14     all   10.10    0.00    0.76    0.00    0.00    0.51    0.00    0.00    0.00   88.64
20:08:15     all   10.86    0.00    1.01    0.00    0.00    1.01    0.00    0.00    0.00   87.12
20:08:16     all   10.63    0.00    0.76    0.00    0.00    0.00    0.00    0.00    0.00   88.61
20:08:17     all    9.14    0.00    0.76    0.00    0.00    1.02    0.00    0.00    0.00   89.09
20:08:18     all    9.87    0.00    1.52    0.00    0.00    0.76    0.00    0.00    0.00   87.85
20:08:19     all    9.67    0.00    0.51    0.00    0.00    0.00    0.00    0.00    0.00   89.82
20:08:20     all   10.83    0.00    1.26    0.00    0.00    0.76    0.00    0.00    0.00   87.15
20:08:21     all   10.08    0.00    1.26    0.00    0.00    0.50    0.00    0.00    0.00   88.16
20:08:22     all   10.10    0.00    1.26    0.00    0.00    0.76    0.00    0.00    0.00   87.88
20:08:23     all    9.87    0.00    1.27    0.00    0.00    0.25    0.00    0.00    0.00   88.61
20:08:24     all   10.58    0.00    0.50    0.00    0.00    0.76    0.00    0.00    0.00   88.16
20:08:25     all    9.60    0.00    1.52    0.00    0.00    0.76    0.00    0.00    0.00   88.13
20:08:26     all    8.88    0.00    0.76    0.00    0.00    0.25    0.00    0.00    0.00   90.10
20:08:27     all    9.60    0.00    0.76    0.00    0.00    0.51    0.00    0.00    0.00   89.14
20:08:28     all    9.87    0.00    0.76    0.00    0.00    0.00    0.00    0.00    0.00   89.37
20:08:29     all    9.50    0.00    1.00    0.00    0.00    1.00    0.00    0.00    0.00   88.50
20:08:30     all   11.28    0.00    0.50    0.00    0.00    0.25    0.00    0.00    0.00   87.97
20:08:31     all    9.11    0.00    0.76    0.00    0.00    0.25    0.00    0.00    0.00   89.87
20:08:32     all    9.57    0.00    1.01    0.00    0.00    0.76    0.00    0.00    0.00   88.66
20:08:33     all    9.85    0.00    0.51    0.00    0.00    0.00    0.00    0.00    0.00   89.65
20:08:34     all    9.34    0.00    1.01    0.00    0.00    0.25    0.00    0.00    0.00   89.39
20:08:35     all    9.80    0.00    1.26    0.00    0.00    0.50    0.00    0.00    0.00   88.44
20:08:36     all    9.57    0.00    0.50    0.00    0.00    0.50    0.00    0.00    0.00   89.42
20:08:37     all    9.30    0.00    1.01    0.25    0.00    0.75    0.00    0.00    0.00   88.69
20:08:38     all    9.57    0.00    1.01    0.00    0.00    0.00    0.00    0.00    0.00   89.42
20:08:39     all    9.57    0.00    0.76    0.00    0.00    0.50    0.00    0.00    0.00   89.17
20:08:40     all   10.33    0.00    0.76    0.00    0.00    0.25    0.00    0.00    0.00   88.66
20:08:41     all    9.34    0.00    0.76    0.00    0.00    0.25    0.00    0.00    0.00   89.65
20:08:42     all    9.67    0.00    0.25    0.00    0.00    0.25    0.00    0.00    0.00   89.82
20:08:43     all    9.37    0.00    1.01    0.00    0.00    0.25    0.00    0.00    0.00   89.37
20:08:44     all    9.37    0.00    0.25    0.00    0.00    0.76    0.00    0.00    0.00   89.62
20:08:45     all   10.22    0.00    1.00    0.00    0.00    0.50    0.00    0.00    0.00   88.28
20:08:46     all    9.07    0.00    0.76    0.00    0.00    0.25    0.00    0.00    0.00   89.92
20:08:47     all    9.85    0.00    0.76    0.00    0.00    0.51    0.00    0.00    0.00   88.89
20:08:48     all    9.60    0.00    0.51    0.00    0.00    0.25    0.00    0.00    0.00   89.65
20:08:49     all    9.64    0.00    0.51    0.00    0.00    0.25    0.00    0.00    0.00   89.59
20:08:50     all    9.55    0.00    0.75    0.00    0.00    1.01    0.00    0.00    0.00   88.69
20:08:51     all    9.32    0.00    1.26    0.00    0.00    0.25    0.00    0.00    0.00   89.17
20:08:52     all    9.98    0.00    1.50    0.00    0.00    0.50    0.00    0.00    0.00   88.03
20:08:53     all    9.41    0.00    0.25    0.00    0.00    0.51    0.00    0.00    0.00   89.82
20:08:54     all    9.85    0.00    0.76    0.00    0.00    0.25    0.00    0.00    0.00   89.14
20:08:55     all    9.77    0.00    0.75    0.00    0.00    0.75    0.00    0.00    0.00   88.72
20:08:56     all    9.62    0.00    1.01    0.00    0.00    0.00    0.00    0.00    0.00   89.37
20:08:57     all    9.82    0.00    0.76    0.00    0.00    0.50    0.00    0.00    0.00   88.92
20:08:58     all    9.57    0.00    0.76    0.00    0.00    0.76    0.00    0.00    0.00   88.92
20:08:59     all    9.82    0.00    0.50    0.00    0.00    0.25    0.00    0.00    0.00   89.42
20:09:00     all    9.30    0.00    1.26    0.00    0.00    0.50    0.00    0.00    0.00   88.94
20:09:01     all    9.62    0.00    0.25    0.00    0.00    0.76    0.00    0.00    0.00   89.37
20:09:02     all    9.62    0.00    0.76    0.00    0.00    0.51    0.00    0.00    0.00   89.11
20:09:03     all    9.77    0.00    0.75    0.00    0.00    0.50    0.00    0.00    0.00   88.97
20:09:04     all   10.10    0.00    0.51    0.00    0.00    0.51    0.00    0.00    0.00   88.89
20:09:05     all   10.08    0.00    0.76    0.00    0.00    0.25    0.00    0.00    0.00   88.92
20:09:06     all    9.80    0.00    0.75    0.00    0.00    0.50    0.00    0.00    0.00   88.94
20:09:07     all    9.14    0.00    0.76    0.00    0.00    0.25    0.00    0.00    0.00   89.85
20:09:08     all    9.77    0.00    0.75    0.00    0.00    0.50    0.00    0.00    0.00   88.97
20:09:09     all   10.28    0.00    0.75    0.00    0.00    0.50    0.00    0.00    0.00   88.47
20:09:10     all    9.16    0.00    0.76    0.00    0.00    0.25    0.00    0.00    0.00   89.82
20:09:11     all    9.57    0.00    0.76    0.00    0.00    0.50    0.00    0.00    0.00   89.17
20:09:12     all    9.57    0.00    1.01    0.00    0.00    0.76    0.00    0.00    0.00   88.66
20:09:13     all    9.85    0.00    0.76    0.00    0.00    0.25    0.00    0.00    0.00   89.14
20:09:14     all   10.45    0.00    1.00    0.25    0.00    0.25    0.00    0.00    0.00   88.06
20:09:15     all    9.34    0.00    0.51    0.00    0.00    0.76    0.00    0.00    0.00   89.39
20:09:16     all    9.87    0.00    0.51    0.00    0.00    0.25    0.00    0.00    0.00   89.37
20:09:17     all    9.80    0.00    1.01    0.00    0.00    0.50    0.00    0.00    0.00   88.69
20:09:18     all    9.80    0.00    0.75    0.00    0.00    0.50    0.00    0.00    0.00   88.94
20:09:19     all    9.62    0.00    1.01    0.00    0.00    0.25    0.00    0.00    0.00   89.11
20:09:20     all    9.77    0.00    0.75    0.00    0.00    0.75    0.00    0.00    0.00   88.72
20:09:21     all    9.80    0.00    1.01    0.00    0.00    0.25    0.00    0.00    0.00   88.94
20:09:22     all    9.37    0.00    0.76    0.00    0.00    0.51    0.00    0.00    0.00   89.37
20:09:23     all    9.67    0.00    0.51    0.00    0.00    0.00    0.00    0.00    0.00   89.82
20:09:24     all    9.75    0.00    1.00    0.00    0.00    1.00    0.00    0.00    0.00   88.25
20:09:25     all    9.37    0.00    0.76    0.00    0.00    0.00    0.00    0.00    0.00   89.87
20:09:26     all    9.80    0.00    0.75    0.00    0.00    0.75    0.00    0.00    0.00   88.69
20:09:27     all   10.10    0.00    0.76    0.00    0.00    0.25    0.00    0.00    0.00   88.89
20:09:28     all    9.32    0.00    0.76    0.00    0.00    0.50    0.00    0.00    0.00   89.42
20:09:29     all    9.57    0.00    0.50    0.25    0.00    0.50    0.00    0.00    0.00   89.17
20:09:30     all    9.80    0.00    0.75    0.00    0.00    0.50    0.00    0.00    0.00   88.94
20:09:31     all    9.62    0.00    0.76    0.00    0.00    0.25    0.00    0.00    0.00   89.37
20:09:32     all    9.37    0.00    0.76    0.00    0.00    0.25    0.00    0.00    0.00   89.62
20:09:33     all    9.77    0.00    0.75    0.00    0.00    0.50    0.00    0.00    0.00   88.97
20:09:34     all   10.03    0.00    0.75    0.00    0.00    0.50    0.00    0.00    0.00   88.72
20:09:35     all    9.39    0.00    0.51    0.00    0.00    0.00    0.00    0.00    0.00   90.10
20:09:36     all   10.08    0.00    0.76    0.00    0.00    0.50    0.00    0.00    0.00   88.66
20:09:37     all    9.30    0.00    0.75    0.00    0.00    0.50    0.00    0.00    0.00   89.45
20:09:38     all    9.85    0.00    0.76    0.00    0.00    0.00    0.00    0.00    0.00   89.39
20:09:39     all    9.57    0.00    0.50    0.00    0.00    0.50    0.00    0.00    0.00   89.42
20:09:40     all    8.67    0.00    0.77    0.00    0.00    0.51    0.00    0.00    0.00   90.05
20:09:41     all    9.32    0.00    1.01    0.00    0.00    0.00    0.00    0.00    0.00   89.67
20:09:42     all    9.80    0.00    1.01    0.00    0.00    0.50    0.00    0.00    0.00   88.69
20:09:43     all    9.57    0.00    0.76    0.00    0.00    0.50    0.00    0.00    0.00   89.17
20:09:44     all   10.08    0.00    0.76    0.00    0.00    0.50    0.00    0.00    0.00   88.66
20:09:45     all    9.85    0.00    0.51    0.00    0.00    0.25    0.00    0.00    0.00   89.39
20:09:46     all   10.30    0.00    0.50    0.00    0.00    0.75    0.00    0.00    0.00   88.44
20:09:47     all    9.57    0.00    1.01    0.00    0.00    0.25    0.00    0.00    0.00   89.17
20:09:48     all    9.32    0.00    0.50    0.00    0.00    0.76    0.00    0.00    0.00   89.42
20:09:49     all    9.85    0.00    1.01    0.00    0.00    0.25    0.00    0.00    0.00   88.89
20:09:50     all    9.30    0.00    1.01    0.00    0.00    0.50    0.00    0.00    0.00   89.20
20:09:51     all    9.16    0.00    0.51    0.00    0.00    0.25    0.00    0.00    0.00   90.08
20:09:52     all    9.30    0.00    1.01    0.00    0.00    0.25    0.00    0.00    0.00   89.45
20:09:53     all    9.32    0.00    1.01    0.00    0.00    0.50    0.00    0.00    0.00   89.17
20:09:54     all    9.82    0.00    0.50    0.00    0.00    0.50    0.00    0.00    0.00   89.17
20:09:55     all    9.62    0.00    0.51    0.00    0.00    0.25    0.00    0.00    0.00   89.62
20:09:56     all    9.57    0.00    1.01    0.00    0.00    0.25    0.00    0.00    0.00   89.17
20:09:57     all    9.11    0.00    0.51    0.00    0.00    0.51    0.00    0.00    0.00   89.87
20:09:58     all    9.11    0.00    1.01    0.00    0.00    0.00    0.00    0.00    0.00   89.87
20:09:59     all   10.08    0.00    0.50    0.00    0.00    0.50    0.00    0.00    0.00   88.92
20:10:00     all    9.60    0.00    0.51    0.00    0.00    0.51    0.00    0.00    0.00   89.39
20:10:01     all    9.07    0.00    1.01    0.00    0.00    0.25    0.00    0.00    0.00   89.67
20:10:02     all    9.34    0.00    1.01    0.00    0.00    0.51    0.00    0.00    0.00   89.14
20:10:03     all    9.27    0.00    1.00    0.00    0.00    0.75    0.00    0.00    0.00   88.97
20:10:04     all   10.08    0.00    0.50    0.00    0.00    0.25    0.00    0.00    0.00   89.17
20:10:05     all    9.60    0.00    1.26    0.00    0.00    0.25    0.00    0.00    0.00   88.89
20:10:06     all    9.39    0.00    0.76    0.00    0.00    0.25    0.00    0.00    0.00   89.59
20:10:07     all   10.08    0.00    0.76    0.00    0.00    0.50    0.00    0.00    0.00   88.66
20:10:08     all    9.57    0.00    0.76    0.00    0.00    0.25    0.00    0.00    0.00   89.42
20:10:09     all   10.53    0.00    0.50    0.25    0.00    0.25    0.00    0.00    0.00   88.47
20:10:10     all    9.50    0.00    0.75    0.00    0.00    0.75    0.00    0.00    0.00   89.00
20:10:11     all    9.39    0.00    0.25    0.00    0.00    0.25    0.00    0.00    0.00   90.10
20:10:12     all    9.37    0.00    0.76    0.00    0.00    0.25    0.00    0.00    0.00   89.62
20:10:13     all   10.00    0.00    1.00    0.00    0.00    0.50    0.00    0.00    0.00   88.50
20:10:14     all    9.87    0.00    0.25    0.00    0.00    0.51    0.00    0.00    0.00   89.37
20:10:15     all    9.32    0.00    1.26    0.00    0.00    0.25    0.00    0.00    0.00   89.17
20:10:16     all    9.67    0.00    0.25    0.00    0.00    0.51    0.00    0.00    0.00   89.57
20:10:17     all    9.82    0.00    0.76    0.00    0.00    0.50    0.00    0.00    0.00   88.92
20:10:18     all    9.57    0.00    0.50    0.00    0.00    0.50    0.00    0.00    0.00   89.42
20:10:19     all    9.09    0.00    0.76    0.00    0.00    0.76    0.00    0.00    0.00   89.39
20:10:20     all   10.28    0.00    0.75    0.00    0.00    0.25    0.00    0.00    0.00   88.72
20:10:21     all    9.52    0.00    0.75    0.00    0.00    0.75    0.00    0.00    0.00   88.97
20:10:22     all    9.39    0.00    0.76    0.00    0.00    0.51    0.00    0.00    0.00   89.34
20:10:23     all    9.09    0.00    1.01    0.00    0.00    0.00    0.00    0.00    0.00   89.90
20:10:24     all    9.30    0.00    0.75    0.00    0.00    1.01    0.00    0.00    0.00   88.94
20:10:25     all    9.62    0.00    0.76    0.00    0.00    0.00    0.00    0.00    0.00   89.62
20:10:26     all    9.82    0.00    1.01    0.25    0.00    0.50    0.00    0.00    0.00   88.41
20:10:27     all   10.10    0.00    0.76    0.00    0.00    1.01    0.00    0.00    0.00   88.13
20:10:28     all    9.64    0.00    1.02    0.00    0.00    0.25    0.00    0.00    0.00   89.09
20:10:29     all   10.25    0.00    1.00    0.00    0.00    1.00    0.00    0.00    0.00   87.75
20:10:30     all    9.18    0.00    0.51    0.00    0.00    0.26    0.26    0.00    0.00   89.80
20:10:31     all    9.55    0.00    1.26    0.25    0.00    0.50    0.00    0.00    0.00   88.44
20:10:32     all   10.25    0.00    1.25    0.00    0.00    0.75    0.00    0.00    0.00   87.75
20:10:33     all    9.14    0.00    1.02    0.00    0.00    0.51    0.00    0.00    0.00   89.34
20:10:34     all    9.77    0.00    1.25    0.00    0.00    0.50    0.00    0.00    0.00   88.47
20:10:35     all    9.34    0.00    1.01    0.00    0.00    0.51    0.00    0.00    0.00   89.14
20:10:36     all    9.90    0.00    0.76    0.00    0.00    0.51    0.00    0.00    0.00   88.83
20:10:37     all   10.33    0.00    0.76    0.00    0.00    0.25    0.00    0.00    0.00   88.66
20:10:38     all    9.27    0.00    1.25    0.00    0.00    0.75    0.00    0.00    0.00   88.72
20:10:39     all    9.85    0.00    1.01    0.00    0.00    0.51    0.00    0.00    0.00   88.64
20:10:40     all    9.09    0.00    1.26    0.00    0.00    0.76    0.00    0.00    0.00   88.89
20:10:41     all    9.16    0.00    0.76    0.00    0.00    0.51    0.00    0.00    0.00   89.57
20:10:42     all    9.62    0.00    0.51    0.00    0.00    0.51    0.00    0.00    0.00   89.37
20:10:43     all    9.34    0.00    1.01    0.00    0.00    0.76    0.00    0.00    0.00   88.89
20:10:44     all   10.00    0.00    1.00    0.00    0.00    0.50    0.00    0.00    0.00   88.50
20:10:45     all    9.62    0.00    1.01    0.00    0.00    0.25    0.00    0.00    0.00   89.11
20:10:46     all    9.50    0.00    1.50    0.00    0.00    1.00    0.00    0.00    0.00   88.00
20:10:47     all    9.85    0.00    0.76    0.00    0.00    0.51    0.00    0.00    0.00   88.89
20:10:48     all   10.10    0.00    0.51    0.00    0.00    0.51    0.00    0.00    0.00   88.89
20:10:49     all    9.52    0.00    1.50    0.00    0.00    1.00    0.00    0.00    0.00   87.97
20:10:50     all   10.35    0.00    1.01    0.00    0.00    0.00    0.00    0.00    0.00   88.64
20:10:51     all   10.50    0.00    1.00    0.00    0.00    0.50    0.00    0.00    0.00   88.00
20:10:52     all    9.64    0.00    0.76    0.00    0.00    0.51    0.00    0.00    0.00   89.09
20:10:53     all    9.11    0.00    0.76    0.00    0.00    0.51    0.00    0.00    0.00   89.62
20:10:54     all   10.30    0.00    1.26    0.00    0.00    0.50    0.00    0.00    0.00   87.94
20:10:55     all    9.95    0.00    0.51    0.00    0.00    0.26    0.00    0.00    0.00   89.29
20:10:56     all    9.82    0.00    1.01    0.00    0.00    1.01    0.00    0.00    0.00   88.16
20:10:57     all    9.62    0.00    0.51    0.00    0.00    0.25    0.00    0.00    0.00   89.62
20:10:58     all    9.32    0.00    1.01    0.00    0.00    0.76    0.00    0.00    0.00   88.92
20:10:59     all   10.30    0.00    1.01    0.00    0.00    0.25    0.00    0.00    0.00   88.44
20:11:00     all    9.09    0.00    1.26    0.25    0.00    0.51    0.00    0.00    0.00   88.89
20:11:01     all    9.32    0.00    1.01    0.00    0.00    1.01    0.00    0.00    0.00   88.66
20:11:02     all    9.39    0.00    1.27    0.00    0.00    0.25    0.00    0.00    0.00   89.09
20:11:03     all   10.05    0.00    1.01    0.00    0.00    0.75    0.00    0.00    0.00   88.19
20:11:04     all    9.41    0.00    1.02    0.00    0.00    0.25    0.00    0.00    0.00   89.31
20:11:05     all   10.28    0.00    1.25    0.00    0.00    0.50    0.00    0.00    0.00   87.97
20:11:06     all    9.39    0.00    0.76    0.00    0.00    0.76    0.00    0.00    0.00   89.09
20:11:07     all   10.03    0.00    1.00    0.00    0.00    0.75    0.00    0.00    0.00   88.22
20:11:08     all    8.70    0.00    0.77    0.00    0.00    0.51    0.00    0.00    0.00   90.03
20:11:09     all    9.11    0.00    1.01    0.00    0.00    0.25    0.00    0.00    0.00   89.62
20:11:10     all   10.00    0.00    1.50    0.00    0.00    0.75    0.00    0.00    0.00   87.75
20:11:11     all    9.34    0.00    1.01    0.00    0.00    0.76    0.00    0.00    0.00   88.89
20:11:12     all    9.85    0.00    0.51    0.00    0.00    0.25    0.00    0.00    0.00   89.39
20:11:13     all    8.93    0.00    1.02    0.00    0.00    0.26    0.00    0.00    0.00   89.80
20:11:14     all    9.07    0.00    1.26    0.00    0.00    0.76    0.00    0.00    0.00   88.92
20:11:15     all    9.39    0.00    1.02    0.00    0.00    0.76    0.00    0.00    0.00   88.83
20:11:16     all   10.30    0.00    0.75    0.00    0.00    0.50    0.00    0.00    0.00   88.44
20:11:17     all    9.55    0.00    1.26    0.00    0.00    1.01    0.00    0.00    0.00   88.19
20:11:18     all    9.90    0.00    0.51    0.00    0.00    0.25    0.00    0.00    0.00   89.34
20:11:19     all    9.80    0.00    1.01    0.00    0.00    0.25    0.25    0.00    0.00   88.69
20:11:20     all    9.82    0.00    1.26    0.00    0.00    1.01    0.00    0.00    0.00   87.91
20:11:21     all    9.87    0.00    0.51    0.00    0.00    0.51    0.00    0.00    0.00   89.11
20:11:22     all    9.30    0.00    1.26    0.00    0.00    1.01    0.00    0.00    0.00   88.44
20:11:23     all   10.66    0.00    0.51    0.00    0.00    0.51    0.00    0.00    0.00   88.32
20:11:24     all    9.57    0.00    1.26    0.00    0.00    0.50    0.00    0.00    0.00   88.66
20:11:25     all    9.82    0.00    1.01    0.00    0.00    0.50    0.00    0.00    0.00   88.66
20:11:26     all    8.91    0.00    1.02    0.00    0.00    0.76    0.00    0.00    0.00   89.31
20:11:27     all    9.87    0.00    1.01    0.00    0.00    0.51    0.00    0.00    0.00   88.61
20:11:28     all   10.03    0.00    1.00    0.00    0.00    0.75    0.00    0.00    0.00   88.22
20:11:29     all    9.87    0.00    0.76    0.00    0.00    0.76    0.00    0.00    0.00   88.61
20:11:30     all    9.82    0.00    0.50    0.00    0.00    0.50    0.00    0.00    0.00   89.17
20:11:31     all    8.84    0.00    1.01    0.00    0.00    0.51    0.00    0.00    0.00   89.65
20:11:32     all    9.80    0.00    1.01    0.00    0.00    0.50    0.00    0.00    0.00   88.69
20:11:33     all    9.55    0.00    0.75    0.00    0.00    0.75    0.00    0.00    0.00   88.94
20:11:34     all    9.87    0.00    0.76    0.00    0.00    0.00    0.00    0.00    0.00   89.37
20:11:35     all    9.87    0.00    0.76    0.00    0.00    0.51    0.00    0.00    0.00   88.86
20:11:36     all    9.52    0.00    0.75    0.25    0.00    0.75    0.00    0.00    0.00   88.72
20:11:37     all   10.28    0.00    0.75    0.00    0.00    0.50    0.00    0.00    0.00   88.47
20:11:38     all    9.64    0.00    0.76    0.00    0.00    0.25    0.00    0.00    0.00   89.34
20:11:39     all    9.37    0.00    1.01    0.00    0.00    0.51    0.00    0.00    0.00   89.11
20:11:40     all    9.82    0.00    0.76    0.00    0.00    0.25    0.00    0.00    0.00   89.17
20:11:41     all    9.16    0.00    0.76    0.00    0.00    0.25    0.00    0.00    0.00   89.82
20:11:42     all   10.10    0.00    0.76    0.00    0.00    0.25    0.00    0.00    0.00   88.89
20:11:43     all   10.00    0.00    0.75    0.00    0.00    1.00    0.00    0.00    0.00   88.25
20:11:44     all    9.34    0.00    1.01    0.00    0.00    0.25    0.00    0.00    0.00   89.39
20:11:45     all   10.47    0.00    1.00    0.00    0.00    0.50    0.00    0.00    0.00   88.03
20:11:46     all    9.41    0.00    0.76    0.00    0.00    0.25    0.00    0.00    0.00   89.57
20:11:47     all    9.52    0.00    1.00    0.25    0.00    0.50    0.00    0.00    0.00   88.72
20:11:48     all   10.55    0.00    0.25    0.00    0.00    0.50    0.00    0.00    0.00   88.69
20:11:49     all    9.41    0.00    1.02    0.00    0.00    0.51    0.00    0.00    0.00   89.06
20:11:50     all   10.03    0.00    1.00    0.00    0.00    0.25    0.00    0.00    0.00   88.72
20:11:51     all    9.30    0.00    1.01    0.00    0.00    0.50    0.00    0.00    0.00   89.20
20:11:52     all    8.88    0.00    1.02    0.00    0.00    0.51    0.00    0.00    0.00   89.59
20:11:53     all    9.11    0.00    0.51    0.00    0.00    0.25    0.00    0.00    0.00   90.13
20:11:54     all    9.75    0.00    1.00    0.00    0.00    0.75    0.00    0.00    0.00   88.50
20:11:55     all    9.87    0.00    0.76    0.00    0.00    0.00    0.00    0.00    0.00   89.37
20:11:56     all    9.90    0.00    0.76    0.00    0.00    0.25    0.00    0.00    0.00   89.09
20:11:57     all    9.34    0.00    0.51    0.00    0.00    0.76    0.00    0.00    0.00   89.39
20:11:58     all    9.34    0.00    1.01    0.00    0.00    0.25    0.00    0.00    0.00   89.39
20:11:59     all   10.00    0.00    1.25    0.00    0.00    0.50    0.00    0.00    0.00   88.25
20:12:00     all   10.10    0.00    0.25    0.00    0.00    0.51    0.00    0.00    0.00   89.14
20:12:01     all    9.32    0.00    1.01    0.00    0.00    0.50    0.00    0.00    0.00   89.17
20:12:02     all    9.39    0.00    1.27    0.00    0.00    0.25    0.00    0.00    0.00   89.09
20:12:03     all   10.10    0.00    0.51    0.00    0.00    0.25    0.00    0.00    0.00   89.14
20:12:04     all    9.37    0.00    0.76    0.00    0.00    0.25    0.00    0.00    0.00   89.62
20:12:05     all   10.30    0.00    1.01    0.00    0.00    0.25    0.00    0.00    0.00   88.44
20:12:06     all   10.05    0.00    0.50    0.00    0.00    0.75    0.00    0.00    0.00   88.69
20:12:07     all   10.38    0.00    0.76    0.00    0.00    0.00    0.00    0.00    0.00   88.86
20:12:08     all    9.55    0.00    0.75    0.00    0.00    0.50    0.00    0.00    0.00   89.20
20:12:09     all    9.90    0.00    0.51    0.00    0.00    0.51    0.00    0.00    0.00   89.09
20:12:10     all   10.03    0.00    1.00    0.00    0.00    0.50    0.00    0.00    0.00   88.47
20:12:11     all    9.62    0.00    0.76    0.00    0.00    0.25    0.00    0.00    0.00   89.37
20:12:12     all    9.32    0.00    1.26    0.00    0.00    0.50    0.00    0.00    0.00   88.92
20:12:13     all    9.11    0.00    0.51    0.00    0.00    0.51    0.00    0.00    0.00   89.87
20:12:14     all   10.08    0.00    0.76    0.00    0.00    0.50    0.00    0.00    0.00   88.66
20:12:15     all    9.85    0.00    1.01    0.00    0.00    0.25    0.00    0.00    0.00   88.89
20:12:16     all    9.37    0.00    0.51    0.00    0.00    0.51    0.00    0.00    0.00   89.62
20:12:17     all   10.05    0.00    0.50    0.25    0.00    0.50    0.00    0.00    0.00   88.69
20:12:18     all    9.32    0.00    1.01    0.00    0.00    0.50    0.00    0.00    0.00   89.17
20:12:19     all    9.55    0.00    0.75    0.00    0.00    0.50    0.00    0.00    0.00   89.20
20:12:20     all    9.60    0.00    1.01    0.00    0.00    0.51    0.00    0.00    0.00   88.89
20:12:21     all    9.85    0.00    0.76    0.00    0.00    0.00    0.00    0.00    0.00   89.39
20:12:22     all    9.37    0.00    0.76    0.00    0.00    0.76    0.00    0.00    0.00   89.11
20:12:23     all   10.10    0.00    0.51    0.00    0.00    0.25    0.00    0.00    0.00   89.14
20:12:24     all    9.52    0.00    1.00    0.00    0.00    0.75    0.00    0.00    0.00   88.72
20:12:25     all   10.50    0.00    0.75    0.00    0.00    0.50    0.00    0.00    0.00   88.25
20:12:26     all    9.60    0.00    0.76    0.00    0.00    0.51    0.00    0.00    0.00   89.14
20:12:27     all   10.03    0.00    1.00    0.00    0.00    0.50    0.00    0.00    0.00   88.47
20:12:28     all    9.39    0.00    0.76    0.00    0.00    0.51    0.00    0.00    0.00   89.34
20:12:29     all    9.34    0.00    1.01    0.00    0.00    0.76    0.00    0.00    0.00   88.89
20:12:30     all   10.08    0.00    1.26    0.00    0.00    0.25    0.00    0.00    0.00   88.41
20:12:31     all    9.67    0.00    0.76    0.00    0.00    0.00    0.00    0.00    0.00   89.57
20:12:32     all   10.38    0.00    0.25    0.00    0.00    0.51    0.00    0.00    0.00   88.86
20:12:33     all   10.33    0.00    1.26    0.00    0.00    0.25    0.00    0.00    0.00   88.16
20:12:34     all    9.85    0.00    0.76    0.00    0.00    0.00    0.00    0.00    0.00   89.39
20:12:35     all   10.55    0.00    0.50    0.00    0.00    0.50    0.00    0.00    0.00   88.44
20:12:36     all    9.80    0.00    1.01    0.00    0.00    0.75    0.00    0.00    0.00   88.44
20:12:37     all   10.58    0.00    0.76    0.00    0.00    0.00    0.00    0.00    0.00   88.66
20:12:38     all    9.90    0.00    0.76    0.00    0.00    0.00    0.00    0.00    0.00   89.34
20:12:39     all   10.25    0.00    0.75    0.00    0.00    1.00    0.00    0.00    0.00   88.00
20:12:40     all    9.82    0.00    0.76    0.00    0.00    0.50    0.00    0.00    0.00   88.92
20:12:41     all   10.30    0.00    0.75    0.00    0.00    0.50    0.00    0.00    0.00   88.44
20:12:42     all   10.13    0.00    1.01    0.00    0.00    0.00    0.00    0.00    0.00   88.86
20:12:43     all   10.03    0.00    1.00    0.00    0.00    0.50    0.00    0.00    0.00   88.47
20:12:44     all   10.10    0.00    0.76    0.00    0.00    0.76    0.00    0.00    0.00   88.38
20:12:45     all   10.10    0.00    0.76    0.00    0.00    0.25    0.00    0.00    0.00   88.89
20:12:46     all    9.87    0.00    0.51    0.00    0.00    0.51    0.00    0.00    0.00   89.11
20:12:47     all   10.35    0.00    0.51    0.00    0.00    0.76    0.00    0.00    0.00   88.38
20:12:48     all   10.33    0.00    0.76    0.25    0.00    0.25    0.00    0.00    0.00   88.41
20:12:49     all   10.28    0.00    1.00    0.00    0.00    0.25    0.00    0.00    0.00   88.47
20:12:50     all   10.75    0.00    0.50    0.00    0.00    0.50    0.00    0.00    0.00   88.25
20:12:51     all    9.41    0.00    1.02    0.00    0.00    0.25    0.00    0.00    0.00   89.31
20:12:52     all    9.80    0.00    1.01    0.00    0.00    0.50    0.00    0.00    0.00   88.69
20:12:53     all    9.85    0.00    0.51    0.00    0.00    0.76    0.00    0.00    0.00   88.89
20:12:54     all   10.08    0.00    1.01    0.00    0.00    0.25    0.00    0.00    0.00   88.66
20:12:55     all    9.57    0.00    0.76    0.00    0.00    0.76    0.00    0.00    0.00   88.92
20:12:56     all   10.10    0.00    0.76    0.00    0.00    0.25    0.00    0.00    0.00   88.89
20:12:57     all   10.00    0.00    1.50    0.00    0.00    0.50    0.00    0.00    0.00   88.00
20:12:58     all   10.15    0.00    0.51    0.00    0.00    0.25    0.00    0.00    0.00   89.09
20:12:59     all   10.03    0.00    0.75    0.00    0.00    0.50    0.00    0.00    0.00   88.72
20:13:00     all    9.87    0.00    1.27    0.00    0.00    0.00    0.00    0.00    0.00   88.86
20:13:01     all    9.77    0.00    1.25    0.00    0.00    0.75    0.00    0.00    0.00   88.22
20:13:02     all   10.08    0.00    0.76    0.00    0.00    0.50    0.00    0.00    0.00   88.66
20:13:03     all   10.86    0.00    0.51    0.25    0.00    0.25    0.00    0.00    0.00   88.13
20:13:04     all    9.30    0.00    1.01    0.00    0.00    0.75    0.00    0.00    0.00   88.94
20:13:05     all   10.10    0.00    0.76    0.00    0.00    0.25    0.00    0.00    0.00   88.89
20:13:06     all    9.39    0.00    0.51    0.00    0.00    0.76    0.00    0.00    0.00   89.34
20:13:07     all    9.16    0.00    0.76    0.00    0.00    0.25    0.00    0.00    0.00   89.82
20:13:08     all    9.82    0.00    1.01    0.00    0.00    0.50    0.00    0.00    0.00   88.66
20:13:09     all   10.47    0.00    1.00    0.00    0.00    0.25    0.00    0.00    0.00   88.28
20:13:10     all   10.33    0.00    0.50    0.00    0.00    0.50    0.00    0.00    0.00   88.66
20:13:11     all   10.03    0.00    1.00    0.00    0.00    0.50    0.00    0.00    0.00   88.47
20:13:12     all   10.13    0.00    0.76    0.00    0.00    0.25    0.00    0.00    0.00   88.86
20:13:13     all   10.15    0.00    0.76    0.00    0.00    0.00    0.00    0.00    0.00   89.09
20:13:14     all   10.25    0.00    1.00    0.00    0.00    0.75    0.00    0.00    0.00   88.00
20:13:15     all   10.08    0.00    1.01    0.00    0.00    0.50    0.00    0.00    0.00   88.41
20:13:16     all    9.67    0.00    0.76    0.00    0.00    0.00    0.00    0.00    0.00   89.57
20:13:17     all   10.03    0.00    1.00    0.00    0.00    1.00    0.00    0.00    0.00   87.97
20:13:18     all    9.87    0.00    0.76    0.00    0.00    0.00    0.00    0.00    0.00   89.37
20:13:19     all   10.38    0.00    0.25    0.00    0.00    0.51    0.00    0.00    0.00   88.86
20:13:20     all   10.30    0.00    1.26    0.00    0.00    0.25    0.00    0.00    0.00   88.19
20:13:21     all   10.58    0.00    0.50    0.00    0.00    0.00    0.00    0.00    0.00   88.92
20:13:22     all    9.80    0.00    1.01    0.00    0.00    0.75    0.00    0.00    0.00   88.44
20:13:23     all   10.46    0.00    0.00    0.00    0.00    0.51    0.00    0.00    0.00   89.03
20:13:24     all   10.20    0.00    1.24    0.00    0.00    0.75    0.00    0.00    0.00   87.81
20:13:25     all    9.44    0.00    0.77    0.00    0.00    0.00    0.00    0.00    0.00   89.80
20:13:26     all   10.10    0.00    0.51    0.00    0.00    0.76    0.00    0.00    0.00   88.64
20:13:27     all   10.75    0.00    1.00    0.00    0.00    0.00    0.00    0.00    0.00   88.25
20:13:28     all    9.39    0.00    0.76    0.00    0.00    0.51    0.00    0.00    0.00   89.34
20:13:29     all    9.90    0.00    0.76    0.00    0.00    0.25    0.00    0.00    0.00   89.09
20:13:30     all    9.60    0.00    1.01    0.00    0.00    0.51    0.00    0.00    0.00   88.89
20:13:31     all   10.15    0.00    1.02    0.00    0.00    0.25    0.00    0.00    0.00   88.58
20:13:32     all   10.10    0.00    0.51    0.00    0.00    0.51    0.00    0.00    0.00   88.89
20:13:33     all   10.05    0.00    1.01    0.00    0.00    0.25    0.00    0.00    0.00   88.69
20:13:34     all   10.75    0.00    1.00    0.00    0.00    0.50    0.00    0.00    0.00   87.75
20:13:35     all   10.08    0.00    0.50    0.00    0.00    0.76    0.00    0.00    0.00   88.66
20:13:36     all   10.38    0.00    0.76    0.00    0.00    0.25    0.00    0.00    0.00   88.61
20:13:37     all   10.05    0.00    0.75    0.00    0.00    0.75    0.00    0.00    0.00   88.44
20:13:38     all   10.08    0.00    1.01    0.00    0.00    0.25    0.00    0.00    0.00   88.66
20:13:39     all   10.75    0.00    0.75    0.00    0.00    0.75    0.00    0.00    0.00   87.75
20:13:40     all    9.41    0.00    0.76    0.00    0.00    0.25    0.00    0.00    0.00   89.57
20:13:41     all   10.10    0.00    0.76    0.00    0.00    0.51    0.00    0.00    0.00   88.64
20:13:42     all   10.33    0.00    1.01    0.00    0.00    0.25    0.00    0.00    0.00   88.41
20:13:43     all   10.03    0.00    0.75    0.00    0.00    0.75    0.00    0.00    0.00   88.47
20:13:44     all    9.87    0.00    0.51    0.00    0.00    0.25    0.00    0.00    0.00   89.37
20:13:45     all   10.53    0.00    0.75    0.00    0.00    0.75    0.00    0.00    0.00   87.97
20:13:46     all   10.18    0.00    0.51    0.00    0.00    0.00    0.00    0.00    0.00   89.31
20:13:47     all   10.25    0.00    0.75    0.00    0.00    0.75    0.00    0.00    0.00   88.25
20:13:48     all   10.18    0.00    0.76    0.00    0.00    0.00    0.00    0.00    0.00   89.06
20:13:49     all    9.82    0.00    1.01    0.00    0.00    0.76    0.00    0.00    0.00   88.41
20:13:50     all   10.50    0.00    1.00    0.00    0.00    0.50    0.00    0.00    0.00   88.00
20:13:51     all    9.62    0.00    0.76    0.00    0.00    0.51    0.00    0.00    0.00   89.11
20:13:52     all   10.61    0.00    0.76    0.00    0.00    0.00    0.00    0.00    0.00   88.64
20:13:53     all   10.28    0.00    0.50    0.00    0.00    0.75    0.00    0.00    0.00   88.47
20:13:54     all   10.38    0.00    0.51    0.00    0.00    0.25    0.00    0.00    0.00   88.86
20:13:55     all   10.70    0.00    1.00    0.00    0.00    0.50    0.00    0.00    0.00   87.81
20:13:56     all    9.90    0.00    0.76    0.00    0.00    0.25    0.00    0.00    0.00   89.09
20:13:57     all    9.60    0.00    1.26    0.00    0.00    0.51    0.00    0.00    0.00   88.64
20:13:58     all   10.30    0.00    0.25    0.00    0.00    0.75    0.00    0.00    0.00   88.69
20:13:59     all   10.55    0.00    1.01    0.00    0.00    0.25    0.00    0.00    0.00   88.19
20:14:00     all   10.30    0.00    1.01    0.25    0.00    0.25    0.00    0.00    0.00   88.19
20:14:01     all   11.03    0.00    0.75    0.00    0.00    0.25    0.00    0.00    0.00   87.97
20:14:02     all   11.00    0.00    0.50    0.00    0.00    1.00    0.00    0.00    0.00   87.50
20:14:03     all    9.64    0.00    1.27    0.00    0.00    0.00    0.00    0.00    0.00   89.09
20:14:04     all   10.30    0.00    1.01    0.00    0.00    0.25    0.00    0.00    0.00   88.44
20:14:05     all    9.62    0.00    0.76    0.25    0.00    0.51    0.00    0.00    0.00   88.86
20:14:06     all    9.67    0.00    1.02    0.00    0.00    0.00    0.00    0.00    0.00   89.31
20:14:07     all   10.30    0.00    0.75    0.00    0.00    0.50    0.00    0.00    0.00   88.44
20:14:08     all   10.35    0.00    0.76    0.00    0.00    0.25    0.00    0.00    0.00   88.64
20:14:09     all    9.82    0.00    0.76    0.00    0.00    0.50    0.00    0.00    0.00   88.92
20:14:10     all   10.53    0.00    1.00    0.00    0.00    0.50    0.00    0.00    0.00   87.97
20:14:11     all    9.92    0.00    0.51    0.00    0.00    0.00    0.00    0.00    0.00   89.57
20:14:12     all   10.05    0.00    1.01    0.00    0.00    0.25    0.00    0.00    0.00   88.69
20:14:13     all    9.60    0.00    0.51    0.00    0.00    1.01    0.00    0.00    0.00   88.89
20:14:14     all   10.61    0.00    0.76    0.00    0.00    0.00    0.00    0.00    0.00   88.64
20:14:15     all    9.57    0.00    1.26    0.00    0.00    0.76    0.00    0.00    0.00   88.41
20:14:16     all   10.80    0.00    0.50    0.00    0.00    0.50    0.00    0.00    0.00   88.19
20:14:17     all   10.33    0.00    0.76    0.00    0.00    0.25    0.00    0.00    0.00   88.66
20:14:18     all   10.08    0.00    0.76    0.00    0.00    0.50    0.00    0.00    0.00   88.66
20:14:19     all   10.05    0.00    1.26    0.00    0.00    0.00    0.00    0.00    0.00   88.69
20:14:20     all   10.58    0.00    0.50    0.00    0.00    1.01    0.00    0.00    0.00   87.91
20:14:21     all   10.30    0.00    0.75    0.00    0.00    0.25    0.00    0.00    0.00   88.69
20:14:22     all    9.90    0.00    1.02    0.00    0.00    0.25    0.00    0.00    0.00   88.83
20:14:23     all   10.30    0.00    1.01    0.00    0.00    0.50    0.00    0.00    0.00   88.19
20:14:24     all    9.85    0.00    1.01    0.00    0.00    0.51    0.00    0.00    0.00   88.64
20:14:25     all   10.61    0.00    0.25    0.00    0.00    0.25    0.00    0.00    0.00   88.89
20:14:26     all    9.30    0.00    1.26    0.00    0.00    0.75    0.00    0.00    0.00   88.69
20:14:27     all   10.61    0.00    1.26    0.00    0.00    0.51    0.00    0.00    0.00   87.63
20:14:28     all   10.13    0.00    0.51    0.00    0.00    0.25    0.00    0.00    0.00   89.11
20:14:29     all    9.87    0.00    0.76    0.00    0.00    0.51    0.00    0.00    0.00   88.86
20:14:30     all   10.53    0.00    1.00    0.00    0.00    0.50    0.00    0.00    0.00   87.97
20:14:31     all   10.10    0.00    1.01    0.00    0.00    0.76    0.00    0.00    0.00   88.13
20:14:32     all   10.38    0.00    0.76    0.00    0.00    0.25    0.00    0.00    0.00   88.61
20:14:33     all   11.06    0.00    1.01    0.00    0.00    0.50    0.00    0.00    0.00   87.44
20:14:34     all   10.05    0.00    1.01    0.00    0.00    0.25    0.00    0.00    0.00   88.69
20:14:35     all   10.15    0.00    0.51    0.00    0.00    0.51    0.00    0.00    0.00   88.83
20:14:36     all   10.35    0.00    0.76    0.00    0.00    0.51    0.00    0.00    0.00   88.38
20:14:37     all   10.05    0.00    1.01    0.00    0.00    0.50    0.00    0.00    0.00   88.44
20:14:38     all    9.41    0.00    0.76    0.00    0.00    0.76    0.00    0.00    0.00   89.06
20:14:39     all    9.62    0.00    1.27    0.00    0.00    0.00    0.00    0.00    0.00   89.11
20:14:40     all    9.57    0.00    0.76    0.00    0.00    1.01    0.00    0.00    0.00   88.66
20:14:41     all    9.75    0.00    1.25    0.00    0.00    0.75    0.00    0.00    0.00   88.25
20:14:42     all    8.91    0.00    1.02    0.00    0.00    0.51    0.00    0.00    0.00   89.57
20:14:43     all    9.39    0.00    0.76    0.00    0.00    0.51    0.00    0.00    0.00   89.34
20:14:44     all   10.10    0.00    0.76    0.00    0.00    0.51    0.00    0.00    0.00   88.64
20:14:45     all   10.75    0.00    1.00    0.00    0.00    0.25    0.00    0.00    0.00   88.00
20:14:46     all    9.90    0.00    0.76    0.00    0.00    0.51    0.00    0.00    0.00   88.83
20:14:47     all   10.10    0.00    0.76    0.00    0.00    0.51    0.00    0.00    0.00   88.64
20:14:48     all    9.16    0.00    0.76    0.00    0.00    0.51    0.00    0.00    0.00   89.57
20:14:49     all    9.85    0.00    0.76    0.00    0.00    0.51    0.00    0.00    0.00   88.89
20:14:50     all    9.62    0.00    1.01    0.00    0.00    0.25    0.00    0.00    0.00   89.11
20:14:51     all   10.53    0.00    0.75    0.00    0.00    0.50    0.00    0.00    0.00   88.22
20:14:52     all    9.85    0.00    1.01    0.00    0.00    0.25    0.00    0.00    0.00   88.89
20:14:53     all    8.67    0.00    1.02    0.00    0.00    0.77    0.00    0.00    0.00   89.54
20:14:54     all   10.80    0.00    0.75    0.00    0.00    0.25    0.00    0.00    0.00   88.19
20:14:55     all   10.05    0.00    1.01    0.00    0.00    0.75    0.00    0.00    0.00   88.19
20:14:56     all   10.58    0.00    0.76    0.00    0.00    0.25    0.00    0.00    0.00   88.41
20:14:57     all   10.35    0.00    0.51    0.00    0.00    0.25    0.00    0.00    0.00   88.89
20:14:58     all   10.25    0.00    1.00    0.00    0.00    0.75    0.00    0.00    0.00   88.00
20:14:59     all   10.30    0.00    1.01    0.00    0.00    0.50    0.00    0.00    0.00   88.19
20:15:00     all   10.53    0.00    0.75    0.00    0.00    0.25    0.00    0.00    0.00   88.47
20:15:01     all    9.37    0.00    1.01    0.51    0.00    0.51    0.00    0.00    0.00   88.61
20:15:02     all    9.32    0.00    1.01    0.00    0.00    0.76    0.00    0.00    0.00   88.92
20:15:03     all    9.82    0.00    1.01    0.00    0.00    0.50    0.00    0.00    0.00   88.66
20:15:04     all    9.62    0.00    0.76    0.00    0.00    0.25    0.00    0.00    0.00   89.37
20:15:05     all   10.05    0.00    0.75    0.00    0.00    0.50    0.00    0.00    0.00   88.69
20:15:06     all    9.52    0.00    1.00    0.25    0.00    0.50    0.00    0.00    0.00   88.72
20:15:07     all    9.60    0.00    1.01    0.00    0.00    0.25    0.00    0.00    0.00   89.14
20:15:08     all    9.52    0.00    1.00    0.00    0.00    1.00    0.00    0.00    0.00   88.47
20:15:09     all   10.58    0.00    1.01    0.00    0.00    0.25    0.00    0.00    0.00   88.16
20:15:10     all   10.13    0.00    0.51    0.00    0.00    0.00    0.00    0.00    0.00   89.37
20:15:11     all   10.25    0.00    1.00    0.00    0.00    0.75    0.00    0.00    0.00   88.00
20:15:12     all    9.85    0.00    1.01    0.00    0.00    0.51    0.00    0.00    0.00   88.64
20:15:13     all    9.62    0.00    0.76    0.00    0.00    0.00    0.00    0.00    0.00   89.62
20:15:14     all   10.33    0.00    1.01    0.00    0.00    0.50    0.00    0.00    0.00   88.16
20:15:15     all    9.09    0.00    0.76    0.00    0.00    0.76    0.00    0.00    0.00   89.39
20:15:16     all    9.92    0.00    0.76    0.00    0.00    0.25    0.00    0.00    0.00   89.06
20:15:17     all    9.85    0.00    1.01    0.00    0.00    0.25    0.00    0.00    0.00   88.89
20:15:18     all    9.77    0.00    1.00    0.00    0.00    0.75    0.00    0.00    0.00   88.47
20:15:19     all    9.18    0.00    1.28    0.00    0.00    0.26    0.00    0.00    0.00   89.29
20:15:20     all   10.95    0.00    1.00    0.00    0.00    0.25    0.00    0.00    0.00   87.81
20:15:21     all    9.90    0.00    0.25    0.00    0.00    0.51    0.00    0.00    0.00   89.34
20:15:22     all   10.25    0.00    1.00    0.00    0.00    1.00    0.00    0.00    0.00   87.75
20:15:23     all   10.35    0.00    0.51    0.00    0.00    0.25    0.00    0.00    0.00   88.89
20:15:24     all    9.92    0.00    0.76    0.25    0.00    0.25    0.00    0.00    0.00   88.80
20:15:25     all   10.22    0.00    1.25    0.00    0.00    0.75    0.00    0.00    0.00   87.78
20:15:26     all   10.38    0.00    0.76    0.00    0.00    0.25    0.00    0.00    0.00   88.61
20:15:27     all    9.77    0.00    1.25    0.00    0.00    1.00    0.00    0.00    0.00   87.97
20:15:28     all   10.78    0.00    0.75    0.00    0.00    0.50    0.00    0.00    0.00   87.97
20:15:29     all    9.87    0.00    0.76    0.00    0.00    0.51    0.00    0.00    0.00   88.86
20:15:30     all   10.55    0.00    0.50    0.00    0.00    0.75    0.00    0.00    0.00   88.19
20:15:31     all   10.15    0.00    0.51    0.00    0.00    0.51    0.00    0.00    0.00   88.83
20:15:32     all    9.82    0.00    1.26    0.00    0.00    0.25    0.00    0.00    0.00   88.66
20:15:33     all    9.85    0.00    1.01    0.00    0.00    0.51    0.00    0.00    0.00   88.64
20:15:34     all    9.16    0.00    1.02    0.00    0.00    0.51    0.00    0.00    0.00   89.31
20:15:35     all    9.85    0.00    1.01    0.00    0.00    0.51    0.00    0.00    0.00   88.64
20:15:36     all    9.85    0.00    0.76    0.00    0.00    0.25    0.00    0.00    0.00   89.14
20:15:37     all    9.52    0.00    1.25    0.00    0.00    0.50    0.00    0.00    0.00   88.72
20:15:38     all    9.62    0.00    0.51    0.00    0.00    0.51    0.00    0.00    0.00   89.37
20:15:39     all    9.87    0.00    1.01    0.00    0.00    0.25    0.00    0.00    0.00   88.86
20:15:40     all    9.82    0.00    1.26    0.00    0.00    0.76    0.00    0.00    0.00   88.16
20:15:41     all    9.60    0.00    0.76    0.00    0.00    0.51    0.00    0.00    0.00   89.14
20:15:42     all    8.08    0.00    1.01    0.00    0.00    0.51    0.00    0.00    0.00   90.40
20:15:43     all    8.59    0.00    0.76    0.00    0.00    0.25    0.00    0.00    0.00   90.40
20:15:44     all    8.08    0.00    0.76    0.00    0.00    0.76    0.00    0.00    0.00   90.40
20:15:45     all    7.29    0.00    1.01    0.00    0.00    0.00    0.00    0.00    0.00   91.71
20:15:46     all    6.53    0.00    1.01    0.00    0.00    0.50    0.00    0.00    0.00   91.96
20:15:47     all    5.30    0.00    0.00    0.00    0.00    0.00    0.00    0.00    0.00   94.70
20:15:48     all    5.50    0.00    0.75    0.00    0.00    0.25    0.00    0.00    0.00   93.50
20:15:49     all    3.80    0.00    0.25    0.00    0.00    0.00    0.00    0.00    0.00   95.95
20:15:50     all    3.78    0.00    0.50    0.00    0.00    0.25    0.00    0.00    0.00   95.47
20:15:51     all    3.01    0.00    0.25    0.00    0.00    0.25    0.00    0.00    0.00   96.49
20:15:52     all    2.53    0.00    0.25    0.00    0.00    0.00    0.00    0.00    0.00   97.22
20:15:53     all    3.24    0.00    0.25    0.00    0.00    0.25    0.00    0.00    0.00   96.26
20:15:54     all    2.25    0.00    0.50    0.00    0.00    0.00    0.00    0.00    0.00   97.25
20:15:55     all    1.25    0.00    0.00    0.00    0.00    0.25    0.00    0.00    0.00   98.50
20:15:56     all    1.01    0.00    0.00    0.00    0.00    0.00    0.00    0.00    0.00   98.99
20:15:57     all    0.50    0.00    0.00    0.00    0.00    0.00    0.00    0.00    0.00   99.50
20:15:58     all    0.50    0.00    0.25    0.00    0.00    0.00    0.00    0.00    0.00   99.25
20:15:59     all    0.50    0.00    0.00    0.00    0.00    0.00    0.00    0.00    0.00   99.50
20:16:00     all    0.75    0.00    0.00    0.00    0.00    0.00    0.00    0.00    0.00   99.25
20:16:01     all    6.12    0.00    0.77    0.00    0.00    0.26    0.00    0.00    0.00   92.86
20:16:02     all    6.60    0.00    1.02    0.00    0.00    1.02    0.00    0.00    0.00   91.37
20:16:03     all    7.38    0.00    0.76    0.25    0.00    0.76    0.00    0.00    0.00   90.84
20:16:04     all    6.53    0.00    1.51    0.00    0.00    1.01    0.00    0.00    0.00   90.95
20:16:05     all    6.62    0.00    0.76    0.00    0.00    1.02    0.00    0.00    0.00   91.60
20:16:06     all    8.06    0.00    1.01    0.00    0.00    0.76    0.00    0.00    0.00   90.18
20:16:07     all    7.30    0.00    0.76    0.00    0.00    1.01    0.00    0.00    0.00   90.93
20:16:08     all    6.15    0.00    1.03    0.00    0.00    0.51    0.00    0.00    0.00   92.31
20:16:09     all    7.29    0.00    1.26    0.00    0.00    1.51    0.00    0.00    0.00   89.95
20:16:10     all    6.36    0.00    1.02    0.00    0.00    0.51    0.00    0.00    0.00   92.11
20:16:11     all    7.09    0.00    0.51    0.00    0.00    1.01    0.00    0.00    0.00   91.39
20:16:12     all    7.34    0.00    1.27    0.00    0.00    0.76    0.00    0.00    0.00   90.63
20:16:13     all    6.14    0.00    0.51    0.00    0.00    1.02    0.00    0.00    0.00   92.33
20:16:14     all    8.02    0.00    1.00    0.00    0.00    1.25    0.00    0.00    0.00   89.72
20:16:15     all    7.79    0.00    1.26    0.00    0.00    1.26    0.00    0.00    0.00   89.70
20:16:16     all    7.42    0.00    0.77    0.00    0.00    0.00    0.00    0.00    0.00   91.82
20:16:17     all    6.89    0.00    0.77    0.00    0.00    1.28    0.00    0.00    0.00   91.07
20:16:18     all    7.56    0.00    1.26    0.00    0.00    1.01    0.00    0.00    0.00   90.18
20:16:19     all    6.14    0.00    1.02    0.00    0.00    0.51    0.00    0.00    0.00   92.33
20:16:20     all    7.85    0.00    1.01    0.00    0.00    1.01    0.00    0.00    0.00   90.13
20:16:21     all    6.60    0.00    0.76    0.00    0.00    1.02    0.00    0.00    0.00   91.62
20:16:22     all    7.02    0.00    2.01    0.00    0.00    0.75    0.00    0.00    0.00   90.23
20:16:23     all    7.58    0.00    0.76    0.00    0.00    1.52    0.00    0.00    0.00   90.15
20:16:24     all    7.12    0.00    0.76    0.00    0.00    1.02    0.00    0.00    0.00   91.09
20:16:25     all    7.58    0.00    1.26    0.00    0.00    1.01    0.00    0.00    0.00   90.15
20:16:26     all    5.85    0.00    1.02    0.00    0.00    1.02    0.00    0.00    0.00   92.11
20:16:27     all    6.89    0.00    0.51    0.00    0.00    0.77    0.00    0.00    0.00   91.84
20:16:28     all    7.75    0.00    1.25    0.00    0.00    1.25    0.00    0.00    0.00   89.75
20:16:29     all    6.33    0.00    1.01    0.00    0.00    1.01    0.00    0.00    0.00   91.65
20:16:30     all    7.34    0.00    1.27    0.00    0.00    1.01    0.00    0.00    0.00   90.38
20:16:31     all    7.04    0.00    1.26    0.00    0.00    1.01    0.00    0.00    0.00   90.70
20:16:32     all    7.34    0.00    1.01    0.00    0.00    0.51    0.00    0.00    0.00   91.14
20:16:33     all    6.80    0.00    1.01    0.25    0.00    1.01    0.00    0.00    0.00   90.93
20:16:34     all    6.89    0.00    0.77    0.00    0.00    0.51    0.00    0.00    0.00   91.84
20:16:35     all    7.27    0.00    1.25    0.00    0.00    0.75    0.00    0.00    0.00   90.73
20:16:36     all    6.85    0.00    1.02    0.00    0.00    0.51    0.00    0.00    0.00   91.62
20:16:37     all    6.62    0.00    0.51    0.00    0.00    0.76    0.00    0.00    0.00   92.11
20:16:38     all    6.85    0.00    0.76    0.00    0.00    0.51    0.00    0.00    0.00   91.88
20:16:39     all    7.58    0.00    0.76    0.00    0.00    0.51    0.00    0.00    0.00   91.16
20:16:40     all    6.57    0.00    0.76    0.00    0.00    1.01    0.00    0.00    0.00   91.67
20:16:41     all    7.32    0.00    0.76    0.00    0.00    0.25    0.00    0.00    0.00   91.67
20:16:42     all    6.63    0.00    0.77    0.00    0.00    0.26    0.00    0.00    0.00   92.35
20:16:43     all    6.57    0.00    1.01    0.00    0.00    0.76    0.00    0.00    0.00   91.67
20:16:44     all    6.85    0.00    0.25    0.00    0.00    0.51    0.00    0.00    0.00   92.39
20:16:45     all    6.77    0.00    1.00    0.00    0.00    1.00    0.00    0.00    0.00   91.23
20:16:46     all    6.38    0.00    0.77    0.00    0.00    0.26    0.00    0.00    0.00   92.60
20:16:47     all    6.82    0.00    0.76    0.00    0.00    0.51    0.00    0.00    0.00   91.92
20:16:48     all    6.87    0.00    0.76    0.00    0.00    0.51    0.00    0.00    0.00   91.86
20:16:49     all    7.11    0.00    0.76    0.00    0.00    0.25    0.00    0.00    0.00   91.88
20:16:50     all    6.87    0.00    0.51    0.00    0.00    1.02    0.00    0.00    0.00   91.60
20:16:51     all    6.58    0.00    1.01    0.00    0.00    0.00    0.00    0.00    0.00   92.41
20:16:52     all    7.30    0.00    0.50    0.00    0.00    0.76    0.00    0.00    0.00   91.44
20:16:53     all    6.62    0.00    0.76    0.00    0.00    0.51    0.00    0.00    0.00   92.11
20:16:54     all    6.57    0.00    1.01    0.00    0.00    0.51    0.00    0.00    0.00   91.92
20:16:55     all    7.32    0.00    0.51    0.00    0.00    0.25    0.00    0.00    0.00   91.92
20:16:56     all    6.62    0.00    0.76    0.00    0.00    0.76    0.00    0.00    0.00   91.86
20:16:57     all    7.07    0.00    0.76    0.00    0.00    0.51    0.00    0.00    0.00   91.67
20:16:58     all    6.84    0.00    0.76    0.00    0.00    0.76    0.00    0.00    0.00   91.65
20:16:59     all    6.89    0.00    0.77    0.00    0.00    0.00    0.00    0.00    0.00   92.35
20:17:00     all    6.50    0.00    1.25    0.00    0.00    1.00    0.00    0.00    0.00   91.25
20:17:01     all    7.81    0.00    1.01    0.00    0.00    0.50    0.00    0.00    0.00   90.68
20:17:02     all    6.84    0.00    0.51    0.00    0.00    1.01    0.00    0.00    0.00   91.65
20:17:03     all    6.36    0.00    0.76    0.00    0.00    0.51    0.00    0.00    0.00   92.37
20:17:04     all    7.58    0.00    0.51    0.00    0.00    0.51    0.00    0.00    0.00   91.41
20:17:05     all    6.58    0.00    1.01    0.00    0.00    0.51    0.00    0.00    0.00   91.90
20:17:06     all    7.12    0.00    0.51    0.00    0.00    0.76    0.00    0.00    0.00   91.60
20:17:07     all    7.07    0.00    1.01    0.51    0.00    0.00    0.00    0.00    0.00   91.41
20:17:08     all    6.35    0.00    1.02    0.00    0.00    0.76    0.00    0.00    0.00   91.88
20:17:09     all    7.54    0.00    0.50    0.00    0.00    0.75    0.00    0.00    0.00   91.21
20:17:10     all    6.63    0.00    0.51    0.00    0.00    0.26    0.00    0.00    0.00   92.60
20:17:11     all    7.02    0.00    1.50    0.00    0.00    0.75    0.00    0.00    0.00   90.73
20:17:12     all    7.09    0.00    0.25    0.00    0.00    0.76    0.00    0.00    0.00   91.90
20:17:13     all    6.35    0.00    1.02    0.00    0.00    0.51    0.00    0.00    0.00   92.13
20:17:14     all    6.85    0.00    0.76    0.00    0.00    0.76    0.00    0.00    0.00   91.62
20:17:15     all    7.07    0.00    0.76    0.00    0.00    0.00    0.00    0.00    0.00   92.17
20:17:16     all    7.58    0.00    0.76    0.00    0.00    0.51    0.00    0.00    0.00   91.16
20:17:17     all    7.54    0.00    0.75    0.00    0.00    0.75    0.00    0.00    0.00   90.95
20:17:18     all    6.08    0.00    0.51    0.00    0.00    1.01    0.00    0.00    0.00   92.41
20:17:19     all    6.87    0.00    0.76    0.00    0.00    0.25    0.00    0.00    0.00   92.11
20:17:20     all    6.82    0.00    0.76    0.00    0.00    0.76    0.00    0.00    0.00   91.67
20:17:21     all    7.07    0.00    0.51    0.00    0.00    0.51    0.00    0.00    0.00   91.92
20:17:22     all    6.52    0.00    1.00    0.00    0.00    0.75    0.00    0.00    0.00   91.73
20:17:23     all    7.32    0.00    0.76    0.00    0.00    0.76    0.00    0.00    0.00   91.16
20:17:24     all    7.07    0.00    0.76    0.25    0.00    0.25    0.00    0.00    0.00   91.67
20:17:25     all    7.29    0.00    1.01    0.00    0.00    0.25    0.00    0.00    0.00   91.46
20:17:26     all    6.35    0.00    0.25    0.00    0.00    1.02    0.00    0.00    0.00   92.39
20:17:27     all    6.87    0.00    0.51    0.00    0.00    0.25    0.00    0.00    0.00   92.37
20:17:28     all    7.09    0.00    0.51    0.00    0.00    0.51    0.00    0.00    0.00   91.90
20:17:29     all    6.84    0.00    0.25    0.00    0.00    0.76    0.00    0.00    0.00   92.15
20:17:30     all    6.33    0.00    1.01    0.00    0.00    0.51    0.00    0.00    0.00   92.15
20:17:31     all    6.14    0.00    0.26    0.00    0.00    0.26    0.00    0.00    0.00   93.35
20:17:32     all    6.30    0.00    1.01    0.00    0.00    1.01    0.00    0.00    0.00   91.69
20:17:33     all    6.80    0.00    1.01    0.00    0.00    0.50    0.00    0.00    0.00   91.69
20:17:34     all    6.82    0.00    0.76    0.00    0.00    1.01    0.00    0.00    0.00   91.41
20:17:35     all    6.63    0.00    0.51    0.00    0.00    0.26    0.00    0.00    0.00   92.60
20:17:36     all    7.02    0.00    1.25    0.00    0.00    0.50    0.00    0.00    0.00   91.23
20:17:37     all    7.05    0.00    1.01    0.00    0.00    1.01    0.00    0.00    0.00   90.93
20:17:38     all    7.05    0.00    0.76    0.00    0.00    0.76    0.00    0.00    0.00   91.44
20:17:39     all    6.09    0.00    1.52    0.00    0.00    0.51    0.00    0.00    0.00   91.88
20:17:40     all    6.89    0.00    0.26    0.00    0.00    0.77    0.00    0.00    0.00   92.09
20:17:41     all    6.60    0.00    1.02    0.00    0.00    0.76    0.00    0.00    0.00   91.62
20:17:42     all    5.91    0.00    0.51    0.00    0.00    0.51    0.00    0.00    0.00   93.06
20:17:43     all    6.78    0.00    1.01    0.00    0.00    1.01    0.00    0.00    0.00   91.21
20:17:44     all    7.02    0.00    1.00    0.00    0.00    1.00    0.00    0.00    0.00   90.98
20:17:45     all    6.38    0.00    0.77    0.00    0.00    0.51    0.00    0.00    0.00   92.35
20:17:46     all    7.02    0.00    1.00    0.00    0.00    1.25    0.00    0.00    0.00   90.73
20:17:47     all    6.35    0.00    0.76    0.00    0.00    0.51    0.00    0.00    0.00   92.39
20:17:48     all    6.39    0.00    1.28    0.00    0.00    0.26    0.00    0.00    0.00   92.07
20:17:49     all    6.58    0.00    0.51    0.00    0.00    1.01    0.00    0.00    0.00   91.90
20:17:50     all    6.30    0.00    1.51    0.00    0.00    0.76    0.00    0.00    0.00   91.44
20:17:51     all    7.09    0.00    0.76    0.00    0.00    0.25    0.00    0.00    0.00   91.90
20:17:52     all    5.84    0.00    1.02    0.00    0.00    0.76    0.00    0.00    0.00   92.39
20:17:53     all    6.36    0.00    0.25    0.00    0.00    1.02    0.00    0.00    0.00   92.37
20:17:54     all    6.35    0.00    1.02    0.00    0.00    0.51    0.00    0.00    0.00   92.13
20:17:55     all    6.84    0.00    0.76    0.00    0.00    0.51    0.00    0.00    0.00   91.90
20:17:56     all    6.80    0.00    1.01    0.00    0.00    0.76    0.00    0.00    0.00   91.44
20:17:57     all    6.12    0.00    0.26    0.00    0.00    0.77    0.00    0.00    0.00   92.86
20:17:58     all    6.84    0.00    1.01    0.00    0.00    0.51    0.00    0.00    0.00   91.65
20:17:59     all    6.33    0.00    0.76    0.00    0.00    0.76    0.00    0.00    0.00   92.15
20:18:00     all    7.07    0.00    1.01    0.00    0.00    0.25    0.00    0.00    0.00   91.67
20:18:01     all    6.58    0.00    1.01    0.00    0.00    0.51    0.00    0.00    0.00   91.90
20:18:02     all    7.30    0.00    1.01    0.00    0.00    0.76    0.00    0.00    0.00   90.93
20:18:03     all    7.04    0.00    1.01    0.00    0.00    0.75    0.00    0.00    0.00   91.21
20:18:04     all    6.87    0.00    0.76    0.00    0.00    0.25    0.00    0.00    0.00   92.11
20:18:05     all    6.98    0.00    1.25    0.00    0.00    1.25    0.00    0.00    0.00   90.52
20:18:06     all    7.09    0.00    0.51    0.00    0.00    0.76    0.00    0.00    0.00   91.65
20:18:07     all    6.80    0.00    0.76    0.25    0.00    0.76    0.00    0.00    0.00   91.44
20:18:08     all    6.60    0.00    0.76    0.00    0.00    0.76    0.00    0.00    0.00   91.88
20:18:09     all    7.05    0.00    1.01    0.00    0.00    0.25    0.00    0.00    0.00   91.69
20:18:10     all    6.60    0.00    0.51    0.00    0.00    0.76    0.00    0.00    0.00   92.13
20:18:11     all    6.35    0.00    0.76    0.00    0.00    0.25    0.00    0.00    0.00   92.64
20:18:12     all    7.05    0.00    0.76    0.00    0.00    1.26    0.00    0.00    0.00   90.93
20:18:13     all    6.60    0.00    1.02    0.00    0.00    0.25    0.00    0.00    0.00   92.13
20:18:14     all    6.80    0.00    1.01    0.00    0.00    0.76    0.00    0.00    0.00   91.44
20:18:15     all    6.65    0.00    0.51    0.00    0.00    0.51    0.00    0.00    0.00   92.33
20:18:16     all    7.29    0.00    0.75    0.00    0.00    1.01    0.00    0.00    0.00   90.95
20:18:17     all    6.58    0.00    1.52    0.00    0.00    0.51    0.00    0.00    0.00   91.39
20:18:18     all    7.07    0.00    0.76    0.00    0.00    0.51    0.00    0.00    0.00   91.67
20:18:19     all    6.57    0.00    1.01    0.00    0.00    0.76    0.00    0.00    0.00   91.67
20:18:20     all    6.41    0.00    0.77    0.00    0.00    0.26    0.00    0.00    0.00   92.56
20:18:21     all    6.82    0.00    0.76    0.00    0.00    0.76    0.00    0.00    0.00   91.67
20:18:22     all    6.31    0.00    1.01    0.00    0.00    1.01    0.00    0.00    0.00   91.67
20:18:23     all    6.08    0.00    1.27    0.00    0.00    0.51    0.00    0.00    0.00   92.15
20:18:24     all    6.31    0.00    0.76    0.00    0.00    1.26    0.00    0.00    0.00   91.67
20:18:25     all    6.82    0.00    1.01    0.00    0.00    0.51    0.00    0.00    0.00   91.67
20:18:26     all    6.80    0.00    0.76    0.00    0.00    0.50    0.00    0.00    0.00   91.94
20:18:27     all    6.85    0.00    1.02    0.00    0.00    0.51    0.00    0.00    0.00   91.62
20:18:28     all    6.35    0.00    0.51    0.00    0.00    1.27    0.00    0.00    0.00   91.88
20:18:29     all    7.11    0.00    0.76    0.00    0.00    0.51    0.00    0.00    0.00   91.62
20:18:30     all    7.02    0.00    1.00    0.00    0.00    0.75    0.00    0.00    0.00   91.23
20:18:31     all    7.04    0.00    1.01    0.00    0.00    0.75    0.00    0.00    0.00   91.21
20:18:32     all    5.67    0.00    0.26    0.00    0.00    0.52    0.00    0.00    0.00   93.56
20:18:33     all    6.31    0.00    1.01    0.00    0.00    0.51    0.00    0.00    0.00   92.17
20:18:34     all    5.66    0.00    0.77    0.00    0.00    0.77    0.00    0.00    0.00   92.80
20:18:35     all    6.31    0.00    1.01    0.00    0.00    0.76    0.00    0.00    0.00   91.92
20:18:36     all    7.02    0.00    1.00    0.00    0.00    0.75    0.00    0.00    0.00   91.23
20:18:37     all    6.33    0.00    0.76    0.25    0.00    0.25    0.00    0.00    0.00   92.41
20:18:38     all    6.11    0.00    0.76    0.00    0.00    0.51    0.00    0.00    0.00   92.62
20:18:39     all    6.58    0.00    0.51    0.00    0.00    0.25    0.00    0.00    0.00   92.66
20:18:40     all    6.09    0.00    0.76    0.00    0.00    0.51    0.00    0.00    0.00   92.64
20:18:41     all    6.35    0.00    0.76    0.00    0.00    0.51    0.00    0.00    0.00   92.39
20:18:42     all    6.35    0.00    0.51    0.00    0.00    0.25    0.00    0.00    0.00   92.89
20:18:43     all    5.82    0.00    0.51    0.00    0.00    0.76    0.00    0.00    0.00   92.91
20:18:44     all    6.05    0.00    1.01    0.00    0.00    0.76    0.00    0.00    0.00   92.19
20:18:45     all    6.08    0.00    0.76    0.00    0.00    0.51    0.00    0.00    0.00   92.66
20:18:46     all    5.81    0.00    1.01    0.00    0.00    0.25    0.00    0.00    0.00   92.93
20:18:47     all    6.80    0.00    0.50    0.00    0.00    1.01    0.00    0.00    0.00   91.69
20:18:48     all    6.78    0.00    1.01    0.00    0.00    0.50    0.00    0.00    0.00   91.71
20:18:49     all    6.36    0.00    0.76    0.00    0.00    0.25    0.00    0.00    0.00   92.62
20:18:50     all    5.56    0.00    1.01    0.00    0.00    1.01    0.00    0.00    0.00   92.42
20:18:51     all    5.87    0.00    0.51    0.00    0.00    0.26    0.00    0.00    0.00   93.37
20:18:52     all    6.50    0.00    1.25    0.00    0.00    0.75    0.00    0.00    0.00   91.50
20:18:53     all    7.30    0.00    0.50    0.00    0.00    0.25    0.00    0.00    0.00   91.94
20:18:54     all    6.06    0.00    0.76    0.00    0.00    0.51    0.00    0.00    0.00   92.68
20:18:55     all    6.33    0.00    0.76    0.00    0.00    0.51    0.00    0.00    0.00   92.41
20:18:56     all    6.57    0.00    0.76    0.00    0.00    0.76    0.00    0.00    0.00   91.92
20:18:57     all    6.36    0.00    0.25    0.00    0.00    0.51    0.00    0.00    0.00   92.88
20:18:58     all    6.80    0.00    0.76    0.00    0.00    0.50    0.00    0.00    0.00   91.94
20:18:59     all    6.58    0.00    1.01    0.00    0.00    0.25    0.00    0.00    0.00   92.15
20:19:00     all    6.33    0.00    0.76    0.00    0.00    0.51    0.00    0.00    0.00   92.41
20:19:01     all    6.55    0.00    1.01    0.00    0.00    0.76    0.00    0.00    0.00   91.69
20:19:02     all    6.09    0.00    0.51    0.00    0.00    0.51    0.00    0.00    0.00   92.89
20:19:03     all    6.85    0.00    0.51    0.00    0.00    0.51    0.00    0.00    0.00   92.13
20:19:04     all    6.60    0.00    0.51    0.00    0.00    0.51    0.00    0.00    0.00   92.39
20:19:05     all    6.06    0.00    1.01    0.00    0.00    0.76    0.00    0.00    0.00   92.17
20:19:06     all    6.84    0.00    0.25    0.25    0.00    0.25    0.00    0.00    0.00   92.41
20:19:07     all    6.11    0.00    0.76    0.00    0.00    0.51    0.00    0.00    0.00   92.62
20:19:08     all    6.75    0.00    0.75    0.00    0.00    1.00    0.00    0.00    0.00   91.50
20:19:09     all    6.60    0.00    1.02    0.00    0.00    0.00    0.00    0.00    0.00   92.39
20:19:10     all    6.53    0.00    0.50    0.00    0.00    1.01    0.00    0.00    0.00   91.96
20:19:11     all    6.09    0.00    0.76    0.00    0.00    0.51    0.00    0.00    0.00   92.64
20:19:12     all    6.33    0.00    0.76    0.00    0.00    0.76    0.00    0.00    0.00   92.15
20:19:13     all    6.58    0.00    0.76    0.00    0.00    0.25    0.00    0.00    0.00   92.41
20:19:14     all    6.57    0.00    0.76    0.00    0.00    0.51    0.00    0.00    0.00   92.17
20:19:15     all    6.57    0.00    0.51    0.00    0.00    0.76    0.00    0.00    0.00   92.17
20:19:16     all    6.58    0.00    1.01    0.25    0.00    0.00    0.00    0.00    0.00   92.15
20:19:17     all    6.30    0.00    1.01    0.00    0.00    0.50    0.00    0.00    0.00   92.19
20:19:18     all    6.85    0.00    0.25    0.00    0.00    0.51    0.00    0.00    0.00   92.39
20:19:19     all    6.50    0.00    1.25    0.00    0.00    0.75    0.00    0.00    0.00   91.50
20:19:20     all    7.30    0.00    0.76    0.00    0.00    0.50    0.00    0.00    0.00   91.44
20:19:21     all    6.35    0.00    0.76    0.00    0.00    0.76    0.00    0.00    0.00   92.13
20:19:22     all    5.79    0.00    1.01    0.00    0.00    0.50    0.00    0.00    0.00   92.70
20:19:23     all    6.09    0.00    0.76    0.00    0.00    0.51    0.00    0.00    0.00   92.64
20:19:24     all    6.35    0.00    0.76    0.00    0.00    0.51    0.00    0.00    0.00   92.39
20:19:25     all    5.82    0.00    0.51    0.00    0.00    0.76    0.00    0.00    0.00   92.91
20:19:26     all    6.80    0.00    1.01    0.00    0.00    0.00    0.00    0.00    0.00   92.19
20:19:27     all    6.35    0.00    0.25    0.00    0.00    1.02    0.00    0.00    0.00   92.39
20:19:28     all    6.03    0.00    1.01    0.00    0.00    0.75    0.00    0.00    0.00   92.21
20:19:29     all    6.35    0.00    0.76    0.00    0.00    0.25    0.00    0.00    0.00   92.64
20:19:30     all    6.60    0.00    0.51    0.00    0.00    0.51    0.00    0.00    0.00   92.39
20:19:31     all    6.53    0.00    0.50    0.00    0.00    0.75    0.00    0.00    0.00   92.21
20:19:32     all    6.85    0.00    0.51    0.00    0.00    0.25    0.00    0.00    0.00   92.39
20:19:33     all    6.55    0.00    0.76    0.00    0.00    0.76    0.00    0.00    0.00   91.94
20:19:34     all    6.57    0.00    0.76    0.00    0.00    0.51    0.00    0.00    0.00   92.17
20:19:35     all    6.33    0.00    0.76    0.00    0.00    0.51    0.00    0.00    0.00   92.41
20:19:36     all    6.55    0.00    0.50    0.00    0.00    0.50    0.00    0.00    0.00   92.44
20:19:37     all    5.57    0.00    1.27    0.00    0.00    0.51    0.00    0.00    0.00   92.66
20:19:38     all    6.31    0.00    0.76    0.00    0.00    1.01    0.00    0.00    0.00   91.92
20:19:39     all    6.57    0.00    1.01    0.00    0.00    0.25    0.00    0.00    0.00   92.17
20:19:40     all    6.80    0.00    0.76    0.00    0.00    0.76    0.00    0.00    0.00   91.69
20:19:41     all    7.05    0.00    0.76    0.00    0.00    0.76    0.00    0.00    0.00   91.44
20:19:42     all    6.80    0.00    1.01    0.00    0.00    0.76    0.00    0.00    0.00   91.44
20:19:43     all    6.78    0.00    0.75    0.00    0.00    1.26    0.00    0.00    0.00   91.21
20:19:44     all    6.62    0.00    1.02    0.00    0.00    0.25    0.00    0.00    0.00   92.11
20:19:45     all    6.28    0.00    0.50    0.00    0.00    1.26    0.00    0.00    0.00   91.96
20:19:46     all    5.38    0.00    1.03    0.00    0.00    0.51    0.00    0.00    0.00   93.08
20:19:47     all    6.09    0.00    1.02    0.00    0.00    0.51    0.00    0.00    0.00   92.39
20:19:48     all    6.58    0.00    0.76    0.00    0.00    0.76    0.00    0.00    0.00   91.90
20:19:49     all    6.53    0.00    1.01    0.00    0.00    0.75    0.00    0.00    0.00   91.71
20:19:50     all    6.14    0.00    0.26    0.00    0.00    0.51    0.00    0.00    0.00   93.09
20:19:51     all    6.53    0.00    1.01    0.00    0.00    1.26    0.00    0.00    0.00   91.21
20:19:52     all    6.36    0.00    0.51    0.00    0.00    0.51    0.00    0.00    0.00   92.62
20:19:53     all    5.82    0.00    1.27    0.00    0.00    0.76    0.00    0.00    0.00   92.15
20:19:54     all    6.11    0.00    0.76    0.00    0.00    0.51    0.00    0.00    0.00   92.62
20:19:55     all    6.30    0.00    0.50    0.00    0.00    1.01    0.00    0.00    0.00   92.19
20:19:56     all    6.12    0.00    0.77    0.00    0.00    0.77    0.00    0.00    0.00   92.35
20:19:57     all    6.77    0.00    1.25    0.00    0.00    0.75    0.00    0.00    0.00   91.23
20:19:58     all    6.11    0.00    0.76    0.00    0.00    1.02    0.00    0.00    0.00   92.11
20:19:59     all    6.08    0.00    1.01    0.00    0.00    0.25    0.00    0.00    0.00   92.66
20:20:00     all    6.77    0.00    1.50    0.00    0.00    1.00    0.00    0.00    0.00   90.73
20:20:01     all    6.58    0.00    0.25    0.00    0.00    1.01    0.25    0.00    0.00   91.90
20:20:02     all    6.77    0.00    1.25    0.00    0.00    0.75    0.00    0.00    0.00   91.23
20:20:03     all    6.60    0.00    0.51    0.00    0.00    0.76    0.00    0.00    0.00   92.13
20:20:04     all    6.62    0.00    0.76    0.00    0.00    0.51    0.00    0.00    0.00   92.11
20:20:05     all    6.05    0.00    1.01    0.00    0.00    1.26    0.00    0.00    0.00   91.69
20:20:06     all    5.60    0.00    1.53    0.00    0.00    0.76    0.00    0.00    0.00   92.11
20:20:07     all    6.38    0.00    0.26    0.26    0.00    0.26    0.00    0.00    0.00   92.86
20:20:08     all    6.31    0.00    1.01    0.00    0.00    0.76    0.00    0.00    0.00   91.92
20:20:09     all    6.55    0.00    1.01    0.00    0.00    1.26    0.00    0.00    0.00   91.18
20:20:10     all    7.23    0.00    1.00    0.00    0.00    0.75    0.00    0.00    0.00   91.02
20:20:11     all    5.63    0.00    0.77    0.00    0.00    0.77    0.00    0.00    0.00   92.84
20:20:12     all    6.55    0.00    0.76    0.00    0.00    0.76    0.00    0.00    0.00   91.94
20:20:13     all    6.38    0.00    0.26    0.00    0.00    0.77    0.00    0.00    0.00   92.60
20:20:14     all    6.35    0.00    1.02    0.00    0.00    0.51    0.00    0.00    0.00   92.13
20:20:15     all    6.33    0.00    0.76    0.00    0.00    0.76    0.00    0.00    0.00   92.15
20:20:16     all    6.05    0.00    1.01    0.00    0.00    1.26    0.00    0.00    0.00   91.69
20:20:17     all    6.12    0.00    0.51    0.00    0.00    0.26    0.00    0.00    0.00   93.11
20:20:18     all    6.57    0.00    0.76    0.00    0.00    1.01    0.00    0.00    0.00   91.67
20:20:19     all    6.53    0.00    0.75    0.00    0.00    0.75    0.00    0.00    0.00   91.96
20:20:20     all    6.33    0.00    1.01    0.00    0.00    0.76    0.00    0.00    0.00   91.90
20:20:21     all    6.30    0.00    1.01    0.00    0.00    0.76    0.00    0.00    0.00   91.94
20:20:22     all    5.57    0.00    0.76    0.00    0.00    1.27    0.00    0.00    0.00   92.41
20:20:23     all    6.87    0.00    0.25    0.00    0.00    0.51    0.00    0.00    0.00   92.37
20:20:24     all    6.09    0.00    1.02    0.00    0.00    0.25    0.00    0.00    0.00   92.64
20:20:25     all    5.81    0.00    1.01    0.00    0.00    1.01    0.00    0.00    0.00   92.17
20:20:26     all    7.48    0.00    0.75    0.00    0.00    1.00    0.00    0.00    0.00   90.77
20:20:27     all    5.63    0.00    0.77    0.00    0.00    0.51    0.00    0.00    0.00   93.09
20:20:28     all    6.31    0.00    1.01    0.00    0.00    1.01    0.00    0.00    0.00   91.67
20:20:29     all    6.57    0.00    1.01    0.00    0.00    1.01    0.00    0.00    0.00   91.41
20:20:30     all    6.35    0.00    0.76    0.00    0.00    0.25    0.00    0.00    0.00   92.64
20:20:31     all    6.33    0.00    0.51    0.00    0.00    0.76    0.00    0.00    0.00   92.41
20:20:32     all    6.28    0.00    1.01    0.00    0.00    0.75    0.00    0.00    0.00   91.96
20:20:33     all    6.06    0.00    0.76    0.00    0.00    1.01    0.00    0.00    0.00   92.17
20:20:34     all    5.36    0.00    0.51    0.00    0.00    0.77    0.00    0.00    0.00   93.37
20:20:35     all    6.31    0.00    1.01    0.00    0.00    0.76    0.00    0.00    0.00   91.92
20:20:36     all    5.87    0.00    0.51    0.00    0.00    1.02    0.00    0.00    0.00   92.60
20:20:37     all    5.60    0.00    1.02    0.00    0.00    0.00    0.00    0.00    0.00   93.38
20:20:38     all    6.02    0.00    1.00    0.00    0.00    0.75    0.00    0.00    0.00   92.23
20:20:39     all    6.85    0.00    0.51    0.00    0.00    0.51    0.00    0.00    0.00   92.13
20:20:40     all    6.06    0.00    1.01    0.00    0.00    0.51    0.00    0.00    0.00   92.42
20:20:41     all    5.57    0.00    1.01    0.00    0.00    0.76    0.00    0.00    0.00   92.66
20:20:42     all    6.77    0.00    0.75    0.00    0.00    1.00    0.00    0.00    0.00   91.48
20:20:43     all    5.60    0.00    1.02    0.00    0.00    0.25    0.00    0.00    0.00   93.13
20:20:44     all    5.78    0.00    0.75    0.00    0.00    0.50    0.00    0.00    0.00   92.96
20:20:45     all    6.11    0.00    0.76    0.00    0.00    0.25    0.00    0.00    0.00   92.88
20:20:46     all    6.52    0.00    0.50    0.00    0.00    0.50    0.00    0.00    0.00   92.48
20:20:47     all    5.79    0.00    1.26    0.00    0.00    0.76    0.00    0.00    0.00   92.19
20:20:48     all    6.09    0.00    0.51    0.00    0.00    0.76    0.00    0.00    0.00   92.64
20:20:49     all    6.31    0.00    0.51    0.00    0.00    0.25    0.00    0.00    0.00   92.93
20:20:50     all    6.09    0.00    0.76    0.00    0.00    0.51    0.00    0.00    0.00   92.64
20:20:51     all    6.08    0.00    0.51    0.00    0.00    0.76    0.00    0.00    0.00   92.66
20:20:52     all    6.08    0.00    1.01    0.00    0.00    0.25    0.00    0.00    0.00   92.66
20:20:53     all    5.64    0.00    0.26    0.00    0.00    0.51    0.00    0.00    0.00   93.59
20:20:54     all    6.05    0.00    0.76    0.00    0.00    0.76    0.00    0.00    0.00   92.44
20:20:55     all    6.33    0.00    1.01    0.00    0.00    0.25    0.00    0.00    0.00   92.41
20:20:56     all    6.08    0.00    0.25    0.00    0.00    0.51    0.00    0.00    0.00   93.16
20:20:57     all    6.30    0.00    0.76    0.00    0.00    0.50    0.00    0.00    0.00   92.44
20:20:58     all    6.08    0.00    1.01    0.00    0.00    0.51    0.00    0.00    0.00   92.41
20:20:59     all    6.52    0.00    0.75    0.00    0.00    0.75    0.00    0.00    0.00   91.98
20:21:00     all    5.61    0.00    0.51    0.00    0.00    0.51    0.00    0.00    0.00   93.37
20:21:01     all    6.33    0.00    0.76    0.00    0.00    0.51    0.00    0.00    0.00   92.41
20:21:02     all    6.03    0.00    0.75    0.00    0.00    0.75    0.00    0.00    0.00   92.46
20:21:03     all    5.85    0.00    0.76    0.00    0.00    0.51    0.00    0.00    0.00   92.88
20:21:04     all    6.53    0.00    0.75    0.00    0.00    0.50    0.00    0.00    0.00   92.21
20:21:05     all    5.57    0.00    1.01    0.00    0.00    1.01    0.00    0.00    0.00   92.41
20:21:06     all    5.84    0.00    0.76    0.25    0.00    0.25    0.00    0.00    0.00   92.89
20:21:07     all    6.30    0.00    1.01    0.00    0.00    0.50    0.00    0.00    0.00   92.19
20:21:08     all    6.30    0.00    0.76    0.00    0.00    0.76    0.00    0.00    0.00   92.19
20:21:09     all    5.61    0.00    0.51    0.00    0.00    0.51    0.00    0.00    0.00   93.37
20:21:10     all    6.55    0.00    0.50    0.00    0.00    0.50    0.00    0.00    0.00   92.44
20:21:11     all    5.60    0.00    0.51    0.00    0.00    1.02    0.00    0.00    0.00   92.88
20:21:12     all    5.58    0.00    1.27    0.00    0.00    0.25    0.00    0.00    0.00   92.89
20:21:13     all    5.85    0.00    0.00    0.00    0.00    0.51    0.00    0.00    0.00   93.64
20:21:14     all    6.28    0.00    1.26    0.00    0.00    1.01    0.00    0.00    0.00   91.46
20:21:15     all    6.30    0.00    1.01    0.00    0.00    0.76    0.00    0.00    0.00   91.94
20:21:16     all    6.39    0.00    0.26    0.00    0.00    0.51    0.00    0.00    0.00   92.84
20:21:17     all    6.78    0.00    0.75    0.00    0.00    0.50    0.00    0.00    0.00   91.96
20:21:18     all    6.12    0.00    0.77    0.00    0.00    0.51    0.00    0.00    0.00   92.60
20:21:19     all    5.81    0.00    1.01    0.00    0.00    0.76    0.00    0.00    0.00   92.42
20:21:20     all    7.00    0.00    1.25    0.00    0.00    0.75    0.00    0.00    0.00   91.00
20:21:21     all    6.31    0.00    1.01    0.00    0.00    0.76    0.00    0.00    0.00   91.92
20:21:22     all    6.09    0.00    0.76    0.00    0.00    0.76    0.00    0.00    0.00   92.39
20:21:23     all    5.61    0.00    0.51    0.00    0.00    0.77    0.00    0.00    0.00   93.11
20:21:24     all    6.55    0.00    0.76    0.00    0.00    0.76    0.00    0.00    0.00   91.94
20:21:25     all    6.08    0.00    0.76    0.00    0.00    1.01    0.00    0.00    0.00   92.15
20:21:26     all    6.35    0.00    1.02    0.00    0.00    0.51    0.00    0.00    0.00   92.13
20:21:27     all    5.54    0.00    1.01    0.25    0.00    0.50    0.00    0.00    0.00   92.70
20:21:28     all    6.57    0.00    1.01    0.00    0.00    0.51    0.00    0.00    0.00   91.92
20:21:29     all    6.31    0.00    0.76    0.00    0.00    0.76    0.00    0.00    0.00   92.17
20:21:30     all    6.35    0.00    0.51    0.00    0.00    0.51    0.00    0.00    0.00   92.64
20:21:31     all    6.06    0.00    1.01    0.00    0.00    0.51    0.00    0.00    0.00   92.42
20:21:32     all    6.05    0.00    1.01    0.25    0.00    0.76    0.00    0.00    0.00   91.94
20:21:33     all    6.31    0.00    0.51    0.00    0.00    1.01    0.00    0.00    0.00   92.17
20:21:34     all    6.28    0.00    1.26    0.00    0.00    0.75    0.00    0.00    0.00   91.71
20:21:35     all    6.06    0.00    0.76    0.00    0.00    0.76    0.00    0.00    0.00   92.42
20:21:36     all    5.66    0.00    0.77    0.00    0.00    0.00    0.00    0.00    0.00   93.57
20:21:37     all    7.04    0.00    0.50    0.00    0.00    1.01    0.00    0.00    0.00   91.46
20:21:38     all    5.82    0.00    1.01    0.00    0.00    0.51    0.00    0.00    0.00   92.66
20:21:39     all    6.84    0.00    0.25    0.00    0.00    0.76    0.00    0.00    0.00   92.15
20:21:40     all    5.85    0.00    1.02    0.00    0.00    0.25    0.00    0.00    0.00   92.88
20:21:41     all    6.30    0.00    0.76    0.00    0.00    0.76    0.00    0.00    0.00   92.19
20:21:42     all    7.09    0.00    0.51    0.00    0.00    0.25    0.00    0.00    0.00   92.15
20:21:43     all    6.30    0.00    1.01    0.00    0.00    1.01    0.00    0.00    0.00   91.69
20:21:44     all    5.36    0.00    1.02    0.00    0.00    0.26    0.00    0.00    0.00   93.37
20:21:45     all    6.82    0.00    0.25    0.00    0.00    1.01    0.00    0.00    0.00   91.92
20:21:46     all    6.63    0.00    0.51    0.00    0.00    0.00    0.00    0.00    0.00   92.86
20:21:47     all    5.79    0.00    1.26    0.00    0.00    0.76    0.00    0.00    0.00   92.19
20:21:48     all    5.84    0.00    1.02    0.00    0.00    0.76    0.00    0.00    0.00   92.39
20:21:49     all    6.35    0.00    0.51    0.25    0.00    0.51    0.00    0.00    0.00   92.39
20:21:50     all    6.08    0.00    0.76    0.00    0.00    0.76    0.00    0.00    0.00   92.41
20:21:51     all    6.05    0.00    1.01    0.00    0.00    0.76    0.00    0.00    0.00   92.19
20:21:52     all    7.05    0.00    0.76    0.00    0.00    1.01    0.00    0.00    0.00   91.18
20:21:53     all    5.85    0.00    0.76    0.00    0.00    0.25    0.00    0.00    0.00   93.13
20:21:54     all    6.35    0.00    0.76    0.00    0.00    1.02    0.00    0.00    0.00   91.88
20:21:55     all    6.35    0.00    0.76    0.00    0.00    0.51    0.00    0.00    0.00   92.39
20:21:56     all    7.04    0.00    0.75    0.00    0.00    0.50    0.00    0.00    0.00   91.71
20:21:57     all    6.31    0.00    1.01    0.00    0.00    1.01    0.00    0.00    0.00   91.67
20:21:58     all    5.84    0.00    0.51    0.00    0.00    0.51    0.00    0.00    0.00   93.15
20:21:59     all    6.84    0.00    0.76    0.00    0.00    0.25    0.00    0.00    0.00   92.15
20:22:00     all    5.60    0.00    0.76    0.00    0.00    1.02    0.00    0.00    0.00   92.62
20:22:01     all    6.53    0.00    1.01    0.00    0.00    0.75    0.00    0.00    0.00   91.71
20:22:02     all    6.11    0.00    0.51    0.00    0.00    0.76    0.00    0.00    0.00   92.62
20:22:03     all    6.80    0.00    1.26    0.00    0.00    0.50    0.00    0.00    0.00   91.44
20:22:04     all    7.54    0.00    0.50    0.00    0.00    1.01    0.00    0.00    0.00   90.95
20:22:05     all    6.35    0.00    0.51    0.00    0.00    0.76    0.00    0.00    0.00   92.39
20:22:06     all    6.80    0.00    1.01    0.00    0.00    0.50    0.00    0.00    0.00   91.69
20:22:07     all    5.87    0.00    0.77    0.00    0.00    0.77    0.00    0.00    0.00   92.60
20:22:08     all    6.08    0.00    0.76    0.00    0.00    0.76    0.00    0.00    0.00   92.41
20:22:09     all    6.31    0.00    0.76    0.25    0.00    0.76    0.00    0.00    0.00   91.92
20:22:10     all    6.82    0.00    0.76    0.00    0.00    0.76    0.00    0.00    0.00   91.67
20:22:11     all    6.55    0.00    1.01    0.00    0.00    0.50    0.00    0.00    0.00   91.94
20:22:12     all    7.04    0.00    0.75    0.00    0.00    0.75    0.00    0.00    0.00   91.46
20:22:13     all    6.63    0.00    0.51    0.00    0.00    0.26    0.00    0.00    0.00   92.60
20:22:14     all    6.31    0.00    1.01    0.00    0.00    0.76    0.00    0.00    0.00   91.92
20:22:15     all    6.30    0.00    1.01    0.00    0.00    1.01    0.00    0.00    0.00   91.69
20:22:16     all    5.91    0.00    0.26    0.00    0.00    0.51    0.00    0.00    0.00   93.32
20:22:17     all    6.57    0.00    1.01    0.00    0.00    0.51    0.00    0.00    0.00   91.92
20:22:18     all    6.30    0.00    0.50    0.00    0.00    0.76    0.00    0.00    0.00   92.44
20:22:19     all    6.39    0.00    0.77    0.00    0.00    0.26    0.00    0.00    0.00   92.58
20:22:20     all    6.30    0.00    0.76    0.00    0.00    1.01    0.00    0.00    0.00   91.94
20:22:21     all    6.05    0.00    1.01    0.00    0.00    0.76    0.00    0.00    0.00   92.19
20:22:22     all    6.84    0.00    0.76    0.00    0.00    0.76    0.00    0.00    0.00   91.65
20:22:23     all    6.60    0.00    0.51    0.00    0.00    0.51    0.00    0.00    0.00   92.39
20:22:24     all    6.33    0.00    1.01    0.00    0.00    0.51    0.00    0.00    0.00   92.15
20:22:25     all    6.33    0.00    0.51    0.00    0.00    0.76    0.00    0.00    0.00   92.41
20:22:26     all    6.57    0.00    0.76    0.00    0.00    0.51    0.00    0.00    0.00   92.17
20:22:27     all    6.33    0.00    0.76    0.00    0.00    0.76    0.00    0.00    0.00   92.15
20:22:28     all    6.28    0.00    1.01    0.00    0.00    0.75    0.00    0.00    0.00   91.96
20:22:29     all    5.88    0.00    0.51    0.00    0.00    0.26    0.00    0.00    0.00   93.35
20:22:30     all    6.33    0.00    0.76    0.00    0.00    0.76    0.00    0.00    0.00   92.15
20:22:31     all    6.33    0.00    0.51    0.00    0.00    0.51    0.00    0.00    0.00   92.66
20:22:32     all    6.11    0.00    0.76    0.00    0.00    0.25    0.00    0.00    0.00   92.88
20:22:33     all    5.57    0.00    1.01    0.00    0.00    0.76    0.00    0.00    0.00   92.66
20:22:34     all    5.58    0.00    1.27    0.00    0.00    0.51    0.00    0.00    0.00   92.64
20:22:35     all    6.06    0.00    0.76    0.00    0.00    0.51    0.00    0.00    0.00   92.68
20:22:36     all    7.04    0.00    0.50    0.00    0.00    1.01    0.00    0.00    0.00   91.46
20:22:37     all    5.84    0.00    1.02    0.00    0.00    0.25    0.00    0.00    0.00   92.89
20:22:38     all    6.12    0.00    0.51    0.00    0.00    0.26    0.00    0.00    0.00   93.11
20:22:39     all    6.03    0.00    1.01    0.00    0.00    1.01    0.00    0.00    0.00   91.96
20:22:40     all    5.84    0.00    0.76    0.00    0.00    0.76    0.00    0.00    0.00   92.64
20:22:41     all    6.06    0.00    0.76    0.00    0.00    0.25    0.00    0.00    0.00   92.93
20:22:42     all    6.53    0.00    1.26    0.00    0.00    0.50    0.00    0.00    0.00   91.71
20:22:43     all    6.60    0.00    0.51    0.00    0.00    0.25    0.00    0.00    0.00   92.64
20:22:44     all    6.03    0.00    0.50    0.25    0.00    1.01    0.00    0.00    0.00   92.21
20:22:45     all    6.35    0.00    0.51    0.00    0.00    0.25    0.00    0.00    0.00   92.89
20:22:46     all    6.30    0.00    0.50    0.00    0.00    0.76    0.00    0.00    0.00   92.44
20:22:47     all    6.05    0.00    0.76    0.00    0.00    0.50    0.00    0.00    0.00   92.70
20:22:48     all    6.06    0.00    0.76    0.00    0.00    0.51    0.00    0.00    0.00   92.68
20:22:49     all    6.53    0.00    0.75    0.00    0.00    0.75    0.00    0.00    0.00   91.96
20:22:50     all    5.82    0.00    1.01    0.00    0.00    0.51    0.00    0.00    0.00   92.66
20:22:51     all    6.55    0.00    0.76    0.00    0.00    0.25    0.00    0.00    0.00   92.44
20:22:52     all    6.31    0.00    0.76    0.00    0.00    0.76    0.00    0.00    0.00   92.17
20:22:53     all    6.31    0.00    0.51    0.00    0.00    0.76    0.00    0.00    0.00   92.42
20:22:54     all    6.97    0.00    0.75    0.00    0.00    0.75    0.00    0.00    0.00   91.54
20:22:55     all    5.90    0.00    0.51    0.00    0.00    0.26    0.00    0.00    0.00   93.33
20:22:56     all    6.30    0.00    0.50    0.00    0.00    1.01    0.00    0.00    0.00   92.19
20:22:57     all    7.25    0.00    0.75    0.00    0.00    0.50    0.00    0.00    0.00   91.50
20:22:58     all    6.09    0.00    0.51    0.00    0.00    0.76    0.00    0.00    0.00   92.64
20:22:59     all    6.28    0.00    1.01    0.00    0.00    0.25    0.00    0.00    0.00   92.46
20:23:00     all    6.06    0.00    1.01    0.00    0.00    0.76    0.00    0.00    0.00   92.17
20:23:01     all    7.32    0.00    0.51    0.00    0.00    0.76    0.00    0.00    0.00   91.41
20:23:02     all    6.98    0.00    0.75    0.00    0.00    1.00    0.00    0.00    0.00   91.27
20:23:03     all    5.36    0.00    0.77    0.00    0.00    0.26    0.00    0.00    0.00   93.62
20:23:04     all    6.58    0.00    0.51    0.00    0.00    0.51    0.00    0.00    0.00   92.41
20:23:05     all    6.28    0.00    1.26    0.00    0.00    1.01    0.00    0.00    0.00   91.46
20:23:06     all    7.07    0.00    0.51    0.00    0.00    0.25    0.00    0.00    0.00   92.17
20:23:07     all    6.09    0.00    0.76    0.00    0.00    0.51    0.00    0.00    0.00   92.64
20:23:08     all    6.57    0.00    0.76    0.00    0.00    0.76    0.00    0.00    0.00   91.92
20:23:09     all    7.04    0.00    0.25    0.00    0.00    0.75    0.00    0.00    0.00   91.96
20:23:10     all    5.60    0.00    1.02    0.00    0.00    0.51    0.00    0.00    0.00   92.88
20:23:11     all    6.72    0.00    1.24    0.00    0.00    1.00    0.00    0.00    0.00   91.04
20:23:12     all    6.57    0.00    0.51    0.00    0.00    0.51    0.00    0.00    0.00   92.42
20:23:13     all    5.61    0.00    0.77    0.00    0.00    0.51    0.00    0.00    0.00   93.11
20:23:14     all    6.77    0.00    0.75    0.00    0.00    1.00    0.00    0.00    0.00   91.48
20:23:15     all    6.33    0.00    0.51    0.00    0.00    0.51    0.00    0.00    0.00   92.66
20:23:16     all    6.31    0.00    1.01    0.00    0.00    0.51    0.00    0.00    0.00   92.17
20:23:17     all    5.82    0.00    0.76    0.00    0.00    0.76    0.00    0.00    0.00   92.66
20:23:18     all    6.12    0.00    0.77    0.00    0.00    0.00    0.00    0.00    0.00   93.11
20:23:19     all    6.30    0.00    0.50    0.00    0.00    1.01    0.00    0.00    0.00   92.19
20:23:20     all    5.81    0.00    1.26    0.25    0.00    0.51    0.00    0.00    0.00   92.17
20:23:21     all    6.55    0.00    0.25    0.00    0.00    1.01    0.00    0.00    0.00   92.19
20:23:22     all    5.60    0.00    1.27    0.00    0.00    0.25    0.00    0.00    0.00   92.88
20:23:23     all    6.77    0.00    0.75    0.00    0.00    1.00    0.00    0.00    0.00   91.48
20:23:24     all    6.53    0.00    0.75    0.00    0.00    0.50    0.00    0.00    0.00   92.21
20:23:25     all    5.84    0.00    0.76    0.00    0.00    0.76    0.00    0.00    0.00   92.64
20:23:26     all    6.35    0.00    0.76    0.00    0.00    0.25    0.00    0.00    0.00   92.64
20:23:27     all    5.36    0.00    0.51    0.00    0.00    0.51    0.00    0.00    0.00   93.62
20:23:28     all    6.33    0.00    1.01    0.00    0.00    0.76    0.00    0.00    0.00   91.90
20:23:29     all    6.06    0.00    1.01    0.00    0.00    0.51    0.00    0.00    0.00   92.42
20:23:30     all    6.31    0.00    0.51    0.00    0.00    0.76    0.00    0.00    0.00   92.42
20:23:31     all    5.64    0.00    0.51    0.00    0.00    0.51    0.00    0.00    0.00   93.33
20:23:32     all    6.30    0.00    1.01    0.00    0.00    0.50    0.00    0.00    0.00   92.19
20:23:33     all    6.06    0.00    0.76    0.00    0.00    0.51    0.00    0.00    0.00   92.68
20:23:34     all    5.84    0.00    0.76    0.00    0.00    0.25    0.00    0.00    0.00   93.15
20:23:35     all    6.08    0.00    0.51    0.00    0.00    1.01    0.00    0.00    0.00   92.41
20:23:36     all    6.31    0.00    0.76    0.00    0.00    0.25    0.00    0.00    0.00   92.68
20:23:37     all    5.58    0.00    0.76    0.00    0.00    1.02    0.00    0.00    0.00   92.64
20:23:38     all    6.50    0.00    0.75    0.00    0.00    0.50    0.00    0.00    0.00   92.25
20:23:39     all    6.33    0.00    1.01    0.00    0.00    0.25    0.00    0.00    0.00   92.41
20:23:40     all    6.33    0.00    0.51    0.00    0.00    0.76    0.00    0.00    0.00   92.41
20:23:41     all    6.30    0.00    0.76    0.00    0.00    0.25    0.00    0.00    0.00   92.70
20:23:42     all    6.82    0.00    0.51    0.00    0.00    0.51    0.00    0.00    0.00   92.17
20:23:43     all    5.09    0.00    1.02    0.00    0.00    0.76    0.00    0.00    0.00   93.13
20:23:44     all    5.84    0.00    0.51    0.00    0.00    0.51    0.00    0.00    0.00   93.15
20:23:45     all    6.08    0.00    0.76    0.00    0.00    0.76    0.00    0.00    0.00   92.41
20:23:46     all    6.09    0.00    0.76    0.00    0.00    0.51    0.00    0.00    0.00   92.64
20:23:47     all    5.82    0.00    0.51    0.00    0.00    0.76    0.00    0.00    0.00   92.91
20:23:48     all    5.76    0.00    1.25    0.00    0.00    0.75    0.00    0.00    0.00   92.23
20:23:49     all    6.35    0.00    0.25    0.00    0.00    0.51    0.00    0.00    0.00   92.89
20:23:50     all    6.53    0.00    0.75    0.00    0.00    0.25    0.00    0.00    0.00   92.46
20:23:51     all    6.27    0.00    1.00    0.00    0.00    1.00    0.00    0.00    0.00   91.73
20:23:52     all    5.82    0.00    1.01    0.00    0.00    0.51    0.00    0.00    0.00   92.66
20:23:53     all    5.84    0.00    0.51    0.00    0.00    0.25    0.00    0.00    0.00   93.40
20:23:54     all    5.58    0.00    0.76    0.00    0.00    0.51    0.00    0.00    0.00   93.15
20:23:55     all    5.60    0.00    0.76    0.00    0.00    0.51    0.00    0.00    0.00   93.13
20:23:56     all    6.27    0.00    1.25    0.25    0.00    0.50    0.00    0.00    0.00   91.73
20:23:57     all    6.06    0.00    0.51    0.00    0.00    0.51    0.00    0.00    0.00   92.93
20:23:58     all    5.81    0.00    1.01    0.00    0.00    0.76    0.00    0.00    0.00   92.42
20:23:59     all    6.28    0.00    1.01    0.00    0.00    0.50    0.00    0.00    0.00   92.21
20:24:00     all    6.84    0.00    0.00    0.00    0.00    0.51    0.00    0.00    0.00   92.66
20:24:01     all    5.85    0.00    0.76    0.00    0.00    0.51    0.00    0.00    0.00   92.88
20:24:02     all    6.08    0.00    0.76    0.00    0.00    0.51    0.00    0.00    0.00   92.66
20:24:03     all    6.06    0.00    1.01    0.00    0.00    0.51    0.00    0.00    0.00   92.42
20:24:04     all    6.09    0.00    0.25    0.00    0.00    0.76    0.00    0.00    0.00   92.89
20:24:05     all    5.60    0.00    0.76    0.00    0.00    0.51    0.00    0.00    0.00   93.13
20:24:06     all    6.53    0.00    1.01    0.00    0.00    0.50    0.00    0.00    0.00   91.96
20:24:07     all    5.81    0.00    0.76    0.00    0.00    0.76    0.00    0.00    0.00   92.68
20:24:08     all    6.36    0.00    0.51    0.00    0.00    0.51    0.00    0.00    0.00   92.62
20:24:09     all    6.33    0.00    0.76    0.00    0.00    0.51    0.00    0.00    0.00   92.41
20:24:10     all    5.81    0.00    1.01    0.00    0.00    0.76    0.00    0.00    0.00   92.42
20:24:11     all    6.09    0.00    0.51    0.00    0.00    0.51    0.00    0.00    0.00   92.89
20:24:12     all    5.79    0.00    1.01    0.00    0.00    0.50    0.00    0.00    0.00   92.70
20:24:13     all    6.60    0.00    0.51    0.00    0.00    0.51    0.00    0.00    0.00   92.39
20:24:14     all    6.33    0.00    0.76    0.00    0.00    0.25    0.00    0.00    0.00   92.66
20:24:15     all    6.30    0.00    1.01    0.00    0.00    0.50    0.00    0.00    0.00   92.19
20:24:16     all    6.30    0.00    0.76    0.00    0.00    0.50    0.00    0.00    0.00   92.44
20:24:17     all    6.09    0.00    0.76    0.00    0.00    0.25    0.00    0.00    0.00   92.89
20:24:18     all    5.56    0.00    0.51    0.00    0.00    1.01    0.00    0.00    0.00   92.93
20:24:19     all    6.33    0.00    0.51    0.00    0.00    0.76    0.00    0.00    0.00   92.41
20:24:20     all    5.85    0.00    0.76    0.00    0.00    0.51    0.00    0.00    0.00   92.88
20:24:21     all    6.33    0.00    1.01    0.00    0.00    0.25    0.00    0.00    0.00   92.41
20:24:22     all    6.06    0.00    0.51    0.00    0.00    1.01    0.00    0.00    0.00   92.42
20:24:23     all    6.57    0.00    0.51    0.00    0.00    0.51    0.00    0.00    0.00   92.42
20:24:24     all    6.52    0.00    1.00    0.00    0.00    0.50    0.00    0.00    0.00   91.98
20:24:25     all    6.55    0.00    1.01    0.00    0.00    0.50    0.00    0.00    0.00   91.94
20:24:26     all    5.81    0.00    1.01    0.00    0.00    0.76    0.00    0.00    0.00   92.42
20:24:27     all    5.58    0.00    0.51    0.00    0.00    0.51    0.00    0.00    0.00   93.40
20:24:28     all    5.84    0.00    0.76    0.00    0.00    0.51    0.00    0.00    0.00   92.89
20:24:29     all    6.57    0.00    0.25    0.00    0.00    0.76    0.00    0.00    0.00   92.42
20:24:30     all    5.84    0.00    1.02    0.00    0.00    0.25    0.00    0.00    0.00   92.89
20:24:31     all    6.25    0.00    1.25    0.00    0.00    0.75    0.00    0.00    0.00   91.75
20:24:32     all    7.05    0.00    0.25    0.00    0.00    0.25    0.00    0.00    0.00   92.44
20:24:33     all    5.54    0.00    1.01    0.00    0.00    1.01    0.00    0.00    0.00   92.44
20:24:34     all    6.57    0.00    0.51    0.00    0.00    0.51    0.00    0.00    0.00   92.42
20:24:35     all    6.55    0.00    0.76    0.00    0.00    0.50    0.00    0.00    0.00   92.19
20:24:36     all    6.53    0.00    0.75    0.00    0.00    0.50    0.00    0.00    0.00   92.21
20:24:37     all    6.09    0.00    1.02    0.00    0.00    0.25    0.00    0.00    0.00   92.64
20:24:38     all    5.60    0.00    0.51    0.00    0.00    0.76    0.00    0.00    0.00   93.13
20:24:39     all    6.80    0.00    0.50    0.00    0.00    0.25    0.00    0.00    0.00   92.44
20:24:40     all    5.38    0.00    0.26    0.00    0.00    0.51    0.00    0.00    0.00   93.85
20:24:41     all    6.03    0.00    1.01    0.00    0.00    1.01    0.00    0.00    0.00   91.96
20:24:42     all    6.06    0.00    0.76    0.00    0.00    0.25    0.00    0.00    0.00   92.93
20:24:43     all    5.12    0.00    0.77    0.00    0.00    0.26    0.00    0.00    0.00   93.86
20:24:44     all    5.82    0.00    0.51    0.00    0.00    0.51    0.00    0.00    0.00   93.16
20:24:45     all    5.32    0.00    0.76    0.00    0.00    0.76    0.00    0.00    0.00   93.16
20:24:46     all    6.11    0.00    0.51    0.00    0.00    0.51    0.00    0.00    0.00   92.88
20:24:47     all    5.63    0.00    0.77    0.00    0.00    0.26    0.00    0.00    0.00   93.35
20:24:48     all    6.03    0.00    1.01    0.00    0.00    1.01    0.00    0.00    0.00   91.96
20:24:49     all    5.09    0.00    1.02    0.00    0.00    0.51    0.00    0.00    0.00   93.38
20:24:50     all    5.82    0.00    0.76    0.00    0.00    0.25    0.00    0.00    0.00   93.16
20:24:51     all    5.79    0.00    0.50    0.25    0.00    1.01    0.00    0.00    0.00   92.44
20:24:52     all    6.53    0.00    1.01    0.00    0.00    0.50    0.00    0.00    0.00   91.96
20:24:53     all    5.60    0.00    1.02    0.00    0.00    0.25    0.00    0.00    0.00   93.13
20:24:54     all    5.82    0.00    1.01    0.00    0.00    0.51    0.00    0.00    0.00   92.66
20:24:55     all    6.06    0.00    0.76    0.00    0.00    0.76    0.00    0.00    0.00   92.42
20:24:56     all    5.85    0.00    0.51    0.00    0.00    0.51    0.00    0.00    0.00   93.13
20:24:57     all    5.82    0.00    0.76    0.00    0.00    0.76    0.00    0.00    0.00   92.66
20:24:58     all    5.58    0.00    0.76    0.00    0.00    0.51    0.00    0.00    0.00   93.15
20:24:59     all    6.75    0.00    0.75    0.00    0.00    1.00    0.00    0.00    0.00   91.50
20:25:00     all    6.35    0.00    0.76    0.00    0.00    0.25    0.00    0.00    0.00   92.64
20:25:01     all    6.33    0.00    1.01    0.00    0.00    0.51    0.00    0.00    0.00   92.15
20:25:02     all    6.30    0.00    0.50    0.00    0.00    0.76    0.00    0.00    0.00   92.44
20:25:03     all    6.31    0.00    1.01    0.00    0.00    0.76    0.00    0.00    0.00   91.92
20:25:04     all    6.31    0.00    1.01    0.00    0.00    0.25    0.00    0.00    0.00   92.42
20:25:05     all    5.30    0.00    0.76    0.00    0.00    0.76    0.00    0.00    0.00   93.18
20:25:06     all    5.43    0.00    0.26    0.00    0.00    0.26    0.00    0.00    0.00   94.06
20:25:07     all    6.50    0.00    1.00    0.00    0.00    0.50    0.00    0.00    0.00   92.00
20:25:08     all    6.09    0.00    0.51    0.00    0.00    0.51    0.00    0.00    0.00   92.89
20:25:09     all    5.82    0.00    0.76    0.00    0.00    1.01    0.00    0.00    0.00   92.41
20:25:10     all    5.58    0.00    0.76    0.00    0.00    0.76    0.00    0.00    0.00   92.89
20:25:11     all    6.75    0.00    0.75    0.00    0.00    0.75    0.00    0.00    0.00   91.75
20:25:12     all    6.09    0.00    0.76    0.00    0.00    0.25    0.00    0.00    0.00   92.89
20:25:13     all    6.27    0.00    1.25    0.00    0.00    0.75    0.00    0.00    0.00   91.73
20:25:14     all    5.33    0.00    0.76    0.00    0.00    0.76    0.00    0.00    0.00   93.15
20:25:15     all    6.06    0.00    0.76    0.00    0.00    0.51    0.00    0.00    0.00   92.68
20:25:16     all    6.84    0.00    0.76    0.00    0.00    0.25    0.00    0.00    0.00   92.15
20:25:17     all    5.51    0.00    1.00    0.25    0.00    1.00    0.00    0.00    0.00   92.23
20:25:18     all    6.33    0.00    0.51    0.00    0.00    0.51    0.00    0.00    0.00   92.66
20:25:19     all    5.56    0.00    1.01    0.00    0.00    0.51    0.00    0.00    0.00   92.93
20:25:20     all    6.08    0.00    0.51    0.00    0.00    0.76    0.00    0.00    0.00   92.66
20:25:21     all    5.57    0.00    0.76    0.00    0.00    0.51    0.00    0.00    0.00   93.16
20:25:22     all    6.31    0.00    0.76    0.00    0.00    0.51    0.00    0.00    0.00   92.42
20:25:23     all    6.06    0.00    0.51    0.00    0.00    0.51    0.00    0.00    0.00   92.93
20:25:24     all    6.08    0.00    0.76    0.00    0.00    0.25    0.00    0.00    0.00   92.91
20:25:25     all    6.30    0.00    0.76    0.00    0.00    1.01    0.00    0.00    0.00   91.94
20:25:26     all    5.34    0.00    0.76    0.00    0.00    0.51    0.00    0.00    0.00   93.38
20:25:27     all    5.29    0.00    0.76    0.00    0.00    0.76    0.00    0.00    0.00   93.20
20:25:28     all    6.55    0.00    0.50    0.00    0.00    0.76    0.00    0.00    0.00   92.19
20:25:29     all    6.08    0.00    0.51    0.00    0.00    0.51    0.00    0.00    0.00   92.91
20:25:30     all    5.32    0.00    1.01    0.00    0.00    0.51    0.00    0.00    0.00   93.16
20:25:31     all    6.28    0.00    0.50    0.00    0.00    1.01    0.00    0.00    0.00   92.21
20:25:32     all    5.90    0.00    0.26    0.00    0.00    0.00    0.00    0.00    0.00   93.85
20:25:33     all    5.53    0.00    0.75    0.00    0.00    1.26    0.00    0.00    0.00   92.46
20:25:34     all    5.12    0.00    0.51    0.00    0.00    0.00    0.00    0.00    0.00   94.37
20:25:35     all    6.08    0.00    0.51    0.00    0.00    0.25    0.00    0.00    0.00   93.16
20:25:36     all    5.05    0.00    1.01    0.00    0.00    1.01    0.00    0.00    0.00   92.93
20:25:37     all    5.30    0.00    1.01    0.00    0.00    0.51    0.00    0.00    0.00   93.18
20:25:38     all    5.10    0.00    0.26    0.00    0.00    0.51    0.00    0.00    0.00   94.13
20:25:39     all    5.08    0.00    1.02    0.00    0.00    0.51    0.00    0.00    0.00   93.40
20:25:40     all    6.03    0.00    0.50    0.00    0.00    0.75    0.00    0.00    0.00   92.71
20:25:41     all    5.54    0.00    0.76    0.00    0.00    0.25    0.00    0.00    0.00   93.45
20:25:42     all    5.57    0.00    0.51    0.25    0.00    0.76    0.00    0.00    0.00   92.91
20:25:43     all    5.32    0.00    0.51    0.00    0.00    0.51    0.00    0.00    0.00   93.67
20:25:44     all    5.36    0.00    0.77    0.00    0.00    0.26    0.00    0.00    0.00   93.62
20:25:45     all    5.29    0.00    0.50    0.00    0.00    0.76    0.00    0.00    0.00   93.45
20:25:46     all    5.06    0.00    0.76    0.00    0.00    0.76    0.00    0.00    0.00   93.42
20:25:47     all    6.02    0.00    1.00    0.00    0.00    0.50    0.00    0.00    0.00   92.48
20:25:48     all    5.53    0.00    0.75    0.00    0.00    0.75    0.00    0.00    0.00   92.96
20:25:49     all    5.10    0.00    0.77    0.00    0.00    0.26    0.00    0.00    0.00   93.88
20:25:50     all    5.10    0.00    0.26    0.00    0.00    0.77    0.00    0.00    0.00   93.88
20:25:51     all    6.03    0.00    1.26    0.00    0.00    0.00    0.00    0.00    0.00   92.71
20:25:52     all    5.82    0.00    0.25    0.00    0.00    0.76    0.00    0.00    0.00   93.16
20:25:53     all    5.75    0.00    1.00    0.00    0.00    0.50    0.00    0.00    0.00   92.75
20:25:54     all    5.33    0.00    0.25    0.00    0.00    0.51    0.00    0.00    0.00   93.91
20:25:55     all    5.56    0.00    0.76    0.00    0.00    0.51    0.00    0.00    0.00   93.18
20:25:56     all    6.00    0.00    0.75    0.25    0.00    0.50    0.00    0.00    0.00   92.50
20:25:57     all    5.09    0.00    0.51    0.00    0.00    0.51    0.00    0.00    0.00   93.89
20:25:58     all    5.57    0.00    0.76    0.00    0.00    0.25    0.00    0.00    0.00   93.42
20:25:59     all    5.53    0.00    1.01    0.00    0.00    0.50    0.00    0.00    0.00   92.96
20:26:00     all    5.81    0.00    0.51    0.00    0.00    0.51    0.00    0.00    0.00   93.18
20:26:01     all    6.23    0.00    1.25    0.00    0.00    0.50    0.00    0.00    0.00   92.02
20:26:02     all    5.58    0.00    0.25    0.00    0.00    0.25    0.00    0.00    0.00   93.91
20:26:03     all    5.57    0.00    0.76    0.00    0.00    0.51    0.00    0.00    0.00   93.16
20:26:04     all    5.53    0.00    1.01    0.00    0.00    0.75    0.00    0.00    0.00   92.71
20:26:05     all    5.84    0.00    0.25    0.00    0.00    0.51    0.00    0.00    0.00   93.40
20:26:06     all    6.28    0.00    0.75    0.00    0.00    0.50    0.00    0.00    0.00   92.46
20:26:07     all    4.76    0.00    0.75    0.00    0.00    0.25    0.00    0.00    0.00   94.24
20:26:08     all    4.56    0.00    0.25    0.25    0.00    0.51    0.00    0.00    0.00   94.43
20:26:09     all    5.72    0.00    1.00    0.00    0.00    0.25    0.00    0.00    0.00   93.03
20:26:10     all    4.55    0.00    0.00    0.00    0.00    0.51    0.00    0.00    0.00   94.95
20:26:11     all    4.03    0.00    0.50    0.00    0.00    0.25    0.00    0.00    0.00   95.21
20:26:12     all    3.76    0.00    0.75    0.00    0.00    0.25    0.00    0.00    0.00   95.24
20:26:13     all    2.81    0.00    0.26    0.00    0.00    0.00    0.00    0.00    0.00   96.94
20:26:14     all    2.78    0.00    0.51    0.00    0.00    0.00    0.00    0.00    0.00   96.71
20:26:15     all    3.52    0.00    0.25    0.00    0.00    0.50    0.00    0.00    0.00   95.73
20:26:16     all    3.03    0.00    0.51    0.00    0.00    0.00    0.00    0.00    0.00   96.46
20:26:17     all    2.53    0.00    0.25    0.00    0.00    0.00    0.00    0.00    0.00   97.22
20:26:18     all    2.26    0.00    0.00    0.00    0.00    0.00    0.00    0.00    0.00   97.74
20:26:19     all    2.00    0.00    0.25    0.00    0.00    0.25    0.00    0.00    0.00   97.50
20:26:20     all    2.00    0.00    0.25    0.00    0.00    0.00    0.00    0.00    0.00   97.75
20:26:21     all    1.26    0.00    0.25    0.00    0.00    0.00    0.00    0.00    0.00   98.49
20:26:22     all    1.26    0.00    0.00    0.00    0.00    0.00    0.00    0.00    0.00   98.74
20:26:23     all    1.01    0.00    0.25    0.00    0.00    0.25    0.00    0.00    0.00   98.49
20:26:24     all    0.75    0.00    0.00    0.00    0.00    0.25    0.00    0.00    0.00   99.00
20:26:25     all    0.75    0.00    0.00    0.00    0.00    0.00    0.00    0.00    0.00   99.25
20:26:26     all    0.50    0.00    0.25    0.00    0.00    0.00    0.00    0.00    0.00   99.25
20:26:27     all    1.00    0.00    0.00    0.00    0.00    0.00    0.00    0.00    0.00   99.00
20:26:28     all    0.25    0.00    0.00    0.00    0.00    0.00    0.00    0.00    0.00   99.75
20:26:29     all    0.25    0.00    0.00    0.00    0.00    0.00    0.00    0.00    0.00   99.75
20:26:30     all    1.00    0.00    0.00    0.00    0.00    0.25    0.00    0.00    0.00   98.76
20:26:31     all    0.00    0.00    0.00    0.00    0.00    0.00    0.00    0.00    0.00  100.00
20:26:32     all    0.00    0.00    0.00    0.00    0.00    0.00    0.00    0.00    0.00  100.00
20:26:33     all    0.00    0.00    0.00    0.00    0.00    0.00    0.00    0.00    0.00  100.00
20:26:34     all    0.00    0.00    0.00    0.00    0.00    0.00    0.00    0.00    0.00  100.00
20:26:35     all    0.00    0.00    0.00    0.00    0.00    0.00    0.00    0.00    0.00  100.00
20:26:36     all    0.00    0.00    0.00    0.00    0.00    0.00    0.00    0.00    0.00  100.00
20:26:37     all    0.00    0.00    0.00    0.00    0.00    0.00    0.00    0.00    0.00  100.00
20:26:38     all    0.00    0.00    0.25    0.25    0.00    0.00    0.00    0.00    0.00   99.50
20:26:39     all    0.00    0.00    0.00    0.00    0.00    0.00    0.00    0.00    0.00  100.00
