Linux 6.8.0-1063-gcp (csb-bench-host-gcp) 	08/06/26 	_x86_64_	(4 CPU)

00:21:14     CPU    %usr   %nice    %sys %iowait    %irq   %soft  %steal  %guest  %gnice   %idle
00:21:15     all    6.62    0.00    1.27    0.00    0.00    0.00    0.00    0.00    0.00   92.11
00:21:16     all    5.03    0.00    0.50    0.00    0.00    0.75    0.00    0.00    0.00   93.72
00:21:17     all    4.55    0.00    0.76    0.00    0.00    0.25    0.25    0.00    0.00   94.19
00:21:18     all    4.79    0.00    0.50    0.00    0.00    0.25    0.00    0.00    0.00   94.46
00:21:19     all    4.99    0.00    0.75    0.00    0.00    0.75    0.00    0.00    0.00   93.52
00:21:20     all    4.55    0.00    0.25    0.25    0.00    0.25    0.00    0.00    0.00   94.70
00:21:21     all    4.79    0.00    0.76    0.00    0.00    0.50    0.00    0.00    0.00   93.95
00:21:22     all    4.26    0.00    1.00    0.00    0.00    0.50    0.00    0.00    0.00   94.24
00:21:23     all    5.04    0.00    0.50    0.00    0.00    0.25    0.00    0.00    0.00   94.21
00:21:24     all    4.07    0.00    0.25    0.00    0.00    0.25    0.00    0.00    0.00   95.42
00:21:25     all    4.77    0.00    0.50    0.00    0.00    0.50    0.00    0.00    0.00   94.22
00:21:26     all    4.51    0.00    1.00    0.00    0.00    0.75    0.00    0.00    0.00   93.73
00:21:27     all    4.33    0.00    0.51    0.00    0.00    0.00    0.00    0.00    0.00   95.17
00:21:28     all    5.22    0.00    0.75    0.00    0.00    0.50    0.00    0.00    0.00   93.53
00:21:29     all    4.05    0.00    0.76    0.00    0.00    0.51    0.00    0.00    0.00   94.68
00:21:30     all    4.76    0.00    0.50    0.00    0.00    0.75    0.00    0.00    0.00   93.98
00:21:31     all    4.77    0.00    0.75    0.00    0.00    0.00    0.00    0.00    0.00   94.47
00:21:32     all    4.83    0.00    0.25    0.00    0.00    0.00    0.00    0.00    0.00   94.91
00:21:33     all    4.51    0.00    0.75    0.00    0.00    0.50    0.00    0.00    0.00   94.24
00:21:34     all    5.03    0.00    0.50    0.00    0.00    0.50    0.00    0.00    0.00   93.97
00:21:35     all    4.51    0.00    0.75    0.00    0.00    0.50    0.00    0.00    0.00   94.24
00:21:36     all    4.56    0.00    0.25    0.00    0.00    0.25    0.00    0.00    0.00   94.94
00:21:37     all    4.50    0.00    1.00    0.00    0.00    0.75    0.00    0.00    0.00   93.75
00:21:38     all    4.28    0.00    0.50    0.00    0.00    0.50    0.00    0.00    0.00   94.71
00:21:39     all    4.77    0.00    0.50    0.00    0.00    0.25    0.00    0.00    0.00   94.47
00:21:40     all    5.01    0.00    0.50    0.00    0.00    0.25    0.00    0.00    0.00   94.24
00:21:41     all    4.31    0.00    0.25    0.00    0.00    0.51    0.00    0.00    0.00   94.92
00:21:42     all    4.52    0.00    0.75    0.00    0.00    0.50    0.00    0.00    0.00   94.22
00:21:43     all    4.52    0.00    0.75    0.00    0.00    0.25    0.00    0.00    0.00   94.47
00:21:44     all    4.76    0.00    0.50    0.00    0.00    0.75    0.25    0.00    0.00   93.73
00:21:45     all    4.51    0.00    0.75    0.00    0.00    0.50    0.00    0.00    0.00   94.24
00:21:46     all    4.29    0.00    0.51    0.00    0.00    0.25    0.00    0.00    0.00   94.95
00:21:47     all    4.30    0.00    0.25    0.00    0.00    0.25    0.00    0.00    0.00   95.19
00:21:48     all    4.27    0.00    0.75    0.00    0.00    0.50    0.00    0.00    0.00   94.47
00:21:49     all    4.59    0.00    0.26    0.00    0.00    0.00    0.00    0.00    0.00   95.15
00:21:50     all    4.71    0.00    0.50    0.00    0.00    0.99    0.25    0.00    0.00   93.55
00:21:51     all    4.29    0.00    0.76    0.00    0.00    0.25    0.25    0.00    0.00   94.44
00:21:52     all    4.33    0.00    0.25    0.00    0.00    0.25    0.00    0.00    0.00   95.17
00:21:53     all    5.28    0.00    0.25    0.00    0.00    0.50    0.00    0.00    0.00   93.97
00:21:54     all    4.03    0.00    0.76    0.00    0.00    0.76    0.00    0.00    0.00   94.46
00:21:55     all    4.31    0.00    0.51    0.00    0.00    0.25    0.00    0.00    0.00   94.92
00:21:56     all    5.50    0.00    0.50    0.00    0.00    0.25    0.00    0.00    0.00   93.75
00:21:57     all    4.27    0.00    0.75    0.25    0.00    0.25    0.00    0.00    0.00   94.47
00:21:58     all    4.77    0.00    0.75    0.00    0.00    0.50    0.00    0.00    0.00   93.97
00:21:59     all    4.76    0.00    0.50    0.00    0.00    0.75    0.00    0.00    0.00   93.98
00:22:00     all    4.30    0.00    0.76    0.00    0.00    0.00    0.00    0.00    0.00   94.94
00:22:01     all    4.28    0.00    0.76    0.00    0.00    0.50    0.00    0.00    0.00   94.46
00:22:02     all    4.57    0.00    0.25    0.00    0.00    0.00    0.25    0.00    0.00   94.92
00:22:03     all    4.57    0.00    0.25    0.00    0.00    0.25    0.00    0.00    0.00   94.92
00:22:04     all    4.98    0.00    0.75    0.00    0.00    0.75    0.00    0.00    0.00   93.53
00:22:05     all    4.29    0.00    0.51    0.00    0.00    0.76    0.00    0.00    0.00   94.44
00:22:06     all    4.53    0.00    0.50    0.00    0.00    0.25    0.00    0.00    0.00   94.71
00:22:07     all    4.53    0.00    0.50    0.00    0.00    0.25    0.00    0.00    0.00   94.71
00:22:08     all    4.04    0.00    1.01    0.00    0.00    0.51    0.00    0.00    0.00   94.44
00:22:09     all    5.04    0.00    0.25    0.00    0.00    0.25    0.00    0.00    0.00   94.46
00:22:10     all    4.28    0.00    0.76    0.00    0.00    0.50    0.00    0.00    0.00   94.46
00:22:11     all    4.77    0.00    0.25    0.00    0.00    0.50    0.00    0.00    0.00   94.47
00:22:12     all    4.06    0.00    1.02    0.00    0.00    0.00    0.00    0.00    0.00   94.92
00:22:13     all    4.77    0.00    0.25    0.00    0.00    0.50    0.00    0.00    0.00   94.47
00:22:14     all    4.76    0.00    1.00    0.00    0.00    0.50    0.00    0.00    0.00   93.73
00:22:15     all    4.28    0.00    0.25    0.00    0.00    0.76    0.00    0.00    0.00   94.71
00:22:16     all    4.29    0.00    0.76    0.00    0.00    0.51    0.00    0.00    0.00   94.44
00:22:17     all    4.79    0.00    0.76    0.00    0.00    0.25    0.00    0.00    0.00   94.21
00:22:18     all    4.79    0.00    0.50    0.00    0.00    0.50    0.00    0.00    0.00   94.21
00:22:19     all    4.27    0.00    0.50    0.00    0.00    0.75    0.00    0.00    0.00   94.47
00:22:20     all    4.80    0.00    0.51    0.00    0.00    0.25    0.00    0.00    0.00   94.44
00:22:21     all    4.55    0.00    0.25    0.00    0.00    0.51    0.00    0.00    0.00   94.70
00:22:22     all    4.52    0.00    0.75    0.00    0.00    0.50    0.00    0.00    0.00   94.22
00:22:23     all    4.51    0.00    0.75    0.00    0.00    0.50    0.00    0.00    0.00   94.24
00:22:24     all    4.55    0.00    0.51    0.00    0.00    0.25    0.25    0.00    0.00   94.44
00:22:25     all    4.80    0.00    0.51    0.00    0.00    0.25    0.00    0.00    0.00   94.44
00:22:26     all    4.55    0.00    0.51    0.00    0.00    0.51    0.00    0.00    0.00   94.44
00:22:27     all    5.00    0.00    0.50    0.00    0.00    0.75    0.00    0.00    0.00   93.75
00:22:28     all    4.29    0.00    0.51    0.00    0.00    0.51    0.00    0.00    0.00   94.70
00:22:29     all    4.29    0.00    0.51    0.00    0.00    0.51    0.00    0.00    0.00   94.70
00:22:30     all    4.49    0.00    1.00    0.00    0.00    0.75    0.00    0.00    0.00   93.77
00:22:31     all    5.04    0.00    0.50    0.00    0.00    0.25    0.00    0.00    0.00   94.21
00:22:32     all    4.75    0.00    0.75    0.00    0.00    0.75    0.00    0.00    0.00   93.75
00:22:33     all    5.05    0.00    0.00    0.00    0.00    0.25    0.00    0.00    0.00   94.70
00:22:34     all    4.99    0.00    1.00    0.25    0.00    0.25    0.25    0.00    0.00   93.27
00:22:35     all    4.51    0.00    0.50    0.00    0.00    0.75    0.25    0.00    0.00   93.98
00:22:36     all    4.55    0.00    0.51    0.00    0.00    0.25    0.00    0.00    0.00   94.70
00:22:37     all    4.75    0.00    0.75    0.00    0.00    0.50    0.00    0.00    0.00   94.00
00:22:38     all    5.29    0.00    0.00    0.00    0.00    0.76    0.00    0.00    0.00   93.95
00:22:39     all    5.00    0.00    0.75    0.00    0.00    0.25    0.00    0.00    0.00   94.00
00:22:40     all    4.55    0.00    0.25    0.00    0.00    0.25    0.00    0.00    0.00   94.95
00:22:41     all    4.52    0.00    1.01    0.00    0.00    0.75    0.00    0.00    0.00   93.72
00:22:42     all    4.56    0.00    0.25    0.00    0.00    0.00    0.00    0.00    0.00   95.19
00:22:43     all    5.03    0.00    0.25    0.00    0.00    0.50    0.00    0.00    0.00   94.22
00:22:44     all    4.55    0.00    0.76    0.00    0.00    0.25    0.00    0.00    0.00   94.44
00:22:45     all    3.25    0.00    0.50    0.00    0.00    0.25    0.00    0.00    0.00   96.00
00:22:46     all    3.52    0.00    0.25    0.00    0.00    0.50    0.00    0.00    0.00   95.73
00:22:47     all    4.04    0.00    0.51    0.00    0.00    0.00    0.00    0.00    0.00   95.45
00:22:48     all    4.27    0.00    0.75    0.00    0.00    0.50    0.00    0.00    0.00   94.47
00:22:49     all    4.50    0.00    0.50    0.25    0.00    0.75    0.25    0.00    0.00   93.75
00:22:50     all    5.29    0.00    0.25    0.00    0.00    0.25    0.00    0.00    0.00   94.21
00:22:51     all    4.76    0.00    1.00    0.00    0.00    0.25    0.00    0.00    0.00   93.98
00:22:52     all    4.33    0.00    0.25    0.00    0.00    0.25    0.00    0.00    0.00   95.17
00:22:53     all    4.99    0.00    1.00    0.00    0.00    0.75    0.00    0.00    0.00   93.27
00:22:54     all    4.53    0.00    0.25    0.25    0.00    0.25    0.00    0.00    0.00   94.71
00:22:55     all    4.29    0.00    0.76    0.00    0.00    0.25    0.00    0.00    0.00   94.70
00:22:56     all    5.00    0.00    0.75    0.00    0.00    0.50    0.00    0.00    0.00   93.75
00:22:57     all    4.34    0.00    0.26    0.00    0.00    0.00    0.00    0.00    0.00   95.41
00:22:58     all    4.98    0.00    0.75    0.00    0.00    0.75    0.00    0.00    0.00   93.53
00:22:59     all    5.26    0.00    0.75    0.00    0.00    0.00    0.00    0.00    0.00   93.98
00:23:00     all    4.76    0.00    0.50    0.00    0.00    0.50    0.00    0.00    0.00   94.24
00:23:01     all    4.05    0.00    0.76    0.00    0.00    0.25    0.00    0.00    0.00   94.94
00:23:02     all    5.05    0.00    0.25    0.25    0.00    0.51    0.00    0.00    0.00   93.94
00:23:03     all    5.01    0.00    0.75    0.00    0.00    0.50    0.00    0.00    0.00   93.73
00:23:04     all    4.53    0.00    0.50    0.00    0.00    0.50    0.00    0.00    0.00   94.46
00:23:05     all    4.81    0.00    0.51    0.00    0.00    0.25    0.00    0.00    0.00   94.43
00:23:06     all    4.80    0.00    0.51    0.00    0.00    0.00    0.00    0.00    0.00   94.70
00:23:07     all    4.27    0.00    0.75    0.00    0.00    0.75    0.00    0.00    0.00   94.22
00:23:08     all    4.28    0.00    0.50    0.00    0.00    0.50    0.00    0.00    0.00   94.71
00:23:09     all    4.76    0.00    0.50    0.00    0.00    0.50    0.00    0.00    0.00   94.24
00:23:10     all    4.76    0.00    1.00    0.00    0.00    0.50    0.25    0.00    0.00   93.48
00:23:11     all    4.53    0.00    0.50    0.00    0.00    0.50    0.00    0.00    0.00   94.46
00:23:12     all    4.56    0.00    0.25    0.00    0.00    0.51    0.00    0.00    0.00   94.68
00:23:13     all    4.80    0.00    0.76    0.00    0.00    0.00    0.00    0.00    0.00   94.44
00:23:14     all    5.50    0.00    0.50    0.00    0.00    1.00    0.00    0.00    0.00   93.00
00:23:15     all    5.82    0.00    0.76    0.00    0.00    0.25    0.00    0.00    0.00   93.16
00:23:16     all    6.31    0.00    0.51    0.00    0.00    0.25    0.00    0.00    0.00   92.93
00:23:17     all    6.55    0.00    0.50    0.00    0.00    0.50    0.00    0.00    0.00   92.44
00:23:18     all    6.30    0.00    0.76    0.00    0.00    0.76    0.00    0.00    0.00   92.19
00:23:19     all    5.82    0.00    0.76    0.00    0.00    0.25    0.25    0.00    0.00   92.91
00:23:20     all    6.52    0.00    1.00    0.00    0.00    0.50    0.00    0.00    0.00   91.98
00:23:21     all    6.31    0.00    0.51    0.00    0.00    0.76    0.00    0.00    0.00   92.42
00:23:22     all    7.25    0.00    0.75    0.00    0.00    0.50    0.00    0.00    0.00   91.50
00:23:23     all    5.84    0.00    0.51    0.00    0.00    0.76    0.00    0.00    0.00   92.89
00:23:24     all    6.27    0.00    0.75    0.00    0.00    0.75    0.25    0.00    0.00   91.98
00:23:25     all    6.36    0.00    0.51    0.00    0.00    0.25    0.00    0.00    0.00   92.88
00:23:26     all    6.35    0.00    0.25    0.00    0.00    0.51    0.00    0.00    0.00   92.89
00:23:27     all    6.03    0.00    0.75    0.00    0.00    0.75    0.00    0.00    0.00   92.46
00:23:28     all    6.31    0.00    0.51    0.25    0.00    0.51    0.00    0.00    0.00   92.42
00:23:29     all    6.58    0.00    0.76    0.00    0.00    0.25    0.00    0.00    0.00   92.41
00:23:30     all    6.78    0.00    0.25    0.00    0.00    1.01    0.00    0.00    0.00   91.96
00:23:31     all    6.78    0.00    0.50    0.00    0.00    0.25    0.25    0.00    0.00   92.21
00:23:32     all    6.08    0.00    0.76    0.00    0.00    0.51    0.00    0.00    0.00   92.66
00:23:33     all    7.02    0.00    0.75    0.00    0.00    0.50    0.00    0.00    0.00   91.73
00:23:34     all    6.55    0.00    0.25    0.00    0.00    1.01    0.00    0.00    0.00   92.19
00:23:35     all    5.82    0.00    1.27    0.00    0.00    0.25    0.00    0.00    0.00   92.66
00:23:36     all    6.06    0.00    1.01    0.00    0.00    0.25    0.00    0.00    0.00   92.68
00:23:37     all    6.05    0.00    0.76    0.00    0.00    0.76    0.00    0.00    0.00   92.44
00:23:38     all    6.33    0.00    0.76    0.00    0.00    0.25    0.00    0.00    0.00   92.66
00:23:39     all    5.10    0.00    0.51    0.00    0.00    0.51    0.00    0.00    0.00   93.88
00:23:40     all    6.58    0.00    0.25    0.00    0.00    0.51    0.00    0.00    0.00   92.66
00:23:41     all    6.78    0.00    0.75    0.00    0.00    0.75    0.00    0.00    0.00   91.71
00:23:42     all    6.03    0.00    1.26    0.00    0.00    0.25    0.00    0.00    0.00   92.46
00:23:43     all    6.31    0.00    0.25    0.00    0.00    0.76    0.00    0.00    0.00   92.68
00:23:44     all    6.35    0.00    0.51    0.00    0.00    0.25    0.00    0.00    0.00   92.89
00:23:45     all    6.98    0.00    0.75    0.00    0.00    0.75    0.00    0.00    0.00   91.52
00:23:46     all    5.61    0.00    0.77    0.00    0.00    0.00    0.00    0.00    0.00   93.62
00:23:47     all    6.28    0.00    1.01    0.00    0.00    0.25    0.00    0.00    0.00   92.46
00:23:48     all    6.08    0.00    0.51    0.00    0.00    0.51    0.00    0.00    0.00   92.91
00:23:49     all    6.53    0.00    0.50    0.00    0.00    0.75    0.00    0.00    0.00   92.21
00:23:50     all    5.81    0.00    1.01    0.00    0.00    0.25    0.25    0.00    0.00   92.68
00:23:51     all    6.52    0.00    0.75    0.00    0.00    0.75    0.00    0.00    0.00   91.98
00:23:52     all    6.08    0.00    0.51    0.00    0.00    0.51    0.00    0.00    0.00   92.91
00:23:53     all    6.05    0.00    1.01    0.00    0.00    0.50    0.00    0.00    0.00   92.44
00:23:54     all    6.33    0.00    0.76    0.00    0.00    0.25    0.00    0.00    0.00   92.66
00:23:55     all    6.28    0.00    1.01    0.00    0.00    0.25    0.00    0.00    0.00   92.46
00:23:56     all    6.05    0.00    0.50    0.00    0.00    1.01    0.00    0.00    0.00   92.44
00:23:57     all    6.80    0.00    0.76    0.00    0.00    0.50    0.00    0.00    0.00   91.94
00:23:58     all    6.60    0.00    0.51    0.00    0.00    0.25    0.00    0.00    0.00   92.64
00:23:59     all    6.08    0.00    0.76    0.00    0.00    0.25    0.00    0.00    0.00   92.91
00:24:00     all    6.72    0.00    1.00    0.00    0.00    0.75    0.00    0.00    0.00   91.54
00:24:01     all    6.53    0.00    0.75    0.00    0.00    0.50    0.00    0.00    0.00   92.21
00:24:02     all    5.36    0.00    0.77    0.00    0.00    0.26    0.00    0.00    0.00   93.62
00:24:03     all    5.78    0.00    1.01    0.00    0.00    0.75    0.00    0.00    0.00   92.46
00:24:04     all    6.08    0.00    0.51    0.00    0.00    0.51    0.00    0.00    0.00   92.91
00:24:05     all    6.52    0.00    1.00    0.00    0.00    0.25    0.25    0.00    0.00   91.98
00:24:06     all    6.05    0.00    1.01    0.00    0.00    0.50    0.00    0.00    0.00   92.44
00:24:07     all    6.55    0.00    0.50    0.00    0.00    0.50    0.00    0.00    0.00   92.44
00:24:08     all    5.82    0.00    1.01    0.00    0.00    0.51    0.00    0.00    0.00   92.66
00:24:09     all    6.08    0.00    0.51    0.00    0.00    0.51    0.00    0.00    0.00   92.91
00:24:10     all    6.75    0.00    0.50    0.00    0.00    0.75    0.00    0.00    0.00   92.00
00:24:11     all    6.35    0.00    0.51    0.00    0.00    0.25    0.25    0.00    0.00   92.64
00:24:12     all    6.27    0.00    0.75    0.00    0.00    0.75    0.00    0.00    0.00   92.23
00:24:13     all    5.79    0.00    0.76    0.00    0.00    0.76    0.00    0.00    0.00   92.70
00:24:14     all    5.84    0.00    1.02    0.00    0.00    0.51    0.00    0.00    0.00   92.64
00:24:15     all    6.57    0.00    0.51    0.00    0.00    0.25    0.00    0.00    0.00   92.68
00:24:16     all    6.78    0.00    0.50    0.00    0.00    0.25    0.00    0.00    0.00   92.46
00:24:17     all    6.73    0.00    0.75    0.00    0.00    1.00    0.00    0.00    0.00   91.52
00:24:18     all    5.84    0.00    1.02    0.00    0.00    0.51    0.00    0.00    0.00   92.64
00:24:19     all    5.54    0.00    0.76    0.00    0.00    0.50    0.25    0.00    0.00   92.95
00:24:20     all    6.30    0.00    1.01    0.00    0.00    0.25    0.00    0.00    0.00   92.44
00:24:21     all    6.78    0.00    0.75    0.00    0.00    0.75    0.00    0.00    0.00   91.71
00:24:22     all    6.60    0.00    0.25    0.00    0.00    0.00    0.00    0.00    0.00   93.15
00:24:23     all    6.30    0.00    1.01    0.00    0.00    0.50    0.00    0.00    0.00   92.19
00:24:24     all    6.06    0.00    0.25    0.00    0.00    1.01    0.00    0.00    0.00   92.68
00:24:25     all    6.97    0.00    1.00    0.00    0.00    1.00    0.00    0.00    0.00   91.04
00:24:26     all    5.64    0.00    0.51    0.00    0.00    0.26    0.00    0.00    0.00   93.59
00:24:27     all    6.57    0.00    0.51    0.00    0.00    0.51    0.00    0.00    0.00   92.42
00:24:28     all    7.00    0.00    1.00    0.00    0.00    0.50    0.00    0.00    0.00   91.50
00:24:29     all    6.58    0.00    0.51    0.00    0.00    0.25    0.00    0.00    0.00   92.66
00:24:30     all    6.55    0.00    0.50    0.00    0.00    1.01    0.00    0.00    0.00   91.94
00:24:31     all    6.06    0.00    1.01    0.00    0.00    0.25    0.00    0.00    0.00   92.68
00:24:32     all    6.47    0.00    1.00    0.25    0.00    0.75    0.00    0.00    0.00   91.54
00:24:33     all    6.82    0.00    0.51    0.00    0.00    0.51    0.00    0.00    0.00   92.17
00:24:34     all    6.09    0.00    0.76    0.00    0.00    0.25    0.00    0.00    0.00   92.89
00:24:35     all    6.72    0.00    0.75    0.00    0.00    1.00    0.00    0.00    0.00   91.54
00:24:36     all    6.09    0.00    0.51    0.00    0.00    0.25    0.25    0.00    0.00   92.89
00:24:37     all    6.47    0.00    1.24    0.00    0.00    0.75    0.00    0.00    0.00   91.54
00:24:38     all    6.35    0.00    0.76    0.00    0.00    0.00    0.00    0.00    0.00   92.89
00:24:39     all    6.31    0.00    0.25    0.00    0.00    0.76    0.00    0.00    0.00   92.68
00:24:40     all    6.31    0.00    1.01    0.00    0.00    0.25    0.00    0.00    0.00   92.42
00:24:41     all    6.31    0.00    0.51    0.00    0.00    0.51    0.00    0.00    0.00   92.68
00:24:42     all    6.28    0.00    0.75    0.00    0.00    0.75    0.00    0.00    0.00   92.21
00:24:43     all    6.05    0.00    1.01    0.00    0.00    0.50    0.00    0.00    0.00   92.44
00:24:44     all    6.33    0.00    0.51    0.00    0.00    0.51    0.00    0.00    0.00   92.66
00:24:45     all    6.27    0.00    1.00    0.00    0.00    0.50    0.00    0.00    0.00   92.23
00:24:46     all    6.53    0.00    0.00    0.00    0.00    0.50    0.25    0.00    0.00   92.71
00:24:47     all    6.06    0.00    1.01    0.00    0.00    0.51    0.00    0.00    0.00   92.42
00:24:48     all    6.55    0.00    1.01    0.00    0.00    0.50    0.00    0.00    0.00   91.94
00:24:49     all    6.33    0.00    0.76    0.00    0.00    0.00    0.00    0.00    0.00   92.91
00:24:50     all    5.85    0.00    0.25    0.00    0.00    0.76    0.00    0.00    0.00   93.13
00:24:51     all    6.55    0.00    0.76    0.00    0.00    0.50    0.00    0.00    0.00   92.19
00:24:52     all    6.55    0.00    0.76    0.00    0.00    0.50    0.00    0.00    0.00   92.19
00:24:53     all    6.52    0.00    0.75    0.00    0.00    0.50    0.25    0.00    0.00   91.98
00:24:54     all    6.33    0.00    0.51    0.00    0.00    0.51    0.00    0.00    0.00   92.66
00:24:55     all    6.03    0.00    1.01    0.00    0.00    0.75    0.00    0.00    0.00   92.21
00:24:56     all    6.78    0.00    0.50    0.00    0.00    0.75    0.00    0.00    0.00   91.96
00:24:57     all    6.31    0.00    1.01    0.00    0.00    0.00    0.00    0.00    0.00   92.68
00:24:58     all    6.31    0.00    0.51    0.00    0.00    0.76    0.00    0.00    0.00   92.42
00:24:59     all    6.31    0.00    0.76    0.00    0.00    0.25    0.00    0.00    0.00   92.68
00:25:00     all    6.55    0.00    0.76    0.00    0.00    0.76    0.00    0.00    0.00   91.94
00:25:01     all    6.05    0.00    1.51    1.26    0.00    0.25    0.00    0.00    0.00   90.93
00:25:02     all    6.80    0.00    0.50    0.00    0.00    0.50    0.00    0.00    0.00   92.19
00:25:03     all    5.57    0.00    1.01    0.00    0.00    0.51    0.00    0.00    0.00   92.91
00:25:04     all    6.30    0.00    0.76    0.00    0.00    0.76    0.00    0.00    0.00   92.19
00:25:05     all    5.85    0.00    0.76    0.00    0.00    0.00    0.00    0.00    0.00   93.38
00:25:06     all    6.03    0.00    0.75    0.00    0.00    1.01    0.00    0.00    0.00   92.21
00:25:07     all    6.55    0.00    0.50    0.00    0.00    0.50    0.25    0.00    0.00   92.19
00:25:08     all    6.30    0.00    0.76    0.00    0.00    0.25    0.00    0.00    0.00   92.70
00:25:09     all    6.62    0.00    0.00    0.00    0.00    0.76    0.00    0.00    0.00   92.62
00:25:10     all    6.53    0.00    1.01    0.00    0.00    0.50    0.00    0.00    0.00   91.96
00:25:11     all    6.48    0.00    1.00    0.00    0.00    1.00    0.00    0.00    0.00   91.52
00:25:12     all    6.11    0.00    0.25    0.00    0.00    0.25    0.00    0.00    0.00   93.38
00:25:13     all    6.30    0.00    1.01    0.00    0.00    0.50    0.00    0.00    0.00   92.19
00:25:14     all    6.52    0.00    0.75    0.25    0.00    0.50    0.25    0.00    0.00   91.73
00:25:15     all    5.84    0.00    0.51    0.00    0.00    0.25    0.00    0.00    0.00   93.40
00:25:16     all    7.04    0.00    1.01    0.00    0.00    0.50    0.00    0.00    0.00   91.46
00:25:17     all    6.60    0.00    0.51    0.00    0.00    0.25    0.00    0.00    0.00   92.64
00:25:18     all    6.28    0.00    1.01    0.00    0.00    0.50    0.00    0.00    0.00   92.21
00:25:19     all    6.28    0.00    1.01    0.00    0.00    0.75    0.00    0.00    0.00   91.96
00:25:20     all    6.84    0.00    0.00    0.00    0.00    0.51    0.25    0.00    0.00   92.41
00:25:21     all    6.53    0.00    1.01    0.00    0.00    0.50    0.00    0.00    0.00   91.96
00:25:22     all    6.60    0.00    0.51    0.00    0.00    0.25    0.00    0.00    0.00   92.64
00:25:23     all    7.00    0.00    0.75    0.00    0.00    0.50    0.00    0.00    0.00   91.75
00:25:24     all    6.33    0.00    0.76    0.25    0.00    0.51    0.00    0.00    0.00   92.15
00:25:25     all    6.78    0.00    1.01    0.00    0.00    0.75    0.00    0.00    0.00   91.46
00:25:26     all    6.35    0.00    0.51    0.00    0.00    0.25    0.00    0.00    0.00   92.89
00:25:27     all    6.52    0.00    1.00    0.00    0.00    1.00    0.00    0.00    0.00   91.48
00:25:28     all    6.57    0.00    0.51    0.00    0.00    0.25    0.00    0.00    0.00   92.68
00:25:29     all    6.30    0.00    0.76    0.00    0.00    0.50    0.00    0.00    0.00   92.44
00:25:30     all    6.36    0.00    0.51    0.00    0.00    0.25    0.00    0.00    0.00   92.88
00:25:31     all    6.06    0.00    1.01    0.00    0.00    0.76    0.00    0.00    0.00   92.17
00:25:32     all    5.81    0.00    0.76    0.00    0.00    0.76    0.25    0.00    0.00   92.42
00:25:33     all    6.05    0.00    0.76    0.00    0.00    0.50    0.00    0.00    0.00   92.70
00:25:34     all    7.30    0.00    0.50    0.00    0.00    0.50    0.00    0.00    0.00   91.69
00:25:35     all    5.37    0.00    1.02    0.00    0.00    0.51    0.00    0.00    0.00   93.09
00:25:36     all    6.77    0.00    0.75    0.00    0.00    0.75    0.00    0.00    0.00   91.73
00:25:37     all    5.56    0.00    0.76    0.00    0.00    0.51    0.00    0.00    0.00   93.18
00:25:38     all    7.04    0.00    0.75    0.00    0.00    0.25    0.00    0.00    0.00   91.96
00:25:39     all    6.55    0.00    1.01    0.00    0.00    0.25    0.00    0.00    0.00   92.19
00:25:40     all    5.58    0.00    1.02    0.00    0.00    0.25    0.00    0.00    0.00   93.15
00:25:41     all    6.09    0.00    0.51    0.00    0.00    0.51    0.00    0.00    0.00   92.89
00:25:42     all    5.79    0.00    0.76    0.00    0.00    0.76    0.00    0.00    0.00   92.70
00:25:43     all    5.81    0.00    1.01    0.00    0.00    0.25    0.00    0.00    0.00   92.93
00:25:44     all    6.31    0.00    0.51    0.00    0.00    0.76    0.00    0.00    0.00   92.42
00:25:45     all    5.51    0.00    0.50    0.25    0.00    0.25    0.00    0.00    0.00   93.48
00:25:46     all    3.03    0.00    0.51    0.00    0.00    0.25    0.00    0.00    0.00   96.21
00:25:47     all    5.08    0.00    0.76    0.00    0.00    0.00    0.00    0.00    0.00   94.16
00:25:48     all    6.47    0.00    0.75    0.00    0.00    0.75    0.00    0.00    0.00   92.04
00:25:49     all    6.11    0.00    0.51    0.00    0.00    0.51    0.00    0.00    0.00   92.88
00:25:50     all    6.28    0.00    0.75    0.00    0.00    0.25    0.00    0.00    0.00   92.71
00:25:51     all    6.05    0.00    0.76    0.00    0.00    0.76    0.25    0.00    0.00   92.19
00:25:52     all    6.53    0.00    1.01    0.00    0.00    0.50    0.00    0.00    0.00   91.96
00:25:53     all    6.55    0.00    0.76    0.00    0.00    0.25    0.00    0.00    0.00   92.44
00:25:54     all    6.31    0.00    0.76    0.00    0.00    0.51    0.00    0.00    0.00   92.42
00:25:55     all    6.82    0.00    0.76    0.00    0.00    0.25    0.00    0.00    0.00   92.17
00:25:56     all    6.50    0.00    1.00    0.00    0.00    0.75    0.00    0.00    0.00   91.75
00:25:57     all    6.84    0.00    0.51    0.00    0.00    0.25    0.00    0.00    0.00   92.41
00:25:58     all    6.77    0.00    0.50    0.00    0.00    0.25    0.25    0.00    0.00   92.23
00:25:59     all    6.30    0.00    1.01    0.00    0.00    0.25    0.00    0.00    0.00   92.44
00:26:00     all    6.05    0.00    0.50    0.00    0.00    1.01    0.25    0.00    0.00   92.19
00:26:01     all    6.06    0.00    1.01    0.00    0.00    0.25    0.00    0.00    0.00   92.68
00:26:02     all    6.33    0.00    0.51    0.00    0.00    0.51    0.00    0.00    0.00   92.66
00:26:03     all    6.30    0.00    0.76    0.00    0.00    0.76    0.00    0.00    0.00   92.19
00:26:04     all    7.27    0.00    0.75    0.00    0.00    0.00    0.00    0.00    0.00   91.98
00:26:05     all    6.31    0.00    1.01    0.00    0.00    0.51    0.00    0.00    0.00   92.17
00:26:06     all    6.77    0.00    0.75    0.00    0.00    0.50    0.00    0.00    0.00   91.98
00:26:07     all    6.08    0.00    0.25    0.00    0.00    0.51    0.00    0.00    0.00   93.16
00:26:08     all    5.79    0.00    1.01    0.00    0.00    0.50    0.00    0.00    0.00   92.70
00:26:09     all    6.11    0.00    0.51    0.00    0.00    0.51    0.00    0.00    0.00   92.88
00:26:10     all    6.28    0.00    1.01    0.00    0.00    0.75    0.00    0.00    0.00   91.96
00:26:11     all    6.48    0.00    0.75    0.00    0.00    0.75    0.00    0.00    0.00   92.02
00:26:12     all    5.87    0.00    0.51    0.00    0.00    0.26    0.00    0.00    0.00   93.37
00:26:13     all    6.03    0.00    0.75    0.00    0.00    1.01    0.00    0.00    0.00   92.21
00:26:14     all    6.31    0.00    0.76    0.00    0.00    0.51    0.25    0.00    0.00   92.17
00:26:15     all    6.77    0.00    1.00    0.00    0.00    0.50    0.00    0.00    0.00   91.73
00:26:16     all    5.82    0.00    0.76    0.00    0.00    0.51    0.00    0.00    0.00   92.91
00:26:17     all    6.05    0.00    1.01    0.00    0.00    0.50    0.00    0.00    0.00   92.44
00:26:18     all    6.09    0.00    0.76    0.00    0.00    0.25    0.00    0.00    0.00   92.89
00:26:19     all    6.30    0.00    0.50    0.00    0.00    0.76    0.00    0.00    0.00   92.44
00:26:20     all    6.33    0.00    1.01    0.00    0.00    0.00    0.00    0.00    0.00   92.66
00:26:21     all    6.31    0.00    0.76    0.00    0.00    0.00    0.00    0.00    0.00   92.93
00:26:22     all    6.48    0.00    1.00    0.00    0.00    1.00    0.00    0.00    0.00   91.52
00:26:23     all    5.88    0.00    0.51    0.00    0.00    0.00    0.00    0.00    0.00   93.61
00:26:24     all    6.33    0.00    0.76    0.00    0.00    0.51    0.00    0.00    0.00   92.41
00:26:25     all    6.48    0.00    0.75    0.00    0.00    0.75    0.00    0.00    0.00   92.02
00:26:26     all    5.63    0.00    0.51    0.00    0.00    0.26    0.00    0.00    0.00   93.61
00:26:27     all    6.55    0.00    0.50    0.00    0.00    0.50    0.00    0.00    0.00   92.44
00:26:28     all    5.81    0.00    1.01    0.00    0.00    0.51    0.00    0.00    0.00   92.68
00:26:29     all    6.08    0.00    0.51    0.00    0.00    0.25    0.00    0.00    0.00   93.16
00:26:30     all    6.03    0.00    1.01    0.00    0.00    0.75    0.00    0.00    0.00   92.21
00:26:31     all    6.80    0.00    0.50    0.00    0.00    0.50    0.00    0.00    0.00   92.19
00:26:32     all    6.30    0.00    0.50    0.25    0.00    0.76    0.00    0.00    0.00   92.19
00:26:33     all    6.52    0.00    0.75    0.00    0.00    0.25    0.00    0.00    0.00   92.48
00:26:34     all    5.84    0.00    0.76    0.00    0.00    0.76    0.00    0.00    0.00   92.64
00:26:35     all    6.57    0.00    0.51    0.00    0.00    0.25    0.00    0.00    0.00   92.68
00:26:36     all    6.27    0.00    1.00    0.00    0.00    0.75    0.00    0.00    0.00   91.98
00:26:37     all    6.52    0.00    0.75    0.00    0.00    0.50    0.25    0.00    0.00   91.98
00:26:38     all    6.08    0.00    0.51    0.00    0.00    0.25    0.25    0.00    0.00   92.91
00:26:39     all    6.57    0.00    0.51    0.00    0.00    0.51    0.00    0.00    0.00   92.42
00:26:40     all    6.28    0.00    0.75    0.00    0.00    0.75    0.00    0.00    0.00   92.21
00:26:41     all    7.09    0.00    0.51    0.00    0.00    0.00    0.00    0.00    0.00   92.41
00:26:42     all    5.82    0.00    0.76    0.00    0.00    0.51    0.00    0.00    0.00   92.91
00:26:43     all    6.06    0.00    0.76    0.00    0.00    0.51    0.25    0.00    0.00   92.42
00:26:44     all    6.05    0.00    1.01    0.00    0.00    0.76    0.00    0.00    0.00   92.19
00:26:45     all    6.53    0.00    0.75    0.00    0.00    0.50    0.00    0.00    0.00   92.21
00:26:46     all    6.52    0.00    1.00    0.00    0.00    0.50    0.00    0.00    0.00   91.98
00:26:47     all    6.31    0.00    0.76    0.00    0.00    0.25    0.00    0.00    0.00   92.68
00:26:48     all    6.78    0.00    0.25    0.00    0.00    1.01    0.00    0.00    0.00   91.96
00:26:49     all    6.53    0.00    0.75    0.00    0.00    0.25    0.00    0.00    0.00   92.46
00:26:50     all    7.29    0.00    0.50    0.00    0.00    0.50    0.00    0.00    0.00   91.71
00:26:51     all    6.27    0.00    0.75    0.00    0.00    0.75    0.00    0.00    0.00   92.23
00:26:52     all    6.33    0.00    0.76    0.00    0.00    0.51    0.00    0.00    0.00   92.41
00:26:53     all    6.53    0.00    1.01    0.00    0.00    0.50    0.00    0.00    0.00   91.96
00:26:54     all    6.11    0.00    0.25    0.00    0.00    0.51    0.00    0.00    0.00   93.13
00:26:55     all    7.21    0.00    1.00    0.00    0.00    0.75    0.00    0.00    0.00   91.04
00:26:56     all    6.58    0.00    0.25    0.00    0.00    0.25    0.00    0.00    0.00   92.91
00:26:57     all    6.28    0.00    0.75    0.00    0.00    0.50    0.25    0.00    0.00   92.21
00:26:58     all    5.79    0.00    1.01    0.00    0.00    0.76    0.00    0.00    0.00   92.44
00:26:59     all    6.06    0.00    1.01    0.00    0.00    0.51    0.00    0.00    0.00   92.42
00:27:00     all    5.81    0.00    1.01    0.00    0.00    0.51    0.00    0.00    0.00   92.68
00:27:01     all    6.30    0.00    0.50    0.00    0.00    0.76    0.00    0.00    0.00   92.44
00:27:02     all    6.05    0.00    1.01    0.00    0.00    0.25    0.00    0.00    0.00   92.70
00:27:03     all    5.85    0.00    0.51    0.00    0.00    0.51    0.00    0.00    0.00   93.13
00:27:04     all    5.82    0.00    1.01    0.00    0.00    0.51    0.00    0.00    0.00   92.66
00:27:05     all    6.08    0.00    0.76    0.00    0.00    0.25    0.00    0.00    0.00   92.91
00:27:06     all    6.05    0.00    0.76    0.00    0.00    0.76    0.00    0.00    0.00   92.44
00:27:07     all    5.78    0.00    1.01    0.00    0.00    0.50    0.00    0.00    0.00   92.71
00:27:08     all    6.57    0.00    1.01    0.00    0.00    0.25    0.00    0.00    0.00   92.17
00:27:09     all    5.32    0.00    0.76    0.00    0.00    0.76    0.00    0.00    0.00   93.16
00:27:10     all    6.06    0.00    0.51    0.00    0.00    0.76    0.00    0.00    0.00   92.68
00:27:11     all    6.60    0.00    0.51    0.25    0.00    0.25    0.00    0.00    0.00   92.39
00:27:12     all    7.02    0.00    0.75    0.00    0.00    0.50    0.00    0.00    0.00   91.73
00:27:13     all    6.31    0.00    0.76    0.00    0.00    0.76    0.00    0.00    0.00   92.17
00:27:14     all    6.57    0.00    0.76    0.00    0.00    0.25    0.00    0.00    0.00   92.42
00:27:15     all    6.35    0.00    0.51    0.00    0.00    0.51    0.00    0.00    0.00   92.64
00:27:16     all    6.03    0.00    1.01    0.00    0.00    1.01    0.00    0.00    0.00   91.96
00:27:17     all    5.82    0.00    0.76    0.00    0.00    0.51    0.00    0.00    0.00   92.91
00:27:18     all    6.55    0.00    0.76    0.00    0.00    0.25    0.25    0.00    0.00   92.19
00:27:19     all    5.81    0.00    1.01    0.00    0.00    0.51    0.00    0.00    0.00   92.68
00:27:20     all    6.78    0.00    0.50    0.00    0.00    0.50    0.25    0.00    0.00   91.96
00:27:21     all    6.06    0.00    0.76    0.00    0.00    0.51    0.00    0.00    0.00   92.68
00:27:22     all    6.31    0.00    0.76    0.00    0.00    0.25    0.00    0.00    0.00   92.68
00:27:23     all    6.33    0.00    0.51    0.00    0.00    0.76    0.00    0.00    0.00   92.41
00:27:24     all    6.53    0.00    1.01    0.00    0.00    0.50    0.00    0.00    0.00   91.96
00:27:25     all    6.75    0.00    1.00    0.00    0.00    0.50    0.25    0.00    0.00   91.50
00:27:26     all    6.06    0.00    0.76    0.00    0.00    0.51    0.00    0.00    0.00   92.68
00:27:27     all    6.08    0.00    0.51    0.00    0.00    0.51    0.00    0.00    0.00   92.91
00:27:28     all    6.78    0.00    0.50    0.00    0.00    0.50    0.00    0.00    0.00   92.21
00:27:29     all    7.02    0.00    0.75    0.00    0.00    0.50    0.00    0.00    0.00   91.73
00:27:30     all    6.03    0.00    1.01    0.00    0.00    0.75    0.00    0.00    0.00   92.21
00:27:31     all    6.31    0.00    0.76    0.00    0.00    0.76    0.00    0.00    0.00   92.17
00:27:32     all    5.82    0.00    0.76    0.00    0.00    0.25    0.00    0.00    0.00   93.16
00:27:33     all    6.30    0.00    0.50    0.00    0.00    0.76    0.00    0.00    0.00   92.44
00:27:34     all    5.84    0.00    0.51    0.00    0.00    0.51    0.00    0.00    0.00   93.15
00:27:35     all    6.57    0.00    1.01    0.00    0.00    0.25    0.00    0.00    0.00   92.17
00:27:36     all    6.73    0.00    0.75    0.00    0.00    1.00    0.00    0.00    0.00   91.52
00:27:37     all    6.09    0.00    0.51    0.00    0.00    0.51    0.00    0.00    0.00   92.89
00:27:38     all    6.95    0.00    1.24    0.00    0.00    0.74    0.25    0.00    0.00   90.82
00:27:39     all    6.35    0.00    0.51    0.00    0.00    0.51    0.00    0.00    0.00   92.64
00:27:40     all    5.56    0.00    0.76    0.00    0.00    0.76    0.00    0.00    0.00   92.93
00:27:41     all    6.55    0.00    0.76    0.00    0.00    0.25    0.00    0.00    0.00   92.44
00:27:42     all    6.05    0.00    0.76    0.25    0.00    1.01    0.00    0.00    0.00   91.94
00:27:43     all    6.58    0.00    0.51    0.00    0.00    0.25    0.00    0.00    0.00   92.66
00:27:44     all    6.80    0.00    1.01    0.00    0.00    0.00    0.00    0.00    0.00   92.19
00:27:45     all    6.53    0.00    0.75    0.00    0.00    0.75    0.00    0.00    0.00   91.96
00:27:46     all    6.06    0.00    1.26    0.00    0.00    0.51    0.00    0.00    0.00   92.17
00:27:47     all    6.55    0.00    0.25    0.00    0.00    0.50    0.00    0.00    0.00   92.70
00:27:48     all    6.50    0.00    1.00    0.00    0.00    0.50    0.00    0.00    0.00   92.00
00:27:49     all    6.55    0.00    0.76    0.00    0.00    0.50    0.00    0.00    0.00   92.19
00:27:50     all    6.48    0.00    0.50    0.00    0.00    1.25    0.00    0.00    0.00   91.77
00:27:51     all    6.33    0.00    0.76    0.00    0.00    0.00    0.00    0.00    0.00   92.91
00:27:52     all    5.82    0.00    0.76    0.00    0.00    0.51    0.00    0.00    0.00   92.91
00:27:53     all    6.31    0.00    0.76    0.00    0.00    0.76    0.00    0.00    0.00   92.17
00:27:54     all    6.09    0.00    0.76    0.00    0.00    0.00    0.00    0.00    0.00   93.15
00:27:55     all    6.05    0.00    1.01    0.00    0.00    0.50    0.00    0.00    0.00   92.44
00:27:56     all    6.33    0.00    0.51    0.00    0.00    0.25    0.00    0.00    0.00   92.91
00:27:57     all    5.81    0.00    1.01    0.00    0.00    0.51    0.00    0.00    0.00   92.68
00:27:58     all    6.75    0.00    0.75    0.00    0.00    0.50    0.00    0.00    0.00   92.00
00:27:59     all    6.11    0.00    0.76    0.00    0.00    0.00    0.00    0.00    0.00   93.13
00:28:00     all    5.56    0.00    1.01    0.00    0.00    0.51    0.00    0.00    0.00   92.93
00:28:01     all    6.55    0.00    0.25    0.00    0.00    0.50    0.25    0.00    0.00   92.44
00:28:02     all    6.06    0.00    0.51    0.00    0.00    0.25    0.00    0.00    0.00   93.18
00:28:03     all    6.06    0.00    1.01    0.00    0.00    0.51    0.25    0.00    0.00   92.17
00:28:04     all    6.28    0.00    0.75    0.00    0.00    0.75    0.00    0.00    0.00   92.21
00:28:05     all    6.78    0.00    0.75    0.00    0.00    0.75    0.00    0.00    0.00   91.71
00:28:06     all    5.79    0.00    0.76    0.00    0.00    0.76    0.00    0.00    0.00   92.70
00:28:07     all    6.08    0.00    0.51    0.00    0.00    0.25    0.00    0.00    0.00   93.16
00:28:08     all    6.28    0.00    1.01    0.00    0.00    0.50    0.25    0.00    0.00   91.96
00:28:09     all    6.06    0.00    0.51    0.00    0.00    0.25    0.00    0.00    0.00   93.18
00:28:10     all    5.88    0.00    0.51    0.00    0.00    0.26    0.00    0.00    0.00   93.35
00:28:11     all    6.25    0.00    1.00    0.00    0.00    0.75    0.00    0.00    0.00   92.00
00:28:12     all    6.31    0.00    0.76    0.00    0.00    0.25    0.00    0.00    0.00   92.68
00:28:13     all    6.03    0.00    1.01    0.00    0.00    1.01    0.00    0.00    0.00   91.96
00:28:14     all    6.36    0.00    0.76    0.00    0.00    0.00    0.00    0.00    0.00   92.88
00:28:15     all    6.73    0.00    0.75    0.00    0.00    0.75    0.00    0.00    0.00   91.77
00:28:16     all    5.84    0.00    0.76    0.00    0.00    0.25    0.00    0.00    0.00   93.15
00:28:17     all    6.30    0.00    0.50    0.00    0.00    0.50    0.00    0.00    0.00   92.70
00:28:18     all    7.00    0.00    1.00    0.00    0.00    0.50    0.00    0.00    0.00   91.50
00:28:19     all    5.58    0.00    0.76    0.00    0.00    0.51    0.00    0.00    0.00   93.15
00:28:20     all    6.33    0.00    0.25    0.00    0.00    0.76    0.00    0.00    0.00   92.66
00:28:21     all    5.79    0.00    1.01    0.00    0.00    0.50    0.25    0.00    0.00   92.44
00:28:22     all    5.81    0.00    0.76    0.00    0.00    0.25    0.00    0.00    0.00   93.18
00:28:23     all    5.81    0.00    0.51    0.00    0.00    1.01    0.00    0.00    0.00   92.68
00:28:24     all    6.09    0.00    0.51    0.51    0.00    0.25    0.00    0.00    0.00   92.64
00:28:25     all    6.02    0.00    1.00    0.00    0.00    0.75    0.00    0.00    0.00   92.23
00:28:26     all    6.78    0.00    0.50    0.00    0.00    0.75    0.00    0.00    0.00   91.96
00:28:27     all    6.31    0.00    0.76    0.00    0.00    0.00    0.00    0.00    0.00   92.93
00:28:28     all    6.06    0.00    0.76    0.00    0.00    1.01    0.00    0.00    0.00   92.17
00:28:29     all    6.30    0.00    0.50    0.00    0.00    0.25    0.00    0.00    0.00   92.95
00:28:30     all    6.08    0.00    0.76    0.00    0.00    0.51    0.00    0.00    0.00   92.66
00:28:31     all    5.79    0.00    1.01    0.00    0.00    0.50    0.00    0.00    0.00   92.70
00:28:32     all    6.06    0.00    0.51    0.00    0.00    0.76    0.00    0.00    0.00   92.68
00:28:33     all    6.33    0.00    1.01    0.00    0.00    0.25    0.00    0.00    0.00   92.41
00:28:34     all    6.06    0.00    0.76    0.00    0.00    0.25    0.00    0.00    0.00   92.93
00:28:35     all    6.30    0.00    0.76    0.00    0.00    0.76    0.00    0.00    0.00   92.19
00:28:36     all    6.53    0.00    1.01    0.00    0.00    0.50    0.00    0.00    0.00   91.96
00:28:37     all    5.34    0.00    0.25    0.00    0.00    0.51    0.00    0.00    0.00   93.89
00:28:38     all    6.30    0.00    1.01    0.00    0.00    0.50    0.00    0.00    0.00   92.19
00:28:39     all    6.57    0.00    0.76    0.00    0.00    0.51    0.00    0.00    0.00   92.17
00:28:40     all    5.82    0.00    0.51    0.00    0.00    0.51    0.00    0.00    0.00   93.16
00:28:41     all    6.52    0.00    1.00    0.00    0.00    0.50    0.00    0.00    0.00   91.98
00:28:42     all    6.06    0.00    0.51    0.00    0.00    0.76    0.00    0.00    0.00   92.68
00:28:43     all    7.02    0.00    1.00    0.00    0.00    0.25    0.25    0.00    0.00   91.48
00:28:44     all    6.28    0.00    0.75    0.00    0.00    0.75    0.00    0.00    0.00   92.21
00:28:45     all    6.30    0.00    1.01    0.00    0.00    0.00    0.00    0.00    0.00   92.70
00:28:46     all    3.76    0.00    0.25    0.00    0.00    0.50    0.00    0.00    0.00   95.49
00:28:47     all    4.26    0.00    0.50    0.00    0.00    0.50    0.00    0.00    0.00   94.74
00:28:48     all    5.30    0.00    0.51    0.00    0.00    0.76    0.00    0.00    0.00   93.43
00:28:49     all    6.09    0.00    0.76    0.00    0.00    0.25    0.00    0.00    0.00   92.89
00:28:50     all    6.52    0.00    0.50    0.00    0.00    0.50    0.50    0.00    0.00   91.98
00:28:51     all    6.25    0.00    1.00    0.00    0.00    0.75    0.00    0.00    0.00   92.00
00:28:52     all    6.78    0.00    0.75    0.00    0.00    0.75    0.00    0.00    0.00   91.71
00:28:53     all    6.09    0.00    0.76    0.00    0.00    0.25    0.00    0.00    0.00   92.89
00:28:54     all    6.50    0.00    0.75    0.00    0.00    0.75    0.00    0.00    0.00   92.00
00:28:55     all    6.09    0.00    0.76    0.00    0.00    0.51    0.00    0.00    0.00   92.64
00:28:56     all    6.30    0.00    0.76    0.00    0.00    0.50    0.00    0.00    0.00   92.44
00:28:57     all    6.06    0.00    0.76    0.00    0.00    0.51    0.00    0.00    0.00   92.68
00:28:58     all    5.32    0.00    0.76    0.00    0.00    0.76    0.00    0.00    0.00   93.16
00:28:59     all    6.06    0.00    0.76    0.00    0.00    0.25    0.00    0.00    0.00   92.93
00:29:00     all    6.06    0.00    0.76    0.00    0.00    0.76    0.00    0.00    0.00   92.42
00:29:01     all    6.05    0.00    0.76    0.00    0.00    0.50    0.00    0.00    0.00   92.70
00:29:02     all    5.81    0.00    1.01    0.00    0.00    0.51    0.00    0.00    0.00   92.68
00:29:03     all    6.03    0.00    1.01    0.00    0.00    0.75    0.00    0.00    0.00   92.21
00:29:04     all    6.80    0.00    1.01    0.00    0.00    0.50    0.00    0.00    0.00   91.69
00:29:05     all    6.77    0.00    0.50    0.00    0.00    0.25    0.25    0.00    0.00   92.23
00:29:06     all    6.53    0.00    0.75    0.00    0.00    0.75    0.00    0.00    0.00   91.96
00:29:07     all    5.79    0.00    0.50    0.00    0.00    1.01    0.00    0.00    0.00   92.70
00:29:08     all    6.11    0.00    0.51    0.00    0.00    0.00    0.00    0.00    0.00   93.38
00:29:09     all    6.03    0.00    0.50    0.00    0.00    1.01    0.00    0.00    0.00   92.46
00:29:10     all    6.33    0.00    1.01    0.25    0.00    0.00    0.00    0.00    0.00   92.41
00:29:11     all    6.80    0.00    0.50    0.00    0.00    0.50    0.00    0.00    0.00   92.19
00:29:12     all    6.31    0.00    0.51    0.00    0.00    0.51    0.00    0.00    0.00   92.68
00:29:13     all    6.77    0.00    1.00    0.00    0.00    0.50    0.00    0.00    0.00   91.73
00:29:14     all    5.84    0.00    0.76    0.00    0.00    0.76    0.00    0.00    0.00   92.64
00:29:15     all    6.25    0.00    1.25    0.00    0.00    0.25    0.00    0.00    0.00   92.25
00:29:16     all    6.58    0.00    0.25    0.25    0.00    0.51    0.00    0.00    0.00   92.41
00:29:17     all    6.05    0.00    0.76    0.00    0.00    0.50    0.00    0.00    0.00   92.70
00:29:18     all    6.08    0.00    0.76    0.00    0.00    0.25    0.00    0.00    0.00   92.91
00:29:19     all    6.05    0.00    1.01    0.00    0.00    0.76    0.00    0.00    0.00   92.19
00:29:20     all    6.78    0.00    0.50    0.00    0.00    0.75    0.00    0.00    0.00   91.96
00:29:21     all    5.34    0.00    1.02    0.00    0.00    0.51    0.00    0.00    0.00   93.13
00:29:22     all    7.04    0.00    0.25    0.00    0.00    0.50    0.00    0.00    0.00   92.21
00:29:23     all    6.80    0.00    0.76    0.00    0.00    0.25    0.00    0.00    0.00   92.19
00:29:24     all    6.06    0.00    0.76    0.00    0.00    0.51    0.00    0.00    0.00   92.68
00:29:25     all    6.08    0.00    0.76    0.00    0.00    0.51    0.00    0.00    0.00   92.66
00:29:26     all    6.28    0.00    0.75    0.00    0.00    0.75    0.00    0.00    0.00   92.21
00:29:27     all    6.31    0.00    0.76    0.00    0.00    0.25    0.25    0.00    0.00   92.42
00:29:28     all    6.28    0.00    1.01    0.00    0.00    0.25    0.00    0.00    0.00   92.46
00:29:29     all    6.05    0.00    0.50    0.00    0.00    0.76    0.25    0.00    0.00   92.44
00:29:30     all    7.04    0.00    0.50    0.00    0.00    0.50    0.00    0.00    0.00   91.96
00:29:31     all    6.08    0.00    1.01    0.00    0.00    0.51    0.00    0.00    0.00   92.41
00:29:32     all    6.06    0.00    0.51    0.00    0.00    0.76    0.00    0.00    0.00   92.68
00:29:33     all    7.02    0.00    0.75    0.00    0.00    0.25    0.25    0.00    0.00   91.73
00:29:34     all    6.35    0.00    0.76    0.00    0.00    0.51    0.00    0.00    0.00   92.39
00:29:35     all    6.06    0.00    0.76    0.00    0.00    0.76    0.00    0.00    0.00   92.42
00:29:36     all    6.57    0.00    0.25    0.00    0.00    0.51    0.00    0.00    0.00   92.68
00:29:37     all    6.52    0.00    1.00    0.00    0.00    0.75    0.00    0.00    0.00   91.73
00:29:38     all    6.27    0.00    0.75    0.00    0.00    0.75    0.00    0.00    0.00   92.23
00:29:39     all    6.30    0.00    1.01    0.00    0.00    0.50    0.00    0.00    0.00   92.19
00:29:40     all    6.55    0.00    0.25    0.00    0.00    0.25    0.00    0.00    0.00   92.95
00:29:41     all    6.30    0.00    0.76    0.00    0.00    0.76    0.00    0.00    0.00   92.19
00:29:42     all    6.28    0.00    0.75    0.00    0.00    0.75    0.00    0.00    0.00   92.21
00:29:43     all    6.58    0.00    0.76    0.00    0.00    0.00    0.00    0.00    0.00   92.66
00:29:44     all    6.31    0.00    0.76    0.00    0.00    0.76    0.00    0.00    0.00   92.17
00:29:45     all    6.05    0.00    1.26    0.00    0.00    0.50    0.00    0.00    0.00   92.19
00:29:46     all    6.11    0.00    0.51    0.00    0.00    0.25    0.00    0.00    0.00   93.13
00:29:47     all    6.50    0.00    1.00    0.00    0.00    0.50    0.00    0.00    0.00   92.00
00:29:48     all    6.30    0.00    1.01    0.00    0.00    0.50    0.00    0.00    0.00   92.19
00:29:49     all    6.57    0.00    0.51    0.00    0.00    0.51    0.25    0.00    0.00   92.17
00:29:50     all    6.30    0.00    0.76    0.00    0.00    0.50    0.00    0.00    0.00   92.44
00:29:51     all    6.30    0.00    1.01    0.00    0.00    0.50    0.00    0.00    0.00   92.19
00:29:52     all    6.30    0.00    1.01    0.00    0.00    0.50    0.00    0.00    0.00   92.19
00:29:53     all    6.53    0.00    1.01    0.00    0.00    0.25    0.00    0.00    0.00   92.21
00:29:54     all    6.58    0.00    0.25    0.00    0.00    0.76    0.00    0.00    0.00   92.41
00:29:55     all    6.82    0.00    0.76    0.00    0.00    0.25    0.00    0.00    0.00   92.17
00:29:56     all    6.77    0.00    1.00    0.00    0.00    0.75    0.00    0.00    0.00   91.48
00:29:57     all    5.58    0.00    0.76    0.00    0.00    0.51    0.00    0.00    0.00   93.15
00:29:58     all    6.05    0.00    0.76    0.25    0.00    0.50    0.00    0.00    0.00   92.44
00:29:59     all    6.53    0.00    0.75    0.00    0.00    0.75    0.00    0.00    0.00   91.96
00:30:00     all    5.82    0.00    1.01    0.00    0.00    0.51    0.00    0.00    0.00   92.66
00:30:01     all    5.82    0.00    0.76    0.00    0.00    0.51    0.00    0.00    0.00   92.91
00:30:02     all    5.58    0.00    0.51    0.00    0.00    0.76    0.00    0.00    0.00   93.15
00:30:03     all    5.82    0.00    1.01    0.00    0.00    0.00    0.00    0.00    0.00   93.16
00:30:04     all    6.78    0.00    0.25    0.00    0.00    1.01    0.00    0.00    0.00   91.96
00:30:05     all    6.11    0.00    0.76    0.00    0.00    0.25    0.00    0.00    0.00   92.88
00:30:06     all    6.80    0.00    0.25    0.00    0.00    0.50    0.00    0.00    0.00   92.44
00:30:07     all    5.78    0.00    1.01    0.00    0.00    0.75    0.25    0.00    0.00   92.21
00:30:08     all    6.30    0.00    0.76    0.00    0.00    0.50    0.00    0.00    0.00   92.44
00:30:09     all    6.31    0.00    1.01    0.00    0.00    0.25    0.00    0.00    0.00   92.42
00:30:10     all    5.79    0.00    0.76    0.00    0.00    1.01    0.00    0.00    0.00   92.44
00:30:11     all    6.06    0.00    0.76    0.00    0.00    0.25    0.00    0.00    0.00   92.93
00:30:12     all    6.50    0.00    0.75    0.00    0.00    0.75    0.25    0.00    0.00   91.75
00:30:13     all    6.09    0.00    0.76    0.00    0.00    0.25    0.00    0.00    0.00   92.89
00:30:14     all    6.06    0.00    0.76    0.00    0.00    0.76    0.00    0.00    0.00   92.42
00:30:15     all    6.78    0.00    0.75    0.00    0.00    0.25    0.00    0.00    0.00   92.21
00:30:16     all    6.55    0.00    0.76    0.00    0.00    0.50    0.00    0.00    0.00   92.19
00:30:17     all    6.55    0.00    0.50    0.00    0.00    0.25    0.25    0.00    0.00   92.44
00:30:18     all    6.06    0.00    0.76    0.25    0.00    0.76    0.00    0.00    0.00   92.17
00:30:19     all    6.82    0.00    0.76    0.00    0.00    0.25    0.00    0.00    0.00   92.17
00:30:20     all    6.53    0.00    0.75    0.00    0.00    0.50    0.00    0.00    0.00   92.21
00:30:21     all    6.31    0.00    0.76    0.00    0.00    0.51    0.00    0.00    0.00   92.42
00:30:22     all    6.30    0.00    0.50    0.00    0.00    0.76    0.00    0.00    0.00   92.44
00:30:23     all    5.82    0.00    1.01    0.00    0.00    0.76    0.00    0.00    0.00   92.41
00:30:24     all    6.78    0.00    0.75    0.00    0.00    0.50    0.00    0.00    0.00   91.96
00:30:25     all    7.04    0.00    0.50    0.00    0.00    1.01    0.00    0.00    0.00   91.46
00:30:26     all    6.09    0.00    1.02    0.00    0.00    0.00    0.00    0.00    0.00   92.89
00:30:27     all    6.53    0.00    1.01    0.00    0.00    1.01    0.00    0.00    0.00   91.46
00:30:28     all    5.79    0.00    1.01    0.00    0.00    0.50    0.00    0.00    0.00   92.70
00:30:29     all    5.64    0.00    0.77    0.00    0.00    0.00    0.00    0.00    0.00   93.59
00:30:30     all    7.00    0.00    0.50    0.00    0.00    0.75    0.00    0.00    0.00   91.75
00:30:31     all    6.03    0.00    1.01    0.00    0.00    0.50    0.25    0.00    0.00   92.21
00:30:32     all    6.82    0.00    0.76    0.00    0.00    0.51    0.00    0.00    0.00   91.92
00:30:33     all    6.08    0.00    1.01    0.00    0.00    0.25    0.00    0.00    0.00   92.66
00:30:34     all    6.55    0.00    0.50    0.00    0.00    0.50    0.00    0.00    0.00   92.44
00:30:35     all    6.52    0.00    0.75    0.00    0.00    0.75    0.00    0.00    0.00   91.98
00:30:36     all    6.33    0.00    0.51    0.00    0.00    0.51    0.00    0.00    0.00   92.66
00:30:37     all    6.58    0.00    0.51    0.00    0.00    0.25    0.00    0.00    0.00   92.66
00:30:38     all    6.05    0.00    1.01    0.00    0.00    1.26    0.00    0.00    0.00   91.69
00:30:39     all    7.04    0.00    0.75    0.00    0.00    0.50    0.00    0.00    0.00   91.71
00:30:40     all    6.35    0.00    0.76    0.00    0.00    0.25    0.00    0.00    0.00   92.64
00:30:41     all    6.11    0.00    0.51    0.00    0.00    0.51    0.00    0.00    0.00   92.88
00:30:42     all    6.31    0.00    0.76    0.00    0.00    0.51    0.00    0.00    0.00   92.42
00:30:43     all    6.52    0.00    0.50    0.00    0.00    1.00    0.00    0.00    0.00   91.98
00:30:44     all    6.57    0.00    1.01    0.00    0.00    0.25    0.00    0.00    0.00   92.17
00:30:45     all    5.82    0.00    1.01    0.00    0.00    0.76    0.00    0.00    0.00   92.41
00:30:46     all    6.52    0.00    0.75    0.00    0.00    0.75    0.00    0.00    0.00   91.98
00:30:47     all    6.30    0.00    1.01    0.00    0.00    0.50    0.00    0.00    0.00   92.19
00:30:48     all    6.57    0.00    0.51    0.00    0.00    0.25    0.00    0.00    0.00   92.68
00:30:49     all    6.55    0.00    1.01    0.00    0.00    0.50    0.00    0.00    0.00   91.94
00:30:50     all    6.08    0.00    0.76    0.00    0.00    0.51    0.00    0.00    0.00   92.66
00:30:51     all    6.57    0.00    0.76    0.00    0.00    0.25    0.00    0.00    0.00   92.42
00:30:52     all    5.57    0.00    0.76    0.00    0.00    0.51    0.25    0.00    0.00   92.91
00:30:53     all    7.00    0.00    0.50    0.00    0.00    0.50    0.00    0.00    0.00   92.00
00:30:54     all    6.53    0.00    0.75    0.00    0.00    0.75    0.25    0.00    0.00   91.71
00:30:55     all    6.35    0.00    0.51    0.00    0.00    0.25    0.25    0.00    0.00   92.64
00:30:56     all    6.30    0.00    1.01    0.00    0.00    0.76    0.00    0.00    0.00   91.94
00:30:57     all    6.11    0.00    0.51    0.00    0.00    0.25    0.00    0.00    0.00   93.13
00:30:58     all    6.02    0.00    1.00    0.25    0.00    0.75    0.00    0.00    0.00   91.98
00:30:59     all    6.35    0.00    0.76    0.00    0.00    0.25    0.00    0.00    0.00   92.64
00:31:00     all    6.31    0.00    0.51    0.00    0.00    0.76    0.00    0.00    0.00   92.42
00:31:01     all    6.82    0.00    0.76    0.00    0.00    0.00    0.00    0.00    0.00   92.42
00:31:02     all    6.05    0.00    0.50    0.00    0.00    0.76    0.00    0.00    0.00   92.70
00:31:03     all    6.53    0.00    1.01    0.00    0.00    0.50    0.00    0.00    0.00   91.96
00:31:04     all    6.09    0.00    0.76    0.00    0.00    0.25    0.00    0.00    0.00   92.89
00:31:05     all    6.82    0.00    0.76    0.00    0.00    0.51    0.00    0.00    0.00   91.92
00:31:06     all    6.48    0.00    1.00    0.00    0.00    0.75    0.00    0.00    0.00   91.77
00:31:07     all    6.08    0.00    0.25    0.25    0.00    0.76    0.00    0.00    0.00   92.66
00:31:08     all    6.33    0.00    1.01    0.00    0.00    0.25    0.00    0.00    0.00   92.41
00:31:09     all    6.28    0.00    1.01    0.00    0.00    0.25    0.00    0.00    0.00   92.46
00:31:10     all    6.57    0.00    0.51    0.00    0.00    0.76    0.00    0.00    0.00   92.17
00:31:11     all    5.85    0.00    0.51    0.00    0.00    0.25    0.00    0.00    0.00   93.38
00:31:12     all    6.03    0.00    1.01    0.00    0.00    0.75    0.00    0.00    0.00   92.21
00:31:13     all    6.50    0.00    1.00    0.00    0.00    0.75    0.00    0.00    0.00   91.75
00:31:14     all    7.04    0.00    0.50    0.00    0.00    0.75    0.00    0.00    0.00   91.71
00:31:15     all    5.84    0.00    1.02    0.00    0.00    0.25    0.25    0.00    0.00   92.64
00:31:16     all    6.50    0.00    0.75    0.00    0.00    1.00    0.00    0.00    0.00   91.75
00:31:17     all    6.58    0.00    0.51    0.00    0.00    0.51    0.00    0.00    0.00   92.41
00:31:18     all    6.30    0.00    1.01    0.00    0.00    0.50    0.00    0.00    0.00   92.19
00:31:19     all    7.30    0.00    0.00    0.00    0.00    0.50    0.00    0.00    0.00   92.19
00:31:20     all    5.82    0.00    1.27    0.00    0.00    0.51    0.00    0.00    0.00   92.41
00:31:21     all    6.52    0.00    1.00    0.00    0.00    0.50    0.00    0.00    0.00   91.98
00:31:22     all    6.35    0.00    0.51    0.00    0.00    0.51    0.00    0.00    0.00   92.64
00:31:23     all    6.55    0.00    0.50    0.00    0.00    0.76    0.00    0.00    0.00   92.19
00:31:24     all    7.02    0.00    0.50    0.00    0.00    0.50    0.00    0.00    0.00   91.98
00:31:25     all    6.28    0.00    0.75    0.00    0.00    0.75    0.00    0.00    0.00   92.21
00:31:26     all    6.31    0.00    1.26    0.00    0.00    0.25    0.00    0.00    0.00   92.17
00:31:27     all    6.31    0.00    0.51    0.00    0.00    0.51    0.00    0.00    0.00   92.68
00:31:28     all    5.81    0.00    0.76    0.00    0.00    0.51    0.00    0.00    0.00   92.93
00:31:29     all    6.31    0.00    0.76    0.00    0.00    0.51    0.00    0.00    0.00   92.42
00:31:30     all    7.04    0.00    0.75    0.00    0.00    0.00    0.00    0.00    0.00   92.21
00:31:31     all    6.55    0.00    1.01    0.00    0.00    0.50    0.00    0.00    0.00   91.94
00:31:32     all    6.73    0.00    1.00    0.00    0.00    0.50    0.00    0.00    0.00   91.77
00:31:33     all    5.61    0.00    0.51    0.00    0.00    0.51    0.00    0.00    0.00   93.37
00:31:34     all    7.25    0.00    0.75    0.00    0.00    0.50    0.00    0.00    0.00   91.50
00:31:35     all    6.53    0.00    0.75    0.00    0.00    0.50    0.25    0.00    0.00   91.96
00:31:36     all    6.33    0.00    0.25    0.00    0.00    0.76    0.00    0.00    0.00   92.66
00:31:37     all    6.52    0.00    1.00    0.00    0.00    0.25    0.00    0.00    0.00   92.23
00:31:38     all    6.06    0.00    0.76    0.00    0.00    0.76    0.00    0.00    0.00   92.42
00:31:39     all    6.31    0.00    0.25    0.00    0.00    0.76    0.25    0.00    0.00   92.42
00:31:40     all    6.06    0.00    1.01    0.00    0.00    0.25    0.00    0.00    0.00   92.68
00:31:41     all    6.78    0.00    0.50    0.00    0.00    0.50    0.25    0.00    0.00   91.96
00:31:42     all    6.03    0.00    1.01    0.00    0.00    0.50    0.00    0.00    0.00   92.46
00:31:43     all    6.80    0.00    0.50    0.00    0.00    0.50    0.00    0.00    0.00   92.19
00:31:44     all    6.28    0.00    0.75    0.00    0.00    0.75    0.00    0.00    0.00   92.21
00:31:45     all    6.06    0.00    0.76    0.00    0.00    0.25    0.00    0.00    0.00   92.93
00:31:46     all    4.26    0.00    0.50    0.25    0.00    0.50    0.00    0.00    0.00   94.49
00:31:47     all    3.80    0.00    0.51    0.00    0.00    0.00    0.00    0.00    0.00   95.70
00:31:48     all    4.77    0.00    0.50    0.00    0.00    0.50    0.00    0.00    0.00   94.22
00:31:49     all    5.81    0.00    0.51    0.00    0.00    0.76    0.00    0.00    0.00   92.93
00:31:50     all    6.30    0.00    0.76    0.00    0.00    0.76    0.00    0.00    0.00   92.19
00:31:51     all    5.79    0.00    1.01    0.00    0.00    0.00    0.00    0.00    0.00   93.20
00:31:52     all    5.82    0.00    0.76    0.00    0.00    0.76    0.00    0.00    0.00   92.66
00:31:53     all    6.33    0.00    1.01    0.00    0.00    0.25    0.00    0.00    0.00   92.41
00:31:54     all    6.25    0.00    0.75    0.00    0.00    1.25    0.00    0.00    0.00   91.75
00:31:55     all    6.78    0.00    0.75    0.00    0.00    0.75    0.00    0.00    0.00   91.71
00:31:56     all    6.08    0.00    0.76    0.00    0.00    0.51    0.00    0.00    0.00   92.66
00:31:57     all    7.09    0.00    0.25    0.00    0.00    0.25    0.00    0.00    0.00   92.41
00:31:58     all    7.25    0.00    1.00    0.00    0.00    0.75    0.00    0.00    0.00   91.00
00:31:59     all    5.78    0.00    0.75    0.00    0.00    0.75    0.25    0.00    0.00   92.46
00:32:00     all    6.31    0.00    0.51    0.00    0.00    0.51    0.00    0.00    0.00   92.68
00:32:01     all    6.82    0.00    0.51    0.00    0.00    0.76    0.00    0.00    0.00   91.92
00:32:02     all    6.30    0.00    1.01    0.00    0.00    0.50    0.00    0.00    0.00   92.19
00:32:03     all    5.76    0.00    0.50    0.00    0.00    1.00    0.00    0.00    0.00   92.73
00:32:04     all    7.07    0.00    0.76    0.00    0.00    0.25    0.00    0.00    0.00   91.92
00:32:05     all    6.52    0.00    0.75    0.00    0.00    0.75    0.00    0.00    0.00   91.98
00:32:06     all    5.85    0.00    0.76    0.00    0.00    0.25    0.00    0.00    0.00   93.13
00:32:07     all    6.77    0.00    1.00    0.00    0.00    0.50    0.00    0.00    0.00   91.73
00:32:08     all    6.30    0.00    1.01    0.00    0.00    0.50    0.00    0.00    0.00   92.19
00:32:09     all    5.81    0.00    0.76    0.00    0.00    1.01    0.00    0.00    0.00   92.42
00:32:10     all    6.62    0.00    0.76    0.00    0.00    0.00    0.00    0.00    0.00   92.62
00:32:11     all    6.53    0.00    0.75    0.00    0.00    0.50    0.00    0.00    0.00   92.21
00:32:12     all    6.77    0.00    1.00    0.00    0.00    0.75    0.00    0.00    0.00   91.48
00:32:13     all    6.35    0.00    0.25    0.00    0.00    0.76    0.00    0.00    0.00   92.64
00:32:14     all    6.77    0.00    0.75    0.00    0.00    0.75    0.00    0.00    0.00   91.73
00:32:15     all    6.55    0.00    1.01    0.00    0.00    0.25    0.00    0.00    0.00   92.19
00:32:16     all    6.09    0.00    0.25    0.00    0.00    0.76    0.00    0.00    0.00   92.89
00:32:17     all    5.78    0.00    1.01    0.00    0.00    0.75    0.00    0.00    0.00   92.46
00:32:18     all    6.06    0.00    0.76    0.00    0.00    0.25    0.25    0.00    0.00   92.68
00:32:19     all    6.28    0.00    0.75    0.00    0.00    0.75    0.00    0.00    0.00   92.21
00:32:20     all    6.57    0.00    0.51    0.00    0.00    0.51    0.25    0.00    0.00   92.17
00:32:21     all    6.30    0.00    0.76    0.00    0.00    0.25    0.00    0.00    0.00   92.70
00:32:22     all    6.53    0.00    1.26    0.00    0.00    0.75    0.00    0.00    0.00   91.46
00:32:23     all    6.12    0.00    0.26    0.00    0.00    0.26    0.00    0.00    0.00   93.37
00:32:24     all    6.55    0.00    0.76    0.00    0.00    1.01    0.00    0.00    0.00   91.69
00:32:25     all    6.35    0.00    0.51    0.00    0.00    0.51    0.00    0.00    0.00   92.64
00:32:26     all    6.28    0.00    0.75    0.00    0.00    0.75    0.25    0.00    0.00   91.96
00:32:27     all    7.04    0.00    0.50    0.00    0.00    0.25    0.00    0.00    0.00   92.21
00:32:28     all    5.53    0.00    0.75    0.00    0.00    0.75    0.00    0.00    0.00   92.96
00:32:29     all    6.85    0.00    0.25    0.00    0.00    0.51    0.00    0.00    0.00   92.39
00:32:30     all    6.78    0.00    1.01    0.00    0.00    0.75    0.00    0.00    0.00   91.46
00:32:31     all    7.25    0.00    0.50    0.00    0.00    0.50    0.00    0.00    0.00   91.75
00:32:32     all    5.84    0.00    0.51    0.00    0.00    0.51    0.00    0.00    0.00   93.15
00:32:33     all    6.08    0.00    1.01    0.00    0.00    0.25    0.00    0.00    0.00   92.66
00:32:34     all    6.52    0.00    1.00    0.25    0.00    0.50    0.00    0.00    0.00   91.73
00:32:35     all    6.05    0.00    0.76    0.00    0.00    0.76    0.00    0.00    0.00   92.44
00:32:36     all    6.55    0.00    0.76    0.00    0.00    0.50    0.00    0.00    0.00   92.19
00:32:37     all    6.31    0.00    0.76    0.00    0.00    0.51    0.00    0.00    0.00   92.42
00:32:38     all    6.06    0.00    1.01    0.00    0.00    0.51    0.00    0.00    0.00   92.42
00:32:39     all    6.82    0.00    0.76    0.00    0.00    0.25    0.00    0.00    0.00   92.17
00:32:40     all    6.80    0.00    0.50    0.00    0.00    0.76    0.00    0.00    0.00   91.94
00:32:41     all    6.31    0.00    1.01    0.00    0.00    0.00    0.00    0.00    0.00   92.68
00:32:42     all    6.77    0.00    0.75    0.00    0.00    1.00    0.00    0.00    0.00   91.48
00:32:43     all    5.78    0.00    1.26    0.00    0.00    0.25    0.25    0.00    0.00   92.46
00:32:44     all    6.11    0.00    0.76    0.00    0.00    0.25    0.00    0.00    0.00   92.88
00:32:45     all    7.00    0.00    0.75    0.00    0.00    0.75    0.00    0.00    0.00   91.50
00:32:46     all    6.60    0.00    0.51    0.00    0.00    0.25    0.00    0.00    0.00   92.64
00:32:47     all    6.30    0.00    1.01    0.00    0.00    0.25    0.00    0.00    0.00   92.44
00:32:48     all    6.25    0.00    1.00    0.00    0.00    1.00    0.00    0.00    0.00   91.75
00:32:49     all    6.36    0.00    0.51    0.00    0.00    0.25    0.00    0.00    0.00   92.88
00:32:50     all    6.33    0.00    0.51    0.00    0.00    0.51    0.00    0.00    0.00   92.66
00:32:51     all    6.28    0.00    0.50    0.00    0.00    0.75    0.00    0.00    0.00   92.46
00:32:52     all    6.82    0.00    1.01    0.00    0.00    0.25    0.00    0.00    0.00   91.92
00:32:53     all    6.53    0.00    1.01    0.00    0.00    0.50    0.00    0.00    0.00   91.96
00:32:54     all    6.33    0.00    0.76    0.00    0.00    0.51    0.00    0.00    0.00   92.41
00:32:55     all    7.02    0.00    0.75    0.00    0.00    0.25    0.00    0.00    0.00   91.98
00:32:56     all    6.30    0.00    0.76    0.00    0.00    1.01    0.00    0.00    0.00   91.94
00:32:57     all    6.08    0.00    1.01    0.00    0.00    0.00    0.00    0.00    0.00   92.91
00:32:58     all    6.58    0.00    0.25    0.00    0.00    0.76    0.00    0.00    0.00   92.41
00:32:59     all    6.08    0.00    0.76    0.00    0.00    0.51    0.00    0.00    0.00   92.66
00:33:00     all    5.82    0.00    0.76    0.00    0.00    0.51    0.25    0.00    0.00   92.66
00:33:01     all    6.53    0.00    0.50    0.00    0.00    1.01    0.00    0.00    0.00   91.96
00:33:02     all    6.08    0.00    1.01    0.00    0.00    0.25    0.25    0.00    0.00   92.41
00:33:03     all    7.29    0.00    0.50    0.00    0.00    0.50    0.00    0.00    0.00   91.71
00:33:04     all    6.55    0.00    0.76    0.00    0.00    1.01    0.00    0.00    0.00   91.69
00:33:05     all    6.82    0.00    0.51    0.00    0.00    0.25    0.00    0.00    0.00   92.42
00:33:06     all    6.80    0.00    0.76    0.00    0.00    0.76    0.00    0.00    0.00   91.69
00:33:07     all    6.08    0.00    1.27    0.00    0.00    0.00    0.00    0.00    0.00   92.66
00:33:08     all    6.31    0.00    0.51    0.00    0.00    0.76    0.00    0.00    0.00   92.42
00:33:09     all    6.31    0.00    1.01    0.25    0.00    0.51    0.00    0.00    0.00   91.92
00:33:10     all    6.80    0.00    0.50    0.00    0.00    0.00    0.25    0.00    0.00   92.44
00:33:11     all    6.31    0.00    0.76    0.00    0.00    0.51    0.00    0.00    0.00   92.42
00:33:12     all    6.78    0.00    0.75    0.00    0.00    0.50    0.00    0.00    0.00   91.96
00:33:13     all    6.31    0.00    0.51    0.00    0.00    0.51    0.00    0.00    0.00   92.68
00:33:14     all    7.00    0.00    0.50    0.00    0.00    0.75    0.00    0.00    0.00   91.75
00:33:15     all    6.11    0.00    0.76    0.00    0.00    0.25    0.00    0.00    0.00   92.88
00:33:16     all    6.98    0.00    0.75    0.00    0.00    1.00    0.00    0.00    0.00   91.27
00:33:17     all    6.11    0.00    0.76    0.00    0.00    0.25    0.00    0.00    0.00   92.88
00:33:18     all    7.04    0.00    0.25    0.00    0.00    0.50    0.00    0.00    0.00   92.21
00:33:19     all    6.60    0.00    0.76    0.00    0.00    0.00    0.00    0.00    0.00   92.64
00:33:20     all    6.28    0.00    0.75    0.00    0.00    0.75    0.00    0.00    0.00   92.21
00:33:21     all    6.33    0.00    0.76    0.00    0.00    0.25    0.00    0.00    0.00   92.66
00:33:22     all    6.28    0.00    0.50    0.00    0.00    0.75    0.25    0.00    0.00   92.21
00:33:23     all    6.82    0.00    0.51    0.00    0.00    0.51    0.00    0.00    0.00   92.17
00:33:24     all    6.55    0.00    1.01    0.00    0.00    0.25    0.00    0.00    0.00   92.19
00:33:25     all    6.06    0.00    0.51    0.00    0.00    1.01    0.00    0.00    0.00   92.42
00:33:26     all    6.78    0.00    1.26    0.00    0.00    0.25    0.00    0.00    0.00   91.71
00:33:27     all    6.05    0.00    0.76    0.00    0.00    0.76    0.00    0.00    0.00   92.44
00:33:28     all    6.57    0.00    0.76    0.00    0.00    0.25    0.00    0.00    0.00   92.42
00:33:29     all    6.09    0.00    0.51    0.00    0.00    0.76    0.00    0.00    0.00   92.64
00:33:30     all    6.80    0.00    0.76    0.00    0.00    0.50    0.00    0.00    0.00   91.94
00:33:31     all    5.82    0.00    1.01    0.00    0.00    0.76    0.00    0.00    0.00   92.41
00:33:32     all    6.78    0.00    0.50    0.50    0.00    0.50    0.00    0.00    0.00   91.71
00:33:33     all    6.75    0.00    1.00    0.00    0.00    1.00    0.00    0.00    0.00   91.25
00:33:34     all    6.09    0.00    0.76    0.00    0.00    0.51    0.00    0.00    0.00   92.64
00:33:35     all    6.84    0.00    0.51    0.00    0.00    0.00    0.00    0.00    0.00   92.66
00:33:36     all    6.55    0.00    0.25    0.00    0.00    0.76    0.00    0.00    0.00   92.44
00:33:37     all    5.84    0.00    0.76    0.00    0.00    0.51    0.00    0.00    0.00   92.89
00:33:38     all    6.73    0.00    1.00    0.00    0.00    1.00    0.25    0.00    0.00   91.02
00:33:39     all    7.54    0.00    0.25    0.00    0.00    0.50    0.00    0.00    0.00   91.71
00:33:40     all    6.05    0.00    1.01    0.00    0.00    0.76    0.25    0.00    0.00   91.94
00:33:41     all    6.30    0.00    0.50    0.00    0.00    0.50    0.00    0.00    0.00   92.70
00:33:42     all    6.62    0.00    0.51    0.00    0.00    0.25    0.00    0.00    0.00   92.62
00:33:43     all    5.81    0.00    0.76    0.00    0.00    0.76    0.00    0.00    0.00   92.68
00:33:44     all    7.50    0.00    0.75    0.00    0.00    0.75    0.00    0.00    0.00   91.00
00:33:45     all    6.55    0.00    0.76    0.00    0.00    0.50    0.00    0.00    0.00   92.19
00:33:46     all    6.78    0.00    1.01    0.00    0.00    0.75    0.00    0.00    0.00   91.46
00:33:47     all    6.09    0.00    0.76    0.25    0.00    0.00    0.00    0.00    0.00   92.89
00:33:48     all    6.75    0.00    0.75    0.00    0.00    0.75    0.25    0.00    0.00   91.50
00:33:49     all    6.98    0.00    1.00    0.00    0.00    0.75    0.00    0.00    0.00   91.27
00:33:50     all    6.12    0.00    0.51    0.00    0.00    0.51    0.00    0.00    0.00   92.86
00:33:51     all    6.50    0.00    1.00    0.00    0.00    0.75    0.00    0.00    0.00   91.75
00:33:52     all    6.05    0.00    1.01    0.00    0.00    0.50    0.00    0.00    0.00   92.44
00:33:53     all    7.07    0.00    0.51    0.00    0.00    0.00    0.00    0.00    0.00   92.42
00:33:54     all    6.06    0.00    1.01    0.00    0.00    0.76    0.00    0.00    0.00   92.17
00:33:55     all    6.80    0.00    0.76    0.00    0.00    0.25    0.00    0.00    0.00   92.19
00:33:56     all    7.02    0.00    0.75    0.00    0.00    0.75    0.00    0.00    0.00   91.48
00:33:57     all    5.84    0.00    0.51    0.00    0.00    0.51    0.00    0.00    0.00   93.15
00:33:58     all    5.57    0.00    1.01    0.00    0.00    0.76    0.00    0.00    0.00   92.66
00:33:59     all    7.07    0.00    0.25    0.00    0.00    0.25    0.00    0.00    0.00   92.42
00:34:00     all    6.28    0.00    0.75    0.00    0.00    0.75    0.00    0.00    0.00   92.21
00:34:01     all    6.28    0.00    1.01    0.00    0.00    0.75    0.00    0.00    0.00   91.96
00:34:02     all    6.60    0.00    0.25    0.00    0.00    0.51    0.00    0.00    0.00   92.64
00:34:03     all    5.54    0.00    1.26    0.00    0.00    0.25    0.25    0.00    0.00   92.70
00:34:04     all    6.35    0.00    0.25    0.00    0.00    1.02    0.00    0.00    0.00   92.39
00:34:05     all    6.82    0.00    0.76    0.00    0.00    0.00    0.00    0.00    0.00   92.42
00:34:06     all    6.77    0.00    0.75    0.00    0.00    0.75    0.00    0.00    0.00   91.73
00:34:07     all    5.82    0.00    0.76    0.00    0.00    0.51    0.00    0.00    0.00   92.91
00:34:08     all    6.33    0.00    0.51    0.25    0.00    0.51    0.00    0.00    0.00   92.41
00:34:09     all    6.77    0.00    1.00    0.00    0.00    0.50    0.00    0.00    0.00   91.73
00:34:10     all    6.80    0.00    1.01    0.00    0.00    0.50    0.00    0.00    0.00   91.69
00:34:11     all    6.31    0.00    0.51    0.00    0.00    0.76    0.00    0.00    0.00   92.42
00:34:12     all    6.30    0.00    0.50    0.00    0.00    0.76    0.00    0.00    0.00   92.44
00:34:13     all    6.08    0.00    1.01    0.00    0.00    0.25    0.00    0.00    0.00   92.66
00:34:14     all    6.77    0.00    1.00    0.00    0.00    0.50    0.00    0.00    0.00   91.73
00:34:15     all    6.36    0.00    0.25    0.00    0.00    0.76    0.00    0.00    0.00   92.62
00:34:16     all    6.52    0.00    1.00    0.00    0.00    0.50    0.00    0.00    0.00   91.98
00:34:17     all    6.35    0.00    0.25    0.00    0.00    0.51    0.00    0.00    0.00   92.89
00:34:18     all    6.31    0.00    0.76    0.00    0.00    0.76    0.00    0.00    0.00   92.17
00:34:19     all    6.30    0.00    0.76    0.00    0.00    0.50    0.00    0.00    0.00   92.44
00:34:20     all    6.27    0.00    1.00    0.00    0.00    1.00    0.00    0.00    0.00   91.73
00:34:21     all    6.58    0.00    0.76    0.00    0.00    0.00    0.25    0.00    0.00   92.41
00:34:22     all    6.73    0.00    0.75    0.00    0.00    0.75    0.00    0.00    0.00   91.77
00:34:23     all    6.35    0.00    0.76    0.00    0.00    0.51    0.00    0.00    0.00   92.39
00:34:24     all    6.75    0.00    0.75    0.00    0.00    0.75    0.25    0.00    0.00   91.50
00:34:25     all    6.77    0.00    0.75    0.00    0.00    0.50    0.00    0.00    0.00   91.98
00:34:26     all    6.08    0.00    1.01    0.00    0.00    0.51    0.00    0.00    0.00   92.41
00:34:27     all    7.29    0.00    0.50    0.00    0.00    0.25    0.00    0.00    0.00   91.96
00:34:28     all    6.31    0.00    0.25    0.00    0.00    0.76    0.00    0.00    0.00   92.68
00:34:29     all    6.52    0.00    1.00    0.00    0.00    0.75    0.25    0.00    0.00   91.48
00:34:30     all    6.31    0.00    0.76    0.00    0.00    0.76    0.00    0.00    0.00   92.17
00:34:31     all    6.30    0.00    0.76    0.00    0.00    0.76    0.00    0.00    0.00   92.19
00:34:32     all    6.28    0.00    0.25    0.00    0.00    0.50    0.00    0.00    0.00   92.96
00:34:33     all    6.53    0.00    0.75    0.00    0.00    0.25    0.00    0.00    0.00   92.46
00:34:34     all    5.58    0.00    1.02    0.00    0.00    0.51    0.00    0.00    0.00   92.89
00:34:35     all    6.33    0.00    0.76    0.00    0.00    0.51    0.00    0.00    0.00   92.41
00:34:36     all    6.55    0.00    0.50    0.00    0.00    0.76    0.00    0.00    0.00   92.19
00:34:37     all    6.30    0.00    0.50    0.00    0.00    0.50    0.00    0.00    0.00   92.70
00:34:38     all    5.81    0.00    1.26    0.00    0.00    0.25    0.00    0.00    0.00   92.68
00:34:39     all    6.53    0.00    0.75    0.00    0.00    0.75    0.00    0.00    0.00   91.96
00:34:40     all    5.61    0.00    0.51    0.00    0.00    0.77    0.00    0.00    0.00   93.11
00:34:41     all    6.05    0.00    0.76    0.00    0.00    0.50    0.00    0.00    0.00   92.70
00:34:42     all    6.05    0.00    1.01    0.00    0.00    0.76    0.00    0.00    0.00   92.19
00:34:43     all    6.33    0.00    0.51    0.00    0.00    0.25    0.00    0.00    0.00   92.91
00:34:44     all    6.31    0.00    1.01    0.00    0.00    0.76    0.00    0.00    0.00   91.92
00:34:45     all    6.53    0.00    0.75    0.00    0.00    0.50    0.00    0.00    0.00   92.21
00:34:46     all    5.50    0.00    0.75    0.00    0.00    1.00    0.25    0.00    0.00   92.50
00:34:47     all    3.28    0.00    0.00    0.00    0.00    0.00    0.00    0.00    0.00   96.72
00:34:48     all    4.56    0.00    0.51    0.00    0.00    0.25    0.00    0.00    0.00   94.68
00:34:49     all    6.03    0.00    0.75    0.00    0.00    0.50    0.00    0.00    0.00   92.71
00:34:50     all    6.30    0.00    0.76    0.00    0.00    0.76    0.00    0.00    0.00   92.19
00:34:51     all    5.79    0.00    0.76    0.00    0.00    0.25    0.00    0.00    0.00   93.20
00:34:52     all    6.53    0.00    0.75    0.00    0.00    0.75    0.00    0.00    0.00   91.96
00:34:53     all    6.02    0.00    1.00    0.00    0.00    0.75    0.00    0.00    0.00   92.23
00:34:54     all    6.35    0.00    0.51    0.00    0.00    0.00    0.00    0.00    0.00   93.15
00:34:55     all    6.03    0.00    1.01    0.00    0.00    0.75    0.00    0.00    0.00   92.21
00:34:56     all    6.06    0.00    0.76    0.00    0.00    0.76    0.00    0.00    0.00   92.42
00:34:57     all    6.31    0.00    0.76    0.00    0.00    0.00    0.00    0.00    0.00   92.93
00:34:58     all    6.27    0.00    1.00    0.00    0.00    0.75    0.00    0.00    0.00   91.98
00:34:59     all    5.57    0.00    0.51    0.00    0.00    0.51    0.00    0.00    0.00   93.42
00:35:00     all    6.05    0.00    0.76    0.00    0.00    1.01    0.00    0.00    0.00   92.19
00:35:01     all    6.35    0.00    1.02    0.00    0.00    0.00    0.00    0.00    0.00   92.64
00:35:02     all    5.82    0.00    0.00    0.00    0.00    1.01    0.00    0.00    0.00   93.16
00:35:03     all    5.03    0.00    1.26    0.00    0.00    0.25    0.00    0.00    0.00   93.47
00:35:04     all    6.08    0.00    0.51    0.00    0.00    0.51    0.00    0.00    0.00   92.91
00:35:05     all    5.82    0.00    0.76    0.00    0.00    0.76    0.00    0.00    0.00   92.66
00:35:06     all    6.55    0.00    0.25    0.00    0.00    0.25    0.00    0.00    0.00   92.95
00:35:07     all    5.84    0.00    1.02    0.00    0.00    0.25    0.00    0.00    0.00   92.89
00:35:08     all    5.58    0.00    0.76    0.00    0.00    1.02    0.00    0.00    0.00   92.64
00:35:09     all    6.30    0.00    0.50    0.00    0.00    0.50    0.25    0.00    0.00   92.44
00:35:10     all    6.30    0.00    0.76    0.00    0.00    0.50    0.25    0.00    0.00   92.19
00:35:11     all    6.30    0.00    0.76    0.00    0.00    0.25    0.00    0.00    0.00   92.70
00:35:12     all    6.57    0.00    0.51    0.00    0.00    0.76    0.00    0.00    0.00   92.17
00:35:13     all    7.02    0.00    1.00    0.00    0.00    0.25    0.00    0.00    0.00   91.73
00:35:14     all    7.00    0.00    0.75    0.00    0.00    1.25    0.00    0.00    0.00   91.00
00:35:15     all    6.35    0.00    0.51    0.00    0.00    0.25    0.00    0.00    0.00   92.89
00:35:16     all    6.50    0.00    0.50    0.50    0.00    0.75    0.00    0.00    0.00   91.75
00:35:17     all    6.77    0.00    1.00    0.00    0.00    0.50    0.25    0.00    0.00   91.48
00:35:18     all    5.34    0.00    0.76    0.00    0.00    0.51    0.00    0.00    0.00   93.38
00:35:19     all    6.27    0.00    1.00    0.00    0.00    0.50    0.00    0.00    0.00   92.23
00:35:20     all    6.84    0.00    0.76    0.00    0.00    0.00    0.00    0.00    0.00   92.41
00:35:21     all    6.33    0.00    0.25    0.00    0.00    0.76    0.00    0.00    0.00   92.66
00:35:22     all    6.52    0.00    1.00    0.00    0.00    0.50    0.00    0.00    0.00   91.98
00:35:23     all    6.78    0.00    0.50    0.00    0.00    0.75    0.00    0.00    0.00   91.96
00:35:24     all    6.33    0.00    1.01    0.00    0.00    0.25    0.00    0.00    0.00   92.41
00:35:25     all    6.78    0.00    1.01    0.00    0.00    0.75    0.00    0.00    0.00   91.46
00:35:26     all    6.57    0.00    0.51    0.00    0.00    0.25    0.00    0.00    0.00   92.68
00:35:27     all    6.55    0.00    0.76    0.00    0.00    0.50    0.00    0.00    0.00   92.19
00:35:28     all    6.08    0.00    0.51    0.00    0.00    1.01    0.00    0.00    0.00   92.41
00:35:29     all    6.08    0.00    0.51    0.00    0.00    0.25    0.00    0.00    0.00   93.16
00:35:30     all    6.52    0.00    1.25    0.00    0.00    0.50    0.00    0.00    0.00   91.73
00:35:31     all    6.55    0.00    0.76    0.00    0.00    0.76    0.00    0.00    0.00   91.94
00:35:32     all    6.28    0.00    0.75    0.00    0.00    0.75    0.00    0.00    0.00   92.21
00:35:33     all    6.28    0.00    1.26    0.00    0.00    0.50    0.00    0.00    0.00   91.96
00:35:34     all    6.57    0.00    0.00    0.00    0.00    0.51    0.25    0.00    0.00   92.68
00:35:35     all    6.55    0.00    1.26    0.00    0.00    0.25    0.00    0.00    0.00   91.94
00:35:36     all    6.31    0.00    0.51    0.00    0.00    0.51    0.00    0.00    0.00   92.68
00:35:37     all    6.30    0.00    0.50    0.00    0.00    0.50    0.00    0.00    0.00   92.70
00:35:38     all    6.77    0.00    0.75    0.00    0.00    0.75    0.00    0.00    0.00   91.73
00:35:39     all    5.63    0.00    0.77    0.00    0.00    0.00    0.00    0.00    0.00   93.61
00:35:40     all    6.25    0.00    1.25    0.00    0.00    0.75    0.00    0.00    0.00   91.75
00:35:41     all    6.31    0.00    0.76    0.00    0.00    0.25    0.00    0.00    0.00   92.68
00:35:42     all    6.78    0.00    0.25    0.00    0.00    0.75    0.00    0.00    0.00   92.21
00:35:43     all    6.57    0.00    0.76    0.00    0.00    0.25    0.00    0.00    0.00   92.42
00:35:44     all    6.75    0.00    1.25    0.00    0.00    0.75    0.00    0.00    0.00   91.25
00:35:45     all    6.84    0.00    0.25    0.00    0.00    0.25    0.00    0.00    0.00   92.66
00:35:46     all    6.33    0.00    0.76    0.00    0.00    0.76    0.00    0.00    0.00   92.15
00:35:47     all    6.57    0.00    0.51    0.00    0.00    0.76    0.00    0.00    0.00   92.17
00:35:48     all    6.30    0.00    1.01    0.00    0.00    0.50    0.00    0.00    0.00   92.19
00:35:49     all    2.26    0.00    0.00    0.00    0.00    0.25    0.00    0.00    0.00   97.49
00:35:50     all    0.76    0.00    0.00    0.00    0.00    0.00    0.00    0.00    0.00   99.24
00:35:51     all    1.50    0.00    0.00    0.00    0.00    0.00    0.00    0.00    0.00   98.50
00:35:52     all    0.75    0.00    0.50    0.00    0.00    0.00    0.00    0.00    0.00   98.75
00:35:53     all    1.00    0.00    0.50    0.00    0.00    0.00    0.00    0.00    0.00   98.51
00:35:54     all    0.51    0.00    0.00    0.00    0.00    0.00    0.00    0.00    0.00   99.49
00:35:55     all    1.01    0.00    0.00    0.00    0.00    0.00    0.00    0.00    0.00   98.99
00:35:56     all    1.00    0.00    0.00    0.00    0.00    0.25    0.00    0.00    0.00   98.75
00:35:57     all    0.75    0.00    0.25    0.00    0.00    0.25    0.00    0.00    0.00   98.75
00:35:58     all    6.33    0.00    0.76    0.00    0.00    0.25    0.00    0.00    0.00   92.66
00:35:59     all    6.78    0.00    1.01    0.00    0.00    0.75    0.25    0.00    0.00   91.21
00:36:00     all    7.04    0.00    1.01    0.00    0.00    0.25    0.00    0.00    0.00   91.71
00:36:01     all    5.82    0.00    0.25    0.00    0.00    0.51    0.25    0.00    0.00   93.16
00:36:02     all    6.31    0.00    1.01    0.00    0.00    0.51    0.00    0.00    0.00   92.17
00:36:03     all    6.58    0.00    0.25    0.00    0.00    0.25    0.00    0.00    0.00   92.91
00:36:04     all    6.75    0.00    1.00    0.00    0.00    0.75    0.00    0.00    0.00   91.50
00:36:05     all    6.06    0.00    0.25    0.00    0.00    1.01    0.00    0.00    0.00   92.68
00:36:06     all    5.81    0.00    0.76    0.00    0.00    0.51    0.25    0.00    0.00   92.68
00:36:07     all    6.50    0.00    1.00    0.00    0.00    1.00    0.00    0.00    0.00   91.50
00:36:08     all    6.35    0.00    0.25    0.00    0.00    0.51    0.00    0.00    0.00   92.89
00:36:09     all    6.05    0.00    0.76    0.00    0.00    0.50    0.00    0.00    0.00   92.70
00:36:10     all    6.06    0.00    0.76    0.00    0.00    0.51    0.00    0.00    0.00   92.68
00:36:11     all    6.33    0.00    0.51    0.25    0.00    0.51    0.00    0.00    0.00   92.41
00:36:12     all    5.53    0.00    0.75    0.00    0.00    0.25    0.00    0.00    0.00   93.47
00:36:13     all    5.63    0.00    0.51    0.00    0.00    0.26    0.00    0.00    0.00   93.61
00:36:14     all    6.75    0.00    0.50    0.00    0.00    0.75    0.00    0.00    0.00   92.00
00:36:15     all    5.82    0.00    1.01    0.00    0.00    0.51    0.00    0.00    0.00   92.66
00:36:16     all    6.98    0.00    1.00    0.00    0.00    0.75    0.00    0.00    0.00   91.27
00:36:17     all    6.57    0.00    0.76    0.00    0.00    0.25    0.00    0.00    0.00   92.42
00:36:18     all    6.25    0.00    1.00    0.00    0.00    0.50    0.00    0.00    0.00   92.25
00:36:19     all    6.84    0.00    0.51    0.00    0.00    0.51    0.00    0.00    0.00   92.15
00:36:20     all    7.00    0.00    1.00    0.00    0.00    0.25    0.00    0.00    0.00   91.75
00:36:21     all    6.58    0.00    0.51    0.00    0.00    0.25    0.00    0.00    0.00   92.66
00:36:22     all    6.03    0.00    1.01    0.00    0.00    1.01    0.00    0.00    0.00   91.96
00:36:23     all    6.09    0.00    0.76    0.00    0.00    0.25    0.00    0.00    0.00   92.89
00:36:24     all    6.28    0.00    0.75    0.00    0.00    1.01    0.25    0.00    0.00   91.71
00:36:25     all    5.82    0.00    1.01    0.00    0.00    0.25    0.00    0.00    0.00   92.91
00:36:26     all    6.38    0.00    0.26    0.00    0.00    0.77    0.00    0.00    0.00   92.60
00:36:27     all    6.27    0.00    1.00    0.00    0.00    0.25    0.00    0.00    0.00   92.48
00:36:28     all    5.84    0.00    0.51    0.00    0.00    1.02    0.00    0.00    0.00   92.64
00:36:29     all    6.80    0.00    0.76    0.00    0.00    0.25    0.00    0.00    0.00   92.19
00:36:30     all    7.02    0.00    0.75    0.00    0.00    0.75    0.00    0.00    0.00   91.48
00:36:31     all    6.09    0.00    0.76    0.00    0.00    0.51    0.00    0.00    0.00   92.64
00:36:32     all    6.30    0.00    0.50    0.00    0.00    0.50    0.00    0.00    0.00   92.70
00:36:33     all    6.30    0.00    0.76    0.00    0.00    0.50    0.00    0.00    0.00   92.44
00:36:34     all    6.08    0.00    0.51    0.00    0.00    0.76    0.00    0.00    0.00   92.66
00:36:35     all    6.72    0.00    1.24    0.00    0.00    0.50    0.00    0.00    0.00   91.54
00:36:36     all    6.11    0.00    0.51    0.00    0.00    0.25    0.00    0.00    0.00   93.13
00:36:37     all    6.77    0.00    0.75    0.00    0.00    0.75    0.00    0.00    0.00   91.73
00:36:38     all    7.05    0.00    0.76    0.00    0.00    0.00    0.00    0.00    0.00   92.19
00:36:39     all    6.52    0.00    0.75    0.00    0.00    0.50    0.00    0.00    0.00   92.23
00:36:40     all    6.30    0.00    0.76    0.00    0.00    0.76    0.00    0.00    0.00   92.19
00:36:41     all    6.05    0.00    0.76    0.00    0.00    0.25    0.00    0.00    0.00   92.95
00:36:42     all    5.85    0.00    0.51    0.00    0.00    0.25    0.00    0.00    0.00   93.38
00:36:43     all    6.27    0.00    1.00    0.00    0.00    0.75    0.25    0.00    0.00   91.73
00:36:44     all    6.73    0.00    1.25    0.00    0.00    0.75    0.00    0.00    0.00   91.27
00:36:45     all    6.33    0.00    0.51    0.00    0.00    0.51    0.25    0.00    0.00   92.41
00:36:46     all    6.77    0.00    0.75    0.25    0.00    0.50    0.00    0.00    0.00   91.73
00:36:47     all    6.06    0.00    0.76    0.00    0.00    0.76    0.00    0.00    0.00   92.42
00:36:48     all    6.57    0.00    0.25    0.00    0.00    0.25    0.00    0.00    0.00   92.93
00:36:49     all    5.87    0.00    0.77    0.00    0.00    0.26    0.00    0.00    0.00   93.11
00:36:50     all    6.27    0.00    0.75    0.00    0.00    1.00    0.25    0.00    0.00   91.73
00:36:51     all    6.57    0.00    0.76    0.00    0.00    0.25    0.00    0.00    0.00   92.42
00:36:52     all    6.53    0.00    0.50    0.00    0.00    0.75    0.00    0.00    0.00   92.21
00:36:53     all    5.60    0.00    0.76    0.00    0.00    0.51    0.00    0.00    0.00   93.13
00:36:54     all    6.52    0.00    1.00    0.00    0.00    0.50    0.00    0.00    0.00   91.98
00:36:55     all    6.33    0.00    0.76    0.00    0.00    0.25    0.00    0.00    0.00   92.66
00:36:56     all    6.77    0.00    0.75    0.00    0.00    0.75    0.00    0.00    0.00   91.73
00:36:57     all    6.08    0.00    0.76    0.25    0.00    0.25    0.00    0.00    0.00   92.66
00:36:58     all    6.28    0.00    1.01    0.00    0.00    0.50    0.00    0.00    0.00   92.21
00:36:59     all    6.57    0.00    0.51    0.00    0.00    0.25    0.00    0.00    0.00   92.68
00:37:00     all    6.27    0.00    1.00    0.00    0.00    0.75    0.00    0.00    0.00   91.98
00:37:01     all    5.63    0.00    0.26    0.00    0.00    0.51    0.00    0.00    0.00   93.61
00:37:02     all    6.77    0.00    1.00    0.00    0.00    0.50    0.00    0.00    0.00   91.73
00:37:03     all    5.84    0.00    0.51    0.00    0.00    0.25    0.00    0.00    0.00   93.40
00:37:04     all    6.52    0.00    0.75    0.00    0.00    0.75    0.00    0.00    0.00   91.98
00:37:05     all    5.84    0.00    1.02    0.00    0.00    0.25    0.00    0.00    0.00   92.89
00:37:06     all    6.06    0.00    0.51    0.00    0.00    0.51    0.00    0.00    0.00   92.93
00:37:07     all    6.55    0.00    1.01    0.00    0.00    0.25    0.00    0.00    0.00   92.19
00:37:08     all    6.06    0.00    0.76    0.00    0.00    0.51    0.00    0.00    0.00   92.68
00:37:09     all    6.03    0.00    1.01    0.00    0.00    0.50    0.00    0.00    0.00   92.46
00:37:10     all    6.25    0.00    1.00    0.00    0.00    0.25    0.25    0.00    0.00   92.25
00:37:11     all    6.08    0.00    0.51    0.00    0.00    0.76    0.00    0.00    0.00   92.66
00:37:12     all    6.77    0.00    1.25    0.00    0.00    0.25    0.00    0.00    0.00   91.73
00:37:13     all    6.08    0.00    0.51    0.00    0.00    0.76    0.00    0.00    0.00   92.66
00:37:14     all    6.03    0.00    1.26    0.00    0.00    0.25    0.00    0.00    0.00   92.46
00:37:15     all    6.53    0.00    0.75    0.00    0.00    0.75    0.00    0.00    0.00   91.96
00:37:16     all    6.57    0.00    0.51    0.00    0.00    0.51    0.00    0.00    0.00   92.42
00:37:17     all    6.27    0.00    1.00    0.25    0.00    0.75    0.00    0.00    0.00   91.73
00:37:18     all    6.08    0.00    0.51    0.00    0.00    0.00    0.00    0.00    0.00   93.42
00:37:19     all    6.31    0.00    0.76    0.00    0.00    0.76    0.00    0.00    0.00   92.17
00:37:20     all    7.29    0.00    0.25    0.00    0.00    0.50    0.00    0.00    0.00   91.96
00:37:21     all    6.30    0.00    0.76    0.00    0.00    0.50    0.00    0.00    0.00   92.44
00:37:22     all    6.30    0.00    1.26    0.00    0.00    0.50    0.00    0.00    0.00   91.94
00:37:23     all    7.04    0.00    0.50    0.00    0.00    0.25    0.00    0.00    0.00   92.21
00:37:24     all    6.08    0.00    0.76    0.00    0.00    0.51    0.25    0.00    0.00   92.41
00:37:25     all    6.08    0.00    0.51    0.00    0.00    0.76    0.00    0.00    0.00   92.66
00:37:26     all    6.06    0.00    0.76    0.00    0.00    0.51    0.00    0.00    0.00   92.68
00:37:27     all    6.28    0.00    1.01    0.00    0.00    0.50    0.00    0.00    0.00   92.21
00:37:28     all    6.08    0.00    0.76    0.00    0.00    0.25    0.25    0.00    0.00   92.66
00:37:29     all    7.00    0.00    0.50    0.00    0.00    1.00    0.00    0.00    0.00   91.50
00:37:30     all    6.08    0.00    0.51    0.00    0.00    0.51    0.00    0.00    0.00   92.91
00:37:31     all    6.08    0.00    0.76    0.00    0.00    0.51    0.00    0.00    0.00   92.66
00:37:32     all    6.77    0.00    0.50    0.00    0.00    0.50    0.00    0.00    0.00   92.23
00:37:33     all    6.25    0.00    1.25    0.00    0.00    1.00    0.00    0.00    0.00   91.50
00:37:34     all    5.82    0.00    0.76    0.00    0.00    0.25    0.00    0.00    0.00   93.16
00:37:35     all    6.00    0.00    1.00    0.00    0.00    1.00    0.00    0.00    0.00   92.00
00:37:36     all    6.11    0.00    0.51    0.00    0.00    0.25    0.25    0.00    0.00   92.88
00:37:37     all    6.30    0.00    1.01    0.00    0.00    0.25    0.00    0.00    0.00   92.44
00:37:38     all    6.02    0.00    1.00    0.00    0.00    1.00    0.00    0.00    0.00   91.98
00:37:39     all    6.60    0.00    0.25    0.00    0.00    0.25    0.00    0.00    0.00   92.89
00:37:40     all    6.03    0.00    1.26    0.00    0.00    0.75    0.00    0.00    0.00   91.96
00:37:41     all    5.82    0.00    0.51    0.00    0.00    0.25    0.00    0.00    0.00   93.42
00:37:42     all    5.81    0.00    0.51    0.00    0.00    0.76    0.00    0.00    0.00   92.93
00:37:43     all    6.80    0.00    0.50    0.00    0.00    0.25    0.00    0.00    0.00   92.44
00:37:44     all    6.28    0.00    1.26    0.00    0.00    0.50    0.00    0.00    0.00   91.96
00:37:45     all    6.06    0.00    0.76    0.00    0.00    0.51    0.00    0.00    0.00   92.68
00:37:46     all    6.05    0.00    1.01    0.00    0.00    1.01    0.00    0.00    0.00   91.94
00:37:47     all    2.53    0.00    0.00    0.00    0.00    0.00    0.00    0.00    0.00   97.47
00:37:48     all    4.27    0.00    0.25    0.00    0.00    0.50    0.00    0.00    0.00   94.97
00:37:49     all    5.06    0.00    1.01    0.00    0.00    0.00    0.00    0.00    0.00   93.92
00:37:50     all    5.82    0.00    0.25    0.00    0.00    0.76    0.00    0.00    0.00   93.16
00:37:51     all    6.05    0.00    0.76    0.00    0.00    0.76    0.00    0.00    0.00   92.44
00:37:52     all    6.02    0.00    1.00    0.00    0.00    0.25    0.00    0.00    0.00   92.73
00:37:53     all    6.30    0.00    1.01    0.00    0.00    0.76    0.00    0.00    0.00   91.94
00:37:54     all    6.55    0.00    0.50    0.00    0.00    0.25    0.00    0.00    0.00   92.70
00:37:55     all    6.05    0.00    0.50    0.00    0.00    0.76    0.00    0.00    0.00   92.70
00:37:56     all    6.55    0.00    0.50    0.00    0.00    0.25    0.25    0.00    0.00   92.44
00:37:57     all    5.79    0.00    0.76    0.00    0.00    0.76    0.00    0.00    0.00   92.70
00:37:58     all    5.82    0.00    0.51    0.00    0.00    0.00    0.00    0.00    0.00   93.67
00:37:59     all    5.34    0.00    1.02    0.00    0.00    0.76    0.00    0.00    0.00   92.88
00:38:00     all    5.75    0.00    1.00    0.00    0.00    0.50    0.00    0.00    0.00   92.75
00:38:01     all    6.77    0.00    0.75    0.00    0.00    0.50    0.00    0.00    0.00   91.98
00:38:02     all    6.33    0.00    0.51    0.25    0.00    0.51    0.00    0.00    0.00   92.41
00:38:03     all    6.30    0.00    0.76    0.00    0.00    0.25    0.00    0.00    0.00   92.70
00:38:04     all    5.81    0.00    0.76    0.00    0.00    0.76    0.00    0.00    0.00   92.68
00:38:05     all    6.30    0.00    0.76    0.00    0.00    0.50    0.00    0.00    0.00   92.44
00:38:06     all    5.57    0.00    0.51    0.00    0.00    0.51    0.00    0.00    0.00   93.42
00:38:07     all    5.34    0.00    1.02    0.00    0.00    0.25    0.00    0.00    0.00   93.38
00:38:08     all    5.78    0.00    0.50    0.00    0.00    0.75    0.00    0.00    0.00   92.96
00:38:09     all    5.84    0.00    0.76    0.00    0.00    0.51    0.00    0.00    0.00   92.89
00:38:10     all    6.28    0.00    0.75    0.00    0.00    0.25    0.00    0.00    0.00   92.71
00:38:11     all    6.28    0.00    0.50    0.00    0.00    0.75    0.00    0.00    0.00   92.46
00:38:12     all    5.57    0.00    0.76    0.00    0.00    0.51    0.00    0.00    0.00   93.16
00:38:13     all    5.84    0.00    0.51    0.00    0.00    0.00    0.00    0.00    0.00   93.65
00:38:14     all    6.05    0.00    0.76    0.00    0.00    1.01    0.25    0.00    0.00   91.94
00:38:15     all    6.28    0.00    1.01    0.00    0.00    0.00    0.25    0.00    0.00   92.46
00:38:16     all    6.53    0.00    0.50    0.00    0.00    0.75    0.00    0.00    0.00   92.21
00:38:17     all    6.27    0.00    0.75    0.00    0.00    0.75    0.00    0.00    0.00   92.23
00:38:18     all    6.28    0.00    0.75    0.00    0.00    0.50    0.00    0.00    0.00   92.46
00:38:19     all    6.35    0.00    0.25    0.00    0.00    0.51    0.00    0.00    0.00   92.89
00:38:20     all    6.30    0.00    1.01    0.00    0.00    0.25    0.00    0.00    0.00   92.44
00:38:21     all    6.25    0.00    1.00    0.00    0.00    0.75    0.00    0.00    0.00   92.00
00:38:22     all    6.08    0.00    0.51    0.00    0.00    0.25    0.00    0.00    0.00   93.16
00:38:23     all    6.57    0.00    0.76    0.00    0.00    0.25    0.00    0.00    0.00   92.42
00:38:24     all    6.05    0.00    0.25    0.00    0.00    0.76    0.25    0.00    0.00   92.70
00:38:25     all    6.28    0.00    0.75    0.00    0.00    0.50    0.00    0.00    0.00   92.46
00:38:26     all    6.08    0.00    0.76    0.00    0.00    0.51    0.00    0.00    0.00   92.66
00:38:27     all    6.50    0.00    0.75    0.00    0.00    0.75    0.00    0.00    0.00   92.00
00:38:28     all    6.05    0.00    0.76    0.00    0.00    0.76    0.00    0.00    0.00   92.44
00:38:29     all    5.32    0.00    0.76    0.00    0.00    0.51    0.00    0.00    0.00   93.42
00:38:30     all    6.57    0.00    0.51    0.00    0.00    0.00    0.00    0.00    0.00   92.93
00:38:31     all    6.50    0.00    1.00    0.00    0.00    0.50    0.00    0.00    0.00   92.00
00:38:32     all    6.09    0.00    0.76    0.00    0.00    0.76    0.00    0.00    0.00   92.39
00:38:33     all    6.48    0.00    1.00    0.00    0.00    0.75    0.00    0.00    0.00   91.77
00:38:34     all    6.35    0.00    0.25    0.00    0.00    0.25    0.00    0.00    0.00   93.15
00:38:35     all    6.80    0.00    0.76    0.00    0.00    0.25    0.00    0.00    0.00   92.19
00:38:36     all    6.55    0.00    0.50    0.00    0.00    0.76    0.00    0.00    0.00   92.19
00:38:37     all    6.06    0.00    0.51    0.00    0.00    0.51    0.00    0.00    0.00   92.93
00:38:38     all    6.33    0.00    0.51    0.00    0.00    0.76    0.00    0.00    0.00   92.41
00:38:39     all    6.53    0.00    1.01    0.00    0.00    0.25    0.00    0.00    0.00   92.21
00:38:40     all    6.33    0.00    0.51    0.00    0.00    0.51    0.00    0.00    0.00   92.66
00:38:41     all    5.79    0.00    1.26    0.00    0.00    0.50    0.00    0.00    0.00   92.44
00:38:42     all    6.30    0.00    0.76    0.00    0.00    0.76    0.00    0.00    0.00   92.19
00:38:43     all    5.84    0.00    0.76    0.00    0.00    0.25    0.00    0.00    0.00   93.15
00:38:44     all    6.57    0.00    0.51    0.00    0.00    0.25    0.00    0.00    0.00   92.68
00:38:45     all    6.06    0.00    1.01    0.00    0.00    0.25    0.25    0.00    0.00   92.42
00:38:46     all    5.53    0.00    0.75    0.00    0.00    1.01    0.00    0.00    0.00   92.71
00:38:47     all    6.95    0.00    0.74    0.25    0.00    0.50    0.00    0.00    0.00   91.56
00:38:48     all    6.11    0.00    0.76    0.00    0.00    0.00    0.00    0.00    0.00   93.13
00:38:49     all    6.25    0.00    1.00    0.00    0.00    0.75    0.00    0.00    0.00   92.00
00:38:50     all    6.57    0.00    1.01    0.00    0.00    0.00    0.00    0.00    0.00   92.42
00:38:51     all    6.53    0.00    0.50    0.00    0.00    1.01    0.00    0.00    0.00   91.96
00:38:52     all    6.06    0.00    0.76    0.00    0.00    0.25    0.00    0.00    0.00   92.93
00:38:53     all    6.05    0.00    1.01    0.00    0.00    0.00    0.00    0.00    0.00   92.95
00:38:54     all    5.85    0.00    0.51    0.00    0.00    0.76    0.00    0.00    0.00   92.88
00:38:55     all    6.52    0.00    0.75    0.00    0.00    0.50    0.00    0.00    0.00   92.23
00:38:56     all    6.53    0.00    1.01    0.00    0.00    0.25    0.00    0.00    0.00   92.21
00:38:57     all    6.75    0.00    0.50    0.00    0.00    1.00    0.00    0.00    0.00   91.75
00:38:58     all    6.60    0.00    0.51    0.00    0.00    0.25    0.00    0.00    0.00   92.64
00:38:59     all    6.52    0.00    0.75    0.00    0.00    0.50    0.25    0.00    0.00   91.98
00:39:00     all    6.70    0.00    0.74    0.00    0.00    0.99    0.25    0.00    0.00   91.32
00:39:01     all    5.84    0.00    1.27    0.00    0.00    0.25    0.00    0.00    0.00   92.64
00:39:02     all    6.33    0.00    0.25    0.00    0.00    0.76    0.00    0.00    0.00   92.66
00:39:03     all    6.30    0.00    0.76    0.00    0.00    0.76    0.00    0.00    0.00   92.19
00:39:04     all    7.02    0.00    0.50    0.25    0.00    0.25    0.00    0.00    0.00   91.98
00:39:05     all    6.77    0.00    1.00    0.00    0.00    0.50    0.00    0.00    0.00   91.73
00:39:06     all    5.58    0.00    0.76    0.00    0.00    0.76    0.00    0.00    0.00   92.89
00:39:07     all    6.82    0.00    0.25    0.00    0.00    0.25    0.00    0.00    0.00   92.68
00:39:08     all    6.02    0.00    0.75    0.00    0.00    0.75    0.00    0.00    0.00   92.48
00:39:09     all    7.05    0.00    1.01    0.00    0.00    0.25    0.00    0.00    0.00   91.69
00:39:10     all    5.56    0.00    0.76    0.00    0.00    0.76    0.00    0.00    0.00   92.93
00:39:11     all    5.84    0.00    0.76    0.00    0.00    0.51    0.00    0.00    0.00   92.89
00:39:12     all    6.78    0.00    0.50    0.00    0.00    0.25    0.00    0.00    0.00   92.46
00:39:13     all    6.02    0.00    1.00    0.00    0.00    0.50    0.00    0.00    0.00   92.48
00:39:14     all    6.30    0.00    0.76    0.00    0.00    0.76    0.00    0.00    0.00   92.19
00:39:15     all    6.09    0.00    0.51    0.00    0.00    0.25    0.00    0.00    0.00   93.15
00:39:16     all    6.00    0.00    1.25    0.00    0.00    0.75    0.25    0.00    0.00   91.75
00:39:17     all    6.33    0.00    1.01    0.00    0.00    0.51    0.00    0.00    0.00   92.15
00:39:18     all    6.78    0.00    0.25    0.00    0.00    0.50    0.00    0.00    0.00   92.46
00:39:19     all    5.57    0.00    1.01    0.00    0.00    0.51    0.00    0.00    0.00   92.91
00:39:20     all    6.35    0.00    0.25    0.00    0.00    0.51    0.00    0.00    0.00   92.89
00:39:21     all    6.30    0.00    0.76    0.00    0.00    0.50    0.00    0.00    0.00   92.44
00:39:22     all    5.82    0.00    0.76    0.00    0.00    0.51    0.00    0.00    0.00   92.91
00:39:23     all    7.02    0.00    0.75    0.00    0.00    0.75    0.00    0.00    0.00   91.48
00:39:24     all    6.33    0.00    0.51    0.00    0.00    0.51    0.25    0.00    0.00   92.41
00:39:25     all    6.30    0.00    1.01    0.00    0.00    0.50    0.00    0.00    0.00   92.19
00:39:26     all    6.57    0.00    0.51    0.00    0.00    0.76    0.00    0.00    0.00   92.17
00:39:27     all    6.53    0.00    0.75    0.00    0.00    0.50    0.00    0.00    0.00   92.21
00:39:28     all    6.09    0.00    0.76    0.00    0.00    0.25    0.00    0.00    0.00   92.89
00:39:29     all    5.78    0.00    1.01    0.00    0.00    1.01    0.00    0.00    0.00   92.21
00:39:30     all    5.84    0.00    0.76    0.00    0.00    0.51    0.00    0.00    0.00   92.89
00:39:31     all    6.77    0.00    0.75    0.00    0.00    0.75    0.00    0.00    0.00   91.73
00:39:32     all    6.60    0.00    0.51    0.00    0.00    0.25    0.00    0.00    0.00   92.64
00:39:33     all    6.75    0.00    0.75    0.00    0.00    0.75    0.00    0.00    0.00   91.75
00:39:34     all    6.33    0.00    0.76    0.00    0.00    0.51    0.00    0.00    0.00   92.41
00:39:35     all    6.06    0.00    0.51    0.00    0.00    0.51    0.00    0.00    0.00   92.93
00:39:36     all    6.78    0.00    0.75    0.00    0.00    0.50    0.00    0.00    0.00   91.96
00:39:37     all    6.05    0.00    1.01    0.00    0.00    0.50    0.00    0.00    0.00   92.44
00:39:38     all    6.77    0.00    0.75    0.00    0.00    0.75    0.00    0.00    0.00   91.73
00:39:39     all    6.09    0.00    0.51    0.00    0.00    0.25    0.00    0.00    0.00   93.15
00:39:40     all    6.75    0.00    1.00    0.25    0.00    0.50    0.00    0.00    0.00   91.50
00:39:41     all    6.05    0.00    0.76    0.00    0.00    0.76    0.00    0.00    0.00   92.44
00:39:42     all    6.30    0.00    0.50    0.00    0.00    0.25    0.00    0.00    0.00   92.95
00:39:43     all    6.53    0.00    0.50    0.00    0.00    0.50    0.25    0.00    0.00   92.21
00:39:44     all    6.31    0.00    0.51    0.00    0.00    0.51    0.25    0.00    0.00   92.42
00:39:45     all    6.77    0.00    1.25    0.00    0.00    0.50    0.00    0.00    0.00   91.48
00:39:46     all    6.58    0.00    0.00    0.00    0.00    0.51    0.00    0.00    0.00   92.91
00:39:47     all    5.79    0.00    1.26    0.00    0.00    0.76    0.00    0.00    0.00   92.19
00:39:48     all    6.62    0.00    0.00    0.00    0.00    0.25    0.00    0.00    0.00   93.13
00:39:49     all    5.79    0.00    1.01    0.00    0.00    0.50    0.00    0.00    0.00   92.70
00:39:50     all    6.25    0.00    1.00    0.00    0.00    0.75    0.00    0.00    0.00   92.00
00:39:51     all    5.66    0.00    0.00    0.00    0.00    0.26    0.00    0.00    0.00   94.09
00:39:52     all    6.03    0.00    1.01    0.00    0.00    0.50    0.00    0.00    0.00   92.46
00:39:53     all    5.85    0.00    1.02    0.00    0.00    0.00    0.00    0.00    0.00   93.13
00:39:54     all    5.82    0.00    0.25    0.00    0.00    1.01    0.00    0.00    0.00   92.91
00:39:55     all    6.84    0.00    0.76    0.00    0.00    0.25    0.00    0.00    0.00   92.15
00:39:56     all    6.77    0.00    0.75    0.00    0.00    0.75    0.00    0.00    0.00   91.73
00:39:57     all    6.30    0.00    0.76    0.00    0.00    0.50    0.00    0.00    0.00   92.44
00:39:58     all    6.58    0.00    0.76    0.00    0.00    0.25    0.00    0.00    0.00   92.41
00:39:59     all    6.05    0.00    1.01    0.00    0.00    0.50    0.00    0.00    0.00   92.44
00:40:00     all    6.28    0.00    0.50    0.00    0.00    0.75    0.00    0.00    0.00   92.46
00:40:01     all    5.61    0.00    0.51    0.00    0.00    0.26    0.00    0.00    0.00   93.62
00:40:02     all    6.52    0.00    1.00    0.00    0.00    0.50    0.00    0.00    0.00   91.98
00:40:03     all    6.58    0.00    0.51    0.00    0.00    0.51    0.00    0.00    0.00   92.41
00:40:04     all    6.35    0.00    0.51    0.00    0.00    0.25    0.00    0.00    0.00   92.89
00:40:05     all    6.28    0.00    1.01    0.00    0.00    0.25    0.00    0.00    0.00   92.46
00:40:06     all    6.30    0.00    0.25    0.00    0.00    0.76    0.25    0.00    0.00   92.44
00:40:07     all    6.30    0.00    0.76    0.00    0.00    0.25    0.00    0.00    0.00   92.70
00:40:08     all    6.06    0.00    0.76    0.00    0.00    0.51    0.00    0.00    0.00   92.68
00:40:09     all    6.33    0.00    0.51    0.00    0.00    0.51    0.00    0.00    0.00   92.66
00:40:10     all    6.03    0.00    1.01    0.00    0.00    0.50    0.00    0.00    0.00   92.46
00:40:11     all    5.82    0.00    1.01    0.00    0.00    0.25    0.25    0.00    0.00   92.66
00:40:12     all    6.77    0.00    0.50    0.00    0.00    0.75    0.00    0.00    0.00   91.98
00:40:13     all    5.81    0.00    0.76    0.00    0.00    0.51    0.00    0.00    0.00   92.93
00:40:14     all    6.55    0.00    0.76    0.00    0.00    0.76    0.00    0.00    0.00   91.94
00:40:15     all    6.30    0.00    0.76    0.00    0.00    0.50    0.00    0.00    0.00   92.44
00:40:16     all    7.05    0.00    0.50    0.00    0.00    0.50    0.00    0.00    0.00   91.94
00:40:17     all    6.57    0.00    0.51    0.00    0.00    0.25    0.00    0.00    0.00   92.68
00:40:18     all    6.05    0.00    1.01    0.00    0.00    0.50    0.00    0.00    0.00   92.44
00:40:19     all    6.31    0.00    0.51    0.00    0.00    0.76    0.00    0.00    0.00   92.42
00:40:20     all    5.84    0.00    0.51    0.00    0.00    0.51    0.00    0.00    0.00   93.15
00:40:21     all    6.25    0.00    0.75    0.25    0.00    0.75    0.00    0.00    0.00   92.00
00:40:22     all    6.06    0.00    0.51    0.00    0.00    1.01    0.00    0.00    0.00   92.42
00:40:23     all    6.27    0.00    1.00    0.00    0.00    0.50    0.00    0.00    0.00   92.23
00:40:24     all    6.57    0.00    1.01    0.00    0.00    0.51    0.00    0.00    0.00   91.92
00:40:25     all    6.52    0.00    1.00    0.00    0.00    0.50    0.00    0.00    0.00   91.98
00:40:26     all    6.31    0.00    0.25    0.00    0.00    0.25    0.25    0.00    0.00   92.93
00:40:27     all    6.53    0.00    1.01    0.00    0.00    0.75    0.25    0.00    0.00   91.46
00:40:28     all    6.09    0.00    0.51    0.00    0.00    0.25    0.00    0.00    0.00   93.15
00:40:29     all    6.03    0.00    1.01    0.00    0.00    0.75    0.00    0.00    0.00   92.21
00:40:30     all    6.11    0.00    0.76    0.00    0.00    0.25    0.00    0.00    0.00   92.88
00:40:31     all    6.78    0.00    0.50    0.00    0.00    0.75    0.00    0.00    0.00   91.96
00:40:32     all    6.55    0.00    0.76    0.25    0.00    0.50    0.00    0.00    0.00   91.94
00:40:33     all    6.53    0.00    0.50    0.00    0.00    0.50    0.00    0.00    0.00   92.46
00:40:34     all    6.82    0.00    0.76    0.00    0.00    0.25    0.00    0.00    0.00   92.17
00:40:35     all    6.31    0.00    1.01    0.00    0.00    0.51    0.00    0.00    0.00   92.17
00:40:36     all    6.03    0.00    0.75    0.00    0.00    1.01    0.00    0.00    0.00   92.21
00:40:37     all    6.50    0.00    0.75    0.25    0.00    0.75    0.00    0.00    0.00   91.75
00:40:38     all    6.09    0.00    0.51    0.00    0.00    0.51    0.00    0.00    0.00   92.89
00:40:39     all    5.84    0.00    1.02    0.00    0.00    0.25    0.00    0.00    0.00   92.89
00:40:40     all    6.08    0.00    0.51    0.00    0.00    0.51    0.00    0.00    0.00   92.91
00:40:41     all    5.84    0.00    0.51    0.00    0.00    0.25    0.00    0.00    0.00   93.40
00:40:42     all    6.52    0.00    0.75    0.00    0.00    0.50    0.00    0.00    0.00   92.23
00:40:43     all    5.81    0.00    1.01    0.00    0.00    0.51    0.00    0.00    0.00   92.68
00:40:44     all    6.33    0.00    0.76    0.00    0.00    0.25    0.00    0.00    0.00   92.66
00:40:45     all    6.75    0.00    0.75    0.00    0.00    0.75    0.00    0.00    0.00   91.75
00:40:46     all    5.54    0.00    0.76    0.00    0.00    0.00    0.00    0.00    0.00   93.70
00:40:47     all    4.73    0.00    0.50    0.00    0.00    1.00    0.00    0.00    0.00   93.78
00:40:48     all    2.52    0.00    0.25    0.00    0.00    0.00    0.00    0.00    0.00   97.23
00:40:49     all    4.75    0.00    1.00    0.00    0.00    0.25    0.00    0.00    0.00   94.00
00:40:50     all    6.31    0.00    0.25    0.00    0.00    0.76    0.00    0.00    0.00   92.68
00:40:51     all    6.53    0.00    0.75    0.00    0.00    0.25    0.00    0.00    0.00   92.46
00:40:52     all    5.53    0.00    1.01    0.00    0.00    0.25    0.00    0.00    0.00   93.22
00:40:53     all    5.58    0.00    0.51    0.00    0.00    0.51    0.00    0.00    0.00   93.40
00:40:54     all    6.28    0.00    1.01    0.00    0.00    0.75    0.00    0.00    0.00   91.96
00:40:55     all    5.85    0.00    0.76    0.00    0.00    0.00    0.25    0.00    0.00   93.13
00:40:56     all    6.78    0.00    0.50    0.00    0.00    0.50    0.00    0.00    0.00   92.21
00:40:57     all    6.28    0.00    1.01    0.00    0.00    0.75    0.00    0.00    0.00   91.96
00:40:58     all    6.06    0.00    0.51    0.00    0.00    0.51    0.00    0.00    0.00   92.93
00:40:59     all    5.82    0.00    1.01    0.00    0.00    0.00    0.25    0.00    0.00   92.91
00:41:00     all    6.50    0.00    0.75    0.00    0.00    0.50    0.00    0.00    0.00   92.25
00:41:01     all    6.50    0.00    1.00    0.00    0.00    0.75    0.00    0.00    0.00   91.75
00:41:02     all    6.36    0.00    0.51    0.00    0.00    0.00    0.00    0.00    0.00   93.13
00:41:03     all    6.35    0.00    0.25    0.00    0.00    0.51    0.00    0.00    0.00   92.89
00:41:04     all    5.49    0.00    1.00    0.00    0.00    0.75    0.00    0.00    0.00   92.77
00:41:05     all    6.62    0.00    0.25    0.00    0.00    0.25    0.00    0.00    0.00   92.88
00:41:06     all    6.75    0.00    1.00    0.00    0.00    0.75    0.00    0.00    0.00   91.50
00:41:07     all    6.31    0.00    0.51    0.00    0.00    0.25    0.00    0.00    0.00   92.93
00:41:08     all    6.58    0.00    0.76    0.00    0.00    0.51    0.00    0.00    0.00   92.15
00:41:09     all    6.55    0.00    0.50    0.00    0.00    0.76    0.00    0.00    0.00   92.19
00:41:10     all    6.31    0.00    0.51    0.00    0.00    0.25    0.00    0.00    0.00   92.93
00:41:11     all    6.28    0.00    1.01    0.00    0.00    0.75    0.25    0.00    0.00   91.71
00:41:12     all    6.11    0.00    0.25    0.00    0.00    0.25    0.00    0.00    0.00   93.38
00:41:13     all    6.30    0.00    0.76    0.00    0.00    0.76    0.25    0.00    0.00   91.94
00:41:14     all    6.06    0.00    0.76    0.00    0.00    1.01    0.00    0.00    0.00   92.17
00:41:15     all    6.31    0.00    0.51    0.00    0.00    0.51    0.00    0.00    0.00   92.68
00:41:16     all    7.48    0.00    0.50    0.00    0.00    0.75    0.00    0.00    0.00   91.27
00:41:17     all    6.52    0.00    1.00    0.00    0.00    0.75    0.00    0.00    0.00   91.73
00:41:18     all    6.84    0.00    0.25    0.00    0.00    0.25    0.00    0.00    0.00   92.66
00:41:19     all    6.06    0.00    1.01    0.00    0.00    0.51    0.00    0.00    0.00   92.42
00:41:20     all    6.58    0.00    0.25    0.00    0.00    0.76    0.00    0.00    0.00   92.41
00:41:21     all    6.77    0.00    1.00    0.00    0.00    0.50    0.00    0.00    0.00   91.73
00:41:22     all    5.60    0.00    0.76    0.00    0.00    0.51    0.00    0.00    0.00   93.13
00:41:23     all    6.28    0.00    0.50    0.00    0.00    0.75    0.00    0.00    0.00   92.46
00:41:24     all    5.81    0.00    1.26    0.00    0.00    0.76    0.00    0.00    0.00   92.17
00:41:25     all    6.53    0.00    0.25    0.00    0.00    0.75    0.00    0.00    0.00   92.46
00:41:26     all    6.28    0.00    1.01    0.00    0.00    0.75    0.00    0.00    0.00   91.96
00:41:27     all    6.33    0.00    1.27    0.00    0.00    0.51    0.00    0.00    0.00   91.90
00:41:28     all    6.53    0.00    0.75    0.00    0.00    0.50    0.00    0.00    0.00   92.21
00:41:29     all    6.02    0.00    0.75    0.00    0.00    1.00    0.00    0.00    0.00   92.23
00:41:30     all    6.38    0.00    0.26    0.00    0.00    0.26    0.00    0.00    0.00   93.11
00:41:31     all    6.50    0.00    1.00    0.00    0.00    0.50    0.00    0.00    0.00   92.00
00:41:32     all    6.36    0.00    0.25    0.00    0.00    0.51    0.00    0.00    0.00   92.88
00:41:33     all    5.78    0.00    1.01    0.25    0.00    0.75    0.00    0.00    0.00   92.21
00:41:34     all    6.57    0.00    0.51    0.00    0.00    0.51    0.00    0.00    0.00   92.42
00:41:35     all    6.28    0.00    0.75    0.00    0.00    1.01    0.00    0.00    0.00   91.96
00:41:36     all    6.57    0.00    0.51    0.00    0.00    0.25    0.00    0.00    0.00   92.68
00:41:37     all    6.55    0.00    1.01    0.00    0.00    0.50    0.00    0.00    0.00   91.94
00:41:38     all    6.82    0.00    0.25    0.00    0.00    0.51    0.00    0.00    0.00   92.42
00:41:39     all    6.30    0.00    1.01    0.00    0.00    0.00    0.00    0.00    0.00   92.70
00:41:40     all    6.08    0.00    0.76    0.00    0.00    0.76    0.00    0.00    0.00   92.41
00:41:41     all    6.30    0.00    0.76    0.00    0.00    0.25    0.25    0.00    0.00   92.44
00:41:42     all    6.09    0.00    0.51    0.00    0.00    0.25    0.00    0.00    0.00   93.15
00:41:43     all    6.30    0.00    0.76    0.00    0.00    0.76    0.00    0.00    0.00   92.19
00:41:44     all    6.55    0.00    0.50    0.00    0.00    0.50    0.00    0.00    0.00   92.44
00:41:45     all    6.08    0.00    0.76    0.00    0.00    0.25    0.25    0.00    0.00   92.66
00:41:46     all    6.25    0.00    1.00    0.00    0.00    1.00    0.00    0.00    0.00   91.75
00:41:47     all    6.35    0.00    0.76    0.00    0.00    0.00    0.00    0.00    0.00   92.89
00:41:48     all    6.73    0.00    0.75    0.00    0.00    1.25    0.00    0.00    0.00   91.27
00:41:49     all    6.06    0.00    1.01    0.00    0.00    0.25    0.00    0.00    0.00   92.68
00:41:50     all    6.11    0.00    0.25    0.00    0.00    0.25    0.00    0.00    0.00   93.38
00:41:51     all    6.53    0.00    0.50    0.00    0.00    0.50    0.00    0.00    0.00   92.46
00:41:52     all    6.55    0.00    1.01    0.00    0.00    0.25    0.00    0.00    0.00   92.19
00:41:53     all    6.11    0.00    0.25    0.00    0.00    0.51    0.00    0.00    0.00   93.13
00:41:54     all    6.03    0.00    1.01    0.00    0.00    0.50    0.00    0.00    0.00   92.46
00:41:55     all    6.77    0.00    0.75    0.00    0.00    0.75    0.25    0.00    0.00   91.48
00:41:56     all    6.11    0.00    0.25    0.00    0.00    0.25    0.00    0.00    0.00   93.38
00:41:57     all    6.55    0.00    1.01    0.25    0.00    0.25    0.00    0.00    0.00   91.94
00:41:58     all    6.78    0.00    1.01    0.00    0.00    0.50    0.25    0.00    0.00   91.46
00:41:59     all    6.58    0.00    0.25    0.00    0.00    0.51    0.00    0.00    0.00   92.66
00:42:00     all    6.06    0.00    0.76    0.00    0.00    0.51    0.00    0.00    0.00   92.68
00:42:01     all    5.78    0.00    1.01    0.00    0.00    0.75    0.00    0.00    0.00   92.46
00:42:02     all    6.36    0.00    0.51    0.00    0.00    0.00    0.00    0.00    0.00   93.13
00:42:03     all    6.05    0.00    0.76    0.00    0.00    0.76    0.00    0.00    0.00   92.44
00:42:04     all    6.30    0.00    0.76    0.00    0.00    0.50    0.00    0.00    0.00   92.44
00:42:05     all    6.53    0.00    0.75    0.00    0.00    0.50    0.00    0.00    0.00   92.21
00:42:06     all    6.05    0.00    1.01    0.00    0.00    0.50    0.00    0.00    0.00   92.44
00:42:07     all    6.35    0.00    0.00    0.00    0.00    0.51    0.00    0.00    0.00   93.15
00:42:08     all    6.50    0.00    0.75    0.00    0.00    0.75    0.00    0.00    0.00   92.00
00:42:09     all    6.28    0.00    0.75    0.00    0.00    0.75    0.00    0.00    0.00   92.21
00:42:10     all    6.30    0.00    0.76    0.00    0.00    0.25    0.00    0.00    0.00   92.70
00:42:11     all    6.08    0.00    0.76    0.00    0.00    0.51    0.00    0.00    0.00   92.66
00:42:12     all    5.81    0.00    0.76    0.00    0.00    0.51    0.00    0.00    0.00   92.93
00:42:13     all    6.28    0.00    1.01    0.00    0.00    0.25    0.00    0.00    0.00   92.46
00:42:14     all    6.31    0.00    0.51    0.00    0.00    0.76    0.00    0.00    0.00   92.42
00:42:15     all    6.55    0.00    0.76    0.00    0.00    0.25    0.00    0.00    0.00   92.44
00:42:16     all    6.03    0.00    1.01    0.00    0.00    0.75    0.00    0.00    0.00   92.21
00:42:17     all    6.08    0.00    1.01    0.00    0.00    0.25    0.00    0.00    0.00   92.66
00:42:18     all    6.48    0.00    1.00    0.00    0.00    0.75    0.00    0.00    0.00   91.77
00:42:19     all    5.85    0.00    0.51    0.00    0.00    0.51    0.00    0.00    0.00   93.13
00:42:20     all    6.06    0.00    0.51    0.00    0.00    0.51    0.00    0.00    0.00   92.93
00:42:21     all    6.11    0.00    0.76    0.00    0.00    0.25    0.00    0.00    0.00   92.88
00:42:22     all    6.55    0.00    0.76    0.00    0.00    0.50    0.00    0.00    0.00   92.19
00:42:23     all    6.58    0.00    0.25    0.00    0.00    0.51    0.00    0.00    0.00   92.66
00:42:24     all    6.08    0.00    0.76    0.00    0.00    0.25    0.00    0.00    0.00   92.91
00:42:25     all    6.05    0.00    0.76    0.00    0.00    0.76    0.00    0.00    0.00   92.44
00:42:26     all    7.11    0.00    0.51    0.00    0.00    0.00    0.00    0.00    0.00   92.39
00:42:27     all    6.25    0.00    1.00    0.00    0.00    1.00    0.00    0.00    0.00   91.75
00:42:28     all    6.33    0.00    0.76    0.00    0.00    0.25    0.00    0.00    0.00   92.66
00:42:29     all    6.06    0.00    0.76    0.00    0.00    0.25    0.00    0.00    0.00   92.93
00:42:30     all    6.30    0.00    0.50    0.00    0.00    1.01    0.00    0.00    0.00   92.19
00:42:31     all    6.30    0.00    0.76    0.00    0.00    0.50    0.25    0.00    0.00   92.19
00:42:32     all    6.08    0.00    0.51    0.00    0.00    0.25    0.00    0.00    0.00   93.16
00:42:33     all    6.06    0.00    0.76    0.00    0.00    0.25    0.00    0.00    0.00   92.93
00:42:34     all    6.06    0.00    1.01    0.25    0.00    0.51    0.00    0.00    0.00   92.17
00:42:35     all    6.52    0.00    0.75    0.00    0.00    0.50    0.25    0.00    0.00   91.98
00:42:36     all    6.08    0.00    0.51    0.00    0.00    0.51    0.00    0.00    0.00   92.91
00:42:37     all    6.50    0.00    0.75    0.00    0.00    0.75    0.00    0.00    0.00   92.00
00:42:38     all    6.30    0.00    0.76    0.00    0.00    0.25    0.00    0.00    0.00   92.70
00:42:39     all    6.55    0.00    0.76    0.00    0.00    0.25    0.00    0.00    0.00   92.44
00:42:40     all    6.58    0.00    0.51    0.00    0.00    0.51    0.00    0.00    0.00   92.41
00:42:41     all    6.30    0.00    0.76    0.00    0.00    0.50    0.00    0.00    0.00   92.44
00:42:42     all    5.81    0.00    0.76    0.00    0.00    1.01    0.00    0.00    0.00   92.42
00:42:43     all    6.05    0.00    1.01    0.00    0.00    0.25    0.25    0.00    0.00   92.44
00:42:44     all    6.80    0.00    0.50    0.00    0.00    0.25    0.00    0.00    0.00   92.44
00:42:45     all    6.52    0.00    1.00    0.00    0.00    0.50    0.25    0.00    0.00   91.73
00:42:46     all    7.25    0.00    0.50    0.00    0.00    0.75    0.00    0.00    0.00   91.50
00:42:47     all    6.52    0.00    1.00    0.00    0.00    0.50    0.00    0.00    0.00   91.98
00:42:48     all    6.50    0.00    0.50    0.00    0.00    1.00    0.00    0.00    0.00   92.00
00:42:49     all    5.84    0.00    1.02    0.00    0.00    0.25    0.00    0.00    0.00   92.89
00:42:50     all    6.33    0.00    0.51    0.00    0.00    0.51    0.00    0.00    0.00   92.66
00:42:51     all    6.31    0.00    0.51    0.00    0.00    0.51    0.00    0.00    0.00   92.68
00:42:52     all    6.50    0.00    0.75    0.00    0.00    1.00    0.00    0.00    0.00   91.75
00:42:53     all    5.61    0.00    0.77    0.00    0.00    0.26    0.00    0.00    0.00   93.37
00:42:54     all    6.53    0.00    1.01    0.00    0.00    0.50    0.00    0.00    0.00   91.96
00:42:55     all    6.28    0.00    1.01    0.00    0.00    0.50    0.00    0.00    0.00   92.21
00:42:56     all    6.62    0.00    0.00    0.00    0.00    0.25    0.00    0.00    0.00   93.13
00:42:57     all    5.79    0.00    1.01    0.00    0.00    0.50    0.00    0.00    0.00   92.70
00:42:58     all    6.27    0.00    0.75    0.00    0.00    0.75    0.00    0.00    0.00   92.23
00:42:59     all    6.09    0.00    0.51    0.00    0.00    0.25    0.00    0.00    0.00   93.15
00:43:00     all    5.78    0.00    0.75    0.00    0.00    1.01    0.00    0.00    0.00   92.46
00:43:01     all    5.85    0.00    0.25    0.00    0.00    0.25    0.00    0.00    0.00   93.64
00:43:02     all    5.82    0.00    1.27    0.00    0.00    0.00    0.00    0.00    0.00   92.91
00:43:03     all    6.03    0.00    0.75    0.00    0.00    0.75    0.00    0.00    0.00   92.46
00:43:04     all    6.28    0.00    0.50    0.00    0.00    0.50    0.00    0.00    0.00   92.71
00:43:05     all    5.78    0.00    0.75    0.00    0.00    0.75    0.00    0.00    0.00   92.71
00:43:06     all    5.64    0.00    0.26    0.00    0.00    0.00    0.00    0.00    0.00   94.10
00:43:07     all    6.03    0.00    1.01    0.00    0.00    0.50    0.00    0.00    0.00   92.46
00:43:08     all    6.06    0.00    0.51    0.00    0.00    0.25    0.00    0.00    0.00   93.18
00:43:09     all    5.32    0.00    1.01    0.00    0.00    0.51    0.00    0.00    0.00   93.16
00:43:10     all    6.57    0.00    0.25    0.25    0.00    0.25    0.00    0.00    0.00   92.68
00:43:11     all    6.52    0.00    1.00    0.00    0.00    0.50    0.00    0.00    0.00   91.98
00:43:12     all    6.52    0.00    0.75    0.00    0.00    0.50    0.00    0.00    0.00   92.23
00:43:13     all    6.03    0.00    1.26    0.00    0.00    0.50    0.00    0.00    0.00   92.21
00:43:14     all    5.85    0.00    0.25    0.00    0.00    0.51    0.00    0.00    0.00   93.38
00:43:15     all    6.50    0.00    0.75    0.00    0.00    0.50    0.00    0.00    0.00   92.25
00:43:16     all    6.06    0.00    1.01    0.00    0.00    0.25    0.00    0.00    0.00   92.68
00:43:17     all    6.06    0.00    0.25    0.00    0.00    0.76    0.00    0.00    0.00   92.93
00:43:18     all    5.81    0.00    0.76    0.00    0.00    0.76    0.00    0.00    0.00   92.68
00:43:19     all    3.77    0.00    0.50    0.00    0.00    0.50    0.25    0.00    0.00   94.97
00:43:20     all    1.25    0.00    0.00    0.00    0.00    0.00    0.00    0.00    0.00   98.75
00:43:21     all    0.75    0.00    0.50    0.00    0.00    0.00    0.00    0.00    0.00   98.75
00:43:22     all    0.76    0.00    0.00    0.00    0.00    0.00    0.00    0.00    0.00   99.24
00:43:23     all    1.01    0.00    0.00    0.00    0.00    0.00    0.00    0.00    0.00   98.99
00:43:24     all    1.00    0.00    0.25    0.00    0.00    0.00    0.00    0.00    0.00   98.76
00:43:25     all    0.76    0.00    0.25    0.00    0.00    0.00    0.00    0.00    0.00   98.99
00:43:26     all    1.00    0.00    0.00    0.00    0.00    0.00    0.00    0.00    0.00   99.00
00:43:27     all    1.24    0.00    0.00    0.00    0.00    0.50    0.00    0.00    0.00   98.26
00:43:28     all    5.84    0.00    0.51    0.00    0.00    0.00    0.00    0.00    0.00   93.65
00:43:29     all    6.30    0.00    1.01    0.00    0.00    0.76    0.00    0.00    0.00   91.94
00:43:30     all    6.31    0.00    1.01    0.00    0.00    0.25    0.00    0.00    0.00   92.42
00:43:31     all    6.53    0.00    0.75    0.00    0.00    0.50    0.00    0.00    0.00   92.21
00:43:32     all    6.08    0.00    0.51    0.00    0.00    0.76    0.00    0.00    0.00   92.66
00:43:33     all    6.53    0.00    0.75    0.00    0.00    0.50    0.25    0.00    0.00   91.96
00:43:34     all    6.06    0.00    1.01    0.00    0.00    0.76    0.00    0.00    0.00   92.17
00:43:35     all    5.82    0.00    0.51    0.00    0.00    0.76    0.00    0.00    0.00   92.91
00:43:36     all    6.55    0.00    0.50    0.00    0.00    0.76    0.00    0.00    0.00   92.19
00:43:37     all    6.28    0.00    0.75    0.00    0.00    0.50    0.00    0.00    0.00   92.46
00:43:38     all    5.79    0.00    0.76    0.00    0.00    0.76    0.25    0.00    0.00   92.44
00:43:39     all    6.11    0.00    0.51    0.00    0.00    0.00    0.00    0.00    0.00   93.38
00:43:40     all    6.27    0.00    0.75    0.00    0.00    1.00    0.00    0.00    0.00   91.98
00:43:41     all    5.58    0.00    0.76    0.00    0.00    0.25    0.00    0.00    0.00   93.40
00:43:42     all    5.32    0.00    1.01    0.00    0.00    0.76    0.00    0.00    0.00   92.91
00:43:43     all    6.77    0.00    0.75    0.00    0.00    0.25    0.00    0.00    0.00   92.23
00:43:44     all    6.30    0.00    0.50    0.00    0.00    0.76    0.25    0.00    0.00   92.19
00:43:45     all    6.25    0.00    1.00    0.00    0.00    0.50    0.00    0.00    0.00   92.25
00:43:46     all    5.81    0.00    0.76    0.00    0.00    0.51    0.00    0.00    0.00   92.93
00:43:47     all    5.08    0.00    1.02    0.00    0.00    0.25    0.00    0.00    0.00   93.65
00:43:48     all    3.02    0.00    0.00    0.00    0.00    0.50    0.00    0.00    0.00   96.47
00:43:49     all    4.53    0.00    0.76    0.00    0.00    0.25    0.00    0.00    0.00   94.46
00:43:50     all    5.29    0.00    0.50    0.00    0.00    0.25    0.00    0.00    0.00   93.95
00:43:51     all    5.08    0.00    0.76    0.00    0.00    0.25    0.00    0.00    0.00   93.91
00:43:52     all    5.57    0.00    0.51    0.00    0.00    0.76    0.00    0.00    0.00   93.16
00:43:53     all    6.03    0.00    0.75    0.00    0.00    0.25    0.00    0.00    0.00   92.96
00:43:54     all    5.60    0.00    0.51    0.00    0.00    0.51    0.00    0.00    0.00   93.38
00:43:55     all    6.98    0.00    0.50    0.25    0.00    0.75    0.00    0.00    0.00   91.52
00:43:56     all    5.85    0.00    0.51    0.00    0.00    0.51    0.00    0.00    0.00   93.13
00:43:57     all    6.98    0.00    1.25    0.00    0.00    0.50    0.00    0.00    0.00   91.27
00:43:58     all    6.06    0.00    0.51    0.00    0.00    0.25    0.00    0.00    0.00   93.18
00:43:59     all    6.31    0.00    0.76    0.00    0.00    0.51    0.00    0.00    0.00   92.42
00:44:00     all    5.78    0.00    0.50    0.00    0.00    0.75    0.00    0.00    0.00   92.96
00:44:01     all    5.33    0.00    1.02    0.00    0.00    0.25    0.00    0.00    0.00   93.40
00:44:02     all    6.11    0.00    0.25    0.00    0.00    0.51    0.00    0.00    0.00   93.13
00:44:03     all    6.82    0.00    0.76    0.00    0.00    0.25    0.00    0.00    0.00   92.17
00:44:04     all    5.53    0.00    0.75    0.00    0.00    0.50    0.00    0.00    0.00   93.22
00:44:05     all    6.28    0.00    0.75    0.00    0.00    0.75    0.00    0.00    0.00   92.21
00:44:06     all    6.08    0.00    0.51    0.00    0.00    0.51    0.00    0.00    0.00   92.91
00:44:07     all    6.28    0.00    1.26    0.00    0.00    0.50    0.00    0.00    0.00   91.96
00:44:08     all    5.84    0.00    0.51    0.00    0.00    0.51    0.00    0.00    0.00   93.15
00:44:09     all    6.48    0.00    0.75    0.00    0.00    1.00    0.00    0.00    0.00   91.77
00:44:10     all    6.78    0.00    0.50    0.00    0.00    0.50    0.00    0.00    0.00   92.21
00:44:11     all    6.80    0.00    0.76    0.00    0.00    0.50    0.00    0.00    0.00   91.94
00:44:12     all    6.00    0.00    0.75    0.00    0.00    0.75    0.25    0.00    0.00   92.25
00:44:13     all    6.58    0.00    0.51    0.00    0.00    0.25    0.00    0.00    0.00   92.66
00:44:14     all    5.84    0.00    0.76    0.00    0.00    0.51    0.00    0.00    0.00   92.89
00:44:15     all    6.05    0.00    1.01    0.00    0.00    0.50    0.00    0.00    0.00   92.44
00:44:16     all    6.57    0.00    0.76    0.00    0.00    0.25    0.00    0.00    0.00   92.42
00:44:17     all    6.52    0.00    0.75    0.00    0.00    0.50    0.00    0.00    0.00   92.23
00:44:18     all    6.08    0.00    0.76    0.00    0.00    0.51    0.00    0.00    0.00   92.66
00:44:19     all    6.58    0.00    0.51    0.00    0.00    0.25    0.00    0.00    0.00   92.66
00:44:20     all    6.53    0.00    0.75    0.00    0.00    0.50    0.00    0.00    0.00   92.21
00:44:21     all    6.30    0.00    0.50    0.00    0.00    0.50    0.00    0.00    0.00   92.70
00:44:22     all    6.06    0.00    1.01    0.00    0.00    0.51    0.00    0.00    0.00   92.42
00:44:23     all    6.03    0.00    1.01    0.00    0.00    0.25    0.00    0.00    0.00   92.71
00:44:24     all    6.58    0.00    0.25    0.00    0.00    0.76    0.00    0.00    0.00   92.41
00:44:25     all    6.06    0.00    0.76    0.00    0.00    0.51    0.25    0.00    0.00   92.42
00:44:26     all    6.77    0.00    0.50    0.00    0.00    0.50    0.00    0.00    0.00   92.23
00:44:27     all    6.30    0.00    0.76    0.00    0.00    0.50    0.00    0.00    0.00   92.44
00:44:28     all    5.85    0.00    0.76    0.00    0.00    0.25    0.00    0.00    0.00   93.13
00:44:29     all    6.50    0.00    0.75    0.00    0.00    1.00    0.25    0.00    0.00   91.50
00:44:30     all    5.57    0.00    0.76    0.00    0.00    0.25    0.00    0.00    0.00   93.42
00:44:31     all    6.53    0.00    1.01    0.00    0.00    0.25    0.00    0.00    0.00   92.21
00:44:32     all    5.84    0.00    0.51    0.00    0.00    0.76    0.00    0.00    0.00   92.89
00:44:33     all    6.27    0.00    0.75    0.00    0.00    0.75    0.25    0.00    0.00   91.98
00:44:34     all    6.30    0.00    0.76    0.25    0.00    0.76    0.00    0.00    0.00   91.94
00:44:35     all    6.77    0.00    1.00    0.00    0.00    0.75    0.00    0.00    0.00   91.48
00:44:36     all    5.82    0.00    0.51    0.00    0.00    0.51    0.00    0.00    0.00   93.16
00:44:37     all    6.82    0.00    0.76    0.00    0.00    0.00    0.00    0.00    0.00   92.42
00:44:38     all    6.00    0.00    1.00    0.00    0.00    1.00    0.00    0.00    0.00   92.00
00:44:39     all    6.36    0.00    0.25    0.00    0.00    0.25    0.00    0.00    0.00   93.13
00:44:40     all    6.06    0.00    1.01    0.00    0.00    0.51    0.00    0.00    0.00   92.42
00:44:41     all    6.08    0.00    0.76    0.00    0.00    0.25    0.00    0.00    0.00   92.91
00:44:42     all    6.05    0.00    0.76    0.00    0.00    1.01    0.00    0.00    0.00   92.19
00:44:43     all    6.98    0.00    0.75    0.00    0.00    0.50    0.00    0.00    0.00   91.77
00:44:44     all    6.33    0.00    0.76    0.00    0.00    0.76    0.00    0.00    0.00   92.15
00:44:45     all    6.55    0.00    0.50    0.00    0.00    0.25    0.00    0.00    0.00   92.70
00:44:46     all    6.27    0.00    1.25    0.00    0.00    0.75    0.00    0.00    0.00   91.73
00:44:47     all    6.53    0.00    0.75    0.00    0.00    0.50    0.00    0.00    0.00   92.21
00:44:48     all    6.28    0.00    0.50    0.00    0.00    0.75    0.00    0.00    0.00   92.46
00:44:49     all    6.55    0.00    1.01    0.00    0.00    0.50    0.00    0.00    0.00   91.94
00:44:50     all    6.52    0.00    0.75    0.00    0.00    0.50    0.00    0.00    0.00   92.23
00:44:51     all    6.82    0.00    0.25    0.00    0.00    0.51    0.00    0.00    0.00   92.42
00:44:52     all    6.30    0.00    1.01    0.00    0.00    0.25    0.00    0.00    0.00   92.44
00:44:53     all    6.98    0.00    0.50    0.00    0.00    1.00    0.00    0.00    0.00   91.52
00:44:54     all    6.30    0.00    0.76    0.00    0.00    0.76    0.00    0.00    0.00   92.19
00:44:55     all    6.30    0.00    0.76    0.00    0.00    0.50    0.00    0.00    0.00   92.44
00:44:56     all    6.78    0.00    1.01    0.00    0.00    0.25    0.00    0.00    0.00   91.96
00:44:57     all    5.79    0.00    1.01    0.00    0.00    0.76    0.00    0.00    0.00   92.44
00:44:58     all    6.30    0.00    0.50    0.00    0.00    0.76    0.00    0.00    0.00   92.44
00:44:59     all    6.33    0.00    0.25    0.00    0.00    0.25    0.25    0.00    0.00   92.91
00:45:00     all    5.58    0.00    1.02    0.00    0.00    0.25    0.00    0.00    0.00   93.15
00:45:01     all    6.55    0.00    1.01    0.00    0.00    0.76    0.00    0.00    0.00   91.69
00:45:02     all    6.31    0.00    0.51    0.00    0.00    0.51    0.00    0.00    0.00   92.68
00:45:03     all    6.06    0.00    1.01    0.00    0.00    0.51    0.00    0.00    0.00   92.42
00:45:04     all    6.06    0.00    0.76    0.00    0.00    0.76    0.00    0.00    0.00   92.42
00:45:05     all    6.53    0.00    1.01    0.00    0.00    0.50    0.00    0.00    0.00   91.96
00:45:06     all    6.03    0.00    0.75    0.25    0.00    0.50    0.00    0.00    0.00   92.46
00:45:07     all    6.55    0.00    0.76    0.00    0.00    0.00    0.25    0.00    0.00   92.44
00:45:08     all    6.03    0.00    0.50    0.00    0.00    1.01    0.00    0.00    0.00   92.46
00:45:09     all    7.05    0.00    0.76    0.00    0.00    0.25    0.00    0.00    0.00   91.94
00:45:10     all    6.35    0.00    0.51    0.00    0.00    0.51    0.00    0.00    0.00   92.64
00:45:11     all    6.25    0.00    1.00    0.00    0.00    0.50    0.00    0.00    0.00   92.25
00:45:12     all    6.57    0.00    0.25    0.00    0.00    0.76    0.00    0.00    0.00   92.42
00:45:13     all    6.55    0.00    0.76    0.00    0.00    0.50    0.00    0.00    0.00   92.19
00:45:14     all    6.52    0.00    1.00    0.00    0.00    0.25    0.25    0.00    0.00   91.98
00:45:15     all    6.09    0.00    0.51    0.00    0.00    0.51    0.00    0.00    0.00   92.89
00:45:16     all    6.08    0.00    0.51    0.25    0.00    0.25    0.00    0.00    0.00   92.91
00:45:17     all    6.77    0.00    0.75    0.00    0.00    0.50    0.00    0.00    0.00   91.98
00:45:18     all    6.30    0.00    0.76    0.00    0.00    0.25    0.25    0.00    0.00   92.44
00:45:19     all    6.08    0.00    0.25    0.00    0.00    0.76    0.00    0.00    0.00   92.91
00:45:20     all    7.04    0.00    0.75    0.00    0.00    0.50    0.00    0.00    0.00   91.71
00:45:21     all    5.81    0.00    0.76    0.00    0.00    0.76    0.00    0.00    0.00   92.68
00:45:22     all    6.57    0.00    0.51    0.00    0.00    0.25    0.00    0.00    0.00   92.68
00:45:23     all    6.52    0.00    1.00    0.00    0.00    0.75    0.00    0.00    0.00   91.73
00:45:24     all    5.58    0.00    1.02    0.00    0.00    0.51    0.00    0.00    0.00   92.89
00:45:25     all    5.82    0.00    1.01    0.00    0.00    0.51    0.00    0.00    0.00   92.66
00:45:26     all    6.30    0.00    0.76    0.00    0.00    0.50    0.00    0.00    0.00   92.44
00:45:27     all    6.08    0.00    0.76    0.00    0.00    0.51    0.00    0.00    0.00   92.66
00:45:28     all    5.79    0.00    1.01    0.00    0.00    0.76    0.00    0.00    0.00   92.44
00:45:29     all    6.36    0.00    0.25    0.00    0.00    0.25    0.00    0.00    0.00   93.13
00:45:30     all    6.08    0.00    0.76    0.00    0.00    0.51    0.00    0.00    0.00   92.66
00:45:31     all    6.85    0.00    0.51    0.00    0.00    0.25    0.00    0.00    0.00   92.39
00:45:32     all    6.72    0.00    0.75    0.00    0.00    1.00    0.00    0.00    0.00   91.54
00:45:33     all    5.84    0.00    0.76    0.00    0.00    0.51    0.00    0.00    0.00   92.89
00:45:34     all    7.32    0.00    0.51    0.00    0.00    0.25    0.00    0.00    0.00   91.92
00:45:35     all    6.06    0.00    1.01    0.00    0.00    1.01    0.00    0.00    0.00   91.92
00:45:36     all    5.81    0.00    0.76    0.00    0.00    0.76    0.00    0.00    0.00   92.68
00:45:37     all    6.58    0.00    1.01    0.00    0.00    0.00    0.00    0.00    0.00   92.41
00:45:38     all    6.77    0.00    0.50    0.00    0.00    0.50    0.00    0.00    0.00   92.23
00:45:39     all    6.73    0.00    1.00    0.25    0.00    1.00    0.00    0.00    0.00   91.02
00:45:40     all    6.35    0.00    0.76    0.00    0.00    0.25    0.00    0.00    0.00   92.64
00:45:41     all    5.79    0.00    0.76    0.00    0.00    0.76    0.25    0.00    0.00   92.44
00:45:42     all    6.55    0.00    0.50    0.00    0.00    0.50    0.00    0.00    0.00   92.44
00:45:43     all    6.98    0.00    0.75    0.00    0.00    0.50    0.00    0.00    0.00   91.77
00:45:44     all    6.05    0.00    1.01    0.00    0.00    0.76    0.00    0.00    0.00   92.19
00:45:45     all    6.62    0.00    0.25    0.00    0.00    0.25    0.00    0.00    0.00   92.88
00:45:46     all    6.30    0.00    0.76    0.00    0.00    0.50    0.00    0.00    0.00   92.44
00:45:47     all    6.30    0.00    1.01    0.00    0.00    0.76    0.00    0.00    0.00   91.94
00:45:48     all    6.06    0.00    0.76    0.00    0.00    0.51    0.00    0.00    0.00   92.68
00:45:49     all    6.06    0.00    0.51    0.00    0.00    0.51    0.00    0.00    0.00   92.93
00:45:50     all    6.08    0.00    0.25    0.00    0.00    0.51    0.25    0.00    0.00   92.91
00:45:51     all    6.80    0.00    0.76    0.00    0.00    0.25    0.00    0.00    0.00   92.19
00:45:52     all    6.52    0.00    1.00    0.00    0.00    0.75    0.00    0.00    0.00   91.73
00:45:53     all    6.80    0.00    0.50    0.00    0.00    0.50    0.00    0.00    0.00   92.19
00:45:54     all    6.31    0.00    0.76    0.00    0.00    0.76    0.00    0.00    0.00   92.17
00:45:55     all    6.28    0.00    1.01    0.00    0.00    0.50    0.00    0.00    0.00   92.21
00:45:56     all    6.82    0.00    0.25    0.00    0.00    0.51    0.00    0.00    0.00   92.42
00:45:57     all    6.57    0.00    0.76    0.00    0.00    0.76    0.00    0.00    0.00   91.92
00:45:58     all    6.53    0.00    1.01    0.00    0.00    0.25    0.00    0.00    0.00   92.21
00:45:59     all    6.53    0.00    0.75    0.00    0.00    0.50    0.00    0.00    0.00   92.21
00:46:00     all    5.63    0.00    0.26    0.00    0.00    0.51    0.00    0.00    0.00   93.61
00:46:01     all    6.77    0.00    1.00    0.00    0.00    0.50    0.00    0.00    0.00   91.73
00:46:02     all    6.08    0.00    0.51    0.00    0.00    0.51    0.00    0.00    0.00   92.91
00:46:03     all    6.98    0.00    1.25    0.00    0.00    0.25    0.00    0.00    0.00   91.52
00:46:04     all    6.57    0.00    0.25    0.00    0.00    0.51    0.25    0.00    0.00   92.42
00:46:05     all    6.02    0.00    1.00    0.00    0.00    0.75    0.25    0.00    0.00   91.98
00:46:06     all    6.82    0.00    0.51    0.00    0.00    0.25    0.00    0.00    0.00   92.42
00:46:07     all    6.82    0.00    0.76    0.00    0.00    0.25    0.00    0.00    0.00   92.17
00:46:08     all    6.28    0.00    0.75    0.00    0.00    0.50    0.00    0.00    0.00   92.46
00:46:09     all    6.55    0.00    0.50    0.00    0.00    0.76    0.00    0.00    0.00   92.19
00:46:10     all    6.53    0.00    1.01    0.00    0.00    0.50    0.00    0.00    0.00   91.96
00:46:11     all    6.77    0.00    0.75    0.00    0.00    1.00    0.00    0.00    0.00   91.48
00:46:12     all    6.80    0.00    0.76    0.00    0.00    0.00    0.00    0.00    0.00   92.44
00:46:13     all    7.02    0.00    0.75    0.00    0.00    0.50    0.00    0.00    0.00   91.73
00:46:14     all    6.05    0.00    0.76    0.00    0.00    0.76    0.00    0.00    0.00   92.44
00:46:15     all    6.31    0.00    0.76    0.00    0.00    0.51    0.00    0.00    0.00   92.42
00:46:16     all    6.80    0.00    0.25    0.00    0.00    0.50    0.00    0.00    0.00   92.44
00:46:17     all    5.57    0.00    1.01    0.00    0.00    0.76    0.00    0.00    0.00   92.66
00:46:18     all    6.75    0.00    1.00    0.00    0.00    0.25    0.00    0.00    0.00   92.00
00:46:19     all    6.06    0.00    0.76    0.00    0.00    0.51    0.00    0.00    0.00   92.68
00:46:20     all    5.61    0.00    0.51    0.00    0.00    0.51    0.00    0.00    0.00   93.37
00:46:21     all    6.98    0.00    1.00    0.00    0.00    0.50    0.00    0.00    0.00   91.52
00:46:22     all    6.33    0.00    0.51    0.00    0.00    0.51    0.00    0.00    0.00   92.66
00:46:23     all    6.55    0.00    1.01    0.00    0.00    0.50    0.00    0.00    0.00   91.94
00:46:24     all    6.05    0.00    0.50    0.00    0.00    1.01    0.00    0.00    0.00   92.44
00:46:25     all    6.06    0.00    0.76    0.00    0.00    0.25    0.00    0.00    0.00   92.93
00:46:26     all    6.55    0.00    0.50    0.00    0.00    0.76    0.00    0.00    0.00   92.19
00:46:27     all    5.30    0.00    1.01    0.00    0.00    0.76    0.25    0.00    0.00   92.68
00:46:28     all    6.77    0.00    1.00    0.00    0.00    0.50    0.00    0.00    0.00   91.73
00:46:29     all    7.05    0.00    0.25    0.00    0.00    0.76    0.00    0.00    0.00   91.94
00:46:30     all    6.55    0.00    0.76    0.00    0.00    0.50    0.00    0.00    0.00   92.19
00:46:31     all    6.75    0.00    1.00    0.00    0.00    0.75    0.00    0.00    0.00   91.50
00:46:32     all    7.05    0.00    0.25    0.25    0.00    0.50    0.00    0.00    0.00   91.94
00:46:33     all    6.08    0.00    1.01    0.00    0.00    0.76    0.00    0.00    0.00   92.15
00:46:34     all    6.52    0.00    1.00    0.00    0.00    0.50    0.00    0.00    0.00   91.98
00:46:35     all    5.58    0.00    1.02    0.00    0.00    0.51    0.25    0.00    0.00   92.64
00:46:36     all    6.53    0.00    0.50    0.00    0.00    1.01    0.00    0.00    0.00   91.96
00:46:37     all    6.57    0.00    0.76    0.00    0.00    0.51    0.00    0.00    0.00   92.17
00:46:38     all    6.31    0.00    0.51    0.00    0.00    0.76    0.00    0.00    0.00   92.42
00:46:39     all    5.85    0.00    0.76    0.00    0.00    0.51    0.00    0.00    0.00   92.88
00:46:40     all    6.05    0.00    1.01    0.00    0.00    0.50    0.00    0.00    0.00   92.44
00:46:41     all    6.33    0.00    0.51    0.00    0.00    1.01    0.00    0.00    0.00   92.15
00:46:42     all    6.80    0.00    0.76    0.00    0.00    0.50    0.00    0.00    0.00   91.94
00:46:43     all    6.06    0.00    0.51    0.00    0.00    1.01    0.00    0.00    0.00   92.42
00:46:44     all    6.55    0.00    1.01    0.00    0.00    0.50    0.00    0.00    0.00   91.94
00:46:45     all    7.54    0.00    0.50    0.00    0.00    0.25    0.25    0.00    0.00   91.46
00:46:46     all    6.31    0.00    0.51    0.00    0.00    0.51    0.25    0.00    0.00   92.42
00:46:47     all    7.20    0.00    0.99    0.00    0.00    0.99    0.00    0.00    0.00   90.82
00:46:48     all    2.80    0.00    0.00    0.00    0.00    0.00    0.00    0.00    0.00   97.20
00:46:49     all    4.51    0.00    0.75    0.00    0.00    0.25    0.00    0.00    0.00   94.49
00:46:50     all    4.81    0.00    0.25    0.00    0.00    0.51    0.00    0.00    0.00   94.43
00:46:51     all    6.05    0.00    0.50    0.00    0.00    0.50    0.00    0.00    0.00   92.95
00:46:52     all    5.58    0.00    1.02    0.00    0.00    0.51    0.00    0.00    0.00   92.89
00:46:53     all    5.56    0.00    0.51    0.00    0.00    0.51    0.00    0.00    0.00   93.43
00:46:54     all    5.87    0.00    0.51    0.00    0.00    0.26    0.00    0.00    0.00   93.37
00:46:55     all    6.31    0.00    1.01    0.00    0.00    0.51    0.00    0.00    0.00   92.17
00:46:56     all    6.30    0.00    0.50    0.00    0.00    0.76    0.00    0.00    0.00   92.44
00:46:57     all    6.31    0.00    0.76    0.00    0.00    0.51    0.00    0.00    0.00   92.42
00:46:58     all    6.25    0.00    1.25    0.00    0.00    0.50    0.00    0.00    0.00   92.00
00:46:59     all    6.78    0.00    0.50    0.00    0.00    0.75    0.00    0.00    0.00   91.96
00:47:00     all    6.53    0.00    0.75    0.00    0.00    0.50    0.00    0.00    0.00   92.21
00:47:01     all    5.84    0.00    0.51    0.00    0.00    0.51    0.00    0.00    0.00   93.15
00:47:02     all    6.57    0.00    0.76    0.00    0.00    0.51    0.00    0.00    0.00   92.17
00:47:03     all    6.31    0.00    0.76    0.00    0.00    0.25    0.00    0.00    0.00   92.68
00:47:04     all    6.57    0.00    0.76    0.00    0.00    0.76    0.00    0.00    0.00   91.92
00:47:05     all    5.57    0.00    0.25    0.00    0.00    1.01    0.00    0.00    0.00   93.16
00:47:06     all    6.30    0.00    1.01    0.00    0.00    0.25    0.00    0.00    0.00   92.44
00:47:07     all    5.60    0.00    0.76    0.00    0.00    0.51    0.00    0.00    0.00   93.13
00:47:08     all    6.80    0.00    0.76    0.00    0.00    0.25    0.00    0.00    0.00   92.19
00:47:09     all    6.09    0.00    0.76    0.00    0.00    0.51    0.00    0.00    0.00   92.64
00:47:10     all    6.08    0.00    0.51    0.00    0.00    0.51    0.00    0.00    0.00   92.91
00:47:11     all    6.75    0.00    1.00    0.00    0.00    0.50    0.25    0.00    0.00   91.50
00:47:12     all    6.55    0.00    0.50    0.00    0.00    0.50    0.00    0.00    0.00   92.44
00:47:13     all    6.09    0.00    1.02    0.00    0.00    0.51    0.00    0.00    0.00   92.39
00:47:14     all    6.53    0.00    0.75    0.00    0.00    0.50    0.00    0.00    0.00   92.21
00:47:15     all    6.33    0.00    0.76    0.00    0.00    0.51    0.00    0.00    0.00   92.41
00:47:16     all    6.06    0.00    0.76    0.00    0.00    0.76    0.00    0.00    0.00   92.42
00:47:17     all    6.78    0.00    0.25    0.25    0.00    0.75    0.00    0.00    0.00   91.96
00:47:18     all    6.77    0.00    1.00    0.00    0.00    0.50    0.00    0.00    0.00   91.73
00:47:19     all    6.82    0.00    0.51    0.00    0.00    0.25    0.25    0.00    0.00   92.17
00:47:20     all    6.48    0.00    1.00    0.00    0.00    1.00    0.00    0.00    0.00   91.52
00:47:21     all    5.64    0.00    0.77    0.00    0.00    0.00    0.00    0.00    0.00   93.59
00:47:22     all    6.28    0.00    0.75    0.00    0.00    0.75    0.00    0.00    0.00   92.21
00:47:23     all    6.06    0.00    1.01    0.00    0.00    0.51    0.00    0.00    0.00   92.42
00:47:24     all    6.30    0.00    0.50    0.00    0.00    0.50    0.00    0.00    0.00   92.70
00:47:25     all    5.81    0.00    0.76    0.00    0.00    0.51    0.00    0.00    0.00   92.93
00:47:26     all    6.78    0.00    0.75    0.00    0.00    0.50    0.00    0.00    0.00   91.96
00:47:27     all    6.55    0.00    0.50    0.00    0.00    0.76    0.00    0.00    0.00   92.19
00:47:28     all    6.31    0.00    1.01    0.00    0.00    0.25    0.00    0.00    0.00   92.42
00:47:29     all    6.36    0.00    0.51    0.00    0.00    0.25    0.00    0.00    0.00   92.88
00:47:30     all    5.79    0.00    0.50    0.00    0.00    0.76    0.25    0.00    0.00   92.70
00:47:31     all    6.05    0.00    1.26    0.00    0.00    0.25    0.00    0.00    0.00   92.44
00:47:32     all    7.05    0.00    0.50    0.00    0.00    0.25    0.00    0.00    0.00   92.19
00:47:33     all    6.77    0.00    0.75    0.00    0.00    0.75    0.00    0.00    0.00   91.73
00:47:34     all    6.33    0.00    0.51    0.00    0.00    0.51    0.25    0.00    0.00   92.41
00:47:35     all    6.05    0.00    1.26    0.00    0.00    0.50    0.00    0.00    0.00   92.19
00:47:36     all    7.04    0.00    0.50    0.00    0.00    0.50    0.00    0.00    0.00   91.96
00:47:37     all    6.57    0.00    0.51    0.00    0.00    0.76    0.00    0.00    0.00   92.17
00:47:38     all    6.08    0.00    0.51    0.00    0.00    0.25    0.00    0.00    0.00   93.16
00:47:39     all    6.55    0.00    0.76    0.00    0.00    0.50    0.00    0.00    0.00   92.19
00:47:40     all    6.31    0.00    0.25    0.00    0.00    1.01    0.00    0.00    0.00   92.42
00:47:41     all    6.55    0.00    1.01    0.00    0.00    0.50    0.00    0.00    0.00   91.94
00:47:42     all    5.81    0.00    1.26    0.00    0.00    0.76    0.00    0.00    0.00   92.17
00:47:43     all    6.53    0.00    1.01    0.00    0.00    0.25    0.00    0.00    0.00   92.21
00:47:44     all    6.30    0.00    1.01    0.00    0.00    0.50    0.00    0.00    0.00   92.19
00:47:45     all    6.33    0.00    0.25    0.00    0.00    0.51    0.00    0.00    0.00   92.91
00:47:46     all    6.30    0.00    0.76    0.00    0.00    0.50    0.00    0.00    0.00   92.44
00:47:47     all    6.30    0.00    0.76    0.00    0.00    0.76    0.00    0.00    0.00   92.19
00:47:48     all    6.28    0.00    0.75    0.00    0.00    0.50    0.00    0.00    0.00   92.46
00:47:49     all    6.78    0.00    0.75    0.00    0.00    0.50    0.00    0.00    0.00   91.96
00:47:50     all    5.81    0.00    0.76    0.00    0.00    0.51    0.00    0.00    0.00   92.93
00:47:51     all    6.30    0.00    0.76    0.25    0.00    0.00    0.00    0.00    0.00   92.70
00:47:52     all    6.30    0.00    0.50    0.00    0.00    0.76    0.00    0.00    0.00   92.44
00:47:53     all    6.31    0.00    0.51    0.00    0.00    0.51    0.00    0.00    0.00   92.68
00:47:54     all    5.56    0.00    0.76    0.00    0.00    0.51    0.00    0.00    0.00   93.18
00:47:55     all    6.78    0.00    1.26    0.00    0.00    0.25    0.00    0.00    0.00   91.71
00:47:56     all    6.57    0.00    0.25    0.00    0.00    0.51    0.00    0.00    0.00   92.68
00:47:57     all    6.55    0.00    0.50    0.00    0.00    0.50    0.25    0.00    0.00   92.19
00:47:58     all    6.27    0.00    1.00    0.00    0.00    0.50    0.00    0.00    0.00   92.23
00:47:59     all    6.36    0.00    0.25    0.00    0.00    0.51    0.00    0.00    0.00   92.88
00:48:00     all    6.05    0.00    1.01    0.00    0.00    0.50    0.00    0.00    0.00   92.44
00:48:01     all    5.79    0.00    1.01    0.00    0.00    0.50    0.00    0.00    0.00   92.70
00:48:02     all    6.06    0.00    0.25    0.00    0.00    0.76    0.25    0.00    0.00   92.68
00:48:03     all    6.09    0.00    1.02    0.00    0.00    0.00    0.00    0.00    0.00   92.89
00:48:04     all    6.77    0.00    1.25    0.00    0.00    0.75    0.00    0.00    0.00   91.23
00:48:05     all    7.23    0.00    0.25    0.00    0.00    1.00    0.00    0.00    0.00   91.52
00:48:06     all    6.31    0.00    1.01    0.00    0.00    0.25    0.00    0.00    0.00   92.42
00:48:07     all    6.05    0.00    0.76    0.00    0.00    0.76    0.00    0.00    0.00   92.44
00:48:08     all    6.31    0.00    0.76    0.00    0.00    0.51    0.00    0.00    0.00   92.42
00:48:09     all    6.82    0.00    1.01    0.00    0.00    0.00    0.00    0.00    0.00   92.17
00:48:10     all    7.00    0.00    0.50    0.00    0.00    1.00    0.00    0.00    0.00   91.50
00:48:11     all    7.05    0.00    1.01    0.00    0.00    0.25    0.00    0.00    0.00   91.69
00:48:12     all    6.03    0.00    0.50    0.00    0.00    1.01    0.00    0.00    0.00   92.46
00:48:13     all    6.09    0.00    0.76    0.00    0.00    0.00    0.00    0.00    0.00   93.15
00:48:14     all    6.52    0.00    1.00    0.25    0.00    0.50    0.00    0.00    0.00   91.73
00:48:15     all    6.03    0.00    0.75    0.00    0.00    0.50    0.00    0.00    0.00   92.71
00:48:16     all    6.09    0.00    0.25    0.00    0.00    0.76    0.00    0.00    0.00   92.89
00:48:17     all    6.05    0.00    0.76    0.00    0.00    0.50    0.25    0.00    0.00   92.44
00:48:18     all    6.08    0.00    0.76    0.00    0.00    0.25    0.00    0.00    0.00   92.91
00:48:19     all    6.50    0.00    0.50    0.00    0.00    1.00    0.25    0.00    0.00   91.75
00:48:20     all    6.03    0.00    1.01    0.00    0.00    0.75    0.00    0.00    0.00   92.21
00:48:21     all    6.08    0.00    0.51    0.00    0.00    0.25    0.00    0.00    0.00   93.16
00:48:22     all    6.28    0.00    1.01    0.00    0.00    0.50    0.00    0.00    0.00   92.21
00:48:23     all    6.30    0.00    0.50    0.00    0.00    0.76    0.00    0.00    0.00   92.44
00:48:24     all    6.82    0.00    0.76    0.00    0.00    0.00    0.00    0.00    0.00   92.42
00:48:25     all    6.09    0.00    0.51    0.00    0.00    0.51    0.00    0.00    0.00   92.89
00:48:26     all    6.30    0.00    1.01    0.00    0.00    0.50    0.00    0.00    0.00   92.19
00:48:27     all    5.79    0.00    1.01    0.00    0.00    0.50    0.00    0.00    0.00   92.70
00:48:28     all    6.06    0.00    0.76    0.00    0.00    0.00    0.00    0.00    0.00   93.18
00:48:29     all    6.06    0.00    1.01    0.00    0.00    0.76    0.00    0.00    0.00   92.17
00:48:30     all    6.05    0.00    0.76    0.00    0.00    0.76    0.00    0.00    0.00   92.44
00:48:31     all    6.28    0.00    0.75    0.00    0.00    0.50    0.00    0.00    0.00   92.46
00:48:32     all    6.52    0.00    0.50    0.00    0.00    1.00    0.00    0.00    0.00   91.98
00:48:33     all    6.55    0.00    0.76    0.00    0.00    0.25    0.00    0.00    0.00   92.44
00:48:34     all    6.09    0.00    0.51    0.00    0.00    0.51    0.00    0.00    0.00   92.89
00:48:35     all    5.54    0.00    0.76    0.00    0.00    0.50    0.00    0.00    0.00   93.20
00:48:36     all    6.52    0.00    0.75    0.00    0.00    0.75    0.00    0.00    0.00   91.98
00:48:37     all    5.79    0.00    1.01    0.00    0.00    0.50    0.00    0.00    0.00   92.70
00:48:38     all    6.53    0.00    1.01    0.00    0.00    0.25    0.00    0.00    0.00   92.21
00:48:39     all    5.81    0.00    1.01    0.00    0.00    0.25    0.00    0.00    0.00   92.93
00:48:40     all    6.75    0.00    0.75    0.00    0.00    0.50    0.25    0.00    0.00   91.75
00:48:41     all    5.57    0.00    0.76    0.00    0.00    0.51    0.00    0.00    0.00   93.16
00:48:42     all    6.28    0.00    0.75    0.00    0.00    0.50    0.00    0.00    0.00   92.46
00:48:43     all    6.52    0.00    0.75    0.00    0.00    0.50    0.00    0.00    0.00   92.23
00:48:44     all    5.85    0.00    0.76    0.00    0.00    0.25    0.00    0.00    0.00   93.13
00:48:45     all    6.31    0.00    0.51    0.00    0.00    0.51    0.00    0.00    0.00   92.68
00:48:46     all    5.06    0.00    1.01    0.00    0.00    0.76    0.25    0.00    0.00   92.91
00:48:47     all    6.52    0.00    0.75    0.00    0.00    0.50    0.00    0.00    0.00   92.23
00:48:48     all    6.53    0.00    0.75    0.00    0.00    0.25    0.00    0.00    0.00   92.46
00:48:49     all    6.82    0.00    0.25    0.00    0.00    0.76    0.00    0.00    0.00   92.17
00:48:50     all    6.52    0.00    0.75    0.00    0.00    0.50    0.00    0.00    0.00   92.23
00:48:51     all    5.06    0.00    1.01    0.00    0.00    0.76    0.00    0.00    0.00   93.16
00:48:52     all    6.31    0.00    1.01    0.00    0.00    0.25    0.00    0.00    0.00   92.42
00:48:53     all    6.30    0.00    0.76    0.00    0.00    0.25    0.00    0.00    0.00   92.70
00:48:54     all    6.50    0.00    0.75    0.00    0.00    1.00    0.00    0.00    0.00   91.75
00:48:55     all    6.09    0.00    0.76    0.00    0.00    0.00    0.00    0.00    0.00   93.15
00:48:56     all    6.06    0.00    0.76    0.25    0.00    0.51    0.00    0.00    0.00   92.42
00:48:57     all    6.98    0.00    0.25    0.00    0.00    0.75    0.00    0.00    0.00   92.02
00:48:58     all    6.31    0.00    0.76    0.00    0.00    0.51    0.00    0.00    0.00   92.42
00:48:59     all    6.75    0.00    1.00    0.00    0.00    0.50    0.00    0.00    0.00   91.75
00:49:00     all    6.31    0.00    0.51    0.00    0.00    0.25    0.00    0.00    0.00   92.93
00:49:01     all    6.50    0.00    0.75    0.00    0.00    0.75    0.00    0.00    0.00   92.00
00:49:02     all    5.82    0.00    0.76    0.25    0.00    0.51    0.00    0.00    0.00   92.66
00:49:03     all    5.82    0.00    0.76    0.00    0.00    0.25    0.00    0.00    0.00   93.16
00:49:04     all    6.03    0.00    0.75    0.00    0.00    0.75    0.00    0.00    0.00   92.46
00:49:05     all    6.82    0.00    0.25    0.00    0.00    0.76    0.00    0.00    0.00   92.17
00:49:06     all    6.03    0.00    0.75    0.00    0.00    0.50    0.25    0.00    0.00   92.46
00:49:07     all    5.78    0.00    1.01    0.00    0.00    0.50    0.00    0.00    0.00   92.71
00:49:08     all    5.57    0.00    0.76    0.00    0.00    0.25    0.25    0.00    0.00   93.16
00:49:09     all    6.98    0.00    0.50    0.00    0.00    1.00    0.00    0.00    0.00   91.52
00:49:10     all    6.31    0.00    0.76    0.00    0.00    0.00    0.00    0.00    0.00   92.93
00:49:11     all    6.03    0.00    0.75    0.00    0.00    0.75    0.00    0.00    0.00   92.46
00:49:12     all    6.08    0.00    1.01    0.00    0.00    0.00    0.00    0.00    0.00   92.91
00:49:13     all    6.77    0.00    0.75    0.00    0.00    0.75    0.00    0.00    0.00   91.73
00:49:14     all    6.08    0.00    0.51    0.00    0.00    0.51    0.00    0.00    0.00   92.91
00:49:15     all    6.09    0.00    0.76    0.00    0.00    0.25    0.00    0.00    0.00   92.89
00:49:16     all    5.81    0.00    1.01    0.00    0.00    0.51    0.00    0.00    0.00   92.68
00:49:17     all    6.77    0.00    0.50    0.00    0.00    0.50    0.00    0.00    0.00   92.23
00:49:18     all    5.32    0.00    0.76    0.00    0.00    0.76    0.00    0.00    0.00   93.16
00:49:19     all    6.33    0.00    0.51    0.00    0.00    0.25    0.00    0.00    0.00   92.91
00:49:20     all    6.28    0.00    0.50    0.00    0.00    1.01    0.00    0.00    0.00   92.21
00:49:21     all    6.55    0.00    1.01    0.00    0.00    0.25    0.00    0.00    0.00   92.19
00:49:22     all    6.05    0.00    0.76    0.00    0.00    0.76    0.00    0.00    0.00   92.44
00:49:23     all    6.31    0.00    0.76    0.00    0.00    0.25    0.00    0.00    0.00   92.68
00:49:24     all    6.31    0.00    0.25    0.00    0.00    1.01    0.00    0.00    0.00   92.42
00:49:25     all    6.57    0.00    1.01    0.00    0.00    0.00    0.00    0.00    0.00   92.42
00:49:26     all    6.58    0.00    0.51    0.00    0.00    0.51    0.00    0.00    0.00   92.41
00:49:27     all    6.52    0.00    0.75    0.00    0.00    0.75    0.00    0.00    0.00   91.98
00:49:28     all    5.81    0.00    0.76    0.00    0.00    0.51    0.25    0.00    0.00   92.68
00:49:29     all    6.55    0.00    0.50    0.00    0.00    0.50    0.00    0.00    0.00   92.44
00:49:30     all    6.35    0.00    0.76    0.00    0.00    0.25    0.00    0.00    0.00   92.64
00:49:31     all    6.31    0.00    0.25    0.00    0.00    0.51    0.00    0.00    0.00   92.93
00:49:32     all    6.30    0.00    0.76    0.00    0.00    0.50    0.00    0.00    0.00   92.44
00:49:33     all    5.54    0.00    1.01    0.00    0.00    0.50    0.00    0.00    0.00   92.95
00:49:34     all    6.80    0.00    0.25    0.00    0.00    0.25    0.25    0.00    0.00   92.44
00:49:35     all    6.05    0.00    0.76    0.00    0.00    0.76    0.00    0.00    0.00   92.44
00:49:36     all    6.75    0.00    1.25    0.00    0.00    0.25    0.00    0.00    0.00   91.75
00:49:37     all    6.09    0.00    0.25    0.00    0.00    0.76    0.00    0.00    0.00   92.89
00:49:38     all    7.07    0.00    0.51    0.00    0.00    0.00    0.00    0.00    0.00   92.42
00:49:39     all    6.53    0.00    0.75    0.00    0.00    0.75    0.00    0.00    0.00   91.96
00:49:40     all    5.82    0.00    0.76    0.00    0.00    0.25    0.00    0.00    0.00   93.16
00:49:41     all    6.53    0.00    0.75    0.00    0.00    0.50    0.00    0.00    0.00   92.21
00:49:42     all    6.30    0.00    0.76    0.00    0.00    0.76    0.00    0.00    0.00   92.19
00:49:43     all    5.58    0.00    0.25    0.00    0.00    1.02    0.00    0.00    0.00   93.15
00:49:44     all    6.33    0.00    0.76    0.00    0.00    0.00    0.00    0.00    0.00   92.91
00:49:45     all    6.11    0.00    0.76    0.00    0.00    0.25    0.00    0.00    0.00   92.88
00:49:46     all    6.48    0.00    1.00    0.00    0.00    1.00    0.00    0.00    0.00   91.52
00:49:47     all    5.61    0.00    0.26    0.00    0.00    0.26    0.00    0.00    0.00   93.88
00:49:48     all    4.52    0.00    0.50    0.00    0.00    0.50    0.00    0.00    0.00   94.47
00:49:49     all    3.53    0.00    0.25    0.00    0.00    0.50    0.25    0.00    0.00   95.47
00:49:50     all    5.51    0.00    0.75    0.00    0.00    0.00    0.00    0.00    0.00   93.73
00:49:51     all    5.30    0.00    0.51    0.00    0.00    0.76    0.00    0.00    0.00   93.43
00:49:52     all    5.58    0.00    0.76    0.00    0.00    0.51    0.00    0.00    0.00   93.15
00:49:53     all    5.03    0.00    0.50    0.25    0.00    0.25    0.00    0.00    0.00   93.97
00:49:54     all    6.57    0.00    0.51    0.00    0.00    0.51    0.00    0.00    0.00   92.42
00:49:55     all    6.80    0.00    0.50    0.00    0.00    0.50    0.00    0.00    0.00   92.19
00:49:56     all    6.57    0.00    0.76    0.00    0.00    0.51    0.00    0.00    0.00   92.17
00:49:57     all    6.06    0.00    1.01    0.00    0.00    0.76    0.00    0.00    0.00   92.17
00:49:58     all    7.04    0.00    0.50    0.00    0.00    0.00    0.25    0.00    0.00   92.21
00:49:59     all    5.81    0.00    1.01    0.00    0.00    0.51    0.00    0.00    0.00   92.68
00:50:00     all    7.02    0.00    0.25    0.00    0.00    0.75    0.00    0.00    0.00   91.98
00:50:01     all    5.78    0.00    0.75    0.00    0.00    0.25    0.00    0.00    0.00   93.22
00:50:02     all    4.02    0.00    0.50    0.00    0.00    1.26    0.00    0.00    0.00   94.22
00:50:03     all    6.57    0.00    0.76    0.00    0.00    0.00    0.00    0.00    0.00   92.68
00:50:04     all    5.60    0.00    0.76    0.00    0.00    0.51    0.00    0.00    0.00   93.13
00:50:05     all    5.30    0.00    1.01    0.00    0.00    0.76    0.00    0.00    0.00   92.93
00:50:06     all    6.33    0.00    0.25    0.00    0.00    0.76    0.00    0.00    0.00   92.66
00:50:07     all    6.55    0.00    0.76    0.00    0.00    0.25    0.00    0.00    0.00   92.44
00:50:08     all    6.28    0.00    1.01    0.00    0.00    0.75    0.00    0.00    0.00   91.96
00:50:09     all    6.58    0.00    0.51    0.00    0.00    0.25    0.00    0.00    0.00   92.66
00:50:10     all    6.05    0.00    1.01    0.00    0.00    0.76    0.00    0.00    0.00   92.19
00:50:11     all    6.82    0.00    0.76    0.00    0.00    0.25    0.00    0.00    0.00   92.17
00:50:12     all    6.05    0.00    0.76    0.00    0.00    0.76    0.00    0.00    0.00   92.44
00:50:13     all    6.36    0.00    0.76    0.00    0.00    0.25    0.00    0.00    0.00   92.62
00:50:14     all    6.72    0.00    1.00    0.00    0.00    1.00    0.00    0.00    0.00   91.29
00:50:15     all    6.11    0.00    0.51    0.00    0.00    0.25    0.51    0.00    0.00   92.62
00:50:16     all    6.31    0.00    0.51    0.00    0.00    0.51    0.00    0.00    0.00   92.68
00:50:17     all    5.79    0.00    1.26    0.00    0.00    0.50    0.00    0.00    0.00   92.44
00:50:18     all    6.31    0.00    0.25    0.00    0.00    0.76    0.00    0.00    0.00   92.68
00:50:19     all    6.33    0.00    1.01    0.00    0.00    0.25    0.00    0.00    0.00   92.41
00:50:20     all    6.05    0.00    1.01    0.00    0.00    0.50    0.00    0.00    0.00   92.44
00:50:21     all    6.50    0.00    0.75    0.00    0.00    1.25    0.00    0.00    0.00   91.50
00:50:22     all    7.04    0.00    0.75    0.00    0.00    0.25    0.00    0.00    0.00   91.96
00:50:23     all    6.31    0.00    0.76    0.00    0.00    0.51    0.00    0.00    0.00   92.42
00:50:24     all    6.55    0.00    1.01    0.00    0.00    0.50    0.00    0.00    0.00   91.94
00:50:25     all    5.85    0.00    0.25    0.00    0.00    0.51    0.00    0.00    0.00   93.38
00:50:26     all    6.53    0.00    1.26    0.00    0.00    0.50    0.00    0.00    0.00   91.71
00:50:27     all    6.30    0.00    1.26    0.00    0.00    0.50    0.00    0.00    0.00   91.94
00:50:28     all    6.57    0.00    0.51    0.00    0.00    0.51    0.00    0.00    0.00   92.42
00:50:29     all    6.28    0.00    0.75    0.00    0.00    1.01    0.00    0.00    0.00   91.96
00:50:30     all    6.31    0.00    0.76    0.00    0.00    0.00    0.25    0.00    0.00   92.68
00:50:31     all    6.03    0.00    0.50    0.00    0.00    1.01    0.00    0.00    0.00   92.46
00:50:32     all    6.60    0.00    0.76    0.25    0.00    0.00    0.00    0.00    0.00   92.39
00:50:33     all    6.78    0.00    0.50    0.00    0.00    0.75    0.00    0.00    0.00   91.96
00:50:34     all    6.75    0.00    0.75    0.00    0.00    0.50    0.00    0.00    0.00   92.00
00:50:35     all    6.33    0.00    0.51    0.00    0.00    0.51    0.00    0.00    0.00   92.66
00:50:36     all    6.30    0.00    1.01    0.00    0.00    0.50    0.00    0.00    0.00   92.19
00:50:37     all    6.55    0.00    0.76    0.00    0.00    0.50    0.00    0.00    0.00   92.19
00:50:38     all    6.31    0.00    0.76    0.00    0.00    0.51    0.00    0.00    0.00   92.42
00:50:39     all    6.82    0.00    0.25    0.00    0.00    0.51    0.00    0.00    0.00   92.42
00:50:40     all    6.82    0.00    0.76    0.00    0.00    0.51    0.00    0.00    0.00   91.92
00:50:41     all    6.82    0.00    0.51    0.00    0.00    0.76    0.00    0.00    0.00   91.92
00:50:42     all    6.30    0.00    0.76    0.00    0.00    0.50    0.25    0.00    0.00   92.19
00:50:43     all    6.08    0.00    0.76    0.00    0.00    0.76    0.00    0.00    0.00   92.41
00:50:44     all    6.55    0.00    0.76    0.00    0.00    0.50    0.00    0.00    0.00   92.19
00:50:45     all    6.52    0.00    1.00    0.00    0.00    0.50    0.00    0.00    0.00   91.98
00:50:46     all    6.09    0.00    0.00    0.00    0.00    0.76    0.00    0.00    0.00   93.15
00:50:47     all    6.52    0.00    1.00    0.00    0.00    0.50    0.00    0.00    0.00   91.98
00:50:48     all    6.80    0.00    0.76    0.00    0.00    0.50    0.00    0.00    0.00   91.94
00:50:49     all    5.82    0.00    0.76    0.00    0.00    0.51    0.00    0.00    0.00   92.91
00:50:50     all    6.30    0.00    1.01    0.00    0.00    0.50    0.00    0.00    0.00   92.19
00:50:51     all    7.02    0.00    0.25    0.00    0.00    0.50    0.00    0.00    0.00   92.23
00:50:52     all    6.55    0.00    0.76    0.00    0.00    0.50    0.00    0.00    0.00   92.19
00:50:53     all    5.81    0.00    1.01    0.00    0.00    0.51    0.00    0.00    0.00   92.68
00:50:54     all    6.55    0.00    0.76    0.00    0.00    0.50    0.00    0.00    0.00   92.19
00:50:55     all    7.00    0.00    0.75    0.00    0.00    0.50    0.00    0.00    0.00   91.75
00:50:56     all    6.06    0.00    0.51    0.00    0.00    0.51    0.00    0.00    0.00   92.93
00:50:57     all    6.57    0.00    0.76    0.00    0.00    0.51    0.00    0.00    0.00   92.17
00:50:58     all    6.05    0.00    1.01    0.00    0.00    0.50    0.00    0.00    0.00   92.44
00:50:59     all    6.77    0.00    0.50    0.25    0.00    0.75    0.25    0.00    0.00   91.48
00:51:00     all    6.33    0.00    0.51    0.00    0.00    0.51    0.00    0.00    0.00   92.66
00:51:01     all    6.05    0.00    1.01    0.00    0.00    0.76    0.25    0.00    0.00   91.94
00:51:02     all    6.11    0.00    0.76    0.00    0.00    0.25    0.00    0.00    0.00   92.88
00:51:03     all    7.05    0.00    1.01    0.00    0.00    0.00    0.00    0.00    0.00   91.94
00:51:04     all    6.78    0.00    0.25    0.00    0.00    1.01    0.00    0.00    0.00   91.96
00:51:05     all    6.33    0.00    0.51    0.00    0.00    0.51    0.00    0.00    0.00   92.66
00:51:06     all    6.73    0.00    1.00    0.00    0.00    0.50    0.00    0.00    0.00   91.77
00:51:07     all    6.31    0.00    1.01    0.00    0.00    0.25    0.00    0.00    0.00   92.42
00:51:08     all    6.33    0.00    0.25    0.00    0.00    1.01    0.00    0.00    0.00   92.41
00:51:09     all    5.82    0.00    1.01    0.00    0.00    0.51    0.00    0.00    0.00   92.66
00:51:10     all    6.80    0.00    0.76    0.00    0.00    0.50    0.00    0.00    0.00   91.94
00:51:11     all    6.30    0.00    0.76    0.00    0.00    0.50    0.00    0.00    0.00   92.44
00:51:12     all    6.28    0.00    0.75    0.00    0.00    0.75    0.00    0.00    0.00   92.21
00:51:13     all    6.57    0.00    0.76    0.00    0.00    0.51    0.00    0.00    0.00   92.17
00:51:14     all    5.57    0.00    0.51    0.25    0.00    0.25    0.00    0.00    0.00   93.42
00:51:15     all    6.80    0.00    0.50    0.00    0.00    0.50    0.00    0.00    0.00   92.19
00:51:16     all    6.75    0.00    1.00    0.00    0.00    0.50    0.25    0.00    0.00   91.50
00:51:17     all    6.08    0.00    0.76    0.00    0.00    0.51    0.00    0.00    0.00   92.66
00:51:18     all    6.84    0.00    0.51    0.00    0.00    0.00    0.00    0.00    0.00   92.66
00:51:19     all    6.53    0.00    0.75    0.00    0.00    1.01    0.00    0.00    0.00   91.71
00:51:20     all    6.28    0.00    0.75    0.00    0.00    0.75    0.00    0.00    0.00   92.21
00:51:21     all    6.33    0.00    0.76    0.00    0.00    0.51    0.00    0.00    0.00   92.41
00:51:22     all    7.04    0.00    0.75    0.00    0.00    0.00    0.00    0.00    0.00   92.21
00:51:23     all    6.05    0.00    0.25    0.00    0.00    1.01    0.00    0.00    0.00   92.70
00:51:24     all    6.33    0.00    1.01    0.00    0.00    0.25    0.00    0.00    0.00   92.41
00:51:25     all    6.77    0.00    0.75    0.00    0.00    1.00    0.00    0.00    0.00   91.48
00:51:26     all    6.11    0.00    0.51    0.00    0.00    0.25    0.00    0.00    0.00   93.13
00:51:27     all    6.50    0.00    0.75    0.00    0.00    0.50    0.25    0.00    0.00   92.00
00:51:28     all    6.57    0.00    1.01    0.00    0.00    0.00    0.00    0.00    0.00   92.42
00:51:29     all    6.30    0.00    0.25    0.00    0.00    1.26    0.00    0.00    0.00   92.19
00:51:30     all    6.11    0.00    0.51    0.00    0.00    0.00    0.00    0.00    0.00   93.38
00:51:31     all    6.52    0.00    1.00    0.00    0.00    0.25    0.00    0.00    0.00   92.23
00:51:32     all    6.80    0.00    0.76    0.00    0.00    0.76    0.00    0.00    0.00   91.69
00:51:33     all    6.08    0.00    0.76    0.00    0.00    0.25    0.00    0.00    0.00   92.91
00:51:34     all    7.02    0.00    0.75    0.00    0.00    0.50    0.00    0.00    0.00   91.73
00:51:35     all    7.02    0.00    0.50    0.00    0.00    0.75    0.00    0.00    0.00   91.73
00:51:36     all    6.30    0.00    0.76    0.00    0.00    0.50    0.00    0.00    0.00   92.44
00:51:37     all    5.85    0.00    0.76    0.00    0.00    0.25    0.00    0.00    0.00   93.13
00:51:38     all    6.08    0.00    0.76    0.00    0.00    0.51    0.00    0.00    0.00   92.66
00:51:39     all    6.80    0.00    0.76    0.00    0.00    0.76    0.00    0.00    0.00   91.69
00:51:40     all    6.50    0.00    0.75    0.00    0.00    0.75    0.00    0.00    0.00   92.00
00:51:41     all    6.06    0.00    1.01    0.00    0.00    0.51    0.00    0.00    0.00   92.42
00:51:42     all    6.08    0.00    0.51    0.00    0.00    0.51    0.00    0.00    0.00   92.91
00:51:43     all    5.53    0.00    1.01    0.00    0.00    0.75    0.00    0.00    0.00   92.71
00:51:44     all    6.05    0.00    1.01    0.00    0.00    0.50    0.25    0.00    0.00   92.19
00:51:45     all    6.31    0.00    0.76    0.00    0.00    0.76    0.00    0.00    0.00   92.17
00:51:46     all    6.60    0.00    0.25    0.00    0.00    0.00    0.25    0.00    0.00   92.89
00:51:47     all    6.27    0.00    1.00    0.00    0.00    1.00    0.00    0.00    0.00   91.73
00:51:48     all    6.33    0.00    0.76    0.00    0.00    0.25    0.00    0.00    0.00   92.66
00:51:49     all    6.31    0.00    0.51    0.00    0.00    0.76    0.00    0.00    0.00   92.42
00:51:50     all    6.31    0.00    0.76    0.00    0.00    0.51    0.00    0.00    0.00   92.42
00:51:51     all    6.57    0.00    0.76    0.00    0.00    0.51    0.00    0.00    0.00   92.17
00:51:52     all    6.05    0.00    0.76    0.00    0.00    0.76    0.00    0.00    0.00   92.44
00:51:53     all    6.78    0.00    0.75    0.00    0.00    0.75    0.00    0.00    0.00   91.71
00:51:54     all    6.31    0.00    1.01    0.00    0.00    0.51    0.00    0.00    0.00   92.17
00:51:55     all    7.04    0.00    1.01    0.00    0.00    0.75    0.00    0.00    0.00   91.21
00:51:56     all    6.78    0.00    1.01    0.00    0.00    0.25    0.00    0.00    0.00   91.96
00:51:57     all    6.33    0.00    0.76    0.00    0.00    0.51    0.00    0.00    0.00   92.41
00:51:58     all    6.53    0.00    0.75    0.00    0.00    0.50    0.00    0.00    0.00   92.21
00:51:59     all    6.58    0.00    0.25    0.00    0.00    0.51    0.00    0.00    0.00   92.66
00:52:00     all    6.06    0.00    0.76    0.00    0.00    0.76    0.00    0.00    0.00   92.42
00:52:01     all    6.77    0.00    0.75    0.00    0.00    0.50    0.00    0.00    0.00   91.98
00:52:02     all    6.52    0.00    0.75    0.00    0.00    0.50    0.25    0.00    0.00   91.98
00:52:03     all    6.31    0.00    0.76    0.00    0.00    0.51    0.00    0.00    0.00   92.42
00:52:04     all    6.09    0.00    0.76    0.00    0.00    0.25    0.00    0.00    0.00   92.89
00:52:05     all    5.78    0.00    0.75    0.50    0.00    0.25    0.00    0.00    0.00   92.71
00:52:06     all    5.79    0.00    1.01    0.00    0.00    1.01    0.00    0.00    0.00   92.19
00:52:07     all    7.30    0.00    0.25    0.00    0.00    0.25    0.00    0.00    0.00   92.19
00:52:08     all    6.06    0.00    1.01    0.00    0.00    0.25    0.00    0.00    0.00   92.68
00:52:09     all    6.05    0.00    0.76    0.00    0.00    0.76    0.00    0.00    0.00   92.44
00:52:10     all    7.05    0.00    0.76    0.00    0.00    0.25    0.00    0.00    0.00   91.94
00:52:11     all    5.63    0.00    0.77    0.00    0.00    0.51    0.00    0.00    0.00   93.09
00:52:12     all    6.52    0.00    0.75    0.00    0.00    0.50    0.00    0.00    0.00   92.23
00:52:13     all    6.78    0.00    0.75    0.00    0.00    0.50    0.00    0.00    0.00   91.96
00:52:14     all    6.84    0.00    0.51    0.00    0.00    0.25    0.00    0.00    0.00   92.41
00:52:15     all    6.55    0.00    0.76    0.00    0.00    0.76    0.00    0.00    0.00   91.94
00:52:16     all    6.57    0.00    0.51    0.00    0.00    0.25    0.25    0.00    0.00   92.42
00:52:17     all    6.78    0.00    0.75    0.00    0.00    0.50    0.00    0.00    0.00   91.96
00:52:18     all    6.52    0.00    0.75    0.00    0.00    0.75    0.00    0.00    0.00   91.98
00:52:19     all    7.07    0.00    0.51    0.00    0.00    0.25    0.00    0.00    0.00   92.17
00:52:20     all    6.82    0.00    0.76    0.00    0.00    0.25    0.00    0.00    0.00   92.17
00:52:21     all    6.53    0.00    0.75    0.00    0.00    0.75    0.00    0.00    0.00   91.96
00:52:22     all    6.08    0.00    1.27    0.00    0.00    0.25    0.00    0.00    0.00   92.41
00:52:23     all    7.30    0.00    0.00    0.00    0.00    0.50    0.00    0.00    0.00   92.19
00:52:24     all    5.57    0.00    1.01    0.00    0.00    0.76    0.00    0.00    0.00   92.66
00:52:25     all    6.57    0.00    0.51    0.00    0.00    0.51    0.00    0.00    0.00   92.42
00:52:26     all    6.55    0.00    0.76    0.00    0.00    0.25    0.00    0.00    0.00   92.44
00:52:27     all    6.03    0.00    1.26    0.00    0.00    1.01    0.25    0.00    0.00   91.46
00:52:28     all    6.82    0.00    0.76    0.00    0.00    0.25    0.00    0.00    0.00   92.17
00:52:29     all    6.30    0.00    1.01    0.00    0.00    0.25    0.25    0.00    0.00   92.19
00:52:30     all    6.30    0.00    0.76    0.00    0.00    0.76    0.00    0.00    0.00   92.19
00:52:31     all    6.57    0.00    0.76    0.00    0.00    0.51    0.00    0.00    0.00   92.17
00:52:32     all    6.31    0.00    0.76    0.00    0.00    0.51    0.00    0.00    0.00   92.42
00:52:33     all    6.33    0.00    1.01    0.25    0.00    0.25    0.00    0.00    0.00   92.15
00:52:34     all    6.03    0.00    1.01    0.00    0.00    1.01    0.00    0.00    0.00   91.96
00:52:35     all    6.84    0.00    0.51    0.00    0.00    0.25    0.00    0.00    0.00   92.41
00:52:36     all    6.09    0.00    0.76    0.00    0.00    0.51    0.00    0.00    0.00   92.64
00:52:37     all    6.50    0.00    1.00    0.00    0.00    0.75    0.00    0.00    0.00   91.75
00:52:38     all    6.87    0.00    0.51    0.00    0.00    0.00    0.00    0.00    0.00   92.62
00:52:39     all    6.30    0.00    0.76    0.00    0.00    0.76    0.00    0.00    0.00   92.19
00:52:40     all    6.30    0.00    1.01    0.00    0.00    0.76    0.00    0.00    0.00   91.94
00:52:41     all    6.58    0.00    0.76    0.00    0.00    0.25    0.00    0.00    0.00   92.41
00:52:42     all    6.55    0.00    0.50    0.00    0.00    0.76    0.00    0.00    0.00   92.19
00:52:43     all    6.57    0.00    0.51    0.00    0.00    0.51    0.00    0.00    0.00   92.42
00:52:44     all    6.31    0.00    1.01    0.00    0.00    0.51    0.00    0.00    0.00   92.17
00:52:45     all    6.78    0.00    0.50    0.00    0.00    0.75    0.00    0.00    0.00   91.96
00:52:46     all    6.09    0.00    0.51    0.00    0.00    0.25    0.00    0.00    0.00   93.15
00:52:47     all    6.30    0.00    0.76    0.00    0.00    0.50    0.25    0.00    0.00   92.19
00:52:48     all    6.06    0.00    0.25    0.00    0.00    0.51    0.00    0.00    0.00   93.18
00:52:49     all    2.51    0.00    1.01    0.00    0.00    0.25    0.00    0.00    0.00   96.23
00:52:50     all    4.79    0.00    0.25    0.00    0.00    0.50    0.00    0.00    0.00   94.46
00:52:51     all    5.79    0.00    0.50    0.00    0.00    0.25    0.00    0.00    0.00   93.45
00:52:52     all    5.54    0.00    1.01    0.00    0.00    0.50    0.00    0.00    0.00   92.95
00:52:53     all    5.81    0.00    0.76    0.00    0.00    0.51    0.00    0.00    0.00   92.93
00:52:54     all    6.05    0.00    0.50    0.25    0.00    0.25    0.00    0.00    0.00   92.95
00:52:55     all    6.08    0.00    0.76    0.00    0.00    0.51    0.00    0.00    0.00   92.66
00:52:56     all    6.84    0.00    0.76    0.00    0.00    0.25    0.00    0.00    0.00   92.15
00:52:57     all    6.23    0.00    1.25    0.00    0.00    0.75    0.00    0.00    0.00   91.77
00:52:58     all    6.58    0.00    0.76    0.00    0.00    0.25    0.00    0.00    0.00   92.41
00:52:59     all    6.77    0.00    0.50    0.00    0.00    0.75    0.00    0.00    0.00   91.98
00:53:00     all    6.33    0.00    0.51    0.00    0.00    0.51    0.00    0.00    0.00   92.66
00:53:01     all    6.77    0.00    0.75    0.00    0.00    0.50    0.00    0.00    0.00   91.98
00:53:02     all    5.56    0.00    0.76    0.00    0.00    0.76    0.00    0.00    0.00   92.93
00:53:03     all    6.80    0.00    0.50    0.00    0.00    0.76    0.00    0.00    0.00   91.94
00:53:04     all    7.04    0.00    1.01    0.00    0.00    0.25    0.00    0.00    0.00   91.71
00:53:05     all    5.81    0.00    0.76    0.00    0.00    0.76    0.00    0.00    0.00   92.68
00:53:06     all    6.33    0.00    0.51    0.00    0.00    0.51    0.00    0.00    0.00   92.66
00:53:07     all    6.52    0.00    1.00    0.00    0.00    0.50    0.00    0.00    0.00   91.98
00:53:08     all    7.25    0.00    0.75    0.00    0.00    0.50    0.25    0.00    0.00   91.25
00:53:09     all    6.31    0.00    0.76    0.00    0.00    0.51    0.00    0.00    0.00   92.42
00:53:10     all    6.28    0.00    1.01    0.00    0.00    1.01    0.00    0.00    0.00   91.71
00:53:11     all    6.80    0.00    0.50    0.00    0.00    0.00    0.25    0.00    0.00   92.44
00:53:12     all    6.78    0.00    0.75    0.00    0.00    0.75    0.00    0.00    0.00   91.71
00:53:13     all    6.78    0.00    0.75    0.00    0.00    0.50    0.00    0.00    0.00   91.96
00:53:14     all    6.77    0.00    0.75    0.00    0.00    0.25    0.25    0.00    0.00   91.98
00:53:15     all    6.55    0.00    0.50    0.00    0.00    0.76    0.00    0.00    0.00   92.19
00:53:16     all    6.77    0.00    0.75    0.00    0.00    0.50    0.00    0.00    0.00   91.98
00:53:17     all    5.84    0.00    0.76    0.00    0.00    0.76    0.00    0.00    0.00   92.64
00:53:18     all    7.05    0.00    0.50    0.00    0.00    0.76    0.00    0.00    0.00   91.69
00:53:19     all    6.77    0.00    1.00    0.00    0.00    0.50    0.00    0.00    0.00   91.73
00:53:20     all    6.35    0.00    0.51    0.00    0.00    0.51    0.00    0.00    0.00   92.64
00:53:21     all    6.52    0.00    1.50    0.00    0.00    0.50    0.00    0.00    0.00   91.48
00:53:22     all    6.31    0.00    0.51    0.00    0.00    1.01    0.00    0.00    0.00   92.17
00:53:23     all    6.77    0.00    1.00    0.00    0.00    0.50    0.00    0.00    0.00   91.73
00:53:24     all    6.31    0.00    0.76    0.00    0.00    0.76    0.00    0.00    0.00   92.17
00:53:25     all    7.05    0.00    0.50    0.00    0.00    0.50    0.00    0.00    0.00   91.94
00:53:26     all    6.09    0.00    0.76    0.00    0.00    0.51    0.00    0.00    0.00   92.64
00:53:27     all    7.05    0.00    0.25    0.00    0.00    0.76    0.00    0.00    0.00   91.94
00:53:28     all    6.30    0.00    0.76    0.00    0.00    0.76    0.00    0.00    0.00   92.19
00:53:29     all    6.77    0.00    1.00    0.00    0.00    0.75    0.00    0.00    0.00   91.48
00:53:30     all    6.33    0.00    0.76    0.00    0.00    0.51    0.00    0.00    0.00   92.41
00:53:31     all    6.08    0.00    0.25    0.25    0.00    0.25    0.00    0.00    0.00   93.16
00:53:32     all    6.27    0.00    1.00    0.00    0.00    0.75    0.25    0.00    0.00   91.73
00:53:33     all    5.85    0.00    0.76    0.00    0.00    0.25    0.00    0.00    0.00   93.13
00:53:34     all    6.77    0.00    1.00    0.00    0.00    0.50    0.00    0.00    0.00   91.73
00:53:35     all    6.57    0.00    0.76    0.00    0.00    0.51    0.00    0.00    0.00   92.17
00:53:36     all    6.52    0.00    1.00    0.00    0.00    0.75    0.00    0.00    0.00   91.73
00:53:37     all    6.55    0.00    0.76    0.00    0.00    0.50    0.00    0.00    0.00   92.19
00:53:38     all    6.30    0.00    0.76    0.00    0.00    0.76    0.00    0.00    0.00   92.19
00:53:39     all    6.78    0.00    1.01    0.00    0.00    0.50    0.00    0.00    0.00   91.71
00:53:40     all    6.39    0.00    0.00    0.00    0.00    0.26    0.00    0.00    0.00   93.35
00:53:41     all    6.73    0.00    1.00    0.00    0.00    1.00    0.00    0.00    0.00   91.27
00:53:42     all    6.33    0.00    0.76    0.00    0.00    0.25    0.00    0.00    0.00   92.66
00:53:43     all    6.77    0.00    0.50    0.00    0.00    0.75    0.00    0.00    0.00   91.98
00:53:44     all    5.33    0.00    0.51    0.00    0.00    0.25    0.00    0.00    0.00   93.91
00:53:45     all    6.31    0.00    1.01    0.00    0.00    0.51    0.00    0.00    0.00   92.17
00:53:46     all    6.77    0.00    0.50    0.00    0.00    0.50    0.00    0.00    0.00   92.23
00:53:47     all    5.84    0.00    1.02    0.00    0.00    0.25    0.00    0.00    0.00   92.89
00:53:48     all    6.77    0.00    0.75    0.00    0.00    0.50    0.00    0.00    0.00   91.98
00:53:49     all    6.78    0.00    0.75    0.00    0.00    0.50    0.00    0.00    0.00   91.96
00:53:50     all    6.11    0.00    0.51    0.00    0.00    0.51    0.00    0.00    0.00   92.88
00:53:51     all    6.52    0.00    0.75    0.00    0.00    0.75    0.25    0.00    0.00   91.73
00:53:52     all    6.58    0.00    0.76    0.00    0.00    0.25    0.00    0.00    0.00   92.41
00:53:53     all    6.75    0.00    0.50    0.00    0.00    1.00    0.00    0.00    0.00   91.75
00:53:54     all    6.33    0.00    0.76    0.00    0.00    0.25    0.00    0.00    0.00   92.66
00:53:55     all    6.77    0.00    0.75    0.00    0.00    0.75    0.00    0.00    0.00   91.73
00:53:56     all    6.28    0.00    1.01    0.00    0.00    0.50    0.25    0.00    0.00   91.96
00:53:57     all    5.58    0.00    0.51    0.00    0.00    0.51    0.25    0.00    0.00   93.15
00:53:58     all    6.57    0.00    0.76    0.00    0.00    0.51    0.00    0.00    0.00   92.17
00:53:59     all    6.78    0.00    0.50    0.00    0.00    0.75    0.00    0.00    0.00   91.96
00:54:00     all    6.09    0.00    0.76    0.00    0.00    0.51    0.00    0.00    0.00   92.64
00:54:01     all    6.57    0.00    0.51    0.00    0.00    0.51    0.00    0.00    0.00   92.42
00:54:02     all    6.78    0.00    0.75    0.00    0.00    0.50    0.00    0.00    0.00   91.96
00:54:03     all    6.55    0.00    0.76    0.00    0.00    0.76    0.00    0.00    0.00   91.94
00:54:04     all    5.87    0.00    1.02    0.00    0.00    0.26    0.00    0.00    0.00   92.86
00:54:05     all    6.27    0.00    1.00    0.00    0.00    0.75    0.00    0.00    0.00   91.98
00:54:06     all    6.09    0.00    1.02    0.00    0.00    0.25    0.00    0.00    0.00   92.64
00:54:07     all    6.77    0.00    1.00    0.00    0.00    0.75    0.00    0.00    0.00   91.48
00:54:08     all    7.00    0.00    0.75    0.00    0.00    0.75    0.00    0.00    0.00   91.50
00:54:09     all    6.33    0.00    0.76    0.00    0.00    0.51    0.00    0.00    0.00   92.41
00:54:10     all    6.98    0.00    1.00    0.00    0.00    0.25    0.00    0.00    0.00   91.77
00:54:11     all    6.55    0.00    0.50    0.00    0.00    1.01    0.00    0.00    0.00   91.94
00:54:12     all    6.57    0.00    0.76    0.00    0.00    0.00    0.00    0.00    0.00   92.68
00:54:13     all    6.05    0.00    1.01    0.00    0.00    0.50    0.00    0.00    0.00   92.44
00:54:14     all    6.30    0.00    0.50    0.00    0.00    0.76    0.00    0.00    0.00   92.44
00:54:15     all    5.81    0.00    0.76    0.00    0.00    1.01    0.00    0.00    0.00   92.42
00:54:16     all    6.82    0.00    0.76    0.00    0.00    0.25    0.00    0.00    0.00   92.17
00:54:17     all    6.58    0.00    0.51    0.00    0.00    0.51    0.00    0.00    0.00   92.41
00:54:18     all    6.31    0.00    1.01    0.00    0.00    0.51    0.00    0.00    0.00   92.17
00:54:19     all    6.30    0.00    0.25    0.00    0.00    1.01    0.25    0.00    0.00   92.19
00:54:20     all    6.31    0.00    0.76    0.00    0.00    0.25    0.00    0.00    0.00   92.68
00:54:21     all    6.31    0.00    1.01    0.00    0.00    0.51    0.00    0.00    0.00   92.17
00:54:22     all    6.55    0.00    0.76    0.00    0.00    1.01    0.00    0.00    0.00   91.69
00:54:23     all    6.35    0.00    0.76    0.00    0.00    0.25    0.00    0.00    0.00   92.64
00:54:24     all    6.06    0.00    1.01    0.00    0.00    0.51    0.00    0.00    0.00   92.42
00:54:25     all    6.28    0.00    0.75    0.00    0.00    0.75    0.00    0.00    0.00   92.21
00:54:26     all    6.80    0.00    0.76    0.00    0.00    0.50    0.00    0.00    0.00   91.94
00:54:27     all    6.82    0.00    0.51    0.00    0.00    0.51    0.00    0.00    0.00   92.17
00:54:28     all    6.02    0.00    1.25    0.25    0.00    0.50    0.25    0.00    0.00   91.73
00:54:29     all    6.55    0.00    0.25    0.00    0.00    0.76    0.00    0.00    0.00   92.44
00:54:30     all    6.55    0.00    0.76    0.00    0.00    0.76    0.00    0.00    0.00   91.94
00:54:31     all    7.00    0.00    1.00    0.00    0.00    0.50    0.00    0.00    0.00   91.50
00:54:32     all    6.09    0.00    0.76    0.00    0.00    0.76    0.00    0.00    0.00   92.39
00:54:33     all    6.50    0.00    1.00    0.00    0.00    0.50    0.25    0.00    0.00   91.75
00:54:34     all    6.55    0.00    0.76    0.00    0.00    0.50    0.00    0.00    0.00   92.19
00:54:35     all    6.06    0.00    1.01    0.00    0.00    0.51    0.00    0.00    0.00   92.42
00:54:36     all    7.02    0.00    0.50    0.00    0.00    1.00    0.00    0.00    0.00   91.48
00:54:37     all    6.60    0.00    0.51    0.00    0.00    0.25    0.00    0.00    0.00   92.64
00:54:38     all    6.52    0.00    1.00    0.00    0.00    0.75    0.00    0.00    0.00   91.73
00:54:39     all    5.84    0.00    0.76    0.00    0.00    0.51    0.00    0.00    0.00   92.89
00:54:40     all    6.33    0.00    0.51    0.00    0.00    0.76    0.00    0.00    0.00   92.41
00:54:41     all    6.06    0.00    1.01    0.00    0.00    0.76    0.00    0.00    0.00   92.17
00:54:42     all    6.78    0.00    0.50    0.00    0.00    0.50    0.00    0.00    0.00   92.21
00:54:43     all    6.08    0.00    0.76    0.00    0.00    0.76    0.00    0.00    0.00   92.41
00:54:44     all    6.52    0.00    1.25    0.00    0.00    0.75    0.00    0.00    0.00   91.48
00:54:45     all    7.07    0.00    0.51    0.00    0.00    0.25    0.00    0.00    0.00   92.17
00:54:46     all    7.00    0.00    0.50    0.25    0.00    0.75    0.25    0.00    0.00   91.25
00:54:47     all    6.78    0.00    0.75    0.00    0.00    0.50    0.00    0.00    0.00   91.96
00:54:48     all    5.58    0.00    0.76    0.00    0.00    0.76    0.00    0.00    0.00   92.89
00:54:49     all    6.77    0.00    1.00    0.00    0.00    0.25    0.00    0.00    0.00   91.98
00:54:50     all    6.85    0.00    0.00    0.00    0.00    0.51    0.00    0.00    0.00   92.64
00:54:51     all    6.02    0.00    1.25    0.00    0.00    0.75    0.00    0.00    0.00   91.98
00:54:52     all    6.55    0.00    0.50    0.00    0.00    0.25    0.00    0.00    0.00   92.70
00:54:53     all    6.33    0.00    0.76    0.00    0.00    0.51    0.00    0.00    0.00   92.41
00:54:54     all    6.28    0.00    1.01    0.00    0.00    0.75    0.00    0.00    0.00   91.96
00:54:55     all    6.08    0.00    0.51    0.00    0.00    0.76    0.00    0.00    0.00   92.66
00:54:56     all    6.35    0.00    0.76    0.00    0.00    0.25    0.00    0.00    0.00   92.64
00:54:57     all    6.48    0.00    1.25    0.00    0.00    0.75    0.00    0.00    0.00   91.52
00:54:58     all    6.33    0.00    0.00    0.00    0.00    0.76    0.00    0.00    0.00   92.91
00:54:59     all    6.55    0.00    1.01    0.00    0.00    0.25    0.00    0.00    0.00   92.19
00:55:00     all    6.52    0.00    1.00    0.00    0.00    0.50    0.00    0.00    0.00   91.98
00:55:01     all    6.31    0.00    1.01    0.00    0.00    0.51    0.00    0.00    0.00   92.17
00:55:02     all    6.58    0.00    0.25    0.00    0.00    0.51    0.00    0.00    0.00   92.66
00:55:03     all    6.73    0.00    0.75    0.00    0.00    0.75    0.25    0.00    0.00   91.52
00:55:04     all    5.57    0.00    1.27    0.00    0.00    0.25    0.00    0.00    0.00   92.91
00:55:05     all    6.55    0.00    0.76    0.00    0.00    0.50    0.00    0.00    0.00   92.19
00:55:06     all    6.31    0.00    1.01    0.00    0.00    0.51    0.00    0.00    0.00   92.17
00:55:07     all    6.53    0.00    0.50    0.25    0.00    0.50    0.00    0.00    0.00   92.21
00:55:08     all    6.35    0.00    0.76    0.00    0.00    0.25    0.00    0.00    0.00   92.64
00:55:09     all    6.50    0.00    0.75    0.00    0.00    0.75    0.00    0.00    0.00   92.00
00:55:10     all    6.08    0.00    0.76    0.00    0.00    0.51    0.00    0.00    0.00   92.66
00:55:11     all    6.60    0.00    0.51    0.00    0.00    0.51    0.00    0.00    0.00   92.39
00:55:12     all    6.52    0.00    0.50    0.00    0.00    1.00    0.25    0.00    0.00   91.73
00:55:13     all    6.03    0.00    1.26    0.00    0.00    0.75    0.00    0.00    0.00   91.96
00:55:14     all    6.57    0.00    0.76    0.00    0.00    0.25    0.00    0.00    0.00   92.42
00:55:15     all    6.30    0.00    0.50    0.00    0.00    1.01    0.00    0.00    0.00   92.19
00:55:16     all    6.33    0.00    0.76    0.00    0.00    0.25    0.00    0.00    0.00   92.66
00:55:17     all    6.30    0.00    0.50    0.00    0.00    0.76    0.25    0.00    0.00   92.19
00:55:18     all    6.05    0.00    1.01    0.00    0.00    0.50    0.00    0.00    0.00   92.44
00:55:19     all    6.80    0.00    0.76    0.00    0.00    0.50    0.00    0.00    0.00   91.94
00:55:20     all    6.55    0.00    1.01    0.00    0.00    0.50    0.00    0.00    0.00   91.94
00:55:21     all    5.56    0.00    1.01    0.00    0.00    0.76    0.00    0.00    0.00   92.68
00:55:22     all    6.57    0.00    0.51    0.00    0.00    0.51    0.00    0.00    0.00   92.42
00:55:23     all    6.08    0.00    0.51    0.00    0.00    0.51    0.00    0.00    0.00   92.91
00:55:24     all    6.31    0.00    1.01    0.00    0.00    0.51    0.00    0.00    0.00   92.17
00:55:25     all    6.27    0.00    0.75    0.00    0.00    0.75    0.00    0.00    0.00   92.23
00:55:26     all    6.58    0.00    1.01    0.00    0.00    0.25    0.00    0.00    0.00   92.15
00:55:27     all    7.05    0.00    0.25    0.25    0.00    0.76    0.00    0.00    0.00   91.69
00:55:28     all    6.30    0.00    0.76    0.00    0.00    0.76    0.00    0.00    0.00   92.19
00:55:29     all    6.28    0.00    1.01    0.00    0.00    0.50    0.00    0.00    0.00   92.21
00:55:30     all    6.33    0.00    1.01    0.00    0.00    0.51    0.00    0.00    0.00   92.15
00:55:31     all    6.55    0.00    0.50    0.00    0.00    0.76    0.25    0.00    0.00   91.94
00:55:32     all    6.28    0.00    0.50    0.00    0.00    0.75    0.00    0.00    0.00   92.46
00:55:33     all    6.35    0.00    0.51    0.00    0.00    0.76    0.00    0.00    0.00   92.39
00:55:34     all    6.12    0.00    0.77    0.00    0.00    0.00    0.00    0.00    0.00   93.11
00:55:35     all    6.52    0.00    1.00    0.00    0.00    0.50    0.00    0.00    0.00   91.98
00:55:36     all    6.08    0.00    0.51    0.00    0.00    0.51    0.00    0.00    0.00   92.91
00:55:37     all    6.82    0.00    0.51    0.00    0.00    0.51    0.00    0.00    0.00   92.17
00:55:38     all    6.33    0.00    1.01    0.00    0.00    0.25    0.00    0.00    0.00   92.41
00:55:39     all    6.57    0.00    0.25    0.00    0.00    0.76    0.00    0.00    0.00   92.42
00:55:40     all    6.53    0.00    1.26    0.00    0.00    0.25    0.00    0.00    0.00   91.96
00:55:41     all    6.78    0.00    0.75    0.00    0.00    0.50    0.00    0.00    0.00   91.96
00:55:42     all    6.52    0.00    0.75    0.00    0.00    0.75    0.00    0.00    0.00   91.98
00:55:43     all    6.31    0.00    0.51    0.00    0.00    0.51    0.25    0.00    0.00   92.42
00:55:44     all    6.55    0.00    1.01    0.00    0.00    0.76    0.00    0.00    0.00   91.69
00:55:45     all    7.04    0.00    0.75    0.00    0.00    0.00    0.00    0.00    0.00   92.21
00:55:46     all    6.08    0.00    0.25    0.00    0.00    1.01    0.00    0.00    0.00   92.66
00:55:47     all    6.05    0.00    1.26    0.00    0.00    0.50    0.00    0.00    0.00   92.19
00:55:48     all    6.53    0.00    0.75    0.00    0.00    0.50    0.00    0.00    0.00   92.21
00:55:49     all    3.02    0.00    0.25    0.00    0.00    0.25    0.00    0.00    0.00   96.47
00:55:50     all    4.01    0.00    0.75    0.00    0.00    0.25    0.00    0.00    0.00   94.99
00:55:51     all    5.30    0.00    0.25    0.00    0.00    0.76    0.00    0.00    0.00   93.69
00:55:52     all    5.54    0.00    0.76    0.00    0.00    0.50    0.00    0.00    0.00   93.20
00:55:53     all    6.33    0.00    0.51    0.00    0.00    0.51    0.00    0.00    0.00   92.66
00:55:54     all    5.33    0.00    0.51    0.00    0.00    0.00    0.00    0.00    0.00   94.16
00:55:55     all    6.02    0.00    1.00    0.00    0.00    1.25    0.00    0.00    0.00   91.73
00:55:56     all    5.56    0.00    0.76    0.00    0.00    0.51    0.25    0.00    0.00   92.93
00:55:57     all    7.02    0.00    0.75    0.00    0.00    0.75    0.00    0.00    0.00   91.48
00:55:58     all    5.60    0.00    0.76    0.00    0.00    0.51    0.00    0.00    0.00   93.13
00:55:59     all    6.35    0.00    0.25    0.00    0.00    0.51    0.00    0.00    0.00   92.89
00:56:00     all    6.27    0.00    1.00    0.00    0.00    0.50    0.00    0.00    0.00   92.23
00:56:01     all    6.09    0.00    0.00    0.00    0.00    0.51    0.25    0.00    0.00   93.15
00:56:02     all    6.78    0.00    0.75    0.00    0.00    0.25    0.00    0.00    0.00   92.21
00:56:03     all    5.58    0.00    0.51    0.00    0.00    1.02    0.00    0.00    0.00   92.89
00:56:04     all    6.52    0.00    0.75    0.00    0.00    0.75    0.00    0.00    0.00   91.98
00:56:05     all    6.11    0.00    0.51    0.00    0.00    0.51    0.00    0.00    0.00   92.88
00:56:06     all    5.81    0.00    0.76    0.00    0.00    0.25    0.00    0.00    0.00   93.18
00:56:07     all    6.53    0.00    0.75    0.00    0.00    0.75    0.00    0.00    0.00   91.96
00:56:08     all    6.28    0.00    1.01    0.00    0.00    0.75    0.00    0.00    0.00   91.96
00:56:09     all    6.60    0.00    0.25    0.00    0.00    0.25    0.00    0.00    0.00   92.89
00:56:10     all    7.02    0.00    0.75    0.00    0.00    0.50    0.00    0.00    0.00   91.73
00:56:11     all    5.82    0.00    1.01    0.00    0.00    1.01    0.00    0.00    0.00   92.15
00:56:12     all    6.08    0.00    1.01    0.00    0.00    0.25    0.00    0.00    0.00   92.66
00:56:13     all    6.06    0.00    1.01    0.00    0.00    0.51    0.00    0.00    0.00   92.42
00:56:14     all    6.84    0.00    0.51    0.00    0.00    0.25    0.00    0.00    0.00   92.41
00:56:15     all    6.98    0.00    0.75    0.00    0.00    0.75    0.00    0.00    0.00   91.52
00:56:16     all    5.87    0.00    0.77    0.00    0.00    0.51    0.00    0.00    0.00   92.86
00:56:17     all    7.04    0.00    0.50    0.00    0.00    0.50    0.00    0.00    0.00   91.96
00:56:18     all    6.53    0.00    1.26    0.00    0.00    0.25    0.00    0.00    0.00   91.96
00:56:19     all    6.82    0.00    0.00    0.00    0.00    0.51    0.00    0.00    0.00   92.68
00:56:20     all    6.08    0.00    0.76    0.00    0.00    0.51    0.25    0.00    0.00   92.41
00:56:21     all    6.55    0.00    1.01    0.00    0.00    0.50    0.00    0.00    0.00   91.94
00:56:22     all    6.53    0.00    0.75    0.00    0.00    0.50    0.00    0.00    0.00   92.21
00:56:23     all    6.55    0.00    0.50    0.00    0.00    0.76    0.00    0.00    0.00   92.19
00:56:24     all    5.60    0.00    0.76    0.00    0.00    0.51    0.00    0.00    0.00   93.13
00:56:25     all    6.55    0.00    1.01    0.00    0.00    0.00    0.00    0.00    0.00   92.44
00:56:26     all    6.09    0.00    0.76    0.00    0.00    0.76    0.00    0.00    0.00   92.39
00:56:27     all    6.52    0.00    0.75    0.00    0.00    0.50    0.00    0.00    0.00   92.23
00:56:28     all    6.08    0.00    0.76    0.00    0.00    0.25    0.25    0.00    0.00   92.66
00:56:29     all    6.30    0.00    0.76    0.00    0.00    0.50    0.00    0.00    0.00   92.44
00:56:30     all    6.53    0.00    0.75    0.00    0.00    1.01    0.00    0.00    0.00   91.71
00:56:31     all    5.82    0.00    1.01    0.00    0.00    0.00    0.00    0.00    0.00   93.16
00:56:32     all    6.28    0.00    0.50    0.00    0.00    0.75    0.00    0.00    0.00   92.46
00:56:33     all    7.04    0.00    0.50    0.00    0.00    0.50    0.00    0.00    0.00   91.96
00:56:34     all    5.57    0.00    0.76    0.00    0.00    0.76    0.00    0.00    0.00   92.91
00:56:35     all    6.55    0.00    0.76    0.00    0.00    0.50    0.00    0.00    0.00   92.19
00:56:36     all    6.08    0.00    0.51    0.00    0.00    0.76    0.00    0.00    0.00   92.66
00:56:37     all    7.00    0.00    0.75    0.00    0.00    0.50    0.00    0.00    0.00   91.75
00:56:38     all    6.80    0.00    0.76    0.25    0.00    0.25    0.00    0.00    0.00   91.94
00:56:39     all    6.28    0.00    0.75    0.00    0.00    0.75    0.00    0.00    0.00   92.21
00:56:40     all    6.33    0.00    0.51    0.00    0.00    0.51    0.00    0.00    0.00   92.66
00:56:41     all    6.35    0.00    0.76    0.00    0.00    0.25    0.00    0.00    0.00   92.64
00:56:42     all    6.50    0.00    1.00    0.00    0.00    0.75    0.00    0.00    0.00   91.75
00:56:43     all    6.85    0.00    0.25    0.00    0.00    0.25    0.00    0.00    0.00   92.64
00:56:44     all    6.30    0.00    1.01    0.00    0.00    0.76    0.25    0.00    0.00   91.69
00:56:45     all    6.30    0.00    0.50    0.00    0.00    0.76    0.00    0.00    0.00   92.44
00:56:46     all    6.55    0.00    0.76    0.00    0.00    0.50    0.00    0.00    0.00   92.19
00:56:47     all    6.72    0.00    1.00    0.00    0.00    0.75    0.25    0.00    0.00   91.29
00:56:48     all    5.88    0.00    0.51    0.00    0.00    0.26    0.00    0.00    0.00   93.35
00:56:49     all    6.09    0.00    1.02    0.00    0.00    0.25    0.00    0.00    0.00   92.64
00:56:50     all    6.25    0.00    1.00    0.00    0.00    1.00    0.00    0.00    0.00   91.75
00:56:51     all    6.35    0.00    0.25    0.00    0.00    0.25    0.00    0.00    0.00   93.15
00:56:52     all    6.30    0.00    0.76    0.00    0.00    0.76    0.00    0.00    0.00   92.19
00:56:53     all    7.00    0.00    1.00    0.00    0.00    0.50    0.00    0.00    0.00   91.50
00:56:54     all    6.33    0.00    0.51    0.00    0.00    0.51    0.00    0.00    0.00   92.66
00:56:55     all    7.04    0.00    0.75    0.00    0.00    0.25    0.00    0.00    0.00   91.96
00:56:56     all    6.80    0.00    0.50    0.00    0.00    0.76    0.00    0.00    0.00   91.94
00:56:57     all    6.55    0.00    1.01    0.00    0.00    0.25    0.00    0.00    0.00   92.19
00:56:58     all    6.36    0.00    0.76    0.00    0.00    0.51    0.00    0.00    0.00   92.37
00:56:59     all    7.02    0.00    0.75    0.00    0.00    0.75    0.00    0.00    0.00   91.48
00:57:00     all    6.30    0.00    0.50    0.00    0.00    0.50    0.00    0.00    0.00   92.70
00:57:01     all    6.31    0.00    0.76    0.00    0.00    0.76    0.00    0.00    0.00   92.17
00:57:02     all    7.04    0.00    0.75    0.00    0.00    0.25    0.00    0.00    0.00   91.96
00:57:03     all    6.55    0.00    0.50    0.00    0.00    1.01    0.00    0.00    0.00   91.94
00:57:04     all    5.60    0.00    0.51    0.00    0.00    0.25    0.00    0.00    0.00   93.64
00:57:05     all    6.55    0.00    0.76    0.00    0.00    0.50    0.00    0.00    0.00   92.19
00:57:06     all    6.53    0.00    1.01    0.00    0.00    0.50    0.00    0.00    0.00   91.96
00:57:07     all    6.05    0.00    0.50    0.00    0.00    0.76    0.25    0.00    0.00   92.44
00:57:08     all    5.82    0.00    1.01    0.00    0.00    0.51    0.00    0.00    0.00   92.66
00:57:09     all    6.28    0.00    1.01    0.00    0.00    0.50    0.00    0.00    0.00   92.21
00:57:10     all    6.55    0.00    0.50    0.00    0.00    0.76    0.00    0.00    0.00   92.19
00:57:11     all    6.57    0.00    0.76    0.00    0.00    0.51    0.00    0.00    0.00   92.17
00:57:12     all    6.27    0.00    0.75    0.00    0.00    0.50    0.00    0.00    0.00   92.48
00:57:13     all    6.09    0.00    0.51    0.00    0.00    0.51    0.00    0.00    0.00   92.89
00:57:14     all    6.55    0.00    0.76    0.00    0.00    0.50    0.00    0.00    0.00   92.19
00:57:15     all    6.28    0.00    0.75    0.00    0.00    0.75    0.00    0.00    0.00   92.21
00:57:16     all    6.11    0.00    0.51    0.00    0.00    0.00    0.25    0.00    0.00   93.13
00:57:17     all    6.30    0.00    1.01    0.00    0.00    0.76    0.00    0.00    0.00   91.94
00:57:18     all    6.53    0.00    0.75    0.00    0.00    0.50    0.00    0.00    0.00   92.21
00:57:19     all    5.82    0.00    1.01    0.00    0.00    0.76    0.00    0.00    0.00   92.41
00:57:20     all    6.28    0.00    0.50    0.00    0.00    0.75    0.00    0.00    0.00   92.46
00:57:21     all    6.35    0.00    0.51    0.00    0.00    0.25    0.00    0.00    0.00   92.89
00:57:22     all    6.31    0.00    0.76    0.00    0.00    0.25    0.00    0.00    0.00   92.68
00:57:23     all    6.52    0.00    1.00    0.00    0.00    0.75    0.00    0.00    0.00   91.73
00:57:24     all    7.04    0.00    0.50    0.00    0.00    0.25    0.00    0.00    0.00   92.21
00:57:25     all    6.08    0.00    0.51    0.00    0.00    0.51    0.00    0.00    0.00   92.91
00:57:26     all    6.75    0.00    0.75    0.00    0.00    0.75    0.25    0.00    0.00   91.50
00:57:27     all    6.06    0.00    0.76    0.00    0.00    0.76    0.00    0.00    0.00   92.42
00:57:28     all    6.78    0.00    1.01    0.00    0.00    0.50    0.00    0.00    0.00   91.71
00:57:29     all    6.35    0.00    0.25    0.00    0.00    0.51    0.00    0.00    0.00   92.89
00:57:30     all    6.53    0.00    0.75    0.25    0.00    0.50    0.00    0.00    0.00   91.96
00:57:31     all    6.53    0.00    0.75    0.00    0.00    0.50    0.25    0.00    0.00   91.96
00:57:32     all    6.55    0.00    0.76    0.00    0.00    0.50    0.00    0.00    0.00   92.19
00:57:33     all    6.09    0.00    0.76    0.00    0.00    0.25    0.00    0.00    0.00   92.89
00:57:34     all    7.27    0.00    0.50    0.00    0.00    0.75    0.00    0.00    0.00   91.48
00:57:35     all    6.05    0.00    1.01    0.00    0.00    0.50    0.00    0.00    0.00   92.44
00:57:36     all    6.55    0.00    0.50    0.00    0.00    0.50    0.00    0.00    0.00   92.44
00:57:37     all    6.28    0.00    0.75    0.00    0.00    1.01    0.00    0.00    0.00   91.96
00:57:38     all    6.08    0.00    0.76    0.00    0.00    0.25    0.00    0.00    0.00   92.91
00:57:39     all    7.05    0.00    0.50    0.00    0.00    0.50    0.00    0.00    0.00   91.94
00:57:40     all    6.30    0.00    0.50    0.00    0.00    0.50    0.00    0.00    0.00   92.70
00:57:41     all    6.31    0.00    0.51    0.00    0.00    0.51    0.00    0.00    0.00   92.68
00:57:42     all    5.60    0.00    0.51    0.00    0.00    0.76    0.00    0.00    0.00   93.13
00:57:43     all    6.06    0.00    1.01    0.00    0.00    0.25    0.00    0.00    0.00   92.68
00:57:44     all    6.30    0.00    0.76    0.00    0.00    0.76    0.00    0.00    0.00   92.19
00:57:45     all    6.57    0.00    0.76    0.00    0.00    0.25    0.00    0.00    0.00   92.42
00:57:46     all    6.53    0.00    0.25    0.00    0.00    0.75    0.00    0.00    0.00   92.46
00:57:47     all    6.53    0.00    1.01    0.00    0.00    0.50    0.00    0.00    0.00   91.96
00:57:48     all    6.30    0.00    0.76    0.00    0.00    0.50    0.00    0.00    0.00   92.44
00:57:49     all    6.53    0.00    0.50    0.00    0.00    0.75    0.00    0.00    0.00   92.21
00:57:50     all    6.31    0.00    0.51    0.00    0.00    0.76    0.00    0.00    0.00   92.42
00:57:51     all    6.55    0.00    0.76    0.00    0.00    0.76    0.00    0.00    0.00   91.94
00:57:52     all    6.30    0.00    0.76    0.00    0.00    0.50    0.00    0.00    0.00   92.44
00:57:53     all    6.60    0.00    0.25    0.00    0.00    0.51    0.00    0.00    0.00   92.64
00:57:54     all    6.72    0.00    1.00    0.00    0.00    0.50    0.00    0.00    0.00   91.79
00:57:55     all    5.61    0.00    0.77    0.00    0.00    0.77    0.00    0.00    0.00   92.86
00:57:56     all    7.05    0.00    0.50    0.00    0.00    0.25    0.00    0.00    0.00   92.19
00:57:57     all    5.82    0.00    0.76    0.00    0.00    0.76    0.25    0.00    0.00   92.41
00:57:58     all    6.72    0.00    1.00    0.00    0.00    1.00    0.00    0.00    0.00   91.29
00:57:59     all    6.62    0.00    0.25    0.00    0.00    0.25    0.00    0.00    0.00   92.88
00:58:00     all    6.28    0.00    1.01    0.00    0.00    0.25    0.25    0.00    0.00   92.21
00:58:01     all    6.78    0.00    0.25    0.00    0.00    1.01    0.00    0.00    0.00   91.96
00:58:02     all    6.30    0.00    1.26    0.00    0.00    0.50    0.00    0.00    0.00   91.94
00:58:03     all    6.77    0.00    0.75    0.00    0.00    0.75    0.00    0.00    0.00   91.73
00:58:04     all    6.08    0.00    0.76    0.00    0.00    0.76    0.00    0.00    0.00   92.41
00:58:05     all    5.82    0.00    1.01    0.00    0.00    0.51    0.00    0.00    0.00   92.66
00:58:06     all    7.00    0.00    0.50    0.00    0.00    0.75    0.00    0.00    0.00   91.75
00:58:07     all    5.81    0.00    1.01    0.25    0.00    0.25    0.00    0.00    0.00   92.68
00:58:08     all    6.53    0.00    0.75    0.00    0.00    0.75    0.00    0.00    0.00   91.96
00:58:09     all    6.31    0.00    0.76    0.00    0.00    0.51    0.00    0.00    0.00   92.42
00:58:10     all    6.08    0.00    0.76    0.00    0.00    0.00    0.00    0.00    0.00   93.16
00:58:11     all    6.05    0.00    0.76    0.00    0.00    0.76    0.25    0.00    0.00   92.19
00:58:12     all    6.06    0.00    1.01    0.00    0.00    0.51    0.00    0.00    0.00   92.42
00:58:13     all    6.27    0.00    1.00    0.00    0.00    0.75    0.00    0.00    0.00   91.98
00:58:14     all    6.36    0.00    0.76    0.00    0.00    0.25    0.00    0.00    0.00   92.62
00:58:15     all    6.03    0.00    0.75    0.00    0.00    0.75    0.00    0.00    0.00   92.46
00:58:16     all    5.81    0.00    1.01    0.00    0.00    0.51    0.00    0.00    0.00   92.68
00:58:17     all    6.35    0.00    0.51    0.00    0.00    0.25    0.00    0.00    0.00   92.89
00:58:18     all    5.84    0.00    0.51    0.00    0.00    0.51    0.00    0.00    0.00   93.15
00:58:19     all    7.02    0.00    0.50    0.00    0.00    0.50    0.00    0.00    0.00   91.98
00:58:20     all    6.77    0.00    0.75    0.00    0.00    0.50    0.25    0.00    0.00   91.73
00:58:21     all    6.05    0.00    1.01    0.00    0.00    0.76    0.00    0.00    0.00   92.19
00:58:22     all    6.09    0.00    0.51    0.00    0.00    0.25    0.00    0.00    0.00   93.15
00:58:23     all    6.06    0.00    1.01    0.00    0.00    0.76    0.00    0.00    0.00   92.17
00:58:24     all    6.31    0.00    0.51    0.00    0.00    0.51    0.00    0.00    0.00   92.68
00:58:25     all    5.79    0.00    1.01    0.00    0.00    0.76    0.00    0.00    0.00   92.44
00:58:26     all    6.31    0.00    1.01    0.00    0.00    0.76    0.00    0.00    0.00   91.92
00:58:27     all    6.53    0.00    1.01    0.00    0.00    0.25    0.00    0.00    0.00   92.21
00:58:28     all    6.27    0.00    1.25    0.00    0.00    0.75    0.00    0.00    0.00   91.73
00:58:29     all    6.36    0.00    0.51    0.00    0.00    0.51    0.00    0.00    0.00   92.62
00:58:30     all    6.06    0.00    1.01    0.00    0.00    0.76    0.00    0.00    0.00   92.17
00:58:31     all    7.27    0.00    0.75    0.00    0.00    0.25    0.00    0.00    0.00   91.73
00:58:32     all    7.05    0.00    0.76    0.00    0.00    0.25    0.00    0.00    0.00   91.94
00:58:33     all    6.30    0.00    0.76    0.00    0.00    0.50    0.00    0.00    0.00   92.44
00:58:34     all    6.30    0.00    0.76    0.00    0.00    0.76    0.00    0.00    0.00   92.19
00:58:35     all    5.81    0.00    0.76    0.00    0.00    0.76    0.00    0.00    0.00   92.68
00:58:36     all    5.63    0.00    0.77    0.00    0.00    0.00    0.00    0.00    0.00   93.61
00:58:37     all    6.27    0.00    1.00    0.00    0.00    0.75    0.00    0.00    0.00   91.98
00:58:38     all    5.81    0.00    0.51    0.00    0.00    0.76    0.00    0.00    0.00   92.93
00:58:39     all    6.31    0.00    1.01    0.00    0.00    0.51    0.00    0.00    0.00   92.17
00:58:40     all    6.53    0.00    0.50    0.00    0.00    0.50    0.00    0.00    0.00   92.46
00:58:41     all    6.57    0.00    1.01    0.00    0.00    0.25    0.00    0.00    0.00   92.17
00:58:42     all    6.02    0.00    0.50    0.00    0.00    0.75    0.25    0.00    0.00   92.48
00:58:43     all    6.77    0.00    0.75    0.00    0.00    0.50    0.00    0.00    0.00   91.98
00:58:44     all    5.81    0.00    1.01    0.00    0.00    0.25    0.25    0.00    0.00   92.68
00:58:45     all    6.30    0.00    0.50    0.00    0.00    0.76    0.00    0.00    0.00   92.44
00:58:46     all    6.30    0.00    1.01    0.00    0.00    0.50    0.00    0.00    0.00   92.19
00:58:47     all    5.84    0.00    0.76    0.00    0.00    0.51    0.00    0.00    0.00   92.89
00:58:48     all    5.84    0.00    0.25    0.00    0.00    0.25    0.00    0.00    0.00   93.65
00:58:49     all    4.77    0.00    0.75    0.00    0.00    0.25    0.00    0.00    0.00   94.22
00:58:50     all    2.53    0.00    0.25    0.00    0.00    0.25    0.00    0.00    0.00   96.96
00:58:51     all    5.28    0.00    0.50    0.25    0.00    0.50    0.00    0.00    0.00   93.47
00:58:52     all    4.55    0.00    1.26    0.00    0.00    0.25    0.00    0.00    0.00   93.94
00:58:53     all    6.05    0.00    0.50    0.00    0.00    0.76    0.00    0.00    0.00   92.70
00:58:54     all    5.09    0.00    1.02    0.00    0.00    0.00    0.00    0.00    0.00   93.89
00:58:55     all    5.78    0.00    0.75    0.00    0.00    1.01    0.00    0.00    0.00   92.46
00:58:56     all    6.33    0.00    0.76    0.00    0.00    0.00    0.00    0.00    0.00   92.91
00:58:57     all    6.28    0.00    0.50    0.00    0.00    0.75    0.25    0.00    0.00   92.21
00:58:58     all    6.33    0.00    0.51    0.00    0.00    0.51    0.00    0.00    0.00   92.66
00:58:59     all    6.31    0.00    0.76    0.00    0.00    0.51    0.00    0.00    0.00   92.42
00:59:00     all    6.27    0.00    0.50    0.00    0.00    0.25    0.00    0.00    0.00   92.98
00:59:01     all    6.80    0.00    0.76    0.00    0.00    0.50    0.00    0.00    0.00   91.94
00:59:02     all    6.05    0.00    1.01    0.00    0.00    0.76    0.00    0.00    0.00   92.19
00:59:03     all    5.37    0.00    0.51    0.00    0.00    0.00    0.00    0.00    0.00   94.12
00:59:04     all    6.30    0.00    0.76    0.00    0.00    0.50    0.00    0.00    0.00   92.44
00:59:05     all    6.09    0.00    0.25    0.00    0.00    0.76    0.00    0.00    0.00   92.89
00:59:06     all    5.54    0.00    1.01    0.00    0.00    0.00    0.00    0.00    0.00   93.45
00:59:07     all    5.57    0.00    0.76    0.00    0.00    0.76    0.00    0.00    0.00   92.91
00:59:08     all    6.55    0.00    0.50    0.25    0.00    0.25    0.00    0.00    0.00   92.44
00:59:09     all    6.05    0.00    0.76    0.00    0.00    0.50    0.25    0.00    0.00   92.44
00:59:10     all    6.30    0.00    0.76    0.00    0.00    0.50    0.00    0.00    0.00   92.44
00:59:11     all    6.53    0.00    1.01    0.00    0.00    0.25    0.00    0.00    0.00   92.21
00:59:12     all    6.35    0.00    0.51    0.00    0.00    0.00    0.00    0.00    0.00   93.15
00:59:13     all    6.53    0.00    0.50    0.00    0.00    1.01    0.00    0.00    0.00   91.96
00:59:14     all    6.53    0.00    1.01    0.00    0.00    0.25    0.00    0.00    0.00   92.21
00:59:15     all    7.27    0.00    0.50    0.00    0.00    0.50    0.00    0.00    0.00   91.73
00:59:16     all    5.58    0.00    0.76    0.00    0.00    0.51    0.00    0.00    0.00   93.15
00:59:17     all    6.78    0.00    0.50    0.00    0.00    0.50    0.00    0.00    0.00   92.21
00:59:18     all    6.05    0.00    0.76    0.00    0.00    0.76    0.00    0.00    0.00   92.44
00:59:19     all    7.00    0.00    1.00    0.00    0.00    0.50    0.00    0.00    0.00   91.50
00:59:20     all    6.53    0.00    0.75    0.00    0.00    0.50    0.00    0.00    0.00   92.21
00:59:21     all    6.53    0.00    0.50    0.00    0.00    0.75    0.00    0.00    0.00   92.21
00:59:22     all    6.05    0.00    0.76    0.00    0.00    0.50    0.00    0.00    0.00   92.70
00:59:23     all    7.04    0.00    1.01    0.00    0.00    0.25    0.00    0.00    0.00   91.71
00:59:24     all    6.27    0.00    1.00    0.00    0.00    1.00    0.00    0.00    0.00   91.73
00:59:25     all    6.58    0.00    0.51    0.00    0.00    0.25    0.00    0.00    0.00   92.66
00:59:26     all    5.56    0.00    0.76    0.00    0.00    0.76    0.00    0.00    0.00   92.93
00:59:27     all    6.27    0.00    1.25    0.00    0.00    0.75    0.00    0.00    0.00   91.73
00:59:28     all    7.04    0.00    0.75    0.00    0.00    0.25    0.00    0.00    0.00   91.96
00:59:29     all    6.36    0.00    0.51    0.00    0.00    0.00    0.00    0.00    0.00   93.13
00:59:30     all    6.77    0.00    1.25    0.00    0.00    1.00    0.00    0.00    0.00   90.98
00:59:31     all    6.80    0.00    0.50    0.00    0.00    0.76    0.00    0.00    0.00   91.94
00:59:32     all    5.79    0.00    0.25    0.00    0.00    0.50    0.25    0.00    0.00   93.20
00:59:33     all    6.55    0.00    1.01    0.00    0.00    0.25    0.25    0.00    0.00   91.94
00:59:34     all    6.03    0.00    0.75    0.00    0.00    1.01    0.00    0.00    0.00   92.21
00:59:35     all    6.38    0.00    0.51    0.00    0.00    0.00    0.00    0.00    0.00   93.11
00:59:36     all    6.50    0.00    1.00    0.00    0.00    1.00    0.00    0.00    0.00   91.50
00:59:37     all    6.36    0.00    0.25    0.00    0.00    0.25    0.00    0.00    0.00   93.13
00:59:38     all    6.77    0.00    0.75    0.00    0.00    0.50    0.00    0.00    0.00   91.98
00:59:39     all    6.80    0.00    0.76    0.00    0.00    0.25    0.00    0.00    0.00   92.19
00:59:40     all    6.27    0.00    1.00    0.00    0.00    1.00    0.00    0.00    0.00   91.73
00:59:41     all    6.09    0.00    0.51    0.00    0.00    0.51    0.00    0.00    0.00   92.89
00:59:42     all    6.55    0.00    0.76    0.00    0.00    0.50    0.00    0.00    0.00   92.19
00:59:43     all    6.52    0.00    0.50    0.00    0.00    0.75    0.00    0.00    0.00   92.23
00:59:44     all    6.31    0.00    1.01    0.00    0.00    0.25    0.00    0.00    0.00   92.42
00:59:45     all    6.08    0.00    0.51    0.00    0.00    0.76    0.00    0.00    0.00   92.66
00:59:46     all    6.30    0.00    0.76    0.00    0.00    0.50    0.25    0.00    0.00   92.19
00:59:47     all    7.07    0.00    0.51    0.00    0.00    0.51    0.00    0.00    0.00   91.92
00:59:48     all    6.78    0.00    1.01    0.00    0.00    0.50    0.00    0.00    0.00   91.71
00:59:49     all    6.31    0.00    0.51    0.00    0.00    1.01    0.00    0.00    0.00   92.17
00:59:50     all    7.07    0.00    0.76    0.00    0.00    0.25    0.00    0.00    0.00   91.92
00:59:51     all    6.55    0.00    0.76    0.00    0.00    0.50    0.00    0.00    0.00   92.19
00:59:52     all    6.55    0.00    0.50    0.00    0.00    0.76    0.00    0.00    0.00   92.19
00:59:53     all    7.05    0.00    0.76    0.00    0.00    0.25    0.00    0.00    0.00   91.94
00:59:54     all    6.33    0.00    0.76    0.00    0.00    0.51    0.00    0.00    0.00   92.41
00:59:55     all    6.53    0.00    0.75    0.00    0.00    1.01    0.00    0.00    0.00   91.71
00:59:56     all    6.57    0.00    1.01    0.00    0.00    0.00    0.00    0.00    0.00   92.42
00:59:57     all    6.55    0.00    0.76    0.00    0.00    0.76    0.25    0.00    0.00   91.69
00:59:58     all    6.05    0.00    0.76    0.00    0.00    0.76    0.00    0.00    0.00   92.44
00:59:59     all    7.05    0.00    0.76    0.00    0.00    0.25    0.00    0.00    0.00   91.94
01:00:00     all    6.77    0.00    0.75    0.00    0.00    0.75    0.00    0.00    0.00   91.73
01:00:01     all    6.57    0.00    0.76    0.00    0.00    0.51    0.00    0.00    0.00   92.17
01:00:02     all    6.87    0.00    0.51    0.00    0.00    0.25    0.00    0.00    0.00   92.37
01:00:03     all    6.75    0.00    0.75    0.00    0.00    0.75    0.00    0.00    0.00   91.75
01:00:04     all    6.52    0.00    1.00    0.00    0.00    0.50    0.00    0.00    0.00   91.98
01:00:05     all    5.82    0.00    0.76    0.00    0.00    0.76    0.00    0.00    0.00   92.66
01:00:06     all    6.36    0.00    0.76    0.00    0.00    0.00    0.00    0.00    0.00   92.88
01:00:07     all    6.75    0.00    0.50    0.25    0.00    0.75    0.00    0.00    0.00   91.75
01:00:08     all    6.08    0.00    0.76    0.00    0.00    0.00    0.00    0.00    0.00   93.16
01:00:09     all    6.58    0.00    0.51    0.00    0.00    0.76    0.00    0.00    0.00   92.15
01:00:10     all    5.82    0.00    0.76    0.00    0.00    0.51    0.00    0.00    0.00   92.91
01:00:11     all    6.57    0.00    0.76    0.00    0.00    0.51    0.00    0.00    0.00   92.17
01:00:12     all    6.55    0.00    0.50    0.00    0.00    0.76    0.00    0.00    0.00   92.19
01:00:13     all    6.30    0.00    1.01    0.00    0.00    0.50    0.00    0.00    0.00   92.19
01:00:14     all    6.30    0.00    0.50    0.00    0.00    0.76    0.00    0.00    0.00   92.44
01:00:15     all    6.30    0.00    1.26    0.00    0.00    0.25    0.25    0.00    0.00   91.94
01:00:16     all    6.28    0.00    0.50    0.00    0.00    1.01    0.00    0.00    0.00   92.21
01:00:17     all    6.60    0.00    0.51    0.00    0.00    0.25    0.00    0.00    0.00   92.64
01:00:18     all    6.03    0.00    1.01    0.00    0.00    0.75    0.00    0.00    0.00   92.21
01:00:19     all    6.09    0.00    0.76    0.00    0.00    0.51    0.00    0.00    0.00   92.64
01:00:20     all    6.58    0.00    0.51    0.00    0.00    0.51    0.00    0.00    0.00   92.41
01:00:21     all    6.52    0.00    0.75    0.00    0.00    0.75    0.25    0.00    0.00   91.73
01:00:22     all    6.31    0.00    0.76    0.00    0.00    0.51    0.00    0.00    0.00   92.42
01:00:23     all    6.28    0.00    0.75    0.25    0.00    1.01    0.00    0.00    0.00   91.71
01:00:24     all    6.55    0.00    0.50    0.00    0.00    0.76    0.00    0.00    0.00   92.19
01:00:25     all    6.78    0.00    1.01    0.00    0.00    0.25    0.00    0.00    0.00   91.96
01:00:26     all    6.31    0.00    0.76    0.00    0.00    0.51    0.00    0.00    0.00   92.42
01:00:27     all    6.80    0.00    0.76    0.25    0.00    0.50    0.00    0.00    0.00   91.69
01:00:28     all    7.04    0.00    0.50    0.00    0.00    0.75    0.00    0.00    0.00   91.71
01:00:29     all    6.08    0.00    0.51    0.00    0.00    0.76    0.00    0.00    0.00   92.66
01:00:30     all    6.80    0.00    0.76    0.00    0.00    0.50    0.00    0.00    0.00   91.94
01:00:31     all    6.27    0.00    1.25    0.00    0.00    0.75    0.00    0.00    0.00   91.73
01:00:32     all    6.55    0.00    0.76    0.00    0.00    0.50    0.25    0.00    0.00   91.94
01:00:33     all    6.30    0.00    1.01    0.00    0.00    0.76    0.00    0.00    0.00   91.94
01:00:34     all    6.53    0.00    1.01    0.00    0.00    0.50    0.00    0.00    0.00   91.96
01:00:35     all    5.84    0.00    0.51    0.00    0.00    0.51    0.00    0.00    0.00   93.15
01:00:36     all    5.84    0.00    0.51    0.00    0.00    0.51    0.00    0.00    0.00   93.15
01:00:37     all    6.09    0.00    1.02    0.00    0.00    0.25    0.00    0.00    0.00   92.64
01:00:38     all    6.52    0.00    0.75    0.00    0.00    0.75    0.00    0.00    0.00   91.98
01:00:39     all    6.57    0.00    0.51    0.00    0.00    0.76    0.00    0.00    0.00   92.17
01:00:40     all    6.08    0.00    0.76    0.00    0.00    0.51    0.00    0.00    0.00   92.66
01:00:41     all    6.08    0.00    0.76    0.00    0.00    0.76    0.00    0.00    0.00   92.41
01:00:42     all    6.31    0.00    0.76    0.00    0.00    0.25    0.00    0.00    0.00   92.68
01:00:43     all    6.77    0.00    0.75    0.00    0.00    0.75    0.00    0.00    0.00   91.73
01:00:44     all    5.84    0.00    0.51    0.00    0.00    0.25    0.00    0.00    0.00   93.40
01:00:45     all    7.00    0.00    0.75    0.00    0.00    0.50    0.25    0.00    0.00   91.50
01:00:46     all    6.33    0.00    0.51    0.00    0.00    0.76    0.00    0.00    0.00   92.41
01:00:47     all    6.73    0.00    1.00    0.00    0.00    0.50    0.00    0.00    0.00   91.77
01:00:48     all    6.09    0.00    0.51    0.00    0.00    0.51    0.00    0.00    0.00   92.89
01:00:49     all    6.53    0.00    1.01    0.00    0.00    0.75    0.00    0.00    0.00   91.71
01:00:50     all    6.09    0.00    0.51    0.00    0.00    0.51    0.00    0.00    0.00   92.89
01:00:51     all    6.80    0.00    0.50    0.00    0.00    0.50    0.00    0.00    0.00   92.19
01:00:52     all    6.78    0.00    0.75    0.00    0.00    0.50    0.00    0.00    0.00   91.96
01:00:53     all    6.05    0.00    0.76    0.00    0.00    0.76    0.00    0.00    0.00   92.44
01:00:54     all    7.54    0.00    0.75    0.00    0.00    0.25    0.00    0.00    0.00   91.46
01:00:55     all    5.85    0.00    0.76    0.00    0.00    0.51    0.00    0.00    0.00   92.88
01:00:56     all    6.53    0.00    0.50    0.00    0.00    1.01    0.00    0.00    0.00   91.96
01:00:57     all    6.55    0.00    0.76    0.00    0.00    0.50    0.00    0.00    0.00   92.19
01:00:58     all    6.33    0.00    1.01    0.00    0.00    0.25    0.00    0.00    0.00   92.41
01:00:59     all    7.02    0.00    0.75    0.00    0.00    1.00    0.00    0.00    0.00   91.23
01:01:00     all    6.84    0.00    0.51    0.00    0.00    0.25    0.00    0.00    0.00   92.41
01:01:01     all    7.23    0.00    1.00    0.00    0.00    0.75    0.00    0.00    0.00   91.02
01:01:02     all    6.82    0.00    0.00    0.00    0.00    0.51    0.25    0.00    0.00   92.42
01:01:03     all    6.53    0.00    1.01    0.00    0.00    0.75    0.00    0.00    0.00   91.71
01:01:04     all    6.78    0.00    1.01    0.00    0.00    0.50    0.00    0.00    0.00   91.71
01:01:05     all    6.35    0.00    0.51    0.00    0.00    0.51    0.00    0.00    0.00   92.64
01:01:06     all    6.52    0.00    0.75    0.00    0.00    0.75    0.25    0.00    0.00   91.73
01:01:07     all    5.82    0.00    0.76    0.25    0.00    0.25    0.00    0.00    0.00   92.91
01:01:08     all    6.53    0.00    1.26    0.00    0.00    0.25    0.00    0.00    0.00   91.96
01:01:09     all    5.79    0.00    0.76    0.00    0.00    1.01    0.00    0.00    0.00   92.44
01:01:10     all    6.31    0.00    0.76    0.00    0.00    0.00    0.00    0.00    0.00   92.93
01:01:11     all    6.05    0.00    0.76    0.00    0.00    1.01    0.00    0.00    0.00   92.19
01:01:12     all    6.80    0.00    0.76    0.00    0.00    0.25    0.00    0.00    0.00   92.19
01:01:13     all    6.78    0.00    1.01    0.00    0.00    0.25    0.00    0.00    0.00   91.96
01:01:14     all    6.78    0.00    0.50    0.00    0.00    0.75    0.00    0.00    0.00   91.96
Average:     all    6.18    0.00    0.72    0.01    0.00    0.51    0.02    0.00    0.00   92.56
