Linux 6.8.0-1063-gcp (csb-bench-host-gcp) 	08/05/26 	_x86_64_	(4 CPU)

21:41:39     CPU    %usr   %nice    %sys %iowait    %irq   %soft  %steal  %guest  %gnice   %idle
21:41:40     all    8.06    0.00    1.76    0.00    0.00    1.01    0.00    0.00    0.00   89.17
21:41:41     all    6.08    0.00    0.51    0.00    0.00    0.76    0.00    0.00    0.00   92.66
21:41:42     all    5.82    0.00    1.27    0.00    0.00    0.51    0.00    0.00    0.00   92.41
21:41:43     all    5.57    0.00    1.01    0.00    0.00    0.51    0.00    0.00    0.00   92.91
21:41:44     all    5.12    0.00    0.51    0.00    0.00    0.51    0.00    0.00    0.00   93.86
21:41:45     all    6.02    0.00    0.75    0.25    0.00    0.75    0.00    0.00    0.00   92.23
21:41:46     all    5.29    0.00    1.26    0.00    0.00    0.25    0.25    0.00    0.00   92.95
21:41:47     all    5.06    0.00    1.01    0.00    0.00    0.51    0.00    0.00    0.00   93.42
21:41:48     all    5.58    0.00    0.51    0.00    0.00    0.51    0.00    0.00    0.00   93.40
21:41:49     all    6.05    0.00    0.50    0.00    0.00    0.25    0.00    0.00    0.00   93.20
21:41:50     all    5.54    0.00    1.26    0.00    0.00    0.76    0.00    0.00    0.00   92.44
21:41:51     all    4.86    0.00    0.77    0.00    0.00    0.51    0.00    0.00    0.00   93.86
21:41:52     all    5.79    0.00    1.01    0.00    0.00    0.76    0.00    0.00    0.00   92.44
21:41:53     all    5.57    0.00    0.51    0.00    0.00    0.51    0.25    0.00    0.00   93.16
21:41:54     all    5.34    0.00    0.76    0.00    0.00    0.51    0.00    0.00    0.00   93.38
21:41:55     all    5.79    0.00    1.01    0.00    0.00    0.50    0.00    0.00    0.00   92.70
21:41:56     all    5.57    0.00    1.01    0.00    0.00    0.76    0.00    0.00    0.00   92.66
21:41:57     all    5.82    0.00    0.76    0.00    0.00    0.51    0.00    0.00    0.00   92.91
21:41:58     all    6.02    0.00    1.00    0.25    0.00    0.50    0.00    0.00    0.00   92.23
21:41:59     all    5.57    0.00    0.76    0.00    0.00    0.51    0.00    0.00    0.00   93.16
21:42:00     all    5.60    0.00    1.02    0.00    0.00    0.25    0.00    0.00    0.00   93.13
21:42:01     all    5.30    0.00    0.51    0.00    0.00    1.01    0.00    0.00    0.00   93.18
21:42:02     all    5.81    0.00    1.01    0.00    0.00    0.25    0.25    0.00    0.00   92.68
21:42:03     all    5.30    0.00    0.76    0.00    0.00    1.01    0.00    0.00    0.00   92.93
21:42:04     all    5.34    0.00    1.02    0.00    0.00    0.25    0.00    0.00    0.00   93.38
21:42:05     all    6.30    0.00    0.76    0.00    0.00    0.25    0.00    0.00    0.00   92.70
21:42:06     all    5.79    0.00    0.76    0.00    0.00    1.01    0.00    0.00    0.00   92.44
21:42:07     all    5.61    0.00    0.51    0.00    0.00    0.26    0.00    0.00    0.00   93.62
21:42:08     all    5.30    0.00    0.76    0.00    0.00    0.76    0.00    0.00    0.00   93.18
21:42:09     all    5.30    0.00    1.01    0.00    0.00    0.76    0.00    0.00    0.00   92.93
21:42:10     all    5.81    0.00    0.76    0.00    0.00    0.25    0.00    0.00    0.00   93.18
21:42:11     all    6.55    0.00    0.50    0.00    0.00    0.50    0.00    0.00    0.00   92.44
21:42:12     all    5.29    0.00    1.01    0.00    0.00    0.50    0.00    0.00    0.00   93.20
21:42:13     all    5.79    0.00    1.01    0.00    0.00    0.50    0.00    0.00    0.00   92.70
21:42:14     all    5.56    0.00    0.76    0.00    0.00    0.76    0.00    0.00    0.00   92.93
21:42:15     all    5.56    0.00    0.76    0.00    0.00    0.25    0.00    0.00    0.00   93.43
21:42:16     all    5.36    0.00    0.51    0.00    0.00    0.51    0.00    0.00    0.00   93.62
21:42:17     all    5.57    0.00    1.01    0.00    0.00    0.51    0.00    0.00    0.00   92.91
21:42:18     all    5.79    0.00    0.76    0.00    0.00    0.50    0.25    0.00    0.00   92.70
21:42:19     all    5.79    0.00    0.50    0.00    0.00    1.01    0.00    0.00    0.00   92.70
21:42:20     all    5.57    0.00    0.51    0.00    0.00    0.51    0.00    0.00    0.00   93.42
21:42:21     all    5.78    0.00    1.01    0.25    0.00    0.50    0.00    0.00    0.00   92.46
21:42:22     all    5.33    0.00    0.51    0.00    0.00    0.76    0.00    0.00    0.00   93.40
21:42:23     all    5.78    0.00    1.01    0.00    0.00    0.50    0.00    0.00    0.00   92.71
21:42:24     all    5.10    0.00    1.02    0.00    0.00    0.26    0.00    0.00    0.00   93.62
21:42:25     all    5.82    0.00    0.51    0.00    0.00    1.01    0.00    0.00    0.00   92.66
21:42:26     all    5.85    0.00    0.51    0.00    0.00    0.00    0.00    0.00    0.00   93.64
21:42:27     all    5.32    0.00    1.01    0.00    0.00    0.51    0.00    0.00    0.00   93.16
21:42:28     all    5.54    0.00    1.01    0.00    0.00    0.50    0.00    0.00    0.00   92.95
21:42:29     all    5.32    0.00    0.76    0.00    0.00    0.51    0.00    0.00    0.00   93.42
21:42:30     all    5.53    0.00    0.75    0.00    0.00    0.75    0.25    0.00    0.00   92.71
21:42:31     all    6.03    0.00    0.75    0.00    0.00    0.25    0.00    0.00    0.00   92.96
21:42:32     all    5.08    0.00    1.27    0.00    0.00    0.25    0.00    0.00    0.00   93.40
21:42:33     all    5.08    0.00    0.76    0.00    0.00    0.51    0.00    0.00    0.00   93.65
21:42:34     all    5.30    0.00    1.01    0.00    0.00    0.51    0.00    0.00    0.00   93.18
21:42:35     all    5.37    0.00    0.26    0.00    0.00    0.51    0.00    0.00    0.00   93.86
21:42:36     all    5.51    0.00    0.75    0.25    0.00    1.00    0.00    0.00    0.00   92.48
21:42:37     all    5.81    0.00    1.01    0.00    0.00    0.25    0.00    0.00    0.00   92.93
21:42:38     all    5.29    0.00    1.01    0.00    0.00    0.50    0.25    0.00    0.00   92.95
21:42:39     all    5.05    0.00    0.76    0.00    0.00    0.51    0.00    0.00    0.00   93.69
21:42:40     all    5.54    0.00    1.01    0.00    0.00    0.50    0.00    0.00    0.00   92.95
21:42:41     all    5.29    0.00    0.76    0.00    0.00    1.01    0.00    0.00    0.00   92.95
21:42:42     all    5.81    0.00    1.01    0.00    0.00    0.25    0.00    0.00    0.00   92.93
21:42:43     all    5.57    0.00    0.76    0.00    0.00    0.51    0.00    0.00    0.00   93.16
21:42:44     all    5.30    0.00    1.01    0.00    0.00    0.51    0.00    0.00    0.00   93.18
21:42:45     all    5.54    0.00    0.50    0.00    0.00    0.76    0.00    0.00    0.00   93.20
21:42:46     all    5.08    0.00    1.02    0.00    0.00    0.51    0.00    0.00    0.00   93.40
21:42:47     all    6.05    0.00    0.76    0.00    0.00    0.50    0.00    0.00    0.00   92.70
21:42:48     all    5.56    0.00    1.01    0.00    0.00    0.25    0.00    0.00    0.00   93.18
21:42:49     all    5.30    0.00    0.76    0.00    0.00    1.01    0.00    0.00    0.00   92.93
21:42:50     all    5.54    0.00    1.01    0.00    0.00    0.50    0.00    0.00    0.00   92.95
21:42:51     all    5.78    0.00    0.75    0.00    0.00    0.25    0.25    0.00    0.00   92.96
21:42:52     all    5.05    0.00    0.76    0.00    0.00    1.01    0.00    0.00    0.00   93.18
21:42:53     all    5.56    0.00    0.76    0.00    0.00    0.51    0.00    0.00    0.00   93.18
21:42:54     all    5.30    0.00    1.26    0.00    0.00    0.00    0.00    0.00    0.00   93.43
21:42:55     all    4.80    0.00    0.76    0.00    0.00    1.01    0.00    0.00    0.00   93.43
21:42:56     all    6.06    0.00    0.51    0.00    0.00    0.51    0.00    0.00    0.00   92.93
21:42:57     all    4.82    0.00    0.76    0.00    0.00    0.51    0.00    0.00    0.00   93.91
21:42:58     all    5.54    0.00    1.01    0.00    0.00    0.76    0.00    0.00    0.00   92.70
21:42:59     all    5.57    0.00    0.51    0.00    0.00    0.76    0.00    0.00    0.00   93.16
21:43:00     all    5.75    0.00    1.25    0.00    0.00    0.50    0.25    0.00    0.00   92.25
21:43:01     all    5.58    0.00    0.51    0.00    0.00    0.51    0.00    0.00    0.00   93.40
21:43:02     all    5.79    0.00    1.01    0.50    0.00    0.50    0.00    0.00    0.00   92.19
21:43:03     all    5.06    0.00    0.76    0.00    0.00    0.76    0.00    0.00    0.00   93.42
21:43:04     all    5.30    0.00    1.01    0.00    0.00    0.76    0.00    0.00    0.00   92.93
21:43:05     all    5.30    0.00    0.76    0.00    0.00    0.51    0.00    0.00    0.00   93.43
21:43:06     all    5.53    0.00    0.75    0.00    0.00    0.75    0.00    0.00    0.00   92.96
21:43:07     all    5.10    0.00    0.77    0.00    0.00    0.26    0.00    0.00    0.00   93.88
21:43:08     all    4.80    0.00    0.76    0.00    0.00    1.01    0.00    0.00    0.00   93.43
21:43:09     all    5.53    0.00    0.75    0.00    0.00    0.50    0.00    0.00    0.00   93.22
21:43:10     all    4.05    0.00    0.00    0.00    0.00    0.25    0.00    0.00    0.00   95.70
21:43:11     all    3.51    0.00    0.75    0.00    0.00    0.50    0.00    0.00    0.00   95.24
21:43:12     all    4.56    0.00    0.25    0.00    0.00    0.51    0.00    0.00    0.00   94.68
21:43:13     all    5.51    0.00    1.00    0.00    0.00    0.75    0.00    0.00    0.00   92.73
21:43:14     all    5.33    0.00    0.51    0.00    0.00    0.51    0.00    0.00    0.00   93.65
21:43:15     all    5.29    0.00    1.01    0.00    0.00    0.76    0.00    0.00    0.00   92.95
21:43:16     all    5.53    0.00    1.01    0.00    0.00    0.25    0.00    0.00    0.00   93.22
21:43:17     all    5.30    0.00    0.51    0.25    0.00    0.51    0.00    0.00    0.00   93.43
21:43:18     all    5.30    0.00    0.76    0.00    0.00    0.76    0.00    0.00    0.00   93.18
21:43:19     all    5.53    0.00    1.01    0.00    0.00    0.50    0.00    0.00    0.00   92.96
21:43:20     all    5.53    0.00    1.01    0.00    0.00    0.75    0.00    0.00    0.00   92.71
21:43:21     all    5.34    0.00    0.25    0.00    0.00    0.00    0.51    0.00    0.00   93.89
21:43:22     all    5.54    0.00    0.76    0.00    0.00    0.76    0.00    0.00    0.00   92.95
21:43:23     all    4.80    0.00    1.01    0.00    0.00    0.76    0.00    0.00    0.00   93.43
21:43:24     all    5.54    0.00    1.01    0.00    0.00    0.76    0.00    0.00    0.00   92.70
21:43:25     all    5.30    0.00    1.01    0.00    0.00    0.51    0.00    0.00    0.00   93.18
21:43:26     all    6.06    0.00    0.51    0.00    0.00    0.51    0.00    0.00    0.00   92.93
21:43:27     all    5.32    0.00    0.76    0.00    0.00    0.51    0.00    0.00    0.00   93.42
21:43:28     all    5.54    0.00    0.76    0.00    0.00    0.50    0.00    0.00    0.00   93.20
21:43:29     all    5.08    0.00    1.27    0.00    0.00    0.76    0.00    0.00    0.00   92.89
21:43:30     all    4.80    0.00    1.01    0.00    0.00    0.76    0.00    0.00    0.00   93.43
21:43:31     all    5.30    0.00    0.51    0.00    0.00    1.01    0.00    0.00    0.00   93.18
21:43:32     all    5.34    0.00    0.76    0.25    0.00    0.25    0.00    0.00    0.00   93.38
21:43:33     all    5.30    0.00    0.76    0.00    0.00    0.76    0.00    0.00    0.00   93.18
21:43:34     all    5.57    0.00    1.01    0.00    0.00    0.51    0.00    0.00    0.00   92.91
21:43:35     all    6.30    0.00    1.01    0.00    0.00    0.50    0.00    0.00    0.00   92.19
21:43:36     all    6.05    0.00    1.26    0.00    0.00    0.50    0.00    0.00    0.00   92.19
21:43:37     all    6.31    0.00    0.76    0.00    0.00    1.01    0.00    0.00    0.00   91.92
21:43:38     all    6.35    0.00    1.02    0.00    0.00    0.76    0.00    0.00    0.00   91.88
21:43:39     all    6.84    0.00    1.01    0.00    0.00    0.51    0.00    0.00    0.00   91.65
21:43:40     all    7.54    0.00    1.01    0.00    0.00    0.75    0.00    0.00    0.00   90.70
21:43:41     all    7.34    0.00    0.76    0.00    0.00    0.76    0.00    0.00    0.00   91.14
21:43:42     all    7.83    0.00    1.01    0.00    0.00    0.76    0.00    0.00    0.00   90.40
21:43:43     all    7.36    0.00    1.27    0.00    0.00    0.25    0.00    0.00    0.00   91.12
21:43:44     all    6.60    0.00    0.76    0.00    0.00    1.02    0.25    0.00    0.00   91.37
21:43:45     all    8.06    0.00    1.01    0.00    0.00    0.50    0.00    0.00    0.00   90.43
21:43:46     all    6.84    0.00    1.01    0.00    0.00    1.27    0.00    0.00    0.00   90.89
21:43:47     all    7.12    0.00    1.27    0.00    0.00    0.25    0.00    0.00    0.00   91.35
21:43:48     all    7.32    0.00    1.01    0.00    0.00    0.76    0.00    0.00    0.00   90.91
21:43:49     all    7.36    0.00    1.27    0.00    0.00    0.51    0.25    0.00    0.00   90.61
21:43:50     all    7.83    0.00    0.76    0.00    0.00    1.01    0.00    0.00    0.00   90.40
21:43:51     all    6.84    0.00    1.52    0.00    0.00    0.76    0.00    0.00    0.00   90.89
21:43:52     all    7.61    0.00    0.76    0.00    0.00    0.51    0.00    0.00    0.00   91.12
21:43:53     all    6.57    0.00    1.52    0.00    0.00    1.01    0.00    0.00    0.00   90.91
21:43:54     all    7.83    0.00    1.01    0.00    0.00    0.51    0.00    0.00    0.00   90.66
21:43:55     all    7.36    0.00    0.76    0.00    0.00    0.76    0.00    0.00    0.00   91.12
21:43:56     all    7.56    0.00    1.51    0.00    0.00    0.76    0.00    0.00    0.00   90.18
21:43:57     all    7.09    0.00    1.01    0.00    0.00    0.76    0.00    0.00    0.00   91.14
21:43:58     all    7.38    0.00    0.76    0.00    0.00    0.51    0.00    0.00    0.00   91.35
21:43:59     all    7.32    0.00    1.52    0.00    0.00    0.51    0.00    0.00    0.00   90.66
21:44:00     all    7.36    0.00    0.76    0.00    0.00    1.02    0.00    0.00    0.00   90.86
21:44:01     all    7.09    0.00    1.52    0.00    0.00    0.51    0.00    0.00    0.00   90.89
21:44:02     all    7.56    0.00    1.01    0.00    0.00    1.01    0.00    0.00    0.00   90.43
21:44:03     all    7.59    0.00    1.01    0.00    0.00    0.51    0.00    0.00    0.00   90.89
21:44:04     all    7.77    0.00    1.00    0.00    0.00    0.75    0.25    0.00    0.00   90.23
21:44:05     all    7.40    0.00    0.77    0.00    0.00    0.51    0.00    0.00    0.00   91.33
21:44:06     all    7.32    0.00    1.26    0.00    0.00    0.76    0.00    0.00    0.00   90.66
21:44:07     all    7.34    0.00    1.01    0.00    0.00    0.51    0.00    0.00    0.00   91.14
21:44:08     all    7.36    0.00    1.02    0.00    0.00    0.76    0.00    0.00    0.00   90.86
21:44:09     all    7.77    0.00    1.00    0.00    0.00    0.50    0.25    0.00    0.00   90.48
21:44:10     all    7.40    0.00    0.77    0.00    0.00    0.77    0.00    0.00    0.00   91.07
21:44:11     all    8.00    0.00    1.50    0.00    0.00    1.00    0.00    0.00    0.00   89.50
21:44:12     all    7.11    0.00    1.02    0.00    0.00    0.51    0.00    0.00    0.00   91.37
21:44:13     all    7.11    0.00    0.76    0.25    0.00    0.76    0.00    0.00    0.00   91.12
21:44:14     all    6.85    0.00    1.02    0.00    0.00    0.76    0.00    0.00    0.00   91.37
21:44:15     all    7.32    0.00    0.76    0.00    0.00    0.76    0.00    0.00    0.00   91.16
21:44:16     all    6.87    0.00    1.02    0.00    0.00    1.02    0.00    0.00    0.00   91.09
21:44:17     all    7.81    0.00    1.01    0.00    0.00    0.50    0.00    0.00    0.00   90.68
21:44:18     all    7.34    0.00    1.27    0.00    0.00    0.51    0.00    0.00    0.00   90.89
21:44:19     all    7.05    0.00    1.01    0.00    0.00    1.01    0.00    0.00    0.00   90.93
21:44:20     all    7.38    0.00    0.76    0.00    0.00    0.51    0.00    0.00    0.00   91.35
21:44:21     all    6.82    0.00    1.52    0.00    0.00    0.76    0.00    0.00    0.00   90.91
21:44:22     all    7.12    0.00    0.76    0.00    0.00    0.25    0.00    0.00    0.00   91.86
21:44:23     all    7.04    0.00    1.51    0.00    0.00    0.75    0.00    0.00    0.00   90.70
21:44:24     all    7.09    0.00    1.01    0.00    0.00    0.51    0.00    0.00    0.00   91.39
21:44:25     all    7.14    0.00    1.02    0.00    0.00    0.51    0.00    0.00    0.00   91.33
21:44:26     all    7.52    0.00    1.00    0.00    0.00    0.75    0.00    0.00    0.00   90.73
21:44:27     all    6.63    0.00    1.02    0.00    0.00    0.77    0.00    0.00    0.00   91.58
21:44:28     all    7.11    0.00    1.27    0.25    0.00    0.25    0.00    0.00    0.00   91.12
21:44:29     all    7.07    0.00    0.76    0.00    0.00    1.01    0.00    0.00    0.00   91.16
21:44:30     all    7.81    0.00    1.01    0.00    0.00    0.76    0.00    0.00    0.00   90.43
21:44:31     all    7.32    0.00    1.26    0.00    0.00    0.76    0.25    0.00    0.00   90.40
21:44:32     all    7.56    0.00    1.01    0.00    0.00    0.76    0.00    0.00    0.00   90.68
21:44:33     all    7.12    0.00    0.76    0.00    0.00    0.76    0.00    0.00    0.00   91.35
21:44:34     all    6.63    0.00    1.28    0.00    0.00    0.77    0.00    0.00    0.00   91.33
21:44:35     all    8.31    0.00    0.50    0.00    0.00    0.50    0.00    0.00    0.00   90.68
21:44:36     all    7.07    0.00    1.26    0.00    0.00    1.01    0.00    0.00    0.00   90.66
21:44:37     all    7.40    0.00    0.77    0.00    0.00    0.51    0.00    0.00    0.00   91.33
21:44:38     all    7.77    0.00    1.00    0.00    0.00    1.00    0.00    0.00    0.00   90.23
21:44:39     all    7.11    0.00    1.02    0.00    0.00    0.76    0.00    0.00    0.00   91.12
21:44:40     all    7.83    0.00    1.26    0.00    0.00    0.76    0.00    0.00    0.00   90.15
21:44:41     all    7.29    0.00    1.26    0.00    0.00    1.01    0.25    0.00    0.00   90.20
21:44:42     all    7.56    0.00    1.26    0.00    0.00    1.01    0.00    0.00    0.00   90.18
21:44:43     all    6.92    0.00    1.03    0.00    0.00    0.26    0.00    0.00    0.00   91.79
21:44:44     all    7.56    0.00    1.01    0.00    0.00    1.01    0.00    0.00    0.00   90.43
21:44:45     all    6.85    0.00    1.27    0.00    0.00    0.51    0.00    0.00    0.00   91.37
21:44:46     all    7.85    0.00    1.01    0.00    0.00    0.76    0.00    0.00    0.00   90.38
21:44:47     all    7.12    0.00    1.27    0.00    0.00    0.25    0.00    0.00    0.00   91.35
21:44:48     all    7.56    0.00    1.26    0.00    0.00    1.01    0.00    0.00    0.00   90.18
21:44:49     all    7.85    0.00    1.01    0.00    0.00    0.25    0.00    0.00    0.00   90.89
21:44:50     all    7.09    0.00    1.01    0.00    0.00    0.76    0.25    0.00    0.00   90.89
21:44:51     all    7.07    0.00    1.01    0.00    0.00    1.01    0.00    0.00    0.00   90.91
21:44:52     all    7.38    0.00    1.27    0.00    0.00    0.25    0.00    0.00    0.00   91.09
21:44:53     all    7.05    0.00    1.01    0.00    0.00    1.01    0.00    0.00    0.00   90.93
21:44:54     all    7.56    0.00    1.51    0.00    0.00    0.50    0.00    0.00    0.00   90.43
21:44:55     all    7.34    0.00    0.76    0.00    0.00    1.01    0.00    0.00    0.00   90.89
21:44:56     all    7.40    0.00    1.02    0.00    0.00    0.51    0.00    0.00    0.00   91.07
21:44:57     all    7.32    0.00    1.26    0.00    0.00    0.76    0.00    0.00    0.00   90.66
21:44:58     all    7.30    0.00    1.26    0.00    0.00    1.01    0.00    0.00    0.00   90.43
21:44:59     all    7.59    0.00    1.01    0.00    0.00    0.51    0.00    0.00    0.00   90.89
21:45:00     all    7.12    0.00    1.02    0.00    0.00    0.51    0.00    0.00    0.00   91.35
21:45:01     all    7.05    0.00    1.26    0.00    0.00    1.01    0.25    0.00    0.00   90.43
21:45:02     all    7.83    0.00    1.26    0.51    0.00    0.76    0.00    0.00    0.00   89.65
21:45:03     all    7.09    0.00    1.01    0.00    0.00    0.51    0.00    0.00    0.00   91.39
21:45:04     all    7.07    0.00    1.26    0.00    0.00    0.51    0.00    0.00    0.00   91.16
21:45:05     all    7.12    0.00    1.02    0.25    0.00    0.51    0.00    0.00    0.00   91.09
21:45:06     all    7.07    0.00    1.26    0.00    0.00    0.76    0.00    0.00    0.00   90.91
21:45:07     all    7.29    0.00    0.75    0.00    0.00    0.75    0.00    0.00    0.00   91.21
21:45:08     all    7.14    0.00    0.77    0.00    0.00    0.51    0.00    0.00    0.00   91.58
21:45:09     all    7.58    0.00    0.76    0.00    0.00    1.01    0.00    0.00    0.00   90.66
21:45:10     all    7.12    0.00    1.02    0.00    0.00    0.25    0.00    0.00    0.00   91.60
21:45:11     all    7.34    0.00    1.01    0.00    0.00    0.76    0.00    0.00    0.00   90.89
21:45:12     all    7.30    0.00    1.26    0.00    0.00    0.76    0.00    0.00    0.00   90.68
21:45:13     all    8.06    0.00    0.76    0.00    0.00    1.01    0.00    0.00    0.00   90.18
21:45:14     all    7.34    0.00    1.01    0.00    0.00    0.76    0.00    0.00    0.00   90.89
21:45:15     all    6.85    0.00    1.27    0.00    0.00    0.25    0.00    0.00    0.00   91.62
21:45:16     all    6.82    0.00    1.01    0.00    0.00    1.26    0.00    0.00    0.00   90.91
21:45:17     all    7.34    0.00    1.01    0.00    0.00    0.76    0.00    0.00    0.00   90.89
21:45:18     all    7.85    0.00    1.01    0.00    0.00    0.25    0.00    0.00    0.00   90.89
21:45:19     all    7.07    0.00    1.01    0.00    0.00    1.01    0.00    0.00    0.00   90.91
21:45:20     all    7.36    0.00    1.02    0.00    0.00    0.51    0.00    0.00    0.00   91.12
21:45:21     all    7.36    0.00    1.02    0.00    0.00    0.25    0.00    0.00    0.00   91.37
21:45:22     all    7.34    0.00    0.76    0.00    0.00    0.51    0.25    0.00    0.00   91.14
21:45:23     all    7.85    0.00    0.76    0.00    0.00    0.76    0.00    0.00    0.00   90.63
21:45:24     all    7.11    0.00    1.02    0.00    0.00    0.76    0.00    0.00    0.00   91.12
21:45:25     all    7.79    0.00    1.51    0.00    0.00    0.75    0.00    0.00    0.00   89.95
21:45:26     all    7.07    0.00    1.01    0.00    0.00    1.01    0.00    0.00    0.00   90.91
21:45:27     all    7.38    0.00    0.76    0.00    0.00    0.25    0.00    0.00    0.00   91.60
21:45:28     all    8.04    0.00    1.01    0.00    0.00    1.01    0.00    0.00    0.00   89.95
21:45:29     all    7.34    0.00    1.01    0.25    0.00    0.76    0.00    0.00    0.00   90.63
21:45:30     all    7.56    0.00    1.01    0.00    0.00    1.01    0.00    0.00    0.00   90.43
21:45:31     all    7.61    0.00    0.76    0.00    0.00    0.76    0.00    0.00    0.00   90.86
21:45:32     all    6.80    0.00    1.01    0.00    0.00    0.76    0.25    0.00    0.00   91.18
21:45:33     all    7.18    0.00    0.77    0.00    0.00    0.26    0.00    0.00    0.00   91.79
21:45:34     all    6.87    0.00    1.27    0.00    0.00    0.51    0.00    0.00    0.00   91.35
21:45:35     all    7.32    0.00    1.26    0.00    0.00    1.01    0.00    0.00    0.00   90.40
21:45:36     all    7.38    0.00    0.51    0.00    0.00    0.76    0.00    0.00    0.00   91.35
21:45:37     all    6.62    0.00    1.27    0.00    0.00    0.51    0.00    0.00    0.00   91.60
21:45:38     all    7.54    0.00    1.26    0.00    0.00    1.01    0.00    0.00    0.00   90.20
21:45:39     all    7.85    0.00    0.51    0.00    0.00    0.51    0.00    0.00    0.00   91.14
21:45:40     all    7.11    0.00    1.02    0.00    0.00    1.02    0.00    0.00    0.00   90.86
21:45:41     all    7.34    0.00    0.76    0.00    0.00    1.01    0.00    0.00    0.00   90.89
21:45:42     all    7.59    0.00    1.01    0.00    0.00    0.51    0.25    0.00    0.00   90.63
21:45:43     all    6.84    0.00    1.01    0.00    0.00    1.01    0.00    0.00    0.00   91.14
21:45:44     all    7.11    0.00    1.02    0.00    0.00    0.76    0.00    0.00    0.00   91.12
21:45:45     all    6.87    0.00    1.53    0.00    0.00    0.51    0.00    0.00    0.00   91.09
21:45:46     all    8.29    0.00    0.75    0.00    0.00    0.75    0.00    0.00    0.00   90.20
21:45:47     all    7.09    0.00    1.01    0.00    0.00    0.76    0.00    0.00    0.00   91.14
21:45:48     all    7.54    0.00    1.26    0.00    0.00    0.50    0.00    0.00    0.00   90.70
21:45:49     all    7.12    0.00    1.02    0.00    0.00    0.51    0.00    0.00    0.00   91.35
21:45:50     all    7.11    0.00    0.76    0.00    0.00    1.02    0.00    0.00    0.00   91.12
21:45:51     all    7.58    0.00    1.01    0.00    0.00    0.51    0.25    0.00    0.00   90.66
21:45:52     all    7.09    0.00    1.27    0.00    0.00    0.76    0.00    0.00    0.00   90.89
21:45:53     all    7.59    0.00    1.01    0.00    0.00    0.76    0.00    0.00    0.00   90.63
21:45:54     all    7.12    0.00    1.02    0.00    0.00    0.76    0.00    0.00    0.00   91.09
21:45:55     all    6.87    0.00    1.02    0.00    0.00    0.51    0.00    0.00    0.00   91.60
21:45:56     all    7.56    0.00    1.26    0.00    0.00    0.50    0.00    0.00    0.00   90.68
21:45:57     all    7.40    0.00    0.77    0.26    0.00    0.26    0.00    0.00    0.00   91.33
21:45:58     all    7.81    0.00    1.01    0.00    0.00    1.01    0.00    0.00    0.00   90.18
21:45:59     all    7.58    0.00    0.76    0.00    0.00    0.51    0.00    0.00    0.00   91.16
21:46:00     all    7.30    0.00    1.26    0.00    0.00    1.01    0.00    0.00    0.00   90.43
21:46:01     all    6.62    0.00    0.76    0.00    0.00    0.76    0.00    0.00    0.00   91.86
21:46:02     all    6.36    0.00    1.27    0.00    0.00    0.51    0.00    0.00    0.00   91.86
21:46:03     all    7.30    0.00    1.01    0.00    0.00    1.01    0.00    0.00    0.00   90.68
21:46:04     all    7.61    0.00    1.02    0.00    0.00    0.25    0.00    0.00    0.00   91.12
21:46:05     all    6.60    0.00    1.02    0.00    0.00    1.02    0.00    0.00    0.00   91.37
21:46:06     all    6.57    0.00    1.26    0.00    0.00    0.51    0.00    0.00    0.00   91.67
21:46:07     all    7.34    0.00    1.27    0.00    0.00    0.25    0.00    0.00    0.00   91.14
21:46:08     all    7.12    0.00    0.76    0.00    0.00    0.76    0.00    0.00    0.00   91.35
21:46:09     all    7.83    0.00    1.01    0.00    0.00    0.51    0.00    0.00    0.00   90.66
21:46:10     all    6.30    0.00    0.76    0.00    0.00    0.76    0.25    0.00    0.00   91.94
21:46:11     all    3.03    0.00    0.51    0.00    0.00    0.25    0.00    0.00    0.00   96.21
21:46:12     all    6.55    0.00    1.01    0.00    0.00    0.76    0.00    0.00    0.00   91.69
21:46:13     all    6.60    0.00    0.76    0.00    0.00    0.25    0.00    0.00    0.00   92.39
21:46:14     all    7.58    0.00    0.76    0.00    0.00    0.51    0.00    0.00    0.00   91.16
21:46:15     all    7.34    0.00    0.76    0.00    0.00    1.01    0.00    0.00    0.00   90.89
21:46:16     all    8.06    0.00    1.26    0.00    0.00    0.50    0.00    0.00    0.00   90.18
21:46:17     all    7.81    0.00    1.01    0.00    0.00    1.01    0.00    0.00    0.00   90.18
21:46:18     all    7.36    0.00    1.02    0.00    0.00    0.51    0.00    0.00    0.00   91.12
21:46:19     all    7.36    0.00    0.76    0.00    0.00    0.76    0.00    0.00    0.00   91.12
21:46:20     all    7.58    0.00    1.01    0.00    0.00    0.76    0.00    0.00    0.00   90.66
21:46:21     all    7.05    0.00    1.26    0.00    0.00    1.01    0.00    0.00    0.00   90.68
21:46:22     all    6.62    0.00    1.02    0.00    0.00    0.51    0.00    0.00    0.00   91.86
21:46:23     all    7.05    0.00    1.01    0.00    0.00    0.50    0.25    0.00    0.00   91.18
21:46:24     all    7.32    0.00    1.01    0.00    0.00    0.76    0.00    0.00    0.00   90.91
21:46:25     all    7.59    0.00    1.01    0.00    0.00    0.76    0.00    0.00    0.00   90.63
21:46:26     all    7.87    0.00    0.76    0.00    0.00    0.51    0.00    0.00    0.00   90.86
21:46:27     all    7.56    0.00    1.01    0.00    0.00    1.01    0.00    0.00    0.00   90.43
21:46:28     all    6.87    0.00    0.76    0.00    0.00    0.76    0.25    0.00    0.00   91.35
21:46:29     all    7.34    0.00    1.27    0.00    0.00    1.01    0.00    0.00    0.00   90.38
21:46:30     all    7.61    0.00    1.02    0.00    0.00    0.76    0.00    0.00    0.00   90.61
21:46:31     all    7.58    0.00    1.01    0.00    0.00    0.51    0.00    0.00    0.00   90.91
21:46:32     all    6.84    0.00    1.77    0.00    0.00    0.76    0.00    0.00    0.00   90.63
21:46:33     all    7.36    0.00    0.76    0.00    0.00    0.76    0.00    0.00    0.00   91.12
21:46:34     all    7.14    0.00    1.28    0.00    0.00    0.26    0.00    0.00    0.00   91.33
21:46:35     all    7.30    0.00    1.01    0.00    0.00    1.26    0.00    0.00    0.00   90.43
21:46:36     all    7.61    0.00    1.02    0.00    0.00    0.51    0.00    0.00    0.00   90.86
21:46:37     all    7.54    0.00    1.51    0.00    0.00    0.75    0.00    0.00    0.00   90.20
21:46:38     all    6.85    0.00    1.02    0.00    0.00    1.02    0.00    0.00    0.00   91.12
21:46:39     all    7.42    0.00    0.51    0.00    0.00    0.51    0.00    0.00    0.00   91.56
21:46:40     all    7.32    0.00    1.01    0.00    0.00    1.26    0.00    0.00    0.00   90.40
21:46:41     all    8.06    0.00    1.01    0.00    0.00    0.76    0.25    0.00    0.00   89.92
21:46:42     all    7.58    0.00    1.26    0.00    0.00    0.76    0.00    0.00    0.00   90.40
21:46:43     all    7.11    0.00    1.02    0.00    0.00    0.76    0.00    0.00    0.00   91.12
21:46:44     all    7.32    0.00    1.26    0.00    0.00    1.01    0.00    0.00    0.00   90.40
21:46:45     all    7.85    0.00    1.01    0.00    0.00    0.51    0.00    0.00    0.00   90.63
21:46:46     all    7.34    0.00    1.01    0.25    0.00    0.76    0.00    0.00    0.00   90.63
21:46:47     all    6.87    0.00    1.02    0.00    0.00    0.76    0.00    0.00    0.00   91.35
21:46:48     all    6.85    0.00    1.27    0.00    0.00    0.51    0.00    0.00    0.00   91.37
21:46:49     all    7.83    0.00    1.01    0.00    0.00    0.76    0.00    0.00    0.00   90.40
21:46:50     all    6.84    0.00    1.27    0.00    0.00    1.01    0.00    0.00    0.00   90.89
21:46:51     all    7.14    0.00    0.77    0.00    0.00    0.77    0.00    0.00    0.00   91.33
21:46:52     all    7.09    0.00    1.27    0.00    0.00    0.51    0.00    0.00    0.00   91.14
21:46:53     all    7.09    0.00    1.01    0.00    0.00    0.76    0.00    0.00    0.00   91.14
21:46:54     all    7.58    0.00    1.26    0.00    0.00    0.51    0.00    0.00    0.00   90.66
21:46:55     all    7.34    0.00    1.01    0.00    0.00    1.01    0.00    0.00    0.00   90.63
21:46:56     all    7.36    0.00    0.76    0.00    0.00    0.76    0.25    0.00    0.00   90.86
21:46:57     all    7.59    0.00    1.52    0.00    0.00    0.25    0.00    0.00    0.00   90.63
21:46:58     all    6.82    0.00    1.26    0.25    0.00    0.76    0.00    0.00    0.00   90.91
21:46:59     all    7.83    0.00    1.01    0.00    0.00    0.51    0.00    0.00    0.00   90.66
21:47:00     all    7.30    0.00    1.26    0.00    0.00    1.01    0.00    0.00    0.00   90.43
21:47:01     all    7.85    0.00    0.76    0.00    0.00    0.51    0.00    0.00    0.00   90.89
21:47:02     all    7.58    0.00    0.76    0.00    0.00    0.76    0.00    0.00    0.00   90.91
21:47:03     all    7.61    0.00    1.27    0.00    0.00    0.76    0.00    0.00    0.00   90.36
21:47:04     all    7.09    0.00    1.01    0.00    0.00    0.76    0.00    0.00    0.00   91.14
21:47:05     all    7.36    0.00    1.02    0.00    0.00    0.51    0.00    0.00    0.00   91.12
21:47:06     all    7.85    0.00    1.01    0.00    0.00    0.76    0.00    0.00    0.00   90.38
21:47:07     all    6.80    0.00    1.26    0.00    0.00    0.76    0.25    0.00    0.00   90.93
21:47:08     all    7.59    0.00    1.27    0.00    0.00    0.25    0.00    0.00    0.00   90.89
21:47:09     all    7.04    0.00    1.26    0.00    0.00    1.01    0.00    0.00    0.00   90.70
21:47:10     all    7.56    0.00    1.01    0.00    0.00    0.76    0.00    0.00    0.00   90.68
21:47:11     all    7.87    0.00    1.02    0.00    0.00    0.51    0.25    0.00    0.00   90.36
21:47:12     all    7.34    0.00    1.27    0.00    0.00    0.25    0.00    0.00    0.00   91.14
21:47:13     all    7.07    0.00    1.01    0.00    0.00    0.76    0.00    0.00    0.00   91.16
21:47:14     all    7.58    0.00    1.01    0.00    0.00    0.76    0.00    0.00    0.00   90.66
21:47:15     all    7.58    0.00    1.26    0.00    0.00    0.51    0.00    0.00    0.00   90.66
21:47:16     all    7.38    0.00    1.02    0.00    0.00    1.02    0.00    0.00    0.00   90.59
21:47:17     all    7.38    0.00    1.02    0.00    0.00    0.25    0.00    0.00    0.00   91.35
21:47:18     all    7.81    0.00    1.01    0.00    0.00    1.01    0.00    0.00    0.00   90.18
21:47:19     all    7.14    0.00    1.02    0.00    0.00    0.51    0.00    0.00    0.00   91.33
21:47:20     all    8.29    0.00    1.01    0.00    0.00    0.50    0.00    0.00    0.00   90.20
21:47:21     all    7.63    0.00    1.02    0.00    0.00    0.51    0.00    0.00    0.00   90.84
21:47:22     all    6.62    0.00    1.27    0.00    0.00    1.02    0.00    0.00    0.00   91.09
21:47:23     all    7.32    0.00    1.26    0.00    0.00    0.51    0.00    0.00    0.00   90.91
21:47:24     all    7.40    0.00    0.51    0.00    0.00    0.51    0.00    0.00    0.00   91.58
21:47:25     all    7.54    0.00    1.01    0.00    0.00    1.01    0.00    0.00    0.00   90.45
21:47:26     all    7.63    0.00    0.76    0.00    0.00    0.76    0.00    0.00    0.00   90.84
21:47:27     all    6.31    0.00    2.02    0.00    0.00    0.76    0.00    0.00    0.00   90.91
21:47:28     all    7.38    0.00    1.02    0.00    0.00    0.25    0.25    0.00    0.00   91.09
21:47:29     all    7.54    0.00    1.01    0.00    0.00    1.01    0.00    0.00    0.00   90.45
21:47:30     all    7.61    0.00    0.76    0.00    0.00    0.51    0.00    0.00    0.00   91.12
21:47:31     all    6.60    0.00    1.02    0.00    0.00    1.02    0.00    0.00    0.00   91.37
21:47:32     all    7.12    0.00    0.76    0.00    0.00    0.51    0.00    0.00    0.00   91.60
21:47:33     all    6.36    0.00    1.27    0.00    0.00    0.51    0.00    0.00    0.00   91.86
21:47:34     all    7.58    0.00    0.76    0.00    0.00    0.76    0.00    0.00    0.00   90.91
21:47:35     all    6.80    0.00    1.01    0.00    0.00    0.76    0.00    0.00    0.00   91.44
21:47:36     all    7.16    0.00    1.02    0.00    0.00    0.51    0.00    0.00    0.00   91.30
21:47:37     all    7.77    0.00    1.00    0.00    0.00    1.00    0.00    0.00    0.00   90.23
21:47:38     all    7.30    0.00    1.01    0.00    0.00    1.01    0.00    0.00    0.00   90.68
21:47:39     all    6.85    0.00    1.27    0.00    0.00    0.51    0.00    0.00    0.00   91.37
21:47:40     all    7.11    0.00    0.76    0.00    0.00    0.51    0.25    0.00    0.00   91.37
21:47:41     all    7.11    0.00    1.27    0.00    0.00    0.76    0.00    0.00    0.00   90.86
21:47:42     all    7.61    0.00    0.76    0.00    0.00    0.76    0.00    0.00    0.00   90.86
21:47:43     all    7.56    0.00    1.26    0.00    0.00    0.50    0.00    0.00    0.00   90.68
21:47:44     all    7.36    0.00    0.76    0.00    0.00    0.76    0.00    0.00    0.00   91.12
21:47:45     all    7.83    0.00    1.26    0.00    0.00    0.76    0.00    0.00    0.00   90.15
21:47:46     all    7.07    0.00    1.01    0.00    0.00    1.01    0.00    0.00    0.00   90.91
21:47:47     all    7.83    0.00    1.01    0.00    0.00    0.51    0.00    0.00    0.00   90.66
21:47:48     all    7.11    0.00    0.76    0.25    0.00    0.76    0.00    0.00    0.00   91.12
21:47:49     all    7.81    0.00    1.01    0.00    0.00    0.76    0.00    0.00    0.00   90.43
21:47:50     all    7.61    0.00    1.02    0.00    0.00    0.25    0.00    0.00    0.00   91.12
21:47:51     all    7.61    0.00    0.51    0.00    0.00    1.27    0.00    0.00    0.00   90.61
21:47:52     all    7.34    0.00    1.52    0.00    0.00    0.51    0.00    0.00    0.00   90.63
21:47:53     all    7.59    0.00    1.01    0.00    0.00    0.51    0.00    0.00    0.00   90.89
21:47:54     all    7.09    0.00    0.76    0.00    0.00    1.01    0.00    0.00    0.00   91.14
21:47:55     all    6.80    0.00    1.01    0.00    0.00    0.76    0.00    0.00    0.00   91.44
21:47:56     all    7.11    0.00    1.27    0.00    0.00    0.51    0.51    0.00    0.00   90.61
21:47:57     all    7.11    0.00    1.02    0.00    0.00    0.76    0.00    0.00    0.00   91.12
21:47:58     all    6.85    0.00    1.02    0.00    0.00    1.02    0.00    0.00    0.00   91.12
21:47:59     all    7.79    0.00    1.26    0.00    0.00    0.75    0.00    0.00    0.00   90.20
21:48:00     all    7.38    0.00    1.53    0.00    0.00    0.25    0.00    0.00    0.00   90.84
21:48:01     all    7.30    0.00    1.01    0.00    0.00    0.76    0.00    0.00    0.00   90.93
21:48:02     all    7.36    0.00    1.27    0.00    0.00    0.51    0.00    0.00    0.00   90.86
21:48:03     all    7.58    0.00    1.01    0.00    0.00    0.76    0.00    0.00    0.00   90.66
21:48:04     all    7.59    0.00    1.01    0.00    0.00    0.76    0.00    0.00    0.00   90.63
21:48:05     all    7.34    0.00    0.51    0.00    0.00    0.51    0.00    0.00    0.00   91.65
21:48:06     all    7.34    0.00    1.27    0.00    0.00    0.76    0.00    0.00    0.00   90.63
21:48:07     all    7.54    0.00    1.26    0.00    0.00    0.75    0.00    0.00    0.00   90.45
21:48:08     all    7.36    0.00    1.02    0.00    0.00    0.51    0.00    0.00    0.00   91.12
21:48:09     all    7.30    0.00    0.76    0.25    0.00    0.76    0.00    0.00    0.00   90.93
21:48:10     all    7.61    0.00    1.02    0.00    0.00    0.51    0.00    0.00    0.00   90.86
21:48:11     all    7.54    0.00    1.51    0.00    0.00    0.50    0.00    0.00    0.00   90.45
21:48:12     all    7.34    0.00    1.01    0.00    0.00    0.76    0.00    0.00    0.00   90.89
21:48:13     all    6.62    0.00    0.76    0.00    0.00    0.76    0.00    0.00    0.00   91.86
21:48:14     all    7.79    0.00    1.26    0.00    0.00    0.75    0.25    0.00    0.00   89.95
21:48:15     all    7.63    0.00    1.02    0.00    0.00    0.51    0.00    0.00    0.00   90.84
21:48:16     all    7.61    0.00    1.02    0.00    0.00    0.76    0.00    0.00    0.00   90.61
21:48:17     all    7.09    0.00    1.01    0.00    0.00    0.76    0.00    0.00    0.00   91.14
21:48:18     all    7.32    0.00    1.26    0.00    0.00    0.76    0.00    0.00    0.00   90.66
21:48:19     all    7.09    0.00    1.01    0.00    0.00    0.76    0.00    0.00    0.00   91.14
21:48:20     all    7.38    0.00    0.51    0.00    0.00    0.76    0.00    0.00    0.00   91.35
21:48:21     all    7.59    0.00    1.27    0.00    0.00    0.25    0.00    0.00    0.00   90.89
21:48:22     all    6.84    0.00    1.52    0.00    0.00    0.76    0.00    0.00    0.00   90.89
21:48:23     all    7.30    0.00    1.01    0.00    0.00    1.01    0.00    0.00    0.00   90.68
21:48:24     all    7.12    0.00    1.02    0.00    0.00    0.76    0.00    0.00    0.00   91.09
21:48:25     all    7.58    0.00    1.52    0.00    0.00    0.76    0.00    0.00    0.00   90.15
21:48:26     all    7.12    0.00    1.02    0.00    0.00    0.76    0.00    0.00    0.00   91.09
21:48:27     all    7.09    0.00    1.27    0.00    0.00    0.76    0.00    0.00    0.00   90.89
21:48:28     all    7.34    0.00    0.76    0.00    0.00    0.76    0.00    0.00    0.00   91.14
21:48:29     all    6.85    0.00    1.02    0.00    0.00    1.02    0.00    0.00    0.00   91.12
21:48:30     all    7.27    0.00    1.25    0.00    0.00    1.00    0.25    0.00    0.00   90.23
21:48:31     all    7.12    0.00    1.02    0.00    0.00    0.25    0.00    0.00    0.00   91.60
21:48:32     all    7.29    0.00    1.26    0.00    0.00    1.01    0.00    0.00    0.00   90.45
21:48:33     all    7.85    0.00    1.01    0.00    0.00    0.51    0.00    0.00    0.00   90.63
21:48:34     all    7.34    0.00    1.27    0.00    0.00    0.76    0.00    0.00    0.00   90.63
21:48:35     all    7.36    0.00    1.02    0.00    0.00    0.51    0.00    0.00    0.00   91.12
21:48:36     all    7.09    0.00    0.76    0.00    0.00    1.01    0.00    0.00    0.00   91.14
21:48:37     all    7.36    0.00    1.02    0.00    0.00    0.76    0.00    0.00    0.00   90.86
21:48:38     all    7.34    0.00    0.76    0.00    0.00    0.76    0.00    0.00    0.00   91.14
21:48:39     all    6.89    0.00    1.02    0.00    0.00    0.51    0.00    0.00    0.00   91.58
21:48:40     all    7.11    0.00    1.02    0.00    0.00    0.76    0.00    0.00    0.00   91.12
21:48:41     all    8.06    0.00    1.26    0.00    0.00    0.76    0.00    0.00    0.00   89.92
21:48:42     all    7.38    0.00    1.02    0.00    0.00    0.51    0.00    0.00    0.00   91.09
21:48:43     all    7.07    0.00    1.26    0.00    0.00    0.76    0.25    0.00    0.00   90.66
21:48:44     all    7.56    0.00    1.26    0.00    0.00    1.01    0.25    0.00    0.00   89.92
21:48:45     all    6.85    0.00    1.52    0.00    0.00    0.76    0.00    0.00    0.00   90.86
21:48:46     all    7.11    0.00    1.02    0.00    0.00    0.76    0.00    0.00    0.00   91.12
21:48:47     all    7.12    0.00    1.02    0.00    0.00    0.76    0.00    0.00    0.00   91.09
21:48:48     all    7.32    0.00    1.01    0.00    0.00    0.51    0.00    0.00    0.00   91.16
21:48:49     all    7.34    0.00    1.01    0.00    0.00    0.76    0.00    0.00    0.00   90.89
21:48:50     all    7.58    0.00    1.26    0.00    0.00    0.51    0.00    0.00    0.00   90.66
21:48:51     all    7.34    0.00    1.01    0.00    0.00    1.01    0.00    0.00    0.00   90.63
21:48:52     all    7.52    0.00    1.25    0.00    0.00    1.00    0.00    0.00    0.00   90.23
21:48:53     all    6.89    0.00    1.02    0.00    0.00    0.26    0.00    0.00    0.00   91.84
21:48:54     all    7.05    0.00    1.26    0.00    0.00    1.01    0.00    0.00    0.00   90.68
21:48:55     all    7.16    0.00    1.02    0.00    0.00    0.26    0.00    0.00    0.00   91.56
21:48:56     all    7.81    0.00    1.26    0.00    0.00    1.01    0.00    0.00    0.00   89.92
21:48:57     all    7.34    0.00    1.27    0.00    0.00    0.76    0.00    0.00    0.00   90.63
21:48:58     all    7.63    0.00    1.02    0.00    0.00    0.25    0.00    0.00    0.00   91.09
21:48:59     all    7.59    0.00    1.01    0.00    0.00    0.76    0.00    0.00    0.00   90.63
21:49:00     all    7.07    0.00    1.52    0.00    0.00    0.76    0.00    0.00    0.00   90.66
21:49:01     all    7.58    0.00    0.76    0.00    0.00    0.51    0.25    0.00    0.00   90.91
21:49:02     all    7.81    0.00    1.51    0.25    0.00    0.76    0.00    0.00    0.00   89.67
21:49:03     all    7.34    0.00    1.01    0.00    0.00    0.51    0.00    0.00    0.00   91.14
21:49:04     all    7.11    0.00    1.02    0.00    0.00    1.02    0.00    0.00    0.00   90.86
21:49:05     all    7.09    0.00    1.01    0.00    0.00    0.76    0.00    0.00    0.00   91.14
21:49:06     all    7.36    0.00    1.02    0.00    0.00    0.00    0.00    0.00    0.00   91.62
21:49:07     all    7.32    0.00    1.01    0.00    0.00    1.01    0.00    0.00    0.00   90.66
21:49:08     all    6.84    0.00    1.01    0.25    0.00    0.51    0.00    0.00    0.00   91.39
21:49:09     all    7.30    0.00    1.76    0.00    0.00    0.76    0.00    0.00    0.00   90.18
21:49:10     all    7.59    0.00    0.51    0.00    0.00    1.01    0.00    0.00    0.00   90.89
21:49:11     all    4.27    0.00    0.75    0.00    0.00    0.00    0.00    0.00    0.00   94.97
21:49:12     all    5.79    0.00    0.76    0.00    0.00    0.76    0.00    0.00    0.00   92.70
21:49:13     all    6.62    0.00    1.02    0.00    0.00    0.51    0.00    0.00    0.00   91.86
21:49:14     all    7.27    0.00    1.00    0.00    0.00    0.75    0.25    0.00    0.00   90.73
21:49:15     all    7.32    0.00    1.26    0.00    0.00    0.76    0.00    0.00    0.00   90.66
21:49:16     all    6.85    0.00    1.27    0.00    0.00    0.76    0.00    0.00    0.00   91.12
21:49:17     all    7.07    0.00    1.01    0.00    0.00    0.76    0.00    0.00    0.00   91.16
21:49:18     all    7.34    0.00    0.76    0.00    0.00    1.01    0.00    0.00    0.00   90.89
21:49:19     all    7.34    0.00    1.01    0.25    0.00    0.76    0.00    0.00    0.00   90.63
21:49:20     all    7.56    0.00    1.26    0.00    0.00    0.50    0.00    0.00    0.00   90.68
21:49:21     all    7.34    0.00    1.01    0.00    0.00    1.01    0.00    0.00    0.00   90.63
21:49:22     all    7.09    0.00    1.27    0.00    0.00    0.51    0.00    0.00    0.00   91.14
21:49:23     all    7.83    0.00    0.76    0.00    0.00    0.76    0.00    0.00    0.00   90.66
21:49:24     all    7.34    0.00    1.01    0.00    0.00    0.76    0.00    0.00    0.00   90.89
21:49:25     all    7.34    0.00    1.01    0.00    0.00    1.01    0.25    0.00    0.00   90.38
21:49:26     all    7.54    0.00    1.26    0.00    0.00    0.75    0.00    0.00    0.00   90.45
21:49:27     all    7.36    0.00    1.02    0.00    0.00    0.51    0.25    0.00    0.00   90.86
21:49:28     all    7.09    0.00    0.76    0.00    0.00    1.01    0.00    0.00    0.00   91.14
21:49:29     all    6.63    0.00    1.28    0.00    0.00    0.26    0.00    0.00    0.00   91.84
21:49:30     all    6.84    0.00    1.01    0.00    0.00    0.76    0.00    0.00    0.00   91.39
21:49:31     all    7.25    0.00    1.50    0.00    0.00    1.25    0.00    0.00    0.00   90.00
21:49:32     all    6.82    0.00    1.26    0.00    0.00    0.76    0.00    0.00    0.00   91.16
21:49:33     all    7.61    0.00    1.02    0.00    0.00    0.51    0.00    0.00    0.00   90.86
21:49:34     all    6.62    0.00    1.02    0.00    0.00    0.76    0.00    0.00    0.00   91.60
21:49:35     all    7.05    0.00    1.26    0.00    0.00    1.26    0.00    0.00    0.00   90.43
21:49:36     all    7.09    0.00    1.27    0.00    0.00    0.51    0.00    0.00    0.00   91.14
21:49:37     all    7.58    0.00    1.26    0.00    0.00    0.76    0.00    0.00    0.00   90.40
21:49:38     all    7.36    0.00    0.76    0.00    0.00    0.76    0.00    0.00    0.00   91.12
21:49:39     all    7.16    0.00    1.02    0.00    0.00    0.26    0.00    0.00    0.00   91.56
21:49:40     all    7.79    0.00    0.75    0.00    0.00    1.01    0.00    0.00    0.00   90.45
21:49:41     all    7.32    0.00    1.01    0.00    0.00    0.76    0.00    0.00    0.00   90.91
21:49:42     all    7.09    0.00    1.27    0.00    0.00    0.76    0.00    0.00    0.00   90.89
21:49:43     all    7.05    0.00    1.26    0.00    0.00    0.76    0.00    0.00    0.00   90.93
21:49:44     all    6.85    0.00    1.27    0.00    0.00    0.51    0.00    0.00    0.00   91.37
21:49:45     all    7.34    0.00    0.51    0.00    0.00    1.01    0.00    0.00    0.00   91.14
21:49:46     all    7.09    0.00    1.27    0.00    0.00    1.01    0.00    0.00    0.00   90.63
21:49:47     all    6.31    0.00    1.01    0.00    0.00    0.51    0.00    0.00    0.00   92.17
21:49:48     all    7.09    0.00    1.01    0.00    0.00    0.51    0.00    0.00    0.00   91.39
21:49:49     all    6.62    0.00    0.76    0.00    0.00    0.76    0.00    0.00    0.00   91.86
21:49:50     all    7.29    0.00    1.26    0.25    0.00    0.75    0.25    0.00    0.00   90.20
21:49:51     all    6.89    0.00    1.02    0.00    0.00    0.51    0.00    0.00    0.00   91.58
21:49:52     all    8.04    0.00    0.75    0.00    0.00    0.75    0.00    0.00    0.00   90.45
21:49:53     all    7.07    0.00    0.76    0.00    0.00    1.01    0.00    0.00    0.00   91.16
21:49:54     all    6.82    0.00    1.26    0.00    0.00    0.76    0.00    0.00    0.00   91.16
21:49:55     all    6.82    0.00    1.52    0.00    0.00    0.76    0.00    0.00    0.00   90.91
21:49:56     all    7.40    0.00    0.51    0.00    0.00    0.51    0.00    0.00    0.00   91.58
21:49:57     all    7.59    0.00    0.76    0.00    0.00    1.01    0.00    0.00    0.00   90.63
21:49:58     all    7.34    0.00    1.01    0.00    0.00    0.51    0.00    0.00    0.00   91.14
21:49:59     all    7.30    0.00    1.26    0.00    0.00    1.01    0.00    0.00    0.00   90.43
21:50:00     all    7.58    0.00    1.26    0.00    0.00    0.76    0.00    0.00    0.00   90.40
21:50:01     all    7.59    0.00    0.76    0.00    0.00    0.51    0.00    0.00    0.00   91.14
21:50:02     all    6.58    0.00    1.27    0.00    0.00    0.76    0.25    0.00    0.00   91.14
21:50:03     all    6.62    0.00    1.27    0.00    0.00    0.51    0.00    0.00    0.00   91.60
21:50:04     all    7.54    0.00    1.01    0.00    0.00    1.01    0.00    0.00    0.00   90.45
21:50:05     all    7.12    0.00    1.27    0.00    0.00    0.76    0.00    0.00    0.00   90.84
21:50:06     all    7.34    0.00    0.76    0.00    0.00    0.51    0.00    0.00    0.00   91.39
21:50:07     all    6.84    0.00    1.01    0.00    0.00    1.01    0.00    0.00    0.00   91.14
21:50:08     all    7.32    0.00    1.26    0.00    0.00    0.51    0.00    0.00    0.00   90.91
21:50:09     all    7.30    0.00    1.01    0.00    0.00    1.01    0.00    0.00    0.00   90.68
21:50:10     all    7.32    0.00    1.01    0.00    0.00    0.76    0.00    0.00    0.00   90.91
21:50:11     all    7.38    0.00    0.76    0.00    0.00    0.25    0.00    0.00    0.00   91.60
21:50:12     all    7.09    0.00    1.01    0.00    0.00    1.01    0.00    0.00    0.00   90.89
21:50:13     all    7.30    0.00    1.51    0.00    0.00    1.01    0.00    0.00    0.00   90.18
21:50:14     all    7.36    0.00    1.02    0.00    0.00    0.51    0.25    0.00    0.00   90.86
21:50:15     all    7.30    0.00    1.26    0.00    0.00    0.76    0.25    0.00    0.00   90.43
21:50:16     all    7.32    0.00    1.01    0.00    0.00    0.76    0.00    0.00    0.00   90.91
21:50:17     all    6.89    0.00    0.77    0.00    0.00    1.02    0.00    0.00    0.00   91.33
21:50:18     all    7.32    0.00    1.26    0.00    0.00    0.51    0.00    0.00    0.00   90.91
21:50:19     all    7.34    0.00    0.51    0.00    0.00    1.01    0.00    0.00    0.00   91.14
21:50:20     all    7.58    0.00    1.26    0.00    0.00    0.25    0.00    0.00    0.00   90.91
21:50:21     all    7.36    0.00    1.02    0.00    0.00    0.51    0.00    0.00    0.00   91.12
21:50:22     all    7.34    0.00    1.01    0.00    0.00    0.51    0.00    0.00    0.00   91.14
21:50:23     all    7.07    0.00    1.01    0.00    0.00    1.01    0.00    0.00    0.00   90.91
21:50:24     all    6.91    0.00    1.02    0.00    0.00    0.26    0.00    0.00    0.00   91.82
21:50:25     all    7.11    0.00    1.02    0.00    0.00    1.02    0.00    0.00    0.00   90.86
21:50:26     all    7.09    0.00    0.76    0.00    0.00    0.76    0.00    0.00    0.00   91.39
21:50:27     all    7.11    0.00    1.52    0.25    0.00    1.02    0.00    0.00    0.00   90.10
21:50:28     all    7.89    0.00    0.76    0.00    0.00    0.25    0.00    0.00    0.00   91.09
21:50:29     all    7.61    0.00    1.02    0.00    0.00    0.51    0.00    0.00    0.00   90.86
21:50:30     all    7.36    0.00    0.76    0.00    0.00    0.76    0.00    0.00    0.00   91.12
21:50:31     all    7.56    0.00    1.01    0.00    0.00    1.01    0.00    0.00    0.00   90.43
21:50:32     all    7.34    0.00    1.01    0.00    0.00    0.76    0.00    0.00    0.00   90.89
21:50:33     all    7.07    0.00    1.26    0.00    0.00    0.76    0.00    0.00    0.00   90.91
21:50:34     all    7.34    0.00    0.76    0.00    0.00    0.51    0.00    0.00    0.00   91.39
21:50:35     all    7.36    0.00    0.51    0.00    0.00    0.76    0.00    0.00    0.00   91.37
21:50:36     all    7.50    0.00    1.75    0.00    0.00    1.00    0.00    0.00    0.00   89.75
21:50:37     all    7.11    0.00    0.76    0.00    0.00    0.51    0.25    0.00    0.00   91.37
21:50:38     all    7.32    0.00    1.52    0.00    0.00    0.76    0.00    0.00    0.00   90.40
21:50:39     all    6.62    0.00    1.02    0.00    0.00    0.76    0.00    0.00    0.00   91.60
21:50:40     all    7.59    0.00    0.76    0.00    0.00    0.76    0.00    0.00    0.00   90.89
21:50:41     all    7.32    0.00    1.26    0.00    0.00    0.51    0.00    0.00    0.00   90.91
21:50:42     all    7.34    0.00    1.27    0.00    0.00    0.76    0.00    0.00    0.00   90.63
21:50:43     all    7.34    0.00    1.01    0.00    0.00    0.76    0.00    0.00    0.00   90.89
21:50:44     all    6.87    0.00    1.02    0.00    0.00    0.51    0.00    0.00    0.00   91.60
21:50:45     all    7.59    0.00    0.76    0.00    0.00    0.76    0.00    0.00    0.00   90.89
21:50:46     all    7.07    0.00    1.01    0.00    0.00    1.01    0.00    0.00    0.00   90.91
21:50:47     all    7.09    0.00    1.27    0.00    0.00    0.51    0.00    0.00    0.00   91.14
21:50:48     all    7.87    0.00    0.51    0.00    0.00    1.02    0.00    0.00    0.00   90.61
21:50:49     all    7.59    0.00    1.01    0.00    0.00    0.76    0.00    0.00    0.00   90.63
21:50:50     all    7.50    0.00    1.00    0.00    0.00    1.25    0.00    0.00    0.00   90.25
21:50:51     all    7.36    0.00    1.02    0.00    0.00    0.76    0.00    0.00    0.00   90.86
21:50:52     all    6.89    0.00    1.02    0.00    0.00    0.51    0.00    0.00    0.00   91.58
21:50:53     all    7.79    0.00    1.01    0.00    0.00    0.75    0.25    0.00    0.00   90.20
21:50:54     all    7.07    0.00    1.01    0.00    0.00    0.76    0.00    0.00    0.00   91.16
21:50:55     all    7.38    0.00    1.02    0.00    0.00    0.51    0.00    0.00    0.00   91.09
21:50:56     all    7.83    0.00    0.76    0.00    0.00    1.01    0.00    0.00    0.00   90.40
21:50:57     all    7.09    0.00    1.01    0.00    0.00    0.76    0.00    0.00    0.00   91.14
21:50:58     all    7.54    0.00    1.51    0.25    0.00    0.75    0.00    0.00    0.00   89.95
21:50:59     all    7.32    0.00    1.01    0.00    0.00    0.76    0.25    0.00    0.00   90.66
21:51:00     all    6.91    0.00    1.02    0.00    0.00    0.51    0.00    0.00    0.00   91.56
21:51:01     all    7.50    0.00    1.25    0.00    0.00    0.75    0.00    0.00    0.00   90.50
21:51:02     all    6.85    0.00    1.02    0.00    0.00    0.76    0.00    0.00    0.00   91.37
21:51:03     all    7.83    0.00    0.76    0.00    0.00    1.01    0.25    0.00    0.00   90.15
21:51:04     all    7.09    0.00    1.52    0.00    0.00    0.76    0.00    0.00    0.00   90.63
21:51:05     all    7.58    0.00    1.26    0.00    0.00    0.51    0.00    0.00    0.00   90.66
21:51:06     all    7.09    0.00    1.27    0.25    0.00    0.76    0.00    0.00    0.00   90.63
21:51:07     all    6.84    0.00    1.27    0.00    0.00    0.76    0.00    0.00    0.00   91.14
21:51:08     all    7.07    0.00    1.01    0.00    0.00    0.76    0.00    0.00    0.00   91.16
21:51:09     all    7.36    0.00    1.02    0.00    0.00    0.76    0.00    0.00    0.00   90.86
21:51:10     all    6.87    0.00    1.02    0.00    0.00    0.51    0.00    0.00    0.00   91.60
21:51:11     all    6.84    0.00    1.01    0.00    0.00    1.01    0.00    0.00    0.00   91.14
21:51:12     all    7.12    0.00    0.76    0.00    0.00    0.51    0.00    0.00    0.00   91.60
21:51:13     all    7.40    0.00    0.77    0.00    0.00    0.77    0.00    0.00    0.00   91.07
21:51:14     all    7.30    0.00    1.01    0.00    0.00    0.50    0.00    0.00    0.00   91.18
21:51:15     all    7.34    0.00    1.52    0.00    0.00    0.51    0.00    0.00    0.00   90.63
21:51:16     all    7.09    0.00    0.51    0.00    0.00    1.01    0.00    0.00    0.00   91.39
21:51:17     all    7.32    0.00    1.52    0.00    0.00    0.51    0.00    0.00    0.00   90.66
21:51:18     all    7.07    0.00    1.52    0.00    0.00    0.51    0.00    0.00    0.00   90.91
21:51:19     all    7.40    0.00    0.77    0.00    0.00    0.77    0.00    0.00    0.00   91.07
21:51:20     all    7.36    0.00    1.27    0.00    0.00    0.25    0.00    0.00    0.00   91.12
21:51:21     all    7.85    0.00    1.01    0.00    0.00    0.51    0.00    0.00    0.00   90.63
21:51:22     all    7.85    0.00    1.01    0.00    0.00    0.76    0.00    0.00    0.00   90.38
21:51:23     all    7.56    0.00    1.01    0.00    0.00    1.01    0.00    0.00    0.00   90.43
21:51:24     all    8.10    0.00    0.76    0.00    0.00    0.76    0.00    0.00    0.00   90.38
21:51:25     all    7.83    0.00    1.01    0.00    0.00    0.25    0.25    0.00    0.00   90.66
21:51:26     all    7.38    0.00    1.02    0.00    0.00    0.76    0.00    0.00    0.00   90.84
21:51:27     all    7.56    0.00    0.76    0.00    0.00    0.76    0.00    0.00    0.00   90.93
21:51:28     all    7.36    0.00    1.27    0.00    0.00    0.25    0.00    0.00    0.00   91.12
21:51:29     all    7.32    0.00    1.01    0.00    0.00    1.01    0.00    0.00    0.00   90.66
21:51:30     all    7.36    0.00    0.76    0.00    0.00    1.02    0.00    0.00    0.00   90.86
21:51:31     all    7.58    0.00    1.01    0.00    0.00    0.76    0.00    0.00    0.00   90.66
21:51:32     all    7.83    0.00    1.01    0.00    0.00    0.76    0.00    0.00    0.00   90.40
21:51:33     all    7.36    0.00    1.27    0.00    0.00    0.51    0.00    0.00    0.00   90.86
21:51:34     all    7.36    0.00    1.27    0.00    0.00    0.51    0.00    0.00    0.00   90.86
21:51:35     all    7.58    0.00    1.01    0.00    0.00    0.76    0.00    0.00    0.00   90.66
21:51:36     all    7.09    0.00    1.01    0.00    0.00    0.76    0.00    0.00    0.00   91.14
21:51:37     all    7.11    0.00    1.02    0.00    0.00    0.76    0.00    0.00    0.00   91.12
21:51:38     all    7.59    0.00    1.01    0.00    0.00    0.25    0.00    0.00    0.00   91.14
21:51:39     all    7.32    0.00    1.26    0.00    0.00    0.76    0.00    0.00    0.00   90.66
21:51:40     all    7.87    0.00    0.51    0.00    0.00    0.51    0.00    0.00    0.00   91.12
21:51:41     all    7.30    0.00    1.26    0.00    0.00    0.76    0.00    0.00    0.00   90.68
21:51:42     all    7.38    0.00    1.02    0.00    0.00    0.51    0.00    0.00    0.00   91.09
21:51:43     all    7.09    0.00    1.01    0.00    0.00    0.76    0.25    0.00    0.00   90.89
21:51:44     all    7.81    0.00    1.01    0.00    0.00    0.50    0.00    0.00    0.00   90.68
21:51:45     all    7.87    0.00    0.51    0.00    0.00    0.25    0.00    0.00    0.00   91.37
21:51:46     all    7.30    0.00    1.26    0.00    0.00    1.01    0.00    0.00    0.00   90.43
21:51:47     all    7.11    0.00    0.76    0.00    0.00    0.51    0.00    0.00    0.00   91.62
21:51:48     all    7.56    0.00    1.26    0.00    0.00    0.76    0.00    0.00    0.00   90.43
21:51:49     all    7.32    0.00    1.26    0.00    0.00    0.76    0.00    0.00    0.00   90.66
21:51:50     all    7.85    0.00    0.76    0.00    0.00    0.76    0.00    0.00    0.00   90.63
21:51:51     all    7.12    0.00    0.76    0.00    0.00    0.51    0.25    0.00    0.00   91.35
21:51:52     all    7.54    0.00    1.26    0.00    0.00    1.01    0.00    0.00    0.00   90.20
21:51:53     all    7.29    0.00    1.51    0.25    0.00    0.75    0.00    0.00    0.00   90.20
21:51:54     all    7.32    0.00    1.01    0.00    0.00    0.76    0.25    0.00    0.00   90.66
21:51:55     all    5.91    0.00    1.29    0.00    0.00    0.26    0.00    0.00    0.00   92.54
21:51:56     all    7.77    0.00    1.25    0.00    0.00    0.75    0.00    0.00    0.00   90.23
21:51:57     all    7.11    0.00    1.27    0.00    0.00    1.02    0.00    0.00    0.00   90.61
21:51:58     all    7.32    0.00    1.01    0.00    0.00    0.76    0.00    0.00    0.00   90.91
21:51:59     all    7.38    0.00    1.53    0.00    0.00    0.00    0.00    0.00    0.00   91.09
21:52:00     all    6.87    0.00    0.51    0.00    0.00    1.27    0.00    0.00    0.00   91.35
21:52:01     all    7.12    0.00    1.02    0.00    0.00    0.51    0.00    0.00    0.00   91.35
21:52:02     all    8.10    0.00    1.01    0.00    0.00    0.51    0.00    0.00    0.00   90.38
21:52:03     all    7.09    0.00    1.01    0.00    0.00    0.76    0.00    0.00    0.00   91.14
21:52:04     all    7.09    0.00    1.01    0.00    0.00    0.76    0.00    0.00    0.00   91.14
21:52:05     all    7.32    0.00    1.01    0.00    0.00    1.01    0.00    0.00    0.00   90.66
21:52:06     all    7.38    0.00    0.76    0.00    0.00    0.25    0.00    0.00    0.00   91.60
21:52:07     all    6.55    0.00    1.26    0.00    0.00    1.01    0.00    0.00    0.00   91.18
21:52:08     all    6.87    0.00    1.27    0.00    0.00    0.51    0.00    0.00    0.00   91.35
21:52:09     all    7.36    0.00    1.02    0.00    0.00    0.76    0.00    0.00    0.00   90.86
21:52:10     all    7.07    0.00    1.52    0.00    0.00    0.51    0.00    0.00    0.00   90.91
21:52:11     all    5.28    0.00    0.75    0.00    0.00    0.25    0.00    0.00    0.00   93.72
21:52:12     all    3.03    0.00    0.51    0.00    0.00    0.25    0.00    0.00    0.00   96.21
21:52:13     all    5.60    0.00    1.02    0.00    0.00    0.76    0.00    0.00    0.00   92.62
21:52:14     all    7.05    0.00    1.26    0.00    0.00    0.50    0.00    0.00    0.00   91.18
21:52:15     all    6.58    0.00    0.76    0.00    0.00    0.51    0.25    0.00    0.00   91.90
21:52:16     all    7.07    0.00    1.01    0.00    0.00    0.51    0.00    0.00    0.00   91.41
21:52:17     all    7.36    0.00    0.51    0.00    0.00    0.76    0.00    0.00    0.00   91.37
21:52:18     all    7.29    0.00    1.51    0.00    0.00    0.75    0.00    0.00    0.00   90.45
21:52:19     all    7.34    0.00    0.51    0.00    0.00    0.76    0.00    0.00    0.00   91.39
21:52:20     all    7.34    0.00    1.01    0.00    0.00    0.76    0.00    0.00    0.00   90.89
21:52:21     all    6.58    0.00    1.52    0.00    0.00    0.76    0.00    0.00    0.00   91.14
21:52:22     all    7.63    0.00    1.02    0.00    0.00    0.25    0.00    0.00    0.00   91.09
21:52:23     all    7.07    0.00    1.26    0.00    0.00    1.01    0.00    0.00    0.00   90.66
21:52:24     all    7.30    0.00    1.26    0.00    0.00    1.01    0.00    0.00    0.00   90.43
21:52:25     all    7.83    0.00    0.76    0.00    0.00    0.76    0.00    0.00    0.00   90.66
21:52:26     all    6.57    0.00    1.26    0.25    0.00    1.01    0.00    0.00    0.00   90.91
21:52:27     all    7.42    0.00    1.02    0.00    0.00    0.51    0.00    0.00    0.00   91.05
21:52:28     all    7.59    0.00    1.27    0.00    0.00    0.51    0.00    0.00    0.00   90.63
21:52:29     all    6.82    0.00    1.01    0.00    0.00    0.76    0.00    0.00    0.00   91.41
21:52:30     all    7.32    0.00    1.26    0.00    0.00    0.76    0.00    0.00    0.00   90.66
21:52:31     all    6.89    0.00    1.02    0.00    0.00    0.51    0.26    0.00    0.00   91.33
21:52:32     all    7.30    0.00    1.26    0.00    0.00    1.01    0.00    0.00    0.00   90.43
21:52:33     all    8.33    0.00    0.76    0.00    0.00    0.51    0.00    0.00    0.00   90.40
21:52:34     all    7.32    0.00    1.01    0.00    0.00    0.76    0.00    0.00    0.00   90.91
21:52:35     all    6.87    0.00    0.76    0.00    0.00    0.76    0.00    0.00    0.00   91.60
21:52:36     all    7.59    0.00    1.01    0.00    0.00    0.51    0.00    0.00    0.00   90.89
21:52:37     all    7.56    0.00    0.76    0.00    0.00    0.76    0.25    0.00    0.00   90.68
21:52:38     all    7.29    0.00    1.26    0.00    0.00    1.26    0.00    0.00    0.00   90.20
21:52:39     all    6.85    0.00    1.02    0.00    0.00    0.51    0.00    0.00    0.00   91.62
21:52:40     all    7.56    0.00    1.01    0.00    0.00    1.01    0.25    0.00    0.00   90.18
21:52:41     all    6.85    0.00    1.27    0.00    0.00    0.76    0.00    0.00    0.00   91.12
21:52:42     all    8.27    0.00    0.75    0.00    0.00    1.25    0.00    0.00    0.00   89.72
21:52:43     all    7.16    0.00    1.02    0.00    0.00    0.00    0.00    0.00    0.00   91.82
21:52:44     all    7.36    0.00    0.76    0.00    0.00    0.76    0.00    0.00    0.00   91.12
21:52:45     all    7.29    0.00    1.51    0.00    0.00    1.01    0.00    0.00    0.00   90.20
21:52:46     all    7.29    0.00    1.26    0.00    0.00    1.01    0.00    0.00    0.00   90.45
21:52:47     all    7.40    0.00    0.77    0.00    0.00    0.26    0.00    0.00    0.00   91.58
21:52:48     all    6.58    0.00    1.01    0.25    0.00    0.76    0.00    0.00    0.00   91.39
21:52:49     all    7.11    0.00    1.02    0.00    0.00    1.02    0.00    0.00    0.00   90.86
21:52:50     all    8.04    0.00    1.26    0.00    0.00    0.25    0.00    0.00    0.00   90.45
21:52:51     all    7.59    0.00    0.76    0.00    0.00    1.01    0.00    0.00    0.00   90.63
21:52:52     all    7.30    0.00    1.51    0.00    0.00    1.01    0.00    0.00    0.00   90.18
21:52:53     all    7.38    0.00    0.76    0.00    0.00    0.76    0.00    0.00    0.00   91.09
21:52:54     all    6.84    0.00    1.27    0.00    0.00    0.51    0.00    0.00    0.00   91.39
21:52:55     all    7.11    0.00    1.02    0.00    0.00    0.51    0.00    0.00    0.00   91.37
21:52:56     all    7.79    0.00    1.26    0.00    0.00    1.01    0.25    0.00    0.00   89.70
21:52:57     all    7.61    0.00    0.76    0.00    0.00    0.51    0.00    0.00    0.00   91.12
21:52:58     all    7.56    0.00    1.01    0.00    0.00    0.76    0.00    0.00    0.00   90.68
21:52:59     all    7.59    0.00    0.76    0.00    0.00    1.01    0.00    0.00    0.00   90.63
21:53:00     all    7.34    0.00    1.27    0.00    0.00    0.51    0.00    0.00    0.00   90.89
21:53:01     all    6.87    0.00    1.27    0.00    0.00    0.76    0.00    0.00    0.00   91.09
21:53:02     all    7.32    0.00    1.26    0.00    0.00    1.01    0.00    0.00    0.00   90.40
21:53:03     all    7.12    0.00    0.51    0.00    0.00    0.76    0.00    0.00    0.00   91.60
21:53:04     all    7.07    0.00    1.52    0.00    0.00    0.76    0.00    0.00    0.00   90.66
21:53:05     all    7.07    0.00    1.26    0.00    0.00    0.76    0.00    0.00    0.00   90.91
21:53:06     all    7.38    0.00    0.76    0.00    0.00    0.51    0.00    0.00    0.00   91.35
21:53:07     all    7.54    0.00    1.76    0.00    0.00    1.26    0.00    0.00    0.00   89.45
21:53:08     all    7.58    0.00    1.01    0.00    0.00    0.51    0.00    0.00    0.00   90.91
21:53:09     all    7.38    0.00    0.76    0.00    0.00    0.51    0.00    0.00    0.00   91.35
21:53:10     all    7.32    0.00    1.26    0.00    0.00    0.76    0.00    0.00    0.00   90.66
21:53:11     all    7.38    0.00    1.02    0.00    0.00    0.51    0.00    0.00    0.00   91.09
21:53:12     all    7.30    0.00    1.26    0.00    0.00    1.01    0.00    0.00    0.00   90.43
21:53:13     all    7.56    0.00    1.51    0.00    0.00    0.50    0.00    0.00    0.00   90.43
21:53:14     all    7.81    0.00    1.01    0.00    0.00    1.01    0.00    0.00    0.00   90.18
21:53:15     all    7.11    0.00    1.02    0.00    0.00    0.25    0.00    0.00    0.00   91.62
21:53:16     all    7.30    0.00    1.26    0.00    0.00    1.01    0.25    0.00    0.00   90.18
21:53:17     all    7.36    0.00    1.02    0.00    0.00    0.51    0.00    0.00    0.00   91.12
21:53:18     all    7.05    0.00    1.26    0.25    0.00    1.01    0.00    0.00    0.00   90.43
21:53:19     all    7.42    0.00    0.51    0.00    0.00    0.51    0.00    0.00    0.00   91.56
21:53:20     all    7.34    0.00    1.01    0.00    0.00    0.51    0.00    0.00    0.00   91.14
21:53:21     all    8.06    0.00    1.01    0.00    0.00    0.76    0.00    0.00    0.00   90.18
21:53:22     all    8.08    0.00    0.51    0.00    0.00    0.76    0.00    0.00    0.00   90.66
21:53:23     all    6.63    0.00    1.02    0.00    0.00    1.02    0.00    0.00    0.00   91.33
21:53:24     all    7.83    0.00    1.01    0.00    0.00    0.51    0.00    0.00    0.00   90.66
21:53:25     all    7.59    0.00    1.01    0.00    0.00    0.76    0.00    0.00    0.00   90.63
21:53:26     all    7.05    0.00    0.76    0.00    0.00    1.01    0.25    0.00    0.00   90.93
21:53:27     all    7.83    0.00    1.01    0.00    0.00    0.76    0.00    0.00    0.00   90.40
21:53:28     all    7.56    0.00    1.01    0.00    0.00    1.01    0.00    0.00    0.00   90.43
21:53:29     all    7.14    0.00    0.77    0.00    0.00    0.51    0.26    0.00    0.00   91.33
21:53:30     all    7.32    0.00    1.26    0.00    0.00    0.51    0.00    0.00    0.00   90.91
21:53:31     all    7.61    0.00    1.02    0.00    0.00    0.51    0.00    0.00    0.00   90.86
21:53:32     all    7.54    0.00    1.01    0.00    0.00    1.26    0.00    0.00    0.00   90.20
21:53:33     all    7.38    0.00    0.76    0.00    0.00    0.76    0.00    0.00    0.00   91.09
21:53:34     all    7.32    0.00    1.26    0.00    0.00    0.51    0.00    0.00    0.00   90.91
21:53:35     all    6.60    0.00    1.02    0.00    0.00    0.76    0.00    0.00    0.00   91.62
21:53:36     all    7.12    0.00    1.27    0.00    0.00    0.25    0.00    0.00    0.00   91.35
21:53:37     all    7.77    0.00    1.25    0.25    0.00    0.75    0.00    0.00    0.00   89.97
21:53:38     all    7.12    0.00    0.76    0.00    0.00    0.76    0.00    0.00    0.00   91.35
21:53:39     all    7.58    0.00    1.01    0.00    0.00    0.76    0.00    0.00    0.00   90.66
21:53:40     all    7.34    0.00    1.27    0.00    0.00    0.51    0.00    0.00    0.00   90.89
21:53:41     all    7.58    0.00    1.01    0.00    0.00    0.76    0.00    0.00    0.00   90.66
21:53:42     all    7.36    0.00    0.76    0.00    0.00    1.02    0.00    0.00    0.00   90.86
21:53:43     all    7.09    0.00    1.01    0.00    0.00    0.76    0.00    0.00    0.00   91.14
21:53:44     all    7.11    0.00    1.02    0.00    0.00    1.02    0.00    0.00    0.00   90.86
21:53:45     all    7.38    0.00    1.02    0.00    0.00    0.51    0.00    0.00    0.00   91.09
21:53:46     all    7.56    0.00    1.01    0.00    0.00    1.01    0.00    0.00    0.00   90.43
21:53:47     all    6.39    0.00    1.02    0.00    0.00    0.51    0.00    0.00    0.00   92.07
21:53:48     all    8.00    0.00    1.00    0.00    0.00    0.75    0.25    0.00    0.00   90.00
21:53:49     all    6.89    0.00    1.02    0.00    0.00    0.77    0.00    0.00    0.00   91.33
21:53:50     all    7.30    0.00    1.26    0.00    0.00    0.76    0.00    0.00    0.00   90.68
21:53:51     all    7.91    0.00    0.77    0.00    0.00    0.51    0.00    0.00    0.00   90.82
21:53:52     all    7.77    0.00    1.00    0.00    0.00    1.25    0.00    0.00    0.00   89.97
21:53:53     all    7.12    0.00    1.02    0.00    0.00    0.25    0.00    0.00    0.00   91.60
21:53:54     all    7.36    0.00    0.76    0.00    0.00    1.02    0.00    0.00    0.00   90.86
21:53:55     all    7.59    0.00    1.01    0.00    0.00    0.25    0.00    0.00    0.00   91.14
21:53:56     all    6.58    0.00    1.27    0.25    0.00    0.51    0.00    0.00    0.00   91.39
21:53:57     all    7.09    0.00    1.27    0.00    0.00    0.76    0.00    0.00    0.00   90.89
21:53:58     all    7.12    0.00    1.02    0.00    0.00    0.51    0.00    0.00    0.00   91.35
21:53:59     all    7.30    0.00    1.26    0.00    0.00    0.76    0.00    0.00    0.00   90.68
21:54:00     all    7.38    0.00    1.02    0.00    0.00    0.51    0.00    0.00    0.00   91.09
21:54:01     all    7.54    0.00    1.01    0.25    0.00    0.75    0.00    0.00    0.00   90.45
21:54:02     all    7.36    0.00    1.02    0.00    0.00    0.76    0.00    0.00    0.00   90.86
21:54:03     all    7.32    0.00    1.26    0.00    0.00    0.51    0.00    0.00    0.00   90.91
21:54:04     all    7.34    0.00    1.01    0.00    0.00    1.01    0.00    0.00    0.00   90.63
21:54:05     all    7.87    0.00    1.02    0.00    0.00    0.25    0.00    0.00    0.00   90.86
21:54:06     all    7.29    0.00    1.26    0.00    0.00    0.75    0.00    0.00    0.00   90.70
21:54:07     all    6.62    0.00    1.02    0.00    0.00    0.51    0.00    0.00    0.00   91.86
21:54:08     all    6.85    0.00    1.02    0.00    0.00    0.51    0.25    0.00    0.00   91.37
21:54:09     all    7.73    0.00    1.25    0.00    0.00    1.00    0.00    0.00    0.00   90.02
21:54:10     all    7.63    0.00    0.76    0.00    0.00    0.51    0.00    0.00    0.00   91.09
21:54:11     all    6.80    0.00    1.76    0.25    0.00    0.76    0.00    0.00    0.00   90.43
21:54:12     all    7.83    0.00    0.76    0.00    0.00    0.76    0.00    0.00    0.00   90.66
21:54:13     all    6.35    0.00    1.78    0.00    0.00    0.51    0.00    0.00    0.00   91.37
21:54:14     all    7.14    0.00    1.02    0.00    0.00    0.51    0.00    0.00    0.00   91.33
21:54:15     all    7.32    0.00    1.01    0.00    0.00    1.01    0.00    0.00    0.00   90.66
21:54:16     all    7.61    0.00    1.02    0.00    0.00    0.51    0.00    0.00    0.00   90.86
21:54:17     all    7.58    0.00    1.01    0.00    0.00    0.76    0.00    0.00    0.00   90.66
21:54:18     all    7.59    0.00    1.01    0.00    0.00    0.25    0.00    0.00    0.00   91.14
21:54:19     all    7.52    0.00    1.25    0.00    0.00    1.00    0.25    0.00    0.00   89.97
21:54:20     all    7.61    0.00    1.02    0.00    0.00    0.25    0.25    0.00    0.00   90.86
21:54:21     all    5.84    0.00    1.02    0.00    0.00    0.25    0.00    0.00    0.00   92.89
21:54:22     all    6.31    0.00    0.51    0.00    0.00    0.51    0.00    0.00    0.00   92.68
21:54:23     all    4.77    0.00    1.26    0.00    0.00    0.25    0.00    0.00    0.00   93.72
21:54:24     all    4.82    0.00    0.76    0.00    0.00    0.25    0.00    0.00    0.00   94.16
21:54:25     all    5.06    0.00    0.51    0.00    0.00    0.25    0.00    0.00    0.00   94.18
21:54:26     all    4.77    0.00    1.01    0.00    0.00    0.25    0.00    0.00    0.00   93.97
21:54:27     all    4.56    0.00    0.51    0.25    0.00    0.25    0.00    0.00    0.00   94.43
21:54:28     all    4.04    0.00    0.76    0.00    0.00    0.00    0.00    0.00    0.00   95.20
21:54:29     all    4.03    0.00    0.50    0.00    0.00    0.76    0.00    0.00    0.00   94.71
21:54:30     all    4.04    0.00    0.76    0.00    0.00    0.25    0.00    0.00    0.00   94.95
21:54:31     all    4.26    0.00    0.75    0.00    0.00    0.25    0.00    0.00    0.00   94.74
21:54:32     all    3.28    0.00    0.51    0.00    0.00    0.25    0.00    0.00    0.00   95.96
21:54:33     all    3.27    0.00    0.50    0.00    0.00    0.25    0.00    0.00    0.00   95.98
21:54:34     all    3.27    0.00    0.25    0.00    0.00    0.00    0.00    0.00    0.00   96.47
21:54:35     all    2.77    0.00    0.50    0.00    0.00    0.50    0.00    0.00    0.00   96.22
21:54:36     all    3.02    0.00    0.75    0.00    0.00    0.00    0.00    0.00    0.00   96.23
21:54:37     all    3.03    0.00    0.00    0.00    0.00    0.25    0.00    0.00    0.00   96.72
21:54:38     all    1.76    0.00    0.25    0.00    0.00    0.00    0.00    0.00    0.00   97.98
21:54:39     all    1.00    0.00    0.25    0.00    0.00    0.00    0.00    0.00    0.00   98.75
21:54:40     all    0.50    0.00    0.25    0.00    0.00    0.00    0.00    0.00    0.00   99.25
21:54:41     all    4.56    0.00    0.25    0.00    0.00    0.51    0.00    0.00    0.00   94.68
21:54:42     all    8.27    0.00    1.00    0.00    0.00    1.25    0.25    0.00    0.00   89.22
21:54:43     all    8.16    0.00    1.02    0.00    0.00    0.51    0.00    0.00    0.00   90.31
21:54:44     all    7.38    0.00    0.76    0.00    0.00    0.51    0.00    0.00    0.00   91.35
21:54:45     all    7.38    0.00    1.27    0.00    0.00    1.27    0.00    0.00    0.00   90.08
21:54:46     all    7.83    0.00    1.01    0.00    0.00    0.76    0.00    0.00    0.00   90.40
21:54:47     all    7.14    0.00    1.02    0.00    0.00    1.28    0.00    0.00    0.00   90.56
21:54:48     all    7.38    0.00    1.02    0.00    0.00    0.76    0.00    0.00    0.00   90.84
21:54:49     all    7.36    0.00    1.52    0.00    0.00    1.02    0.00    0.00    0.00   90.10
21:54:50     all    7.85    0.00    0.76    0.00    0.00    1.27    0.00    0.00    0.00   90.13
21:54:51     all    8.14    0.00    1.02    0.00    0.00    0.76    0.00    0.00    0.00   90.08
21:54:52     all    8.31    0.00    1.51    0.00    0.00    0.50    0.00    0.00    0.00   89.67
21:54:53     all    7.59    0.00    1.01    0.00    0.00    1.01    0.00    0.00    0.00   90.38
21:54:54     all    8.12    0.00    0.76    0.00    0.00    1.02    0.00    0.00    0.00   90.10
21:54:55     all    7.67    0.00    1.28    0.00    0.00    0.77    0.00    0.00    0.00   90.28
21:54:56     all    7.87    0.00    1.02    0.00    0.00    1.02    0.00    0.00    0.00   90.10
21:54:57     all    7.61    0.00    1.27    0.00    0.00    1.02    0.00    0.00    0.00   90.10
21:54:58     all    8.38    0.00    1.02    0.00    0.00    1.02    0.00    0.00    0.00   89.59
21:54:59     all    7.69    0.00    0.51    0.00    0.00    0.77    0.00    0.00    0.00   91.03
21:55:00     all    8.27    0.00    1.25    0.00    0.00    1.25    0.00    0.00    0.00   89.22
21:55:01     all    8.18    0.00    1.02    0.00    0.00    0.51    0.00    0.00    0.00   90.28
21:55:02     all    8.27    0.00    1.25    0.00    0.00    1.25    0.25    0.00    0.00   88.97
21:55:03     all    7.67    0.00    1.28    0.00    0.00    0.77    0.00    0.00    0.00   90.28
21:55:04     all    7.83    0.00    1.01    0.00    0.00    1.52    0.00    0.00    0.00   89.65
21:55:05     all    7.63    0.00    1.27    0.00    0.00    0.76    0.00    0.00    0.00   90.33
21:55:06     all    7.36    0.00    1.27    0.00    0.00    1.02    0.00    0.00    0.00   90.36
21:55:07     all    7.87    0.00    1.02    0.00    0.00    0.76    0.25    0.00    0.00   90.10
21:55:08     all    7.85    0.00    1.01    0.00    0.00    1.01    0.25    0.00    0.00   89.87
21:55:09     all    7.83    0.00    1.26    0.00    0.00    1.26    0.00    0.00    0.00   89.65
21:55:10     all    8.63    0.00    0.76    0.00    0.00    0.76    0.00    0.00    0.00   89.85
21:55:11     all    6.87    0.00    1.02    0.00    0.00    0.51    0.00    0.00    0.00   91.60
21:55:12     all    3.77    0.00    0.50    0.00    0.00    0.50    0.00    0.00    0.00   95.23
21:55:13     all    6.05    0.00    1.26    0.00    0.00    0.76    0.00    0.00    0.00   91.94
21:55:14     all    7.38    0.00    0.51    0.00    0.00    0.76    0.00    0.00    0.00   91.35
21:55:15     all    7.11    0.00    1.02    0.00    0.00    0.76    0.00    0.00    0.00   91.12
21:55:16     all    7.56    0.00    1.51    0.00    0.00    1.01    0.00    0.00    0.00   89.92
21:55:17     all    8.38    0.00    1.02    0.00    0.00    1.02    0.00    0.00    0.00   89.59
21:55:18     all    8.10    0.00    1.01    0.00    0.00    1.01    0.00    0.00    0.00   89.87
21:55:19     all    8.06    0.00    1.26    0.00    0.00    1.51    0.00    0.00    0.00   89.17
21:55:20     all    8.10    0.00    0.76    0.00    0.00    1.01    0.00    0.00    0.00   90.13
21:55:21     all    7.63    0.00    1.27    0.00    0.00    0.76    0.00    0.00    0.00   90.33
21:55:22     all    7.85    0.00    1.27    0.00    0.00    1.27    0.00    0.00    0.00   89.62
21:55:23     all    8.38    0.00    1.02    0.00    0.00    0.76    0.00    0.00    0.00   89.85
21:55:24     all    8.65    0.00    1.02    0.00    0.00    1.02    0.00    0.00    0.00   89.31
21:55:25     all    8.38    0.00    0.76    0.00    0.00    1.02    0.25    0.00    0.00   89.59
21:55:26     all    8.84    0.00    1.01    0.00    0.00    1.01    0.00    0.00    0.00   89.14
21:55:27     all    7.95    0.00    1.28    0.00    0.00    0.77    0.00    0.00    0.00   90.00
21:55:28     all    8.61    0.00    1.01    0.25    0.00    1.01    0.00    0.00    0.00   89.11
21:55:29     all    8.16    0.00    1.28    0.00    0.00    0.77    0.00    0.00    0.00   89.80
21:55:30     all    9.05    0.00    0.75    0.00    0.00    1.01    0.00    0.00    0.00   89.20
21:55:31     all    7.42    0.00    1.02    0.00    0.00    1.02    0.00    0.00    0.00   90.54
21:55:32     all    8.10    0.00    1.01    0.00    0.00    1.01    0.00    0.00    0.00   89.87
21:55:33     all    7.67    0.00    1.02    0.00    0.00    0.51    0.00    0.00    0.00   90.79
21:55:34     all    8.38    0.00    1.02    0.00    0.00    0.76    0.00    0.00    0.00   89.85
21:55:35     all    7.59    0.00    1.01    0.00    0.00    1.52    0.00    0.00    0.00   89.87
21:55:36     all    7.89    0.00    1.02    0.00    0.00    1.02    0.00    0.00    0.00   90.08
21:55:37     all    7.34    0.00    1.01    0.00    0.00    1.01    0.00    0.00    0.00   90.63
21:55:38     all    7.91    0.00    1.02    0.00    0.00    0.77    0.00    0.00    0.00   90.31
21:55:39     all    7.85    0.00    1.01    0.25    0.00    1.27    0.00    0.00    0.00   89.62
21:55:40     all    8.40    0.00    0.76    0.00    0.00    0.76    0.00    0.00    0.00   90.08
21:55:41     all    7.67    0.00    1.02    0.00    0.00    0.77    0.00    0.00    0.00   90.54
21:55:42     all    7.87    0.00    1.52    0.00    0.00    1.27    0.00    0.00    0.00   89.34
21:55:43     all    8.38    0.00    1.27    0.00    0.00    0.76    0.25    0.00    0.00   89.34
21:55:44     all    8.14    0.00    1.02    0.00    0.00    0.76    0.25    0.00    0.00   89.82
21:55:45     all    8.84    0.00    1.26    0.00    0.00    1.01    0.25    0.00    0.00   88.64
21:55:46     all    8.93    0.00    1.53    0.00    0.00    1.02    0.00    0.00    0.00   88.52
21:55:47     all    9.09    0.00    1.01    0.00    0.00    1.26    0.00    0.00    0.00   88.64
21:55:48     all    9.39    0.00    0.76    0.00    0.00    1.02    0.00    0.00    0.00   88.83
21:55:49     all    9.37    0.00    1.52    0.00    0.00    1.27    0.00    0.00    0.00   87.85
21:55:50     all    8.65    0.00    1.02    0.00    0.00    0.76    0.00    0.00    0.00   89.57
21:55:51     all    8.40    0.00    1.02    0.00    0.00    1.02    0.00    0.00    0.00   89.57
21:55:52     all    9.11    0.00    1.01    0.00    0.00    1.01    0.00    0.00    0.00   88.86
21:55:53     all    8.04    0.00    1.76    0.00    0.00    1.26    0.00    0.00    0.00   88.94
21:55:54     all    8.44    0.00    0.77    0.00    0.00    0.77    0.00    0.00    0.00   90.03
21:55:55     all    7.85    0.00    1.27    0.00    0.00    1.01    0.00    0.00    0.00   89.87
21:55:56     all    7.93    0.00    1.28    0.00    0.00    0.77    0.00    0.00    0.00   90.03
21:55:57     all    7.81    0.00    0.76    0.00    0.00    1.01    0.00    0.00    0.00   90.43
21:55:58     all    7.18    0.00    1.03    0.00    0.00    0.77    0.00    0.00    0.00   91.03
21:55:59     all    8.61    0.00    0.76    0.00    0.00    1.27    0.00    0.00    0.00   89.37
21:56:00     all    8.12    0.00    1.02    0.00    0.00    0.76    0.00    0.00    0.00   90.10
21:56:01     all    8.12    0.00    1.02    0.00    0.00    0.51    0.25    0.00    0.00   90.10
21:56:02     all    7.83    0.00    1.52    0.00    0.00    1.01    0.00    0.00    0.00   89.65
21:56:03     all    8.40    0.00    0.76    0.00    0.00    1.27    0.00    0.00    0.00   89.57
21:56:04     all    8.88    0.00    1.27    0.00    0.00    0.76    0.00    0.00    0.00   89.09
21:56:05     all    8.59    0.00    1.01    0.00    0.00    1.26    0.00    0.00    0.00   89.14
21:56:06     all    8.10    0.00    1.52    0.00    0.00    1.01    0.00    0.00    0.00   89.37
21:56:07     all    8.40    0.00    1.02    0.00    0.00    1.02    0.00    0.00    0.00   89.57
21:56:08     all    8.40    0.00    1.27    0.00    0.00    0.76    0.00    0.00    0.00   89.57
21:56:09     all    8.86    0.00    1.27    0.00    0.00    1.01    0.00    0.00    0.00   88.86
21:56:10     all    8.86    0.00    1.52    0.00    0.00    0.76    0.00    0.00    0.00   88.86
21:56:11     all    8.91    0.00    1.27    0.00    0.00    0.76    0.00    0.00    0.00   89.06
21:56:12     all    8.65    0.00    1.02    0.25    0.00    1.02    0.00    0.00    0.00   89.06
21:56:13     all    8.61    0.00    0.76    0.00    0.00    1.27    0.00    0.00    0.00   89.37
21:56:14     all    8.31    0.00    1.51    0.00    0.00    0.76    0.00    0.00    0.00   89.42
21:56:15     all    7.63    0.00    1.27    0.00    0.00    1.02    0.00    0.00    0.00   90.08
21:56:16     all    8.42    0.00    0.77    0.00    0.00    1.02    0.00    0.00    0.00   89.80
21:56:17     all    8.12    0.00    1.52    0.00    0.00    1.02    0.00    0.00    0.00   89.34
21:56:18     all    8.08    0.00    0.76    0.00    0.00    1.26    0.25    0.00    0.00   89.65
21:56:19     all    8.29    0.00    1.51    0.00    0.00    1.01    0.50    0.00    0.00   88.69
21:56:20     all    8.46    0.00    1.28    0.00    0.00    0.26    0.00    0.00    0.00   90.00
21:56:21     all    7.65    0.00    1.02    0.00    0.00    1.28    0.00    0.00    0.00   90.05
21:56:22     all    8.14    0.00    1.27    0.00    0.00    0.76    0.00    0.00    0.00   89.82
21:56:23     all    8.38    0.00    1.27    0.00    0.00    0.51    0.00    0.00    0.00   89.85
21:56:24     all    8.63    0.00    0.76    0.00    0.00    1.02    0.00    0.00    0.00   89.59
21:56:25     all    7.89    0.00    1.02    0.00    0.00    0.76    0.00    0.00    0.00   90.33
21:56:26     all    8.08    0.00    1.26    0.00    0.00    1.01    0.00    0.00    0.00   89.65
21:56:27     all    7.91    0.00    0.77    0.00    0.00    1.02    0.00    0.00    0.00   90.31
21:56:28     all    8.33    0.00    1.26    0.00    0.00    1.01    0.00    0.00    0.00   89.39
21:56:29     all    8.31    0.00    1.01    0.00    0.00    1.51    0.00    0.00    0.00   89.17
21:56:30     all    8.42    0.00    0.51    0.00    0.00    0.77    0.00    0.00    0.00   90.31
21:56:31     all    8.42    0.00    1.02    0.00    0.00    0.77    0.00    0.00    0.00   89.80
21:56:32     all    7.32    0.00    1.52    0.00    0.00    1.52    0.00    0.00    0.00   89.65
21:56:33     all    7.61    0.00    1.52    0.00    0.00    0.76    0.00    0.00    0.00   90.10
21:56:34     all    7.89    0.00    1.02    0.00    0.00    0.76    0.25    0.00    0.00   90.08
21:56:35     all    7.61    0.00    1.27    0.00    0.00    1.02    0.00    0.00    0.00   90.10
21:56:36     all    8.70    0.00    0.51    0.00    0.00    0.77    0.00    0.00    0.00   90.03
21:56:37     all    8.77    0.00    1.25    0.00    0.00    1.00    0.00    0.00    0.00   88.97
21:56:38     all    7.14    0.00    1.79    0.00    0.00    0.77    0.00    0.00    0.00   90.31
21:56:39     all    8.38    0.00    0.76    0.00    0.00    1.02    0.00    0.00    0.00   89.85
21:56:40     all    8.63    0.00    1.02    0.00    0.00    0.76    0.00    0.00    0.00   89.59
21:56:41     all    8.35    0.00    1.27    0.00    0.00    1.01    0.00    0.00    0.00   89.37
21:56:42     all    8.40    0.00    1.02    0.00    0.00    0.51    0.00    0.00    0.00   90.08
21:56:43     all    7.65    0.00    1.02    0.00    0.00    1.28    0.00    0.00    0.00   90.05
21:56:44     all    7.81    0.00    1.51    0.25    0.00    1.26    0.00    0.00    0.00   89.17
21:56:45     all    8.10    0.00    1.27    0.00    0.00    1.01    0.00    0.00    0.00   89.62
21:56:46     all    8.59    0.00    0.76    0.00    0.00    1.26    0.00    0.00    0.00   89.39
21:56:47     all    7.91    0.00    1.02    0.00    0.00    0.77    0.00    0.00    0.00   90.31
21:56:48     all    7.65    0.00    1.02    0.00    0.00    1.02    0.00    0.00    0.00   90.31
21:56:49     all    8.38    0.00    1.02    0.00    0.00    0.76    0.00    0.00    0.00   89.85
21:56:50     all    7.87    0.00    1.27    0.00    0.00    0.76    0.00    0.00    0.00   90.10
21:56:51     all    7.83    0.00    1.26    0.00    0.00    1.01    0.00    0.00    0.00   89.90
21:56:52     all    7.91    0.00    0.77    0.00    0.00    1.02    0.00    0.00    0.00   90.31
21:56:53     all    8.06    0.00    1.26    0.00    0.00    0.76    0.50    0.00    0.00   89.42
21:56:54     all    7.97    0.00    0.77    0.00    0.00    0.77    0.00    0.00    0.00   90.49
21:56:55     all    7.81    0.00    1.26    0.00    0.00    1.01    0.25    0.00    0.00   89.67
21:56:56     all    8.10    0.00    1.27    0.00    0.00    1.01    0.00    0.00    0.00   89.62
21:56:57     all    7.61    0.00    1.02    0.00    0.00    1.02    0.00    0.00    0.00   90.36
21:56:58     all    8.38    0.00    1.02    0.00    0.00    0.51    0.00    0.00    0.00   90.10
21:56:59     all    7.59    0.00    1.27    0.00    0.00    1.52    0.00    0.00    0.00   89.62
21:57:00     all    8.88    0.00    1.27    0.00    0.00    0.25    0.00    0.00    0.00   89.59
21:57:01     all    8.59    0.00    1.01    0.00    0.00    0.76    0.00    0.00    0.00   89.65
21:57:02     all    7.91    0.00    1.02    0.00    0.00    0.77    0.00    0.00    0.00   90.31
21:57:03     all    7.63    0.00    1.27    0.00    0.00    1.02    0.00    0.00    0.00   90.08
21:57:04     all    7.87    0.00    0.76    0.00    0.00    1.02    0.00    0.00    0.00   90.36
21:57:05     all    7.40    0.00    1.02    0.00    0.00    1.28    0.00    0.00    0.00   90.31
21:57:06     all    8.12    0.00    1.02    0.00    0.00    0.51    0.00    0.00    0.00   90.36
21:57:07     all    8.10    0.00    1.27    0.00    0.00    0.76    0.00    0.00    0.00   89.87
21:57:08     all    7.87    0.00    1.02    0.00    0.00    1.02    0.00    0.00    0.00   90.10
21:57:09     all    8.38    0.00    0.76    0.00    0.00    0.76    0.00    0.00    0.00   90.10
21:57:10     all    7.38    0.00    1.27    0.00    0.00    1.02    0.25    0.00    0.00   90.08
21:57:11     all    7.61    0.00    1.02    0.00    0.00    1.02    0.00    0.00    0.00   90.36
21:57:12     all    8.56    0.00    1.01    0.00    0.00    1.01    0.00    0.00    0.00   89.42
21:57:13     all    7.63    0.00    1.78    0.00    0.00    0.76    0.00    0.00    0.00   89.82
21:57:14     all    7.67    0.00    0.77    0.00    0.00    1.02    0.00    0.00    0.00   90.54
21:57:15     all    7.61    0.00    1.02    0.00    0.00    1.02    0.00    0.00    0.00   90.36
21:57:16     all    7.85    0.00    1.52    0.00    0.00    0.76    0.00    0.00    0.00   89.87
21:57:17     all    8.35    0.00    1.27    0.00    0.00    1.01    0.00    0.00    0.00   89.37
21:57:18     all    7.83    0.00    1.01    0.00    0.00    1.01    0.00    0.00    0.00   90.15
21:57:19     all    8.10    0.00    0.51    0.00    0.00    0.76    0.00    0.00    0.00   90.63
21:57:20     all    8.16    0.00    1.28    0.00    0.00    1.02    0.00    0.00    0.00   89.54
21:57:21     all    8.14    0.00    1.02    0.00    0.00    1.02    0.00    0.00    0.00   89.82
21:57:22     all    8.12    0.00    1.27    0.00    0.00    0.51    0.00    0.00    0.00   90.10
21:57:23     all    7.87    0.00    1.27    0.00    0.00    1.02    0.00    0.00    0.00   89.85
21:57:24     all    8.06    0.00    1.01    0.00    0.00    1.01    0.00    0.00    0.00   89.92
21:57:25     all    8.35    0.00    1.52    0.00    0.00    0.76    0.25    0.00    0.00   89.11
21:57:26     all    8.35    0.00    0.51    0.00    0.00    1.01    0.25    0.00    0.00   89.87
21:57:27     all    7.40    0.00    1.02    0.00    0.00    1.02    0.00    0.00    0.00   90.56
21:57:28     all    8.08    0.00    1.01    0.00    0.00    1.01    0.00    0.00    0.00   89.90
21:57:29     all    7.67    0.00    1.28    0.00    0.00    0.51    0.00    0.00    0.00   90.54
21:57:30     all    8.35    0.00    1.01    0.00    0.00    1.27    0.00    0.00    0.00   89.37
21:57:31     all    7.89    0.00    1.27    0.00    0.00    0.76    0.00    0.00    0.00   90.08
21:57:32     all    7.61    0.00    1.02    0.00    0.00    1.02    0.25    0.00    0.00   90.10
21:57:33     all    8.12    0.00    1.02    0.00    0.00    0.76    0.00    0.00    0.00   90.10
21:57:34     all    8.14    0.00    0.51    0.00    0.00    0.76    0.00    0.00    0.00   90.59
21:57:35     all    8.31    0.00    1.01    0.00    0.00    1.26    0.00    0.00    0.00   89.42
21:57:36     all    7.36    0.00    1.02    0.00    0.00    1.27    0.00    0.00    0.00   90.36
21:57:37     all    7.91    0.00    1.02    0.00    0.00    0.51    0.00    0.00    0.00   90.56
21:57:38     all    8.04    0.00    1.26    0.00    0.00    1.26    0.00    0.00    0.00   89.45
21:57:39     all    7.65    0.00    0.51    0.00    0.00    1.02    0.00    0.00    0.00   90.82
21:57:40     all    8.56    0.00    1.26    0.00    0.00    0.76    0.00    0.00    0.00   89.42
21:57:41     all    7.63    0.00    0.76    0.00    0.00    1.02    0.00    0.00    0.00   90.59
21:57:42     all    8.18    0.00    1.02    0.00    0.00    0.26    0.00    0.00    0.00   90.54
21:57:43     all    8.59    0.00    1.01    0.00    0.00    0.76    0.00    0.00    0.00   89.65
21:57:44     all    7.65    0.00    1.28    0.00    0.00    1.02    0.00    0.00    0.00   90.05
21:57:45     all    7.87    0.00    0.76    0.00    0.00    0.76    0.00    0.00    0.00   90.61
21:57:46     all    7.61    0.00    1.02    0.00    0.00    0.76    0.00    0.00    0.00   90.61
21:57:47     all    8.79    0.00    0.75    0.00    0.00    1.51    0.25    0.00    0.00   88.69
21:57:48     all    7.91    0.00    1.28    0.26    0.00    0.77    0.00    0.00    0.00   89.80
21:57:49     all    7.89    0.00    0.76    0.00    0.00    0.76    0.00    0.00    0.00   90.59
21:57:50     all    7.34    0.00    1.52    0.00    0.00    1.27    0.00    0.00    0.00   89.87
21:57:51     all    9.07    0.00    1.01    0.00    0.00    0.76    0.00    0.00    0.00   89.17
21:57:52     all    8.31    0.00    1.26    0.00    0.00    1.51    0.00    0.00    0.00   88.92
21:57:53     all    8.14    0.00    1.02    0.00    0.00    0.76    0.00    0.00    0.00   90.08
21:57:54     all    8.61    0.00    0.76    0.00    0.00    1.01    0.00    0.00    0.00   89.62
21:57:55     all    7.63    0.00    1.27    0.00    0.00    0.76    0.00    0.00    0.00   90.33
21:57:56     all    8.14    0.00    1.02    0.00    0.00    0.51    0.00    0.00    0.00   90.33
21:57:57     all    8.10    0.00    0.76    0.00    0.00    1.27    0.00    0.00    0.00   89.87
21:57:58     all    8.88    0.00    0.76    0.00    0.00    0.51    0.00    0.00    0.00   89.85
21:57:59     all    8.38    0.00    1.02    0.25    0.00    0.76    0.00    0.00    0.00   89.59
21:58:00     all    8.31    0.00    1.26    0.00    0.00    1.01    0.25    0.00    0.00   89.17
21:58:01     all    7.40    0.00    0.77    0.00    0.00    1.28    0.26    0.00    0.00   90.31
21:58:02     all    7.87    0.00    1.27    0.00    0.00    0.76    0.00    0.00    0.00   90.10
21:58:03     all    7.65    0.00    1.02    0.00    0.00    0.77    0.00    0.00    0.00   90.56
21:58:04     all    8.14    0.00    1.02    0.00    0.00    0.51    0.00    0.00    0.00   90.33
21:58:05     all    8.08    0.00    1.26    0.25    0.00    1.26    0.00    0.00    0.00   89.14
21:58:06     all    8.33    0.00    1.01    0.00    0.00    0.76    0.00    0.00    0.00   89.90
21:58:07     all    8.08    0.00    1.26    0.00    0.00    1.01    0.00    0.00    0.00   89.65
21:58:08     all    8.14    0.00    1.02    0.00    0.00    0.76    0.00    0.00    0.00   90.08
21:58:09     all    8.27    0.00    1.25    0.00    0.00    1.25    0.00    0.00    0.00   89.22
21:58:10     all    7.93    0.00    1.28    0.00    0.00    0.51    0.00    0.00    0.00   90.28
21:58:11     all    8.06    0.00    1.01    0.00    0.00    1.51    0.25    0.00    0.00   89.17
21:58:12     all    3.81    0.00    0.51    0.00    0.00    0.00    0.00    0.00    0.00   95.69
21:58:13     all    5.60    0.00    1.02    0.00    0.00    0.76    0.00    0.00    0.00   92.62
21:58:14     all    6.82    0.00    0.76    0.00    0.00    0.51    0.00    0.00    0.00   91.92
21:58:15     all    7.11    0.00    1.02    0.00    0.00    1.02    0.00    0.00    0.00   90.86
21:58:16     all    7.58    0.00    1.26    0.00    0.00    1.01    0.00    0.00    0.00   90.15
21:58:17     all    7.63    0.00    1.27    0.00    0.00    1.02    0.00    0.00    0.00   90.08
21:58:18     all    8.08    0.00    0.51    0.00    0.00    1.01    0.00    0.00    0.00   90.40
21:58:19     all    8.04    0.00    1.26    0.00    0.00    1.26    0.00    0.00    0.00   89.45
21:58:20     all    7.69    0.00    1.03    0.00    0.00    0.77    0.00    0.00    0.00   90.51
21:58:21     all    8.54    0.00    1.26    0.00    0.00    0.75    0.00    0.00    0.00   89.45
21:58:22     all    7.85    0.00    1.27    0.00    0.00    1.27    0.00    0.00    0.00   89.62
21:58:23     all    8.14    0.00    0.76    0.00    0.00    1.27    0.00    0.00    0.00   89.82
21:58:24     all    8.33    0.00    1.26    0.00    0.00    0.76    0.00    0.00    0.00   89.65
21:58:25     all    7.85    0.00    1.01    0.00    0.00    1.01    0.25    0.00    0.00   89.87
21:58:26     all    7.63    0.00    1.02    0.00    0.00    1.27    0.00    0.00    0.00   90.08
21:58:27     all    8.04    0.00    1.26    0.00    0.00    1.01    0.00    0.00    0.00   89.70
21:58:28     all    7.63    0.00    1.02    0.00    0.00    0.76    0.00    0.00    0.00   90.59
21:58:29     all    8.12    0.00    0.76    0.00    0.00    1.27    0.00    0.00    0.00   89.85
21:58:30     all    7.42    0.00    1.02    0.00    0.00    0.77    0.00    0.00    0.00   90.79
21:58:31     all    7.54    0.00    1.26    0.25    0.00    1.01    0.00    0.00    0.00   89.95
21:58:32     all    7.11    0.00    1.27    0.00    0.00    0.76    0.00    0.00    0.00   90.86
21:58:33     all    7.87    0.00    1.02    0.00    0.00    0.76    0.00    0.00    0.00   90.36
21:58:34     all    7.81    0.00    1.01    0.00    0.00    1.01    0.00    0.00    0.00   90.18
21:58:35     all    8.10    0.00    1.27    0.00    0.00    1.01    0.25    0.00    0.00   89.37
21:58:36     all    7.34    0.00    1.01    0.00    0.00    1.27    0.00    0.00    0.00   90.38
21:58:37     all    8.10    0.00    1.01    0.00    0.00    0.76    0.25    0.00    0.00   89.87
21:58:38     all    7.91    0.00    0.77    0.00    0.00    1.02    0.00    0.00    0.00   90.31
21:58:39     all    8.06    0.00    1.01    0.00    0.00    1.01    0.00    0.00    0.00   89.92
21:58:40     all    7.83    0.00    1.52    0.00    0.00    1.01    0.00    0.00    0.00   89.65
21:58:41     all    7.91    0.00    1.28    0.00    0.00    0.51    0.00    0.00    0.00   90.31
21:58:42     all    7.89    0.00    1.27    0.00    0.00    1.02    0.00    0.00    0.00   89.82
21:58:43     all    8.12    0.00    0.76    0.00    0.00    1.27    0.00    0.00    0.00   89.85
21:58:44     all    7.59    0.00    1.01    0.00    0.00    1.27    0.00    0.00    0.00   90.13
21:58:45     all    7.34    0.00    1.52    0.00    0.00    0.76    0.00    0.00    0.00   90.38
21:58:46     all    8.18    0.00    0.77    0.00    0.00    1.02    0.00    0.00    0.00   90.03
21:58:47     all    7.87    0.00    1.27    0.00    0.00    1.02    0.00    0.00    0.00   89.85
21:58:48     all    7.12    0.00    1.27    0.00    0.00    0.76    0.25    0.00    0.00   90.59
21:58:49     all    8.16    0.00    1.28    0.00    0.00    0.00    0.00    0.00    0.00   90.56
21:58:50     all    7.40    0.00    1.02    0.00    0.00    1.28    0.00    0.00    0.00   90.31
21:58:51     all    8.38    0.00    0.76    0.00    0.00    1.02    0.00    0.00    0.00   89.85
21:58:52     all    7.40    0.00    1.28    0.00    0.00    0.51    0.00    0.00    0.00   90.82
21:58:53     all    8.56    0.00    1.26    0.00    0.00    0.76    0.00    0.00    0.00   89.42
21:58:54     all    7.93    0.00    1.02    0.00    0.00    1.28    0.00    0.00    0.00   89.77
21:58:55     all    8.59    0.00    1.01    0.00    0.00    0.76    0.00    0.00    0.00   89.65
21:58:56     all    7.63    0.00    1.02    0.00    0.00    1.27    0.00    0.00    0.00   90.08
21:58:57     all    8.08    0.00    1.01    0.00    0.00    0.76    0.00    0.00    0.00   90.15
21:58:58     all    8.12    0.00    1.27    0.00    0.00    0.76    0.00    0.00    0.00   89.85
21:58:59     all    8.38    0.00    1.02    0.00    0.00    1.02    0.00    0.00    0.00   89.59
21:59:00     all    7.93    0.00    0.77    0.00    0.00    0.77    0.00    0.00    0.00   90.54
21:59:01     all    7.85    0.00    1.52    0.00    0.00    1.01    0.00    0.00    0.00   89.62
21:59:02     all    7.95    0.00    0.77    0.00    0.00    1.03    0.00    0.00    0.00   90.26
21:59:03     all    8.12    0.00    1.27    0.00    0.00    1.02    0.00    0.00    0.00   89.59
21:59:04     all    7.65    0.00    1.02    0.00    0.00    0.77    0.00    0.00    0.00   90.56
21:59:05     all    8.56    0.00    1.01    0.00    0.00    1.26    0.00    0.00    0.00   89.17
21:59:06     all    7.40    0.00    1.53    0.00    0.00    0.77    0.26    0.00    0.00   90.05
21:59:07     all    8.12    0.00    0.76    0.00    0.00    1.02    0.00    0.00    0.00   90.10
21:59:08     all    7.89    0.00    1.02    0.00    0.00    0.76    0.00    0.00    0.00   90.33
21:59:09     all    8.08    0.00    1.52    0.00    0.00    0.76    0.00    0.00    0.00   89.65
21:59:10     all    8.35    0.00    0.76    0.00    0.00    1.01    0.25    0.00    0.00   89.62
21:59:11     all    8.18    0.00    0.51    0.00    0.00    0.51    0.00    0.00    0.00   90.79
21:59:12     all    7.87    0.00    1.52    0.00    0.00    1.02    0.00    0.00    0.00   89.59
21:59:13     all    8.31    0.00    0.76    0.00    0.00    1.01    0.00    0.00    0.00   89.92
21:59:14     all    7.93    0.00    1.28    0.00    0.00    0.51    0.00    0.00    0.00   90.28
21:59:15     all    8.38    0.00    0.76    0.00    0.00    1.02    0.00    0.00    0.00   89.85
21:59:16     all    8.06    0.00    1.51    0.00    0.00    1.01    0.25    0.00    0.00   89.17
21:59:17     all    7.63    0.00    1.27    0.00    0.00    1.02    0.00    0.00    0.00   90.08
21:59:18     all    7.67    0.00    1.02    0.00    0.00    0.77    0.00    0.00    0.00   90.54
21:59:19     all    7.93    0.00    1.02    0.00    0.00    0.51    0.00    0.00    0.00   90.54
21:59:20     all    7.87    0.00    1.27    0.00    0.00    1.02    0.00    0.00    0.00   89.85
21:59:21     all    8.31    0.00    1.26    0.00    0.00    0.76    0.00    0.00    0.00   89.67
21:59:22     all    8.33    0.00    1.01    0.00    0.00    1.01    0.00    0.00    0.00   89.65
21:59:23     all    8.16    0.00    1.02    0.00    0.00    0.77    0.00    0.00    0.00   90.05
21:59:24     all    8.08    0.00    1.26    0.00    0.00    1.26    0.00    0.00    0.00   89.39
21:59:25     all    7.89    0.00    0.76    0.00    0.00    0.76    0.00    0.00    0.00   90.59
21:59:26     all    8.59    0.00    1.01    0.00    0.00    1.01    0.25    0.00    0.00   89.14
21:59:27     all    7.91    0.00    0.77    0.00    0.00    0.77    0.00    0.00    0.00   90.56
21:59:28     all    8.33    0.00    1.52    0.00    0.00    1.01    0.00    0.00    0.00   89.14
21:59:29     all    7.65    0.00    1.02    0.00    0.00    1.02    0.00    0.00    0.00   90.31
21:59:30     all    8.12    0.00    1.02    0.00    0.00    1.02    0.00    0.00    0.00   89.85
21:59:31     all    7.36    0.00    1.27    0.00    0.00    1.02    0.00    0.00    0.00   90.36
21:59:32     all    8.18    0.00    0.77    0.00    0.00    0.51    0.00    0.00    0.00   90.54
21:59:33     all    8.33    0.00    0.51    0.00    0.00    1.52    0.00    0.00    0.00   89.65
21:59:34     all    8.12    0.00    1.02    0.00    0.00    0.76    0.00    0.00    0.00   90.10
21:59:35     all    8.08    0.00    0.76    0.00    0.00    1.01    0.00    0.00    0.00   90.15
21:59:36     all    7.89    0.00    0.76    0.00    0.00    1.27    0.00    0.00    0.00   90.08
21:59:37     all    8.16    0.00    1.02    0.00    0.00    0.51    0.00    0.00    0.00   90.31
21:59:38     all    7.83    0.00    1.01    0.00    0.00    1.26    0.00    0.00    0.00   89.90
21:59:39     all    8.16    0.00    1.28    0.00    0.00    0.77    0.00    0.00    0.00   89.80
21:59:40     all    7.59    0.00    1.27    0.00    0.00    0.76    0.00    0.00    0.00   90.38
21:59:41     all    8.35    0.00    1.27    0.00    0.00    1.01    0.00    0.00    0.00   89.37
21:59:42     all    7.89    0.00    1.02    0.00    0.00    1.27    0.00    0.00    0.00   89.82
21:59:43     all    8.33    0.00    0.76    0.00    0.00    0.76    0.25    0.00    0.00   89.90
21:59:44     all    8.08    0.00    1.01    0.00    0.00    0.76    0.00    0.00    0.00   90.15
21:59:45     all    7.38    0.00    1.27    0.00    0.00    1.02    0.00    0.00    0.00   90.33
21:59:46     all    8.56    0.00    0.76    0.00    0.00    0.76    0.25    0.00    0.00   89.67
21:59:47     all    7.34    0.00    1.01    0.00    0.00    1.27    0.00    0.00    0.00   90.38
21:59:48     all    7.87    0.00    1.27    0.00    0.00    1.02    0.00    0.00    0.00   89.85
21:59:49     all    7.89    0.00    0.76    0.00    0.00    0.76    0.00    0.00    0.00   90.59
21:59:50     all    7.16    0.00    1.02    0.00    0.00    1.28    0.00    0.00    0.00   90.54
21:59:51     all    8.14    0.00    1.27    0.00    0.00    0.76    0.00    0.00    0.00   89.82
21:59:52     all    8.12    0.00    0.76    0.00    0.00    0.51    0.25    0.00    0.00   90.36
21:59:53     all    8.08    0.00    1.01    0.25    0.00    1.52    0.00    0.00    0.00   89.14
21:59:54     all    8.18    0.00    1.28    0.00    0.00    0.77    0.00    0.00    0.00   89.77
21:59:55     all    8.14    0.00    1.02    0.00    0.00    0.76    0.00    0.00    0.00   90.08
21:59:56     all    8.35    0.00    1.01    0.00    0.00    1.01    0.00    0.00    0.00   89.62
21:59:57     all    7.38    0.00    1.27    0.00    0.00    1.02    0.00    0.00    0.00   90.33
21:59:58     all    7.87    0.00    1.27    0.00    0.00    1.02    0.00    0.00    0.00   89.85
21:59:59     all    8.65    0.00    0.76    0.00    0.00    0.76    0.00    0.00    0.00   89.82
22:00:00     all    8.86    0.00    1.01    0.00    0.00    0.76    0.00    0.00    0.00   89.37
22:00:01     all    7.85    0.00    1.27    0.00    0.00    1.27    0.00    0.00    0.00   89.62
22:00:02     all    8.10    0.00    1.27    0.00    0.00    0.76    0.25    0.00    0.00   89.62
22:00:03     all    7.83    0.00    1.52    0.00    0.00    1.01    0.00    0.00    0.00   89.65
22:00:04     all    7.40    0.00    0.77    0.00    0.00    1.28    0.00    0.00    0.00   90.56
22:00:05     all    8.38    0.00    1.02    0.00    0.00    0.51    0.00    0.00    0.00   90.10
22:00:06     all    7.38    0.00    1.27    0.00    0.00    1.02    0.00    0.00    0.00   90.33
22:00:07     all    8.86    0.00    1.01    0.00    0.00    0.51    0.00    0.00    0.00   89.62
22:00:08     all    8.35    0.00    0.76    0.00    0.00    1.01    0.00    0.00    0.00   89.87
22:00:09     all    7.40    0.00    1.28    0.00    0.00    1.02    0.00    0.00    0.00   90.31
22:00:10     all    8.38    0.00    1.02    0.00    0.00    0.51    0.00    0.00    0.00   90.10
22:00:11     all    8.27    0.00    1.00    0.00    0.00    1.50    0.00    0.00    0.00   89.22
22:00:12     all    7.46    0.00    0.77    0.00    0.00    0.26    0.00    0.00    0.00   91.52
22:00:13     all    8.33    0.00    0.76    0.00    0.00    1.52    0.00    0.00    0.00   89.39
22:00:14     all    8.10    0.00    1.27    0.00    0.00    0.51    0.00    0.00    0.00   90.13
22:00:15     all    8.33    0.00    0.76    0.00    0.00    1.26    0.00    0.00    0.00   89.65
22:00:16     all    7.42    0.00    1.28    0.00    0.00    0.77    0.00    0.00    0.00   90.54
22:00:17     all    8.14    0.00    0.76    0.00    0.00    0.76    0.00    0.00    0.00   90.33
22:00:18     all    7.63    0.00    1.02    0.00    0.00    1.02    0.00    0.00    0.00   90.33
22:00:19     all    7.85    0.00    1.27    0.00    0.00    1.01    0.00    0.00    0.00   89.87
22:00:20     all    7.89    0.00    0.76    0.00    0.00    1.02    0.00    0.00    0.00   90.33
22:00:21     all    8.14    0.00    1.53    0.00    0.00    0.51    0.00    0.00    0.00   89.82
22:00:22     all    7.65    0.00    0.77    0.00    0.00    1.02    0.26    0.00    0.00   90.31
22:00:23     all    8.06    0.00    1.51    0.00    0.00    1.01    0.25    0.00    0.00   89.17
22:00:24     all    7.67    0.00    0.77    0.00    0.00    1.28    0.00    0.00    0.00   90.28
22:00:25     all    8.14    0.00    1.27    0.00    0.00    0.51    0.00    0.00    0.00   90.08
22:00:26     all    8.08    0.00    1.01    0.00    0.00    1.26    0.00    0.00    0.00   89.65
22:00:27     all    8.59    0.00    1.52    0.00    0.00    0.76    0.25    0.00    0.00   88.89
22:00:28     all    8.06    0.00    1.51    0.00    0.00    1.26    0.00    0.00    0.00   89.17
22:00:29     all    7.69    0.00    0.77    0.00    0.00    1.03    0.00    0.00    0.00   90.51
22:00:30     all    8.10    0.00    1.01    0.00    0.00    1.01    0.00    0.00    0.00   89.87
22:00:31     all    8.16    0.00    0.77    0.00    0.00    0.77    0.00    0.00    0.00   90.31
22:00:32     all    7.61    0.00    1.02    0.00    0.00    1.27    0.00    0.00    0.00   90.10
22:00:33     all    7.83    0.00    1.52    0.00    0.00    1.01    0.00    0.00    0.00   89.65
22:00:34     all    8.14    0.00    1.02    0.00    0.00    0.76    0.00    0.00    0.00   90.08
22:00:35     all    8.10    0.00    1.01    0.00    0.00    1.01    0.00    0.00    0.00   89.87
22:00:36     all    7.87    0.00    1.27    0.00    0.00    0.51    0.00    0.00    0.00   90.36
22:00:37     all    7.87    0.00    0.76    0.00    0.00    1.02    0.25    0.00    0.00   90.10
22:00:38     all    7.87    0.00    1.02    0.25    0.00    1.02    0.00    0.00    0.00   89.85
22:00:39     all    7.61    0.00    1.52    0.00    0.00    0.76    0.00    0.00    0.00   90.10
22:00:40     all    8.84    0.00    0.76    0.00    0.00    1.01    0.00    0.00    0.00   89.39
22:00:41     all    7.83    0.00    1.01    0.00    0.00    1.26    0.00    0.00    0.00   89.90
22:00:42     all    8.10    0.00    0.76    0.00    0.00    1.01    0.00    0.00    0.00   90.13
22:00:43     all    7.42    0.00    1.02    0.00    0.00    0.77    0.00    0.00    0.00   90.79
22:00:44     all    8.35    0.00    0.76    0.00    0.00    1.01    0.00    0.00    0.00   89.87
22:00:45     all    7.85    0.00    1.27    0.00    0.00    1.27    0.00    0.00    0.00   89.62
22:00:46     all    7.89    0.00    0.76    0.00    0.00    0.76    0.00    0.00    0.00   90.59
22:00:47     all    8.10    0.00    1.01    0.00    0.00    1.01    0.00    0.00    0.00   89.87
22:00:48     all    7.85    0.00    1.01    0.00    0.00    1.27    0.00    0.00    0.00   89.87
22:00:49     all    7.59    0.00    1.01    0.00    0.00    1.01    0.00    0.00    0.00   90.38
22:00:50     all    8.35    0.00    1.01    0.00    0.00    1.27    0.00    0.00    0.00   89.37
22:00:51     all    7.24    0.00    0.78    0.00    0.00    0.52    0.00    0.00    0.00   91.47
22:00:52     all    8.27    0.00    1.25    0.00    0.00    1.25    0.00    0.00    0.00   89.22
22:00:53     all    7.87    0.00    1.27    0.00    0.00    0.76    0.00    0.00    0.00   90.10
22:00:54     all    7.81    0.00    0.76    0.50    0.00    1.01    0.00    0.00    0.00   89.92
22:00:55     all    7.12    0.00    1.27    0.00    0.00    1.02    0.00    0.00    0.00   90.59
22:00:56     all    7.56    0.00    1.51    0.00    0.00    1.26    0.25    0.00    0.00   89.42
22:00:57     all    7.89    0.00    1.02    0.00    0.00    1.27    0.00    0.00    0.00   89.82
22:00:58     all    8.08    0.00    1.01    0.25    0.00    0.25    0.25    0.00    0.00   90.15
22:00:59     all    8.08    0.00    1.01    0.00    0.00    1.26    0.00    0.00    0.00   89.65
22:01:00     all    7.89    0.00    0.76    0.00    0.00    0.76    0.00    0.00    0.00   90.59
22:01:01     all    8.14    0.00    1.02    0.00    0.00    0.76    0.00    0.00    0.00   90.08
22:01:02     all    8.54    0.00    1.01    0.00    0.00    1.26    0.00    0.00    0.00   89.20
22:01:03     all    7.85    0.00    1.52    0.00    0.00    1.01    0.25    0.00    0.00   89.37
22:01:04     all    7.89    0.00    1.02    0.00    0.00    1.02    0.00    0.00    0.00   90.08
22:01:05     all    8.16    0.00    0.51    0.00    0.00    1.02    0.00    0.00    0.00   90.31
22:01:06     all    7.59    0.00    1.27    0.00    0.00    1.27    0.00    0.00    0.00   89.87
22:01:07     all    7.83    0.00    1.01    0.00    0.00    1.01    0.00    0.00    0.00   90.15
22:01:08     all    7.16    0.00    1.02    0.00    0.00    1.02    0.00    0.00    0.00   90.79
22:01:09     all    7.85    0.00    1.01    0.00    0.00    0.76    0.00    0.00    0.00   90.38
22:01:10     all    7.89    0.00    1.02    0.00    0.00    0.76    0.00    0.00    0.00   90.33
22:01:11     all    8.40    0.00    1.02    0.00    0.00    0.51    0.00    0.00    0.00   90.08
22:01:12     all    5.28    0.00    0.75    0.00    0.00    1.26    0.00    0.00    0.00   92.71
22:01:13     all    4.82    0.00    1.02    0.00    0.00    0.25    0.00    0.00    0.00   93.91
22:01:14     all    6.36    0.00    0.51    0.00    0.00    1.02    0.00    0.00    0.00   92.11
22:01:15     all    8.04    0.00    1.26    0.00    0.00    0.75    0.00    0.00    0.00   89.95
22:01:16     all    7.36    0.00    1.02    0.00    0.00    0.51    0.00    0.00    0.00   91.12
22:01:17     all    7.36    0.00    1.02    0.00    0.00    1.27    0.00    0.00    0.00   90.36
22:01:18     all    7.36    0.00    1.27    0.00    0.00    0.51    0.25    0.00    0.00   90.61
22:01:19     all    7.63    0.00    0.51    0.00    0.00    1.53    0.00    0.00    0.00   90.33
22:01:20     all    7.67    0.00    1.28    0.00    0.00    0.51    0.00    0.00    0.00   90.54
22:01:21     all    7.79    0.00    1.26    0.00    0.00    1.26    0.00    0.00    0.00   89.70
22:01:22     all    8.42    0.00    1.02    0.00    0.00    0.51    0.00    0.00    0.00   90.05
22:01:23     all    8.02    0.00    1.25    0.00    0.00    1.25    0.00    0.00    0.00   89.47
22:01:24     all    8.40    0.00    0.76    0.00    0.00    1.02    0.00    0.00    0.00   89.82
22:01:25     all    8.33    0.00    1.01    0.00    0.00    1.01    0.00    0.00    0.00   89.65
22:01:26     all    8.84    0.00    1.01    0.00    0.00    1.01    0.00    0.00    0.00   89.14
22:01:27     all    7.40    0.00    1.02    0.00    0.00    1.02    0.00    0.00    0.00   90.56
22:01:28     all    8.29    0.00    1.26    0.00    0.00    0.75    0.00    0.00    0.00   89.70
22:01:29     all    7.67    0.00    1.28    0.00    0.00    0.77    0.00    0.00    0.00   90.28
22:01:30     all    8.86    0.00    0.51    0.00    0.00    0.76    0.25    0.00    0.00   89.62
22:01:31     all    8.10    0.00    1.01    0.00    0.00    1.01    0.00    0.00    0.00   89.87
22:01:32     all    7.04    0.00    0.75    0.00    0.00    1.01    0.00    0.00    0.00   91.21
22:01:33     all    7.07    0.00    1.01    0.00    0.00    1.01    0.00    0.00    0.00   90.91
22:01:34     all    6.91    0.00    1.28    0.00    0.00    0.51    0.00    0.00    0.00   91.30
22:01:35     all    8.54    0.00    0.75    0.00    0.00    1.26    0.25    0.00    0.00   89.20
22:01:36     all    7.87    0.00    1.52    0.00    0.00    0.51    0.00    0.00    0.00   90.10
22:01:37     all    7.87    0.00    0.51    0.00    0.00    1.27    0.00    0.00    0.00   90.36
22:01:38     all    7.91    0.00    1.02    0.00    0.00    0.77    0.00    0.00    0.00   90.31
22:01:39     all    8.38    0.00    1.02    0.00    0.00    0.76    0.00    0.00    0.00   89.85
22:01:40     all    8.12    0.00    1.02    0.00    0.00    1.02    0.00    0.00    0.00   89.85
22:01:41     all    7.67    0.00    0.77    0.00    0.00    0.77    0.26    0.00    0.00   90.54
22:01:42     all    8.35    0.00    1.01    0.00    0.00    1.27    0.00    0.00    0.00   89.37
22:01:43     all    8.44    0.00    0.51    0.00    0.00    0.51    0.00    0.00    0.00   90.54
22:01:44     all    8.08    0.00    1.01    0.00    0.00    0.76    0.00    0.00    0.00   90.15
22:01:45     all    8.14    0.00    0.76    0.00    0.00    0.76    0.00    0.00    0.00   90.33
22:01:46     all    8.06    0.00    1.76    0.00    0.00    0.76    0.00    0.00    0.00   89.42
22:01:47     all    7.89    0.00    0.76    0.00    0.00    1.02    0.00    0.00    0.00   90.33
22:01:48     all    8.38    0.00    1.27    0.00    0.00    0.51    0.00    0.00    0.00   89.85
22:01:49     all    7.89    0.00    0.76    0.00    0.00    1.02    0.00    0.00    0.00   90.33
22:01:50     all    7.61    0.00    1.02    0.00    0.00    1.02    0.00    0.00    0.00   90.36
22:01:51     all    8.06    0.00    1.51    0.00    0.00    0.76    0.00    0.00    0.00   89.67
22:01:52     all    7.67    0.00    1.02    0.00    0.00    0.77    0.00    0.00    0.00   90.54
22:01:53     all    8.10    0.00    0.76    0.00    0.00    1.27    0.00    0.00    0.00   89.87
22:01:54     all    8.08    0.00    1.01    0.00    0.00    1.01    0.00    0.00    0.00   89.90
22:01:55     all    8.12    0.00    1.02    0.00    0.00    0.76    0.25    0.00    0.00   89.85
22:01:56     all    8.12    0.00    0.76    0.00    0.00    0.76    0.00    0.00    0.00   90.36
22:01:57     all    6.84    0.00    1.01    0.00    0.00    0.76    0.00    0.00    0.00   91.39
22:01:58     all    7.87    0.00    1.02    0.00    0.00    1.02    0.00    0.00    0.00   90.10
22:01:59     all    8.61    0.00    0.51    0.00    0.00    1.01    0.00    0.00    0.00   89.87
22:02:00     all    7.40    0.00    1.28    0.00    0.00    0.77    0.00    0.00    0.00   90.56
22:02:01     all    8.12    0.00    0.76    0.00    0.00    1.02    0.00    0.00    0.00   90.10
22:02:02     all    8.42    0.00    0.77    0.00    0.00    0.77    0.00    0.00    0.00   90.05
22:02:03     all    7.83    0.00    1.26    0.00    0.00    1.01    0.00    0.00    0.00   89.90
22:02:04     all    8.14    0.00    0.76    0.00    0.00    1.02    0.00    0.00    0.00   90.08
22:02:05     all    8.31    0.00    1.01    0.00    0.00    1.01    0.25    0.00    0.00   89.42
22:02:06     all    7.40    0.00    0.77    0.00    0.00    1.02    0.00    0.00    0.00   90.82
22:02:07     all    7.61    0.00    1.02    0.00    0.00    1.02    0.00    0.00    0.00   90.36
22:02:08     all    7.79    0.00    1.01    0.25    0.00    1.26    0.00    0.00    0.00   89.70
22:02:09     all    8.12    0.00    1.02    0.00    0.00    1.02    0.00    0.00    0.00   89.85
22:02:10     all    7.59    0.00    1.27    0.00    0.00    1.01    0.00    0.00    0.00   90.13
22:02:11     all    8.10    0.00    0.76    0.00    0.00    1.01    0.00    0.00    0.00   90.13
22:02:12     all    7.89    0.00    0.76    0.00    0.00    0.76    0.00    0.00    0.00   90.59
22:02:13     all    7.32    0.00    1.01    0.00    0.00    1.52    0.25    0.00    0.00   89.90
22:02:14     all    7.89    0.00    1.02    0.00    0.00    1.02    0.00    0.00    0.00   90.08
22:02:15     all    7.61    0.00    1.02    0.00    0.00    1.02    0.00    0.00    0.00   90.36
22:02:16     all    7.91    0.00    1.02    0.00    0.00    0.77    0.00    0.00    0.00   90.31
22:02:17     all    7.85    0.00    0.76    0.00    0.00    1.01    0.25    0.00    0.00   90.13
22:02:18     all    8.33    0.00    0.76    0.00    0.00    1.01    0.00    0.00    0.00   89.90
22:02:19     all    7.89    0.00    0.51    0.00    0.00    1.02    0.00    0.00    0.00   90.59
22:02:20     all    7.87    0.00    1.27    0.00    0.00    0.76    0.00    0.00    0.00   90.10
22:02:21     all    8.12    0.00    1.27    0.00    0.00    0.76    0.00    0.00    0.00   89.85
22:02:22     all    7.87    0.00    1.02    0.00    0.00    1.02    0.00    0.00    0.00   90.10
22:02:23     all    7.89    0.00    1.02    0.00    0.00    1.02    0.00    0.00    0.00   90.08
22:02:24     all    8.02    0.00    1.00    0.00    0.00    1.25    0.00    0.00    0.00   89.72
22:02:25     all    8.10    0.00    1.77    0.00    0.00    0.25    0.00    0.00    0.00   89.87
22:02:26     all    7.89    0.00    0.76    0.00    0.00    1.27    0.00    0.00    0.00   90.08
22:02:27     all    7.61    0.00    1.02    0.00    0.00    0.76    0.00    0.00    0.00   90.61
22:02:28     all    7.81    0.00    0.76    0.00    0.00    1.26    0.00    0.00    0.00   90.18
22:02:29     all    8.08    0.00    1.01    0.00    0.00    0.25    0.00    0.00    0.00   90.66
22:02:30     all    7.38    0.00    0.76    0.00    0.00    1.27    0.00    0.00    0.00   90.59
22:02:31     all    7.89    0.00    1.02    0.00    0.00    0.76    0.00    0.00    0.00   90.33
22:02:32     all    7.89    0.00    0.25    0.00    0.00    1.02    0.00    0.00    0.00   90.84
22:02:33     all    8.06    0.00    1.51    0.00    0.00    0.76    0.00    0.00    0.00   89.67
22:02:34     all    7.81    0.00    0.76    0.00    0.00    1.26    0.25    0.00    0.00   89.92
22:02:35     all    7.38    0.00    1.27    0.25    0.00    0.76    0.00    0.00    0.00   90.33
22:02:36     all    8.33    0.00    0.76    0.00    0.00    1.01    0.00    0.00    0.00   89.90
22:02:37     all    7.61    0.00    1.27    0.00    0.00    0.76    0.00    0.00    0.00   90.36
22:02:38     all    8.59    0.00    1.01    0.00    0.00    1.01    0.00    0.00    0.00   89.39
22:02:39     all    7.61    0.00    1.02    0.00    0.00    0.76    0.25    0.00    0.00   90.36
22:02:40     all    8.56    0.00    1.26    0.25    0.00    1.26    0.00    0.00    0.00   88.66
22:02:41     all    8.40    0.00    0.76    0.00    0.00    0.76    0.00    0.00    0.00   90.08
22:02:42     all    8.38    0.00    1.27    0.00    0.00    1.02    0.00    0.00    0.00   89.34
22:02:43     all    7.63    0.00    1.27    0.00    0.00    0.76    0.00    0.00    0.00   90.33
22:02:44     all    8.31    0.00    1.26    0.00    0.00    0.76    0.00    0.00    0.00   89.67
22:02:45     all    8.12    0.00    0.76    0.00    0.00    1.27    0.00    0.00    0.00   89.85
22:02:46     all    8.06    0.00    1.01    0.00    0.00    0.76    0.00    0.00    0.00   90.18
22:02:47     all    7.11    0.00    1.52    0.00    0.00    1.27    0.00    0.00    0.00   90.10
22:02:48     all    7.65    0.00    0.77    0.00    0.00    1.02    0.00    0.00    0.00   90.56
22:02:49     all    8.33    0.00    1.01    0.00    0.00    0.51    0.25    0.00    0.00   89.90
22:02:50     all    7.56    0.00    1.01    0.00    0.00    1.26    0.00    0.00    0.00   90.18
22:02:51     all    8.10    0.00    1.27    0.00    0.00    1.01    0.00    0.00    0.00   89.62
22:02:52     all    8.33    0.00    1.01    0.00    0.00    1.01    0.00    0.00    0.00   89.65
22:02:53     all    7.65    0.00    1.02    0.00    0.00    0.77    0.26    0.00    0.00   90.31
22:02:54     all    7.79    0.00    1.26    0.00    0.00    1.26    0.00    0.00    0.00   89.70
22:02:55     all    8.16    0.00    1.28    0.00    0.00    0.51    0.00    0.00    0.00   90.05
22:02:56     all    8.33    0.00    0.76    0.00    0.00    1.52    0.00    0.00    0.00   89.39
22:02:57     all    7.63    0.00    0.76    0.00    0.00    1.02    0.00    0.00    0.00   90.59
22:02:58     all    8.12    0.00    0.76    0.00    0.00    0.76    0.00    0.00    0.00   90.36
22:02:59     all    7.89    0.00    1.27    0.00    0.00    0.76    0.00    0.00    0.00   90.08
22:03:00     all    7.87    0.00    0.76    0.00    0.00    1.52    0.00    0.00    0.00   89.85
22:03:01     all    7.89    0.00    1.02    0.00    0.00    0.76    0.00    0.00    0.00   90.33
22:03:02     all    7.85    0.00    1.77    0.00    0.00    1.27    0.00    0.00    0.00   89.11
22:03:03     all    8.35    0.00    1.01    0.00    0.00    0.76    0.00    0.00    0.00   89.87
22:03:04     all    8.08    0.00    1.01    0.00    0.00    1.26    0.00    0.00    0.00   89.65
22:03:05     all    8.12    0.00    1.02    0.00    0.00    0.76    0.00    0.00    0.00   90.10
22:03:06     all    7.61    0.00    0.76    0.00    0.00    1.52    0.00    0.00    0.00   90.10
22:03:07     all    7.38    0.00    1.02    0.00    0.00    0.76    0.00    0.00    0.00   90.84
22:03:08     all    7.81    0.00    1.26    0.00    0.00    1.01    0.00    0.00    0.00   89.92
22:03:09     all    7.89    0.00    1.02    0.00    0.00    0.76    0.00    0.00    0.00   90.33
22:03:10     all    8.29    0.00    1.01    0.00    0.00    1.26    0.50    0.00    0.00   88.94
22:03:11     all    8.29    0.00    1.01    0.00    0.00    1.01    0.00    0.00    0.00   89.70
22:03:12     all    7.91    0.00    0.77    0.00    0.00    0.77    0.00    0.00    0.00   90.56
22:03:13     all    7.65    0.00    0.77    0.00    0.00    1.28    0.00    0.00    0.00   90.31
22:03:14     all    7.56    0.00    1.26    0.00    0.00    1.01    0.00    0.00    0.00   90.18
22:03:15     all    7.89    0.00    0.76    0.25    0.00    1.02    0.00    0.00    0.00   90.08
22:03:16     all    7.89    0.00    1.02    0.00    0.00    1.02    0.00    0.00    0.00   90.08
22:03:17     all    8.35    0.00    1.01    0.00    0.00    0.51    0.00    0.00    0.00   90.13
22:03:18     all    8.14    0.00    1.02    0.00    0.00    1.02    0.00    0.00    0.00   89.82
22:03:19     all    8.04    0.00    1.26    0.00    0.00    1.51    0.00    0.00    0.00   89.20
22:03:20     all    7.73    0.00    0.52    0.00    0.00    0.77    0.00    0.00    0.00   90.98
22:03:21     all    8.12    0.00    1.02    0.00    0.00    1.02    0.00    0.00    0.00   89.85
22:03:22     all    8.33    0.00    1.77    0.00    0.00    1.01    0.00    0.00    0.00   88.89
22:03:23     all    7.18    0.00    1.03    0.00    0.00    0.77    0.00    0.00    0.00   91.03
22:03:24     all    8.63    0.00    1.27    0.00    0.00    0.51    0.00    0.00    0.00   89.59
22:03:25     all    7.61    0.00    1.02    0.00    0.00    1.02    0.25    0.00    0.00   90.10
22:03:26     all    7.61    0.00    1.27    0.00    0.00    1.02    0.00    0.00    0.00   90.10
22:03:27     all    7.83    0.00    1.01    0.00    0.00    1.01    0.25    0.00    0.00   89.90
22:03:28     all    7.63    0.00    1.27    0.00    0.00    0.76    0.00    0.00    0.00   90.33
22:03:29     all    7.87    0.00    0.76    0.00    0.00    1.02    0.00    0.00    0.00   90.36
22:03:30     all    7.65    0.00    1.02    0.00    0.00    1.02    0.00    0.00    0.00   90.31
22:03:31     all    8.08    0.00    1.26    0.00    0.00    1.01    0.00    0.00    0.00   89.65
22:03:32     all    7.87    0.00    0.76    0.00    0.00    1.02    0.00    0.00    0.00   90.36
22:03:33     all    8.12    0.00    1.02    0.25    0.00    1.02    0.00    0.00    0.00   89.59
22:03:34     all    7.32    0.00    1.52    0.00    0.00    1.01    0.00    0.00    0.00   90.15
22:03:35     all    8.14    0.00    0.76    0.00    0.00    0.76    0.00    0.00    0.00   90.33
22:03:36     all    7.59    0.00    1.77    0.00    0.00    1.01    0.00    0.00    0.00   89.62
22:03:37     all    7.93    0.00    1.02    0.00    0.00    0.51    0.00    0.00    0.00   90.54
22:03:38     all    7.83    0.00    1.01    0.00    0.00    1.26    0.00    0.00    0.00   89.90
22:03:39     all    7.63    0.00    0.76    0.00    0.00    1.27    0.00    0.00    0.00   90.33
22:03:40     all    7.59    0.00    1.27    0.00    0.00    1.27    0.00    0.00    0.00   89.87
22:03:41     all    8.14    0.00    1.02    0.00    0.00    0.76    0.00    0.00    0.00   90.08
22:03:42     all    7.38    0.00    1.27    0.00    0.00    1.27    0.00    0.00    0.00   90.08
22:03:43     all    7.61    0.00    1.27    0.00    0.00    1.02    0.00    0.00    0.00   90.10
22:03:44     all    7.58    0.00    1.26    0.00    0.00    0.76    0.25    0.00    0.00   90.15
22:03:45     all    7.65    0.00    1.02    0.00    0.00    0.77    0.26    0.00    0.00   90.31
22:03:46     all    7.87    0.00    0.76    0.00    0.00    1.27    0.00    0.00    0.00   90.10
22:03:47     all    8.63    0.00    1.27    0.00    0.00    0.51    0.00    0.00    0.00   89.59
22:03:48     all    7.85    0.00    1.01    0.00    0.00    1.27    0.00    0.00    0.00   89.87
22:03:49     all    7.69    0.00    1.28    0.00    0.00    0.51    0.00    0.00    0.00   90.51
22:03:50     all    8.08    0.00    1.01    0.00    0.00    1.26    0.00    0.00    0.00   89.65
22:03:51     all    8.14    0.00    1.02    0.00    0.00    1.02    0.00    0.00    0.00   89.82
22:03:52     all    8.40    0.00    1.27    0.00    0.00    0.51    0.00    0.00    0.00   89.82
22:03:53     all    8.16    0.00    0.77    0.00    0.00    1.02    0.00    0.00    0.00   90.05
22:03:54     all    7.67    0.00    1.28    0.00    0.00    0.77    0.00    0.00    0.00   90.28
22:03:55     all    8.31    0.00    1.51    0.00    0.00    0.76    0.00    0.00    0.00   89.42
22:03:56     all    7.44    0.00    1.03    0.00    0.00    0.77    0.00    0.00    0.00   90.77
22:03:57     all    8.40    0.00    1.53    0.00    0.00    0.51    0.00    0.00    0.00   89.57
22:03:58     all    8.12    0.00    0.76    0.00    0.00    0.76    0.00    0.00    0.00   90.36
22:03:59     all    7.85    0.00    1.27    0.00    0.00    1.01    0.00    0.00    0.00   89.87
22:04:00     all    8.08    0.00    1.01    0.00    0.00    1.26    0.25    0.00    0.00   89.39
22:04:01     all    8.35    0.00    1.01    0.00    0.00    0.76    0.00    0.00    0.00   89.87
22:04:02     all    7.38    0.00    1.02    0.00    0.00    1.02    0.00    0.00    0.00   90.59
22:04:03     all    8.29    0.00    1.01    0.00    0.00    1.01    0.25    0.00    0.00   89.45
22:04:04     all    7.42    0.00    1.28    0.00    0.00    0.77    0.00    0.00    0.00   90.54
22:04:05     all    8.35    0.00    0.76    0.00    0.00    1.01    0.00    0.00    0.00   89.87
22:04:06     all    7.79    0.00    1.26    0.00    0.00    1.26    0.00    0.00    0.00   89.70
22:04:07     all    7.67    0.00    1.28    0.00    0.00    0.51    0.00    0.00    0.00   90.54
22:04:08     all    7.63    0.00    0.76    0.00    0.00    0.76    0.00    0.00    0.00   90.84
22:04:09     all    8.10    0.00    0.76    0.00    0.00    0.76    0.00    0.00    0.00   90.38
22:04:10     all    7.63    0.00    1.02    0.00    0.00    1.02    0.00    0.00    0.00   90.33
22:04:11     all    7.89    0.00    1.02    0.00    0.00    0.76    0.00    0.00    0.00   90.33
22:04:12     all    8.02    0.00    0.50    0.00    0.00    1.25    0.00    0.00    0.00   90.23
22:04:13     all    3.85    0.00    0.26    0.00    0.00    0.00    0.00    0.00    0.00   95.90
22:04:14     all    5.82    0.00    1.27    0.00    0.00    0.76    0.00    0.00    0.00   92.15
22:04:15     all    7.59    0.00    1.01    0.00    0.00    0.51    0.00    0.00    0.00   90.89
22:04:16     all    7.89    0.00    0.76    0.00    0.00    0.51    0.00    0.00    0.00   90.84
22:04:17     all    8.35    0.00    0.76    0.00    0.00    1.01    0.00    0.00    0.00   89.87
22:04:18     all    7.91    0.00    0.51    0.00    0.00    0.77    0.00    0.00    0.00   90.82
22:04:19     all    8.65    0.00    0.76    0.00    0.00    1.02    0.00    0.00    0.00   89.57
22:04:20     all    7.32    0.00    1.52    0.00    0.00    0.76    0.00    0.00    0.00   90.40
22:04:21     all    7.61    0.00    1.02    0.00    0.00    0.76    0.51    0.00    0.00   90.10
22:04:22     all    7.87    0.00    0.76    0.00    0.00    1.27    0.00    0.00    0.00   90.10
22:04:23     all    8.10    0.00    1.01    0.00    0.00    0.76    0.00    0.00    0.00   90.13
22:04:24     all    8.12    0.00    0.76    0.00    0.00    0.76    0.00    0.00    0.00   90.36
22:04:25     all    7.63    0.00    1.53    0.00    0.00    1.02    0.00    0.00    0.00   89.82
22:04:26     all    8.59    0.00    1.01    0.00    0.00    1.01    0.00    0.00    0.00   89.39
22:04:27     all    6.85    0.00    1.02    0.00    0.00    1.52    0.00    0.00    0.00   90.61
22:04:28     all    7.18    0.00    0.77    0.00    0.00    0.51    0.00    0.00    0.00   91.54
22:04:29     all    7.83    0.00    1.52    0.00    0.00    0.76    0.00    0.00    0.00   89.90
22:04:30     all    7.63    0.00    1.27    0.00    0.00    0.76    0.00    0.00    0.00   90.33
22:04:31     all    8.10    0.00    0.76    0.00    0.00    1.52    0.00    0.00    0.00   89.62
22:04:32     all    7.27    0.00    1.25    0.00    0.00    0.75    0.00    0.00    0.00   90.73
22:04:33     all    7.12    0.00    0.76    0.00    0.00    0.76    0.00    0.00    0.00   91.35
22:04:34     all    7.83    0.00    1.01    0.00    0.00    1.01    0.25    0.00    0.00   89.90
22:04:35     all    7.61    0.00    1.02    0.00    0.00    0.51    0.00    0.00    0.00   90.86
22:04:36     all    7.83    0.00    1.01    0.51    0.00    1.01    0.00    0.00    0.00   89.65
22:04:37     all    8.04    0.00    1.01    0.00    0.00    1.26    0.00    0.00    0.00   89.70
22:04:38     all    7.36    0.00    1.52    0.00    0.00    0.76    0.00    0.00    0.00   90.36
22:04:39     all    7.89    0.00    0.76    0.00    0.00    0.76    0.00    0.00    0.00   90.59
22:04:40     all    7.83    0.00    1.01    0.00    0.00    1.52    0.00    0.00    0.00   89.65
22:04:41     all    7.89    0.00    1.02    0.00    0.00    1.02    0.00    0.00    0.00   90.08
22:04:42     all    8.84    0.00    1.01    0.00    0.00    0.51    0.00    0.00    0.00   89.65
22:04:43     all    8.08    0.00    0.76    0.00    0.00    1.26    0.25    0.00    0.00   89.65
22:04:44     all    8.10    0.00    1.27    0.00    0.00    0.76    0.00    0.00    0.00   89.87
22:04:45     all    7.40    0.00    1.28    0.00    0.00    0.26    0.00    0.00    0.00   91.07
22:04:46     all    8.56    0.00    1.26    0.00    0.00    1.26    0.00    0.00    0.00   88.92
22:04:47     all    8.12    0.00    1.02    0.00    0.00    1.02    0.00    0.00    0.00   89.85
22:04:48     all    7.89    0.00    0.76    0.00    0.00    0.51    0.00    0.00    0.00   90.84
22:04:49     all    8.06    0.00    0.76    0.00    0.00    1.51    0.00    0.00    0.00   89.67
22:04:50     all    7.65    0.00    1.02    0.00    0.00    0.77    0.00    0.00    0.00   90.56
22:04:51     all    8.27    0.00    1.25    0.00    0.00    1.00    0.00    0.00    0.00   89.47
22:04:52     all    7.63    0.00    1.27    0.00    0.00    1.27    0.00    0.00    0.00   89.82
22:04:53     all    7.87    0.00    1.27    0.00    0.00    1.02    0.00    0.00    0.00   89.85
22:04:54     all    8.33    0.00    1.01    0.00    0.00    1.01    0.25    0.00    0.00   89.39
22:04:55     all    8.35    0.00    1.27    0.00    0.00    0.76    0.00    0.00    0.00   89.62
22:04:56     all    7.69    0.00    1.03    0.00    0.00    0.77    0.26    0.00    0.00   90.26
22:04:57     all    8.61    0.00    0.76    0.00    0.00    1.01    0.00    0.00    0.00   89.62
22:04:58     all    6.87    0.00    1.27    0.00    0.00    1.27    0.00    0.00    0.00   90.59
22:04:59     all    8.38    0.00    0.76    0.00    0.00    1.02    0.00    0.00    0.00   89.85
22:05:00     all    7.61    0.00    1.52    0.00    0.00    1.02    0.00    0.00    0.00   89.85
22:05:01     all    7.18    0.00    1.28    0.00    0.00    1.03    0.00    0.00    0.00   90.51
22:05:02     all    7.61    0.00    1.52    0.00    0.00    1.02    0.00    0.00    0.00   89.85
22:05:03     all    8.06    0.00    0.76    0.00    0.00    1.01    0.00    0.00    0.00   90.18
22:05:04     all    7.63    0.00    1.27    0.00    0.00    0.76    0.00    0.00    0.00   90.33
22:05:05     all    8.33    0.00    1.01    0.00    0.00    1.26    0.00    0.00    0.00   89.39
22:05:06     all    7.59    0.00    1.77    0.00    0.00    0.76    0.00    0.00    0.00   89.87
22:05:07     all    7.36    0.00    1.02    0.00    0.00    1.27    0.25    0.00    0.00   90.10
22:05:08     all    7.36    0.00    1.27    0.00    0.00    1.27    0.00    0.00    0.00   90.10
22:05:09     all    7.63    0.00    1.02    0.00    0.00    0.76    0.00    0.00    0.00   90.59
22:05:10     all    8.14    0.00    0.76    0.00    0.00    1.02    0.00    0.00    0.00   90.08
22:05:11     all    7.56    0.00    1.51    0.00    0.00    1.26    0.00    0.00    0.00   89.67
22:05:12     all    7.61    0.00    1.02    0.25    0.00    0.76    0.00    0.00    0.00   90.36
22:05:13     all    7.42    0.00    1.02    0.00    0.00    0.77    0.00    0.00    0.00   90.79
22:05:14     all    8.06    0.00    1.26    0.00    0.00    1.26    0.00    0.00    0.00   89.42
22:05:15     all    7.65    0.00    1.02    0.00    0.00    0.51    0.00    0.00    0.00   90.82
22:05:16     all    8.33    0.00    1.26    0.00    0.00    1.01    0.00    0.00    0.00   89.39
22:05:17     all    7.65    0.00    0.51    0.00    0.00    1.02    0.00    0.00    0.00   90.82
22:05:18     all    8.35    0.00    1.01    0.00    0.00    0.76    0.00    0.00    0.00   89.87
22:05:19     all    7.36    0.00    1.78    0.00    0.00    0.76    0.00    0.00    0.00   90.10
22:05:20     all    7.36    0.00    0.76    0.00    0.00    1.02    0.00    0.00    0.00   90.86
22:05:21     all    8.14    0.00    1.02    0.00    0.00    0.76    0.25    0.00    0.00   89.82
22:05:22     all    8.04    0.00    1.26    0.00    0.00    1.01    0.00    0.00    0.00   89.70
22:05:23     all    7.36    0.00    1.02    0.00    0.00    1.02    0.00    0.00    0.00   90.61
22:05:24     all    7.83    0.00    1.52    0.00    0.00    0.76    0.00    0.00    0.00   89.90
22:05:25     all    7.63    0.00    1.27    0.00    0.00    0.76    0.00    0.00    0.00   90.33
22:05:26     all    8.31    0.00    1.01    0.00    0.00    1.01    0.25    0.00    0.00   89.42
22:05:27     all    7.40    0.00    1.02    0.00    0.00    1.02    0.00    0.00    0.00   90.56
22:05:28     all    6.33    0.00    1.27    0.25    0.00    1.01    0.00    0.00    0.00   91.14
22:05:29     all    8.33    0.00    1.26    0.00    0.00    0.76    0.00    0.00    0.00   89.65
22:05:30     all    8.40    0.00    0.76    0.00    0.00    1.02    0.00    0.00    0.00   89.82
22:05:31     all    7.63    0.00    1.27    0.00    0.00    1.02    0.00    0.00    0.00   90.08
22:05:32     all    8.33    0.00    1.01    0.00    0.00    1.01    0.00    0.00    0.00   89.65
22:05:33     all    7.16    0.00    0.77    0.00    0.00    0.77    0.26    0.00    0.00   91.05
22:05:34     all    7.58    0.00    0.76    0.00    0.00    1.52    0.00    0.00    0.00   90.15
22:05:35     all    7.42    0.00    1.53    0.00    0.00    0.51    0.00    0.00    0.00   90.54
22:05:36     all    8.08    0.00    1.01    0.00    0.00    1.01    0.00    0.00    0.00   89.90
22:05:37     all    8.88    0.00    0.76    0.00    0.00    1.02    0.00    0.00    0.00   89.34
22:05:38     all    7.14    0.00    1.02    0.00    0.00    1.02    0.00    0.00    0.00   90.82
22:05:39     all    7.85    0.00    1.01    0.00    0.00    1.01    0.00    0.00    0.00   90.13
22:05:40     all    7.14    0.00    1.02    0.00    0.00    0.77    0.00    0.00    0.00   91.07
22:05:41     all    8.04    0.00    1.51    0.00    0.00    0.75    0.00    0.00    0.00   89.70
22:05:42     all    7.67    0.00    0.51    0.00    0.00    1.02    0.00    0.00    0.00   90.79
22:05:43     all    7.85    0.00    1.01    0.00    0.00    1.01    0.25    0.00    0.00   89.87
22:05:44     all    7.14    0.00    1.28    0.00    0.00    1.02    0.00    0.00    0.00   90.56
22:05:45     all    8.35    0.00    1.01    0.00    0.00    0.51    0.00    0.00    0.00   90.13
22:05:46     all    8.08    0.00    0.76    0.00    0.00    1.52    0.00    0.00    0.00   89.65
22:05:47     all    8.35    0.00    1.27    0.00    0.00    0.51    0.00    0.00    0.00   89.87
22:05:48     all    7.59    0.00    1.01    0.00    0.00    1.52    0.00    0.00    0.00   89.87
22:05:49     all    8.86    0.00    0.76    0.00    0.00    0.76    0.00    0.00    0.00   89.62
22:05:50     all    7.79    0.00    1.51    0.00    0.00    1.51    0.00    0.00    0.00   89.20
22:05:51     all    7.65    0.00    0.77    0.00    0.00    0.77    0.00    0.00    0.00   90.82
22:05:52     all    8.33    0.00    0.76    0.00    0.00    1.52    0.00    0.00    0.00   89.39
22:05:53     all    7.87    0.00    1.27    0.00    0.00    0.76    0.00    0.00    0.00   90.10
22:05:54     all    7.59    0.00    1.27    0.00    0.00    1.01    0.00    0.00    0.00   90.13
22:05:55     all    7.91    0.00    1.02    0.00    0.00    0.77    0.00    0.00    0.00   90.31
22:05:56     all    8.31    0.00    1.01    0.00    0.00    1.26    0.00    0.00    0.00   89.42
22:05:57     all    7.63    0.00    1.53    0.00    0.00    0.25    0.00    0.00    0.00   90.59
22:05:58     all    7.85    0.00    1.01    0.00    0.00    1.77    0.00    0.00    0.00   89.37
22:05:59     all    8.12    0.00    1.02    0.00    0.00    0.76    0.00    0.00    0.00   90.10
22:06:00     all    8.12    0.00    1.02    0.00    0.00    1.02    0.00    0.00    0.00   89.85
22:06:01     all    8.48    0.00    1.00    0.00    0.00    1.25    0.00    0.00    0.00   89.28
22:06:02     all    7.89    0.00    1.27    0.00    0.00    0.76    0.00    0.00    0.00   90.08
22:06:03     all    7.34    0.00    1.01    0.00    0.00    1.01    0.25    0.00    0.00   90.38
22:06:04     all    6.78    0.00    1.51    0.00    0.00    0.75    0.25    0.00    0.00   90.70
22:06:05     all    6.14    0.00    0.51    0.00    0.00    0.77    0.00    0.00    0.00   92.58
22:06:06     all    5.56    0.00    0.51    0.00    0.00    0.51    0.00    0.00    0.00   93.43
22:06:07     all    4.80    0.00    0.76    0.00    0.00    1.01    0.00    0.00    0.00   93.43
22:06:08     all    5.56    0.00    0.76    0.00    0.00    0.25    0.00    0.00    0.00   93.43
22:06:09     all    4.79    0.00    0.76    0.00    0.00    0.50    0.00    0.00    0.00   93.95
22:06:10     all    5.05    0.00    0.76    0.00    0.00    0.51    0.00    0.00    0.00   93.69
22:06:11     all    4.80    0.00    0.76    0.00    0.00    0.25    0.00    0.00    0.00   94.19
22:06:12     all    4.29    0.00    0.76    0.00    0.00    0.51    0.00    0.00    0.00   94.44
22:06:13     all    4.03    0.00    0.50    0.00    0.00    0.50    0.00    0.00    0.00   94.96
22:06:14     all    4.04    0.00    0.51    0.00    0.00    0.51    0.00    0.00    0.00   94.95
22:06:15     all    3.04    0.00    0.51    0.00    0.00    0.25    0.00    0.00    0.00   96.20
22:06:16     all    3.27    0.00    0.50    0.00    0.00    0.25    0.00    0.00    0.00   95.97
22:06:17     all    3.52    0.00    0.50    0.00    0.00    0.50    0.00    0.00    0.00   95.48
22:06:18     all    3.29    0.00    0.51    0.00    0.00    0.00    0.00    0.00    0.00   96.20
22:06:19     all    3.53    0.00    0.50    0.00    0.00    0.25    0.00    0.00    0.00   95.72
22:06:20     all    3.27    0.00    0.75    0.00    0.00    0.25    0.00    0.00    0.00   95.73
22:06:21     all    2.26    0.00    0.00    0.00    0.00    0.00    0.00    0.00    0.00   97.74
22:06:22     all    1.25    0.00    0.25    0.00    0.00    0.00    0.00    0.00    0.00   98.50
22:06:23     all    0.75    0.00    0.00    0.00    0.00    0.00    0.00    0.00    0.00   99.25
22:06:24     all    0.50    0.00    0.00    0.00    0.00    0.25    0.00    0.00    0.00   99.25
22:06:25     all    0.00    0.00    0.00    0.00    0.00    0.00    0.00    0.00    0.00  100.00
22:06:26     all    0.00    0.00    0.00    0.00    0.00    0.00    0.00    0.00    0.00  100.00
22:06:27     all    0.00    0.00    0.00    0.00    0.00    0.00    0.00    0.00    0.00  100.00
22:06:28     all    0.25    0.00    0.00    0.00    0.00    0.00    0.00    0.00    0.00   99.75
22:06:29     all    0.00    0.00    0.00    0.00    0.00    0.00    0.00    0.00    0.00  100.00
22:06:30     all    0.00    0.00    0.00    0.00    0.00    0.00    0.00    0.00    0.00  100.00
22:06:31     all    0.00    0.00    0.00    0.25    0.00    0.00    0.00    0.00    0.00   99.75
22:06:32     all    0.00    0.00    0.00    0.00    0.00    0.00    0.00    0.00    0.00  100.00
22:06:33     all    0.00    0.00    0.00    0.00    0.00    0.00    0.00    0.00    0.00  100.00
