Linux 6.8.0-1063-gcp (csb-bench-host-gcp) 	08/05/26 	_x86_64_	(4 CPU)

17:05:11     CPU    %usr   %nice    %sys %iowait    %irq   %soft  %steal  %guest  %gnice   %idle
17:05:12     all    6.27    0.00    2.26    1.25    0.00    0.75    0.00    0.00    0.00   89.47
17:05:13     all    4.82    0.00    0.25    0.00    0.00    0.00    0.00    0.00    0.00   94.92
17:05:14     all    4.52    0.00    0.75    0.00    0.00    0.25    0.00    0.00    0.00   94.47
17:05:15     all    4.27    0.00    0.25    0.00    0.00    1.01    0.00    0.00    0.00   94.47
17:05:16     all    4.53    0.00    0.25    0.00    0.00    0.00    0.00    0.00    0.00   95.21
17:05:17     all    4.03    0.00    0.76    0.00    0.00    0.25    0.00    0.00    0.00   94.96
17:05:18     all    4.04    0.00    0.51    0.00    0.00    0.25    0.00    0.00    0.00   95.20
17:05:19     all    4.27    0.00    0.50    0.00    0.00    0.25    0.00    0.00    0.00   94.97
17:05:20     all    4.27    0.00    0.25    0.00    0.00    0.50    0.00    0.00    0.00   94.97
17:05:21     all    4.02    0.00    0.50    0.00    0.00    0.50    0.00    0.00    0.00   94.97
17:05:22     all    4.04    0.00    0.51    0.00    0.00    0.25    0.00    0.00    0.00   95.20
17:05:23     all    4.27    0.00    0.25    0.00    0.00    0.25    0.00    0.00    0.00   95.23
17:05:24     all    4.03    0.00    0.76    0.00    0.00    0.25    0.00    0.00    0.00   94.96
17:05:25     all    4.03    0.00    0.50    0.00    0.00    0.50    0.00    0.00    0.00   94.96
17:05:26     all    4.27    0.00    0.50    0.00    0.00    0.25    0.00    0.00    0.00   94.97
17:05:27     all    4.51    0.00    0.25    0.00    0.00    0.50    0.00    0.00    0.00   94.74
17:05:28     all    4.24    0.00    0.50    0.75    0.00    0.75    0.00    0.00    0.00   93.77
17:05:29     all    4.06    0.00    0.51    0.00    0.00    0.00    0.00    0.00    0.00   95.43
17:05:30     all    3.76    0.00    0.75    0.00    0.00    0.50    0.00    0.00    0.00   94.99
17:05:31     all    4.55    0.00    0.51    0.00    0.00    0.00    0.00    0.00    0.00   94.95
17:05:32     all    4.28    0.00    0.25    0.00    0.00    0.50    0.00    0.00    0.00   94.96
17:05:33     all    4.74    0.00    0.75    0.00    0.00    0.50    0.00    0.00    0.00   94.01
17:05:34     all    4.30    0.00    0.25    0.00    0.00    0.25    0.00    0.00    0.00   95.19
17:05:35     all    3.76    0.00    1.00    0.00    0.00    0.25    0.00    0.00    0.00   94.99
17:05:36     all    4.29    0.00    0.25    0.00    0.00    0.00    0.25    0.00    0.00   95.20
17:05:37     all    4.98    0.00    0.75    0.00    0.00    0.50    0.00    0.00    0.00   93.78
17:05:38     all    3.54    0.00    0.25    0.00    0.00    0.51    0.00    0.00    0.00   95.71
17:05:39     all    3.79    0.00    0.76    0.00    0.00    0.00    0.00    0.00    0.00   95.45
17:05:40     all    4.77    0.00    0.25    0.00    0.00    0.25    0.00    0.00    0.00   94.72
17:05:41     all    3.54    0.00    0.76    0.00    0.00    0.25    0.00    0.00    0.00   95.45
17:05:42     all    4.55    0.00    0.00    0.00    0.00    0.51    0.00    0.00    0.00   94.95
17:05:43     all    4.00    0.00    1.00    0.00    0.00    0.25    0.00    0.00    0.00   94.75
17:05:44     all    4.26    0.00    0.50    0.00    0.00    0.50    0.00    0.00    0.00   94.74
17:05:45     all    3.82    0.00    0.25    0.00    0.00    0.00    0.00    0.00    0.00   95.93
17:05:46     all    3.78    0.00    0.76    0.00    0.00    0.25    0.00    0.00    0.00   95.21
17:05:47     all    4.03    0.00    0.50    0.00    0.00    0.25    0.00    0.00    0.00   95.21
17:05:48     all    4.27    0.00    0.50    0.00    0.00    0.50    0.00    0.00    0.00   94.72
17:05:49     all    4.30    0.00    0.25    0.00    0.00    0.00    0.00    0.00    0.00   95.44
17:05:50     all    4.01    0.00    0.50    0.00    0.00    0.50    0.25    0.00    0.00   94.74
17:05:51     all    3.77    0.00    0.75    0.00    0.00    0.50    0.00    0.00    0.00   94.97
17:05:52     all    4.53    0.00    0.25    0.00    0.00    0.00    0.00    0.00    0.00   95.21
17:05:53     all    4.26    0.00    0.75    0.00    0.00    0.50    0.00    0.00    0.00   94.49
17:05:54     all    4.05    0.00    0.25    0.00    0.00    0.25    0.00    0.00    0.00   95.44
17:05:55     all    4.03    0.00    0.25    0.00    0.00    0.25    0.00    0.00    0.00   95.47
17:05:56     all    4.02    0.00    0.75    0.00    0.00    0.25    0.00    0.00    0.00   94.97
17:05:57     all    4.02    0.00    0.75    0.00    0.00    0.50    0.00    0.00    0.00   94.72
17:05:58     all    4.77    0.00    0.50    0.00    0.00    0.00    0.00    0.00    0.00   94.72
17:05:59     all    4.05    0.00    0.25    0.00    0.00    0.25    0.00    0.00    0.00   95.44
17:06:00     all    3.76    0.00    0.75    0.00    0.00    0.25    0.00    0.00    0.00   95.24
17:06:01     all    3.79    0.00    0.25    0.00    0.00    0.76    0.00    0.00    0.00   95.20
17:06:02     all    3.54    0.00    0.51    0.00    0.00    0.00    0.00    0.00    0.00   95.95
17:06:03     all    4.29    0.00    0.25    0.00    0.00    0.25    0.00    0.00    0.00   95.20
17:06:04     all    4.49    0.00    1.00    0.00    0.00    0.25    0.00    0.00    0.00   94.26
17:06:05     all    3.79    0.00    0.25    0.00    0.00    0.25    0.00    0.00    0.00   95.71
17:06:06     all    4.50    0.00    0.50    0.00    0.00    0.25    0.00    0.00    0.00   94.75
17:06:07     all    4.05    0.00    0.51    0.00    0.00    0.25    0.00    0.00    0.00   95.19
17:06:08     all    3.78    0.00    0.50    0.00    0.00    0.50    0.00    0.00    0.00   95.21
17:06:09     all    4.28    0.00    0.25    0.00    0.00    0.00    0.00    0.00    0.00   95.47
17:06:10     all    4.01    0.00    1.00    0.00    0.00    0.00    0.00    0.00    0.00   94.99
17:06:11     all    4.29    0.00    0.25    0.00    0.00    0.25    0.00    0.00    0.00   95.20
17:06:12     all    4.27    0.00    0.75    0.00    0.00    0.25    0.00    0.00    0.00   94.72
17:06:13     all    3.54    0.00    0.25    0.00    0.00    0.25    0.00    0.00    0.00   95.95
17:06:14     all    4.51    0.00    0.50    0.00    0.00    0.50    0.00    0.00    0.00   94.49
17:06:15     all    4.02    0.00    0.75    0.00    0.00    0.50    0.00    0.00    0.00   94.72
17:06:16     all    3.78    0.00    0.25    0.00    0.00    0.50    0.00    0.00    0.00   95.47
17:06:17     all    4.29    0.00    0.25    0.00    0.00    0.25    0.00    0.00    0.00   95.20
17:06:18     all    3.80    0.00    0.51    0.00    0.00    0.00    0.00    0.00    0.00   95.70
17:06:19     all    3.76    0.00    1.00    0.00    0.00    0.50    0.00    0.00    0.00   94.74
17:06:20     all    4.51    0.00    0.75    0.00    0.00    0.25    0.00    0.00    0.00   94.49
17:06:21     all    3.57    0.00    0.00    0.00    0.00    0.00    0.00    0.00    0.00   96.43
17:06:22     all    4.27    0.00    1.01    0.00    0.00    0.25    0.00    0.00    0.00   94.47
17:06:23     all    4.56    0.00    0.00    0.00    0.00    0.00    0.00    0.00    0.00   95.44
17:06:24     all    3.76    0.00    0.75    0.00    0.00    1.00    0.00    0.00    0.00   94.49
17:06:25     all    4.77    0.00    0.75    0.00    0.00    0.25    0.00    0.00    0.00   94.22
17:06:26     all    4.05    0.00    0.25    0.00    0.00    0.25    0.00    0.00    0.00   95.44
17:06:27     all    4.29    0.00    0.25    0.00    0.00    0.25    0.00    0.00    0.00   95.20
17:06:28     all    4.04    0.00    0.51    0.00    0.00    0.25    0.00    0.00    0.00   95.20
17:06:29     all    4.02    0.00    0.50    0.00    0.00    0.50    0.00    0.00    0.00   94.97
17:06:30     all    4.29    0.00    0.51    0.00    0.00    0.25    0.00    0.00    0.00   94.95
17:06:31     all    4.51    0.00    0.25    0.00    0.00    0.50    0.00    0.00    0.00   94.74
17:06:32     all    4.27    0.00    0.25    0.00    0.00    0.25    0.00    0.00    0.00   95.23
17:06:33     all    4.03    0.00    0.76    0.00    0.00    0.25    0.00    0.00    0.00   94.96
17:06:34     all    4.25    0.00    0.75    0.00    0.00    0.75    0.00    0.00    0.00   94.25
17:06:35     all    4.56    0.00    0.25    0.00    0.00    0.25    0.00    0.00    0.00   94.94
17:06:36     all    4.06    0.00    0.25    0.00    0.00    0.00    0.00    0.00    0.00   95.69
17:06:37     all    4.49    0.00    0.75    0.00    0.00    0.75    0.00    0.00    0.00   94.01
17:06:38     all    4.29    0.00    0.51    0.00    0.00    0.00    0.00    0.00    0.00   95.20
17:06:39     all    3.52    0.00    0.75    0.00    0.00    0.50    0.00    0.00    0.00   95.23
17:06:40     all    4.29    0.00    0.51    0.00    0.00    0.25    0.00    0.00    0.00   94.95
17:06:41     all    4.28    0.00    0.25    0.00    0.00    0.00    0.25    0.00    0.00   95.21
17:06:42     all    2.76    0.00    0.50    0.00    0.00    0.25    0.00    0.00    0.00   96.49
17:06:43     all    2.75    0.00    0.50    0.00    0.00    0.00    0.00    0.00    0.00   96.75
17:06:44     all    3.29    0.00    0.00    0.00    0.00    0.25    0.00    0.00    0.00   96.46
17:06:45     all    3.53    0.00    0.50    0.00    0.00    0.00    0.00    0.00    0.00   95.97
17:06:46     all    3.78    0.00    0.76    0.00    0.00    0.00    0.00    0.00    0.00   95.47
17:06:47     all    4.01    0.00    0.25    0.00    0.00    1.00    0.00    0.00    0.00   94.74
17:06:48     all    4.27    0.00    0.75    0.00    0.00    0.00    0.00    0.00    0.00   94.97
17:06:49     all    4.26    0.00    0.50    0.00    0.00    0.50    0.00    0.00    0.00   94.74
17:06:50     all    4.27    0.00    0.25    0.00    0.00    0.00    0.25    0.00    0.00   95.23
17:06:51     all    4.74    0.00    0.75    0.00    0.00    0.50    0.00    0.00    0.00   94.01
17:06:52     all    4.05    0.00    0.51    0.00    0.00    0.00    0.00    0.00    0.00   95.44
17:06:53     all    4.75    0.00    0.25    0.00    0.00    0.50    0.25    0.00    0.00   94.25
17:06:54     all    5.00    0.00    0.75    0.00    0.00    0.25    0.00    0.00    0.00   94.00
17:06:55     all    3.77    0.00    0.50    0.00    0.00    0.75    0.00    0.00    0.00   94.97
17:06:56     all    4.05    0.00    0.25    0.00    0.00    0.25    0.00    0.00    0.00   95.44
17:06:57     all    4.03    0.00    1.01    0.00    0.00    0.00    0.00    0.00    0.00   94.96
17:06:58     all    3.78    0.00    0.50    0.00    0.00    0.25    0.00    0.00    0.00   95.47
17:06:59     all    4.53    0.00    0.00    0.00    0.00    0.50    0.00    0.00    0.00   94.96
17:07:00     all    4.03    0.00    0.50    0.00    0.00    0.25    0.00    0.00    0.00   95.21
17:07:01     all    4.26    0.00    0.75    0.00    0.00    0.25    0.00    0.00    0.00   94.74
17:07:02     all    4.28    0.00    0.25    0.00    0.00    0.25    0.00    0.00    0.00   95.21
17:07:03     all    3.77    0.00    0.75    0.00    0.00    0.50    0.25    0.00    0.00   94.72
17:07:04     all    4.76    0.00    0.50    0.00    0.00    0.25    0.00    0.00    0.00   94.49
17:07:05     all    4.28    0.00    0.25    0.00    0.00    0.50    0.00    0.00    0.00   94.96
17:07:06     all    4.50    0.00    0.75    0.00    0.00    0.25    0.00    0.00    0.00   94.50
17:07:07     all    4.53    0.00    0.25    0.00    0.00    0.25    0.00    0.00    0.00   94.96
17:07:08     all    3.05    0.00    0.76    0.00    0.00    0.00    0.00    0.00    0.00   96.18
17:07:09     all    4.53    0.00    0.50    0.00    0.00    0.25    0.00    0.00    0.00   94.71
17:07:10     all    5.00    0.00    0.50    0.00    0.00    0.50    0.00    0.00    0.00   94.00
17:07:11     all    4.57    0.00    0.25    0.00    0.00    0.51    0.00    0.00    0.00   94.67
17:07:12     all    5.53    0.00    0.75    0.00    0.00    0.25    0.00    0.00    0.00   93.47
17:07:13     all    5.51    0.00    0.75    0.00    0.00    0.75    0.00    0.00    0.00   92.98
17:07:14     all    5.78    0.00    0.50    0.50    0.00    0.00    0.00    0.00    0.00   93.22
17:07:15     all    5.79    0.00    0.76    0.00    0.00    0.50    0.00    0.00    0.00   92.95
17:07:16     all    5.56    0.00    0.76    0.00    0.00    0.51    0.00    0.00    0.00   93.18
17:07:17     all    5.28    0.00    1.01    0.00    0.00    0.50    0.00    0.00    0.00   93.22
17:07:18     all    6.52    0.00    0.50    0.00    0.00    0.25    0.00    0.00    0.00   92.73
17:07:19     all    5.56    0.00    0.76    0.00    0.00    0.51    0.00    0.00    0.00   93.18
17:07:20     all    5.33    0.00    0.51    0.00    0.00    0.51    0.00    0.00    0.00   93.65
17:07:21     all    5.81    0.00    0.76    0.00    0.00    0.25    0.00    0.00    0.00   93.18
17:07:22     all    5.28    0.00    0.75    0.00    0.00    0.50    0.00    0.00    0.00   93.47
17:07:23     all    6.03    0.00    0.75    0.00    0.00    0.25    0.00    0.00    0.00   92.96
17:07:24     all    5.54    0.00    0.76    0.00    0.00    0.25    0.00    0.00    0.00   93.45
17:07:25     all    5.76    0.00    0.75    0.25    0.00    0.75    0.00    0.00    0.00   92.48
17:07:26     all    6.06    0.00    0.76    0.00    0.00    0.25    0.00    0.00    0.00   92.93
17:07:27     all    5.32    0.00    0.76    0.00    0.00    0.25    0.00    0.00    0.00   93.67
17:07:28     all    5.76    0.00    0.75    0.00    0.00    0.50    0.00    0.00    0.00   92.98
17:07:29     all    5.36    0.00    0.51    0.00    0.00    0.26    0.00    0.00    0.00   93.88
17:07:30     all    5.76    0.00    1.00    0.00    0.00    1.00    0.00    0.00    0.00   92.23
17:07:31     all    6.57    0.00    0.51    0.00    0.00    0.00    0.00    0.00    0.00   92.93
17:07:32     all    5.05    0.00    0.76    0.00    0.00    0.25    0.00    0.00    0.00   93.94
17:07:33     all    6.48    0.00    0.75    0.00    0.00    0.75    0.00    0.00    0.00   92.02
17:07:34     all    5.57    0.00    0.76    0.00    0.00    0.25    0.00    0.00    0.00   93.42
17:07:35     all    4.53    0.00    0.76    0.00    0.00    0.50    0.00    0.00    0.00   94.21
17:07:36     all    5.79    0.00    0.76    0.00    0.00    0.25    0.00    0.00    0.00   93.20
17:07:37     all    6.05    0.00    0.25    0.00    0.00    0.50    0.00    0.00    0.00   93.20
17:07:38     all    6.00    0.00    0.75    0.00    0.00    0.75    0.00    0.00    0.00   92.50
17:07:39     all    5.57    0.00    0.76    0.00    0.00    0.25    0.00    0.00    0.00   93.42
17:07:40     all    6.31    0.00    0.25    0.00    0.00    0.25    0.00    0.00    0.00   93.18
17:07:41     all    5.29    0.00    0.76    0.00    0.00    0.50    0.00    0.00    0.00   93.45
17:07:42     all    5.81    0.00    0.51    0.00    0.00    0.51    0.00    0.00    0.00   93.18
17:07:43     all    5.56    0.00    0.76    0.00    0.00    0.51    0.00    0.00    0.00   93.18
17:07:44     all    5.60    0.00    0.25    0.00    0.00    0.25    0.00    0.00    0.00   93.89
17:07:45     all    5.54    0.00    0.50    0.00    0.00    0.50    0.00    0.00    0.00   93.45
17:07:46     all    5.75    0.00    1.00    0.00    0.00    0.75    0.00    0.00    0.00   92.50
17:07:47     all    6.06    0.00    0.51    0.00    0.00    0.25    0.00    0.00    0.00   93.18
17:07:48     all    5.78    0.00    0.75    0.00    0.00    0.50    0.00    0.00    0.00   92.96
17:07:49     all    5.30    0.00    1.01    0.00    0.00    0.00    0.00    0.00    0.00   93.69
17:07:50     all    6.03    0.00    0.50    0.00    0.00    0.50    0.00    0.00    0.00   92.96
17:07:51     all    4.82    0.00    0.51    0.00    0.00    0.76    0.00    0.00    0.00   93.91
17:07:52     all    6.05    0.00    0.50    0.00    0.00    0.00    0.00    0.00    0.00   93.45
17:07:53     all    5.76    0.00    0.50    0.00    0.00    0.50    0.25    0.00    0.00   92.98
17:07:54     all    6.02    0.00    0.75    0.00    0.00    0.25    0.25    0.00    0.00   92.73
17:07:55     all    5.56    0.00    0.51    0.00    0.00    0.51    0.00    0.00    0.00   93.43
17:07:56     all    6.27    0.00    0.75    0.00    0.00    0.50    0.00    0.00    0.00   92.48
17:07:57     all    5.78    0.00    0.75    0.00    0.00    0.50    0.00    0.00    0.00   92.96
17:07:58     all    5.78    0.00    0.75    0.00    0.00    0.25    0.00    0.00    0.00   93.22
17:07:59     all    5.56    0.00    0.76    0.00    0.00    0.25    0.00    0.00    0.00   93.43
17:08:00     all    5.06    0.00    0.51    0.00    0.00    0.76    0.00    0.00    0.00   93.67
17:08:01     all    5.32    0.00    0.51    0.00    0.00    0.51    0.00    0.00    0.00   93.67
17:08:02     all    5.05    0.00    1.26    0.25    0.00    0.25    0.00    0.00    0.00   93.18
17:08:03     all    5.76    0.00    0.25    0.00    0.00    0.50    0.00    0.00    0.00   93.48
17:08:04     all    5.56    0.00    0.76    0.00    0.00    0.51    0.00    0.00    0.00   93.18
17:08:05     all    6.06    0.00    0.25    0.00    0.00    0.25    0.00    0.00    0.00   93.43
17:08:06     all    5.04    0.00    1.01    0.00    0.00    0.50    0.00    0.00    0.00   93.45
17:08:07     all    5.57    0.00    0.51    0.00    0.00    0.25    0.00    0.00    0.00   93.67
17:08:08     all    5.79    0.00    1.01    0.00    0.00    0.25    0.00    0.00    0.00   92.95
17:08:09     all    5.30    0.00    0.51    0.00    0.00    0.76    0.00    0.00    0.00   93.43
17:08:10     all    6.00    0.00    0.75    0.00    0.00    0.50    0.00    0.00    0.00   92.75
17:08:11     all    6.06    0.00    0.25    0.00    0.00    0.00    0.00    0.00    0.00   93.69
17:08:12     all    5.81    0.00    0.76    0.00    0.00    0.25    0.00    0.00    0.00   93.18
17:08:13     all    5.76    0.00    0.75    0.25    0.00    0.75    0.00    0.00    0.00   92.48
17:08:14     all    5.53    0.00    0.75    0.00    0.00    0.50    0.00    0.00    0.00   93.22
17:08:15     all    5.58    0.00    0.51    0.00    0.00    0.25    0.00    0.00    0.00   93.65
17:08:16     all    5.50    0.00    0.50    0.00    0.00    1.00    0.00    0.00    0.00   93.00
17:08:17     all    4.56    0.00    1.01    0.00    0.00    0.25    0.00    0.00    0.00   94.18
17:08:18     all    4.57    0.00    0.25    0.00    0.00    0.00    0.00    0.00    0.00   95.18
17:08:19     all    5.76    0.00    0.50    0.00    0.00    0.25    0.00    0.00    0.00   93.48
17:08:20     all    5.29    0.00    1.01    0.00    0.00    0.50    0.00    0.00    0.00   93.20
17:08:21     all    4.82    0.00    0.51    0.00    0.00    0.25    0.00    0.00    0.00   94.42
17:08:22     all    5.82    0.00    0.76    0.00    0.00    0.00    0.00    0.00    0.00   93.42
17:08:23     all    5.79    0.00    0.25    0.00    0.00    0.76    0.00    0.00    0.00   93.20
17:08:24     all    5.30    0.00    0.76    0.00    0.00    0.25    0.00    0.00    0.00   93.69
17:08:25     all    5.53    0.00    0.75    0.25    0.00    0.75    0.00    0.00    0.00   92.71
17:08:26     all    5.30    0.00    0.51    0.00    0.00    0.25    0.00    0.00    0.00   93.94
17:08:27     all    5.30    0.00    0.76    0.00    0.00    0.76    0.00    0.00    0.00   93.18
17:08:28     all    5.33    0.00    0.51    0.00    0.00    0.00    0.00    0.00    0.00   94.16
17:08:29     all    5.75    0.00    1.00    0.00    0.00    0.25    0.00    0.00    0.00   93.00
17:08:30     all    5.32    0.00    0.51    0.00    0.00    0.51    0.00    0.00    0.00   93.67
17:08:31     all    5.03    0.00    1.01    0.00    0.00    0.50    0.00    0.00    0.00   93.47
17:08:32     all    5.56    0.00    0.25    0.00    0.00    0.76    0.00    0.00    0.00   93.43
17:08:33     all    6.28    0.00    1.01    0.00    0.00    0.25    0.00    0.00    0.00   92.46
17:08:34     all    5.04    0.00    0.76    0.00    0.00    0.50    0.00    0.00    0.00   93.70
17:08:35     all    5.53    0.00    0.75    0.00    0.00    0.50    0.00    0.00    0.00   93.22
17:08:36     all    5.29    0.00    0.76    0.25    0.00    0.25    0.00    0.00    0.00   93.45
17:08:37     all    5.05    0.00    0.25    0.00    0.00    0.76    0.00    0.00    0.00   93.94
17:08:38     all    5.78    0.00    1.01    0.00    0.00    0.25    0.00    0.00    0.00   92.96
17:08:39     all    5.54    0.00    0.25    0.00    0.00    0.50    0.00    0.00    0.00   93.70
17:08:40     all    5.32    0.00    0.76    0.00    0.00    0.25    0.00    0.00    0.00   93.67
17:08:41     all    5.50    0.00    1.00    0.00    0.00    0.75    0.00    0.00    0.00   92.75
17:08:42     all    5.33    0.00    0.51    0.00    0.00    0.00    0.00    0.00    0.00   94.16
17:08:43     all    5.84    0.00    0.51    0.00    0.00    0.51    0.00    0.00    0.00   93.15
17:08:44     all    6.02    0.00    1.00    0.00    0.00    0.25    0.00    0.00    0.00   92.73
17:08:45     all    5.32    0.00    0.51    0.00    0.00    0.51    0.25    0.00    0.00   93.42
17:08:46     all    6.05    0.00    0.76    0.00    0.00    0.00    0.00    0.00    0.00   93.20
17:08:47     all    5.26    0.00    0.75    0.00    0.00    0.75    0.00    0.00    0.00   93.23
17:08:48     all    5.54    0.00    1.01    0.00    0.00    0.25    0.00    0.00    0.00   93.20
17:08:49     all    5.81    0.00    0.51    0.00    0.00    0.25    0.00    0.00    0.00   93.43
17:08:50     all    5.57    0.00    0.51    0.00    0.00    0.25    0.00    0.00    0.00   93.67
17:08:51     all    6.02    0.00    0.50    0.00    0.00    0.25    0.00    0.00    0.00   93.23
17:08:52     all    6.25    0.00    0.75    0.00    0.00    0.50    0.25    0.00    0.00   92.25
17:08:53     all    5.78    0.00    0.75    0.00    0.00    0.50    0.00    0.00    0.00   92.96
17:08:54     all    6.06    0.00    0.25    0.00    0.00    0.25    0.00    0.00    0.00   93.43
17:08:55     all    5.56    0.00    0.76    0.00    0.00    0.51    0.00    0.00    0.00   93.18
17:08:56     all    5.06    0.00    1.01    0.00    0.00    0.00    0.00    0.00    0.00   93.92
17:08:57     all    5.78    0.00    0.50    0.25    0.00    0.25    0.00    0.00    0.00   93.22
17:08:58     all    5.51    0.00    1.00    0.00    0.00    0.75    0.00    0.00    0.00   92.73
17:08:59     all    5.04    0.00    0.76    0.00    0.00    0.50    0.25    0.00    0.00   93.45
17:09:00     all    6.05    0.00    0.50    0.00    0.00    0.25    0.00    0.00    0.00   93.20
17:09:01     all    5.06    0.00    0.51    0.00    0.00    0.51    0.00    0.00    0.00   93.92
17:09:02     all    5.30    0.00    0.76    0.00    0.00    0.51    0.00    0.00    0.00   93.43
17:09:03     all    6.03    0.00    1.01    0.00    0.00    0.50    0.00    0.00    0.00   92.46
17:09:04     all    6.27    0.00    0.75    0.00    0.00    0.50    0.00    0.00    0.00   92.48
17:09:05     all    5.57    0.00    0.76    0.00    0.00    0.25    0.00    0.00    0.00   93.42
17:09:06     all    6.28    0.00    0.25    0.00    0.00    0.75    0.00    0.00    0.00   92.71
17:09:07     all    5.50    0.00    1.50    0.00    0.00    0.00    0.25    0.00    0.00   92.75
17:09:08     all    5.79    0.00    0.50    0.00    0.00    0.50    0.00    0.00    0.00   93.20
17:09:09     all    5.53    0.00    0.75    0.00    0.00    0.25    0.00    0.00    0.00   93.47
17:09:10     all    4.85    0.00    0.51    0.00    0.00    0.26    0.00    0.00    0.00   94.39
17:09:11     all    5.53    0.00    0.50    0.00    0.00    0.75    0.00    0.00    0.00   93.22
17:09:12     all    5.34    0.00    0.76    0.00    0.00    0.00    0.00    0.00    0.00   93.89
17:09:13     all    6.05    0.00    0.25    0.00    0.00    0.50    0.00    0.00    0.00   93.20
17:09:14     all    5.28    0.00    0.75    0.00    0.00    0.75    0.00    0.00    0.00   93.22
17:09:15     all    5.78    0.00    0.75    0.00    0.00    0.75    0.00    0.00    0.00   92.71
17:09:16     all    5.10    0.00    0.51    0.00    0.00    0.00    0.00    0.00    0.00   94.39
17:09:17     all    5.79    0.00    0.50    0.00    0.00    0.50    0.00    0.00    0.00   93.20
17:09:18     all    5.53    0.00    1.01    0.00    0.00    0.75    0.00    0.00    0.00   92.71
17:09:19     all    5.57    0.00    0.76    0.00    0.00    0.00    0.00    0.00    0.00   93.67
17:09:20     all    5.56    0.00    0.25    0.00    0.00    0.51    0.00    0.00    0.00   93.69
17:09:21     all    5.54    0.00    0.50    0.00    0.00    0.76    0.00    0.00    0.00   93.20
17:09:22     all    5.33    0.00    0.51    0.00    0.00    0.00    0.00    0.00    0.00   94.16
17:09:23     all    5.56    0.00    0.76    0.00    0.00    0.51    0.00    0.00    0.00   93.18
17:09:24     all    6.25    0.00    0.75    0.00    0.00    0.50    0.00    0.00    0.00   92.50
17:09:25     all    4.31    0.00    0.25    0.00    0.00    0.76    0.00    0.00    0.00   94.67
17:09:26     all    6.55    0.00    0.76    0.00    0.00    0.00    0.00    0.00    0.00   92.70
17:09:27     all    5.78    0.00    1.01    0.00    0.00    0.50    0.00    0.00    0.00   92.71
17:09:28     all    5.53    0.00    0.75    0.00    0.00    0.25    0.00    0.00    0.00   93.47
17:09:29     all    5.53    0.00    1.01    0.00    0.00    0.75    0.00    0.00    0.00   92.71
17:09:30     all    5.84    0.00    0.51    0.00    0.00    0.00    0.00    0.00    0.00   93.65
17:09:31     all    5.29    0.00    1.01    0.00    0.00    0.50    0.00    0.00    0.00   93.20
17:09:32     all    6.05    0.00    0.76    0.00    0.00    0.50    0.00    0.00    0.00   92.70
17:09:33     all    5.79    0.00    0.50    0.00    0.00    0.00    0.00    0.00    0.00   93.70
17:09:34     all    5.33    0.00    0.76    0.00    0.00    0.25    0.00    0.00    0.00   93.65
17:09:35     all    4.79    0.00    0.50    0.00    0.00    0.76    0.00    0.00    0.00   93.95
17:09:36     all    6.02    0.00    0.50    0.00    0.00    0.50    0.00    0.00    0.00   92.98
17:09:37     all    5.30    0.00    0.76    0.00    0.00    0.25    0.00    0.00    0.00   93.69
17:09:38     all    5.54    0.00    0.25    0.00    0.00    0.25    0.00    0.00    0.00   93.95
17:09:39     all    5.78    0.00    0.75    0.00    0.00    0.50    0.00    0.00    0.00   92.96
17:09:40     all    5.50    0.00    0.75    0.00    0.00    0.50    0.00    0.00    0.00   93.25
17:09:41     all    4.29    0.00    0.51    0.00    0.00    0.25    0.00    0.00    0.00   94.95
17:09:42     all    5.03    0.00    0.50    0.00    0.00    0.25    0.00    0.00    0.00   94.22
17:09:43     all    3.00    0.00    0.25    0.00    0.00    0.00    0.00    0.00    0.00   96.75
17:09:44     all    3.79    0.00    0.76    0.00    0.00    0.51    0.00    0.00    0.00   94.95
17:09:45     all    5.76    0.00    0.25    0.00    0.00    0.75    0.00    0.00    0.00   93.23
17:09:46     all    5.53    0.00    1.01    0.00    0.00    0.25    0.00    0.00    0.00   93.22
17:09:47     all    6.03    0.00    0.75    0.00    0.00    0.50    0.00    0.00    0.00   92.71
17:09:48     all    5.79    0.00    0.25    0.00    0.00    0.50    0.00    0.00    0.00   93.45
17:09:49     all    5.01    0.00    1.00    0.00    0.00    0.25    0.50    0.00    0.00   93.23
17:09:50     all    6.05    0.00    0.50    0.00    0.00    0.50    0.00    0.00    0.00   92.95
17:09:51     all    4.55    0.00    0.51    0.00    0.00    0.51    0.00    0.00    0.00   94.44
17:09:52     all    5.33    0.00    0.51    0.00    0.00    0.51    0.00    0.00    0.00   93.65
17:09:53     all    6.02    0.00    0.50    0.25    0.00    0.50    0.00    0.00    0.00   92.73
17:09:54     all    5.54    0.00    1.01    0.00    0.00    0.25    0.00    0.00    0.00   93.20
17:09:55     all    5.05    0.00    0.51    0.00    0.00    0.51    0.00    0.00    0.00   93.94
17:09:56     all    6.00    0.00    1.00    0.00    0.00    0.50    0.00    0.00    0.00   92.50
17:09:57     all    5.82    0.00    0.25    0.00    0.00    0.25    0.00    0.00    0.00   93.67
17:09:58     all    5.08    0.00    0.76    0.00    0.00    0.25    0.00    0.00    0.00   93.91
17:09:59     all    5.30    0.00    0.76    0.00    0.00    0.76    0.00    0.00    0.00   93.18
17:10:00     all    5.56    0.00    0.25    0.00    0.00    0.25    0.00    0.00    0.00   93.94
17:10:01     all    5.04    0.00    1.01    0.00    0.00    0.50    0.00    0.00    0.00   93.45
17:10:02     all    5.82    0.00    0.76    0.00    0.00    0.00    0.00    0.00    0.00   93.42
17:10:03     all    5.26    0.00    0.75    0.00    0.00    1.00    0.00    0.00    0.00   92.98
17:10:04     all    5.56    0.00    0.76    0.00    0.00    0.51    0.00    0.00    0.00   93.18
17:10:05     all    6.03    0.00    0.75    0.00    0.00    0.25    0.00    0.00    0.00   92.96
17:10:06     all    5.30    0.00    0.51    0.00    0.00    0.76    0.00    0.00    0.00   93.43
17:10:07     all    5.29    0.00    0.76    0.00    0.00    0.25    0.00    0.00    0.00   93.70
17:10:08     all    5.57    0.00    0.51    0.00    0.00    0.25    0.00    0.00    0.00   93.67
17:10:09     all    5.50    0.00    0.75    0.00    0.00    0.75    0.00    0.00    0.00   93.00
17:10:10     all    5.30    0.00    0.51    0.00    0.00    0.25    0.00    0.00    0.00   93.94
17:10:11     all    5.09    0.00    0.51    0.00    0.00    0.25    0.00    0.00    0.00   94.15
17:10:12     all    6.28    0.00    0.25    0.00    0.00    0.00    0.00    0.00    0.00   93.47
17:10:13     all    5.74    0.00    1.00    0.00    0.00    0.75    0.00    0.00    0.00   92.52
17:10:14     all    5.10    0.00    0.26    0.26    0.00    0.26    0.00    0.00    0.00   94.13
17:10:15     all    6.02    0.00    0.75    0.00    0.00    0.50    0.00    0.00    0.00   92.73
17:10:16     all    5.54    0.00    0.25    0.00    0.00    0.25    0.00    0.00    0.00   93.95
17:10:17     all    6.02    0.00    0.75    0.00    0.00    0.50    0.00    0.00    0.00   92.73
17:10:18     all    5.57    0.00    1.01    0.25    0.00    0.51    0.00    0.00    0.00   92.66
17:10:19     all    5.51    0.00    0.75    0.00    0.00    0.25    0.00    0.00    0.00   93.48
17:10:20     all    5.78    0.00    0.25    0.00    0.00    0.50    0.00    0.00    0.00   93.47
17:10:21     all    6.05    0.00    1.01    0.00    0.00    0.00    0.00    0.00    0.00   92.95
17:10:22     all    6.05    0.00    0.25    0.00    0.00    0.76    0.00    0.00    0.00   92.95
17:10:23     all    5.06    0.00    1.01    0.00    0.00    0.51    0.00    0.00    0.00   93.42
17:10:24     all    5.32    0.00    0.51    0.00    0.00    0.25    0.00    0.00    0.00   93.92
17:10:25     all    5.81    0.00    0.25    0.00    0.00    0.51    0.00    0.00    0.00   93.43
17:10:26     all    5.30    0.00    1.01    0.00    0.00    0.00    0.00    0.00    0.00   93.69
17:10:27     all    5.99    0.00    0.75    0.00    0.00    1.00    0.00    0.00    0.00   92.27
17:10:28     all    5.10    0.00    0.26    0.00    0.00    0.26    0.00    0.00    0.00   94.39
17:10:29     all    6.52    0.00    1.00    0.00    0.00    0.00    0.00    0.00    0.00   92.48
17:10:30     all    5.32    0.00    0.51    0.00    0.00    0.76    0.00    0.00    0.00   93.42
17:10:31     all    6.30    0.00    0.76    0.00    0.00    0.25    0.00    0.00    0.00   92.70
17:10:32     all    6.03    0.00    0.75    0.00    0.00    0.25    0.00    0.00    0.00   92.96
17:10:33     all    5.76    0.00    0.75    0.00    0.00    0.50    0.00    0.00    0.00   92.98
17:10:34     all    5.81    0.00    0.76    0.00    0.00    0.25    0.00    0.00    0.00   93.18
17:10:35     all    5.81    0.00    0.51    0.00    0.00    0.76    0.00    0.00    0.00   92.93
17:10:36     all    5.51    0.00    1.00    0.00    0.00    0.50    0.00    0.00    0.00   92.98
17:10:37     all    5.54    0.00    0.76    0.00    0.00    0.25    0.00    0.00    0.00   93.45
17:10:38     all    7.02    0.00    0.25    0.00    0.00    0.50    0.00    0.00    0.00   92.23
17:10:39     all    6.05    0.00    0.76    0.00    0.00    0.00    0.00    0.00    0.00   93.20
17:10:40     all    5.28    0.00    0.75    0.00    0.00    0.50    0.25    0.00    0.00   93.22
17:10:41     all    5.30    0.00    0.76    0.00    0.00    0.51    0.00    0.00    0.00   93.43
17:10:42     all    5.28    0.00    0.75    0.00    0.00    0.50    0.00    0.00    0.00   93.47
17:10:43     all    5.85    0.00    0.00    0.00    0.00    0.25    0.00    0.00    0.00   93.89
17:10:44     all    5.78    0.00    0.75    0.00    0.00    0.50    0.00    0.00    0.00   92.96
17:10:45     all    4.85    0.00    0.51    0.00    0.00    0.51    0.00    0.00    0.00   94.13
17:10:46     all    5.51    0.00    0.75    0.00    0.00    0.50    0.25    0.00    0.00   92.98
17:10:47     all    6.06    0.00    0.25    0.00    0.00    0.25    0.25    0.00    0.00   93.18
17:10:48     all    6.03    0.00    0.75    0.00    0.00    0.25    0.00    0.00    0.00   92.96
17:10:49     all    5.84    0.00    0.51    0.00    0.00    0.25    0.00    0.00    0.00   93.40
17:10:50     all    6.02    0.00    0.75    0.00    0.00    0.25    0.00    0.00    0.00   92.98
17:10:51     all    5.79    0.00    0.50    0.00    0.00    0.76    0.00    0.00    0.00   92.95
17:10:52     all    5.30    0.00    1.26    0.00    0.00    0.00    0.00    0.00    0.00   93.43
17:10:53     all    6.03    0.00    0.75    0.00    0.00    0.75    0.00    0.00    0.00   92.46
17:10:54     all    5.81    0.00    0.51    0.00    0.00    0.25    0.00    0.00    0.00   93.43
17:10:55     all    6.05    0.00    0.76    0.25    0.00    0.25    0.00    0.00    0.00   92.70
17:10:56     all    6.05    0.00    0.25    0.00    0.00    0.76    0.00    0.00    0.00   92.95
17:10:57     all    6.03    0.00    1.01    0.00    0.00    0.25    0.00    0.00    0.00   92.71
17:10:58     all    5.82    0.00    0.76    0.00    0.00    0.00    0.00    0.00    0.00   93.42
17:10:59     all    5.53    0.00    0.75    0.00    0.00    0.75    0.00    0.00    0.00   92.96
17:11:00     all    6.53    0.00    0.50    0.00    0.00    0.50    0.00    0.00    0.00   92.46
17:11:01     all    5.81    0.00    0.76    0.00    0.00    0.25    0.00    0.00    0.00   93.18
17:11:02     all    6.06    0.00    0.51    0.00    0.00    0.51    0.00    0.00    0.00   92.93
17:11:03     all    5.57    0.00    0.76    0.00    0.00    0.25    0.00    0.00    0.00   93.42
17:11:04     all    6.22    0.00    1.00    0.00    0.00    0.75    0.00    0.00    0.00   92.04
17:11:05     all    5.84    0.00    0.25    0.00    0.00    0.00    0.00    0.00    0.00   93.91
17:11:06     all    5.78    0.00    0.50    0.00    0.00    0.75    0.00    0.00    0.00   92.96
17:11:07     all    5.06    0.00    1.01    0.00    0.00    0.00    0.00    0.00    0.00   93.92
17:11:08     all    5.28    0.00    1.01    0.00    0.00    0.75    0.00    0.00    0.00   92.96
17:11:09     all    5.81    0.00    0.51    0.00    0.00    0.51    0.00    0.00    0.00   93.18
17:11:10     all    5.05    0.00    0.51    0.00    0.00    0.76    0.00    0.00    0.00   93.69
17:11:11     all    5.54    0.00    1.01    0.00    0.00    0.00    0.00    0.00    0.00   93.45
17:11:12     all    5.54    0.00    0.76    0.00    0.00    0.50    0.00    0.00    0.00   93.20
17:11:13     all    5.81    0.00    0.76    0.00    0.00    0.25    0.00    0.00    0.00   93.18
17:11:14     all    5.76    0.00    0.50    0.00    0.00    0.50    0.25    0.00    0.00   92.98
17:11:15     all    5.57    0.00    0.25    0.00    0.00    0.51    0.00    0.00    0.00   93.67
17:11:16     all    6.25    0.00    1.00    0.00    0.00    0.25    0.00    0.00    0.00   92.50
17:11:17     all    5.56    0.00    0.76    0.00    0.00    0.25    0.00    0.00    0.00   93.43
17:11:18     all    5.82    0.00    0.25    0.00    0.00    0.51    0.00    0.00    0.00   93.42
17:11:19     all    5.81    0.00    0.76    0.00    0.00    0.00    0.00    0.00    0.00   93.43
17:11:20     all    5.51    0.00    1.00    0.00    0.00    0.50    0.00    0.00    0.00   92.98
17:11:21     all    6.30    0.00    0.25    0.00    0.00    0.76    0.00    0.00    0.00   92.70
17:11:22     all    5.85    0.00    0.51    0.00    0.00    0.00    0.00    0.00    0.00   93.64
17:11:23     all    6.28    0.00    0.50    0.00    0.00    0.25    0.00    0.00    0.00   92.96
17:11:24     all    5.58    0.00    0.76    0.00    0.00    0.25    0.00    0.00    0.00   93.40
17:11:25     all    6.03    0.00    0.50    0.00    0.00    0.75    0.00    0.00    0.00   92.71
17:11:26     all    5.56    0.00    0.76    0.00    0.00    0.25    0.00    0.00    0.00   93.43
17:11:27     all    6.06    0.00    0.51    0.00    0.00    0.25    0.00    0.00    0.00   93.18
17:11:28     all    6.03    0.00    0.75    0.00    0.00    0.50    0.00    0.00    0.00   92.71
17:11:29     all    5.79    0.00    0.76    0.00    0.00    0.25    0.00    0.00    0.00   93.20
17:11:30     all    5.81    0.00    0.76    0.00    0.00    0.25    0.00    0.00    0.00   93.18
17:11:31     all    6.03    0.00    0.25    0.00    0.00    0.75    0.00    0.00    0.00   92.96
17:11:32     all    5.30    0.00    0.76    0.00    0.00    0.76    0.00    0.00    0.00   93.18
17:11:33     all    5.06    0.00    0.76    0.00    0.00    0.25    0.00    0.00    0.00   93.92
17:11:34     all    6.25    0.00    0.50    0.00    0.00    0.50    0.00    0.00    0.00   92.75
17:11:35     all    5.78    0.00    0.75    0.00    0.00    0.75    0.00    0.00    0.00   92.71
17:11:36     all    6.06    0.00    0.25    0.00    0.00    0.00    0.00    0.00    0.00   93.69
17:11:37     all    4.79    0.00    1.01    0.00    0.00    0.50    0.00    0.00    0.00   93.70
17:11:38     all    5.79    0.00    0.76    0.00    0.00    0.50    0.00    0.00    0.00   92.95
17:11:39     all    5.81    0.00    0.51    0.00    0.00    0.25    0.00    0.00    0.00   93.43
17:11:40     all    5.54    0.00    0.76    0.00    0.00    0.50    0.00    0.00    0.00   93.20
17:11:41     all    5.81    0.00    0.51    0.00    0.00    0.25    0.00    0.00    0.00   93.43
17:11:42     all    5.29    0.00    0.76    0.00    0.00    0.50    0.00    0.00    0.00   93.45
17:11:43     all    5.58    0.00    0.51    0.00    0.00    0.00    0.00    0.00    0.00   93.91
17:11:44     all    6.00    0.00    0.50    0.25    0.00    0.50    0.00    0.00    0.00   92.75
17:11:45     all    5.30    0.00    0.51    0.00    0.00    0.76    0.00    0.00    0.00   93.43
17:11:46     all    5.32    0.00    0.51    0.00    0.00    0.25    0.00    0.00    0.00   93.92
17:11:47     all    5.09    0.00    0.51    0.00    0.00    0.25    0.00    0.00    0.00   94.15
17:11:48     all    5.51    0.00    0.75    0.00    0.00    0.75    0.00    0.00    0.00   92.98
17:11:49     all    5.54    0.00    0.50    0.00    0.00    0.25    0.00    0.00    0.00   93.70
17:11:50     all    5.29    0.00    1.01    0.00    0.00    0.50    0.25    0.00    0.00   92.95
17:11:51     all    5.78    0.00    0.75    0.00    0.00    0.50    0.00    0.00    0.00   92.96
17:11:52     all    6.06    0.00    0.51    0.00    0.00    0.00    0.25    0.00    0.00   93.18
17:11:53     all    5.78    0.00    0.50    0.00    0.00    0.50    0.00    0.00    0.00   93.22
17:11:54     all    5.79    0.00    0.76    0.00    0.00    0.50    0.00    0.00    0.00   92.95
17:11:55     all    5.30    0.00    0.76    0.00    0.00    0.51    0.00    0.00    0.00   93.43
17:11:56     all    6.08    0.00    0.25    0.00    0.00    0.25    0.00    0.00    0.00   93.42
17:11:57     all    6.27    0.00    0.50    0.00    0.00    0.75    0.00    0.00    0.00   92.48
17:11:58     all    5.82    0.00    0.51    0.00    0.00    0.25    0.00    0.00    0.00   93.42
17:11:59     all    5.78    0.00    0.75    0.00    0.00    0.25    0.00    0.00    0.00   93.22
17:12:00     all    5.79    0.00    1.01    0.00    0.00    0.25    0.00    0.00    0.00   92.95
17:12:01     all    6.33    0.00    0.00    0.00    0.00    0.25    0.00    0.00    0.00   93.42
17:12:02     all    5.28    0.00    0.75    0.00    0.00    0.75    0.00    0.00    0.00   93.22
17:12:03     all    6.03    0.00    0.50    0.00    0.00    0.50    0.00    0.00    0.00   92.96
17:12:04     all    5.60    0.00    0.51    0.00    0.00    0.25    0.00    0.00    0.00   93.64
17:12:05     all    5.06    0.00    0.51    0.00    0.00    0.76    0.00    0.00    0.00   93.67
17:12:06     all    6.25    0.00    1.00    0.00    0.00    0.00    0.00    0.00    0.00   92.75
17:12:07     all    6.48    0.00    0.50    0.00    0.00    0.50    0.00    0.00    0.00   92.52
17:12:08     all    5.61    0.00    0.51    0.00    0.00    0.00    0.00    0.00    0.00   93.88
17:12:09     all    5.49    0.00    0.50    0.25    0.00    0.75    0.00    0.00    0.00   93.02
17:12:10     all    6.03    0.00    1.01    0.00    0.00    0.00    0.00    0.00    0.00   92.96
17:12:11     all    5.08    0.00    0.51    0.00    0.00    0.51    0.00    0.00    0.00   93.91
17:12:12     all    5.82    0.00    0.51    0.00    0.00    0.00    0.00    0.00    0.00   93.67
17:12:13     all    4.80    0.00    0.76    0.00    0.00    0.51    0.00    0.00    0.00   93.94
17:12:14     all    5.81    0.00    0.76    0.00    0.00    0.51    0.00    0.00    0.00   92.93
17:12:15     all    5.56    0.00    0.76    0.00    0.00    0.00    0.00    0.00    0.00   93.69
17:12:16     all    5.32    0.00    0.51    0.00    0.00    0.76    0.00    0.00    0.00   93.42
17:12:17     all    5.78    0.00    0.75    0.00    0.00    0.50    0.00    0.00    0.00   92.96
17:12:18     all    5.79    0.00    0.50    0.00    0.00    0.25    0.00    0.00    0.00   93.45
17:12:19     all    6.77    0.00    0.50    0.00    0.00    0.25    0.00    0.00    0.00   92.48
17:12:20     all    5.53    0.00    1.01    0.25    0.00    0.75    0.00    0.00    0.00   92.46
17:12:21     all    6.31    0.00    0.25    0.00    0.00    0.25    0.00    0.00    0.00   93.18
17:12:22     all    5.30    0.00    0.76    0.00    0.00    0.51    0.00    0.00    0.00   93.43
17:12:23     all    6.02    0.00    0.75    0.00    0.00    0.50    0.00    0.00    0.00   92.73
17:12:24     all    5.57    0.00    0.51    0.00    0.00    0.25    0.00    0.00    0.00   93.67
17:12:25     all    5.57    0.00    0.76    0.00    0.00    0.00    0.00    0.00    0.00   93.67
17:12:26     all    6.00    0.00    0.75    0.00    0.00    1.00    0.00    0.00    0.00   92.25
17:12:27     all    5.58    0.00    0.76    0.00    0.00    0.00    0.00    0.00    0.00   93.65
17:12:28     all    5.53    0.00    0.50    0.00    0.00    0.75    0.00    0.00    0.00   93.22
17:12:29     all    5.57    0.00    0.51    0.00    0.00    0.25    0.00    0.00    0.00   93.67
17:12:30     all    5.76    0.00    1.00    0.00    0.00    0.50    0.00    0.00    0.00   92.73
17:12:31     all    5.81    0.00    0.51    0.00    0.00    0.76    0.00    0.00    0.00   92.93
17:12:32     all    5.81    0.00    0.76    0.00    0.00    0.00    0.00    0.00    0.00   93.43
17:12:33     all    5.53    0.00    0.50    0.00    0.00    0.50    0.00    0.00    0.00   93.47
17:12:34     all    5.58    0.00    0.51    0.00    0.00    0.76    0.00    0.00    0.00   93.15
17:12:35     all    5.78    0.00    1.01    0.00    0.00    0.50    0.00    0.00    0.00   92.71
17:12:36     all    5.53    0.00    1.01    0.00    0.00    0.50    0.00    0.00    0.00   92.96
17:12:37     all    5.33    0.00    0.51    0.00    0.00    0.25    0.00    0.00    0.00   93.91
17:12:38     all    5.75    0.00    1.00    0.00    0.00    0.75    0.00    0.00    0.00   92.50
17:12:39     all    5.04    0.00    0.76    0.00    0.00    0.50    0.00    0.00    0.00   93.70
17:12:40     all    6.06    0.00    0.25    0.00    0.00    0.51    0.00    0.00    0.00   93.18
17:12:41     all    5.82    0.00    0.51    0.00    0.00    0.00    0.00    0.00    0.00   93.67
17:12:42     all    5.76    0.00    0.50    0.00    0.00    0.50    0.25    0.00    0.00   92.98
17:12:43     all    2.76    0.00    0.50    0.00    0.00    0.00    0.00    0.00    0.00   96.74
17:12:44     all    3.27    0.00    0.00    0.00    0.00    0.50    0.25    0.00    0.00   95.97
17:12:45     all    4.51    0.00    1.00    0.00    0.00    0.75    0.00    0.00    0.00   93.73
17:12:46     all    6.03    0.00    0.50    0.00    0.00    0.00    0.00    0.00    0.00   93.47
17:12:47     all    5.53    0.00    1.01    0.00    0.00    0.50    0.00    0.00    0.00   92.96
17:12:48     all    6.02    0.00    0.50    0.00    0.00    0.25    0.00    0.00    0.00   93.23
17:12:49     all    5.09    0.00    0.51    0.00    0.00    0.51    0.00    0.00    0.00   93.89
17:12:50     all    5.08    0.00    0.76    0.00    0.00    0.25    0.00    0.00    0.00   93.91
17:12:51     all    6.05    0.00    0.25    0.00    0.00    0.50    0.00    0.00    0.00   93.20
17:12:52     all    5.28    0.00    1.01    0.00    0.00    0.50    0.00    0.00    0.00   93.22
17:12:53     all    6.27    0.00    0.50    0.00    0.00    0.50    0.00    0.00    0.00   92.73
17:12:54     all    5.78    0.00    0.75    0.00    0.00    0.75    0.00    0.00    0.00   92.71
17:12:55     all    6.28    0.00    0.50    0.00    0.00    0.25    0.25    0.00    0.00   92.71
17:12:56     all    5.57    0.00    0.25    0.00    0.00    0.51    0.00    0.00    0.00   93.67
17:12:57     all    6.52    0.00    0.50    0.00    0.00    0.75    0.00    0.00    0.00   92.23
17:12:58     all    5.75    0.00    1.00    0.00    0.00    0.50    0.00    0.00    0.00   92.75
17:12:59     all    6.05    0.00    0.25    0.00    0.00    0.76    0.00    0.00    0.00   92.95
17:13:00     all    5.79    0.00    0.76    0.00    0.00    0.76    0.00    0.00    0.00   92.70
17:13:01     all    5.37    0.00    0.26    0.00    0.00    0.26    0.00    0.00    0.00   94.12
17:13:02     all    5.79    0.00    0.76    0.00    0.00    0.50    0.00    0.00    0.00   92.95
17:13:03     all    5.76    0.00    0.50    0.00    0.00    1.00    0.00    0.00    0.00   92.73
17:13:04     all    5.57    0.00    1.01    0.00    0.00    0.00    0.25    0.00    0.00   93.16
17:13:05     all    6.00    0.00    1.25    0.00    0.00    0.75    0.00    0.00    0.00   92.00
17:13:06     all    6.03    0.00    0.75    0.00    0.00    0.50    0.00    0.00    0.00   92.71
17:13:07     all    5.56    0.00    0.51    0.00    0.00    0.51    0.00    0.00    0.00   93.43
17:13:08     all    5.81    0.00    0.76    0.00    0.00    0.25    0.00    0.00    0.00   93.18
17:13:09     all    5.51    0.00    1.00    0.00    0.00    0.50    0.00    0.00    0.00   92.98
17:13:10     all    5.56    0.00    0.51    0.25    0.00    0.76    0.00    0.00    0.00   92.93
17:13:11     all    6.00    0.00    0.75    0.00    0.00    0.50    0.00    0.00    0.00   92.75
17:13:12     all    5.78    0.00    0.75    0.00    0.00    0.75    0.00    0.00    0.00   92.71
17:13:13     all    5.57    0.00    0.51    0.00    0.00    0.00    0.00    0.00    0.00   93.92
17:13:14     all    5.57    0.00    0.76    0.00    0.00    0.51    0.00    0.00    0.00   93.16
17:13:15     all    6.30    0.00    0.25    0.00    0.00    0.50    0.00    0.00    0.00   92.95
17:13:16     all    6.00    0.00    1.00    0.00    0.00    0.25    0.00    0.00    0.00   92.75
17:13:17     all    5.32    0.00    0.51    0.00    0.00    0.76    0.00    0.00    0.00   93.42
17:13:18     all    5.76    0.00    1.00    0.00    0.00    0.50    0.00    0.00    0.00   92.73
17:13:19     all    5.09    0.00    0.51    0.00    0.00    0.25    0.00    0.00    0.00   94.15
17:13:20     all    5.78    0.00    1.01    0.00    0.00    0.25    0.00    0.00    0.00   92.96
17:13:21     all    5.79    0.00    0.50    0.00    0.00    0.25    0.00    0.00    0.00   93.45
17:13:22     all    5.81    0.00    0.51    0.00    0.00    0.51    0.00    0.00    0.00   93.18
17:13:23     all    5.32    0.00    1.01    0.00    0.00    0.25    0.00    0.00    0.00   93.42
17:13:24     all    5.79    0.00    0.50    0.00    0.00    0.76    0.00    0.00    0.00   92.95
17:13:25     all    5.76    0.00    1.00    0.00    0.00    0.50    0.00    0.00    0.00   92.73
17:13:26     all    6.27    0.00    0.75    0.00    0.00    0.50    0.00    0.00    0.00   92.48
17:13:27     all    6.03    0.00    0.25    0.00    0.00    0.75    0.00    0.00    0.00   92.96
17:13:28     all    5.05    0.00    0.51    0.00    0.00    0.25    0.00    0.00    0.00   94.19
17:13:29     all    5.57    0.00    0.51    0.00    0.00    0.00    0.00    0.00    0.00   93.92
17:13:30     all    5.25    0.00    1.00    0.00    0.00    1.00    0.00    0.00    0.00   92.75
17:13:31     all    5.03    0.00    0.75    0.00    0.00    0.25    0.00    0.00    0.00   93.97
17:13:32     all    5.57    0.00    0.00    0.00    0.00    0.25    0.00    0.00    0.00   94.18
17:13:33     all    5.05    0.00    1.01    0.00    0.00    0.51    0.00    0.00    0.00   93.43
17:13:34     all    5.81    0.00    0.25    0.00    0.00    0.00    0.00    0.00    0.00   93.94
17:13:35     all    5.29    0.00    0.76    0.00    0.00    1.01    0.00    0.00    0.00   92.95
17:13:36     all    5.76    0.00    1.00    0.00    0.00    0.25    0.00    0.00    0.00   92.98
17:13:37     all    5.10    0.00    0.00    0.00    0.00    0.51    0.00    0.00    0.00   94.39
17:13:38     all    5.51    0.00    1.00    0.00    0.00    0.50    0.00    0.00    0.00   92.98
17:13:39     all    5.99    0.00    0.75    0.00    0.00    0.25    0.25    0.00    0.00   92.77
17:13:40     all    5.82    0.00    0.25    0.00    0.00    0.51    0.00    0.00    0.00   93.42
17:13:41     all    5.56    0.00    1.01    0.00    0.00    0.25    0.00    0.00    0.00   93.18
17:13:42     all    5.75    0.00    0.75    0.00    0.00    0.75    0.00    0.00    0.00   92.75
17:13:43     all    5.29    0.00    0.50    0.00    0.00    0.76    0.00    0.00    0.00   93.45
17:13:44     all    5.60    0.00    0.00    0.00    0.00    0.25    0.00    0.00    0.00   94.15
17:13:45     all    5.99    0.00    1.25    0.00    0.00    0.25    0.00    0.00    0.00   92.52
17:13:46     all    5.53    0.00    0.75    0.00    0.00    0.50    0.00    0.00    0.00   93.22
17:13:47     all    5.84    0.00    0.25    0.00    0.00    0.25    0.00    0.00    0.00   93.65
17:13:48     all    5.75    0.00    0.75    0.00    0.00    0.50    0.00    0.00    0.00   93.00
17:13:49     all    5.54    0.00    0.76    0.00    0.00    0.25    0.00    0.00    0.00   93.45
17:13:50     all    6.09    0.00    0.51    0.00    0.00    0.00    0.00    0.00    0.00   93.40
17:13:51     all    5.25    0.00    0.75    0.00    0.00    0.75    0.00    0.00    0.00   93.25
17:13:52     all    5.56    0.00    0.51    0.00    0.00    0.00    0.00    0.00    0.00   93.94
17:13:53     all    5.50    0.00    1.00    0.00    0.00    0.75    0.00    0.00    0.00   92.75
17:13:54     all    5.79    0.00    0.76    0.00    0.00    0.50    0.25    0.00    0.00   92.70
17:13:55     all    5.79    0.00    0.50    0.00    0.00    0.25    0.00    0.00    0.00   93.45
17:13:56     all    5.53    0.00    0.50    0.00    0.00    0.75    0.00    0.00    0.00   93.22
17:13:57     all    5.56    0.00    0.51    0.25    0.00    0.25    0.00    0.00    0.00   93.43
17:13:58     all    5.53    0.00    0.50    0.00    0.00    0.50    0.00    0.00    0.00   93.47
17:13:59     all    5.54    0.00    1.01    0.00    0.00    0.50    0.00    0.00    0.00   92.95
17:14:00     all    5.30    0.00    0.51    0.00    0.00    0.25    0.00    0.00    0.00   93.94
17:14:01     all    5.53    0.00    0.75    0.00    0.00    0.50    0.00    0.00    0.00   93.22
17:14:02     all    5.78    0.00    0.50    0.00    0.00    0.75    0.00    0.00    0.00   92.96
17:14:03     all    5.82    0.00    0.51    0.00    0.00    0.00    0.00    0.00    0.00   93.67
17:14:04     all    5.78    0.00    0.50    0.00    0.00    0.75    0.00    0.00    0.00   92.96
17:14:05     all    6.75    0.00    0.75    0.00    0.00    0.25    0.00    0.00    0.00   92.25
17:14:06     all    5.58    0.00    0.51    0.00    0.00    0.25    0.00    0.00    0.00   93.65
17:14:07     all    6.00    0.00    1.00    0.00    0.00    0.75    0.00    0.00    0.00   92.25
17:14:08     all    5.84    0.00    0.76    0.00    0.00    0.00    0.00    0.00    0.00   93.40
17:14:09     all    5.76    0.00    0.50    0.00    0.00    0.75    0.00    0.00    0.00   92.98
17:14:10     all    5.30    0.00    0.76    0.00    0.00    0.25    0.00    0.00    0.00   93.69
17:14:11     all    6.03    0.00    1.01    0.00    0.00    0.25    0.00    0.00    0.00   92.71
17:14:12     all    5.79    0.00    0.25    0.25    0.00    0.76    0.00    0.00    0.00   92.95
17:14:13     all    6.06    0.00    0.76    0.00    0.00    0.25    0.00    0.00    0.00   92.93
17:14:14     all    5.79    0.00    1.01    0.00    0.00    0.25    0.00    0.00    0.00   92.95
17:14:15     all    5.81    0.00    0.51    0.00    0.00    0.51    0.00    0.00    0.00   93.18
17:14:16     all    5.54    0.00    0.50    0.00    0.00    0.76    0.00    0.00    0.00   93.20
17:14:17     all    5.33    0.00    0.76    0.00    0.00    0.25    0.00    0.00    0.00   93.65
17:14:18     all    5.57    0.00    0.25    0.00    0.00    0.51    0.00    0.00    0.00   93.67
17:14:19     all    5.78    0.00    0.75    0.00    0.00    0.50    0.00    0.00    0.00   92.96
17:14:20     all    6.02    0.00    1.00    0.00    0.00    0.25    0.00    0.00    0.00   92.73
17:14:21     all    5.37    0.00    0.26    0.00    0.00    0.26    0.00    0.00    0.00   94.12
17:14:22     all    6.23    0.00    1.25    0.00    0.00    0.50    0.00    0.00    0.00   92.02
17:14:23     all    5.58    0.00    0.00    0.00    0.00    0.51    0.00    0.00    0.00   93.91
17:14:24     all    6.27    0.00    1.00    0.00    0.00    0.25    0.00    0.00    0.00   92.48
17:14:25     all    5.57    0.00    0.25    0.00    0.00    0.25    0.00    0.00    0.00   93.92
17:14:26     all    5.76    0.00    1.00    0.00    0.00    0.25    0.00    0.00    0.00   92.98
17:14:27     all    5.79    0.00    0.76    0.00    0.00    0.76    0.00    0.00    0.00   92.70
17:14:28     all    5.79    0.00    0.76    0.00    0.00    0.25    0.00    0.00    0.00   93.20
17:14:29     all    6.30    0.00    0.25    0.00    0.00    0.25    0.00    0.00    0.00   93.20
17:14:30     all    5.53    0.00    1.01    0.00    0.00    0.75    0.00    0.00    0.00   92.71
17:14:31     all    5.57    0.00    0.25    0.00    0.00    0.00    0.25    0.00    0.00   93.92
17:14:32     all    6.05    0.00    0.50    0.00    0.00    0.50    0.00    0.00    0.00   92.95
17:14:33     all    5.56    0.00    0.76    0.00    0.00    0.25    0.00    0.00    0.00   93.43
17:14:34     all    6.00    0.00    1.00    0.00    0.00    0.75    0.00    0.00    0.00   92.25
17:14:35     all    5.84    0.00    0.00    0.00    0.00    0.00    0.00    0.00    0.00   94.16
17:14:36     all    5.56    0.00    0.76    0.00    0.00    0.51    0.00    0.00    0.00   93.18
17:14:37     all    5.32    0.00    0.76    0.00    0.00    0.25    0.00    0.00    0.00   93.67
17:14:38     all    5.58    0.00    0.51    0.00    0.00    0.51    0.00    0.00    0.00   93.40
17:14:39     all    5.50    0.00    1.00    0.00    0.00    0.50    0.00    0.00    0.00   93.00
17:14:40     all    5.82    0.00    0.76    0.00    0.00    0.25    0.00    0.00    0.00   93.16
17:14:41     all    5.60    0.00    0.25    0.00    0.00    0.00    0.00    0.00    0.00   94.15
17:14:42     all    5.79    0.00    1.01    0.00    0.00    0.50    0.00    0.00    0.00   92.70
17:14:43     all    6.25    0.00    0.50    0.00    0.00    0.75    0.00    0.00    0.00   92.50
17:14:44     all    5.57    0.00    0.76    0.00    0.00    0.25    0.00    0.00    0.00   93.42
17:14:45     all    5.78    0.00    0.75    0.00    0.00    0.50    0.00    0.00    0.00   92.96
17:14:46     all    6.03    0.00    0.50    0.00    0.00    0.50    0.25    0.00    0.00   92.71
17:14:47     all    5.57    0.00    0.76    0.00    0.00    0.00    0.00    0.00    0.00   93.67
17:14:48     all    5.06    0.00    1.01    0.00    0.00    0.51    0.00    0.00    0.00   93.42
17:14:49     all    5.57    0.00    0.51    0.00    0.00    0.51    0.00    0.00    0.00   93.42
17:14:50     all    5.81    0.00    0.51    0.00    0.00    0.51    0.00    0.00    0.00   93.18
17:14:51     all    5.79    0.00    0.76    0.00    0.00    0.25    0.00    0.00    0.00   93.20
17:14:52     all    6.06    0.00    0.76    0.00    0.00    0.51    0.00    0.00    0.00   92.68
17:14:53     all    5.78    0.00    1.01    0.00    0.00    0.25    0.25    0.00    0.00   92.71
17:14:54     all    6.05    0.00    0.76    0.00    0.00    0.50    0.00    0.00    0.00   92.70
17:14:55     all    5.79    0.00    0.25    0.00    0.00    0.76    0.00    0.00    0.00   93.20
17:14:56     all    5.81    0.00    0.76    0.00    0.00    0.00    0.00    0.00    0.00   93.43
17:14:57     all    5.06    0.00    0.51    0.00    0.00    0.76    0.25    0.00    0.00   93.42
17:14:58     all    6.28    0.00    0.75    0.00    0.00    0.00    0.00    0.00    0.00   92.96
17:14:59     all    5.30    0.00    1.01    0.00    0.00    0.51    0.00    0.00    0.00   93.18
17:15:00     all    5.79    0.00    1.01    0.00    0.00    0.25    0.00    0.00    0.00   92.95
17:15:01     all    6.00    0.00    0.50    0.00    0.00    0.75    0.00    0.00    0.00   92.75
17:15:02     all    5.56    0.00    0.76    0.25    0.00    0.25    0.00    0.00    0.00   93.18
17:15:03     all    5.06    0.00    0.25    0.00    0.00    0.51    0.00    0.00    0.00   94.18
17:15:04     all    5.78    0.00    0.50    0.00    0.00    0.50    0.00    0.00    0.00   93.22
17:15:05     all    5.75    0.00    1.00    0.00    0.00    0.50    0.00    0.00    0.00   92.75
17:15:06     all    5.57    0.00    0.76    0.00    0.00    0.00    0.00    0.00    0.00   93.67
17:15:07     all    5.32    0.00    0.51    0.00    0.00    0.51    0.00    0.00    0.00   93.67
17:15:08     all    5.28    0.00    0.75    0.00    0.00    0.75    0.00    0.00    0.00   93.22
17:15:09     all    5.57    0.00    1.01    0.00    0.00    0.25    0.00    0.00    0.00   93.16
17:15:10     all    5.29    0.00    1.26    0.00    0.00    0.25    0.00    0.00    0.00   93.20
17:15:11     all    6.06    0.00    0.25    0.00    0.00    0.51    0.00    0.00    0.00   93.18
17:15:12     all    5.79    0.00    0.50    0.00    0.00    0.25    0.00    0.00    0.00   93.45
17:15:13     all    5.82    0.00    1.01    0.00    0.00    0.25    0.00    0.00    0.00   92.91
17:15:14     all    5.75    0.00    0.75    0.00    0.00    0.50    0.00    0.00    0.00   93.00
17:15:15     all    5.78    0.00    0.75    0.00    0.00    0.50    0.00    0.00    0.00   92.96
17:15:16     all    5.34    0.00    0.51    0.00    0.00    0.25    0.00    0.00    0.00   93.89
17:15:17     all    5.99    0.00    0.75    0.00    0.00    0.50    0.00    0.00    0.00   92.77
17:15:18     all    5.79    0.00    0.50    0.00    0.00    0.76    0.00    0.00    0.00   92.95
17:15:19     all    5.60    0.00    0.25    0.00    0.00    0.25    0.00    0.00    0.00   93.89
17:15:20     all    6.03    0.00    0.50    0.00    0.00    0.50    0.00    0.00    0.00   92.96
17:15:21     all    5.81    0.00    0.76    0.00    0.00    0.25    0.00    0.00    0.00   93.18
17:15:22     all    5.81    0.00    0.51    0.00    0.00    0.25    0.00    0.00    0.00   93.43
17:15:23     all    6.05    0.00    1.26    0.00    0.00    0.25    0.00    0.00    0.00   92.44
17:15:24     all    5.82    0.00    0.51    0.00    0.00    0.25    0.00    0.00    0.00   93.42
17:15:25     all    5.53    0.00    1.01    0.00    0.00    0.50    0.00    0.00    0.00   92.96
17:15:26     all    6.03    0.00    0.25    0.00    0.00    1.01    0.25    0.00    0.00   92.46
17:15:27     all    6.30    0.00    0.50    0.00    0.00    0.25    0.00    0.00    0.00   92.95
17:15:28     all    5.82    0.00    1.01    0.00    0.00    0.51    0.00    0.00    0.00   92.66
17:15:29     all    5.29    0.00    0.76    0.00    0.00    0.50    0.00    0.00    0.00   93.45
17:15:30     all    6.57    0.00    0.51    0.00    0.00    0.25    0.00    0.00    0.00   92.68
17:15:31     all    5.78    0.00    1.26    0.00    0.00    0.75    0.00    0.00    0.00   92.21
17:15:32     all    6.30    0.00    0.76    0.00    0.00    0.25    0.00    0.00    0.00   92.70
17:15:33     all    5.79    0.00    1.01    0.50    0.00    0.25    0.00    0.00    0.00   92.44
17:15:34     all    6.82    0.00    0.25    0.00    0.00    0.25    0.00    0.00    0.00   92.68
17:15:35     all    5.04    0.00    0.76    0.00    0.00    1.01    0.00    0.00    0.00   93.20
17:15:36     all    6.05    0.00    0.76    0.00    0.00    0.25    0.00    0.00    0.00   92.95
17:15:37     all    6.05    0.00    0.50    0.00    0.00    0.50    0.00    0.00    0.00   92.95
17:15:38     all    5.57    0.00    0.76    0.00    0.00    0.25    0.00    0.00    0.00   93.42
17:15:39     all    5.76    0.00    0.75    0.25    0.00    0.50    0.00    0.00    0.00   92.73
17:15:40     all    6.02    0.00    0.75    0.00    0.00    0.75    0.00    0.00    0.00   92.48
17:15:41     all    5.09    0.00    0.76    0.00    0.00    0.00    0.00    0.00    0.00   94.15
17:15:42     all    6.25    0.00    0.50    0.00    0.00    0.75    0.00    0.00    0.00   92.50
17:15:43     all    3.79    0.00    0.51    0.00    0.00    0.00    0.00    0.00    0.00   95.71
17:15:44     all    2.51    0.00    0.50    0.00    0.00    0.25    0.00    0.00    0.00   96.73
17:15:45     all    4.80    0.00    0.25    0.00    0.00    0.51    0.00    0.00    0.00   94.44
17:15:46     all    5.78    0.00    0.75    0.00    0.00    0.00    0.00    0.00    0.00   93.47
17:15:47     all    6.28    0.00    0.50    0.00    0.00    0.25    0.00    0.00    0.00   92.96
17:15:48     all    6.05    0.00    0.50    0.00    0.00    0.50    0.00    0.00    0.00   92.95
17:15:49     all    5.78    0.00    0.50    0.00    0.00    0.50    0.00    0.00    0.00   93.22
17:15:50     all    6.28    0.00    0.50    0.00    0.00    0.25    0.25    0.00    0.00   92.71
17:15:51     all    5.34    0.00    0.51    0.00    0.00    0.00    0.00    0.00    0.00   94.15
17:15:52     all    5.79    0.00    0.50    0.00    0.00    0.50    0.00    0.00    0.00   93.20
17:15:53     all    5.56    0.00    0.76    0.00    0.00    0.51    0.00    0.00    0.00   93.18
17:15:54     all    6.52    0.00    0.50    0.00    0.00    0.75    0.00    0.00    0.00   92.23
17:15:55     all    5.57    0.00    0.51    0.00    0.00    0.00    0.00    0.00    0.00   93.92
17:15:56     all    6.28    0.00    0.75    0.00    0.00    0.00    0.00    0.00    0.00   92.96
17:15:57     all    5.76    0.00    0.50    0.00    0.00    1.00    0.00    0.00    0.00   92.73
17:15:58     all    5.32    0.00    1.01    0.00    0.00    0.00    0.00    0.00    0.00   93.67
17:15:59     all    6.02    0.00    0.50    0.00    0.00    0.50    0.00    0.00    0.00   92.98
17:16:00     all    5.10    0.00    0.77    0.00    0.00    0.26    0.00    0.00    0.00   93.88
17:16:01     all    5.04    0.00    1.01    0.00    0.00    0.50    0.00    0.00    0.00   93.45
17:16:02     all    5.81    0.00    0.51    0.00    0.00    0.51    0.00    0.00    0.00   93.18
17:16:03     all    5.78    0.00    0.75    0.00    0.00    0.50    0.00    0.00    0.00   92.96
17:16:04     all    5.53    0.00    0.75    0.00    0.00    0.75    0.00    0.00    0.00   92.96
17:16:05     all    5.60    0.00    0.25    0.00    0.00    0.25    0.00    0.00    0.00   93.89
17:16:06     all    6.30    0.00    0.50    0.00    0.00    0.25    0.00    0.00    0.00   92.95
17:16:07     all    6.03    0.00    0.75    0.00    0.00    0.50    0.00    0.00    0.00   92.71
17:16:08     all    6.06    0.00    0.51    0.00    0.00    0.00    0.00    0.00    0.00   93.43
17:16:09     all    5.32    0.00    0.76    0.00    0.00    0.76    0.00    0.00    0.00   93.16
17:16:10     all    5.53    0.00    0.50    0.00    0.00    0.50    0.00    0.00    0.00   93.47
17:16:11     all    5.51    0.00    0.75    0.00    0.00    0.75    0.00    0.00    0.00   92.98
17:16:12     all    5.82    0.00    0.76    0.00    0.00    0.00    0.00    0.00    0.00   93.42
17:16:13     all    5.54    0.00    0.76    0.00    0.00    0.25    0.00    0.00    0.00   93.45
17:16:14     all    5.32    0.00    0.76    0.00    0.00    0.51    0.00    0.00    0.00   93.42
17:16:15     all    5.60    0.00    0.51    0.00    0.00    0.25    0.00    0.00    0.00   93.64
17:16:16     all    5.75    0.00    0.75    0.00    0.00    0.75    0.00    0.00    0.00   92.75
17:16:17     all    5.81    0.00    0.25    0.00    0.00    0.51    0.00    0.00    0.00   93.43
17:16:18     all    6.31    0.00    0.51    0.00    0.00    0.00    0.00    0.00    0.00   93.18
17:16:19     all    5.04    0.00    0.76    0.00    0.00    0.50    0.00    0.00    0.00   93.70
17:16:20     all    5.71    0.00    1.49    0.00    0.00    0.74    0.00    0.00    0.00   92.06
17:16:21     all    5.81    0.00    0.51    0.00    0.00    0.00    0.00    0.00    0.00   93.69
17:16:22     all    6.05    0.00    0.50    0.00    0.00    0.25    0.00    0.00    0.00   93.20
17:16:23     all    5.29    0.00    0.50    0.00    0.00    0.50    0.00    0.00    0.00   93.70
17:16:24     all    6.00    0.00    0.50    0.00    0.00    0.25    0.25    0.00    0.00   93.00
17:16:25     all    5.56    0.00    0.51    0.25    0.00    0.25    0.00    0.00    0.00   93.43
17:16:26     all    5.53    0.00    0.75    0.00    0.00    0.50    0.00    0.00    0.00   93.22
17:16:27     all    6.03    0.00    0.50    0.00    0.00    0.50    0.00    0.00    0.00   92.96
17:16:28     all    5.05    0.00    0.51    0.00    0.00    0.51    0.00    0.00    0.00   93.94
17:16:29     all    5.54    0.00    1.01    0.00    0.00    0.25    0.00    0.00    0.00   93.20
17:16:30     all    5.56    0.00    0.51    0.00    0.00    0.76    0.00    0.00    0.00   93.18
17:16:31     all    5.79    0.00    0.76    0.00    0.00    0.00    0.00    0.00    0.00   93.45
17:16:32     all    5.04    0.00    1.01    0.00    0.00    0.50    0.00    0.00    0.00   93.45
17:16:33     all    5.54    0.00    0.25    0.00    0.00    0.76    0.00    0.00    0.00   93.45
17:16:34     all    6.05    0.00    1.01    0.00    0.00    0.00    0.00    0.00    0.00   92.95
17:16:35     all    5.51    0.00    0.75    0.00    0.00    0.75    0.00    0.00    0.00   92.98
17:16:36     all    5.57    0.00    0.51    0.00    0.00    0.25    0.00    0.00    0.00   93.67
17:16:37     all    6.03    0.00    1.01    0.00    0.00    0.00    0.00    0.00    0.00   92.96
17:16:38     all    5.26    0.00    0.25    0.00    0.00    0.75    0.00    0.00    0.00   93.73
17:16:39     all    5.05    0.00    0.76    0.00    0.00    0.51    0.00    0.00    0.00   93.69
17:16:40     all    6.09    0.00    0.76    0.00    0.00    0.00    0.00    0.00    0.00   93.15
17:16:41     all    5.81    0.00    0.51    0.00    0.00    0.25    0.00    0.00    0.00   93.43
17:16:42     all    5.53    0.00    0.75    0.00    0.00    0.75    0.00    0.00    0.00   92.96
17:16:43     all    5.81    0.00    1.01    0.00    0.00    0.25    0.00    0.00    0.00   92.93
17:16:44     all    6.05    0.00    0.25    0.00    0.00    0.25    0.25    0.00    0.00   93.20
17:16:45     all    6.02    0.00    1.00    0.00    0.00    0.25    0.00    0.00    0.00   92.73
17:16:46     all    5.54    0.00    0.50    0.00    0.00    1.01    0.00    0.00    0.00   92.95
17:16:47     all    6.03    0.00    0.75    0.00    0.00    0.25    0.00    0.00    0.00   92.96
17:16:48     all    6.30    0.00    0.50    0.00    0.00    0.50    0.00    0.00    0.00   92.70
17:16:49     all    6.30    0.00    0.50    0.00    0.00    0.00    0.00    0.00    0.00   93.20
17:16:50     all    5.33    0.00    0.76    0.00    0.00    0.25    0.00    0.00    0.00   93.65
17:16:51     all    5.79    0.00    0.50    0.00    0.00    0.76    0.00    0.00    0.00   92.95
17:16:52     all    5.53    0.00    0.75    0.00    0.00    0.25    0.25    0.00    0.00   93.22
17:16:53     all    6.27    0.00    0.75    0.00    0.00    0.50    0.00    0.00    0.00   92.48
17:16:54     all    4.85    0.00    1.02    0.00    0.00    0.26    0.00    0.00    0.00   93.88
17:16:55     all    6.25    0.00    0.75    0.00    0.00    0.50    0.00    0.00    0.00   92.50
17:16:56     all    5.81    0.00    0.51    0.00    0.00    0.25    0.00    0.00    0.00   93.43
17:16:57     all    5.81    0.00    0.51    0.00    0.00    0.76    0.00    0.00    0.00   92.93
17:16:58     all    5.56    0.00    0.76    0.25    0.00    0.00    0.00    0.00    0.00   93.43
17:16:59     all    6.03    0.00    0.50    0.00    0.00    0.25    0.25    0.00    0.00   92.96
17:17:00     all    5.81    0.00    0.51    0.00    0.00    0.51    0.00    0.00    0.00   93.18
17:17:01     all    6.25    0.00    0.75    0.00    0.00    0.50    0.00    0.00    0.00   92.50
17:17:02     all    5.87    0.00    0.51    0.00    0.00    0.26    0.00    0.00    0.00   93.37
17:17:03     all    6.02    0.00    1.00    0.00    0.00    0.25    0.00    0.00    0.00   92.73
17:17:04     all    5.08    0.00    0.51    0.00    0.00    0.51    0.00    0.00    0.00   93.91
17:17:05     all    5.54    0.00    0.76    0.00    0.00    0.50    0.00    0.00    0.00   93.20
17:17:06     all    5.53    0.00    0.25    0.00    0.00    1.01    0.00    0.00    0.00   93.22
17:17:07     all    5.32    0.00    0.76    0.00    0.00    0.00    0.00    0.00    0.00   93.92
17:17:08     all    5.32    0.00    0.76    0.00    0.00    0.25    0.00    0.00    0.00   93.67
17:17:09     all    5.32    0.00    0.51    0.00    0.00    0.51    0.00    0.00    0.00   93.67
17:17:10     all    5.33    0.00    0.51    0.00    0.00    0.25    0.00    0.00    0.00   93.91
17:17:11     all    5.76    0.00    0.75    0.00    0.00    0.75    0.00    0.00    0.00   92.73
17:17:12     all    5.57    0.00    0.76    0.00    0.00    0.25    0.00    0.00    0.00   93.42
17:17:13     all    6.11    0.00    0.00    0.00    0.00    0.25    0.00    0.00    0.00   93.64
17:17:14     all    5.79    0.00    1.26    0.00    0.00    0.00    0.00    0.00    0.00   92.95
17:17:15     all    6.27    0.00    0.50    0.00    0.00    0.50    0.00    0.00    0.00   92.73
17:17:16     all    6.30    0.00    1.01    0.00    0.00    0.25    0.00    0.00    0.00   92.44
17:17:17     all    6.08    0.00    0.25    0.00    0.00    0.25    0.00    0.00    0.00   93.42
17:17:18     all    5.54    0.00    0.76    0.00    0.00    0.25    0.00    0.00    0.00   93.45
17:17:19     all    5.76    0.00    0.50    0.25    0.00    0.75    0.00    0.00    0.00   92.73
17:17:20     all    6.28    0.00    0.75    0.00    0.00    0.25    0.00    0.00    0.00   92.71
17:17:21     all    5.57    0.00    0.51    0.00    0.00    0.51    0.00    0.00    0.00   93.42
17:17:22     all    6.30    0.00    0.50    0.00    0.00    0.25    0.00    0.00    0.00   92.95
17:17:23     all    5.78    0.00    0.75    0.00    0.00    0.50    0.00    0.00    0.00   92.96
17:17:24     all    5.58    0.00    0.25    0.00    0.00    0.25    0.00    0.00    0.00   93.91
17:17:25     all    5.57    0.00    0.76    0.00    0.00    0.51    0.00    0.00    0.00   93.16
17:17:26     all    5.53    0.00    0.75    0.00    0.00    0.50    0.00    0.00    0.00   93.22
17:17:27     all    5.82    0.00    0.76    0.00    0.00    0.00    0.00    0.00    0.00   93.42
17:17:28     all    5.54    0.00    0.50    0.00    0.00    0.76    0.25    0.00    0.00   92.95
17:17:29     all    6.00    0.00    1.00    0.00    0.00    0.50    0.00    0.00    0.00   92.50
17:17:30     all    5.60    0.00    0.25    0.00    0.00    0.51    0.00    0.00    0.00   93.64
17:17:31     all    6.27    0.00    0.75    0.00    0.00    0.50    0.00    0.00    0.00   92.48
17:17:32     all    6.00    0.00    0.75    0.00    0.00    0.50    0.00    0.00    0.00   92.75
17:17:33     all    5.84    0.00    0.51    0.00    0.00    0.25    0.00    0.00    0.00   93.40
17:17:34     all    6.03    0.00    0.75    0.00    0.00    0.50    0.00    0.00    0.00   92.71
17:17:35     all    5.79    0.00    0.76    0.00    0.00    0.50    0.00    0.00    0.00   92.95
17:17:36     all    5.30    0.00    0.76    0.00    0.00    0.51    0.00    0.00    0.00   93.43
17:17:37     all    6.06    0.00    0.51    0.00    0.00    0.00    0.00    0.00    0.00   93.43
17:17:38     all    5.53    0.00    0.75    0.00    0.00    1.01    0.00    0.00    0.00   92.71
17:17:39     all    6.08    0.00    0.76    0.00    0.00    0.00    0.00    0.00    0.00   93.16
17:17:40     all    5.53    0.00    0.50    0.00    0.00    0.50    0.00    0.00    0.00   93.47
17:17:41     all    6.08    0.00    0.76    0.00    0.00    0.25    0.00    0.00    0.00   92.91
17:17:42     all    5.81    0.00    0.51    0.00    0.00    0.25    0.00    0.00    0.00   93.43
17:17:43     all    5.82    0.00    0.51    0.00    0.00    0.51    0.00    0.00    0.00   93.16
17:17:44     all    5.76    0.00    0.75    0.25    0.00    0.75    0.00    0.00    0.00   92.48
17:17:45     all    6.31    0.00    0.25    0.00    0.00    0.25    0.00    0.00    0.00   93.18
17:17:46     all    5.57    0.00    0.76    0.00    0.00    0.00    0.00    0.00    0.00   93.67
17:17:47     all    6.06    0.00    0.51    0.00    0.00    0.51    0.00    0.00    0.00   92.93
17:17:48     all    5.54    0.00    0.76    0.00    0.00    0.50    0.00    0.00    0.00   93.20
17:17:49     all    6.25    0.00    0.75    0.00    0.00    0.50    0.00    0.00    0.00   92.50
17:17:50     all    5.79    0.00    0.76    0.00    0.00    0.25    0.00    0.00    0.00   93.20
17:17:51     all    5.53    0.00    1.01    0.00    0.00    0.50    0.00    0.00    0.00   92.96
17:17:52     all    6.53    0.00    0.25    0.00    0.00    0.50    0.00    0.00    0.00   92.71
17:17:53     all    5.33    0.00    0.76    0.00    0.00    0.25    0.00    0.00    0.00   93.65
17:17:54     all    6.03    0.00    0.25    0.00    0.00    0.75    0.25    0.00    0.00   92.71
17:17:55     all    5.85    0.00    0.51    0.00    0.00    0.00    0.00    0.00    0.00   93.64
17:17:56     all    5.57    0.00    0.76    0.00    0.00    0.25    0.00    0.00    0.00   93.42
17:17:57     all    5.76    0.00    0.50    0.00    0.00    1.00    0.00    0.00    0.00   92.73
17:17:58     all    6.00    0.00    1.25    0.00    0.00    0.25    0.00    0.00    0.00   92.50
17:17:59     all    5.37    0.00    0.26    0.00    0.00    0.26    0.00    0.00    0.00   94.12
17:18:00     all    5.29    0.00    1.01    0.00    0.00    0.50    0.00    0.00    0.00   93.20
17:18:01     all    5.30    0.00    0.51    0.00    0.00    0.51    0.00    0.00    0.00   93.69
17:18:02     all    5.76    0.00    1.00    0.00    0.00    0.50    0.00    0.00    0.00   92.73
17:18:03     all    5.81    0.00    0.76    0.00    0.00    0.25    0.00    0.00    0.00   93.18
17:18:04     all    5.06    0.00    0.51    0.00    0.00    0.25    0.00    0.00    0.00   94.18
17:18:05     all    5.51    0.00    0.75    0.00    0.00    0.75    0.00    0.00    0.00   92.98
17:18:06     all    6.30    0.00    0.50    0.00    0.00    0.25    0.00    0.00    0.00   92.95
17:18:07     all    5.51    0.00    0.75    0.00    0.00    0.50    0.00    0.00    0.00   93.23
17:18:08     all    4.62    0.00    0.51    0.00    0.00    0.51    0.00    0.00    0.00   94.36
17:18:09     all    6.02    0.00    0.75    0.00    0.00    0.25    0.00    0.00    0.00   92.98
17:18:10     all    5.84    0.00    0.25    0.00    0.00    0.25    0.00    0.00    0.00   93.65
17:18:11     all    4.80    0.00    1.01    0.00    0.00    0.25    0.00    0.00    0.00   93.94
17:18:12     all    6.03    0.00    0.50    0.00    0.00    0.25    0.00    0.00    0.00   93.22
17:18:13     all    5.56    0.00    0.51    0.00    0.00    0.76    0.00    0.00    0.00   93.18
17:18:14     all    5.81    0.00    0.76    0.00    0.00    0.25    0.00    0.00    0.00   93.18
17:18:15     all    6.53    0.00    0.50    0.00    0.00    0.25    0.00    0.00    0.00   92.71
17:18:16     all    5.57    0.00    0.51    0.00    0.00    0.76    0.00    0.00    0.00   93.16
17:18:17     all    5.56    0.00    0.76    0.00    0.00    0.51    0.00    0.00    0.00   93.18
17:18:18     all    6.06    0.00    0.76    0.00    0.00    0.25    0.00    0.00    0.00   92.93
17:18:19     all    5.56    0.00    0.51    0.00    0.00    0.51    0.00    0.00    0.00   93.43
17:18:20     all    5.76    0.00    1.00    0.00    0.00    0.75    0.00    0.00    0.00   92.48
17:18:21     all    5.81    0.00    0.76    0.00    0.00    0.51    0.00    0.00    0.00   92.93
17:18:22     all    6.08    0.00    0.76    0.00    0.00    0.25    0.00    0.00    0.00   92.91
17:18:23     all    6.02    0.00    0.75    0.00    0.00    0.75    0.00    0.00    0.00   92.48
17:18:24     all    6.27    0.00    0.75    0.00    0.00    0.50    0.00    0.00    0.00   92.48
17:18:25     all    5.57    0.00    0.76    0.25    0.00    0.51    0.25    0.00    0.00   92.66
17:18:26     all    6.50    0.00    0.50    0.00    0.00    0.50    0.00    0.00    0.00   92.50
17:18:27     all    6.30    0.00    0.50    0.00    0.00    0.50    0.00    0.00    0.00   92.70
17:18:28     all    5.79    0.00    0.76    0.00    0.00    0.50    0.00    0.00    0.00   92.95
17:18:29     all    6.27    0.00    1.00    0.00    0.00    0.25    0.00    0.00    0.00   92.48
17:18:30     all    5.79    0.00    0.50    0.00    0.00    0.76    0.00    0.00    0.00   92.95
17:18:31     all    6.06    0.00    0.76    0.00    0.00    0.25    0.00    0.00    0.00   92.93
17:18:32     all    4.86    0.00    0.00    0.00    0.00    0.77    0.00    0.00    0.00   94.37
17:18:33     all    5.81    0.00    0.76    0.00    0.00    0.25    0.00    0.00    0.00   93.18
17:18:34     all    5.82    0.00    0.76    0.00    0.00    0.25    0.00    0.00    0.00   93.16
17:18:35     all    5.54    0.00    1.01    0.00    0.00    0.50    0.00    0.00    0.00   92.95
17:18:36     all    5.54    0.00    0.50    0.00    0.00    0.76    0.00    0.00    0.00   93.20
17:18:37     all    5.82    0.00    1.01    0.00    0.00    0.00    0.00    0.00    0.00   93.16
17:18:38     all    6.03    0.00    0.50    0.00    0.00    0.50    0.00    0.00    0.00   92.96
17:18:39     all    6.05    0.00    0.76    0.00    0.00    0.25    0.00    0.00    0.00   92.95
17:18:40     all    6.06    0.00    0.76    0.00    0.00    0.25    0.00    0.00    0.00   92.93
17:18:41     all    5.32    0.00    0.51    0.00    0.00    0.76    0.00    0.00    0.00   93.42
17:18:42     all    6.25    0.00    1.00    0.00    0.00    0.50    0.00    0.00    0.00   92.25
17:18:43     all    6.02    0.00    0.50    0.00    0.00    0.00    0.00    0.00    0.00   93.48
17:18:44     all    2.02    0.00    0.00    0.00    0.00    0.25    0.00    0.00    0.00   97.73
17:18:45     all    4.28    0.00    0.50    0.00    0.00    0.50    0.00    0.00    0.00   94.71
17:18:46     all    5.32    0.00    0.51    0.00    0.00    0.00    0.00    0.00    0.00   94.18
17:18:47     all    5.03    0.00    0.75    0.00    0.00    0.75    0.00    0.00    0.00   93.47
17:18:48     all    6.78    0.00    0.25    0.00    0.00    0.25    0.25    0.00    0.00   92.46
17:18:49     all    6.27    0.00    0.75    0.00    0.00    0.50    0.00    0.00    0.00   92.48
17:18:50     all    5.58    0.00    0.76    0.00    0.00    0.25    0.00    0.00    0.00   93.40
17:18:51     all    6.53    0.00    0.50    0.00    0.00    0.00    0.00    0.00    0.00   92.96
17:18:52     all    6.48    0.00    0.50    0.00    0.00    0.75    0.00    0.00    0.00   92.27
17:18:53     all    5.60    0.00    0.51    0.00    0.00    0.25    0.00    0.00    0.00   93.64
17:18:54     all    6.27    0.00    0.75    0.00    0.00    0.50    0.00    0.00    0.00   92.48
17:18:55     all    5.78    0.00    0.75    0.00    0.00    0.50    0.00    0.00    0.00   92.96
17:18:56     all    5.82    0.00    0.51    0.00    0.00    0.00    0.00    0.00    0.00   93.67
17:18:57     all    6.25    0.00    0.75    0.00    0.00    0.50    0.25    0.00    0.00   92.25
17:18:58     all    5.81    0.00    0.76    0.00    0.00    0.25    0.00    0.00    0.00   93.18
17:18:59     all    5.29    0.00    1.01    0.00    0.00    0.76    0.00    0.00    0.00   92.95
17:19:00     all    6.55    0.00    0.00    0.00    0.00    0.25    0.00    0.00    0.00   93.20
17:19:01     all    6.05    0.00    0.50    0.00    0.00    0.50    0.00    0.00    0.00   92.95
17:19:02     all    6.00    0.00    1.00    0.00    0.00    0.25    0.25    0.00    0.00   92.50
17:19:03     all    5.82    0.00    0.76    0.00    0.00    0.51    0.00    0.00    0.00   92.91
17:19:04     all    5.76    0.00    0.50    0.00    0.00    0.75    0.00    0.00    0.00   92.98
17:19:05     all    4.87    0.00    0.00    0.00    0.00    0.26    0.00    0.00    0.00   94.87
17:19:06     all    5.99    0.00    1.00    0.00    0.00    0.50    0.00    0.00    0.00   92.52
17:19:07     all    5.56    0.00    0.51    0.00    0.00    0.51    0.00    0.00    0.00   93.43
17:19:08     all    5.81    0.00    0.76    0.00    0.00    0.25    0.00    0.00    0.00   93.18
17:19:09     all    5.54    0.00    0.50    0.00    0.00    0.76    0.00    0.00    0.00   93.20
17:19:10     all    5.53    0.00    1.01    0.00    0.00    0.50    0.00    0.00    0.00   92.96
17:19:11     all    5.79    0.00    0.50    0.00    0.00    0.50    0.00    0.00    0.00   93.20
17:19:12     all    5.56    0.00    0.76    0.00    0.00    0.00    0.00    0.00    0.00   93.69
17:19:13     all    5.51    0.00    1.00    0.00    0.00    0.75    0.00    0.00    0.00   92.73
17:19:14     all    6.30    0.00    0.50    0.00    0.00    0.50    0.00    0.00    0.00   92.70
17:19:15     all    5.81    0.00    0.51    0.00    0.00    0.51    0.00    0.00    0.00   93.18
17:19:16     all    5.54    0.00    0.76    0.00    0.00    0.50    0.00    0.00    0.00   93.20
17:19:17     all    5.78    0.00    1.01    0.00    0.00    0.25    0.00    0.00    0.00   92.96
17:19:18     all    5.54    0.00    0.76    0.00    0.00    0.25    0.00    0.00    0.00   93.45
17:19:19     all    5.56    0.00    0.51    0.00    0.00    0.51    0.00    0.00    0.00   93.43
17:19:20     all    5.04    0.00    1.01    0.00    0.00    0.76    0.00    0.00    0.00   93.20
17:19:21     all    6.03    0.00    0.50    0.00    0.00    0.25    0.00    0.00    0.00   93.22
17:19:22     all    6.05    0.00    0.25    0.00    0.00    0.25    0.25    0.00    0.00   93.20
17:19:23     all    5.29    0.00    0.76    0.00    0.00    0.50    0.00    0.00    0.00   93.45
17:19:24     all    5.79    0.00    0.76    0.00    0.00    0.76    0.00    0.00    0.00   92.70
17:19:25     all    5.56    0.00    0.51    0.00    0.00    0.25    0.00    0.00    0.00   93.69
17:19:26     all    6.03    0.00    0.75    0.00    0.00    0.50    0.00    0.00    0.00   92.71
17:19:27     all    5.54    0.00    0.50    0.00    0.00    0.25    0.00    0.00    0.00   93.70
17:19:28     all    6.25    0.00    0.75    0.00    0.00    0.75    0.00    0.00    0.00   92.25
17:19:29     all    5.57    0.00    0.51    0.00    0.00    0.25    0.00    0.00    0.00   93.67
17:19:30     all    5.56    0.00    0.51    0.00    0.00    0.25    0.00    0.00    0.00   93.69
17:19:31     all    6.03    0.00    0.50    0.00    0.00    0.50    0.00    0.00    0.00   92.96
17:19:32     all    5.08    0.00    0.51    0.25    0.00    0.25    0.00    0.00    0.00   93.91
17:19:33     all    5.53    0.00    1.01    0.00    0.00    0.50    0.00    0.00    0.00   92.96
17:19:34     all    5.81    0.00    0.51    0.00    0.00    0.25    0.00    0.00    0.00   93.43
17:19:35     all    6.28    0.00    0.75    0.00    0.00    0.00    0.00    0.00    0.00   92.96
17:19:36     all    5.32    0.00    0.76    0.00    0.00    0.25    0.00    0.00    0.00   93.67
17:19:37     all    5.53    0.00    1.01    0.00    0.00    0.50    0.00    0.00    0.00   92.96
17:19:38     all    6.05    0.00    0.76    0.00    0.00    0.25    0.00    0.00    0.00   92.95
17:19:39     all    5.75    0.00    0.75    0.00    0.00    0.50    0.00    0.00    0.00   93.00
17:19:40     all    5.30    0.00    0.51    0.00    0.00    0.51    0.00    0.00    0.00   93.69
17:19:41     all    5.33    0.00    0.51    0.00    0.00    0.25    0.00    0.00    0.00   93.91
17:19:42     all    5.30    0.00    0.51    0.00    0.00    0.76    0.00    0.00    0.00   93.43
17:19:43     all    5.53    0.00    1.01    0.00    0.00    0.50    0.00    0.00    0.00   92.96
17:19:44     all    5.79    0.00    0.76    0.00    0.00    0.50    0.00    0.00    0.00   92.95
17:19:45     all    5.54    0.00    0.76    0.00    0.00    0.25    0.00    0.00    0.00   93.45
17:19:46     all    5.29    0.00    1.01    0.00    0.00    0.50    0.00    0.00    0.00   93.20
17:19:47     all    5.76    0.00    0.50    0.00    0.00    0.50    0.00    0.00    0.00   93.23
17:19:48     all    5.26    0.00    0.50    0.00    0.00    0.75    0.00    0.00    0.00   93.48
17:19:49     all    4.81    0.00    0.76    0.00    0.00    0.00    0.25    0.00    0.00   94.18
17:19:50     all    5.51    0.00    0.50    0.00    0.00    0.50    0.00    0.00    0.00   93.48
17:19:51     all    5.00    0.00    0.75    0.00    0.00    0.50    0.00    0.00    0.00   93.75
17:19:52     all    4.53    0.00    0.50    0.00    0.00    0.00    0.00    0.00    0.00   94.96
17:19:53     all    5.00    0.00    0.50    0.00    0.00    1.00    0.00    0.00    0.00   93.50
17:19:54     all    5.08    0.00    0.25    0.25    0.00    0.25    0.00    0.00    0.00   94.16
17:19:55     all    6.02    0.00    1.00    0.00    0.00    0.25    0.00    0.00    0.00   92.73
17:19:56     all    6.50    0.00    0.00    0.00    0.00    0.75    0.00    0.00    0.00   92.75
17:19:57     all    6.03    0.00    0.75    0.00    0.00    0.25    0.00    0.00    0.00   92.96
17:19:58     all    6.05    0.00    0.50    0.00    0.00    0.25    0.00    0.00    0.00   93.20
17:19:59     all    5.08    0.00    1.02    0.00    0.00    0.25    0.00    0.00    0.00   93.65
17:20:00     all    6.27    0.00    0.50    0.00    0.00    0.50    0.00    0.00    0.00   92.73
17:20:01     all    5.56    0.00    0.51    0.00    0.00    0.25    0.00    0.00    0.00   93.69
17:20:02     all    5.79    0.00    0.76    0.00    0.00    0.50    0.00    0.00    0.00   92.95
17:20:03     all    5.79    0.00    0.76    0.00    0.00    0.50    0.00    0.00    0.00   92.95
17:20:04     all    5.58    0.00    0.51    0.00    0.00    0.00    0.00    0.00    0.00   93.91
17:20:05     all    5.30    0.00    0.51    0.00    0.00    0.76    0.00    0.00    0.00   93.43
17:20:06     all    5.78    0.00    0.50    0.00    0.00    0.25    0.00    0.00    0.00   93.47
17:20:07     all    5.53    0.00    1.26    0.00    0.00    0.00    0.00    0.00    0.00   93.22
17:20:08     all    5.78    0.00    0.50    0.00    0.00    0.75    0.00    0.00    0.00   92.96
17:20:09     all    6.05    0.00    0.50    0.00    0.00    0.25    0.00    0.00    0.00   93.20
17:20:10     all    5.60    0.00    0.76    0.00    0.00    0.25    0.00    0.00    0.00   93.38
17:20:11     all    5.82    0.00    0.25    0.00    0.00    0.25    0.00    0.00    0.00   93.67
17:20:12     all    5.50    0.00    1.00    0.00    0.00    1.00    0.00    0.00    0.00   92.50
17:20:13     all    6.03    0.00    0.75    0.00    0.00    0.25    0.00    0.00    0.00   92.96
17:20:14     all    5.58    0.00    0.51    0.00    0.00    0.00    0.00    0.00    0.00   93.91
17:20:15     all    5.81    0.00    0.76    0.00    0.00    0.51    0.00    0.00    0.00   92.93
17:20:16     all    6.03    0.00    0.75    0.00    0.00    0.25    0.00    0.00    0.00   92.96
17:20:17     all    6.05    0.00    0.50    0.00    0.00    0.25    0.00    0.00    0.00   93.20
17:20:18     all    5.57    0.00    0.51    0.00    0.00    0.25    0.00    0.00    0.00   93.67
17:20:19     all    5.78    0.00    0.50    0.00    0.00    0.50    0.00    0.00    0.00   93.22
17:20:20     all    6.02    0.00    0.75    0.00    0.00    0.50    0.00    0.00    0.00   92.73
17:20:21     all    5.30    0.00    0.76    0.00    0.00    0.25    0.25    0.00    0.00   93.43
17:20:22     all    6.31    0.00    0.25    0.00    0.00    0.00    0.00    0.00    0.00   93.43
17:20:23     all    5.54    0.00    1.26    0.00    0.00    0.25    0.00    0.00    0.00   92.95
17:20:24     all    5.30    0.00    0.76    0.00    0.00    0.51    0.00    0.00    0.00   93.43
17:20:25     all    5.57    0.00    0.51    0.00    0.00    0.51    0.00    0.00    0.00   93.42
17:20:26     all    5.79    0.00    0.76    0.00    0.00    0.50    0.00    0.00    0.00   92.95
17:20:27     all    6.27    0.00    0.75    0.00    0.00    0.25    0.00    0.00    0.00   92.73
17:20:28     all    6.57    0.00    0.25    0.00    0.00    0.51    0.00    0.00    0.00   92.68
17:20:29     all    6.05    0.00    0.76    0.00    0.00    0.50    0.00    0.00    0.00   92.70
17:20:30     all    5.81    0.00    0.25    0.00    0.00    0.25    0.00    0.00    0.00   93.69
17:20:31     all    6.03    0.00    0.75    0.00    0.00    0.25    0.00    0.00    0.00   92.96
17:20:32     all    5.54    0.00    0.50    0.00    0.00    0.76    0.00    0.00    0.00   93.20
17:20:33     all    5.81    0.00    0.25    0.00    0.00    0.25    0.00    0.00    0.00   93.69
17:20:34     all    5.78    0.00    0.75    0.00    0.00    0.50    0.00    0.00    0.00   92.96
17:20:35     all    6.03    0.00    0.50    0.00    0.00    0.25    0.00    0.00    0.00   93.22
17:20:36     all    6.05    0.00    0.76    0.00    0.00    0.25    0.00    0.00    0.00   92.95
17:20:37     all    5.79    0.00    0.25    0.00    0.00    0.50    0.00    0.00    0.00   93.45
17:20:38     all    5.51    0.00    1.00    0.00    0.00    0.50    0.00    0.00    0.00   92.98
17:20:39     all    5.29    0.00    0.76    0.00    0.00    0.50    0.00    0.00    0.00   93.45
17:20:40     all    5.79    0.00    0.76    0.00    0.00    0.50    0.00    0.00    0.00   92.95
17:20:41     all    5.87    0.00    0.26    0.00    0.00    0.26    0.00    0.00    0.00   93.62
17:20:42     all    5.54    0.00    0.76    0.00    0.00    0.50    0.00    0.00    0.00   93.20
17:20:43     all    6.48    0.00    1.00    0.00    0.00    0.50    0.00    0.00    0.00   92.02
17:20:44     all    5.82    0.00    0.51    0.00    0.00    0.51    0.00    0.00    0.00   93.16
17:20:45     all    5.58    0.00    1.02    0.00    0.00    0.25    0.00    0.00    0.00   93.15
17:20:46     all    5.54    0.00    0.50    0.00    0.00    0.50    0.00    0.00    0.00   93.45
17:20:47     all    5.53    0.00    1.01    0.00    0.00    0.50    0.25    0.00    0.00   92.71
17:20:48     all    5.81    0.00    0.51    0.00    0.00    0.25    0.00    0.00    0.00   93.43
17:20:49     all    6.28    0.00    1.01    0.00    0.00    0.25    0.00    0.00    0.00   92.46
17:20:50     all    6.06    0.00    0.25    0.00    0.00    0.51    0.00    0.00    0.00   93.18
17:20:51     all    5.81    0.00    0.76    0.00    0.00    0.51    0.00    0.00    0.00   92.93
17:20:52     all    5.84    0.00    0.00    0.00    0.00    0.25    0.00    0.00    0.00   93.91
17:20:53     all    6.00    0.00    1.25    0.00    0.00    0.25    0.00    0.00    0.00   92.50
17:20:54     all    5.06    0.00    0.51    0.00    0.00    0.76    0.00    0.00    0.00   93.67
17:20:55     all    5.99    0.00    1.00    0.00    0.00    0.50    0.00    0.00    0.00   92.52
17:20:56     all    6.03    0.00    0.50    0.25    0.00    0.75    0.00    0.00    0.00   92.46
17:20:57     all    5.84    0.00    0.51    0.00    0.00    0.00    0.00    0.00    0.00   93.65
17:20:58     all    5.29    0.00    1.01    0.00    0.00    0.50    0.00    0.00    0.00   93.20
17:20:59     all    5.54    0.00    0.76    0.50    0.00    0.25    0.25    0.00    0.00   92.70
17:21:00     all    5.54    0.00    0.76    0.00    0.00    0.50    0.00    0.00    0.00   93.20
17:21:01     all    5.78    0.00    0.75    0.00    0.00    0.50    0.00    0.00    0.00   92.96
17:21:02     all    4.86    0.00    0.51    0.00    0.00    0.00    0.00    0.00    0.00   94.63
17:21:03     all    5.05    0.00    0.51    0.00    0.00    0.76    0.00    0.00    0.00   93.69
17:21:04     all    6.25    0.00    1.00    0.00    0.00    0.25    0.00    0.00    0.00   92.50
17:21:05     all    5.60    0.00    0.51    0.00    0.00    0.00    0.00    0.00    0.00   93.89
17:21:06     all    5.47    0.00    1.24    0.00    0.00    0.75    0.00    0.00    0.00   92.54
17:21:07     all    5.32    0.00    0.25    0.00    0.00    0.51    0.00    0.00    0.00   93.92
17:21:08     all    5.79    0.00    1.01    0.00    0.00    0.50    0.00    0.00    0.00   92.70
17:21:09     all    5.53    0.00    0.75    0.00    0.00    0.25    0.00    0.00    0.00   93.47
17:21:10     all    5.79    0.00    1.01    0.00    0.00    0.50    0.00    0.00    0.00   92.70
17:21:11     all    5.06    0.00    0.76    0.00    0.00    0.51    0.00    0.00    0.00   93.67
17:21:12     all    5.81    0.00    0.76    0.00    0.00    0.25    0.00    0.00    0.00   93.18
17:21:13     all    5.08    0.00    0.76    0.00    0.00    0.00    0.25    0.00    0.00   93.91
17:21:14     all    5.56    0.00    0.76    0.00    0.00    0.51    0.00    0.00    0.00   93.18
17:21:15     all    5.53    0.00    0.50    0.00    0.00    0.50    0.25    0.00    0.00   93.22
17:21:16     all    5.53    0.00    0.75    0.00    0.00    0.25    0.00    0.00    0.00   93.47
17:21:17     all    6.30    0.00    0.25    0.00    0.00    0.50    0.00    0.00    0.00   92.95
17:21:18     all    6.03    0.00    1.01    0.00    0.00    0.50    0.00    0.00    0.00   92.46
17:21:19     all    5.78    0.00    1.01    0.25    0.00    0.25    0.00    0.00    0.00   92.71
17:21:20     all    6.27    0.00    0.75    0.00    0.00    0.25    0.00    0.00    0.00   92.73
17:21:21     all    5.29    0.00    0.25    0.00    0.00    0.76    0.00    0.00    0.00   93.70
17:21:22     all    6.77    0.00    1.00    0.00    0.00    0.00    0.00    0.00    0.00   92.23
17:21:23     all    5.84    0.00    0.25    0.00    0.00    0.51    0.00    0.00    0.00   93.40
17:21:24     all    5.53    0.00    1.01    0.00    0.00    0.25    0.00    0.00    0.00   93.22
17:21:25     all    5.57    0.00    0.76    0.00    0.00    0.00    0.00    0.00    0.00   93.67
17:21:26     all    5.51    0.00    0.75    0.00    0.00    1.00    0.00    0.00    0.00   92.73
17:21:27     all    5.60    0.00    0.51    0.00    0.00    0.00    0.00    0.00    0.00   93.89
17:21:28     all    5.28    0.00    0.50    0.00    0.00    0.75    0.00    0.00    0.00   93.47
17:21:29     all    5.30    0.00    0.76    0.00    0.00    0.51    0.00    0.00    0.00   93.43
17:21:30     all    5.58    0.00    0.76    0.00    0.00    0.00    0.00    0.00    0.00   93.65
17:21:31     all    6.03    0.00    0.75    0.00    0.00    0.75    0.00    0.00    0.00   92.46
17:21:32     all    6.02    0.00    0.50    0.00    0.00    0.50    0.00    0.00    0.00   92.98
17:21:33     all    5.09    0.00    0.76    0.00    0.00    0.00    0.00    0.00    0.00   94.15
17:21:34     all    5.81    0.00    0.25    0.00    0.00    0.51    0.00    0.00    0.00   93.43
17:21:35     all    6.75    0.00    1.00    0.00    0.00    0.25    0.00    0.00    0.00   92.00
17:21:36     all    5.08    0.00    0.51    0.00    0.00    0.25    0.00    0.00    0.00   94.16
17:21:37     all    6.03    0.00    0.50    0.00    0.00    0.50    0.00    0.00    0.00   92.96
17:21:38     all    5.32    0.00    0.51    0.00    0.00    0.76    0.00    0.00    0.00   93.42
17:21:39     all    5.78    0.00    1.01    0.00    0.00    0.25    0.00    0.00    0.00   92.96
17:21:40     all    6.28    0.00    0.50    0.00    0.00    0.00    0.00    0.00    0.00   93.22
17:21:41     all    5.54    0.00    0.50    0.00    0.00    0.76    0.00    0.00    0.00   93.20
17:21:42     all    5.79    0.00    0.76    0.00    0.00    0.25    0.00    0.00    0.00   93.20
17:21:43     all    6.06    0.00    0.25    0.00    0.00    0.25    0.00    0.00    0.00   93.43
17:21:44     all    2.02    0.00    0.76    0.00    0.00    0.00    0.00    0.00    0.00   97.23
17:21:45     all    3.52    0.00    0.00    0.00    0.00    0.50    0.00    0.00    0.00   95.98
17:21:46     all    4.56    0.00    0.25    0.00    0.00    0.00    0.00    0.00    0.00   95.19
17:21:47     all    6.02    0.00    0.75    0.00    0.00    0.75    0.00    0.00    0.00   92.48
17:21:48     all    5.28    0.00    0.75    0.00    0.00    0.25    0.00    0.00    0.00   93.72
17:21:49     all    5.58    0.00    0.25    0.00    0.00    0.25    0.00    0.00    0.00   93.91
17:21:50     all    5.29    0.00    0.50    0.00    0.00    1.01    0.00    0.00    0.00   93.20
17:21:51     all    6.03    0.00    1.01    0.00    0.00    0.25    0.00    0.00    0.00   92.71
17:21:52     all    6.48    0.00    0.50    0.25    0.00    0.50    0.25    0.00    0.00   92.02
17:21:53     all    6.05    0.00    1.01    0.00    0.00    0.50    0.00    0.00    0.00   92.44
17:21:54     all    5.84    0.00    0.25    0.00    0.00    0.25    0.00    0.00    0.00   93.65
17:21:55     all    6.02    0.00    1.00    0.00    0.00    0.50    0.00    0.00    0.00   92.48
17:21:56     all    5.30    0.00    0.51    0.00    0.00    0.76    0.00    0.00    0.00   93.43
17:21:57     all    5.58    0.00    0.51    0.00    0.00    0.25    0.00    0.00    0.00   93.65
17:21:58     all    5.79    0.00    0.76    0.00    0.00    0.50    0.00    0.00    0.00   92.95
17:21:59     all    6.05    0.00    0.76    0.00    0.00    0.25    0.00    0.00    0.00   92.95
17:22:00     all    5.79    0.00    0.76    0.00    0.00    0.25    0.00    0.00    0.00   93.20
17:22:01     all    5.33    0.00    0.51    0.00    0.00    0.51    0.00    0.00    0.00   93.65
17:22:02     all    5.78    0.00    0.75    0.00    0.00    0.50    0.00    0.00    0.00   92.96
17:22:03     all    6.28    0.00    0.75    0.00    0.00    0.25    0.00    0.00    0.00   92.71
17:22:04     all    6.31    0.00    0.51    0.00    0.00    0.25    0.00    0.00    0.00   92.93
17:22:05     all    5.79    0.00    0.25    0.00    0.00    0.50    0.00    0.00    0.00   93.45
17:22:06     all    5.57    0.00    0.76    0.00    0.00    0.25    0.00    0.00    0.00   93.42
17:22:07     all    5.76    0.00    0.75    0.00    0.00    0.75    0.00    0.00    0.00   92.73
17:22:08     all    5.51    0.00    1.00    0.00    0.00    0.25    0.00    0.00    0.00   93.23
17:22:09     all    5.61    0.00    0.51    0.00    0.00    0.26    0.00    0.00    0.00   93.62
17:22:10     all    6.28    0.00    0.50    0.00    0.00    0.25    0.00    0.00    0.00   92.96
17:22:11     all    6.00    0.00    0.50    0.00    0.00    0.75    0.25    0.00    0.00   92.50
17:22:12     all    6.02    0.00    1.00    0.00    0.00    0.25    0.00    0.00    0.00   92.73
17:22:13     all    6.03    0.00    0.50    0.25    0.00    0.50    0.00    0.00    0.00   92.71
17:22:14     all    5.09    0.00    0.76    0.00    0.00    0.25    0.00    0.00    0.00   93.89
17:22:15     all    6.23    0.00    0.50    0.00    0.00    0.75    0.00    0.00    0.00   92.52
17:22:16     all    5.79    0.00    0.76    0.00    0.00    0.25    0.00    0.00    0.00   93.20
17:22:17     all    5.81    0.00    0.51    0.00    0.00    0.25    0.00    0.00    0.00   93.43
17:22:18     all    5.56    0.00    0.25    0.00    0.00    0.76    0.00    0.00    0.00   93.43
17:22:19     all    5.54    0.00    1.01    0.00    0.00    0.50    0.00    0.00    0.00   92.95
17:22:20     all    6.08    0.00    0.25    0.00    0.00    0.25    0.00    0.00    0.00   93.42
17:22:21     all    5.56    0.00    0.76    0.00    0.00    0.25    0.00    0.00    0.00   93.43
17:22:22     all    6.27    0.00    1.00    0.00    0.00    0.25    0.00    0.00    0.00   92.48
17:22:23     all    5.06    0.00    0.76    0.00    0.00    0.76    0.00    0.00    0.00   93.42
17:22:24     all    6.05    0.00    0.50    0.00    0.00    0.50    0.00    0.00    0.00   92.95
17:22:25     all    5.78    0.00    1.01    0.00    0.00    0.25    0.00    0.00    0.00   92.96
17:22:26     all    5.85    0.00    0.25    0.00    0.00    0.25    0.00    0.00    0.00   93.64
17:22:27     all    5.53    0.00    0.50    0.00    0.00    0.75    0.00    0.00    0.00   93.22
17:22:28     all    6.02    0.00    1.00    0.00    0.00    0.50    0.00    0.00    0.00   92.48
17:22:29     all    5.56    0.00    1.01    0.00    0.00    0.51    0.00    0.00    0.00   92.93
17:22:30     all    6.30    0.00    0.76    0.00    0.00    0.50    0.00    0.00    0.00   92.44
17:22:31     all    6.02    0.00    0.75    0.00    0.00    0.50    0.00    0.00    0.00   92.73
17:22:32     all    6.02    0.00    1.00    0.00    0.00    0.75    0.00    0.00    0.00   92.23
17:22:33     all    6.35    0.00    0.00    0.00    0.00    0.25    0.00    0.00    0.00   93.40
17:22:34     all    6.28    0.00    1.01    0.00    0.00    0.50    0.00    0.00    0.00   92.21
17:22:35     all    5.56    0.00    0.76    0.00    0.00    0.51    0.00    0.00    0.00   93.18
17:22:36     all    5.05    0.00    1.01    0.00    0.00    0.51    0.00    0.00    0.00   93.43
17:22:37     all    5.78    0.00    0.75    0.00    0.00    0.75    0.00    0.00    0.00   92.71
17:22:38     all    5.36    0.00    0.77    0.00    0.00    0.00    0.00    0.00    0.00   93.88
17:22:39     all    6.28    0.00    0.50    0.00    0.00    0.75    0.00    0.00    0.00   92.46
17:22:40     all    6.50    0.00    1.00    0.00    0.00    0.00    0.00    0.00    0.00   92.50
17:22:41     all    5.54    0.00    0.50    0.00    0.00    1.01    0.00    0.00    0.00   92.95
17:22:42     all    5.58    0.00    0.51    0.00    0.00    0.51    0.00    0.00    0.00   93.40
17:22:43     all    5.82    0.00    0.76    0.00    0.00    0.00    0.00    0.00    0.00   93.42
17:22:44     all    6.28    0.00    0.50    0.00    0.00    0.75    0.00    0.00    0.00   92.46
17:22:45     all    6.48    0.00    0.75    0.00    0.00    0.25    0.25    0.00    0.00   92.27
17:22:46     all    5.76    0.00    1.25    0.00    0.00    0.50    0.00    0.00    0.00   92.48
17:22:47     all    6.03    0.00    0.50    0.00    0.00    1.01    0.25    0.00    0.00   92.21
17:22:48     all    5.33    0.00    1.02    0.00    0.00    0.00    0.00    0.00    0.00   93.65
17:22:49     all    6.02    0.00    0.75    0.25    0.00    0.50    0.00    0.00    0.00   92.48
17:22:50     all    6.33    0.00    0.51    0.00    0.00    0.00    0.00    0.00    0.00   93.16
17:22:51     all    6.03    0.00    0.75    0.00    0.00    0.75    0.00    0.00    0.00   92.46
17:22:52     all    5.33    0.00    0.76    0.00    0.00    0.25    0.00    0.00    0.00   93.65
17:22:53     all    6.48    0.00    1.00    0.00    0.00    0.75    0.00    0.00    0.00   91.77
17:22:54     all    5.79    0.00    0.76    0.00    0.00    0.76    0.00    0.00    0.00   92.70
17:22:55     all    6.05    0.00    0.50    0.00    0.00    0.00    0.25    0.00    0.00   93.20
17:22:56     all    5.53    0.00    1.01    0.00    0.00    1.01    0.00    0.00    0.00   92.46
17:22:57     all    6.05    0.00    0.50    0.00    0.00    0.25    0.00    0.00    0.00   93.20
17:22:58     all    6.03    0.00    0.75    0.00    0.00    0.50    0.00    0.00    0.00   92.71
17:22:59     all    5.84    0.00    0.25    0.00    0.00    0.25    0.00    0.00    0.00   93.65
17:23:00     all    6.00    0.00    0.75    0.00    0.00    0.75    0.00    0.00    0.00   92.50
17:23:01     all    6.08    0.00    0.25    0.00    0.00    0.00    0.00    0.00    0.00   93.67
17:23:02     all    5.32    0.00    0.76    0.00    0.00    0.51    0.00    0.00    0.00   93.42
17:23:03     all    6.02    0.00    1.00    0.00    0.00    0.75    0.00    0.00    0.00   92.23
17:23:04     all    6.52    0.00    0.75    0.00    0.00    0.50    0.00    0.00    0.00   92.23
17:23:05     all    6.06    0.00    0.51    0.00    0.00    0.25    0.00    0.00    0.00   93.18
17:23:06     all    5.36    0.00    0.77    0.00    0.00    0.26    0.00    0.00    0.00   93.62
17:23:07     all    6.02    0.00    1.00    0.00    0.00    0.75    0.00    0.00    0.00   92.23
17:23:08     all    6.05    0.00    0.76    0.00    0.00    0.25    0.00    0.00    0.00   92.95
17:23:09     all    6.28    0.00    0.50    0.00    0.00    0.75    0.00    0.00    0.00   92.46
17:23:10     all    6.05    0.00    0.76    0.00    0.00    0.00    0.00    0.00    0.00   93.20
17:23:11     all    6.23    0.00    0.75    0.00    0.00    0.75    0.00    0.00    0.00   92.27
17:23:12     all    5.06    0.00    0.76    0.00    0.00    0.00    0.25    0.00    0.00   93.92
17:23:13     all    6.06    0.00    0.25    0.00    0.00    0.76    0.00    0.00    0.00   92.93
17:23:14     all    6.05    0.00    0.76    0.00    0.00    0.25    0.00    0.00    0.00   92.95
17:23:15     all    6.25    0.00    0.75    0.00    0.00    0.50    0.00    0.00    0.00   92.50
17:23:16     all    5.57    0.00    0.51    0.00    0.00    0.25    0.00    0.00    0.00   93.67
17:23:17     all    6.08    0.00    0.76    0.00    0.00    0.25    0.00    0.00    0.00   92.91
17:23:18     all    5.82    0.00    0.76    0.00    0.00    0.51    0.00    0.00    0.00   92.91
17:23:19     all    5.56    0.00    0.51    0.00    0.00    0.51    0.00    0.00    0.00   93.43
17:23:20     all    5.56    0.00    0.76    0.00    0.00    0.25    0.00    0.00    0.00   93.43
17:23:21     all    6.06    0.00    0.76    0.00    0.00    0.51    0.00    0.00    0.00   92.68
17:23:22     all    5.76    0.00    0.75    0.00    0.00    1.00    0.00    0.00    0.00   92.48
17:23:23     all    6.30    0.00    0.50    0.00    0.00    0.00    0.00    0.00    0.00   93.20
17:23:24     all    6.05    0.00    0.76    0.00    0.00    0.25    0.00    0.00    0.00   92.95
17:23:25     all    5.79    0.00    1.01    0.00    0.00    0.25    0.00    0.00    0.00   92.95
17:23:26     all    5.12    0.00    0.26    0.00    0.00    0.26    0.00    0.00    0.00   94.37
17:23:27     all    5.78    0.00    1.01    0.00    0.00    0.50    0.00    0.00    0.00   92.71
17:23:28     all    5.78    0.00    0.75    0.00    0.00    0.50    0.00    0.00    0.00   92.96
17:23:29     all    6.06    0.00    0.76    0.00    0.00    0.51    0.00    0.00    0.00   92.68
17:23:30     all    6.03    0.00    0.50    0.00    0.00    0.50    0.00    0.00    0.00   92.96
17:23:31     all    5.82    0.00    0.51    0.00    0.00    0.00    0.00    0.00    0.00   93.67
17:23:32     all    6.02    0.00    0.75    0.00    0.00    0.50    0.00    0.00    0.00   92.73
17:23:33     all    5.54    0.00    0.76    0.00    0.00    0.50    0.00    0.00    0.00   93.20
17:23:34     all    5.82    0.00    0.76    0.00    0.00    0.25    0.00    0.00    0.00   93.16
17:23:35     all    6.27    0.00    1.00    0.25    0.00    0.25    0.00    0.00    0.00   92.23
17:23:36     all    5.54    0.00    0.50    0.00    0.00    0.50    0.00    0.00    0.00   93.45
17:23:37     all    5.54    0.00    1.01    0.00    0.00    0.50    0.00    0.00    0.00   92.95
17:23:38     all    6.08    0.00    0.25    0.00    0.00    0.51    0.00    0.00    0.00   93.16
17:23:39     all    5.82    0.00    1.01    0.00    0.00    0.25    0.00    0.00    0.00   92.91
17:23:40     all    5.76    0.00    1.00    0.00    0.00    0.25    0.25    0.00    0.00   92.73
17:23:41     all    6.23    0.00    0.75    0.00    0.00    1.00    0.00    0.00    0.00   92.02
17:23:42     all    6.57    0.00    0.25    0.00    0.00    0.25    0.00    0.00    0.00   92.93
17:23:43     all    5.30    0.00    0.76    0.00    0.00    0.51    0.00    0.00    0.00   93.43
17:23:44     all    5.82    0.00    0.51    0.00    0.00    0.51    0.00    0.00    0.00   93.16
17:23:45     all    6.53    0.00    0.50    0.00    0.00    0.50    0.00    0.00    0.00   92.46
17:23:46     all    5.81    0.00    1.01    0.00    0.00    0.00    0.00    0.00    0.00   93.18
17:23:47     all    5.81    0.00    0.51    0.00    0.00    0.51    0.00    0.00    0.00   93.18
17:23:48     all    5.56    0.00    0.76    0.00    0.00    0.25    0.25    0.00    0.00   93.18
17:23:49     all    5.29    0.00    0.76    0.00    0.00    0.50    0.00    0.00    0.00   93.45
17:23:50     all    6.82    0.00    0.51    0.00    0.00    0.25    0.00    0.00    0.00   92.42
17:23:51     all    6.02    0.00    0.75    0.00    0.00    0.75    0.00    0.00    0.00   92.48
17:23:52     all    5.56    0.00    0.76    0.00    0.00    0.51    0.00    0.00    0.00   93.18
17:23:53     all    6.53    0.00    0.75    0.00    0.00    0.00    0.00    0.00    0.00   92.71
17:23:54     all    6.03    0.00    0.75    0.00    0.00    0.75    0.00    0.00    0.00   92.46
17:23:55     all    6.31    0.00    0.51    0.00    0.00    0.25    0.00    0.00    0.00   92.93
17:23:56     all    6.06    0.00    0.51    0.00    0.00    0.25    0.00    0.00    0.00   93.18
17:23:57     all    6.28    0.00    0.75    0.00    0.00    0.25    0.00    0.00    0.00   92.71
17:23:58     all    5.81    0.00    0.51    0.00    0.00    0.76    0.00    0.00    0.00   92.93
17:23:59     all    6.30    0.00    0.76    0.00    0.00    0.25    0.00    0.00    0.00   92.70
17:24:00     all    5.76    0.00    0.75    0.00    0.00    0.75    0.00    0.00    0.00   92.73
17:24:01     all    6.08    0.00    0.51    0.00    0.00    0.25    0.00    0.00    0.00   93.16
17:24:02     all    6.31    0.00    0.76    0.00    0.00    0.25    0.00    0.00    0.00   92.68
17:24:03     all    6.08    0.00    0.51    0.00    0.00    0.25    0.00    0.00    0.00   93.16
17:24:04     all    6.27    0.00    0.75    0.00    0.00    0.50    0.00    0.00    0.00   92.48
17:24:05     all    5.82    0.00    0.76    0.00    0.00    0.25    0.00    0.00    0.00   93.16
17:24:06     all    6.05    0.00    0.50    0.00    0.00    0.50    0.00    0.00    0.00   92.95
17:24:07     all    5.53    0.00    1.01    0.00    0.00    0.50    0.00    0.00    0.00   92.96
17:24:08     all    6.05    0.00    0.50    0.00    0.00    0.76    0.00    0.00    0.00   92.70
17:24:09     all    5.60    0.00    0.76    0.00    0.00    0.00    0.25    0.00    0.00   93.38
17:24:10     all    6.05    0.00    0.50    0.00    0.00    0.76    0.00    0.00    0.00   92.70
17:24:11     all    6.25    0.00    1.25    0.00    0.00    0.25    0.00    0.00    0.00   92.25
17:24:12     all    6.09    0.00    0.00    0.00    0.00    0.76    0.00    0.00    0.00   93.15
17:24:13     all    5.81    0.00    1.01    0.00    0.00    0.00    0.00    0.00    0.00   93.18
17:24:14     all    6.47    0.00    0.75    0.00    0.00    1.00    0.00    0.00    0.00   91.79
17:24:15     all    5.58    0.00    0.76    0.00    0.00    0.00    0.00    0.00    0.00   93.65
17:24:16     all    7.02    0.00    0.75    0.00    0.00    0.25    0.00    0.00    0.00   91.98
17:24:17     all    6.03    0.00    0.50    0.00    0.00    0.75    0.00    0.00    0.00   92.71
17:24:18     all    6.02    0.00    1.00    0.25    0.00    0.50    0.00    0.00    0.00   92.23
17:24:19     all    6.03    0.00    0.50    0.00    0.00    0.50    0.00    0.00    0.00   92.96
17:24:20     all    6.05    0.00    0.25    0.00    0.00    0.76    0.00    0.00    0.00   92.95
17:24:21     all    6.09    0.00    0.51    0.00    0.00    0.25    0.00    0.00    0.00   93.15
17:24:22     all    6.05    0.00    0.76    0.00    0.00    0.50    0.00    0.00    0.00   92.70
17:24:23     all    5.57    0.00    0.76    0.00    0.00    0.25    0.00    0.00    0.00   93.42
17:24:24     all    5.78    0.00    0.75    0.00    0.00    0.75    0.00    0.00    0.00   92.71
17:24:25     all    5.82    0.00    0.51    0.00    0.00    0.76    0.00    0.00    0.00   92.91
17:24:26     all    6.27    0.00    1.00    0.00    0.00    0.25    0.00    0.00    0.00   92.48
17:24:27     all    6.28    0.00    0.75    0.00    0.00    0.50    0.00    0.00    0.00   92.46
17:24:28     all    5.29    0.00    0.50    0.00    0.00    0.50    0.00    0.00    0.00   93.70
17:24:29     all    5.32    0.00    1.01    0.00    0.00    0.25    0.00    0.00    0.00   93.42
17:24:30     all    5.53    0.00    1.01    0.00    0.00    0.50    0.00    0.00    0.00   92.96
17:24:31     all    6.30    0.00    0.76    0.00    0.00    0.00    0.00    0.00    0.00   92.95
17:24:32     all    5.58    0.00    0.25    0.00    0.00    0.76    0.00    0.00    0.00   93.40
17:24:33     all    6.28    0.00    0.50    0.00    0.00    0.25    0.00    0.00    0.00   92.96
17:24:34     all    5.78    0.00    0.50    0.00    0.00    0.50    0.25    0.00    0.00   92.96
17:24:35     all    5.56    0.00    0.76    0.00    0.00    0.51    0.00    0.00    0.00   93.18
17:24:36     all    5.32    0.00    0.51    0.00    0.00    0.25    0.00    0.00    0.00   93.92
17:24:37     all    5.75    0.00    0.50    0.00    0.00    1.00    0.00    0.00    0.00   92.75
17:24:38     all    6.03    0.00    0.50    0.00    0.00    0.25    0.00    0.00    0.00   93.22
17:24:39     all    5.30    0.00    0.51    0.00    0.00    0.51    0.00    0.00    0.00   93.69
17:24:40     all    5.81    0.00    0.25    0.00    0.00    0.51    0.00    0.00    0.00   93.43
17:24:41     all    6.00    0.00    1.00    0.00    0.00    0.25    0.00    0.00    0.00   92.75
17:24:42     all    6.02    0.00    0.25    0.00    0.00    0.75    0.25    0.00    0.00   92.73
17:24:43     all    6.02    0.00    1.00    0.00    0.00    0.25    0.00    0.00    0.00   92.73
17:24:44     all    3.78    0.00    0.50    0.00    0.00    0.25    0.00    0.00    0.00   95.47
17:24:45     all    2.51    0.00    0.25    0.00    0.00    0.00    0.00    0.00    0.00   97.24
17:24:46     all    3.28    0.00    0.00    0.00    0.00    0.25    0.00    0.00    0.00   96.46
17:24:47     all    5.97    0.00    0.75    0.00    0.00    0.75    0.00    0.00    0.00   92.54
17:24:48     all    4.85    0.00    0.51    0.00    0.00    0.26    0.00    0.00    0.00   94.39
17:24:49     all    6.25    0.00    0.75    0.00    0.00    0.25    0.00    0.00    0.00   92.75
17:24:50     all    5.79    0.00    0.76    0.00    0.00    0.50    0.00    0.00    0.00   92.95
17:24:51     all    5.81    0.00    0.51    0.00    0.00    0.51    0.00    0.00    0.00   93.18
17:24:52     all    4.57    0.00    0.76    0.00    0.00    0.25    0.00    0.00    0.00   94.42
17:24:53     all    6.75    0.00    0.75    0.00    0.00    0.25    0.00    0.00    0.00   92.25
17:24:54     all    6.55    0.00    0.50    0.00    0.00    0.76    0.00    0.00    0.00   92.19
17:24:55     all    6.25    0.00    0.75    0.00    0.00    0.25    0.00    0.00    0.00   92.75
17:24:56     all    5.81    0.00    0.76    0.00    0.00    0.25    0.00    0.00    0.00   93.18
17:24:57     all    5.84    0.00    0.25    0.00    0.00    0.51    0.00    0.00    0.00   93.40
17:24:58     all    5.79    0.00    1.01    0.25    0.00    0.50    0.00    0.00    0.00   92.44
17:24:59     all    6.05    0.00    0.50    0.00    0.00    0.50    0.00    0.00    0.00   92.95
17:25:00     all    6.50    0.00    0.75    0.00    0.00    0.25    0.25    0.00    0.00   92.25
17:25:01     all    5.58    0.00    0.00    0.00    0.00    0.51    0.00    0.00    0.00   93.91
17:25:02     all    6.03    0.00    1.01    0.00    0.00    0.50    0.00    0.00    0.00   92.46
17:25:03     all    5.57    0.00    1.01    0.00    0.00    0.00    0.00    0.00    0.00   93.42
17:25:04     all    5.56    0.00    0.51    0.00    0.00    0.76    0.00    0.00    0.00   93.18
17:25:05     all    6.27    0.00    0.50    0.00    0.00    0.00    0.00    0.00    0.00   93.23
17:25:06     all    6.06    0.00    0.51    0.00    0.00    0.25    0.00    0.00    0.00   93.18
17:25:07     all    5.06    0.00    0.76    0.00    0.00    0.51    0.00    0.00    0.00   93.67
17:25:08     all    6.30    0.00    0.50    0.25    0.00    0.25    0.00    0.00    0.00   92.70
17:25:09     all    5.78    0.00    0.75    0.00    0.00    0.50    0.00    0.00    0.00   92.96
17:25:10     all    6.73    0.00    0.75    0.00    0.00    0.50    0.00    0.00    0.00   92.02
17:25:11     all    5.57    0.00    0.76    0.00    0.00    0.25    0.00    0.00    0.00   93.42
17:25:12     all    5.56    0.00    0.51    0.00    0.00    0.25    0.00    0.00    0.00   93.69
17:25:13     all    6.05    0.00    0.76    0.00    0.00    0.25    0.00    0.00    0.00   92.95
17:25:14     all    6.27    0.00    1.00    0.00    0.00    0.75    0.00    0.00    0.00   91.98
17:25:15     all    6.05    0.00    0.50    0.00    0.00    0.50    0.00    0.00    0.00   92.95
17:25:16     all    5.79    0.00    0.76    0.00    0.00    0.50    0.00    0.00    0.00   92.95
17:25:17     all    6.60    0.00    0.25    0.00    0.00    0.25    0.00    0.00    0.00   92.89
17:25:18     all    6.02    0.00    1.00    0.00    0.00    0.00    0.00    0.00    0.00   92.98
17:25:19     all    5.76    0.00    0.50    0.00    0.00    1.00    0.00    0.00    0.00   92.73
17:25:20     all    5.81    0.00    0.76    0.00    0.00    0.00    0.00    0.00    0.00   93.43
17:25:21     all    5.56    0.00    1.01    0.00    0.00    0.25    0.00    0.00    0.00   93.18
17:25:22     all    6.08    0.00    0.51    0.00    0.00    0.51    0.00    0.00    0.00   92.91
17:25:23     all    6.48    0.00    1.00    0.00    0.00    0.50    0.00    0.00    0.00   92.02
17:25:24     all    6.52    0.00    0.50    0.00    0.00    0.75    0.00    0.00    0.00   92.23
17:25:25     all    6.52    0.00    0.75    0.00    0.00    0.25    0.00    0.00    0.00   92.48
17:25:26     all    6.05    0.00    0.76    0.00    0.00    0.50    0.00    0.00    0.00   92.70
17:25:27     all    5.78    0.00    0.75    0.00    0.00    0.25    0.00    0.00    0.00   93.22
17:25:28     all    5.81    0.00    0.51    0.00    0.00    0.76    0.00    0.00    0.00   92.93
17:25:29     all    6.02    0.00    1.00    0.00    0.00    0.25    0.00    0.00    0.00   92.73
17:25:30     all    6.30    0.00    0.50    0.00    0.00    0.25    0.00    0.00    0.00   92.95
17:25:31     all    5.79    0.00    0.76    0.00    0.00    0.76    0.00    0.00    0.00   92.70
17:25:32     all    6.31    0.00    1.01    0.00    0.00    0.25    0.00    0.00    0.00   92.42
17:25:33     all    6.05    0.00    0.76    0.25    0.00    0.25    0.00    0.00    0.00   92.70
17:25:34     all    6.50    0.00    0.25    0.00    0.00    0.75    0.00    0.00    0.00   92.50
17:25:35     all    5.09    0.00    1.02    0.00    0.00    0.00    0.00    0.00    0.00   93.89
17:25:36     all    6.25    0.00    1.00    0.00    0.00    0.75    0.00    0.00    0.00   92.00
17:25:37     all    5.82    0.00    0.25    0.00    0.00    0.25    0.00    0.00    0.00   93.67
17:25:38     all    6.30    0.00    0.50    0.00    0.00    0.25    0.00    0.00    0.00   92.95
17:25:39     all    5.81    0.00    0.51    0.00    0.00    0.51    0.00    0.00    0.00   93.18
17:25:40     all    5.29    0.00    0.76    0.00    0.00    0.76    0.00    0.00    0.00   93.20
17:25:41     all    5.57    0.00    1.01    0.00    0.00    0.25    0.00    0.00    0.00   93.16
17:25:42     all    5.33    0.00    0.25    0.00    0.00    0.25    0.25    0.00    0.00   93.91
17:25:43     all    5.51    0.00    1.00    0.00    0.00    0.50    0.25    0.00    0.00   92.73
17:25:44     all    6.57    0.00    0.25    0.00    0.00    0.25    0.00    0.00    0.00   92.93
17:25:45     all    6.03    0.00    0.75    0.00    0.00    0.50    0.00    0.00    0.00   92.71
17:25:46     all    5.79    0.00    0.76    0.00    0.00    0.50    0.00    0.00    0.00   92.95
17:25:47     all    6.08    0.00    0.25    0.00    0.00    0.51    0.00    0.00    0.00   93.16
17:25:48     all    6.02    0.00    1.00    0.00    0.00    0.75    0.00    0.00    0.00   92.23
17:25:49     all    5.34    0.00    0.51    0.00    0.00    0.51    0.00    0.00    0.00   93.64
17:25:50     all    5.60    0.00    0.76    0.00    0.00    0.25    0.00    0.00    0.00   93.38
17:25:51     all    6.05    0.00    0.50    0.00    0.00    0.25    0.00    0.00    0.00   93.20
17:25:52     all    5.81    0.00    0.76    0.00    0.00    0.76    0.00    0.00    0.00   92.68
17:25:53     all    6.03    0.00    0.75    0.00    0.00    0.25    0.00    0.00    0.00   92.96
17:25:54     all    6.03    0.00    1.01    0.00    0.00    0.50    0.00    0.00    0.00   92.46
17:25:55     all    6.05    0.00    0.76    0.00    0.00    0.25    0.00    0.00    0.00   92.95
17:25:56     all    5.78    0.00    1.01    0.25    0.00    0.50    0.00    0.00    0.00   92.46
17:25:57     all    6.05    0.00    0.76    0.00    0.00    0.76    0.00    0.00    0.00   92.44
17:25:58     all    5.84    0.00    0.51    0.00    0.00    0.00    0.00    0.00    0.00   93.65
17:25:59     all    5.57    0.00    0.76    0.00    0.00    0.51    0.25    0.00    0.00   92.91
17:26:00     all    6.27    0.00    0.75    0.00    0.00    0.50    0.00    0.00    0.00   92.48
17:26:01     all    5.84    0.00    0.51    0.00    0.00    0.00    0.00    0.00    0.00   93.65
17:26:02     all    6.25    0.00    0.75    0.00    0.00    0.75    0.00    0.00    0.00   92.25
17:26:03     all    6.08    0.00    0.51    0.00    0.00    0.25    0.00    0.00    0.00   93.16
17:26:04     all    5.57    0.00    0.76    0.00    0.00    0.51    0.00    0.00    0.00   93.16
17:26:05     all    6.06    0.00    0.76    0.00    0.00    0.25    0.00    0.00    0.00   92.93
17:26:06     all    5.53    0.00    0.75    0.00    0.00    0.50    0.00    0.00    0.00   93.22
17:26:07     all    5.57    0.00    0.76    0.00    0.00    0.51    0.00    0.00    0.00   93.16
17:26:08     all    6.28    0.00    0.75    0.00    0.00    0.25    0.00    0.00    0.00   92.71
17:26:09     all    5.78    0.00    0.75    0.00    0.00    0.50    0.00    0.00    0.00   92.96
17:26:10     all    5.33    0.00    0.76    0.00    0.00    0.25    0.00    0.00    0.00   93.65
17:26:11     all    6.25    0.00    0.75    0.00    0.00    0.75    0.00    0.00    0.00   92.25
17:26:12     all    6.02    0.00    0.75    0.00    0.00    0.25    0.00    0.00    0.00   92.98
17:26:13     all    5.81    0.00    0.76    0.00    0.00    0.51    0.00    0.00    0.00   92.93
17:26:14     all    5.53    0.00    1.01    0.00    0.00    0.50    0.00    0.00    0.00   92.96
17:26:15     all    5.81    0.00    0.51    0.00    0.00    0.76    0.00    0.00    0.00   92.93
17:26:16     all    6.08    0.00    0.76    0.00    0.00    0.00    0.00    0.00    0.00   93.16
17:26:17     all    6.02    0.00    0.50    0.00    0.00    0.75    0.00    0.00    0.00   92.73
17:26:18     all    6.06    0.00    0.25    0.00    0.00    0.76    0.00    0.00    0.00   92.93
17:26:19     all    6.05    0.00    0.76    0.00    0.00    0.25    0.00    0.00    0.00   92.95
17:26:20     all    5.81    0.00    0.76    0.00    0.00    0.25    0.00    0.00    0.00   93.18
17:26:21     all    6.03    0.00    0.50    0.00    0.00    0.75    0.00    0.00    0.00   92.71
17:26:22     all    6.06    0.00    0.76    0.00    0.00    0.00    0.00    0.00    0.00   93.18
17:26:23     all    6.02    0.00    1.00    0.00    0.00    0.50    0.00    0.00    0.00   92.48
17:26:24     all    6.06    0.00    0.51    0.00    0.00    0.25    0.00    0.00    0.00   93.18
17:26:25     all    6.03    0.00    0.50    0.00    0.00    0.75    0.00    0.00    0.00   92.71
17:26:26     all    6.06    0.00    0.76    0.00    0.00    0.51    0.00    0.00    0.00   92.68
17:26:27     all    5.82    0.00    0.00    0.00    0.00    0.51    0.00    0.00    0.00   93.67
17:26:28     all    5.53    0.00    1.01    0.00    0.00    0.75    0.00    0.00    0.00   92.71
17:26:29     all    6.30    0.00    0.76    0.00    0.00    0.25    0.00    0.00    0.00   92.70
17:26:30     all    6.06    0.00    0.51    0.00    0.00    0.25    0.00    0.00    0.00   93.18
17:26:31     all    6.06    0.00    0.76    0.00    0.00    0.25    0.00    0.00    0.00   92.93
17:26:32     all    5.79    0.00    0.76    0.00    0.00    0.50    0.00    0.00    0.00   92.95
17:26:33     all    6.25    0.00    0.75    0.00    0.00    0.50    0.25    0.00    0.00   92.25
17:26:34     all    6.52    0.00    0.50    0.00    0.00    0.75    0.00    0.00    0.00   92.23
17:26:35     all    6.08    0.00    0.76    0.00    0.00    0.00    0.00    0.00    0.00   93.16
17:26:36     all    6.02    0.00    0.75    0.00    0.00    0.50    0.00    0.00    0.00   92.73
17:26:37     all    6.33    0.00    0.25    0.00    0.00    0.51    0.00    0.00    0.00   92.91
17:26:38     all    6.23    0.00    1.00    0.00    0.00    0.25    0.25    0.00    0.00   92.27
17:26:39     all    6.02    0.00    0.75    0.00    0.00    0.75    0.00    0.00    0.00   92.48
17:26:40     all    6.33    0.00    0.51    0.00    0.00    0.25    0.00    0.00    0.00   92.91
17:26:41     all    6.25    0.00    0.75    0.00    0.00    0.50    0.00    0.00    0.00   92.50
17:26:42     all    6.09    0.00    0.25    0.00    0.00    0.00    0.00    0.00    0.00   93.65
17:26:43     all    6.27    0.00    1.00    0.00    0.00    0.25    0.00    0.00    0.00   92.48
17:26:44     all    5.82    0.00    0.00    0.00    0.00    0.76    0.00    0.00    0.00   93.42
17:26:45     all    5.78    0.00    0.75    0.00    0.00    0.50    0.00    0.00    0.00   92.96
17:26:46     all    5.12    0.00    0.51    0.00    0.00    0.26    0.00    0.00    0.00   94.12
17:26:47     all    6.47    0.00    1.24    0.00    0.00    0.75    0.00    0.00    0.00   91.54
17:26:48     all    6.55    0.00    0.25    0.00    0.00    0.25    0.00    0.00    0.00   92.95
17:26:49     all    6.00    0.00    1.25    0.00    0.00    0.50    0.00    0.00    0.00   92.25
17:26:50     all    5.82    0.00    0.51    0.00    0.00    0.76    0.00    0.00    0.00   92.91
17:26:51     all    5.57    0.00    0.76    0.00    0.00    0.25    0.00    0.00    0.00   93.42
17:26:52     all    5.97    0.00    0.75    0.50    0.00    0.75    0.00    0.00    0.00   92.04
17:26:53     all    5.37    0.00    0.51    0.00    0.00    0.00    0.00    0.00    0.00   94.12
17:26:54     all    5.56    0.00    0.76    0.00    0.00    0.76    0.00    0.00    0.00   92.93
17:26:55     all    6.28    0.00    0.75    0.00    0.00    0.50    0.00    0.00    0.00   92.46
17:26:56     all    6.02    0.00    0.75    0.00    0.00    0.50    0.25    0.00    0.00   92.48
17:26:57     all    5.82    0.00    0.76    0.00    0.00    0.00    0.00    0.00    0.00   93.42
17:26:58     all    5.04    0.00    1.01    0.00    0.00    0.76    0.00    0.00    0.00   93.20
17:26:59     all    6.78    0.00    0.50    0.00    0.00    0.50    0.00    0.00    0.00   92.21
17:27:00     all    6.31    0.00    0.76    0.00    0.00    0.00    0.00    0.00    0.00   92.93
17:27:01     all    6.02    0.00    0.75    0.00    0.00    0.75    0.00    0.00    0.00   92.48
17:27:02     all    5.81    0.00    0.51    0.00    0.00    0.51    0.00    0.00    0.00   93.18
17:27:03     all    5.78    0.00    0.75    0.00    0.00    0.50    0.00    0.00    0.00   92.96
17:27:04     all    6.75    0.00    0.75    0.00    0.00    0.25    0.00    0.00    0.00   92.25
17:27:05     all    5.81    0.00    0.51    0.00    0.00    0.25    0.00    0.00    0.00   93.43
17:27:06     all    5.56    0.00    0.76    0.00    0.00    0.51    0.00    0.00    0.00   93.18
17:27:07     all    6.25    0.00    0.75    0.00    0.00    0.50    0.00    0.00    0.00   92.50
17:27:08     all    5.79    0.00    0.50    0.00    0.00    0.25    0.00    0.00    0.00   93.45
17:27:09     all    6.05    0.00    1.01    0.00    0.00    0.25    0.00    0.00    0.00   92.70
17:27:10     all    6.05    0.00    0.50    0.00    0.00    0.50    0.00    0.00    0.00   92.95
17:27:11     all    5.78    0.00    0.50    0.00    0.00    0.75    0.00    0.00    0.00   92.96
17:27:12     all    6.55    0.00    0.50    0.00    0.00    0.25    0.00    0.00    0.00   92.70
17:27:13     all    6.03    0.00    1.01    0.00    0.00    0.25    0.00    0.00    0.00   92.71
17:27:14     all    5.76    0.00    1.00    0.00    0.00    0.50    0.00    0.00    0.00   92.73
17:27:15     all    6.31    0.00    0.51    0.00    0.00    0.51    0.00    0.00    0.00   92.68
17:27:16     all    5.78    0.00    1.01    0.00    0.00    0.25    0.00    0.00    0.00   92.96
17:27:17     all    5.34    0.00    0.51    0.25    0.00    0.25    0.00    0.00    0.00   93.64
17:27:18     all    5.56    0.00    0.76    0.00    0.00    0.25    0.00    0.00    0.00   93.43
17:27:19     all    6.03    0.00    1.01    0.00    0.00    0.25    0.00    0.00    0.00   92.71
17:27:20     all    6.00    0.00    0.75    0.00    0.00    0.75    0.00    0.00    0.00   92.50
17:27:21     all    6.08    0.00    0.51    0.00    0.00    0.00    0.00    0.00    0.00   93.42
17:27:22     all    5.32    0.00    0.76    0.00    0.00    0.51    0.00    0.00    0.00   93.42
17:27:23     all    5.82    0.00    0.25    0.00    0.00    0.25    0.00    0.00    0.00   93.67
17:27:24     all    6.27    0.00    0.75    0.00    0.00    0.50    0.00    0.00    0.00   92.48
17:27:25     all    5.53    0.00    1.01    0.00    0.00    0.75    0.00    0.00    0.00   92.71
17:27:26     all    5.81    0.00    1.01    0.00    0.00    0.25    0.00    0.00    0.00   92.93
17:27:27     all    6.05    0.00    0.76    0.00    0.00    0.50    0.00    0.00    0.00   92.70
17:27:28     all    5.53    0.00    0.75    0.00    0.00    0.50    0.25    0.00    0.00   92.96
17:27:29     all    5.79    0.00    0.76    0.00    0.00    0.25    0.00    0.00    0.00   93.20
17:27:30     all    6.27    0.00    1.00    0.00    0.00    0.75    0.00    0.00    0.00   91.98
17:27:31     all    5.87    0.00    0.00    0.00    0.00    0.26    0.00    0.00    0.00   93.88
17:27:32     all    6.22    0.00    1.00    0.25    0.00    0.50    0.00    0.00    0.00   92.04
17:27:33     all    5.56    0.00    0.76    0.00    0.00    0.51    0.00    0.00    0.00   93.18
17:27:34     all    6.57    0.00    0.25    0.00    0.00    0.25    0.00    0.00    0.00   92.93
17:27:35     all    6.03    0.00    0.75    0.00    0.00    0.25    0.25    0.00    0.00   92.71
17:27:36     all    6.03    0.00    0.50    0.00    0.00    0.50    0.00    0.00    0.00   92.96
17:27:37     all    5.78    0.00    0.75    0.00    0.00    0.50    0.00    0.00    0.00   92.96
17:27:38     all    6.09    0.00    0.76    0.00    0.00    0.00    0.00    0.00    0.00   93.15
17:27:39     all    6.02    0.00    0.75    0.00    0.00    0.75    0.00    0.00    0.00   92.48
17:27:40     all    5.79    0.00    0.76    0.00    0.00    0.25    0.00    0.00    0.00   93.20
17:27:41     all    6.28    0.00    0.75    0.00    0.00    0.25    0.00    0.00    0.00   92.71
17:27:42     all    5.82    0.00    0.76    0.00    0.00    0.25    0.00    0.00    0.00   93.16
17:27:43     all    5.53    0.00    0.75    0.00    0.00    0.75    0.00    0.00    0.00   92.96
17:27:44     all    5.32    0.00    0.76    0.00    0.00    0.25    0.00    0.00    0.00   93.67
17:27:45     all    2.76    0.00    0.50    0.00    0.00    0.50    0.00    0.00    0.00   96.24
17:27:46     all    4.06    0.00    0.25    0.00    0.00    0.00    0.25    0.00    0.00   95.43
17:27:47     all    4.49    0.00    0.75    0.00    0.00    0.50    0.00    0.00    0.00   94.26
17:27:48     all    5.84    0.00    0.25    0.00    0.00    0.51    0.00    0.00    0.00   93.40
17:27:49     all    6.00    0.00    1.00    0.00    0.00    0.25    0.00    0.00    0.00   92.75
17:27:50     all    5.79    0.00    0.50    0.00    0.00    0.00    0.00    0.00    0.00   93.70
17:27:51     all    5.54    0.00    0.76    0.00    0.00    0.76    0.00    0.00    0.00   92.95
17:27:52     all    5.82    0.00    0.51    0.00    0.00    0.25    0.00    0.00    0.00   93.42
17:27:53     all    5.79    0.00    0.50    0.00    0.00    0.76    0.00    0.00    0.00   92.95
17:27:54     all    6.02    0.00    0.75    0.00    0.00    0.75    0.00    0.00    0.00   92.48
17:27:55     all    5.58    0.00    1.02    0.00    0.00    0.00    0.00    0.00    0.00   93.40
17:27:56     all    5.56    0.00    0.51    0.00    0.00    0.76    0.00    0.00    0.00   93.18
17:27:57     all    6.25    0.00    0.50    0.00    0.00    0.50    0.00    0.00    0.00   92.75
17:27:58     all    5.81    0.00    0.76    0.00    0.00    0.00    0.00    0.00    0.00   93.43
17:27:59     all    5.33    0.00    0.51    0.00    0.00    0.25    0.00    0.00    0.00   93.91
17:28:00     all    5.97    0.00    0.75    0.00    0.00    0.75    0.00    0.00    0.00   92.54
17:28:01     all    6.06    0.00    0.25    0.00    0.00    0.51    0.00    0.00    0.00   93.18
17:28:02     all    6.05    0.00    0.76    0.00    0.00    0.50    0.00    0.00    0.00   92.70
17:28:03     all    6.02    0.00    0.75    0.00    0.00    0.50    0.00    0.00    0.00   92.73
17:28:04     all    6.52    0.00    0.75    0.00    0.00    0.50    0.00    0.00    0.00   92.23
17:28:05     all    6.33    0.00    0.51    0.00    0.00    0.25    0.00    0.00    0.00   92.91
17:28:06     all    6.31    0.00    0.76    0.00    0.00    0.25    0.00    0.00    0.00   92.68
17:28:07     all    5.78    0.00    0.75    0.00    0.00    0.50    0.00    0.00    0.00   92.96
17:28:08     all    5.85    0.00    0.25    0.00    0.00    0.51    0.00    0.00    0.00   93.38
17:28:09     all    6.03    0.00    1.01    0.00    0.00    0.25    0.00    0.00    0.00   92.71
17:28:10     all    6.30    0.00    0.76    0.00    0.00    0.50    0.00    0.00    0.00   92.44
17:28:11     all    6.09    0.00    0.25    0.00    0.00    0.25    0.00    0.00    0.00   93.40
17:28:12     all    6.03    0.00    0.75    0.00    0.00    0.75    0.00    0.00    0.00   92.46
17:28:13     all    6.02    0.00    1.00    0.00    0.00    0.50    0.00    0.00    0.00   92.48
17:28:14     all    6.33    0.00    0.25    0.00    0.00    0.00    0.00    0.00    0.00   93.42
17:28:15     all    6.03    0.00    1.01    0.00    0.00    0.50    0.00    0.00    0.00   92.46
17:28:16     all    5.60    0.00    0.51    0.00    0.00    0.25    0.00    0.00    0.00   93.64
17:28:17     all    6.02    0.00    0.75    0.00    0.00    0.75    0.00    0.00    0.00   92.48
17:28:18     all    5.57    0.00    0.76    0.00    0.00    0.00    0.00    0.00    0.00   93.67
17:28:19     all    6.31    0.00    0.25    0.25    0.00    0.25    0.00    0.00    0.00   92.93
17:28:20     all    5.75    0.00    1.50    0.00    0.00    0.75    0.00    0.00    0.00   92.00
17:28:21     all    5.32    0.00    0.76    0.00    0.00    0.25    0.00    0.00    0.00   93.67
17:28:22     all    5.85    0.00    0.51    0.00    0.00    0.00    0.00    0.00    0.00   93.64
17:28:23     all    5.54    0.00    0.76    0.00    0.00    0.25    0.00    0.00    0.00   93.45
17:28:24     all    6.27    0.00    0.75    0.00    0.00    0.50    0.25    0.00    0.00   92.23
17:28:25     all    5.79    0.00    0.76    0.00    0.00    0.50    0.00    0.00    0.00   92.95
17:28:26     all    5.56    0.00    0.51    0.00    0.00    0.51    0.00    0.00    0.00   93.43
17:28:27     all    6.23    0.00    1.00    0.00    0.00    0.75    0.25    0.00    0.00   91.77
17:28:28     all    6.06    0.00    0.76    0.00    0.00    0.25    0.00    0.00    0.00   92.93
17:28:29     all    6.09    0.00    0.00    0.25    0.00    0.25    0.00    0.00    0.00   93.40
17:28:30     all    5.79    0.00    1.01    0.00    0.00    0.50    0.00    0.00    0.00   92.70
17:28:31     all    5.79    0.00    0.76    0.00    0.00    0.50    0.00    0.00    0.00   92.95
17:28:32     all    5.82    0.00    0.76    0.00    0.00    0.25    0.00    0.00    0.00   93.16
17:28:33     all    6.33    0.00    0.25    0.00    0.00    0.76    0.00    0.00    0.00   92.66
17:28:34     all    5.32    0.00    1.01    0.00    0.00    0.25    0.00    0.00    0.00   93.42
17:28:35     all    6.22    0.00    1.00    0.00    0.00    1.00    0.00    0.00    0.00   91.79
17:28:36     all    5.57    0.00    0.76    0.00    0.00    0.51    0.00    0.00    0.00   93.16
17:28:37     all    6.03    0.00    0.50    0.00    0.00    0.00    0.00    0.00    0.00   93.47
17:28:38     all    5.34    0.00    0.51    0.00    0.00    0.51    0.00    0.00    0.00   93.64
17:28:39     all    5.36    0.00    0.77    0.00    0.00    0.00    0.00    0.00    0.00   93.88
17:28:40     all    5.81    0.00    0.25    0.00    0.00    0.76    0.00    0.00    0.00   93.18
17:28:41     all    6.00    0.00    1.00    0.00    0.00    0.50    0.00    0.00    0.00   92.50
17:28:42     all    5.85    0.00    0.25    0.00    0.00    0.25    0.00    0.00    0.00   93.64
17:28:43     all    5.76    0.00    1.25    0.00    0.00    0.50    0.00    0.00    0.00   92.48
17:28:44     all    6.31    0.00    0.76    0.00    0.00    0.51    0.00    0.00    0.00   92.42
17:28:45     all    6.27    0.00    0.75    0.00    0.00    0.75    0.00    0.00    0.00   92.23
17:28:46     all    5.32    0.00    0.76    0.00    0.00    0.51    0.00    0.00    0.00   93.42
17:28:47     all    6.28    0.00    0.50    0.00    0.00    1.01    0.00    0.00    0.00   92.21
17:28:48     all    6.55    0.00    0.25    0.00    0.00    0.00    0.00    0.00    0.00   93.20
17:28:49     all    6.00    0.00    1.00    0.00    0.00    0.75    0.00    0.00    0.00   92.25
17:28:50     all    6.06    0.00    0.25    0.00    0.00    0.25    0.00    0.00    0.00   93.43
17:28:51     all    5.34    0.00    0.76    0.00    0.00    0.25    0.00    0.00    0.00   93.64
17:28:52     all    6.75    0.00    0.75    0.00    0.00    0.50    0.00    0.00    0.00   92.00
17:28:53     all    5.79    0.00    0.76    0.00    0.00    0.76    0.00    0.00    0.00   92.70
17:28:54     all    5.54    0.00    0.76    0.00    0.00    0.25    0.25    0.00    0.00   93.20
17:28:55     all    5.78    0.00    0.75    0.00    0.00    0.75    0.00    0.00    0.00   92.71
17:28:56     all    5.57    0.00    0.51    0.00    0.00    0.51    0.00    0.00    0.00   93.42
17:28:57     all    6.03    0.00    0.75    0.00    0.00    0.25    0.00    0.00    0.00   92.96
17:28:58     all    5.54    0.00    1.01    0.00    0.00    0.25    0.00    0.00    0.00   93.20
17:28:59     all    6.30    0.00    0.25    0.00    0.00    0.50    0.00    0.00    0.00   92.95
17:29:00     all    5.53    0.00    1.01    0.00    0.00    0.50    0.00    0.00    0.00   92.96
17:29:01     all    5.30    0.00    0.76    0.00    0.00    0.25    0.00    0.00    0.00   93.69
17:29:02     all    6.06    0.00    0.51    0.00    0.00    0.51    0.00    0.00    0.00   92.93
17:29:03     all    5.82    0.00    0.51    0.00    0.00    0.25    0.00    0.00    0.00   93.42
17:29:04     all    5.53    0.00    0.50    0.00    0.00    0.75    0.00    0.00    0.00   93.22
17:29:05     all    5.32    0.00    0.76    0.00    0.00    0.25    0.00    0.00    0.00   93.67
17:29:06     all    6.72    0.00    0.75    0.00    0.00    0.50    0.00    0.00    0.00   92.04
17:29:07     all    5.58    0.00    0.76    0.00    0.00    0.00    0.00    0.00    0.00   93.65
17:29:08     all    5.33    0.00    0.51    0.00    0.00    0.51    0.00    0.00    0.00   93.65
17:29:09     all    5.81    0.00    0.76    0.00    0.00    0.00    0.00    0.00    0.00   93.43
17:29:10     all    5.79    0.00    0.76    0.00    0.00    0.50    0.00    0.00    0.00   92.95
17:29:11     all    6.52    0.00    0.50    0.00    0.00    0.75    0.00    0.00    0.00   92.23
17:29:12     all    6.02    0.00    1.00    0.00    0.00    0.25    0.00    0.00    0.00   92.73
17:29:13     all    5.36    0.00    0.51    0.00    0.00    0.00    0.00    0.00    0.00   94.13
17:29:14     all    6.72    0.00    0.75    0.00    0.00    0.75    0.00    0.00    0.00   91.79
17:29:15     all    6.25    0.00    0.50    0.00    0.00    0.75    0.00    0.00    0.00   92.50
17:29:16     all    5.57    0.00    0.76    0.00    0.00    0.00    0.00    0.00    0.00   93.67
17:29:17     all    5.79    0.00    0.25    0.00    0.00    1.01    0.25    0.00    0.00   92.70
17:29:18     all    5.54    0.00    1.01    0.00    0.00    0.00    0.00    0.00    0.00   93.45
17:29:19     all    5.82    0.00    0.25    0.00    0.00    0.51    0.00    0.00    0.00   93.42
17:29:20     all    5.56    0.00    1.01    0.00    0.00    0.25    0.00    0.00    0.00   93.18
17:29:21     all    6.02    0.00    0.50    0.00    0.00    0.75    0.25    0.00    0.00   92.48
17:29:22     all    5.79    0.00    0.76    0.00    0.00    0.25    0.00    0.00    0.00   93.20
17:29:23     all    6.00    0.00    1.00    0.00    0.00    0.50    0.00    0.00    0.00   92.50
17:29:24     all    5.10    0.00    0.26    0.00    0.00    0.26    0.00    0.00    0.00   94.39
17:29:25     all    5.99    0.00    1.00    0.00    0.00    0.75    0.00    0.00    0.00   92.27
17:29:26     all    6.25    0.00    0.75    0.00    0.00    0.50    0.00    0.00    0.00   92.50
17:29:27     all    6.08    0.00    0.25    0.00    0.00    0.51    0.00    0.00    0.00   93.16
17:29:28     all    5.54    0.00    0.76    0.00    0.00    0.25    0.00    0.00    0.00   93.45
17:29:29     all    5.34    0.00    0.00    0.00    0.00    0.25    0.00    0.00    0.00   94.40
17:29:30     all    6.06    0.00    0.76    0.25    0.00    0.25    0.00    0.00    0.00   92.68
17:29:31     all    5.30    0.00    0.76    0.00    0.00    0.25    0.00    0.00    0.00   93.69
17:29:32     all    5.78    0.00    0.75    0.00    0.00    0.50    0.25    0.00    0.00   92.71
17:29:33     all    5.79    0.00    0.50    0.00    0.00    0.50    0.00    0.00    0.00   93.20
17:29:34     all    5.54    0.00    0.76    0.00    0.00    0.25    0.00    0.00    0.00   93.45
17:29:35     all    5.85    0.00    0.76    0.00    0.00    0.00    0.00    0.00    0.00   93.38
17:29:36     all    5.30    0.00    0.51    0.00    0.00    0.51    0.00    0.00    0.00   93.69
17:29:37     all    6.27    0.00    0.75    0.00    0.00    0.50    0.00    0.00    0.00   92.48
17:29:38     all    6.08    0.00    0.51    0.00    0.00    0.00    0.00    0.00    0.00   93.42
17:29:39     all    5.06    0.00    0.76    0.00    0.00    0.25    0.00    0.00    0.00   93.92
17:29:40     all    5.53    0.00    0.50    0.00    0.00    0.75    0.00    0.00    0.00   93.22
17:29:41     all    6.31    0.00    0.51    0.00    0.00    0.00    0.00    0.00    0.00   93.18
17:29:42     all    5.56    0.00    0.25    0.00    0.00    0.51    0.00    0.00    0.00   93.69
17:29:43     all    6.03    0.00    1.01    0.00    0.00    0.25    0.00    0.00    0.00   92.71
17:29:44     all    5.81    0.00    0.51    0.00    0.00    0.25    0.00    0.00    0.00   93.43
17:29:45     all    5.84    0.00    0.51    0.00    0.00    0.25    0.00    0.00    0.00   93.40
17:29:46     all    5.79    0.00    0.76    0.00    0.00    0.50    0.00    0.00    0.00   92.95
17:29:47     all    5.54    0.00    0.76    0.00    0.00    0.25    0.00    0.00    0.00   93.45
17:29:48     all    6.05    0.00    0.50    0.00    0.00    0.76    0.00    0.00    0.00   92.70
17:29:49     all    6.06    0.00    1.01    0.00    0.00    0.00    0.00    0.00    0.00   92.93
17:29:50     all    6.05    0.00    0.76    0.00    0.00    0.50    0.00    0.00    0.00   92.70
17:29:51     all    6.03    0.00    0.50    0.00    0.00    0.25    0.00    0.00    0.00   93.22
17:29:52     all    6.27    0.00    0.75    0.00    0.00    0.75    0.00    0.00    0.00   92.23
17:29:53     all    5.81    0.00    0.25    0.00    0.00    0.25    0.00    0.00    0.00   93.69
17:29:54     all    5.58    0.00    0.51    0.00    0.00    0.25    0.00    0.00    0.00   93.65
17:29:55     all    6.03    0.00    0.75    0.00    0.00    0.75    0.00    0.00    0.00   92.46
17:29:56     all    5.79    0.00    0.76    0.25    0.00    0.25    0.00    0.00    0.00   92.95
17:29:57     all    6.00    0.00    0.75    0.00    0.00    0.75    0.00    0.00    0.00   92.50
17:29:58     all    5.60    0.00    0.51    0.00    0.00    0.25    0.00    0.00    0.00   93.64
17:29:59     all    6.28    0.00    0.75    0.00    0.00    0.00    0.00    0.00    0.00   92.96
17:30:00     all    5.53    0.00    0.75    0.00    0.00    0.75    0.00    0.00    0.00   92.96
17:30:01     all    6.03    0.00    0.75    0.00    0.00    0.50    0.00    0.00    0.00   92.71
17:30:02     all    6.35    0.00    0.25    0.00    0.00    0.00    0.00    0.00    0.00   93.40
17:30:03     all    5.72    0.00    1.24    0.00    0.00    0.75    0.00    0.00    0.00   92.29
17:30:04     all    5.61    0.00    0.00    0.00    0.00    0.26    0.00    0.00    0.00   94.13
17:30:05     all    6.27    0.00    0.75    0.00    0.00    0.75    0.00    0.00    0.00   92.23
17:30:06     all    5.33    0.00    0.76    0.00    0.00    0.25    0.00    0.00    0.00   93.65
17:30:07     all    5.79    0.00    1.01    0.00    0.00    0.00    0.00    0.00    0.00   93.20
17:30:08     all    5.57    0.00    0.51    0.00    0.00    0.76    0.00    0.00    0.00   93.16
17:30:09     all    5.54    0.00    0.50    0.00    0.00    0.25    0.00    0.00    0.00   93.70
17:30:10     all    4.83    0.00    0.25    0.00    0.00    0.51    0.00    0.00    0.00   94.40
17:30:11     all    5.79    0.00    0.76    0.00    0.00    0.25    0.00    0.00    0.00   93.20
17:30:12     all    5.81    0.00    0.76    0.00    0.00    0.25    0.00    0.00    0.00   93.18
17:30:13     all    5.76    0.00    1.00    0.00    0.00    0.75    0.00    0.00    0.00   92.48
17:30:14     all    5.06    0.00    0.51    0.00    0.00    0.51    0.00    0.00    0.00   93.92
17:30:15     all    5.56    0.00    0.76    0.00    0.00    0.51    0.00    0.00    0.00   93.18
17:30:16     all    5.79    0.00    1.26    0.00    0.00    0.25    0.00    0.00    0.00   92.70
17:30:17     all    6.00    0.00    0.50    0.00    0.00    0.50    0.25    0.00    0.00   92.75
17:30:18     all    6.27    0.00    1.00    0.00    0.00    0.50    0.00    0.00    0.00   92.23
17:30:19     all    5.56    0.00    0.51    0.00    0.00    0.25    0.00    0.00    0.00   93.69
17:30:20     all    5.34    0.00    0.51    0.00    0.00    0.76    0.00    0.00    0.00   93.38
17:30:21     all    5.81    0.00    0.76    0.00    0.00    0.51    0.00    0.00    0.00   92.93
17:30:22     all    6.27    0.00    0.75    0.00    0.00    0.25    0.00    0.00    0.00   92.73
17:30:23     all    5.79    0.00    0.50    0.00    0.00    0.25    0.25    0.00    0.00   93.20
17:30:24     all    5.78    0.00    1.01    0.00    0.00    0.75    0.00    0.00    0.00   92.46
17:30:25     all    5.85    0.00    0.51    0.00    0.00    0.25    0.00    0.00    0.00   93.38
17:30:26     all    6.52    0.00    1.00    0.00    0.00    0.00    0.00    0.00    0.00   92.48
17:30:27     all    6.06    0.00    0.51    0.00    0.00    0.51    0.00    0.00    0.00   92.93
17:30:28     all    6.28    0.00    1.01    0.00    0.00    0.25    0.00    0.00    0.00   92.46
17:30:29     all    5.54    0.00    1.01    0.00    0.00    0.50    0.00    0.00    0.00   92.95
17:30:30     all    5.54    0.00    0.76    0.25    0.00    0.50    0.00    0.00    0.00   92.95
17:30:31     all    6.53    0.00    0.50    0.00    0.00    0.50    0.00    0.00    0.00   92.46
17:30:32     all    5.84    0.00    0.76    0.25    0.00    0.25    0.00    0.00    0.00   92.89
17:30:33     all    5.78    0.00    0.75    0.00    0.00    0.25    0.00    0.00    0.00   93.22
17:30:34     all    6.02    0.00    1.00    0.00    0.00    0.25    0.00    0.00    0.00   92.73
17:30:35     all    5.56    0.00    0.51    0.00    0.00    0.76    0.00    0.00    0.00   93.18
17:30:36     all    5.78    0.00    1.01    0.00    0.00    0.25    0.00    0.00    0.00   92.96
17:30:37     all    5.56    0.00    1.01    0.00    0.00    0.76    0.00    0.00    0.00   92.68
17:30:38     all    5.58    0.00    0.25    0.00    0.00    0.51    0.00    0.00    0.00   93.65
17:30:39     all    6.50    0.00    0.75    0.00    0.00    0.00    0.00    0.00    0.00   92.75
17:30:40     all    5.81    0.00    0.25    0.00    0.00    0.76    0.00    0.00    0.00   93.18
17:30:41     all    5.29    0.00    0.76    0.00    0.00    0.76    0.00    0.00    0.00   93.20
17:30:42     all    5.81    0.00    0.51    0.00    0.00    0.25    0.00    0.00    0.00   93.43
17:30:43     all    5.54    0.00    1.01    0.00    0.00    0.50    0.00    0.00    0.00   92.95
17:30:44     all    6.08    0.00    0.00    0.00    0.00    0.51    0.00    0.00    0.00   93.42
17:30:45     all    3.26    0.00    0.75    0.00    0.00    0.25    0.00    0.00    0.00   95.74
17:30:46     all    4.51    0.00    0.25    0.00    0.00    0.25    0.00    0.00    0.00   94.99
17:30:47     all    5.28    0.00    0.25    0.00    0.00    0.25    0.00    0.00    0.00   94.22
17:30:48     all    4.57    0.00    0.51    0.00    0.00    0.25    0.00    0.00    0.00   94.67
17:30:49     all    5.76    0.00    1.00    0.00    0.00    0.50    0.00    0.00    0.00   92.73
17:30:50     all    5.82    0.00    0.25    0.00    0.00    0.51    0.00    0.00    0.00   93.42
17:30:51     all    6.05    0.00    1.01    0.00    0.00    0.00    0.00    0.00    0.00   92.95
17:30:52     all    5.81    0.00    0.25    0.00    0.00    0.51    0.00    0.00    0.00   93.43
17:30:53     all    6.00    0.00    0.75    0.00    0.00    0.75    0.00    0.00    0.00   92.50
17:30:54     all    6.03    0.00    0.75    0.00    0.00    0.25    0.00    0.00    0.00   92.96
17:30:55     all    6.09    0.00    0.25    0.00    0.00    0.25    0.00    0.00    0.00   93.40
17:30:56     all    6.00    0.00    1.00    0.00    0.00    0.75    0.00    0.00    0.00   92.25
17:30:57     all    5.57    0.00    0.76    0.00    0.00    0.25    0.00    0.00    0.00   93.42
17:30:58     all    5.56    0.00    0.76    0.00    0.00    0.51    0.00    0.00    0.00   93.18
17:30:59     all    6.28    0.00    0.75    0.00    0.00    0.25    0.00    0.00    0.00   92.71
17:31:00     all    5.79    0.00    0.76    0.00    0.00    0.50    0.00    0.00    0.00   92.95
17:31:01     all    5.56    0.00    0.51    0.00    0.00    0.51    0.00    0.00    0.00   93.43
17:31:02     all    5.81    0.00    0.76    0.00    0.00    0.25    0.00    0.00    0.00   93.18
17:31:03     all    5.56    0.00    0.76    0.00    0.00    0.25    0.00    0.00    0.00   93.43
17:31:04     all    5.99    0.00    1.00    0.00    0.00    0.75    0.25    0.00    0.00   92.02
17:31:05     all    6.55    0.00    0.25    0.00    0.00    0.25    0.00    0.00    0.00   92.95
17:31:06     all    6.28    0.00    1.01    0.00    0.00    0.25    0.00    0.00    0.00   92.46
17:31:07     all    5.81    0.00    0.76    0.00    0.00    0.25    0.00    0.00    0.00   93.18
17:31:08     all    6.31    0.00    0.00    0.00    0.00    0.25    0.00    0.00    0.00   93.43
17:31:09     all    5.54    0.00    1.01    0.00    0.00    0.50    0.00    0.00    0.00   92.95
17:31:10     all    5.53    0.00    1.01    0.00    0.00    0.50    0.00    0.00    0.00   92.96
17:31:11     all    6.11    0.00    0.00    0.00    0.00    0.00    0.00    0.00    0.00   93.89
17:31:12     all    6.02    0.00    1.00    0.00    0.00    0.25    0.00    0.00    0.00   92.73
17:31:13     all    5.53    0.00    0.75    0.00    0.00    0.75    0.25    0.00    0.00   92.71
17:31:14     all    6.08    0.00    0.51    0.00    0.00    0.25    0.00    0.00    0.00   93.16
17:31:15     all    5.53    0.00    1.01    0.00    0.00    0.50    0.00    0.00    0.00   92.96
17:31:16     all    6.58    0.00    0.25    0.00    0.00    0.00    0.00    0.00    0.00   93.16
17:31:17     all    5.76    0.00    1.00    0.00    0.00    0.75    0.00    0.00    0.00   92.48
17:31:18     all    6.03    0.00    0.50    0.00    0.00    0.25    0.00    0.00    0.00   93.22
17:31:19     all    6.05    0.00    1.01    0.00    0.00    0.25    0.00    0.00    0.00   92.70
17:31:20     all    5.81    0.00    0.51    0.00    0.00    0.25    0.00    0.00    0.00   93.43
17:31:21     all    5.30    0.00    0.51    0.00    0.00    0.76    0.00    0.00    0.00   93.43
17:31:22     all    6.03    0.00    0.75    0.00    0.00    0.75    0.25    0.00    0.00   92.21
17:31:23     all    5.57    0.00    0.76    0.00    0.00    0.25    0.00    0.00    0.00   93.42
17:31:24     all    5.76    0.00    1.00    0.00    0.00    0.50    0.00    0.00    0.00   92.73
17:31:25     all    6.28    0.00    0.50    0.00    0.00    0.25    0.00    0.00    0.00   92.96
17:31:26     all    5.54    0.00    1.01    0.00    0.00    0.50    0.00    0.00    0.00   92.95
17:31:27     all    5.81    0.00    0.25    0.00    0.00    0.76    0.00    0.00    0.00   93.18
17:31:28     all    5.79    0.00    1.01    0.00    0.00    0.25    0.00    0.00    0.00   92.95
17:31:29     all    6.28    0.00    0.75    0.00    0.00    0.50    0.00    0.00    0.00   92.46
17:31:30     all    6.08    0.00    0.51    0.00    0.00    0.25    0.00    0.00    0.00   93.16
17:31:31     all    5.56    0.00    0.51    0.00    0.00    0.51    0.00    0.00    0.00   93.43
17:31:32     all    5.28    0.00    0.75    0.00    0.00    0.50    0.00    0.00    0.00   93.47
17:31:33     all    5.34    0.00    0.51    0.00    0.00    0.51    0.00    0.00    0.00   93.64
17:31:34     all    6.06    0.00    0.76    0.00    0.00    0.00    0.00    0.00    0.00   93.18
17:31:35     all    5.82    0.00    0.25    0.00    0.00    0.00    0.00    0.00    0.00   93.92
17:31:36     all    5.76    0.00    0.25    0.00    0.00    1.00    0.25    0.00    0.00   92.73
17:31:37     all    5.33    0.00    1.02    0.25    0.00    0.00    0.00    0.00    0.00   93.40
17:31:38     all    5.29    0.00    0.50    0.00    0.00    0.76    0.00    0.00    0.00   93.45
17:31:39     all    5.87    0.00    0.26    0.00    0.00    0.00    0.00    0.00    0.00   93.88
17:31:40     all    5.54    0.00    0.76    0.00    0.00    0.25    0.00    0.00    0.00   93.45
17:31:41     all    6.50    0.00    0.75    0.00    0.00    0.50    0.00    0.00    0.00   92.25
17:31:42     all    5.58    0.00    0.51    0.00    0.00    0.51    0.00    0.00    0.00   93.40
17:31:43     all    6.31    0.00    0.76    0.00    0.00    0.00    0.00    0.00    0.00   92.93
17:31:44     all    5.50    0.00    1.00    0.00    0.00    0.75    0.00    0.00    0.00   92.75
17:31:45     all    6.28    0.00    0.50    0.00    0.00    0.50    0.00    0.00    0.00   92.71
17:31:46     all    5.82    0.00    0.76    0.00    0.00    0.00    0.00    0.00    0.00   93.42
17:31:47     all    5.79    0.00    0.50    0.00    0.00    0.50    0.00    0.00    0.00   93.20
17:31:48     all    6.84    0.00    1.01    0.00    0.00    0.76    0.00    0.00    0.00   91.39
17:31:49     all    7.36    0.00    0.76    0.00    0.00    0.25    0.00    0.00    0.00   91.62
17:31:50     all    6.03    0.00    0.25    0.00    0.00    0.75    0.00    0.00    0.00   92.96
17:31:51     all    5.82    0.00    0.51    0.00    0.00    0.25    0.00    0.00    0.00   93.42
17:31:52     all    5.53    0.00    1.01    0.00    0.00    0.50    0.00    0.00    0.00   92.96
17:31:53     all    6.05    0.00    0.50    0.00    0.00    0.50    0.00    0.00    0.00   92.95
17:31:54     all    5.82    0.00    0.51    0.00    0.00    0.00    0.00    0.00    0.00   93.67
17:31:55     all    5.56    0.00    0.76    0.00    0.00    0.51    0.00    0.00    0.00   93.18
17:31:56     all    5.57    0.00    0.76    0.00    0.00    0.25    0.00    0.00    0.00   93.42
17:31:57     all    6.27    0.00    0.75    0.00    0.00    0.75    0.00    0.00    0.00   92.23
17:31:58     all    5.57    0.00    0.76    0.00    0.00    0.00    0.00    0.00    0.00   93.67
17:31:59     all    7.04    0.00    0.25    0.00    0.00    0.50    0.00    0.00    0.00   92.21
17:32:00     all    5.78    0.00    0.75    0.00    0.00    0.50    0.00    0.00    0.00   92.96
17:32:01     all    6.28    0.00    0.75    0.00    0.00    0.50    0.00    0.00    0.00   92.46
17:32:02     all    6.53    0.00    0.50    0.00    0.00    0.25    0.00    0.00    0.00   92.71
17:32:03     all    6.00    0.00    1.00    0.00    0.00    0.50    0.25    0.00    0.00   92.25
17:32:04     all    6.08    0.00    0.00    0.00    0.00    0.25    0.00    0.00    0.00   93.67
17:32:05     all    6.05    0.00    1.01    0.00    0.00    0.50    0.00    0.00    0.00   92.44
17:32:06     all    6.78    0.00    0.25    0.00    0.00    0.50    0.00    0.00    0.00   92.46
17:32:07     all    5.54    0.00    1.01    0.00    0.00    0.50    0.00    0.00    0.00   92.95
17:32:08     all    6.27    0.00    0.75    0.00    0.00    0.25    0.00    0.00    0.00   92.73
17:32:09     all    5.57    0.00    0.51    0.00    0.00    0.76    0.00    0.00    0.00   93.16
17:32:10     all    5.60    0.00    0.76    0.00    0.00    0.00    0.00    0.00    0.00   93.64
17:32:11     all    6.48    0.00    0.75    0.00    0.00    0.75    0.00    0.00    0.00   92.02
17:32:12     all    5.82    0.00    0.76    0.00    0.00    0.25    0.00    0.00    0.00   93.16
17:32:13     all    6.05    0.00    0.76    0.00    0.00    0.25    0.00    0.00    0.00   92.95
17:32:14     all    5.82    0.00    0.76    0.00    0.00    0.25    0.00    0.00    0.00   93.16
17:32:15     all    6.53    0.00    0.50    0.25    0.00    0.50    0.00    0.00    0.00   92.21
17:32:16     all    6.97    0.00    1.00    0.00    0.00    0.50    0.00    0.00    0.00   91.54
17:32:17     all    6.31    0.00    0.51    0.00    0.00    0.76    0.00    0.00    0.00   92.42
17:32:18     all    6.75    0.00    0.50    0.00    0.00    0.50    0.25    0.00    0.00   92.00
17:32:19     all    6.06    0.00    0.76    0.00    0.00    0.51    0.00    0.00    0.00   92.68
17:32:20     all    5.54    0.00    0.76    0.00    0.00    0.50    0.00    0.00    0.00   93.20
17:32:21     all    5.81    0.00    1.01    0.00    0.00    0.25    0.00    0.00    0.00   92.93
17:32:22     all    6.77    0.00    0.75    0.00    0.00    0.50    0.00    0.00    0.00   91.98
17:32:23     all    6.08    0.00    0.51    0.00    0.00    0.25    0.00    0.00    0.00   93.16
17:32:24     all    5.82    0.00    0.51    0.00    0.00    0.76    0.00    0.00    0.00   92.91
17:32:25     all    5.84    0.00    0.51    0.00    0.00    0.25    0.00    0.00    0.00   93.40
17:32:26     all    6.28    0.00    1.01    0.00    0.00    0.50    0.00    0.00    0.00   92.21
17:32:27     all    6.05    0.00    1.01    0.00    0.00    0.50    0.00    0.00    0.00   92.44
17:32:28     all    6.30    0.00    1.01    0.00    0.00    0.25    0.00    0.00    0.00   92.44
17:32:29     all    6.08    0.00    0.51    0.00    0.00    0.51    0.00    0.00    0.00   92.91
17:32:30     all    6.06    0.00    0.76    0.00    0.00    0.51    0.00    0.00    0.00   92.68
17:32:31     all    6.80    0.00    0.50    0.00    0.00    0.25    0.00    0.00    0.00   92.44
17:32:32     all    5.78    0.00    1.51    0.00    0.00    0.50    0.00    0.00    0.00   92.21
17:32:33     all    6.31    0.00    0.51    0.00    0.00    0.76    0.00    0.00    0.00   92.42
17:32:34     all    6.31    0.00    0.76    0.00    0.00    0.51    0.00    0.00    0.00   92.42
17:32:35     all    6.06    0.00    0.51    0.00    0.00    0.25    0.00    0.00    0.00   93.18
17:32:36     all    6.30    0.00    0.50    0.00    0.00    0.76    0.00    0.00    0.00   92.44
17:32:37     all    5.76    0.00    1.00    0.25    0.00    0.25    0.00    0.00    0.00   92.73
17:32:38     all    5.60    0.00    0.51    0.00    0.00    0.25    0.00    0.00    0.00   93.64
17:32:39     all    5.53    0.00    0.50    0.00    0.00    0.75    0.00    0.00    0.00   93.22
17:32:40     all    6.06    0.00    0.76    0.00    0.00    0.25    0.00    0.00    0.00   92.93
17:32:41     all    5.53    0.00    1.01    0.00    0.00    0.75    0.00    0.00    0.00   92.71
17:32:42     all    6.08    0.00    0.51    0.00    0.00    0.00    0.00    0.00    0.00   93.42
17:32:43     all    5.53    0.00    0.75    0.00    0.00    0.75    0.00    0.00    0.00   92.96
17:32:44     all    5.58    0.00    0.51    0.00    0.00    0.00    0.00    0.00    0.00   93.91
17:32:45     all    5.81    0.00    0.51    0.00    0.00    0.76    0.00    0.00    0.00   92.93
17:32:46     all    5.82    0.00    0.51    0.00    0.00    0.25    0.00    0.00    0.00   93.42
17:32:47     all    5.57    0.00    0.76    0.00    0.00    0.51    0.00    0.00    0.00   93.16
17:32:48     all    6.28    0.00    1.01    0.00    0.00    0.25    0.25    0.00    0.00   92.21
17:32:49     all    5.54    0.00    0.76    0.00    0.00    0.76    0.00    0.00    0.00   92.95
17:32:50     all    6.06    0.00    0.76    0.00    0.00    0.25    0.00    0.00    0.00   92.93
17:32:51     all    6.03    0.00    0.75    0.00    0.00    0.25    0.25    0.00    0.00   92.71
17:32:52     all    5.81    0.00    0.76    0.00    0.00    0.51    0.00    0.00    0.00   92.93
17:32:53     all    6.08    0.00    0.51    0.00    0.00    0.00    0.00    0.00    0.00   93.42
17:32:54     all    6.02    0.00    1.00    0.00    0.00    0.75    0.00    0.00    0.00   92.23
17:32:55     all    6.06    0.00    0.51    0.00    0.00    0.51    0.00    0.00    0.00   92.93
17:32:56     all    5.81    0.00    0.76    0.00    0.00    0.76    0.00    0.00    0.00   92.68
17:32:57     all    6.31    0.00    0.51    0.00    0.00    0.25    0.00    0.00    0.00   92.93
17:32:58     all    6.52    0.00    0.75    0.00    0.00    0.75    0.25    0.00    0.00   91.73
17:32:59     all    4.79    0.00    0.50    0.00    0.00    0.50    0.00    0.00    0.00   94.21
17:33:00     all    4.82    0.00    0.51    0.00    0.00    0.25    0.00    0.00    0.00   94.42
17:33:01     all    6.53    0.00    0.50    0.00    0.00    0.50    0.00    0.00    0.00   92.46
17:33:02     all    6.57    0.00    0.76    0.00    0.00    0.25    0.00    0.00    0.00   92.42
17:33:03     all    6.06    0.00    0.76    0.00    0.00    0.76    0.00    0.00    0.00   92.42
17:33:04     all    5.79    0.00    1.01    0.00    0.00    0.25    0.00    0.00    0.00   92.95
17:33:05     all    6.30    0.00    0.50    0.00    0.00    0.50    0.00    0.00    0.00   92.70
17:33:06     all    6.52    0.00    1.00    0.00    0.00    0.25    0.00    0.00    0.00   92.23
17:33:07     all    5.85    0.00    0.00    0.00    0.00    0.51    0.00    0.00    0.00   93.64
17:33:08     all    6.30    0.00    0.50    0.00    0.00    0.50    0.00    0.00    0.00   92.70
17:33:09     all    5.79    0.00    0.76    0.00    0.00    0.50    0.00    0.00    0.00   92.95
17:33:10     all    6.03    0.00    1.01    0.00    0.00    0.25    0.25    0.00    0.00   92.46
17:33:11     all    6.03    0.00    0.75    0.00    0.00    0.50    0.00    0.00    0.00   92.71
17:33:12     all    6.80    0.00    0.50    0.00    0.00    0.00    0.00    0.00    0.00   92.70
17:33:13     all    6.02    0.00    1.00    0.00    0.00    0.50    0.00    0.00    0.00   92.48
17:33:14     all    5.60    0.00    0.51    0.00    0.00    0.51    0.00    0.00    0.00   93.38
17:33:15     all    5.78    0.00    0.75    0.00    0.00    0.75    0.00    0.00    0.00   92.71
17:33:16     all    6.30    0.00    0.76    0.00    0.00    0.25    0.00    0.00    0.00   92.70
17:33:17     all    5.81    0.00    0.76    0.00    0.00    0.51    0.00    0.00    0.00   92.93
17:33:18     all    5.78    0.00    1.01    0.00    0.00    0.50    0.00    0.00    0.00   92.71
17:33:19     all    5.57    0.00    0.25    0.25    0.00    0.25    0.00    0.00    0.00   93.67
17:33:20     all    5.79    0.00    1.01    0.00    0.00    0.50    0.00    0.00    0.00   92.70
17:33:21     all    6.27    0.00    1.00    0.00    0.00    0.50    0.00    0.00    0.00   92.23
17:33:22     all    6.06    0.00    0.25    0.00    0.00    0.51    0.00    0.00    0.00   93.18
17:33:23     all    6.02    0.00    1.00    0.00    0.00    0.25    0.00    0.00    0.00   92.73
17:33:24     all    6.11    0.00    0.25    0.00    0.00    0.25    0.00    0.00    0.00   93.38
17:33:25     all    6.23    0.00    1.00    0.00    0.00    0.50    0.00    0.00    0.00   92.27
17:33:26     all    5.82    0.00    0.51    0.00    0.00    0.51    0.00    0.00    0.00   93.16
17:33:27     all    6.27    0.00    1.00    0.00    0.00    0.25    0.00    0.00    0.00   92.48
17:33:28     all    6.08    0.00    0.51    0.00    0.00    0.25    0.00    0.00    0.00   93.16
17:33:29     all    6.03    0.00    0.75    0.25    0.00    0.25    0.00    0.00    0.00   92.71
17:33:30     all    5.97    0.00    1.00    0.00    0.00    0.75    0.00    0.00    0.00   92.29
17:33:31     all    6.08    0.00    0.51    0.00    0.00    0.00    0.00    0.00    0.00   93.42
17:33:32     all    5.54    0.00    0.76    0.00    0.00    0.50    0.00    0.00    0.00   93.20
17:33:33     all    6.31    0.00    0.51    0.00    0.00    0.25    0.00    0.00    0.00   92.93
17:33:34     all    5.79    0.00    0.76    0.00    0.00    0.50    0.00    0.00    0.00   92.95
17:33:35     all    6.55    0.00    0.50    0.25    0.00    0.25    0.00    0.00    0.00   92.44
17:33:36     all    5.56    0.00    0.76    0.00    0.00    0.25    0.00    0.00    0.00   93.43
17:33:37     all    6.06    0.00    0.51    0.00    0.00    0.76    0.00    0.00    0.00   92.68
17:33:38     all    5.58    0.00    0.51    0.00    0.00    0.25    0.00    0.00    0.00   93.65
17:33:39     all    6.23    0.00    1.00    0.00    0.00    0.75    0.00    0.00    0.00   92.02
17:33:40     all    5.56    0.00    1.01    0.00    0.00    0.51    0.00    0.00    0.00   92.93
17:33:41     all    5.84    0.00    0.25    0.00    0.00    0.51    0.00    0.00    0.00   93.40
17:33:42     all    6.05    0.00    0.76    0.00    0.00    0.00    0.00    0.00    0.00   93.20
17:33:43     all    6.00    0.00    0.75    0.00    0.00    0.50    0.00    0.00    0.00   92.75
17:33:44     all    6.05    0.00    0.76    0.00    0.00    0.50    0.00    0.00    0.00   92.70
17:33:45     all    4.28    0.00    0.00    0.00    0.00    0.50    0.00    0.00    0.00   95.21
17:33:46     all    3.27    0.00    0.50    0.00    0.00    0.25    0.00    0.00    0.00   95.98
17:33:47     all    4.52    0.00    0.50    0.00    0.00    0.25    0.00    0.00    0.00   94.72
17:33:48     all    5.05    0.00    0.51    0.00    0.00    0.25    0.00    0.00    0.00   94.19
17:33:49     all    5.05    0.00    1.01    0.00    0.00    0.25    0.25    0.00    0.00   93.43
17:33:50     all    6.28    0.00    0.25    0.00    0.00    0.50    0.00    0.00    0.00   92.96
17:33:51     all    6.05    0.00    0.76    0.00    0.00    0.50    0.00    0.00    0.00   92.70
17:33:52     all    5.84    0.00    0.25    0.00    0.00    0.51    0.00    0.00    0.00   93.40
17:33:53     all    6.00    0.00    1.00    0.00    0.00    0.50    0.00    0.00    0.00   92.50
17:33:54     all    5.56    0.00    0.76    0.00    0.00    0.51    0.00    0.00    0.00   93.18
17:33:55     all    6.27    0.00    1.00    0.00    0.00    0.50    0.00    0.00    0.00   92.23
17:33:56     all    5.82    0.00    0.76    0.00    0.00    0.25    0.00    0.00    0.00   93.16
17:33:57     all    6.52    0.00    0.25    0.00    0.00    0.75    0.00    0.00    0.00   92.48
17:33:58     all    6.06    0.00    0.76    0.00    0.00    0.51    0.00    0.00    0.00   92.68
17:33:59     all    5.79    0.00    0.76    0.00    0.00    0.25    0.00    0.00    0.00   93.20
17:34:00     all    5.58    0.00    0.51    0.00    0.00    0.51    0.00    0.00    0.00   93.40
17:34:01     all    5.81    0.00    0.51    0.00    0.00    0.51    0.00    0.00    0.00   93.18
17:34:02     all    6.30    0.00    0.76    0.00    0.00    0.00    0.00    0.00    0.00   92.95
17:34:03     all    6.53    0.00    0.75    0.00    0.00    0.50    0.00    0.00    0.00   92.21
17:34:04     all    5.79    0.00    1.01    0.00    0.00    0.50    0.00    0.00    0.00   92.70
17:34:05     all    6.28    0.00    0.25    0.00    0.00    0.75    0.00    0.00    0.00   92.71
17:34:06     all    6.06    0.00    0.76    0.00    0.00    0.00    0.00    0.00    0.00   93.18
17:34:07     all    6.31    0.00    0.25    0.00    0.00    0.76    0.00    0.00    0.00   92.68
17:34:08     all    6.48    0.00    1.00    0.00    0.00    0.25    0.25    0.00    0.00   92.02
17:34:09     all    5.82    0.00    0.76    0.00    0.00    0.25    0.00    0.00    0.00   93.16
17:34:10     all    6.28    0.00    0.25    0.00    0.00    0.50    0.25    0.00    0.00   92.71
17:34:11     all    6.05    0.00    1.01    0.00    0.00    0.50    0.00    0.00    0.00   92.44
17:34:12     all    6.52    0.00    0.25    0.00    0.00    0.50    0.00    0.00    0.00   92.73
17:34:13     all    5.84    0.00    0.25    0.00    0.00    0.25    0.00    0.00    0.00   93.65
17:34:14     all    6.31    0.00    0.51    0.00    0.00    0.51    0.00    0.00    0.00   92.68
17:34:15     all    5.78    0.00    1.01    0.00    0.00    0.50    0.00    0.00    0.00   92.71
17:34:16     all    5.56    0.00    0.51    0.00    0.00    0.76    0.00    0.00    0.00   93.18
17:34:17     all    5.82    0.00    0.76    0.00    0.00    0.25    0.00    0.00    0.00   93.16
17:34:18     all    5.32    0.00    0.76    0.00    0.00    0.25    0.00    0.00    0.00   93.67
17:34:19     all    6.02    0.00    0.75    0.00    0.00    0.50    0.00    0.00    0.00   92.73
17:34:20     all    5.30    0.00    0.51    0.00    0.00    0.51    0.00    0.00    0.00   93.69
17:34:21     all    6.05    0.00    0.50    0.00    0.00    0.25    0.00    0.00    0.00   93.20
17:34:22     all    6.05    0.00    0.76    0.00    0.00    0.25    0.00    0.00    0.00   92.95
17:34:23     all    5.76    0.00    1.00    0.00    0.00    0.50    0.00    0.00    0.00   92.73
17:34:24     all    6.11    0.00    0.00    0.00    0.00    0.25    0.00    0.00    0.00   93.64
17:34:25     all    5.76    0.00    0.75    0.00    0.00    0.75    0.00    0.00    0.00   92.73
17:34:26     all    6.27    0.00    0.75    0.00    0.00    0.50    0.00    0.00    0.00   92.48
17:34:27     all    6.30    0.00    0.76    0.00    0.00    0.25    0.00    0.00    0.00   92.70
17:34:28     all    4.81    0.00    0.76    0.00    0.00    0.25    0.00    0.00    0.00   94.18
17:34:29     all    6.03    0.00    0.50    0.00    0.00    0.50    0.00    0.00    0.00   92.96
17:34:30     all    5.79    0.00    1.01    0.00    0.00    0.25    0.00    0.00    0.00   92.95
17:34:31     all    5.81    0.00    0.51    0.00    0.00    0.51    0.00    0.00    0.00   93.18
17:34:32     all    5.30    0.00    0.76    0.00    0.00    0.25    0.00    0.00    0.00   93.69
17:34:33     all    5.29    0.00    0.76    0.00    0.00    0.76    0.00    0.00    0.00   93.20
17:34:34     all    5.81    0.00    0.76    0.25    0.00    0.25    0.00    0.00    0.00   92.93
17:34:35     all    6.02    0.00    0.50    0.00    0.00    0.75    0.00    0.00    0.00   92.73
17:34:36     all    5.58    0.00    0.51    0.00    0.00    0.25    0.00    0.00    0.00   93.65
17:34:37     all    6.00    0.00    1.00    0.00    0.00    0.50    0.00    0.00    0.00   92.50
17:34:38     all    6.05    0.00    0.76    0.00    0.00    0.25    0.00    0.00    0.00   92.95
17:34:39     all    5.56    0.00    0.51    0.00    0.00    0.25    0.00    0.00    0.00   93.69
17:34:40     all    5.30    0.00    0.76    0.00    0.00    0.76    0.00    0.00    0.00   93.18
17:34:41     all    5.56    0.00    0.25    0.00    0.00    0.25    0.25    0.00    0.00   93.69
17:34:42     all    6.22    0.00    1.00    0.00    0.00    0.75    0.00    0.00    0.00   92.04
17:34:43     all    5.60    0.00    0.51    0.00    0.00    0.00    0.00    0.00    0.00   93.89
17:34:44     all    5.76    0.00    0.75    0.00    0.00    0.50    0.00    0.00    0.00   92.98
17:34:45     all    5.05    0.00    1.01    0.00    0.00    0.76    0.00    0.00    0.00   93.18
17:34:46     all    5.29    0.00    0.76    0.00    0.00    0.00    0.00    0.00    0.00   93.95
17:34:47     all    3.05    0.00    0.25    0.00    0.00    0.00    0.00    0.00    0.00   96.70
17:34:48     all    5.79    0.00    0.50    0.00    0.00    0.50    0.00    0.00    0.00   93.20
17:34:49     all    6.25    0.00    0.75    0.00    0.00    0.50    0.00    0.00    0.00   92.50
17:34:50     all    5.32    0.00    0.76    0.00    0.00    0.51    0.00    0.00    0.00   93.42
17:34:51     all    5.79    0.00    0.25    0.00    0.00    0.25    0.25    0.00    0.00   93.45
17:34:52     all    5.32    0.00    0.25    0.00    0.00    0.76    0.00    0.00    0.00   93.67
17:34:53     all    5.78    0.00    1.01    0.25    0.00    0.25    0.00    0.00    0.00   92.71
17:34:54     all    5.29    0.00    1.01    0.00    0.00    0.76    0.00    0.00    0.00   92.95
17:34:55     all    6.28    0.00    0.75    0.00    0.00    0.25    0.00    0.00    0.00   92.71
17:34:56     all    5.79    0.00    0.76    0.00    0.00    0.25    0.00    0.00    0.00   93.20
17:34:57     all    5.34    0.00    0.25    0.00    0.00    0.51    0.00    0.00    0.00   93.89
17:34:58     all    6.03    0.00    0.50    0.00    0.00    0.25    0.00    0.00    0.00   93.22
17:34:59     all    6.05    0.00    1.01    0.00    0.00    0.50    0.00    0.00    0.00   92.44
17:35:00     all    5.79    0.00    0.76    0.00    0.00    0.50    0.00    0.00    0.00   92.95
17:35:01     all    6.28    0.00    0.50    0.00    0.00    0.25    0.00    0.00    0.00   92.96
17:35:02     all    5.78    0.00    1.01    0.00    0.00    0.75    0.00    0.00    0.00   92.46
17:35:03     all    5.32    0.00    0.51    0.00    0.00    0.00    0.00    0.00    0.00   94.18
17:35:04     all    6.27    0.00    0.75    0.00    0.00    0.50    0.00    0.00    0.00   92.48
17:35:05     all    5.05    0.00    0.51    0.00    0.00    1.01    0.00    0.00    0.00   93.43
17:35:06     all    5.57    0.00    1.01    0.00    0.00    0.00    0.00    0.00    0.00   93.42
17:35:07     all    5.56    0.00    0.51    0.00    0.00    0.25    0.00    0.00    0.00   93.69
17:35:08     all    6.02    0.00    0.75    0.00    0.00    0.50    0.00    0.00    0.00   92.73
17:35:09     all    6.30    0.00    0.25    0.00    0.00    0.50    0.00    0.00    0.00   92.95
17:35:10     all    5.56    0.00    0.76    0.00    0.00    0.25    0.00    0.00    0.00   93.43
17:35:11     all    6.25    0.00    0.75    0.00    0.00    0.00    0.25    0.00    0.00   92.75
17:35:12     all    5.53    0.00    0.50    0.00    0.00    0.75    0.00    0.00    0.00   93.22
17:35:13     all    5.60    0.00    0.51    0.00    0.00    0.25    0.00    0.00    0.00   93.64
17:35:14     all    5.53    0.00    0.75    0.00    0.00    0.50    0.00    0.00    0.00   93.22
17:35:15     all    6.02    0.00    1.00    0.00    0.00    0.25    0.00    0.00    0.00   92.73
17:35:16     all    6.02    0.00    0.50    0.00    0.00    1.00    0.00    0.00    0.00   92.48
17:35:17     all    5.79    0.00    0.76    0.00    0.00    0.25    0.00    0.00    0.00   93.20
17:35:18     all    5.84    0.00    0.25    0.25    0.00    0.00    0.00    0.00    0.00   93.65
17:35:19     all    5.57    0.00    0.76    0.00    0.00    0.51    0.00    0.00    0.00   93.16
17:35:20     all    6.03    0.00    0.50    0.00    0.00    0.00    0.00    0.00    0.00   93.47
17:35:21     all    5.51    0.00    0.75    0.00    0.00    1.00    0.00    0.00    0.00   92.73
17:35:22     all    5.33    0.00    0.76    0.00    0.00    0.00    0.00    0.00    0.00   93.91
17:35:23     all    5.76    0.00    1.00    0.00    0.00    0.25    0.00    0.00    0.00   92.98
17:35:24     all    5.58    0.00    0.25    0.00    0.00    0.25    0.00    0.00    0.00   93.91
17:35:25     all    5.54    0.00    1.01    0.00    0.00    0.25    0.00    0.00    0.00   93.20
17:35:26     all    5.78    0.00    0.75    0.00    0.00    0.75    0.00    0.00    0.00   92.71
17:35:27     all    5.81    0.00    0.76    0.00    0.00    0.00    0.00    0.00    0.00   93.43
17:35:28     all    5.54    0.00    0.76    0.00    0.00    0.50    0.00    0.00    0.00   93.20
17:35:29     all    6.48    0.00    0.50    0.00    0.00    0.75    0.00    0.00    0.00   92.27
17:35:30     all    6.08    0.00    0.51    0.00    0.00    0.25    0.00    0.00    0.00   93.16
17:35:31     all    6.72    0.00    1.00    0.00    0.00    0.50    0.00    0.00    0.00   91.79
17:35:32     all    6.06    0.00    0.51    0.00    0.00    0.00    0.00    0.00    0.00   93.43
17:35:33     all    5.57    0.00    0.51    0.00    0.00    0.51    0.00    0.00    0.00   93.42
17:35:34     all    6.06    0.00    0.51    0.00    0.00    0.25    0.00    0.00    0.00   93.18
17:35:35     all    5.79    0.00    0.50    0.00    0.00    0.50    0.00    0.00    0.00   93.20
17:35:36     all    5.79    0.00    0.76    0.00    0.00    0.25    0.00    0.00    0.00   93.20
17:35:37     all    5.33    0.00    0.25    0.00    0.00    0.51    0.00    0.00    0.00   93.91
17:35:38     all    5.54    0.00    1.01    0.00    0.00    0.25    0.00    0.00    0.00   93.20
17:35:39     all    6.06    0.00    0.51    0.00    0.00    0.25    0.00    0.00    0.00   93.18
17:35:40     all    6.06    0.00    0.51    0.00    0.00    0.25    0.00    0.00    0.00   93.18
17:35:41     all    5.78    0.00    0.75    0.00    0.00    0.50    0.00    0.00    0.00   92.96
17:35:42     all    6.02    0.00    0.75    0.00    0.00    0.50    0.00    0.00    0.00   92.73
17:35:43     all    5.58    0.00    0.25    0.00    0.00    0.25    0.00    0.00    0.00   93.91
17:35:44     all    5.32    0.00    0.76    0.00    0.00    0.25    0.00    0.00    0.00   93.67
17:35:45     all    6.02    0.00    0.75    0.00    0.00    0.50    0.00    0.00    0.00   92.73
17:35:46     all    6.08    0.00    0.51    0.00    0.00    0.25    0.00    0.00    0.00   93.16
17:35:47     all    6.00    0.00    1.00    0.00    0.00    0.75    0.00    0.00    0.00   92.25
17:35:48     all    5.32    0.00    0.51    0.00    0.00    0.25    0.00    0.00    0.00   93.92
17:35:49     all    6.11    0.00    0.25    0.00    0.00    0.00    0.00    0.00    0.00   93.64
17:35:50     all    6.23    0.00    0.75    0.00    0.00    0.75    0.00    0.00    0.00   92.27
17:35:51     all    5.56    0.00    0.51    0.00    0.00    0.25    0.00    0.00    0.00   93.69
17:35:52     all    5.79    0.00    0.50    0.00    0.00    0.25    0.25    0.00    0.00   93.20
17:35:53     all    5.56    0.00    0.76    0.00    0.00    0.51    0.00    0.00    0.00   93.18
17:35:54     all    6.25    0.00    0.75    0.00    0.00    0.50    0.00    0.00    0.00   92.50
17:35:55     all    5.79    0.00    1.01    0.00    0.00    0.50    0.00    0.00    0.00   92.70
17:35:56     all    6.06    0.00    0.51    0.00    0.00    0.25    0.00    0.00    0.00   93.18
17:35:57     all    5.79    0.00    0.50    0.00    0.00    0.50    0.00    0.00    0.00   93.20
17:35:58     all    5.05    0.00    0.76    0.00    0.00    0.25    0.00    0.00    0.00   93.94
17:35:59     all    5.58    0.00    0.51    0.00    0.00    0.25    0.00    0.00    0.00   93.65
17:36:00     all    4.76    0.00    0.75    0.25    0.00    0.25    0.00    0.00    0.00   93.98
17:36:01     all    5.06    0.00    0.51    0.00    0.00    0.51    0.00    0.00    0.00   93.92
17:36:02     all    6.33    0.00    0.51    0.00    0.00    0.00    0.00    0.00    0.00   93.16
17:36:03     all    5.96    0.00    0.99    0.00    0.00    0.50    0.00    0.00    0.00   92.56
17:36:04     all    5.36    0.00    0.26    0.00    0.00    0.77    0.00    0.00    0.00   93.62
17:36:05     all    5.57    0.00    1.01    0.00    0.00    0.25    0.00    0.00    0.00   93.16
17:36:06     all    5.76    0.00    0.75    0.00    0.00    0.25    0.00    0.00    0.00   93.23
17:36:07     all    6.02    0.00    0.75    0.00    0.00    0.50    0.00    0.00    0.00   92.73
17:36:08     all    5.56    0.00    0.51    0.00    0.00    0.51    0.00    0.00    0.00   93.43
17:36:09     all    6.06    0.00    0.76    0.00    0.00    0.25    0.00    0.00    0.00   92.93
17:36:10     all    5.51    0.00    0.75    0.00    0.00    0.75    0.00    0.00    0.00   92.98
17:36:11     all    5.57    0.00    0.51    0.00    0.00    0.00    0.00    0.00    0.00   93.92
17:36:12     all    5.54    0.00    0.76    0.00    0.00    0.50    0.00    0.00    0.00   93.20
17:36:13     all    5.79    0.00    0.25    0.00    0.00    0.76    0.00    0.00    0.00   93.20
17:36:14     all    6.06    0.00    0.25    0.00    0.00    0.51    0.00    0.00    0.00   93.18
17:36:15     all    5.29    0.00    1.26    0.00    0.00    0.25    0.25    0.00    0.00   92.95
17:36:16     all    6.00    0.00    1.00    0.00    0.00    0.75    0.00    0.00    0.00   92.25
17:36:17     all    6.53    0.00    0.75    0.00    0.00    0.25    0.00    0.00    0.00   92.46
17:36:18     all    5.82    0.00    0.51    0.00    0.00    0.25    0.00    0.00    0.00   93.42
17:36:19     all    5.78    0.00    0.75    0.00    0.00    0.75    0.00    0.00    0.00   92.71
17:36:20     all    6.48    0.00    1.00    0.00    0.00    0.50    0.00    0.00    0.00   92.02
17:36:21     all    5.61    0.00    0.51    0.00    0.00    0.00    0.00    0.00    0.00   93.88
17:36:22     all    5.29    0.00    1.01    0.00    0.00    0.76    0.00    0.00    0.00   92.95
17:36:23     all    5.30    0.00    0.51    0.00    0.00    0.51    0.25    0.00    0.00   93.43
17:36:24     all    6.08    0.00    0.51    0.00    0.00    0.25    0.00    0.00    0.00   93.16
17:36:25     all    5.78    0.00    0.75    0.00    0.00    0.75    0.00    0.00    0.00   92.71
17:36:26     all    5.81    0.00    0.51    0.00    0.00    0.25    0.00    0.00    0.00   93.43
17:36:27     all    6.75    0.00    0.50    0.00    0.00    0.50    0.00    0.00    0.00   92.25
17:36:28     all    6.30    0.00    1.26    0.00    0.00    0.50    0.00    0.00    0.00   91.94
17:36:29     all    6.31    0.00    0.25    0.00    0.00    0.25    0.00    0.00    0.00   93.18
17:36:30     all    6.28    0.00    0.75    0.00    0.00    0.50    0.00    0.00    0.00   92.46
17:36:31     all    5.56    0.00    0.76    0.00    0.00    0.51    0.00    0.00    0.00   93.18
17:36:32     all    5.79    0.00    0.76    0.00    0.00    0.50    0.00    0.00    0.00   92.95
17:36:33     all    6.30    0.00    0.50    0.25    0.00    0.00    0.00    0.00    0.00   92.95
17:36:34     all    6.05    0.00    0.76    0.00    0.00    0.50    0.00    0.00    0.00   92.70
17:36:35     all    5.57    0.00    0.76    0.00    0.00    0.25    0.00    0.00    0.00   93.42
17:36:36     all    5.76    0.00    0.50    0.00    0.00    0.75    0.00    0.00    0.00   92.98
17:36:37     all    5.29    0.00    1.01    0.00    0.00    0.50    0.00    0.00    0.00   93.20
17:36:38     all    6.08    0.00    0.25    0.00    0.00    0.25    0.00    0.00    0.00   93.42
17:36:39     all    5.29    0.00    1.01    0.00    0.00    0.25    0.00    0.00    0.00   93.45
17:36:40     all    6.30    0.00    0.50    0.00    0.00    0.50    0.00    0.00    0.00   92.70
17:36:41     all    5.54    0.00    0.50    0.00    0.00    0.76    0.00    0.00    0.00   93.20
17:36:42     all    5.53    0.00    1.01    0.00    0.00    0.75    0.00    0.00    0.00   92.71
17:36:43     all    5.54    0.00    0.76    0.00    0.00    0.00    0.00    0.00    0.00   93.70
17:36:44     all    6.05    0.00    0.76    0.00    0.00    0.50    0.00    0.00    0.00   92.70
17:36:45     all    5.51    0.00    0.75    0.00    0.00    0.50    0.00    0.00    0.00   93.23
17:36:46     all    2.02    0.00    0.51    0.00    0.00    0.00    0.00    0.00    0.00   97.47
17:36:47     all    4.25    0.00    0.50    0.00    0.00    0.75    0.00    0.00    0.00   94.50
17:36:48     all    5.33    0.00    0.51    0.00    0.00    0.00    0.00    0.00    0.00   94.16
17:36:49     all    5.54    0.00    0.50    0.00    0.00    0.50    0.00    0.00    0.00   93.45
17:36:50     all    5.25    0.00    1.00    0.50    0.00    0.50    0.00    0.00    0.00   92.75
17:36:51     all    5.75    0.00    0.75    0.00    0.00    0.50    0.00    0.00    0.00   93.00
17:36:52     all    5.57    0.00    0.51    0.00    0.00    0.25    0.00    0.00    0.00   93.67
17:36:53     all    4.79    0.00    0.76    0.00    0.00    0.76    0.00    0.00    0.00   93.70
17:36:54     all    6.00    0.00    0.75    0.00    0.00    0.25    0.50    0.00    0.00   92.50
17:36:55     all    5.32    0.00    0.76    0.00    0.00    0.51    0.00    0.00    0.00   93.42
17:36:56     all    6.31    0.00    0.25    0.00    0.00    0.25    0.00    0.00    0.00   93.18
17:36:57     all    5.60    0.00    0.25    0.00    0.00    0.25    0.00    0.00    0.00   93.89
17:36:58     all    5.79    0.00    0.76    0.00    0.00    0.50    0.00    0.00    0.00   92.95
17:36:59     all    5.97    0.00    1.00    0.00    0.00    0.50    0.00    0.00    0.00   92.54
17:37:00     all    6.06    0.00    0.51    0.00    0.00    0.25    0.00    0.00    0.00   93.18
17:37:01     all    5.76    0.00    0.75    0.00    0.00    0.75    0.00    0.00    0.00   92.73
17:37:02     all    6.06    0.00    0.51    0.00    0.00    0.51    0.00    0.00    0.00   92.93
17:37:03     all    5.76    0.00    0.75    0.00    0.00    0.50    0.00    0.00    0.00   92.98
17:37:04     all    6.02    0.00    1.00    0.00    0.00    0.25    0.00    0.00    0.00   92.73
17:37:05     all    5.82    0.00    0.25    0.00    0.00    0.25    0.00    0.00    0.00   93.67
17:37:06     all    6.06    0.00    0.76    0.00    0.00    0.25    0.00    0.00    0.00   92.93
17:37:07     all    5.08    0.00    0.25    0.00    0.00    0.51    0.00    0.00    0.00   94.16
17:37:08     all    6.02    0.00    0.75    0.00    0.00    0.25    0.00    0.00    0.00   92.98
17:37:09     all    5.84    0.00    0.25    0.00    0.00    0.25    0.00    0.00    0.00   93.65
17:37:10     all    5.50    0.00    1.25    0.00    0.00    0.75    0.00    0.00    0.00   92.50
17:37:11     all    6.06    0.00    0.51    0.00    0.00    0.51    0.00    0.00    0.00   92.93
17:37:12     all    5.30    0.00    0.76    0.00    0.00    0.25    0.00    0.00    0.00   93.69
17:37:13     all    5.81    0.00    0.51    0.00    0.00    0.25    0.00    0.00    0.00   93.43
17:37:14     all    5.54    0.00    0.50    0.00    0.00    0.76    0.00    0.00    0.00   93.20
17:37:15     all    6.06    0.00    0.76    0.00    0.00    0.25    0.00    0.00    0.00   92.93
17:37:16     all    6.03    0.00    1.01    0.00    0.00    0.50    0.00    0.00    0.00   92.46
17:37:17     all    5.79    0.00    0.76    0.00    0.00    0.50    0.00    0.00    0.00   92.95
17:37:18     all    5.79    0.00    0.50    0.00    0.00    0.25    0.00    0.00    0.00   93.45
17:37:19     all    6.02    0.00    1.00    0.00    0.00    0.75    0.00    0.00    0.00   92.23
17:37:20     all    5.81    0.00    0.76    0.00    0.00    0.00    0.00    0.00    0.00   93.43
17:37:21     all    5.06    0.00    0.25    0.00    0.00    0.51    0.25    0.00    0.00   93.92
17:37:22     all    5.53    0.00    0.75    0.00    0.00    0.50    0.00    0.00    0.00   93.22
17:37:23     all    6.50    0.00    0.75    0.00    0.00    0.50    0.00    0.00    0.00   92.25
17:37:24     all    5.36    0.00    0.26    0.00    0.00    0.26    0.00    0.00    0.00   94.13
17:37:25     all    6.02    0.00    1.00    0.00    0.00    0.50    0.00    0.00    0.00   92.48
17:37:26     all    5.58    0.00    0.25    0.00    0.00    0.00    0.00    0.00    0.00   94.16
17:37:27     all    6.03    0.00    0.50    0.00    0.00    0.75    0.00    0.00    0.00   92.71
17:37:28     all    5.53    0.00    0.50    0.00    0.00    0.75    0.00    0.00    0.00   93.22
17:37:29     all    5.32    0.00    1.01    0.00    0.00    0.25    0.00    0.00    0.00   93.42
17:37:30     all    6.25    0.00    0.75    0.00    0.00    0.50    0.00    0.00    0.00   92.50
17:37:31     all    5.84    0.00    0.51    0.00    0.00    0.25    0.00    0.00    0.00   93.40
17:37:32     all    5.81    0.00    0.51    0.00    0.00    0.25    0.00    0.00    0.00   93.43
17:37:33     all    5.03    0.00    0.50    0.25    0.00    0.75    0.00    0.00    0.00   93.47
17:37:34     all    5.30    0.00    0.51    0.00    0.00    0.25    0.00    0.00    0.00   93.94
17:37:35     all    6.25    0.00    1.00    0.00    0.00    0.25    0.00    0.00    0.00   92.50
17:37:36     all    6.05    0.00    0.25    0.00    0.00    0.50    0.00    0.00    0.00   93.20
17:37:37     all    5.30    0.00    0.76    0.00    0.00    0.51    0.00    0.00    0.00   93.43
17:37:38     all    5.79    0.00    0.50    0.00    0.00    0.25    0.00    0.00    0.00   93.45
17:37:39     all    5.51    0.00    0.75    0.00    0.00    0.50    0.00    0.00    0.00   93.23
17:37:40     all    5.82    0.00    1.01    0.00    0.00    0.00    0.00    0.00    0.00   93.16
17:37:41     all    5.30    0.00    1.01    0.00    0.00    0.51    0.00    0.00    0.00   93.18
17:37:42     all    6.27    0.00    0.25    0.00    0.00    0.75    0.00    0.00    0.00   92.73
17:37:43     all    5.53    0.00    1.01    0.00    0.00    0.25    0.00    0.00    0.00   93.22
17:37:44     all    5.82    0.00    0.76    0.00    0.00    0.25    0.00    0.00    0.00   93.16
17:37:45     all    6.02    0.00    0.75    0.00    0.00    0.25    0.00    0.00    0.00   92.98
17:37:46     all    6.02    0.00    0.75    0.00    0.00    0.50    0.00    0.00    0.00   92.73
17:37:47     all    5.05    0.00    0.51    0.00    0.00    0.25    0.00    0.00    0.00   94.19
17:37:48     all    6.03    0.00    0.75    0.00    0.00    0.50    0.00    0.00    0.00   92.71
17:37:49     all    5.81    0.00    0.76    0.00    0.00    0.25    0.00    0.00    0.00   93.18
17:37:50     all    6.06    0.00    0.76    0.00    0.00    0.25    0.00    0.00    0.00   92.93
17:37:51     all    6.25    0.00    0.50    0.00    0.00    0.75    0.00    0.00    0.00   92.50
17:37:52     all    6.30    0.00    0.76    0.00    0.00    0.00    0.00    0.00    0.00   92.95
17:37:53     all    6.28    0.00    0.25    0.00    0.00    0.75    0.00    0.00    0.00   92.71
17:37:54     all    6.03    0.00    1.01    0.00    0.00    0.25    0.00    0.00    0.00   92.71
17:37:55     all    5.37    0.00    0.26    0.00    0.00    0.00    0.00    0.00    0.00   94.37
17:37:56     all    6.28    0.00    0.75    0.00    0.00    0.50    0.00    0.00    0.00   92.46
17:37:57     all    5.76    0.00    1.00    0.00    0.00    0.25    0.00    0.00    0.00   92.98
17:37:58     all    6.09    0.00    0.25    0.00    0.00    0.25    0.00    0.00    0.00   93.40
17:37:59     all    5.78    0.00    0.50    0.00    0.00    0.75    0.25    0.00    0.00   92.71
17:38:00     all    5.32    0.00    1.01    0.00    0.00    0.25    0.00    0.00    0.00   93.42
17:38:01     all    5.76    0.00    0.75    0.00    0.00    0.50    0.00    0.00    0.00   92.98
17:38:02     all    6.28    0.00    0.75    0.00    0.00    0.50    0.00    0.00    0.00   92.46
17:38:03     all    6.33    0.00    0.51    0.00    0.00    0.25    0.00    0.00    0.00   92.91
17:38:04     all    6.05    0.00    0.50    0.00    0.00    0.50    0.00    0.00    0.00   92.95
17:38:05     all    5.53    0.00    0.75    0.00    0.00    0.50    0.00    0.00    0.00   93.22
17:38:06     all    5.82    0.00    0.76    0.00    0.00    0.00    0.00    0.00    0.00   93.42
17:38:07     all    5.30    0.00    0.51    0.00    0.00    0.76    0.00    0.00    0.00   93.43
17:38:08     all    5.54    0.00    0.76    0.00    0.00    0.50    0.00    0.00    0.00   93.20
17:38:09     all    6.33    0.00    0.25    0.00    0.00    0.51    0.00    0.00    0.00   92.91
17:38:10     all    5.56    0.00    0.25    0.00    0.00    0.51    0.00    0.00    0.00   93.69
17:38:11     all    6.25    0.00    0.75    0.00    0.00    0.50    0.00    0.00    0.00   92.50
17:38:12     all    5.79    0.00    0.76    0.00    0.00    0.25    0.00    0.00    0.00   93.20
17:38:13     all    5.81    0.00    0.76    0.00    0.00    0.25    0.00    0.00    0.00   93.18
17:38:14     all    5.53    0.00    1.01    0.25    0.00    0.50    0.00    0.00    0.00   92.71
17:38:15     all    6.27    0.00    0.50    0.00    0.00    0.50    0.00    0.00    0.00   92.73
17:38:16     all    5.78    0.00    1.01    0.00    0.00    0.50    0.00    0.00    0.00   92.71
17:38:17     all    5.84    0.00    0.51    0.00    0.00    0.25    0.00    0.00    0.00   93.40
17:38:18     all    6.00    0.00    1.00    0.00    0.00    0.75    0.00    0.00    0.00   92.25
17:38:19     all    5.84    0.00    0.25    0.00    0.00    0.25    0.00    0.00    0.00   93.65
17:38:20     all    6.05    0.00    0.76    0.00    0.00    0.25    0.00    0.00    0.00   92.95
17:38:21     all    6.02    0.00    1.00    0.00    0.00    0.50    0.00    0.00    0.00   92.48
17:38:22     all    5.82    0.00    0.00    0.00    0.00    0.51    0.00    0.00    0.00   93.67
17:38:23     all    6.27    0.00    1.00    0.00    0.00    0.25    0.00    0.00    0.00   92.48
17:38:24     all    5.30    0.00    0.51    0.00    0.00    0.51    0.00    0.00    0.00   93.69
17:38:25     all    5.56    0.00    0.76    0.00    0.00    0.25    0.25    0.00    0.00   93.18
17:38:26     all    6.05    0.00    0.76    0.00    0.00    0.50    0.00    0.00    0.00   92.70
17:38:27     all    5.81    0.00    0.00    0.00    0.00    0.51    0.00    0.00    0.00   93.69
17:38:28     all    5.79    0.00    1.01    0.00    0.00    0.25    0.00    0.00    0.00   92.95
17:38:29     all    5.78    0.00    0.50    0.00    0.00    0.75    0.00    0.00    0.00   92.96
17:38:30     all    6.02    0.00    1.00    0.00    0.00    0.25    0.00    0.00    0.00   92.73
17:38:31     all    5.33    0.00    0.25    0.00    0.00    0.25    0.00    0.00    0.00   94.16
17:38:32     all    5.79    0.00    1.01    0.00    0.00    0.25    0.00    0.00    0.00   92.95
17:38:33     all    5.58    0.00    0.51    0.00    0.00    0.51    0.00    0.00    0.00   93.40
17:38:34     all    5.53    0.00    0.75    0.00    0.00    0.50    0.00    0.00    0.00   93.22
17:38:35     all    5.81    0.00    0.76    0.00    0.00    0.25    0.00    0.00    0.00   93.18
17:38:36     all    5.79    0.00    0.76    0.00    0.00    0.25    0.00    0.00    0.00   93.20
17:38:37     all    5.57    0.00    0.51    0.00    0.00    0.51    0.00    0.00    0.00   93.42
17:38:38     all    5.34    0.00    0.51    0.00    0.00    0.25    0.00    0.00    0.00   93.89
17:38:39     all    6.03    0.00    0.75    0.00    0.00    0.50    0.00    0.00    0.00   92.71
17:38:40     all    5.56    0.00    0.76    0.00    0.00    0.00    0.00    0.00    0.00   93.69
17:38:41     all    5.32    0.00    0.76    0.00    0.00    0.51    0.00    0.00    0.00   93.42
17:38:42     all    6.05    0.00    0.76    0.00    0.00    0.25    0.00    0.00    0.00   92.95
17:38:43     all    5.33    0.00    0.00    0.00    0.00    0.51    0.00    0.00    0.00   94.16
17:38:44     all    6.03    0.00    1.01    0.00    0.00    0.25    0.00    0.00    0.00   92.71
17:38:45     all    5.57    0.00    0.00    0.25    0.00    0.25    0.25    0.00    0.00   93.67
17:38:46     all    5.29    0.00    1.01    0.00    0.00    0.50    0.00    0.00    0.00   93.20
17:38:47     all    5.30    0.00    0.76    0.00    0.00    0.51    0.00    0.00    0.00   93.43
17:38:48     all    6.05    0.00    0.76    0.00    0.00    0.25    0.00    0.00    0.00   92.95
17:38:49     all    6.30    0.00    0.76    0.00    0.00    0.25    0.00    0.00    0.00   92.70
17:38:50     all    6.05    0.00    0.76    0.00    0.00    0.25    0.00    0.00    0.00   92.95
17:38:51     all    5.54    0.00    0.76    0.00    0.00    0.76    0.00    0.00    0.00   92.95
17:38:52     all    5.81    0.00    0.25    0.00    0.00    0.51    0.00    0.00    0.00   93.43
17:38:53     all    6.05    0.00    0.76    0.00    0.00    0.25    0.00    0.00    0.00   92.95
17:38:54     all    6.06    0.00    0.51    0.00    0.00    0.00    0.00    0.00    0.00   93.43
17:38:55     all    5.34    0.00    0.51    0.00    0.00    0.25    0.00    0.00    0.00   93.89
17:38:56     all    6.27    0.00    0.75    0.00    0.00    0.50    0.00    0.00    0.00   92.48
17:38:57     all    5.82    0.00    1.01    0.00    0.00    0.00    0.00    0.00    0.00   93.16
17:38:58     all    6.05    0.00    0.25    0.00    0.00    0.25    0.00    0.00    0.00   93.45
17:38:59     all    5.75    0.00    0.75    0.00    0.00    1.00    0.00    0.00    0.00   92.50
17:39:00     all    5.05    0.00    0.51    0.00    0.00    0.00    0.00    0.00    0.00   94.44
17:39:01     all    5.57    0.00    0.25    0.00    0.00    0.51    0.00    0.00    0.00   93.67
17:39:02     all    5.53    0.00    1.26    0.00    0.00    0.25    0.00    0.00    0.00   92.96
17:39:03     all    6.03    0.00    0.50    0.00    0.00    0.75    0.25    0.00    0.00   92.46
17:39:04     all    5.32    0.00    0.51    0.00    0.00    0.25    0.00    0.00    0.00   93.92
17:39:05     all    6.03    0.00    1.01    0.00    0.00    0.50    0.00    0.00    0.00   92.46
17:39:06     all    5.75    0.00    0.50    0.00    0.00    0.50    0.25    0.00    0.00   93.00
17:39:07     all    5.54    0.00    1.01    0.00    0.00    0.00    0.00    0.00    0.00   93.45
17:39:08     all    5.81    0.00    0.51    0.00    0.00    0.51    0.00    0.00    0.00   93.18
17:39:09     all    6.25    0.00    0.75    0.00    0.00    0.75    0.00    0.00    0.00   92.25
17:39:10     all    5.53    0.00    0.75    0.00    0.00    0.50    0.00    0.00    0.00   93.22
17:39:11     all    5.54    0.00    0.76    0.00    0.00    0.50    0.00    0.00    0.00   93.20
17:39:12     all    5.58    0.00    0.51    0.00    0.00    0.25    0.00    0.00    0.00   93.65
17:39:13     all    5.54    0.00    0.76    0.00    0.00    0.25    0.00    0.00    0.00   93.45
17:39:14     all    6.05    0.00    0.50    0.00    0.00    0.50    0.00    0.00    0.00   92.95
17:39:15     all    5.78    0.00    1.26    0.00    0.00    0.25    0.00    0.00    0.00   92.71
17:39:16     all    6.05    0.00    0.25    0.00    0.00    0.50    0.00    0.00    0.00   93.20
17:39:17     all    5.81    0.00    0.76    0.00    0.00    0.25    0.00    0.00    0.00   93.18
17:39:18     all    6.02    0.00    1.00    0.00    0.00    0.50    0.00    0.00    0.00   92.48
17:39:19     all    5.78    0.00    0.75    0.00    0.00    0.75    0.00    0.00    0.00   92.71
17:39:20     all    6.57    0.00    0.25    0.00    0.00    0.25    0.00    0.00    0.00   92.93
17:39:21     all    5.54    0.00    1.01    0.00    0.00    0.50    0.00    0.00    0.00   92.95
17:39:22     all    5.81    0.00    0.51    0.00    0.00    0.76    0.00    0.00    0.00   92.93
17:39:23     all    6.06    0.00    0.51    0.00    0.00    0.25    0.00    0.00    0.00   93.18
17:39:24     all    5.81    0.00    1.01    0.00    0.00    0.25    0.00    0.00    0.00   92.93
17:39:25     all    6.53    0.00    0.50    0.00    0.00    0.50    0.00    0.00    0.00   92.46
17:39:26     all    6.05    0.00    0.50    0.00    0.00    0.50    0.25    0.00    0.00   92.70
17:39:27     all    5.76    0.00    1.00    0.00    0.00    0.50    0.00    0.00    0.00   92.73
17:39:28     all    5.81    0.00    0.51    0.00    0.00    0.51    0.00    0.00    0.00   93.18
17:39:29     all    6.53    0.00    0.50    0.00    0.00    0.25    0.00    0.00    0.00   92.71
17:39:30     all    5.78    0.00    0.75    0.00    0.00    0.50    0.00    0.00    0.00   92.96
17:39:31     all    6.30    0.00    0.50    0.00    0.00    0.50    0.00    0.00    0.00   92.70
17:39:32     all    5.28    0.00    1.01    0.00    0.00    0.75    0.00    0.00    0.00   92.96
17:39:33     all    6.73    0.00    0.50    0.50    0.00    0.25    0.00    0.00    0.00   92.02
17:39:34     all    6.03    0.00    0.50    0.00    0.00    1.01    0.00    0.00    0.00   92.46
17:39:35     all    5.79    0.00    0.76    0.00    0.00    0.25    0.00    0.00    0.00   93.20
17:39:36     all    6.30    0.00    0.50    0.00    0.00    0.50    0.00    0.00    0.00   92.70
17:39:37     all    5.56    0.00    0.76    0.00    0.00    0.51    0.00    0.00    0.00   93.18
17:39:38     all    6.02    0.00    0.75    0.00    0.00    0.50    0.00    0.00    0.00   92.73
17:39:39     all    6.05    0.00    0.76    0.00    0.00    0.50    0.00    0.00    0.00   92.70
17:39:40     all    5.54    0.00    1.01    0.00    0.00    0.25    0.00    0.00    0.00   93.20
17:39:41     all    5.81    0.00    0.25    0.00    0.00    0.25    0.00    0.00    0.00   93.69
17:39:42     all    5.79    0.00    0.76    0.00    0.00    0.50    0.00    0.00    0.00   92.95
17:39:43     all    6.30    0.00    0.50    0.00    0.00    0.50    0.00    0.00    0.00   92.70
17:39:44     all    6.06    0.00    0.76    0.00    0.00    0.25    0.00    0.00    0.00   92.93
17:39:45     all    6.02    0.00    0.75    0.00    0.00    0.75    0.00    0.00    0.00   92.48
17:39:46     all    3.27    0.00    0.25    0.00    0.00    0.25    0.00    0.00    0.00   96.23
17:39:47     all    4.05    0.00    0.25    0.00    0.00    0.00    0.00    0.00    0.00   95.70
17:39:48     all    4.76    0.00    0.75    0.00    0.00    0.00    0.00    0.00    0.00   94.49
17:39:49     all    5.26    0.00    0.75    0.00    0.00    0.75    0.00    0.00    0.00   93.23
17:39:50     all    5.36    0.00    0.51    0.00    0.00    0.00    0.00    0.00    0.00   94.13
17:39:51     all    5.76    0.00    0.75    0.00    0.00    0.75    0.00    0.00    0.00   92.73
17:39:52     all    6.82    0.00    0.51    0.00    0.00    0.25    0.00    0.00    0.00   92.42
17:39:53     all    4.59    0.00    0.77    0.00    0.00    0.26    0.00    0.00    0.00   94.39
17:39:54     all    5.28    0.00    0.50    0.00    0.00    0.50    0.00    0.00    0.00   93.72
17:39:55     all    6.35    0.00    0.51    0.00    0.00    0.00    0.00    0.00    0.00   93.15
17:39:56     all    6.25    0.00    1.25    0.00    0.00    0.50    0.00    0.00    0.00   92.00
17:39:57     all    6.28    0.00    0.75    0.00    0.00    1.01    0.00    0.00    0.00   91.96
17:39:58     all    6.09    0.00    0.51    0.00    0.00    0.25    0.00    0.00    0.00   93.15
17:39:59     all    6.08    0.00    0.76    0.00    0.00    0.00    0.00    0.00    0.00   93.16
17:40:00     all    6.25    0.00    1.00    0.00    0.00    1.00    0.00    0.00    0.00   91.75
17:40:01     all    5.82    0.00    0.51    0.00    0.00    0.25    0.00    0.00    0.00   93.42
17:40:02     all    7.04    0.00    0.75    0.00    0.00    0.25    0.00    0.00    0.00   91.96
17:40:03     all    6.30    0.00    0.76    0.00    0.00    0.50    0.00    0.00    0.00   92.44
17:40:04     all    6.05    0.00    0.76    0.00    0.00    0.76    0.00    0.00    0.00   92.44
17:40:05     all    6.09    0.00    0.51    0.00    0.00    0.51    0.00    0.00    0.00   92.89
17:40:06     all    5.99    0.00    0.75    0.00    0.00    1.00    0.00    0.00    0.00   92.27
17:40:07     all    6.77    0.00    0.50    0.00    0.00    0.50    0.25    0.00    0.00   91.98
17:40:08     all    5.30    0.00    0.76    0.00    0.00    0.51    0.00    0.00    0.00   93.43
17:40:09     all    6.33    0.00    0.51    0.00    0.00    0.51    0.00    0.00    0.00   92.66
17:40:10     all    6.05    0.00    0.76    0.00    0.00    0.25    0.00    0.00    0.00   92.95
17:40:11     all    6.31    0.00    0.51    0.00    0.00    0.25    0.00    0.00    0.00   92.93
17:40:12     all    6.02    0.00    0.75    0.00    0.00    1.00    0.00    0.00    0.00   92.23
17:40:13     all    5.82    0.00    0.51    0.00    0.00    0.25    0.00    0.00    0.00   93.42
17:40:14     all    7.02    0.00    0.75    0.00    0.00    0.00    0.00    0.00    0.00   92.23
17:40:15     all    5.56    0.00    0.76    0.00    0.00    0.76    0.00    0.00    0.00   92.93
17:40:16     all    5.37    0.00    0.51    0.00    0.00    0.51    0.00    0.00    0.00   93.61
17:40:17     all    6.50    0.00    0.75    0.00    0.00    0.50    0.00    0.00    0.00   92.25
17:40:18     all    6.57    0.00    0.25    0.00    0.00    0.51    0.25    0.00    0.00   92.42
17:40:19     all    7.23    0.00    1.00    0.00    0.00    0.25    0.00    0.00    0.00   91.52
17:40:20     all    6.02    0.00    1.00    0.00    0.00    0.75    0.00    0.00    0.00   92.23
17:40:21     all    5.84    0.00    0.51    0.00    0.00    0.25    0.25    0.00    0.00   93.15
17:40:22     all    5.81    0.00    0.51    0.00    0.00    0.51    0.00    0.00    0.00   93.18
17:40:23     all    6.53    0.00    0.75    0.25    0.00    0.50    0.00    0.00    0.00   91.96
17:40:24     all    6.09    0.00    0.25    0.00    0.00    0.51    0.00    0.00    0.00   93.15
17:40:25     all    6.53    0.00    1.01    0.00    0.00    0.25    0.00    0.00    0.00   92.21
17:40:26     all    6.25    0.00    1.00    0.00    0.00    0.50    0.00    0.00    0.00   92.25
17:40:27     all    6.11    0.00    0.00    0.00    0.00    0.51    0.00    0.00    0.00   93.38
17:40:28     all    6.05    0.00    1.26    0.00    0.00    0.50    0.00    0.00    0.00   92.19
17:40:29     all    5.58    0.00    1.02    0.00    0.00    0.00    0.25    0.00    0.00   93.15
17:40:30     all    6.77    0.00    0.50    0.00    0.00    0.25    0.00    0.00    0.00   92.48
17:40:31     all    6.06    0.00    1.01    0.00    0.00    0.51    0.00    0.00    0.00   92.42
17:40:32     all    5.82    0.00    0.51    0.00    0.00    0.51    0.00    0.00    0.00   93.16
17:40:33     all    6.27    0.00    0.50    0.00    0.00    0.75    0.00    0.00    0.00   92.48
17:40:34     all    6.03    0.00    0.75    0.00    0.00    0.75    0.00    0.00    0.00   92.46
17:40:35     all    6.57    0.00    0.25    0.00    0.00    0.25    0.00    0.00    0.00   92.93
17:40:36     all    6.03    0.00    1.01    0.00    0.00    0.25    0.00    0.00    0.00   92.71
17:40:37     all    6.05    0.00    0.50    0.00    0.00    0.50    0.00    0.00    0.00   92.95
17:40:38     all    6.05    0.00    0.76    0.00    0.00    0.76    0.00    0.00    0.00   92.44
17:40:39     all    6.05    0.00    1.01    0.00    0.00    0.25    0.00    0.00    0.00   92.70
17:40:40     all    6.78    0.00    0.25    0.00    0.00    0.00    0.00    0.00    0.00   92.96
17:40:41     all    6.52    0.00    1.00    0.00    0.00    0.75    0.00    0.00    0.00   91.73
17:40:42     all    6.08    0.00    0.25    0.00    0.00    0.51    0.00    0.00    0.00   93.16
17:40:43     all    5.34    0.00    1.02    0.00    0.00    0.25    0.00    0.00    0.00   93.38
17:40:44     all    5.76    0.00    1.00    0.00    0.00    0.75    0.00    0.00    0.00   92.48
17:40:45     all    5.81    0.00    0.51    0.00    0.00    0.51    0.00    0.00    0.00   93.18
17:40:46     all    5.57    0.00    0.76    0.00    0.00    0.25    0.00    0.00    0.00   93.42
17:40:47     all    5.54    0.00    1.01    0.00    0.00    0.76    0.00    0.00    0.00   92.70
17:40:48     all    5.81    0.00    0.76    0.00    0.00    0.00    0.00    0.00    0.00   93.43
17:40:49     all    6.02    0.00    0.75    0.00    0.00    1.00    0.00    0.00    0.00   92.23
17:40:50     all    5.84    0.00    0.51    0.00    0.00    0.00    0.00    0.00    0.00   93.65
17:40:51     all    6.06    0.00    0.76    0.00    0.00    0.00    0.00    0.00    0.00   93.18
17:40:52     all    5.78    0.00    0.50    0.00    0.00    0.75    0.00    0.00    0.00   92.96
17:40:53     all    6.05    0.00    0.76    0.00    0.00    0.50    0.00    0.00    0.00   92.70
17:40:54     all    5.79    0.00    0.76    0.00    0.00    0.50    0.00    0.00    0.00   92.95
17:40:55     all    5.81    0.00    0.76    0.00    0.00    0.51    0.00    0.00    0.00   92.93
17:40:56     all    5.82    0.00    0.51    0.00    0.00    0.76    0.00    0.00    0.00   92.91
17:40:57     all    6.55    0.00    1.01    0.00    0.00    0.00    0.00    0.00    0.00   92.44
17:40:58     all    6.75    0.00    0.75    0.00    0.00    0.50    0.00    0.00    0.00   92.00
17:40:59     all    5.82    0.00    0.76    0.00    0.00    0.51    0.00    0.00    0.00   92.91
17:41:00     all    6.06    0.00    0.76    0.00    0.00    0.51    0.00    0.00    0.00   92.68
17:41:01     all    5.56    0.00    1.01    0.00    0.00    0.51    0.00    0.00    0.00   92.93
17:41:02     all    6.33    0.00    0.25    0.00    0.00    0.51    0.00    0.00    0.00   92.91
17:41:03     all    6.28    0.00    0.75    0.00    0.00    0.50    0.00    0.00    0.00   92.46
17:41:04     all    6.55    0.00    0.50    0.00    0.00    0.25    0.00    0.00    0.00   92.70
17:41:05     all    5.57    0.00    0.25    0.00    0.00    0.76    0.25    0.00    0.00   93.16
17:41:06     all    6.48    0.00    1.25    0.00    0.00    0.25    0.25    0.00    0.00   91.77
17:41:07     all    6.03    0.00    0.50    0.25    0.00    0.25    0.25    0.00    0.00   92.71
17:41:08     all    5.34    0.00    0.25    0.00    0.00    0.76    0.00    0.00    0.00   93.64
17:41:09     all    6.27    0.00    1.00    0.00    0.00    0.50    0.00    0.00    0.00   92.23
17:41:10     all    6.36    0.00    0.00    0.00    0.00    0.00    0.00    0.00    0.00   93.64
17:41:11     all    5.81    0.00    0.76    0.00    0.00    0.51    0.00    0.00    0.00   92.93
17:41:12     all    6.27    0.00    0.75    0.00    0.00    0.75    0.00    0.00    0.00   92.23
17:41:13     all    6.09    0.00    0.51    0.00    0.00    0.00    0.00    0.00    0.00   93.40
17:41:14     all    6.03    0.00    0.75    0.00    0.00    0.75    0.00    0.00    0.00   92.46
17:41:15     all    5.60    0.00    0.76    0.00    0.00    0.25    0.00    0.00    0.00   93.38
17:41:16     all    5.78    0.00    1.01    0.00    0.00    0.50    0.00    0.00    0.00   92.71
17:41:17     all    6.57    0.00    0.51    0.00    0.00    0.25    0.00    0.00    0.00   92.68
17:41:18     all    5.57    0.00    0.51    0.00    0.00    0.76    0.00    0.00    0.00   93.16
17:41:19     all    6.52    0.00    1.00    0.00    0.00    0.25    0.00    0.00    0.00   92.23
17:41:20     all    5.56    0.00    0.51    0.00    0.00    1.01    0.00    0.00    0.00   92.93
17:41:21     all    5.84    0.00    0.51    0.00    0.00    0.25    0.00    0.00    0.00   93.40
17:41:22     all    5.57    0.00    1.01    0.00    0.00    0.51    0.00    0.00    0.00   92.91
17:41:23     all    6.05    0.00    1.01    0.00    0.00    0.50    0.00    0.00    0.00   92.44
17:41:24     all    6.52    0.00    0.75    0.00    0.00    0.25    0.00    0.00    0.00   92.48
17:41:25     all    6.08    0.00    0.76    0.00    0.00    0.25    0.00    0.00    0.00   92.91
17:41:26     all    5.81    0.00    1.01    0.00    0.00    0.76    0.00    0.00    0.00   92.42
17:41:27     all    6.57    0.00    0.25    0.00    0.00    0.25    0.00    0.00    0.00   92.93
17:41:28     all    6.05    0.00    0.76    0.00    0.00    0.76    0.00    0.00    0.00   92.44
17:41:29     all    6.00    0.00    0.75    0.00    0.00    0.75    0.00    0.00    0.00   92.50
17:41:30     all    6.82    0.00    0.25    0.00    0.00    0.00    0.00    0.00    0.00   92.93
17:41:31     all    5.81    0.00    1.26    0.00    0.00    0.51    0.00    0.00    0.00   92.42
17:41:32     all    6.05    0.00    0.50    0.00    0.00    0.76    0.00    0.00    0.00   92.70
17:41:33     all    6.28    0.00    0.50    0.00    0.00    0.25    0.25    0.00    0.00   92.71
17:41:34     all    5.82    0.00    0.76    0.00    0.00    0.25    0.00    0.00    0.00   93.16
17:41:35     all    5.99    0.00    0.75    0.00    0.00    0.75    0.00    0.00    0.00   92.52
17:41:36     all    6.31    0.00    0.51    0.00    0.00    0.25    0.00    0.00    0.00   92.93
17:41:37     all    6.28    0.00    0.75    0.00    0.00    0.75    0.00    0.00    0.00   92.21
17:41:38     all    6.06    0.00    0.51    0.00    0.00    0.51    0.00    0.00    0.00   92.93
17:41:39     all    5.81    0.00    0.76    0.00    0.00    0.25    0.00    0.00    0.00   93.18
17:41:40     all    6.03    0.00    1.01    0.00    0.00    0.25    0.00    0.00    0.00   92.71
17:41:41     all    5.57    0.00    0.76    0.00    0.00    0.51    0.00    0.00    0.00   93.16
17:41:42     all    6.33    0.00    0.76    0.00    0.00    0.25    0.00    0.00    0.00   92.66
17:41:43     all    5.32    0.00    0.51    0.00    0.00    0.76    0.00    0.00    0.00   93.42
17:41:44     all    5.82    0.00    0.76    0.00    0.00    0.25    0.00    0.00    0.00   93.16
17:41:45     all    6.03    0.00    0.50    0.00    0.00    0.50    0.00    0.00    0.00   92.96
17:41:46     all    6.53    0.00    1.01    0.00    0.00    0.25    0.00    0.00    0.00   92.21
17:41:47     all    5.60    0.00    1.02    0.00    0.00    0.25    0.00    0.00    0.00   93.13
17:41:48     all    6.31    0.00    0.25    0.00    0.00    0.76    0.00    0.00    0.00   92.68
17:41:49     all    5.51    0.00    1.00    0.00    0.00    0.75    0.00    0.00    0.00   92.73
17:41:50     all    6.08    0.00    0.25    0.00    0.00    0.51    0.00    0.00    0.00   93.16
17:41:51     all    6.35    0.00    0.25    0.00    0.00    0.25    0.00    0.00    0.00   93.15
17:41:52     all    5.76    0.00    1.00    0.00    0.00    0.75    0.00    0.00    0.00   92.48
17:41:53     all    6.30    0.00    0.76    0.00    0.00    0.50    0.00    0.00    0.00   92.44
17:41:54     all    5.57    0.00    0.76    0.00    0.00    0.25    0.00    0.00    0.00   93.42
17:41:55     all    6.35    0.00    0.25    0.00    0.00    0.25    0.25    0.00    0.00   92.89
17:41:56     all    6.27    0.00    1.00    0.00    0.00    0.75    0.00    0.00    0.00   91.98
17:41:57     all    6.06    0.00    0.51    0.25    0.00    0.25    0.00    0.00    0.00   92.93
17:41:58     all    6.53    0.00    0.50    0.00    0.00    0.50    0.00    0.00    0.00   92.46
17:41:59     all    6.52    0.00    0.75    0.00    0.00    0.50    0.25    0.00    0.00   91.98
17:42:00     all    5.58    0.00    0.76    0.00    0.00    0.00    0.00    0.00    0.00   93.65
17:42:01     all    5.28    0.00    0.75    0.00    0.00    0.50    0.00    0.00    0.00   93.47
17:42:02     all    6.28    0.00    0.75    0.00    0.00    0.50    0.00    0.00    0.00   92.46
17:42:03     all    6.06    0.00    0.76    0.25    0.00    0.51    0.00    0.00    0.00   92.42
17:42:04     all    6.52    0.00    0.50    0.00    0.00    0.50    0.00    0.00    0.00   92.48
17:42:05     all    6.05    0.00    0.76    0.00    0.00    0.76    0.00    0.00    0.00   92.44
17:42:06     all    6.75    0.00    0.75    0.00    0.00    0.25    0.00    0.00    0.00   92.25
17:42:07     all    5.37    0.00    0.77    0.00    0.00    0.26    0.00    0.00    0.00   93.61
17:42:08     all    6.73    0.00    0.75    0.00    0.00    0.75    0.00    0.00    0.00   91.77
17:42:09     all    6.58    0.00    0.25    0.00    0.00    0.25    0.00    0.00    0.00   92.91
17:42:10     all    5.81    0.00    0.76    0.00    0.00    0.51    0.00    0.00    0.00   92.93
17:42:11     all    6.73    0.00    1.00    0.00    0.00    0.50    0.00    0.00    0.00   91.77
17:42:12     all    6.06    0.00    1.01    0.00    0.00    0.25    0.25    0.00    0.00   92.42
17:42:13     all    6.75    0.00    0.50    0.00    0.00    0.75    0.00    0.00    0.00   92.00
17:42:14     all    5.84    0.00    0.76    0.00    0.00    0.25    0.00    0.00    0.00   93.15
17:42:15     all    6.02    0.00    1.00    0.00    0.00    0.50    0.00    0.00    0.00   92.48
17:42:16     all    5.81    0.00    0.76    0.00    0.00    0.51    0.00    0.00    0.00   92.93
17:42:17     all    6.50    0.00    1.00    0.00    0.00    0.50    0.00    0.00    0.00   92.00
17:42:18     all    6.27    0.00    0.75    0.25    0.00    0.50    0.00    0.00    0.00   92.23
17:42:19     all    5.81    0.00    0.76    0.00    0.00    0.25    0.00    0.00    0.00   93.18
17:42:20     all    6.35    0.00    0.25    0.00    0.00    0.51    0.00    0.00    0.00   92.89
17:42:21     all    5.78    0.00    1.01    0.00    0.00    0.75    0.00    0.00    0.00   92.46
17:42:22     all    6.31    0.00    0.25    0.00    0.00    0.25    0.00    0.00    0.00   93.18
17:42:23     all    6.06    0.00    0.51    0.00    0.00    0.25    0.00    0.00    0.00   93.18
17:42:24     all    6.02    0.00    1.00    0.00    0.00    0.50    0.00    0.00    0.00   92.48
17:42:25     all    5.32    0.00    0.76    0.00    0.00    0.76    0.00    0.00    0.00   93.16
17:42:26     all    5.81    0.00    0.76    0.00    0.00    0.25    0.00    0.00    0.00   93.18
17:42:27     all    5.81    0.00    0.76    0.00    0.00    0.51    0.00    0.00    0.00   92.93
17:42:28     all    6.02    0.00    0.75    0.00    0.00    0.75    0.00    0.00    0.00   92.48
17:42:29     all    5.61    0.00    0.26    0.00    0.00    0.00    0.00    0.00    0.00   94.13
17:42:30     all    6.55    0.00    1.01    0.00    0.00    0.00    0.00    0.00    0.00   92.44
17:42:31     all    6.03    0.00    0.50    0.00    0.00    1.01    0.00    0.00    0.00   92.46
17:42:32     all    6.82    0.00    0.51    0.00    0.00    0.00    0.00    0.00    0.00   92.68
17:42:33     all    5.56    0.00    0.76    0.00    0.00    0.76    0.00    0.00    0.00   92.93
17:42:34     all    6.03    0.00    1.01    0.00    0.00    0.00    0.00    0.00    0.00   92.96
17:42:35     all    5.79    0.00    0.76    0.00    0.00    0.76    0.00    0.00    0.00   92.70
17:42:36     all    6.25    0.00    1.00    0.00    0.00    0.50    0.00    0.00    0.00   92.25
17:42:37     all    6.55    0.00    0.76    0.00    0.00    0.00    0.00    0.00    0.00   92.70
17:42:38     all    5.82    0.00    0.51    0.00    0.00    0.76    0.00    0.00    0.00   92.91
17:42:39     all    6.52    0.00    0.50    0.00    0.00    0.50    0.00    0.00    0.00   92.48
17:42:40     all    5.33    0.00    0.51    0.00    0.00    0.51    0.00    0.00    0.00   93.65
17:42:41     all    6.31    0.00    0.25    0.00    0.00    0.25    0.00    0.00    0.00   93.18
17:42:42     all    5.75    0.00    1.00    0.00    0.00    0.75    0.25    0.00    0.00   92.25
17:42:43     all    5.81    0.00    0.25    0.00    0.00    0.51    0.25    0.00    0.00   93.18
17:42:44     all    6.05    0.00    0.76    0.00    0.00    0.50    0.00    0.00    0.00   92.70
17:42:45     all    6.98    0.00    0.75    0.00    0.00    0.50    0.00    0.00    0.00   91.77
17:42:46     all    4.05    0.00    0.25    0.00    0.00    0.51    0.00    0.00    0.00   95.19
17:42:47     all    3.78    0.00    0.50    0.00    0.00    0.00    0.00    0.00    0.00   95.72
17:42:48     all    4.77    0.00    0.75    0.00    0.00    0.50    0.00    0.00    0.00   93.97
17:42:49     all    5.56    0.00    0.25    0.00    0.00    0.25    0.00    0.00    0.00   93.94
17:42:50     all    6.05    0.00    0.76    0.00    0.00    0.00    0.00    0.00    0.00   93.20
17:42:51     all    5.56    0.00    0.51    0.00    0.00    1.01    0.00    0.00    0.00   92.93
17:42:52     all    5.81    0.00    0.76    0.00    0.00    0.25    0.00    0.00    0.00   93.18
17:42:53     all    5.32    0.00    1.01    0.00    0.00    0.25    0.00    0.00    0.00   93.42
17:42:54     all    6.68    0.00    0.50    0.25    0.00    0.99    0.25    0.00    0.00   91.34
17:42:55     all    5.53    0.00    1.01    0.00    0.00    0.25    0.00    0.00    0.00   93.22
17:42:56     all    5.60    0.00    0.76    0.00    0.00    0.25    0.00    0.00    0.00   93.38
17:42:57     all    6.06    0.00    0.25    0.00    0.00    0.51    0.00    0.00    0.00   93.18
17:42:58     all    6.28    0.00    1.01    0.00    0.00    0.00    0.00    0.00    0.00   92.71
17:42:59     all    6.27    0.00    0.50    0.00    0.00    1.00    0.00    0.00    0.00   92.23
17:43:00     all    6.08    0.00    0.51    0.00    0.00    0.51    0.00    0.00    0.00   92.91
17:43:01     all    5.54    0.00    1.01    0.00    0.00    0.50    0.00    0.00    0.00   92.95
17:43:02     all    6.31    0.00    0.51    0.00    0.00    0.25    0.00    0.00    0.00   92.93
17:43:03     all    6.27    0.00    1.00    0.00    0.00    0.50    0.00    0.00    0.00   92.23
17:43:04     all    6.33    0.00    0.51    0.00    0.00    0.25    0.00    0.00    0.00   92.91
17:43:05     all    6.31    0.00    0.76    0.00    0.00    0.51    0.00    0.00    0.00   92.42
17:43:06     all    6.53    0.00    0.50    0.00    0.00    0.75    0.00    0.00    0.00   92.21
17:43:07     all    6.30    0.00    1.01    0.00    0.00    0.50    0.00    0.00    0.00   92.19
17:43:08     all    5.58    0.00    0.51    0.00    0.00    0.51    0.00    0.00    0.00   93.40
17:43:09     all    7.00    0.00    0.75    0.00    0.00    0.50    0.00    0.00    0.00   91.75
17:43:10     all    6.28    0.00    0.75    0.00    0.00    0.50    0.25    0.00    0.00   92.21
17:43:11     all    6.28    0.00    0.75    0.00    0.00    0.25    0.00    0.00    0.00   92.71
17:43:12     all    5.56    0.00    0.51    0.00    0.00    0.51    0.00    0.00    0.00   93.43
17:43:13     all    6.28    0.00    0.75    0.00    0.00    0.50    0.00    0.00    0.00   92.46
17:43:14     all    6.58    0.00    0.51    0.00    0.00    0.00    0.00    0.00    0.00   92.91
17:43:15     all    5.76    0.00    1.00    0.00    0.00    1.00    0.00    0.00    0.00   92.23
17:43:16     all    6.35    0.00    0.25    0.00    0.00    0.25    0.00    0.00    0.00   93.15
17:43:17     all    6.08    0.00    0.76    0.00    0.00    0.25    0.00    0.00    0.00   92.91
17:43:18     all    6.02    0.00    1.00    0.00    0.00    0.75    0.00    0.00    0.00   92.23
17:43:19     all    5.82    0.00    0.76    0.00    0.00    0.51    0.00    0.00    0.00   92.91
17:43:20     all    5.81    0.00    0.76    0.00    0.00    0.25    0.00    0.00    0.00   93.18
17:43:21     all    6.27    0.00    1.00    0.00    0.00    0.25    0.00    0.00    0.00   92.48
17:43:22     all    6.52    0.00    0.50    0.00    0.00    0.25    0.00    0.00    0.00   92.73
17:43:23     all    6.25    0.00    1.00    0.00    0.00    0.75    0.00    0.00    0.00   92.00
17:43:24     all    5.87    0.00    0.77    0.00    0.00    0.00    0.00    0.00    0.00   93.37
17:43:25     all    5.53    0.00    0.75    0.00    0.00    1.01    0.00    0.00    0.00   92.71
17:43:26     all    6.36    0.00    0.25    0.00    0.00    0.00    0.00    0.00    0.00   93.38
17:43:27     all    5.57    0.00    0.76    0.00    0.00    0.25    0.00    0.00    0.00   93.42
17:43:28     all    6.27    0.00    0.50    0.00    0.00    1.00    0.00    0.00    0.00   92.23
17:43:29     all    5.33    0.00    0.51    0.00    0.00    0.51    0.00    0.00    0.00   93.65
17:43:30     all    6.80    0.00    0.76    0.00    0.00    0.25    0.25    0.00    0.00   91.94
17:43:31     all    5.54    0.00    0.76    0.00    0.00    0.50    0.00    0.00    0.00   93.20
17:43:32     all    6.31    0.00    0.25    0.25    0.00    0.51    0.00    0.00    0.00   92.68
17:43:33     all    5.82    0.00    1.01    0.00    0.00    0.00    0.00    0.00    0.00   93.16
17:43:34     all    5.05    0.00    1.01    0.00    0.00    0.51    0.00    0.00    0.00   93.43
17:43:35     all    6.08    0.00    0.25    0.00    0.00    0.76    0.00    0.00    0.00   92.91
17:43:36     all    6.23    0.00    0.75    0.00    0.00    0.50    0.00    0.00    0.00   92.52
17:43:37     all    6.02    0.00    1.00    0.00    0.00    0.50    0.00    0.00    0.00   92.48
17:43:38     all    5.84    0.00    0.51    0.00    0.00    0.25    0.00    0.00    0.00   93.40
17:43:39     all    6.50    0.00    0.50    0.00    0.00    0.50    0.00    0.00    0.00   92.50
17:43:40     all    5.81    0.00    0.51    0.00    0.00    0.25    0.00    0.00    0.00   93.43
17:43:41     all    5.58    0.00    0.51    0.00    0.00    0.51    0.25    0.00    0.00   93.15
17:43:42     all    6.25    0.00    1.00    0.00    0.00    0.50    0.25    0.00    0.00   92.00
17:43:43     all    5.82    0.00    0.51    0.00    0.00    0.51    0.00    0.00    0.00   93.16
17:43:44     all    5.79    0.00    0.76    0.00    0.00    0.25    0.00    0.00    0.00   93.20
17:43:45     all    6.06    0.00    0.76    0.00    0.00    0.51    0.00    0.00    0.00   92.68
17:43:46     all    5.32    0.00    0.51    0.00    0.00    0.51    0.00    0.00    0.00   93.67
17:43:47     all    5.58    0.00    0.76    0.00    0.00    0.51    0.00    0.00    0.00   93.15
17:43:48     all    5.28    0.00    0.50    0.00    0.00    0.50    0.00    0.00    0.00   93.72
17:43:49     all    6.03    0.00    0.75    0.00    0.00    0.25    0.00    0.00    0.00   92.96
17:43:50     all    6.55    0.00    0.76    0.00    0.00    0.50    0.00    0.00    0.00   92.19
17:43:51     all    5.78    0.00    1.01    0.00    0.00    0.50    0.00    0.00    0.00   92.71
17:43:52     all    5.82    0.00    0.51    0.00    0.00    0.25    0.00    0.00    0.00   93.42
17:43:53     all    5.78    0.00    0.75    0.25    0.00    0.50    0.00    0.00    0.00   92.71
17:43:54     all    5.04    0.00    0.50    0.00    0.00    0.76    0.00    0.00    0.00   93.70
17:43:55     all    5.58    0.00    0.76    0.00    0.00    0.25    0.00    0.00    0.00   93.40
17:43:56     all    5.81    0.00    0.76    0.00    0.00    0.25    0.00    0.00    0.00   93.18
17:43:57     all    5.76    0.00    0.50    0.00    0.00    1.00    0.00    0.00    0.00   92.73
17:43:58     all    6.06    0.00    0.51    0.00    0.00    0.25    0.00    0.00    0.00   93.18
17:43:59     all    5.79    0.00    1.01    0.00    0.00    0.50    0.00    0.00    0.00   92.70
17:44:00     all    5.82    0.00    0.76    0.00    0.00    0.00    0.25    0.00    0.00   93.16
17:44:01     all    6.00    0.00    0.50    0.00    0.00    1.00    0.00    0.00    0.00   92.50
17:44:02     all    6.30    0.00    0.76    0.00    0.00    0.25    0.00    0.00    0.00   92.70
17:44:03     all    5.79    0.00    0.50    0.00    0.00    0.25    0.00    0.00    0.00   93.45
17:44:04     all    5.78    0.00    1.01    0.00    0.00    0.75    0.00    0.00    0.00   92.46
17:44:05     all    6.28    0.00    0.25    0.00    0.00    0.50    0.00    0.00    0.00   92.96
17:44:06     all    6.06    0.00    0.76    0.00    0.00    0.25    0.00    0.00    0.00   92.93
17:44:07     all    6.00    0.00    0.75    0.00    0.00    0.75    0.00    0.00    0.00   92.50
17:44:08     all    6.08    0.00    0.51    0.00    0.00    0.25    0.00    0.00    0.00   93.16
17:44:09     all    6.03    0.00    0.50    0.00    0.00    0.75    0.00    0.00    0.00   92.71
17:44:10     all    6.06    0.00    0.76    0.00    0.00    0.25    0.00    0.00    0.00   92.93
17:44:11     all    6.03    0.00    0.75    0.00    0.00    0.75    0.00    0.00    0.00   92.46
17:44:12     all    6.31    0.00    0.51    0.00    0.00    0.25    0.00    0.00    0.00   92.93
17:44:13     all    5.60    0.00    0.76    0.00    0.00    0.00    0.00    0.00    0.00   93.64
17:44:14     all    5.79    0.00    0.50    0.00    0.00    0.50    0.00    0.00    0.00   93.20
17:44:15     all    6.27    0.00    0.75    0.25    0.00    0.75    0.00    0.00    0.00   91.98
17:44:16     all    5.84    0.00    0.51    0.00    0.00    0.25    0.00    0.00    0.00   93.40
17:44:17     all    5.79    0.00    1.01    0.00    0.00    0.25    0.00    0.00    0.00   92.95
17:44:18     all    6.05    0.00    0.76    0.00    0.00    0.50    0.00    0.00    0.00   92.70
17:44:19     all    5.81    0.00    0.51    0.00    0.00    0.00    0.25    0.00    0.00   93.43
17:44:20     all    6.05    0.00    0.76    0.00    0.00    0.50    0.00    0.00    0.00   92.70
17:44:21     all    5.76    0.00    1.00    0.00    0.00    0.75    0.00    0.00    0.00   92.48
17:44:22     all    5.60    0.00    0.51    0.00    0.00    0.25    0.00    0.00    0.00   93.64
17:44:23     all    7.00    0.00    0.50    0.00    0.00    0.75    0.00    0.00    0.00   91.75
17:44:24     all    6.52    0.00    0.75    0.00    0.00    0.50    0.00    0.00    0.00   92.23
17:44:25     all    6.08    0.00    0.76    0.25    0.00    0.00    0.00    0.00    0.00   92.91
17:44:26     all    5.76    0.00    0.75    0.00    0.00    1.00    0.00    0.00    0.00   92.48
17:44:27     all    6.33    0.00    0.51    0.00    0.00    0.25    0.00    0.00    0.00   92.91
17:44:28     all    6.55    0.00    0.50    0.00    0.00    0.25    0.00    0.00    0.00   92.70
17:44:29     all    5.54    0.00    1.01    0.00    0.00    0.50    0.00    0.00    0.00   92.95
17:44:30     all    5.84    0.00    0.25    0.00    0.00    0.51    0.00    0.00    0.00   93.40
17:44:31     all    6.30    0.00    0.76    0.00    0.00    0.25    0.00    0.00    0.00   92.70
17:44:32     all    5.57    0.00    1.01    0.00    0.00    0.51    0.00    0.00    0.00   92.91
17:44:33     all    6.25    0.00    1.00    0.00    0.00    0.50    0.00    0.00    0.00   92.25
17:44:34     all    6.06    0.00    0.51    0.00    0.00    0.76    0.00    0.00    0.00   92.68
17:44:35     all    5.57    0.00    0.76    0.00    0.00    0.51    0.00    0.00    0.00   93.16
17:44:36     all    6.06    0.00    0.51    0.00    0.00    0.51    0.00    0.00    0.00   92.93
17:44:37     all    6.27    0.00    0.75    0.00    0.00    0.50    0.00    0.00    0.00   92.48
17:44:38     all    5.78    0.00    1.01    0.00    0.00    0.50    0.00    0.00    0.00   92.71
17:44:39     all    6.03    0.00    0.75    0.00    0.00    0.50    0.25    0.00    0.00   92.46
17:44:40     all    6.05    0.00    1.01    0.00    0.00    0.25    0.00    0.00    0.00   92.70
17:44:41     all    6.28    0.00    0.50    0.00    0.00    0.75    0.00    0.00    0.00   92.46
17:44:42     all    5.79    0.00    0.76    0.00    0.00    0.25    0.25    0.00    0.00   92.95
17:44:43     all    6.30    0.00    0.50    0.00    0.00    0.50    0.00    0.00    0.00   92.70
17:44:44     all    6.50    0.00    1.00    0.00    0.00    0.50    0.00    0.00    0.00   92.00
17:44:45     all    6.31    0.00    0.25    0.00    0.00    0.25    0.00    0.00    0.00   93.18
17:44:46     all    6.06    0.00    0.76    0.00    0.00    0.51    0.00    0.00    0.00   92.68
17:44:47     all    6.05    0.00    0.76    0.00    0.00    0.25    0.00    0.00    0.00   92.95
17:44:48     all    5.78    0.00    0.75    0.00    0.00    0.75    0.00    0.00    0.00   92.71
17:44:49     all    6.35    0.00    0.51    0.00    0.00    0.25    0.00    0.00    0.00   92.89
17:44:50     all    5.99    0.00    1.00    0.00    0.00    0.75    0.00    0.00    0.00   92.27
17:44:51     all    5.84    0.00    0.51    0.00    0.00    0.25    0.00    0.00    0.00   93.40
17:44:52     all    6.03    0.00    0.50    0.00    0.00    0.75    0.00    0.00    0.00   92.71
17:44:53     all    5.58    0.00    0.76    0.00    0.00    0.25    0.00    0.00    0.00   93.40
17:44:54     all    6.05    0.00    0.50    0.00    0.00    0.50    0.00    0.00    0.00   92.95
17:44:55     all    6.02    0.00    0.75    0.00    0.00    0.50    0.00    0.00    0.00   92.73
17:44:56     all    6.08    0.00    0.51    0.00    0.00    0.51    0.00    0.00    0.00   92.91
17:44:57     all    5.51    0.00    1.25    0.00    0.00    0.50    0.00    0.00    0.00   92.73
17:44:58     all    6.35    0.00    0.25    0.00    0.00    0.25    0.00    0.00    0.00   93.15
17:44:59     all    5.81    0.00    0.76    0.00    0.00    0.76    0.00    0.00    0.00   92.68
17:45:00     all    5.81    0.00    0.76    0.00    0.00    0.00    0.25    0.00    0.00   93.18
17:45:01     all    5.26    0.00    0.50    0.00    0.00    0.50    0.00    0.00    0.00   93.73
17:45:02     all    6.30    0.00    0.76    0.00    0.00    0.50    0.00    0.00    0.00   92.44
17:45:03     all    6.48    0.00    1.00    0.00    0.00    0.25    0.00    0.00    0.00   92.27
17:45:04     all    5.56    0.00    0.76    0.00    0.00    0.76    0.25    0.00    0.00   92.68
17:45:05     all    5.82    0.00    0.25    0.00    0.00    0.25    0.00    0.00    0.00   93.67
17:45:06     all    6.50    0.00    0.75    0.00    0.00    0.50    0.00    0.00    0.00   92.25
17:45:07     all    5.34    0.00    0.51    0.25    0.00    0.51    0.00    0.00    0.00   93.38
17:45:08     all    6.23    0.00    0.75    0.00    0.00    0.50    0.00    0.00    0.00   92.52
17:45:09     all    6.08    0.00    0.51    0.00    0.00    0.25    0.00    0.00    0.00   93.16
17:45:10     all    5.84    0.00    0.25    0.00    0.00    0.76    0.00    0.00    0.00   93.15
17:45:11     all    6.25    0.00    1.00    0.00    0.00    0.50    0.00    0.00    0.00   92.25
Average:     all    5.72    0.00    0.66    0.01    0.00    0.41    0.01    0.00    0.00   93.19
