Linux 6.8.0-1063-gcp (csb-bench-host-gcp) 	08/06/26 	_x86_64_	(4 CPU)

05:06:30     CPU    %usr   %nice    %sys %iowait    %irq   %soft  %steal  %guest  %gnice   %idle
05:06:31     all    7.05    0.00    1.76    0.00    0.00    1.01    0.00    0.00    0.00   90.18
05:06:32     all    5.51    0.00    1.00    0.00    0.00    0.75    0.00    0.00    0.00   92.73
05:06:33     all    5.78    0.00    1.01    0.00    0.00    0.75    0.00    0.00    0.00   92.46
05:06:34     all    5.01    0.00    1.00    0.00    0.00    1.00    0.00    0.00    0.00   92.98
05:06:35     all    5.34    0.00    0.25    0.00    0.00    0.25    0.00    0.00    0.00   94.15
05:06:36     all    5.28    0.00    0.75    0.50    0.00    0.25    0.00    0.00    0.00   93.22
05:06:37     all    5.76    0.00    0.50    0.00    0.00    0.75    0.00    0.00    0.00   92.98
05:06:38     all    4.82    0.00    0.51    0.00    0.00    0.25    0.00    0.00    0.00   94.42
05:06:39     all    5.05    0.00    0.76    0.00    0.00    0.76    0.00    0.00    0.00   93.43
05:06:40     all    5.30    0.00    1.01    0.00    0.00    0.00    0.00    0.00    0.00   93.69
05:06:41     all    5.53    0.00    0.50    0.00    0.00    0.75    0.00    0.00    0.00   93.22
05:06:42     all    5.53    0.00    0.75    0.00    0.00    0.75    0.00    0.00    0.00   92.96
05:06:43     all    5.32    0.00    0.76    0.00    0.00    0.51    0.00    0.00    0.00   93.42
05:06:44     all    5.29    0.00    0.50    0.00    0.00    0.50    0.00    0.00    0.00   93.70
05:06:45     all    5.56    0.00    0.76    0.00    0.00    0.25    0.00    0.00    0.00   93.43
05:06:46     all    5.28    0.00    0.75    0.00    0.00    1.01    0.00    0.00    0.00   92.96
05:06:47     all    5.29    0.00    1.01    0.00    0.00    0.25    0.00    0.00    0.00   93.45
05:06:48     all    4.80    0.00    0.76    0.00    0.00    0.51    0.00    0.00    0.00   93.94
05:06:49     all    5.56    0.00    0.51    0.00    0.00    0.76    0.00    0.00    0.00   93.18
05:06:50     all    5.06    0.00    0.76    0.00    0.00    0.51    0.00    0.00    0.00   93.67
05:06:51     all    4.81    0.00    0.76    0.00    0.00    0.25    0.00    0.00    0.00   94.18
05:06:52     all    5.33    0.00    0.76    0.00    0.00    0.25    0.00    0.00    0.00   93.65
05:06:53     all    5.03    0.00    0.75    0.00    0.00    1.01    0.00    0.00    0.00   93.22
05:06:54     all    5.33    0.00    0.51    0.00    0.00    0.25    0.00    0.00    0.00   93.91
05:06:55     all    5.32    0.00    0.76    0.00    0.00    0.51    0.00    0.00    0.00   93.42
05:06:56     all    5.06    0.00    1.01    0.00    0.00    0.00    0.00    0.00    0.00   93.92
05:06:57     all    5.54    0.00    0.76    0.00    0.00    0.50    0.00    0.00    0.00   93.20
05:06:58     all    4.57    0.00    0.51    0.00    0.00    0.76    0.00    0.00    0.00   94.16
05:06:59     all    5.54    0.00    1.01    0.00    0.00    0.50    0.00    0.00    0.00   92.95
05:07:00     all    4.81    0.00    1.01    0.00    0.00    0.25    0.00    0.00    0.00   93.92
05:07:01     all    5.06    0.00    0.76    0.00    0.00    0.51    0.00    0.00    0.00   93.67
05:07:02     all    5.50    0.00    0.75    0.00    0.00    0.75    0.00    0.00    0.00   93.00
05:07:03     all    5.05    0.00    1.01    0.00    0.00    0.51    0.00    0.00    0.00   93.43
05:07:04     all    4.83    0.00    0.76    0.00    0.00    0.25    0.00    0.00    0.00   94.15
05:07:05     all    5.03    0.00    0.75    0.00    0.00    0.75    0.25    0.00    0.00   93.22
05:07:06     all    4.80    0.00    1.01    0.00    0.00    0.76    0.00    0.00    0.00   93.43
05:07:07     all    4.80    0.00    1.01    0.00    0.00    0.25    0.00    0.00    0.00   93.94
05:07:08     all    5.08    0.00    0.76    0.00    0.00    0.51    0.00    0.00    0.00   93.65
05:07:09     all    5.54    0.00    0.50    0.00    0.00    0.25    0.00    0.00    0.00   93.70
05:07:10     all    4.55    0.00    1.01    0.00    0.00    0.76    0.00    0.00    0.00   93.69
05:07:11     all    5.32    0.00    0.51    0.00    0.00    0.51    0.00    0.00    0.00   93.67
05:07:12     all    5.54    0.00    0.50    0.00    0.00    0.50    0.00    0.00    0.00   93.45
05:07:13     all    5.05    0.00    0.76    0.00    0.00    0.76    0.00    0.00    0.00   93.43
05:07:14     all    5.29    0.00    1.01    0.00    0.00    0.50    0.00    0.00    0.00   93.20
05:07:15     all    4.82    0.00    0.51    0.00    0.00    0.51    0.00    0.00    0.00   94.16
05:07:16     all    5.51    0.00    1.00    0.00    0.00    0.50    0.00    0.00    0.00   92.98
05:07:17     all    5.76    0.00    0.75    0.00    0.00    0.50    0.25    0.00    0.00   92.73
05:07:18     all    4.81    0.00    1.01    0.25    0.00    0.51    0.00    0.00    0.00   93.42
05:07:19     all    4.80    0.00    0.76    0.00    0.00    0.51    0.00    0.00    0.00   93.94
05:07:20     all    4.81    0.00    0.51    0.00    0.00    0.51    0.00    0.00    0.00   94.18
05:07:21     all    5.08    0.00    1.02    0.00    0.00    0.00    0.00    0.00    0.00   93.91
05:07:22     all    5.29    0.00    0.76    0.00    0.00    0.76    0.00    0.00    0.00   93.20
05:07:23     all    5.08    0.00    0.76    0.00    0.00    0.25    0.00    0.00    0.00   93.91
05:07:24     all    5.01    0.00    1.25    0.00    0.00    0.75    0.00    0.00    0.00   92.98
05:07:25     all    5.09    0.00    0.51    0.00    0.00    0.51    0.00    0.00    0.00   93.89
05:07:26     all    5.28    0.00    0.75    0.00    0.00    0.75    0.00    0.00    0.00   93.22
05:07:27     all    5.53    0.00    1.51    1.51    0.00    1.01    0.00    0.00    0.00   90.45
05:07:28     all    5.30    0.00    0.51    0.00    0.00    0.25    0.25    0.00    0.00   93.69
05:07:29     all    5.06    0.00    1.01    0.00    0.00    0.25    0.00    0.00    0.00   93.67
05:07:30     all    5.51    0.00    0.50    0.00    0.00    0.75    0.00    0.00    0.00   93.23
05:07:31     all    4.31    0.00    1.02    0.00    0.00    0.51    0.00    0.00    0.00   94.16
05:07:32     all    5.30    0.00    0.51    0.25    0.00    0.51    0.00    0.00    0.00   93.43
05:07:33     all    4.33    0.00    1.02    0.00    0.00    0.51    0.00    0.00    0.00   94.15
05:07:34     all    5.78    0.00    0.75    0.00    0.00    0.25    0.00    0.00    0.00   93.22
05:07:35     all    4.81    0.00    1.01    0.00    0.00    0.51    0.00    0.00    0.00   93.67
05:07:36     all    5.29    0.00    0.50    0.00    0.00    1.01    0.00    0.00    0.00   93.20
05:07:37     all    5.05    0.00    1.01    0.00    0.00    0.25    0.00    0.00    0.00   93.69
05:07:38     all    5.78    0.00    0.75    0.00    0.00    0.50    0.00    0.00    0.00   92.96
05:07:39     all    4.79    0.00    0.76    0.00    0.00    0.76    0.00    0.00    0.00   93.70
05:07:40     all    4.82    0.00    0.76    0.00    0.00    0.51    0.00    0.00    0.00   93.91
05:07:41     all    5.54    0.00    0.50    0.00    0.00    0.76    0.00    0.00    0.00   93.20
05:07:42     all    5.56    0.00    0.51    0.00    0.00    0.51    0.00    0.00    0.00   93.43
05:07:43     all    5.25    0.00    1.25    0.00    0.00    0.75    0.00    0.00    0.00   92.75
05:07:44     all    5.09    0.00    0.76    0.00    0.00    0.25    0.00    0.00    0.00   93.89
05:07:45     all    4.82    0.00    0.51    0.00    0.00    0.51    0.00    0.00    0.00   94.16
05:07:46     all    5.51    0.00    0.75    0.00    0.00    0.75    0.00    0.00    0.00   92.98
05:07:47     all    5.09    0.00    0.76    0.00    0.00    0.25    0.00    0.00    0.00   93.89
05:07:48     all    5.28    0.00    0.75    0.00    0.00    0.75    0.00    0.00    0.00   93.22
05:07:49     all    6.28    0.00    0.50    0.00    0.00    0.25    0.00    0.00    0.00   92.96
05:07:50     all    5.04    0.00    0.76    0.00    0.00    1.01    0.00    0.00    0.00   93.20
05:07:51     all    5.33    0.00    0.76    0.00    0.00    0.00    0.00    0.00    0.00   93.91
05:07:52     all    5.26    0.00    1.00    0.00    0.00    0.75    0.00    0.00    0.00   92.98
05:07:53     all    5.32    0.00    0.51    0.00    0.00    0.51    0.00    0.00    0.00   93.67
05:07:54     all    5.08    0.00    0.76    0.00    0.00    0.51    0.00    0.00    0.00   93.65
05:07:55     all    5.25    0.00    1.00    0.00    0.00    0.50    0.25    0.00    0.00   93.00
05:07:56     all    5.78    0.00    0.75    0.00    0.00    0.50    0.00    0.00    0.00   92.96
05:07:57     all    5.08    0.00    0.25    0.00    0.00    0.51    0.00    0.00    0.00   94.16
05:07:58     all    5.34    0.00    1.27    0.00    0.00    0.25    0.00    0.00    0.00   93.13
05:07:59     all    5.01    0.00    0.75    0.00    0.00    1.00    0.00    0.00    0.00   93.23
05:08:00     all    5.78    0.00    1.01    0.00    0.00    0.50    0.00    0.00    0.00   92.71
05:08:01     all    3.78    0.00    0.50    0.25    0.00    0.25    0.00    0.00    0.00   95.21
05:08:02     all    2.76    0.00    0.50    0.00    0.00    0.00    0.00    0.00    0.00   96.73
05:08:03     all    4.28    0.00    0.76    0.00    0.00    1.01    0.00    0.00    0.00   93.95
05:08:04     all    4.80    0.00    0.51    0.00    0.00    0.25    0.00    0.00    0.00   94.44
05:08:05     all    4.83    0.00    0.51    0.00    0.00    0.25    0.00    0.00    0.00   94.40
05:08:06     all    4.26    0.00    0.75    0.00    0.00    1.00    0.00    0.00    0.00   93.98
05:08:07     all    5.05    0.00    0.76    0.00    0.00    0.25    0.25    0.00    0.00   93.69
05:08:08     all    5.29    0.00    0.76    0.00    0.00    0.50    0.00    0.00    0.00   93.45
05:08:09     all    5.53    0.00    1.01    0.00    0.00    0.50    0.00    0.00    0.00   92.96
05:08:10     all    5.08    0.00    0.51    0.00    0.00    0.51    0.00    0.00    0.00   93.91
05:08:11     all    5.30    0.00    0.76    0.00    0.00    0.51    0.00    0.00    0.00   93.43
05:08:12     all    4.80    0.00    0.51    0.25    0.00    0.51    0.00    0.00    0.00   93.94
05:08:13     all    5.30    0.00    0.76    0.00    0.00    0.76    0.00    0.00    0.00   93.18
05:08:14     all    5.30    0.00    1.01    0.00    0.00    0.51    0.00    0.00    0.00   93.18
05:08:15     all    5.30    0.00    0.00    0.00    0.00    0.76    0.00    0.00    0.00   93.94
05:08:16     all    5.09    0.00    1.02    0.00    0.00    0.00    0.00    0.00    0.00   93.89
05:08:17     all    5.24    0.00    1.00    0.00    0.00    1.00    0.00    0.00    0.00   92.77
05:08:18     all    5.78    0.00    0.75    0.00    0.00    0.75    0.00    0.00    0.00   92.71
05:08:19     all    5.61    0.00    0.51    0.00    0.00    0.26    0.00    0.00    0.00   93.62
05:08:20     all    5.99    0.00    1.00    0.00    0.00    1.00    0.25    0.00    0.00   91.77
05:08:21     all    6.62    0.00    0.51    0.00    0.00    0.25    0.00    0.00    0.00   92.62
05:08:22     all    6.08    0.00    1.01    0.00    0.00    0.51    0.00    0.00    0.00   92.41
05:08:23     all    6.55    0.00    1.26    0.00    0.00    0.76    0.00    0.00    0.00   91.44
05:08:24     all    7.11    0.00    1.02    0.00    0.00    0.51    0.00    0.00    0.00   91.37
05:08:25     all    7.02    0.00    1.25    0.00    0.00    0.75    0.00    0.00    0.00   90.98
05:08:26     all    6.35    0.00    1.27    0.00    0.00    1.02    0.00    0.00    0.00   91.37
05:08:27     all    6.75    0.00    1.50    0.00    0.00    1.00    0.00    0.00    0.00   90.75
05:08:28     all    6.91    0.00    0.51    0.00    0.00    0.26    0.00    0.00    0.00   92.33
05:08:29     all    7.04    0.00    1.26    0.00    0.00    0.75    0.00    0.00    0.00   90.95
05:08:30     all    7.36    0.00    0.76    0.00    0.00    0.76    0.00    0.00    0.00   91.12
05:08:31     all    6.33    0.00    1.01    0.00    0.00    1.01    0.00    0.00    0.00   91.65
05:08:32     all    6.35    0.00    1.02    0.00    0.00    0.51    0.00    0.00    0.00   92.13
05:08:33     all    7.58    0.00    1.01    0.00    0.00    0.51    0.00    0.00    0.00   90.91
05:08:34     all    6.52    0.00    1.25    0.00    0.00    0.75    0.00    0.00    0.00   91.48
05:08:35     all    6.84    0.00    0.76    0.00    0.00    0.76    0.00    0.00    0.00   91.65
05:08:36     all    7.52    0.00    1.00    0.00    0.00    0.75    0.00    0.00    0.00   90.73
05:08:37     all    6.63    0.00    0.77    0.00    0.00    0.51    0.00    0.00    0.00   92.09
05:08:38     all    7.04    0.00    1.01    0.00    0.00    0.75    0.00    0.00    0.00   91.21
05:08:39     all    6.85    0.00    0.51    0.00    0.00    0.76    0.00    0.00    0.00   91.88
05:08:40     all    7.05    0.00    0.76    0.00    0.00    1.01    0.00    0.00    0.00   91.18
05:08:41     all    6.14    0.00    0.77    0.00    0.00    0.00    0.00    0.00    0.00   93.09
05:08:42     all    7.02    0.00    1.00    0.00    0.00    1.00    0.00    0.00    0.00   90.98
05:08:43     all    6.08    0.00    1.27    0.00    0.00    0.51    0.00    0.00    0.00   92.15
05:08:44     all    7.12    0.00    0.51    0.00    0.00    0.51    0.00    0.00    0.00   91.86
05:08:45     all    6.84    0.00    1.01    0.00    0.00    0.76    0.00    0.00    0.00   91.39
05:08:46     all    6.31    0.00    1.01    0.00    0.00    0.76    0.00    0.00    0.00   91.92
05:08:47     all    6.35    0.00    0.76    0.00    0.00    0.76    0.00    0.00    0.00   92.13
05:08:48     all    6.11    0.00    1.02    0.00    0.00    0.51    0.00    0.00    0.00   92.37
05:08:49     all    6.89    0.00    1.02    0.00    0.00    0.51    0.00    0.00    0.00   91.58
05:08:50     all    7.04    0.00    0.75    0.00    0.00    0.75    0.00    0.00    0.00   91.46
05:08:51     all    7.30    0.00    1.01    0.00    0.00    0.76    0.00    0.00    0.00   90.93
05:08:52     all    6.57    0.00    1.01    0.00    0.00    0.51    0.00    0.00    0.00   91.92
05:08:53     all    6.84    0.00    1.01    0.00    0.00    0.51    0.00    0.00    0.00   91.65
05:08:54     all    7.32    0.00    0.76    0.00    0.00    0.76    0.00    0.00    0.00   91.16
05:08:55     all    6.84    0.00    1.01    0.00    0.00    0.51    0.00    0.00    0.00   91.65
05:08:56     all    7.29    0.00    1.01    0.00    0.00    0.75    0.25    0.00    0.00   90.70
05:08:57     all    6.58    0.00    1.27    0.00    0.00    0.76    0.00    0.00    0.00   91.39
05:08:58     all    7.07    0.00    0.76    0.00    0.00    0.51    0.00    0.00    0.00   91.67
05:08:59     all    6.63    0.00    1.28    0.00    0.00    0.26    0.00    0.00    0.00   91.84
05:09:00     all    7.04    0.00    1.26    0.00    0.00    0.50    0.00    0.00    0.00   91.21
05:09:01     all    7.29    0.00    1.01    0.25    0.00    0.75    0.00    0.00    0.00   90.70
05:09:02     all    7.05    0.00    1.01    0.00    0.00    0.50    0.00    0.00    0.00   91.44
05:09:03     all    6.53    0.00    1.51    0.00    0.00    0.75    0.00    0.00    0.00   91.21
05:09:04     all    6.87    0.00    0.51    0.00    0.00    0.51    0.00    0.00    0.00   92.11
05:09:05     all    6.58    0.00    1.27    0.00    0.00    0.51    0.00    0.00    0.00   91.65
05:09:06     all    3.79    0.00    0.51    0.00    0.00    0.51    0.00    0.00    0.00   95.20
05:09:07     all    6.75    0.00    1.00    0.00    0.00    1.00    0.25    0.00    0.00   91.00
05:09:08     all    6.84    0.00    1.01    0.00    0.00    0.51    0.00    0.00    0.00   91.65
05:09:09     all    6.30    0.00    1.26    0.00    0.00    0.76    0.00    0.00    0.00   91.69
05:09:10     all    6.58    0.00    1.27    0.00    0.00    0.51    0.00    0.00    0.00   91.65
05:09:11     all    6.85    0.00    1.02    0.00    0.00    0.51    0.00    0.00    0.00   91.62
05:09:12     all    7.30    0.00    0.76    0.00    0.00    1.01    0.00    0.00    0.00   90.93
05:09:13     all    7.34    0.00    1.01    0.00    0.00    0.76    0.00    0.00    0.00   90.89
05:09:14     all    6.35    0.00    1.27    0.00    0.00    0.51    0.00    0.00    0.00   91.88
05:09:15     all    7.27    0.00    1.00    0.00    0.00    1.00    0.00    0.00    0.00   90.73
05:09:16     all    7.32    0.00    1.26    0.00    0.00    0.25    0.00    0.00    0.00   91.16
05:09:17     all    6.60    0.00    0.76    0.00    0.00    0.76    0.00    0.00    0.00   91.88
05:09:18     all    6.55    0.00    1.51    0.00    0.00    1.01    0.00    0.00    0.00   90.93
05:09:19     all    6.53    0.00    1.01    0.00    0.00    0.75    0.00    0.00    0.00   91.71
05:09:20     all    6.60    0.00    1.02    0.00    0.00    1.02    0.00    0.00    0.00   91.37
05:09:21     all    7.07    0.00    1.26    0.00    0.00    0.51    0.25    0.00    0.00   90.91
05:09:22     all    6.82    0.00    1.26    0.00    0.00    0.51    0.00    0.00    0.00   91.41
05:09:23     all    7.05    0.00    1.01    0.00    0.00    1.01    0.00    0.00    0.00   90.93
05:09:24     all    7.07    0.00    0.51    0.00    0.00    0.76    0.00    0.00    0.00   91.67
05:09:25     all    6.80    0.00    1.26    0.00    0.00    1.01    0.00    0.00    0.00   90.93
05:09:26     all    7.09    0.00    1.27    0.00    0.00    0.25    0.00    0.00    0.00   91.39
05:09:27     all    7.09    0.00    0.76    0.00    0.00    0.76    0.00    0.00    0.00   91.39
05:09:28     all    7.05    0.00    1.26    0.00    0.00    1.01    0.00    0.00    0.00   90.68
05:09:29     all    7.32    0.00    1.26    0.00    0.00    0.25    0.00    0.00    0.00   91.16
05:09:30     all    7.09    0.00    0.51    0.00    0.00    1.01    0.00    0.00    0.00   91.39
05:09:31     all    7.05    0.00    1.51    0.00    0.00    0.76    0.00    0.00    0.00   90.68
05:09:32     all    6.80    0.00    1.01    0.00    0.00    0.76    0.00    0.00    0.00   91.44
05:09:33     all    7.12    0.00    0.76    0.00    0.00    0.51    0.00    0.00    0.00   91.60
05:09:34     all    6.87    0.00    0.76    0.00    0.00    0.25    0.00    0.00    0.00   92.11
05:09:35     all    7.04    0.00    1.01    0.00    0.00    1.01    0.00    0.00    0.00   90.95
05:09:36     all    6.39    0.00    1.28    0.00    0.00    0.26    0.00    0.00    0.00   92.07
05:09:37     all    7.05    0.00    1.01    0.00    0.00    0.50    0.00    0.00    0.00   91.44
05:09:38     all    7.48    0.00    1.00    0.00    0.00    1.00    0.00    0.00    0.00   90.52
05:09:39     all    7.36    0.00    0.76    0.00    0.00    0.76    0.00    0.00    0.00   91.12
05:09:40     all    6.77    0.00    1.25    0.00    0.00    0.50    0.25    0.00    0.00   91.23
05:09:41     all    7.07    0.00    1.01    0.00    0.00    0.76    0.00    0.00    0.00   91.16
05:09:42     all    5.88    0.00    0.51    0.00    0.00    0.77    0.00    0.00    0.00   92.84
05:09:43     all    7.59    0.00    0.76    0.00    0.00    0.51    0.00    0.00    0.00   91.14
05:09:44     all    7.79    0.00    1.26    0.00    0.00    0.50    0.00    0.00    0.00   90.45
05:09:45     all    7.34    0.00    0.76    0.00    0.00    0.76    0.00    0.00    0.00   91.14
05:09:46     all    6.85    0.00    1.02    0.00    0.00    0.51    0.00    0.00    0.00   91.62
05:09:47     all    6.82    0.00    1.01    0.00    0.00    0.76    0.00    0.00    0.00   91.41
05:09:48     all    7.04    0.00    1.01    0.00    0.00    0.75    0.00    0.00    0.00   91.21
05:09:49     all    7.07    0.00    1.01    0.00    0.00    0.76    0.00    0.00    0.00   91.16
05:09:50     all    7.14    0.00    1.02    0.00    0.00    0.26    0.00    0.00    0.00   91.58
05:09:51     all    6.80    0.00    1.01    0.00    0.00    0.76    0.00    0.00    0.00   91.44
05:09:52     all    7.79    0.00    1.01    0.00    0.00    0.75    0.00    0.00    0.00   90.45
05:09:53     all    6.60    0.00    1.27    0.00    0.00    0.51    0.00    0.00    0.00   91.62
05:09:54     all    7.38    0.00    0.00    0.25    0.00    0.76    0.00    0.00    0.00   91.60
05:09:55     all    7.09    0.00    1.01    0.00    0.00    0.51    0.00    0.00    0.00   91.39
05:09:56     all    7.04    0.00    1.26    0.00    0.00    1.01    0.00    0.00    0.00   90.70
05:09:57     all    6.58    0.00    1.27    0.00    0.00    0.76    0.00    0.00    0.00   91.39
05:09:58     all    7.07    0.00    0.76    0.00    0.00    0.76    0.00    0.00    0.00   91.41
05:09:59     all    6.60    0.00    0.76    0.00    0.00    0.51    0.00    0.00    0.00   92.13
05:10:00     all    6.87    0.00    0.76    0.00    0.00    0.51    0.00    0.00    0.00   91.86
05:10:01     all    6.33    0.00    1.01    0.00    0.00    0.76    0.00    0.00    0.00   91.90
05:10:02     all    7.25    0.00    1.00    0.00    0.00    1.00    0.25    0.00    0.00   90.50
05:10:03     all    6.55    0.00    1.01    0.00    0.00    0.76    0.00    0.00    0.00   91.69
05:10:04     all    6.87    0.00    0.76    0.00    0.00    0.51    0.00    0.00    0.00   91.86
05:10:05     all    6.80    0.00    1.01    0.00    0.00    1.01    0.00    0.00    0.00   91.18
05:10:06     all    7.02    0.00    1.25    0.00    0.00    0.50    0.00    0.00    0.00   91.23
05:10:07     all    7.14    0.00    0.26    0.00    0.00    0.51    0.00    0.00    0.00   92.09
05:10:08     all    6.55    0.00    1.01    0.00    0.00    1.01    0.00    0.00    0.00   91.44
05:10:09     all    6.58    0.00    1.01    0.00    0.00    0.51    0.00    0.00    0.00   91.90
05:10:10     all    6.35    0.00    1.02    0.25    0.00    0.51    0.25    0.00    0.00   91.62
05:10:11     all    7.25    0.00    1.50    0.00    0.00    1.00    0.00    0.00    0.00   90.25
05:10:12     all    6.36    0.00    0.76    0.00    0.00    0.51    0.00    0.00    0.00   92.37
05:10:13     all    6.85    0.00    0.76    0.00    0.00    0.76    0.00    0.00    0.00   91.62
05:10:14     all    6.57    0.00    1.26    0.00    0.00    0.76    0.00    0.00    0.00   91.41
05:10:15     all    6.82    0.00    1.01    0.00    0.00    0.76    0.00    0.00    0.00   91.41
05:10:16     all    6.57    0.00    1.26    0.00    0.00    0.76    0.00    0.00    0.00   91.41
05:10:17     all    7.07    0.00    0.76    0.00    0.00    0.76    0.00    0.00    0.00   91.41
05:10:18     all    7.30    0.00    1.26    0.00    0.00    0.50    0.00    0.00    0.00   90.93
05:10:19     all    7.04    0.00    1.01    0.00    0.00    1.01    0.00    0.00    0.00   90.95
05:10:20     all    6.58    0.00    0.76    0.00    0.00    0.76    0.00    0.00    0.00   91.90
05:10:21     all    6.85    0.00    1.02    0.00    0.00    0.76    0.00    0.00    0.00   91.37
05:10:22     all    6.53    0.00    1.76    0.00    0.00    0.50    0.25    0.00    0.00   90.95
05:10:23     all    6.85    0.00    0.76    0.00    0.00    0.76    0.00    0.00    0.00   91.62
05:10:24     all    7.61    0.00    0.25    0.00    0.00    0.76    0.00    0.00    0.00   91.37
05:10:25     all    7.07    0.00    1.01    0.00    0.00    0.51    0.00    0.00    0.00   91.41
05:10:26     all    6.58    0.00    0.76    0.00    0.00    0.76    0.00    0.00    0.00   91.90
05:10:27     all    6.84    0.00    1.27    0.25    0.00    1.01    0.00    0.00    0.00   90.63
05:10:28     all    7.34    0.00    1.01    0.00    0.00    0.25    0.00    0.00    0.00   91.39
05:10:29     all    6.82    0.00    0.76    0.00    0.00    1.01    0.00    0.00    0.00   91.41
05:10:30     all    6.87    0.00    1.02    0.25    0.00    0.25    0.00    0.00    0.00   91.60
05:10:31     all    6.82    0.00    1.26    0.00    0.00    0.51    0.00    0.00    0.00   91.41
05:10:32     all    7.04    0.00    1.01    0.25    0.00    1.01    0.00    0.00    0.00   90.70
05:10:33     all    7.11    0.00    1.02    0.00    0.00    0.76    0.00    0.00    0.00   91.12
05:10:34     all    7.30    0.00    0.76    0.00    0.00    0.76    0.00    0.00    0.00   91.18
05:10:35     all    7.09    0.00    1.01    0.00    0.00    0.76    0.00    0.00    0.00   91.14
05:10:36     all    6.80    0.00    1.26    0.00    0.00    1.01    0.00    0.00    0.00   90.93
05:10:37     all    7.32    0.00    0.76    0.00    0.00    0.76    0.00    0.00    0.00   91.16
05:10:38     all    7.29    0.00    1.01    0.00    0.00    0.75    0.00    0.00    0.00   90.95
05:10:39     all    6.87    0.00    1.02    0.00    0.00    0.51    0.00    0.00    0.00   91.60
05:10:40     all    6.87    0.00    0.76    0.00    0.00    0.76    0.00    0.00    0.00   91.60
05:10:41     all    6.84    0.00    1.27    0.00    0.00    1.01    0.00    0.00    0.00   90.89
05:10:42     all    7.29    0.00    1.01    0.00    0.00    0.75    0.00    0.00    0.00   90.95
05:10:43     all    7.05    0.00    1.26    0.00    0.00    0.76    0.00    0.00    0.00   90.93
05:10:44     all    7.11    0.00    0.76    0.00    0.00    0.76    0.00    0.00    0.00   91.37
05:10:45     all    7.07    0.00    0.76    0.00    0.00    1.01    0.00    0.00    0.00   91.16
05:10:46     all    6.85    0.00    1.02    0.00    0.00    0.76    0.00    0.00    0.00   91.37
05:10:47     all    7.05    0.00    1.01    0.00    0.00    0.50    0.00    0.00    0.00   91.44
05:10:48     all    7.58    0.00    0.51    0.00    0.00    0.76    0.00    0.00    0.00   91.16
05:10:49     all    6.57    0.00    0.76    0.00    0.00    0.76    0.00    0.00    0.00   91.92
05:10:50     all    6.85    0.00    1.02    0.00    0.00    0.76    0.00    0.00    0.00   91.37
05:10:51     all    7.04    0.00    1.01    0.00    0.00    1.01    0.25    0.00    0.00   90.70
05:10:52     all    7.09    0.00    1.27    0.00    0.00    0.25    0.00    0.00    0.00   91.39
05:10:53     all    7.07    0.00    1.01    0.00    0.00    1.01    0.00    0.00    0.00   90.91
05:10:54     all    7.05    0.00    1.01    0.00    0.00    0.50    0.00    0.00    0.00   91.44
05:10:55     all    7.36    0.00    1.02    0.00    0.00    0.25    0.00    0.00    0.00   91.37
05:10:56     all    7.09    0.00    0.76    0.00    0.00    0.76    0.00    0.00    0.00   91.39
05:10:57     all    7.32    0.00    1.26    0.00    0.00    0.76    0.00    0.00    0.00   90.66
05:10:58     all    7.05    0.00    1.01    0.00    0.00    0.76    0.00    0.00    0.00   91.18
05:10:59     all    7.05    0.00    1.01    0.00    0.00    0.76    0.00    0.00    0.00   91.18
05:11:00     all    7.77    0.00    1.00    0.00    0.00    0.75    0.00    0.00    0.00   90.48
05:11:01     all    7.11    0.00    1.02    0.00    0.00    0.25    0.00    0.00    0.00   91.62
05:11:02     all    1.52    0.00    0.00    0.00    0.00    0.25    0.00    0.00    0.00   98.23
05:11:03     all    4.01    0.00    0.75    0.00    0.00    0.50    0.00    0.00    0.00   94.74
05:11:04     all    6.53    0.00    0.75    0.00    0.00    0.75    0.00    0.00    0.00   91.96
05:11:05     all    5.61    0.00    0.77    0.00    0.00    0.26    0.00    0.00    0.00   93.37
05:11:06     all    7.05    0.00    1.01    0.00    0.00    1.01    0.00    0.00    0.00   90.93
05:11:07     all    6.57    0.00    1.01    0.00    0.00    0.76    0.00    0.00    0.00   91.67
05:11:08     all    6.84    0.00    1.01    0.00    0.00    0.51    0.00    0.00    0.00   91.65
05:11:09     all    6.55    0.00    1.51    0.00    0.00    1.01    0.00    0.00    0.00   90.93
05:11:10     all    7.12    0.00    0.76    0.00    0.00    0.51    0.00    0.00    0.00   91.60
05:11:11     all    7.09    0.00    0.51    0.00    0.00    1.01    0.00    0.00    0.00   91.39
05:11:12     all    6.75    0.00    1.75    0.00    0.00    0.75    0.25    0.00    0.00   90.50
05:11:13     all    7.07    0.00    1.01    0.00    0.00    0.76    0.00    0.00    0.00   91.16
05:11:14     all    6.58    0.00    0.76    0.00    0.00    1.01    0.00    0.00    0.00   91.65
05:11:15     all    7.02    0.00    1.50    0.00    0.00    1.00    0.00    0.00    0.00   90.48
05:11:16     all    6.87    0.00    0.51    0.00    0.00    0.76    0.00    0.00    0.00   91.86
05:11:17     all    6.80    0.00    1.01    0.00    0.00    0.76    0.25    0.00    0.00   91.18
05:11:18     all    7.09    0.00    1.01    0.00    0.00    0.76    0.00    0.00    0.00   91.14
05:11:19     all    7.30    0.00    1.01    0.00    0.00    0.50    0.00    0.00    0.00   91.18
05:11:20     all    7.05    0.00    1.01    0.00    0.00    0.76    0.00    0.00    0.00   91.18
05:11:21     all    6.85    0.00    1.02    0.00    0.00    0.76    0.00    0.00    0.00   91.37
05:11:22     all    6.87    0.00    0.76    0.00    0.00    0.51    0.00    0.00    0.00   91.86
05:11:23     all    7.07    0.00    1.01    0.00    0.00    0.51    0.00    0.00    0.00   91.41
05:11:24     all    7.05    0.00    1.26    0.00    0.00    0.76    0.00    0.00    0.00   90.93
05:11:25     all    7.40    0.00    0.77    0.00    0.00    0.00    0.00    0.00    0.00   91.84
05:11:26     all    6.82    0.00    1.26    0.00    0.00    0.51    0.00    0.00    0.00   91.41
05:11:27     all    6.57    0.00    1.01    0.00    0.00    1.01    0.00    0.00    0.00   91.41
05:11:28     all    7.11    0.00    0.76    0.00    0.00    0.25    0.00    0.00    0.00   91.88
05:11:29     all    7.48    0.00    1.25    0.25    0.00    0.75    0.00    0.00    0.00   90.27
05:11:30     all    6.09    0.00    1.27    0.00    0.00    0.76    0.00    0.00    0.00   91.88
05:11:31     all    7.50    0.00    1.25    0.00    0.00    0.75    0.00    0.00    0.00   90.50
05:11:32     all    7.12    0.00    0.76    0.00    0.00    0.51    0.00    0.00    0.00   91.60
05:11:33     all    6.80    0.00    1.01    0.00    0.00    0.76    0.25    0.00    0.00   91.18
05:11:34     all    7.38    0.00    0.76    0.00    0.00    0.51    0.00    0.00    0.00   91.35
05:11:35     all    7.54    0.00    1.01    0.00    0.00    0.75    0.00    0.00    0.00   90.70
05:11:36     all    6.82    0.00    1.01    0.00    0.00    0.76    0.00    0.00    0.00   91.41
05:11:37     all    6.85    0.00    1.27    0.00    0.00    0.25    0.00    0.00    0.00   91.62
05:11:38     all    6.60    0.00    1.27    0.00    0.00    1.02    0.00    0.00    0.00   91.12
05:11:39     all    6.84    0.00    1.01    0.00    0.00    0.76    0.00    0.00    0.00   91.39
05:11:40     all    6.33    0.00    1.52    0.00    0.00    0.76    0.00    0.00    0.00   91.39
05:11:41     all    7.05    0.00    0.76    0.00    0.00    1.26    0.00    0.00    0.00   90.93
05:11:42     all    7.09    0.00    0.76    0.00    0.00    0.25    0.00    0.00    0.00   91.90
05:11:43     all    6.62    0.00    1.02    0.00    0.00    0.76    0.00    0.00    0.00   91.60
05:11:44     all    6.80    0.00    1.51    0.00    0.00    0.76    0.00    0.00    0.00   90.93
05:11:45     all    6.82    0.00    1.26    0.00    0.00    0.76    0.00    0.00    0.00   91.16
05:11:46     all    7.59    0.00    1.27    0.00    0.00    0.76    0.00    0.00    0.00   90.38
05:11:47     all    7.58    0.00    1.26    0.00    0.00    0.51    0.25    0.00    0.00   90.40
05:11:48     all    7.59    0.00    0.76    0.00    0.00    0.51    0.00    0.00    0.00   91.14
05:11:49     all    7.29    0.00    1.01    0.00    0.00    1.26    0.00    0.00    0.00   90.45
05:11:50     all    6.63    0.00    1.02    0.00    0.00    0.26    0.00    0.00    0.00   92.09
05:11:51     all    6.80    0.00    1.01    0.00    0.00    1.26    0.00    0.00    0.00   90.93
05:11:52     all    7.09    0.00    1.01    0.00    0.00    0.51    0.00    0.00    0.00   91.39
05:11:53     all    7.59    0.00    0.76    0.00    0.00    1.01    0.00    0.00    0.00   90.63
05:11:54     all    7.05    0.00    1.01    0.00    0.00    0.76    0.00    0.00    0.00   91.18
05:11:55     all    7.36    0.00    1.27    0.00    0.00    0.25    0.00    0.00    0.00   91.12
05:11:56     all    6.82    0.00    1.26    0.00    0.00    0.51    0.00    0.00    0.00   91.41
05:11:57     all    7.79    0.00    1.26    0.00    0.00    0.75    0.00    0.00    0.00   90.20
05:11:58     all    6.35    0.00    1.02    0.00    0.00    1.02    0.00    0.00    0.00   91.62
05:11:59     all    7.07    0.00    1.01    0.00    0.00    0.76    0.00    0.00    0.00   91.16
05:12:00     all    6.85    0.00    0.76    0.00    0.00    0.51    0.00    0.00    0.00   91.88
05:12:01     all    7.65    0.00    0.26    0.00    0.00    0.77    0.00    0.00    0.00   91.33
05:12:02     all    6.80    0.00    1.76    0.00    0.00    0.25    0.00    0.00    0.00   91.18
05:12:03     all    7.58    0.00    0.76    0.00    0.00    0.76    0.00    0.00    0.00   90.91
05:12:04     all    6.35    0.00    1.27    0.00    0.00    0.51    0.00    0.00    0.00   91.88
05:12:05     all    7.04    0.00    1.01    0.00    0.00    1.01    0.00    0.00    0.00   90.95
05:12:06     all    7.09    0.00    1.01    0.00    0.00    0.51    0.00    0.00    0.00   91.39
05:12:07     all    7.05    0.00    1.01    0.00    0.00    1.26    0.00    0.00    0.00   90.68
05:12:08     all    7.30    0.00    0.50    0.00    0.00    0.50    0.00    0.00    0.00   91.69
05:12:09     all    6.84    0.00    1.27    0.00    0.00    1.01    0.00    0.00    0.00   90.89
05:12:10     all    6.80    0.00    1.26    0.25    0.00    0.50    0.00    0.00    0.00   91.18
05:12:11     all    6.80    0.00    1.26    0.00    0.00    1.01    0.00    0.00    0.00   90.93
05:12:12     all    7.12    0.00    0.51    0.00    0.00    0.25    0.00    0.00    0.00   92.11
05:12:13     all    6.80    0.00    1.01    0.00    0.00    0.76    0.25    0.00    0.00   91.18
05:12:14     all    7.07    0.00    1.26    0.00    0.00    0.51    0.00    0.00    0.00   91.16
05:12:15     all    7.05    0.00    1.01    0.00    0.00    0.76    0.00    0.00    0.00   91.18
05:12:16     all    7.36    0.00    0.76    0.00    0.00    0.51    0.00    0.00    0.00   91.37
05:12:17     all    7.29    0.00    1.01    0.00    0.00    1.01    0.00    0.00    0.00   90.70
05:12:18     all    6.38    0.00    1.02    0.00    0.00    0.51    0.00    0.00    0.00   92.09
05:12:19     all    7.11    0.00    0.76    0.00    0.00    0.51    0.00    0.00    0.00   91.62
05:12:20     all    7.58    0.00    0.51    0.00    0.00    0.76    0.00    0.00    0.00   91.16
05:12:21     all    6.80    0.00    1.26    0.00    0.00    1.01    0.00    0.00    0.00   90.93
05:12:22     all    7.79    0.00    1.01    0.00    0.00    0.50    0.00    0.00    0.00   90.70
05:12:23     all    7.29    0.00    1.01    0.00    0.00    0.75    0.00    0.00    0.00   90.95
05:12:24     all    7.09    0.00    1.01    0.00    0.00    0.51    0.00    0.00    0.00   91.39
05:12:25     all    7.83    0.00    0.76    0.00    0.00    0.51    0.00    0.00    0.00   90.91
05:12:26     all    7.30    0.00    1.01    0.00    0.00    0.76    0.00    0.00    0.00   90.93
05:12:27     all    7.07    0.00    1.01    0.00    0.00    1.01    0.00    0.00    0.00   90.91
05:12:28     all    7.09    0.00    1.27    0.00    0.00    0.25    0.00    0.00    0.00   91.39
05:12:29     all    7.30    0.00    1.01    0.00    0.00    0.50    0.00    0.00    0.00   91.18
05:12:30     all    6.63    0.00    0.77    0.00    0.00    0.77    0.00    0.00    0.00   91.84
05:12:31     all    7.05    0.00    1.01    0.00    0.00    1.01    0.00    0.00    0.00   90.93
05:12:32     all    6.85    0.00    1.02    0.00    0.00    0.51    0.00    0.00    0.00   91.62
05:12:33     all    6.80    0.00    1.26    0.00    0.00    1.01    0.00    0.00    0.00   90.93
05:12:34     all    7.07    0.00    1.01    0.00    0.00    1.01    0.00    0.00    0.00   90.91
05:12:35     all    7.11    0.00    0.76    0.00    0.00    0.00    0.00    0.00    0.00   92.13
05:12:36     all    6.60    0.00    0.76    0.00    0.00    0.76    0.25    0.00    0.00   91.62
05:12:37     all    6.58    0.00    1.01    0.00    0.00    0.76    0.00    0.00    0.00   91.65
05:12:38     all    6.60    0.00    1.02    0.00    0.00    0.51    0.00    0.00    0.00   91.88
05:12:39     all    6.80    0.00    0.76    0.25    0.00    0.50    0.25    0.00    0.00   91.44
05:12:40     all    7.27    0.00    1.00    0.00    0.00    1.00    0.00    0.00    0.00   90.73
05:12:41     all    7.54    0.00    1.01    0.00    0.00    0.75    0.00    0.00    0.00   90.70
05:12:42     all    6.85    0.00    1.02    0.00    0.00    0.51    0.00    0.00    0.00   91.62
05:12:43     all    6.84    0.00    1.27    0.00    0.00    0.51    0.00    0.00    0.00   91.39
05:12:44     all    6.38    0.00    0.77    0.00    0.00    0.51    0.00    0.00    0.00   92.35
05:12:45     all    6.35    0.00    1.02    0.00    0.00    0.76    0.00    0.00    0.00   91.88
05:12:46     all    7.58    0.00    0.76    0.00    0.00    0.51    0.00    0.00    0.00   91.16
05:12:47     all    6.80    0.00    1.01    0.00    0.00    0.76    0.00    0.00    0.00   91.44
05:12:48     all    6.84    0.00    1.01    0.00    0.00    0.76    0.00    0.00    0.00   91.39
05:12:49     all    6.85    0.00    0.76    0.00    0.00    0.25    0.00    0.00    0.00   92.13
05:12:50     all    7.05    0.00    1.01    0.00    0.00    1.01    0.00    0.00    0.00   90.93
05:12:51     all    6.35    0.00    1.02    0.00    0.00    0.76    0.00    0.00    0.00   91.88
05:12:52     all    7.04    0.00    1.01    0.00    0.00    0.50    0.25    0.00    0.00   91.21
05:12:53     all    7.32    0.00    1.52    0.00    0.00    1.01    0.00    0.00    0.00   90.15
05:12:54     all    7.83    0.00    0.76    0.00    0.00    0.51    0.00    0.00    0.00   90.91
05:12:55     all    6.85    0.00    1.27    0.00    0.00    0.51    0.00    0.00    0.00   91.37
05:12:56     all    7.30    0.00    1.01    0.00    0.00    0.50    0.00    0.00    0.00   91.18
05:12:57     all    7.58    0.00    1.01    0.00    0.00    0.51    0.00    0.00    0.00   90.91
05:12:58     all    6.82    0.00    1.01    0.25    0.00    1.26    0.00    0.00    0.00   90.66
05:12:59     all    6.62    0.00    1.27    0.00    0.00    0.25    0.00    0.00    0.00   91.86
05:13:00     all    7.07    0.00    1.01    0.00    0.00    0.76    0.00    0.00    0.00   91.16
05:13:01     all    7.50    0.00    1.25    0.00    0.00    0.75    0.00    0.00    0.00   90.50
05:13:02     all    7.12    0.00    0.76    0.00    0.00    0.76    0.00    0.00    0.00   91.35
05:13:03     all    7.05    0.00    1.26    0.00    0.00    0.76    0.00    0.00    0.00   90.93
05:13:04     all    6.87    0.00    0.76    0.00    0.00    0.76    0.00    0.00    0.00   91.60
05:13:05     all    7.07    0.00    0.76    0.00    0.00    0.76    0.00    0.00    0.00   91.41
05:13:06     all    6.78    0.00    1.51    0.00    0.00    0.50    0.00    0.00    0.00   91.21
05:13:07     all    7.56    0.00    1.01    0.00    0.00    0.50    0.00    0.00    0.00   90.93
05:13:08     all    6.85    0.00    0.51    0.00    0.00    0.76    0.00    0.00    0.00   91.88
05:13:09     all    6.53    0.00    1.51    0.00    0.00    0.75    0.25    0.00    0.00   90.95
05:13:10     all    7.58    0.00    0.76    0.00    0.00    0.76    0.00    0.00    0.00   90.91
05:13:11     all    6.82    0.00    1.01    0.00    0.00    0.51    0.00    0.00    0.00   91.67
05:13:12     all    7.07    0.00    1.01    0.00    0.00    0.76    0.00    0.00    0.00   91.16
05:13:13     all    6.62    0.00    1.02    0.00    0.00    0.51    0.00    0.00    0.00   91.86
05:13:14     all    7.05    0.00    0.76    0.00    0.00    1.01    0.00    0.00    0.00   91.18
05:13:15     all    6.84    0.00    0.76    0.00    0.00    0.76    0.00    0.00    0.00   91.65
05:13:16     all    7.54    0.00    1.26    0.00    0.00    0.50    0.00    0.00    0.00   90.70
05:13:17     all    6.60    0.00    1.02    0.00    0.00    1.02    0.00    0.00    0.00   91.37
05:13:18     all    7.79    0.00    0.50    0.00    0.00    0.50    0.00    0.00    0.00   91.21
05:13:19     all    7.04    0.00    1.26    0.00    0.00    1.01    0.00    0.00    0.00   90.70
05:13:20     all    7.07    0.00    1.01    0.00    0.00    0.51    0.00    0.00    0.00   91.41
05:13:21     all    7.29    0.00    1.01    0.00    0.00    1.01    0.00    0.00    0.00   90.70
05:13:22     all    6.11    0.00    1.02    0.00    0.00    0.76    0.00    0.00    0.00   92.11
05:13:23     all    7.59    0.00    0.76    0.00    0.00    0.25    0.00    0.00    0.00   91.39
05:13:24     all    6.80    0.00    1.26    0.00    0.00    1.01    0.00    0.00    0.00   90.93
05:13:25     all    6.85    0.00    1.02    0.25    0.00    0.51    0.00    0.00    0.00   91.37
05:13:26     all    6.57    0.00    1.01    0.00    0.00    1.01    0.00    0.00    0.00   91.41
05:13:27     all    7.29    0.00    1.26    0.00    0.00    1.01    0.00    0.00    0.00   90.45
05:13:28     all    6.85    0.00    0.51    0.00    0.00    0.76    0.00    0.00    0.00   91.88
05:13:29     all    7.36    0.00    0.76    0.00    0.00    0.25    0.00    0.00    0.00   91.62
05:13:30     all    7.30    0.00    0.76    0.00    0.00    0.76    0.00    0.00    0.00   91.18
05:13:31     all    7.05    0.00    1.26    0.00    0.00    0.76    0.00    0.00    0.00   90.93
05:13:32     all    6.89    0.00    0.77    0.00    0.00    0.77    0.00    0.00    0.00   91.58
05:13:33     all    7.52    0.00    1.25    0.00    0.00    0.50    0.25    0.00    0.00   90.48
05:13:34     all    7.11    0.00    0.51    0.00    0.00    0.51    0.00    0.00    0.00   91.88
05:13:35     all    7.09    0.00    1.01    0.00    0.00    0.76    0.00    0.00    0.00   91.14
05:13:36     all    6.57    0.00    1.01    0.00    0.00    1.01    0.00    0.00    0.00   91.41
05:13:37     all    6.58    0.00    0.76    0.00    0.00    0.76    0.00    0.00    0.00   91.90
05:13:38     all    6.57    0.00    1.01    0.00    0.00    0.76    0.00    0.00    0.00   91.67
05:13:39     all    6.82    0.00    1.26    0.00    0.00    0.51    0.00    0.00    0.00   91.41
05:13:40     all    6.09    0.00    1.02    0.00    0.00    1.02    0.00    0.00    0.00   91.88
05:13:41     all    6.58    0.00    1.01    0.00    0.00    0.51    0.00    0.00    0.00   91.90
05:13:42     all    6.55    0.00    1.01    0.00    0.00    0.50    0.00    0.00    0.00   91.94
05:13:43     all    6.85    0.00    0.76    0.00    0.00    0.51    0.00    0.00    0.00   91.88
05:13:44     all    7.30    0.00    0.76    0.00    0.00    0.50    0.00    0.00    0.00   91.44
05:13:45     all    6.60    0.00    0.51    0.00    0.00    0.76    0.00    0.00    0.00   92.13
05:13:46     all    6.82    0.00    1.01    0.25    0.00    0.25    0.00    0.00    0.00   91.67
05:13:47     all    7.05    0.00    0.76    0.00    0.00    0.76    0.00    0.00    0.00   91.44
05:13:48     all    8.40    0.00    1.27    0.00    0.00    0.76    0.00    0.00    0.00   89.57
05:13:49     all    7.54    0.00    1.01    0.00    0.00    0.75    0.00    0.00    0.00   90.70
05:13:50     all    6.62    0.00    1.27    0.00    0.00    0.25    0.00    0.00    0.00   91.86
05:13:51     all    6.60    0.00    0.51    0.00    0.00    1.02    0.00    0.00    0.00   91.88
05:13:52     all    7.30    0.00    1.01    0.00    0.00    0.76    0.00    0.00    0.00   90.93
05:13:53     all    6.84    0.00    1.01    0.00    0.00    0.51    0.00    0.00    0.00   91.65
05:13:54     all    6.84    0.00    1.01    0.00    0.00    0.76    0.00    0.00    0.00   91.39
05:13:55     all    7.04    0.00    1.01    0.00    0.00    1.01    0.00    0.00    0.00   90.95
05:13:56     all    6.85    0.00    0.76    0.00    0.00    0.51    0.00    0.00    0.00   91.88
05:13:58     all    6.55    0.00    1.26    0.00    0.00    1.01    0.00    0.00    0.00   91.18
05:13:58     all    6.89    0.00    0.26    0.00    0.00    0.51    0.00    0.00    0.00   92.35
05:13:59     all    6.35    0.00    1.02    0.00    0.00    0.51    0.00    0.00    0.00   92.13
05:14:00     all    7.05    0.00    1.26    0.00    0.00    0.50    0.00    0.00    0.00   91.18
05:14:01     all    7.07    0.00    1.01    0.00    0.00    0.76    0.00    0.00    0.00   91.16
05:14:03     all    3.54    0.00    0.51    0.00    0.00    0.00    0.00    0.00    0.00   95.95
05:14:03     all    3.76    0.00    1.00    0.00    0.00    0.25    0.00    0.00    0.00   94.99
05:14:05     all    6.75    0.00    0.50    0.00    0.00    0.75    0.25    0.00    0.00   91.75
05:14:05     all    6.31    0.00    0.76    0.00    0.00    0.76    0.00    0.00    0.00   92.17
05:14:06     all    6.84    0.00    1.27    0.00    0.00    0.51    0.00    0.00    0.00   91.39
05:14:08     all    6.53    0.00    1.26    0.00    0.00    1.01    0.00    0.00    0.00   91.21
05:14:09     all    5.84    0.00    0.76    0.00    0.00    0.51    0.00    0.00    0.00   92.89
05:14:09     all    6.85    0.00    0.51    0.00    0.00    0.76    0.00    0.00    0.00   91.88
05:14:11     all    7.54    0.00    1.01    0.00    0.00    0.75    0.25    0.00    0.00   90.45
05:14:12     all    7.32    0.00    0.76    0.25    0.00    0.25    0.00    0.00    0.00   91.41
05:14:13     all    6.80    0.00    1.26    0.00    0.00    0.76    0.25    0.00    0.00   90.93
05:14:14     all    6.84    0.00    0.76    0.00    0.00    0.76    0.00    0.00    0.00   91.65
05:14:15     all    6.85    0.00    0.76    0.00    0.00    0.51    0.00    0.00    0.00   91.88
05:14:16     all    7.02    0.00    1.00    0.00    0.00    1.00    0.00    0.00    0.00   90.98
05:14:17     all    6.35    0.00    1.02    0.00    0.00    0.51    0.00    0.00    0.00   92.13
05:14:18     all    7.32    0.00    0.76    0.00    0.00    1.01    0.00    0.00    0.00   90.91
05:14:19     all    6.80    0.00    1.51    0.00    0.00    0.50    0.00    0.00    0.00   91.18
05:14:20     all    6.89    0.00    0.51    0.00    0.00    0.51    0.00    0.00    0.00   92.09
05:14:21     all    7.04    0.00    1.01    0.00    0.00    1.01    0.00    0.00    0.00   90.95
05:14:22     all    6.33    0.00    1.01    0.00    0.00    0.76    0.00    0.00    0.00   91.90
05:14:23     all    6.14    0.00    0.77    0.00    0.00    0.51    0.00    0.00    0.00   92.58
05:14:24     all    6.30    0.00    1.26    0.00    0.00    1.01    0.00    0.00    0.00   91.44
05:14:25     all    7.00    0.00    1.00    0.00    0.00    1.25    0.25    0.00    0.00   90.50
05:14:26     all    7.07    0.00    0.76    0.00    0.00    0.51    0.00    0.00    0.00   91.67
05:14:27     all    7.32    0.00    0.76    0.00    0.00    0.76    0.00    0.00    0.00   91.16
05:14:28     all    7.56    0.00    1.01    0.00    0.00    0.76    0.00    0.00    0.00   90.68
05:14:29     all    7.05    0.00    1.26    0.00    0.00    0.76    0.00    0.00    0.00   90.93
05:14:30     all    6.84    0.00    1.01    0.00    0.00    0.51    0.00    0.00    0.00   91.65
05:14:31     all    7.30    0.00    1.01    0.00    0.00    0.76    0.00    0.00    0.00   90.93
05:14:32     all    6.36    0.00    1.02    0.00    0.00    0.76    0.00    0.00    0.00   91.86
05:14:33     all    7.34    0.00    1.27    0.00    0.00    0.25    0.00    0.00    0.00   91.14
05:14:34     all    7.54    0.00    0.75    0.00    0.00    0.75    0.00    0.00    0.00   90.95
05:14:35     all    6.82    0.00    1.01    0.00    0.00    1.01    0.00    0.00    0.00   91.16
05:14:36     all    7.58    0.00    1.01    0.00    0.00    0.51    0.00    0.00    0.00   90.91
05:14:37     all    6.62    0.00    1.02    0.00    0.00    0.76    0.00    0.00    0.00   91.60
05:14:38     all    7.04    0.00    1.01    0.00    0.00    0.75    0.00    0.00    0.00   91.21
05:14:39     all    6.63    0.00    0.77    0.00    0.00    0.51    0.00    0.00    0.00   92.09
05:14:40     all    6.80    0.00    1.01    0.00    0.00    1.01    0.00    0.00    0.00   91.18
05:14:41     all    7.56    0.00    1.01    0.00    0.00    0.76    0.00    0.00    0.00   90.68
05:14:42     all    6.82    0.00    1.01    0.00    0.00    1.01    0.00    0.00    0.00   91.16
05:14:43     all    6.89    0.00    0.77    0.00    0.00    0.26    0.00    0.00    0.00   92.09
05:14:44     all    7.29    0.00    1.26    0.00    0.00    0.75    0.00    0.00    0.00   90.70
05:14:45     all    7.56    0.00    0.76    0.00    0.00    0.76    0.00    0.00    0.00   90.93
05:14:46     all    6.84    0.00    1.27    0.00    0.00    1.01    0.00    0.00    0.00   90.89
05:14:47     all    7.79    0.00    0.50    0.00    0.00    0.75    0.00    0.00    0.00   90.95
05:14:48     all    6.58    0.00    1.52    0.00    0.00    0.25    0.00    0.00    0.00   91.65
05:14:49     all    6.60    0.00    1.27    0.00    0.00    1.02    0.00    0.00    0.00   91.12
05:14:50     all    7.07    0.00    1.01    0.00    0.00    0.76    0.00    0.00    0.00   91.16
05:14:51     all    7.67    0.00    0.77    0.00    0.00    0.51    0.00    0.00    0.00   91.05
05:14:52     all    7.30    0.00    0.76    0.00    0.00    0.76    0.00    0.00    0.00   91.18
05:14:53     all    6.82    0.00    1.01    0.00    0.00    0.76    0.00    0.00    0.00   91.41
05:14:54     all    6.57    0.00    1.52    0.00    0.00    0.76    0.00    0.00    0.00   91.16
05:14:55     all    6.63    0.00    0.77    0.00    0.00    0.51    0.00    0.00    0.00   92.09
05:14:56     all    7.05    0.00    1.26    0.00    0.00    0.76    0.00    0.00    0.00   90.93
05:14:57     all    7.05    0.00    0.76    0.00    0.00    1.01    0.25    0.00    0.00   90.93
05:14:58     all    7.85    0.00    0.76    0.00    0.00    0.25    0.00    0.00    0.00   91.14
05:14:59     all    6.80    0.00    1.26    0.00    0.00    0.76    0.00    0.00    0.00   91.18
05:15:00     all    7.38    0.00    1.02    0.00    0.00    0.25    0.00    0.00    0.00   91.35
05:15:01     all    6.58    0.00    1.01    0.00    0.00    1.01    0.00    0.00    0.00   91.39
05:15:02     all    7.36    0.00    0.76    0.00    0.00    0.76    0.00    0.00    0.00   91.12
05:15:03     all    7.04    0.00    1.01    0.00    0.00    0.75    0.00    0.00    0.00   91.21
05:15:04     all    6.84    0.00    1.01    0.00    0.00    0.51    0.00    0.00    0.00   91.65
05:15:05     all    7.04    0.00    1.01    0.00    0.00    1.01    0.00    0.00    0.00   90.95
05:15:06     all    6.85    0.00    1.02    0.00    0.00    0.51    0.00    0.00    0.00   91.62
05:15:07     all    6.85    0.00    1.27    0.00    0.00    0.25    0.00    0.00    0.00   91.62
05:15:08     all    6.57    0.00    1.01    0.00    0.00    1.01    0.00    0.00    0.00   91.41
05:15:09     all    6.58    0.00    1.01    0.00    0.00    0.76    0.00    0.00    0.00   91.65
05:15:10     all    7.52    0.00    1.00    0.25    0.00    0.50    0.00    0.00    0.00   90.73
05:15:11     all    6.82    0.00    0.76    0.00    0.00    0.76    0.00    0.00    0.00   91.67
05:15:12     all    7.54    0.00    1.01    0.00    0.00    0.75    0.25    0.00    0.00   90.45
05:15:13     all    6.85    0.00    1.02    0.00    0.00    0.76    0.00    0.00    0.00   91.37
05:15:14     all    7.56    0.00    0.76    0.00    0.00    0.50    0.00    0.00    0.00   91.18
05:15:15     all    6.82    0.00    1.01    0.00    0.00    0.76    0.00    0.00    0.00   91.41
05:15:16     all    6.60    0.00    1.27    0.00    0.00    0.51    0.00    0.00    0.00   91.62
05:15:17     all    7.56    0.00    1.01    0.00    0.00    0.76    0.00    0.00    0.00   90.68
05:15:18     all    6.80    0.00    1.26    0.00    0.00    1.01    0.00    0.00    0.00   90.93
05:15:19     all    7.09    0.00    1.01    0.00    0.00    0.76    0.00    0.00    0.00   91.14
05:15:20     all    6.82    0.00    1.01    0.00    0.00    0.76    0.00    0.00    0.00   91.41
05:15:21     all    6.91    0.00    0.51    0.00    0.00    0.51    0.00    0.00    0.00   92.07
05:15:22     all    6.77    0.00    1.25    0.00    0.00    1.25    0.00    0.00    0.00   90.73
05:15:23     all    7.36    0.00    1.02    0.25    0.00    0.51    0.00    0.00    0.00   90.86
05:15:24     all    7.54    0.00    1.26    0.00    0.00    0.75    0.00    0.00    0.00   90.45
05:15:25     all    7.04    0.00    1.26    0.00    0.00    0.75    0.00    0.00    0.00   90.95
05:15:26     all    6.87    0.00    0.76    0.00    0.00    0.76    0.25    0.00    0.00   91.35
05:15:27     all    6.85    0.00    1.02    0.00    0.00    0.76    0.00    0.00    0.00   91.37
05:15:28     all    6.58    0.00    1.27    0.00    0.00    0.76    0.00    0.00    0.00   91.39
05:15:29     all    7.61    0.00    0.51    0.00    0.00    0.76    0.00    0.00    0.00   91.12
05:15:30     all    7.56    0.00    1.01    0.00    0.00    0.50    0.00    0.00    0.00   90.93
05:15:31     all    6.82    0.00    1.52    0.00    0.00    1.01    0.00    0.00    0.00   90.66
05:15:32     all    7.87    0.00    0.51    0.00    0.00    0.25    0.00    0.00    0.00   91.37
05:15:33     all    6.78    0.00    1.26    0.00    0.00    0.75    0.00    0.00    0.00   91.21
05:15:34     all    7.32    0.00    1.01    0.00    0.00    0.76    0.00    0.00    0.00   90.91
05:15:35     all    7.05    0.00    1.26    0.00    0.00    0.76    0.00    0.00    0.00   90.93
05:15:36     all    7.11    0.00    0.76    0.00    0.00    1.02    0.00    0.00    0.00   91.12
05:15:37     all    7.34    0.00    1.01    0.00    0.00    0.51    0.00    0.00    0.00   91.14
05:15:38     all    7.05    0.00    1.26    0.00    0.00    0.76    0.25    0.00    0.00   90.68
05:15:39     all    7.75    0.00    0.75    0.00    0.00    1.00    0.00    0.00    0.00   90.50
05:15:40     all    7.59    0.00    1.01    0.00    0.00    0.25    0.00    0.00    0.00   91.14
05:15:41     all    6.80    0.00    0.76    0.00    0.00    1.26    0.00    0.00    0.00   91.18
05:15:42     all    6.60    0.00    0.76    0.25    0.00    0.76    0.00    0.00    0.00   91.62
05:15:43     all    7.27    0.00    1.50    0.00    0.00    1.00    0.00    0.00    0.00   90.23
05:15:44     all    7.34    0.00    1.01    0.00    0.00    0.51    0.00    0.00    0.00   91.14
05:15:45     all    7.81    0.00    0.50    0.00    0.00    1.01    0.00    0.00    0.00   90.68
05:15:46     all    7.59    0.00    1.01    0.00    0.00    0.00    0.00    0.00    0.00   91.39
05:15:47     all    7.34    0.00    0.76    0.00    0.00    1.27    0.00    0.00    0.00   90.63
05:15:48     all    6.87    0.00    1.02    0.00    0.00    0.51    0.00    0.00    0.00   91.60
05:15:49     all    6.87    0.00    0.51    0.00    0.00    1.02    0.00    0.00    0.00   91.60
05:15:50     all    7.07    0.00    1.52    0.00    0.00    0.51    0.00    0.00    0.00   90.91
05:15:51     all    7.77    0.00    0.75    0.00    0.00    1.25    0.00    0.00    0.00   90.23
05:15:52     all    6.84    0.00    1.27    0.00    0.00    0.51    0.25    0.00    0.00   91.14
05:15:53     all    7.02    0.00    1.00    0.00    0.00    1.25    0.00    0.00    0.00   90.73
05:15:54     all    7.32    0.00    1.26    0.00    0.00    0.51    0.00    0.00    0.00   90.91
05:15:55     all    6.38    0.00    1.28    0.00    0.00    1.02    0.00    0.00    0.00   91.33
05:15:56     all    7.81    0.00    1.01    0.00    0.00    0.76    0.00    0.00    0.00   90.43
05:15:57     all    7.05    0.00    1.01    0.00    0.00    1.26    0.00    0.00    0.00   90.68
05:15:58     all    7.56    0.00    1.26    0.00    0.00    0.50    0.00    0.00    0.00   90.68
05:15:59     all    7.38    0.00    0.25    0.00    0.00    0.76    0.00    0.00    0.00   91.60
05:16:00     all    6.80    0.00    1.51    0.00    0.00    0.76    0.00    0.00    0.00   90.93
05:16:01     all    7.11    0.00    0.51    0.00    0.00    0.76    0.00    0.00    0.00   91.62
05:16:02     all    7.27    0.00    1.50    0.00    0.00    0.50    0.25    0.00    0.00   90.48
05:16:03     all    7.29    0.00    1.01    0.25    0.00    1.01    0.00    0.00    0.00   90.45
05:16:04     all    7.83    0.00    0.51    0.00    0.00    0.51    0.00    0.00    0.00   91.16
05:16:05     all    7.05    0.00    1.01    0.00    0.00    0.76    0.00    0.00    0.00   91.18
05:16:06     all    6.63    0.00    1.02    0.00    0.00    0.77    0.00    0.00    0.00   91.58
05:16:07     all    6.84    0.00    1.01    0.00    0.00    0.51    0.00    0.00    0.00   91.65
05:16:08     all    7.75    0.00    1.25    0.00    0.00    0.75    0.00    0.00    0.00   90.25
05:16:09     all    6.57    0.00    1.01    0.00    0.00    0.76    0.00    0.00    0.00   91.67
05:16:10     all    7.34    0.00    1.01    0.00    0.00    0.51    0.00    0.00    0.00   91.14
05:16:11     all    6.35    0.00    0.51    0.00    0.00    1.27    0.00    0.00    0.00   91.88
05:16:12     all    7.07    0.00    1.26    0.00    0.00    0.25    0.00    0.00    0.00   91.41
05:16:13     all    6.82    0.00    1.52    0.00    0.00    0.51    0.00    0.00    0.00   91.16
05:16:14     all    7.30    0.00    1.01    0.00    0.00    1.01    0.00    0.00    0.00   90.68
05:16:15     all    7.29    0.00    1.51    0.00    0.00    0.50    0.00    0.00    0.00   90.70
05:16:16     all    6.58    0.00    1.27    0.00    0.00    0.76    0.00    0.00    0.00   91.39
05:16:17     all    7.07    0.00    1.01    0.00    0.00    0.51    0.00    0.00    0.00   91.41
05:16:18     all    6.62    0.00    1.02    0.00    0.00    0.51    0.00    0.00    0.00   91.86
05:16:19     all    6.84    0.00    0.51    0.00    0.00    1.01    0.00    0.00    0.00   91.65
05:16:20     all    6.80    0.00    1.26    0.00    0.00    1.01    0.00    0.00    0.00   90.93
05:16:21     all    7.09    0.00    0.76    0.00    0.00    0.51    0.00    0.00    0.00   91.65
05:16:22     all    6.84    0.00    1.01    0.00    0.00    0.76    0.00    0.00    0.00   91.39
05:16:23     all    7.34    0.00    0.76    0.00    0.00    0.76    0.00    0.00    0.00   91.14
05:16:24     all    7.05    0.00    1.01    0.00    0.00    1.01    0.00    0.00    0.00   90.93
05:16:25     all    6.84    0.00    1.01    0.00    0.00    0.25    0.00    0.00    0.00   91.90
05:16:26     all    7.09    0.00    1.01    0.00    0.00    0.76    0.00    0.00    0.00   91.14
05:16:27     all    6.60    0.00    0.76    0.00    0.00    0.51    0.00    0.00    0.00   92.13
05:16:28     all    6.58    0.00    1.01    0.00    0.00    1.01    0.00    0.00    0.00   91.39
05:16:29     all    7.09    0.00    0.76    0.00    0.00    0.25    0.00    0.00    0.00   91.90
05:16:30     all    7.09    0.00    1.01    0.00    0.00    0.76    0.00    0.00    0.00   91.14
05:16:31     all    7.05    0.00    1.01    0.00    0.00    1.01    0.00    0.00    0.00   90.93
05:16:32     all    6.60    0.00    0.76    0.00    0.00    1.02    0.00    0.00    0.00   91.62
05:16:33     all    7.11    0.00    1.02    0.00    0.00    0.51    0.00    0.00    0.00   91.37
05:16:34     all    6.31    0.00    1.26    0.00    0.00    0.76    0.00    0.00    0.00   91.67
05:16:35     all    7.56    0.00    1.01    0.00    0.00    0.76    0.00    0.00    0.00   90.68
05:16:36     all    6.58    0.00    1.01    0.00    0.00    0.76    0.00    0.00    0.00   91.65
05:16:37     all    6.80    0.00    1.26    0.00    0.00    0.76    0.00    0.00    0.00   91.18
05:16:38     all    7.09    0.00    1.01    0.00    0.00    0.51    0.00    0.00    0.00   91.39
05:16:39     all    7.38    0.00    0.51    0.00    0.00    0.51    0.00    0.00    0.00   91.60
05:16:40     all    6.78    0.00    1.51    0.00    0.00    1.26    0.00    0.00    0.00   90.45
05:16:41     all    7.81    0.00    1.01    0.00    0.00    0.25    0.00    0.00    0.00   90.93
05:16:42     all    6.84    0.00    1.01    0.00    0.00    0.76    0.00    0.00    0.00   91.39
05:16:43     all    7.32    0.00    1.01    0.00    0.00    0.51    0.25    0.00    0.00   90.91
05:16:44     all    7.29    0.00    1.01    0.00    0.00    0.75    0.00    0.00    0.00   90.95
05:16:45     all    6.87    0.00    0.51    0.00    0.00    0.76    0.00    0.00    0.00   91.86
05:16:46     all    6.82    0.00    0.76    0.00    0.00    0.76    0.00    0.00    0.00   91.67
05:16:47     all    7.09    0.00    1.27    0.00    0.00    0.51    0.25    0.00    0.00   90.89
05:16:48     all    7.05    0.00    1.26    0.00    0.00    0.76    0.00    0.00    0.00   90.93
05:16:49     all    6.62    0.00    1.02    0.00    0.00    0.51    0.25    0.00    0.00   91.60
05:16:50     all    6.82    0.00    1.01    0.00    0.00    0.51    0.00    0.00    0.00   91.67
05:16:51     all    7.07    0.00    1.01    0.00    0.00    0.51    0.00    0.00    0.00   91.41
05:16:52     all    6.84    0.00    1.27    0.00    0.00    0.51    0.00    0.00    0.00   91.39
05:16:53     all    6.84    0.00    0.76    0.00    0.00    1.27    0.00    0.00    0.00   91.14
05:16:54     all    7.59    0.00    0.76    0.00    0.00    0.25    0.00    0.00    0.00   91.39
05:16:55     all    7.09    0.00    1.01    0.00    0.00    0.76    0.00    0.00    0.00   91.14
05:16:56     all    7.32    0.00    0.51    0.00    0.00    0.51    0.25    0.00    0.00   91.41
05:16:57     all    7.04    0.00    1.26    0.00    0.00    1.01    0.00    0.00    0.00   90.70
05:16:58     all    7.30    0.00    0.76    0.00    0.00    0.76    0.00    0.00    0.00   91.18
05:16:59     all    7.12    0.00    1.27    0.00    0.00    0.51    0.00    0.00    0.00   91.09
05:17:00     all    7.09    0.00    0.76    0.00    0.00    0.51    0.00    0.00    0.00   91.65
05:17:01     all    6.33    0.00    1.27    0.00    0.00    0.76    0.00    0.00    0.00   91.65
05:17:02     all    7.32    0.00    0.76    0.00    0.00    1.01    0.00    0.00    0.00   90.91
05:17:03     all    5.57    0.00    0.51    0.00    0.00    0.25    0.00    0.00    0.00   93.67
05:17:04     all    2.99    0.00    0.75    0.00    0.00    0.75    0.00    0.00    0.00   95.52
05:17:05     all    4.37    0.00    0.26    0.00    0.00    0.00    0.00    0.00    0.00   95.37
05:17:06     all    5.49    0.00    1.00    0.00    0.00    0.75    0.00    0.00    0.00   92.77
05:17:07     all    6.55    0.00    1.26    0.25    0.00    0.50    0.00    0.00    0.00   91.44
05:17:08     all    6.82    0.00    1.01    0.00    0.00    1.01    0.00    0.00    0.00   91.16
05:17:09     all    5.84    0.00    1.02    0.00    0.00    0.25    0.00    0.00    0.00   92.89
05:17:10     all    7.34    0.00    0.76    0.00    0.00    0.76    0.00    0.00    0.00   91.14
05:17:11     all    7.09    0.00    1.27    0.00    0.00    0.76    0.00    0.00    0.00   90.89
05:17:12     all    7.07    0.00    0.76    0.00    0.00    0.76    0.00    0.00    0.00   91.41
05:17:13     all    6.30    0.00    1.51    0.00    0.00    1.01    0.00    0.00    0.00   91.18
05:17:14     all    7.59    0.00    0.76    0.00    0.00    0.76    0.00    0.00    0.00   90.89
05:17:15     all    6.85    0.00    1.02    0.00    0.00    0.00    0.00    0.00    0.00   92.13
05:17:16     all    6.87    0.00    1.27    0.00    0.00    0.51    0.00    0.00    0.00   91.35
05:17:17     all    6.57    0.00    1.01    0.00    0.00    1.26    0.00    0.00    0.00   91.16
05:17:18     all    7.30    0.00    1.01    0.00    0.00    0.76    0.00    0.00    0.00   90.93
05:17:19     all    6.87    0.00    1.02    0.00    0.00    0.00    0.00    0.00    0.00   92.11
05:17:20     all    7.04    0.00    0.75    0.00    0.00    1.26    0.00    0.00    0.00   90.95
05:17:21     all    7.11    0.00    1.02    0.00    0.00    0.51    0.00    0.00    0.00   91.37
05:17:22     all    6.80    0.00    1.01    0.25    0.00    0.76    0.00    0.00    0.00   91.18
05:17:23     all    7.58    0.00    0.51    0.00    0.00    0.76    0.00    0.00    0.00   91.16
05:17:24     all    7.27    0.00    1.25    0.00    0.00    0.75    0.00    0.00    0.00   90.73
05:17:25     all    7.11    0.00    0.51    0.00    0.00    0.51    0.00    0.00    0.00   91.88
05:17:26     all    7.36    0.00    0.76    0.00    0.00    0.25    0.00    0.00    0.00   91.62
05:17:27     all    7.48    0.00    1.25    0.25    0.00    1.00    0.00    0.00    0.00   90.02
05:17:28     all    6.55    0.00    1.01    0.00    0.00    0.76    0.00    0.00    0.00   91.69
05:17:29     all    7.12    0.00    0.76    0.00    0.00    0.51    0.00    0.00    0.00   91.60
05:17:30     all    7.30    0.00    1.01    0.00    0.00    0.76    0.00    0.00    0.00   90.93
05:17:31     all    7.30    0.00    1.26    0.00    0.00    0.76    0.00    0.00    0.00   90.68
05:17:32     all    6.84    0.00    1.27    0.00    0.00    0.25    0.00    0.00    0.00   91.65
05:17:33     all    7.05    0.00    1.26    0.00    0.00    0.50    0.00    0.00    0.00   91.18
05:17:34     all    6.85    0.00    0.76    0.00    0.00    1.02    0.00    0.00    0.00   91.37
05:17:35     all    7.05    0.00    0.76    0.00    0.00    0.50    0.00    0.00    0.00   91.69
05:17:36     all    7.58    0.00    0.76    0.00    0.00    0.76    0.00    0.00    0.00   90.91
05:17:37     all    7.79    0.00    1.01    0.00    0.00    0.50    0.00    0.00    0.00   90.70
05:17:38     all    6.84    0.00    1.01    0.00    0.00    1.01    0.00    0.00    0.00   91.14
05:17:39     all    7.58    0.00    0.51    0.00    0.00    0.76    0.00    0.00    0.00   91.16
05:17:40     all    6.77    0.00    1.50    0.00    0.00    0.75    0.00    0.00    0.00   90.98
05:17:41     all    6.87    0.00    0.76    0.00    0.00    0.51    0.00    0.00    0.00   91.86
05:17:42     all    7.79    0.00    0.50    0.25    0.00    1.01    0.00    0.00    0.00   90.45
05:17:43     all    6.58    0.00    1.52    0.00    0.00    0.51    0.00    0.00    0.00   91.39
05:17:44     all    7.30    0.00    1.01    0.00    0.00    1.26    0.00    0.00    0.00   90.43
05:17:45     all    7.54    0.00    0.75    0.00    0.00    0.50    0.25    0.00    0.00   90.95
05:17:46     all    7.54    0.00    1.01    0.00    0.00    0.75    0.00    0.00    0.00   90.70
05:17:47     all    6.78    0.00    1.26    0.00    0.00    1.01    0.00    0.00    0.00   90.95
05:17:48     all    7.11    0.00    0.76    0.00    0.00    0.51    0.00    0.00    0.00   91.62
05:17:49     all    6.82    0.00    1.01    0.00    0.00    1.01    0.00    0.00    0.00   91.16
05:17:50     all    8.06    0.00    1.01    0.25    0.00    0.25    0.00    0.00    0.00   90.43
05:17:51     all    7.34    0.00    0.76    0.00    0.00    0.51    0.00    0.00    0.00   91.39
05:17:52     all    7.04    0.00    1.76    0.00    0.00    0.75    0.00    0.00    0.00   90.45
05:17:53     all    7.36    0.00    0.76    0.00    0.00    0.76    0.00    0.00    0.00   91.12
05:17:54     all    7.50    0.00    0.75    0.00    0.00    1.25    0.00    0.00    0.00   90.50
05:17:55     all    6.60    0.00    0.76    0.00    0.00    0.51    0.25    0.00    0.00   91.88
05:17:56     all    6.57    0.00    1.26    0.00    0.00    0.51    0.00    0.00    0.00   91.67
05:17:57     all    7.59    0.00    0.76    0.00    0.00    0.76    0.00    0.00    0.00   90.89
05:17:58     all    7.05    0.00    1.26    0.00    0.00    0.50    0.00    0.00    0.00   91.18
05:17:59     all    6.62    0.00    0.76    0.00    0.00    1.27    0.00    0.00    0.00   91.35
05:18:00     all    6.89    0.00    1.02    0.00    0.00    0.26    0.00    0.00    0.00   91.84
05:18:01     all    6.30    0.00    1.01    0.00    0.00    1.01    0.00    0.00    0.00   91.69
05:18:02     all    7.79    0.00    1.01    0.00    0.00    0.75    0.00    0.00    0.00   90.45
05:18:03     all    7.09    0.00    1.01    0.00    0.00    0.76    0.00    0.00    0.00   91.14
05:18:04     all    7.05    0.00    0.76    0.00    0.00    1.26    0.25    0.00    0.00   90.68
05:18:05     all    6.91    0.00    0.77    0.00    0.00    0.26    0.00    0.00    0.00   92.07
05:18:06     all    7.32    0.00    1.26    0.00    0.00    0.51    0.00    0.00    0.00   90.91
05:18:07     all    7.04    0.00    1.01    0.00    0.00    0.75    0.00    0.00    0.00   91.21
05:18:08     all    7.11    0.00    0.51    0.00    0.00    0.76    0.00    0.00    0.00   91.62
05:18:09     all    7.04    0.00    1.26    0.00    0.00    0.75    0.00    0.00    0.00   90.95
05:18:10     all    7.32    0.00    1.01    0.00    0.00    0.25    0.00    0.00    0.00   91.41
05:18:11     all    7.29    0.00    0.75    0.00    0.00    1.01    0.00    0.00    0.00   90.95
05:18:12     all    6.84    0.00    1.52    0.00    0.00    0.76    0.00    0.00    0.00   90.89
05:18:13     all    7.63    0.00    0.51    0.00    0.00    0.51    0.00    0.00    0.00   91.35
05:18:14     all    7.05    0.00    1.01    0.00    0.00    1.26    0.00    0.00    0.00   90.68
05:18:15     all    7.11    0.00    1.02    0.00    0.00    0.25    0.00    0.00    0.00   91.62
05:18:16     all    6.84    0.00    1.01    0.00    0.00    0.51    0.00    0.00    0.00   91.65
05:18:17     all    7.09    0.00    1.01    0.00    0.00    0.51    0.00    0.00    0.00   91.39
05:18:18     all    6.57    0.00    1.01    0.00    0.00    0.76    0.00    0.00    0.00   91.67
05:18:19     all    6.84    0.00    1.27    0.00    0.00    0.76    0.00    0.00    0.00   91.14
05:18:20     all    6.82    0.00    1.26    0.00    0.00    0.76    0.00    0.00    0.00   91.16
05:18:21     all    6.84    0.00    0.76    0.00    0.00    0.76    0.00    0.00    0.00   91.65
05:18:22     all    7.29    0.00    0.75    0.00    0.00    0.75    0.00    0.00    0.00   91.21
05:18:23     all    6.84    0.00    1.27    0.00    0.00    0.25    0.00    0.00    0.00   91.65
05:18:24     all    7.29    0.00    1.01    0.00    0.00    0.75    0.00    0.00    0.00   90.95
05:18:25     all    6.84    0.00    0.76    0.00    0.00    0.76    0.00    0.00    0.00   91.65
05:18:26     all    7.11    0.00    0.76    0.00    0.00    0.51    0.00    0.00    0.00   91.62
05:18:27     all    7.54    0.00    1.26    0.00    0.00    0.50    0.00    0.00    0.00   90.70
05:18:28     all    6.60    0.00    1.02    0.00    0.00    0.25    0.00    0.00    0.00   92.13
05:18:29     all    6.57    0.00    0.76    0.00    0.00    1.01    0.00    0.00    0.00   91.67
05:18:30     all    7.27    0.00    0.75    0.00    0.00    0.50    0.25    0.00    0.00   91.23
05:18:31     all    6.60    0.00    0.76    0.00    0.00    0.76    0.00    0.00    0.00   91.88
05:18:32     all    7.11    0.00    0.25    0.00    0.00    0.76    0.00    0.00    0.00   91.88
05:18:33     all    6.60    0.00    1.02    0.00    0.00    0.76    0.00    0.00    0.00   91.62
05:18:34     all    7.52    0.00    1.00    0.00    0.00    0.50    0.00    0.00    0.00   90.98
05:18:35     all    6.38    0.00    1.02    0.00    0.00    0.77    0.00    0.00    0.00   91.84
05:18:36     all    6.11    0.00    1.02    0.00    0.00    0.51    0.00    0.00    0.00   92.37
05:18:37     all    7.30    0.00    0.76    0.00    0.00    0.76    0.00    0.00    0.00   91.18
05:18:38     all    7.29    0.00    1.26    0.00    0.00    0.50    0.00    0.00    0.00   90.95
05:18:39     all    7.05    0.00    0.76    0.00    0.00    0.76    0.00    0.00    0.00   91.44
05:18:40     all    6.57    0.00    0.76    0.00    0.00    0.76    0.00    0.00    0.00   91.92
05:18:41     all    6.84    0.00    1.01    0.25    0.00    0.51    0.00    0.00    0.00   91.39
05:18:42     all    7.02    0.00    1.00    0.00    0.00    0.50    0.25    0.00    0.00   91.23
05:18:43     all    6.11    0.00    0.76    0.00    0.00    0.76    0.00    0.00    0.00   92.37
05:18:44     all    6.84    0.00    1.01    0.00    0.00    0.51    0.00    0.00    0.00   91.65
05:18:45     all    7.29    0.00    1.01    0.00    0.00    0.75    0.00    0.00    0.00   90.95
05:18:46     all    7.05    0.00    0.76    0.00    0.00    1.01    0.00    0.00    0.00   91.18
05:18:47     all    6.62    0.00    0.76    0.00    0.00    0.76    0.00    0.00    0.00   91.86
05:18:48     all    7.29    0.00    0.75    0.00    0.00    0.75    0.25    0.00    0.00   90.95
05:18:49     all    6.57    0.00    1.26    0.00    0.00    1.01    0.00    0.00    0.00   91.16
05:18:50     all    6.84    0.00    0.76    0.00    0.00    0.51    0.00    0.00    0.00   91.90
05:18:51     all    6.82    0.00    1.01    0.00    0.00    0.51    0.00    0.00    0.00   91.67
05:18:52     all    7.32    0.00    0.76    0.00    0.00    1.01    0.00    0.00    0.00   90.91
05:18:53     all    7.07    0.00    1.26    0.00    0.00    0.51    0.00    0.00    0.00   91.16
05:18:54     all    6.55    0.00    1.51    0.00    0.00    0.50    0.00    0.00    0.00   91.44
05:18:55     all    6.14    0.00    0.77    0.00    0.00    0.77    0.00    0.00    0.00   92.33
05:18:56     all    7.27    0.00    1.00    0.00    0.00    0.75    0.00    0.00    0.00   90.98
05:18:57     all    6.62    0.00    1.02    0.00    0.00    0.25    0.00    0.00    0.00   92.11
05:18:58     all    6.55    0.00    1.01    0.00    0.00    1.01    0.00    0.00    0.00   91.44
05:18:59     all    6.39    0.00    0.77    0.00    0.00    0.77    0.00    0.00    0.00   92.07
05:19:00     all    6.35    0.00    0.76    0.00    0.00    0.76    0.00    0.00    0.00   92.13
05:19:01     all    6.31    0.00    1.01    0.00    0.00    1.01    0.00    0.00    0.00   91.67
05:19:02     all    6.60    0.00    1.27    0.00    0.00    0.25    0.00    0.00    0.00   91.88
05:19:03     all    7.09    0.00    0.51    0.00    0.00    1.01    0.00    0.00    0.00   91.39
05:19:04     all    6.58    0.00    0.76    0.00    0.00    0.51    0.00    0.00    0.00   92.15
05:19:05     all    7.05    0.00    1.01    0.00    0.00    0.25    0.00    0.00    0.00   91.69
05:19:06     all    6.82    0.00    0.76    0.00    0.00    0.76    0.00    0.00    0.00   91.67
05:19:07     all    6.80    0.00    1.26    0.00    0.00    0.50    0.00    0.00    0.00   91.44
05:19:08     all    6.36    0.00    1.02    0.00    0.00    0.51    0.00    0.00    0.00   92.11
05:19:09     all    6.52    0.00    1.00    0.25    0.00    1.00    0.00    0.00    0.00   91.23
05:19:10     all    6.84    0.00    1.01    0.00    0.00    0.51    0.00    0.00    0.00   91.65
05:19:11     all    6.35    0.00    1.02    0.00    0.00    0.76    0.00    0.00    0.00   91.88
05:19:12     all    6.87    0.00    0.76    0.00    0.00    0.25    0.00    0.00    0.00   92.11
05:19:13     all    6.57    0.00    0.76    0.00    0.00    1.01    0.00    0.00    0.00   91.67
05:19:14     all    7.02    0.00    1.00    0.00    0.00    1.00    0.00    0.00    0.00   90.98
05:19:15     all    5.57    0.00    1.01    0.00    0.00    0.51    0.00    0.00    0.00   92.91
05:19:16     all    6.53    0.00    0.75    0.00    0.00    0.50    0.00    0.00    0.00   92.21
05:19:17     all    5.50    0.00    0.75    0.00    0.00    0.50    0.00    0.00    0.00   93.25
05:19:18     all    4.58    0.00    0.51    0.00    0.00    0.25    0.00    0.00    0.00   94.66
05:19:19     all    4.26    0.00    1.00    0.00    0.00    0.50    0.00    0.00    0.00   94.24
05:19:20     all    4.55    0.00    0.51    0.00    0.00    0.25    0.00    0.00    0.00   94.70
05:19:21     all    4.02    0.00    0.75    0.00    0.00    0.00    0.00    0.00    0.00   95.23
05:19:22     all    3.03    0.00    0.25    0.00    0.00    0.51    0.00    0.00    0.00   96.21
05:19:23     all    2.78    0.00    0.51    0.00    0.00    0.00    0.00    0.00    0.00   96.71
05:19:24     all    2.26    0.00    0.75    0.00    0.00    0.00    0.00    0.00    0.00   96.99
05:19:25     all    2.26    0.00    0.25    0.00    0.00    0.25    0.00    0.00    0.00   97.24
05:19:26     all    1.25    0.00    0.00    0.00    0.00    0.25    0.00    0.00    0.00   98.50
05:19:27     all    1.25    0.00    0.50    0.00    0.00    0.00    0.00    0.00    0.00   98.25
05:19:28     all    0.75    0.00    0.25    0.00    0.00    0.00    0.00    0.00    0.00   99.00
05:19:29     all    1.00    0.00    0.00    0.00    0.00    0.00    0.00    0.00    0.00   99.00
05:19:30     all    1.00    0.00    0.25    0.00    0.00    0.25    0.00    0.00    0.00   98.50
05:19:31     all    0.75    0.00    0.00    0.00    0.00    0.00    0.00    0.00    0.00   99.25
05:19:32     all    1.01    0.00    0.00    0.00    0.00    0.00    0.00    0.00    0.00   98.99
05:19:33     all    0.50    0.00    0.00    0.00    0.00    0.00    0.00    0.00    0.00   99.50
05:19:34     all    0.50    0.00    0.25    0.00    0.00    0.00    0.00    0.00    0.00   99.25
05:19:35     all    0.50    0.00    0.00    0.00    0.00    0.00    0.00    0.00    0.00   99.50
05:19:36     all    0.75    0.00    0.25    0.00    0.00    0.00    0.00    0.00    0.00   99.00
05:19:37     all    1.00    0.00    0.50    0.00    0.00    0.25    0.00    0.00    0.00   98.26
05:19:38     all    7.40    0.00    0.77    0.00    0.00    1.02    0.00    0.00    0.00   90.82
05:19:39     all    7.09    0.00    0.76    0.00    0.00    1.27    0.00    0.00    0.00   90.89
05:19:40     all    7.32    0.00    1.01    0.00    0.00    1.01    0.00    0.00    0.00   90.66
05:19:41     all    7.58    0.00    0.76    0.00    0.00    1.01    0.00    0.00    0.00   90.66
05:19:42     all    7.56    0.00    1.01    0.00    0.00    1.26    0.25    0.00    0.00   89.92
05:19:43     all    6.82    0.00    1.26    0.00    0.00    1.01    0.00    0.00    0.00   90.91
05:19:44     all    7.58    0.00    1.01    0.00    0.00    1.26    0.00    0.00    0.00   90.15
05:19:45     all    7.09    0.00    1.01    0.00    0.00    1.01    0.00    0.00    0.00   90.89
05:19:46     all    7.32    0.00    1.26    0.00    0.00    1.01    0.00    0.00    0.00   90.40
05:19:47     all    6.87    0.00    1.02    0.00    0.00    1.27    0.00    0.00    0.00   90.84
05:19:48     all    7.11    0.00    0.76    0.00    0.00    1.02    0.00    0.00    0.00   91.12
05:19:49     all    7.11    0.00    1.02    0.00    0.00    0.76    0.00    0.00    0.00   91.12
05:19:50     all    7.36    0.00    1.02    0.00    0.00    1.02    0.00    0.00    0.00   90.61
05:19:51     all    7.09    0.00    0.76    0.25    0.00    1.27    0.00    0.00    0.00   90.63
05:19:52     all    7.27    0.00    1.25    0.00    0.00    1.25    0.25    0.00    0.00   89.97
05:19:53     all    7.58    0.00    1.01    0.00    0.00    0.76    0.00    0.00    0.00   90.66
05:19:54     all    7.42    0.00    0.77    0.00    0.00    0.51    0.00    0.00    0.00   91.30
05:19:55     all    7.58    0.00    0.76    0.00    0.00    1.01    0.00    0.00    0.00   90.66
05:19:56     all    7.32    0.00    0.76    0.00    0.00    1.01    0.00    0.00    0.00   90.91
05:19:57     all    8.08    0.00    0.76    0.00    0.00    1.26    0.00    0.00    0.00   89.90
05:19:58     all    7.56    0.00    0.76    0.00    0.00    0.76    0.25    0.00    0.00   90.68
05:19:59     all    6.94    0.00    0.77    0.00    0.00    0.77    0.00    0.00    0.00   91.52
05:20:00     all    7.32    0.00    1.26    0.00    0.00    1.26    0.00    0.00    0.00   90.15
05:20:01     all    6.65    0.00    1.02    0.00    0.00    0.77    0.00    0.00    0.00   91.56
05:20:02     all    6.91    0.00    0.77    0.00    0.00    0.77    0.00    0.00    0.00   91.56
05:20:03     all    7.07    0.00    1.01    0.00    0.00    1.01    0.00    0.00    0.00   90.91
05:20:04     all    3.54    0.00    0.51    0.00    0.00    0.25    0.00    0.00    0.00   95.70
05:20:05     all    4.77    0.00    0.75    0.00    0.00    1.01    0.00    0.00    0.00   93.47
05:20:06     all    6.84    0.00    0.76    0.00    0.00    0.51    0.00    0.00    0.00   91.90
05:20:07     all    5.78    0.00    0.75    0.00    0.00    0.50    0.00    0.00    0.00   92.96
05:20:08     all    7.12    0.00    1.02    0.00    0.00    1.27    0.00    0.00    0.00   90.59
05:20:09     all    7.54    0.00    1.76    0.00    0.00    1.01    0.00    0.00    0.00   89.70
05:20:10     all    7.36    0.00    0.76    0.00    0.00    1.02    0.00    0.00    0.00   90.86
05:20:11     all    7.56    0.00    1.26    0.00    0.00    1.26    0.00    0.00    0.00   89.92
05:20:12     all    7.63    0.00    0.51    0.00    0.00    1.27    0.00    0.00    0.00   90.59
05:20:13     all    7.40    0.00    1.02    0.26    0.00    0.51    0.00    0.00    0.00   90.82
05:20:14     all    7.87    0.00    1.02    0.00    0.00    1.02    0.00    0.00    0.00   90.10
05:20:15     all    7.56    0.00    1.01    0.00    0.00    1.26    0.00    0.00    0.00   90.18
05:20:16     all    7.63    0.00    0.51    0.00    0.00    0.25    0.00    0.00    0.00   91.60
05:20:17     all    8.02    0.00    1.25    0.25    0.00    1.50    0.00    0.00    0.00   88.97
05:20:18     all    7.54    0.00    1.01    0.00    0.00    1.26    0.00    0.00    0.00   90.20
05:20:19     all    7.40    0.00    0.77    0.00    0.00    1.02    0.00    0.00    0.00   90.82
05:20:20     all    8.10    0.00    1.01    0.00    0.00    0.76    0.00    0.00    0.00   90.13
05:20:21     all    7.59    0.00    1.01    0.00    0.00    1.01    0.00    0.00    0.00   90.38
05:20:22     all    7.89    0.00    1.02    0.00    0.00    0.51    0.25    0.00    0.00   90.33
05:20:23     all    7.81    0.00    1.01    0.00    0.00    1.26    0.00    0.00    0.00   89.92
05:20:24     all    7.11    0.00    1.02    0.00    0.00    1.02    0.00    0.00    0.00   90.86
05:20:25     all    8.42    0.00    0.51    0.00    0.00    0.51    0.00    0.00    0.00   90.56
05:20:26     all    7.56    0.00    1.01    0.00    0.00    1.26    0.00    0.00    0.00   90.18
05:20:27     all    7.63    0.00    1.02    0.00    0.00    1.27    0.00    0.00    0.00   90.08
05:20:28     all    7.32    0.00    1.26    0.00    0.00    1.01    0.00    0.00    0.00   90.40
05:20:29     all    7.89    0.00    0.76    0.00    0.00    1.02    0.25    0.00    0.00   90.08
05:20:30     all    7.14    0.00    1.02    0.00    0.00    0.77    0.00    0.00    0.00   91.07
05:20:31     all    8.29    0.00    1.26    0.00    0.00    1.26    0.00    0.00    0.00   89.20
05:20:32     all    8.82    0.00    0.76    0.00    0.00    0.76    0.00    0.00    0.00   89.67
05:20:33     all    7.65    0.00    0.77    0.00    0.00    0.77    0.00    0.00    0.00   90.82
05:20:34     all    7.98    0.00    1.50    0.00    0.00    1.25    0.25    0.00    0.00   89.03
05:20:35     all    6.89    0.00    0.77    0.00    0.00    0.77    0.00    0.00    0.00   91.58
05:20:36     all    7.56    0.00    1.01    0.00    0.00    1.51    0.00    0.00    0.00   89.92
05:20:37     all    7.65    0.00    0.77    0.00    0.00    0.77    0.00    0.00    0.00   90.82
05:20:38     all    7.59    0.00    1.27    0.00    0.00    1.01    0.00    0.00    0.00   90.13
05:20:39     all    7.61    0.00    0.76    0.00    0.00    0.76    0.00    0.00    0.00   90.86
05:20:40     all    7.77    0.00    1.50    0.00    0.00    1.25    0.00    0.00    0.00   89.47
05:20:41     all    8.65    0.00    0.76    0.00    0.00    0.76    0.00    0.00    0.00   89.82
05:20:42     all    7.54    0.00    1.26    0.00    0.00    1.01    0.25    0.00    0.00   89.95
05:20:43     all    8.10    0.00    0.76    0.00    0.00    1.01    0.00    0.00    0.00   90.13
05:20:44     all    7.59    0.00    1.52    0.00    0.00    1.27    0.00    0.00    0.00   89.62
05:20:45     all    7.42    0.00    1.02    0.00    0.00    0.51    0.00    0.00    0.00   91.05
05:20:46     all    7.32    0.00    1.01    0.00    0.00    1.52    0.00    0.00    0.00   90.15
05:20:47     all    6.91    0.00    1.02    0.00    0.00    0.77    0.00    0.00    0.00   91.30
05:20:48     all    7.27    0.00    1.50    0.00    0.00    1.25    0.00    0.00    0.00   89.97
05:20:49     all    8.10    0.00    0.76    0.00    0.00    0.76    0.00    0.00    0.00   90.38
05:20:50     all    7.12    0.00    1.02    0.25    0.00    1.02    0.00    0.00    0.00   90.59
05:20:51     all    7.79    0.00    1.51    0.00    0.00    1.26    0.00    0.00    0.00   89.45
05:20:52     all    7.58    0.00    1.26    0.00    0.00    0.51    0.00    0.00    0.00   90.66
05:20:53     all    7.87    0.00    0.76    0.00    0.00    1.52    0.00    0.00    0.00   89.85
05:20:54     all    7.89    0.00    1.02    0.00    0.00    1.02    0.00    0.00    0.00   90.08
05:20:55     all    8.59    0.00    1.26    0.00    0.00    1.01    0.00    0.00    0.00   89.14
05:20:56     all    7.87    0.00    0.51    0.00    0.00    1.02    0.00    0.00    0.00   90.61
05:20:57     all    7.83    0.00    1.26    0.00    0.00    0.76    0.00    0.00    0.00   90.15
05:20:58     all    7.40    0.00    1.02    0.00    0.00    0.77    0.00    0.00    0.00   90.82
05:20:59     all    7.58    0.00    1.01    0.00    0.00    1.26    0.00    0.00    0.00   90.15
05:21:00     all    7.38    0.00    1.27    0.00    0.00    1.02    0.00    0.00    0.00   90.33
05:21:01     all    7.56    0.00    1.01    0.00    0.00    1.26    0.00    0.00    0.00   90.18
05:21:02     all    7.89    0.00    1.02    0.00    0.00    0.51    0.00    0.00    0.00   90.59
05:21:03     all    7.87    0.00    1.27    0.00    0.00    1.27    0.00    0.00    0.00   89.59
05:21:04     all    8.12    0.00    0.76    0.00    0.00    0.51    0.00    0.00    0.00   90.61
05:21:05     all    7.63    0.00    1.02    0.00    0.00    1.27    0.00    0.00    0.00   90.08
05:21:06     all    7.30    0.00    1.01    0.00    0.00    1.51    0.25    0.00    0.00   89.92
05:21:07     all    7.87    0.00    1.27    0.00    0.00    0.51    0.00    0.00    0.00   90.36
05:21:08     all    7.56    0.00    1.01    0.00    0.00    1.01    0.00    0.00    0.00   90.43
05:21:09     all    7.09    0.00    1.27    0.00    0.00    1.27    0.00    0.00    0.00   90.38
05:21:10     all    7.44    0.00    1.28    0.00    0.00    0.77    0.00    0.00    0.00   90.51
05:21:11     all    7.30    0.00    1.26    0.00    0.00    1.51    0.00    0.00    0.00   89.92
05:21:12     all    8.33    0.00    1.01    0.00    0.00    0.76    0.00    0.00    0.00   89.90
05:21:13     all    7.59    0.00    1.27    0.00    0.00    1.27    0.00    0.00    0.00   89.87
05:21:14     all    7.65    0.00    0.77    0.00    0.00    0.77    0.00    0.00    0.00   90.82
05:21:15     all    7.38    0.00    1.02    0.00    0.00    1.02    0.00    0.00    0.00   90.59
05:21:16     all    7.34    0.00    1.52    0.00    0.00    0.76    0.00    0.00    0.00   90.38
05:21:17     all    8.14    0.00    0.76    0.00    0.00    1.02    0.25    0.00    0.00   89.82
05:21:18     all    7.81    0.00    1.26    0.00    0.00    1.01    0.00    0.00    0.00   89.92
05:21:19     all    7.11    0.00    1.02    0.00    0.00    1.02    0.00    0.00    0.00   90.86
05:21:20     all    8.06    0.00    1.01    0.00    0.00    1.26    0.00    0.00    0.00   89.67
05:21:21     all    7.87    0.00    1.02    0.00    0.00    1.02    0.00    0.00    0.00   90.10
05:21:22     all    7.63    0.00    0.76    0.00    0.00    1.27    0.00    0.00    0.00   90.33
05:21:23     all    7.40    0.00    0.77    0.00    0.00    1.02    0.00    0.00    0.00   90.82
05:21:24     all    8.29    0.00    1.26    0.00    0.00    1.51    0.00    0.00    0.00   88.94
05:21:25     all    7.44    0.00    0.77    0.00    0.00    0.77    0.00    0.00    0.00   91.03
05:21:26     all    8.56    0.00    1.26    0.00    0.00    1.26    0.00    0.00    0.00   88.92
05:21:27     all    7.79    0.00    1.51    0.00    0.00    1.01    0.00    0.00    0.00   89.70
05:21:28     all    7.61    0.00    1.02    0.25    0.00    0.76    0.00    0.00    0.00   90.36
05:21:29     all    7.59    0.00    1.01    0.00    0.00    1.01    0.00    0.00    0.00   90.38
05:21:30     all    7.63    0.00    0.76    0.00    0.00    1.27    0.00    0.00    0.00   90.33
05:21:31     all    7.89    0.00    1.27    0.00    0.00    0.51    0.00    0.00    0.00   90.33
05:21:32     all    7.63    0.00    0.76    0.00    0.00    1.27    0.00    0.00    0.00   90.33
05:21:33     all    7.65    0.00    0.77    0.00    0.00    0.77    0.00    0.00    0.00   90.82
05:21:34     all    7.81    0.00    1.51    0.00    0.00    1.01    0.00    0.00    0.00   89.67
05:21:35     all    7.83    0.00    0.76    0.00    0.00    1.01    0.25    0.00    0.00   90.15
05:21:36     all    8.10    0.00    0.51    0.00    0.00    1.01    0.00    0.00    0.00   90.38
05:21:37     all    7.05    0.00    1.76    0.00    0.00    1.26    0.00    0.00    0.00   89.92
05:21:38     all    8.10    0.00    0.25    0.00    0.00    1.01    0.00    0.00    0.00   90.63
05:21:39     all    7.14    0.00    1.28    0.00    0.00    1.02    0.00    0.00    0.00   90.56
05:21:40     all    8.10    0.00    0.76    0.00    0.00    1.01    0.00    0.00    0.00   90.13
05:21:41     all    7.29    0.00    1.26    0.00    0.00    1.26    0.25    0.00    0.00   89.95
05:21:42     all    8.12    0.00    0.76    0.00    0.00    0.76    0.00    0.00    0.00   90.36
05:21:43     all    7.36    0.00    1.27    0.00    0.00    1.02    0.00    0.00    0.00   90.36
05:21:44     all    8.08    0.00    1.01    0.00    0.00    1.01    0.25    0.00    0.00   89.65
05:21:45     all    7.32    0.00    1.52    0.00    0.00    0.76    0.00    0.00    0.00   90.40
05:21:46     all    7.87    0.00    0.76    0.00    0.00    1.02    0.00    0.00    0.00   90.36
05:21:47     all    7.87    0.00    1.27    0.00    0.00    0.76    0.00    0.00    0.00   90.10
05:21:48     all    7.85    0.00    1.01    0.00    0.00    0.76    0.00    0.00    0.00   90.38
05:21:49     all    8.12    0.00    0.51    0.25    0.00    1.02    0.00    0.00    0.00   90.10
05:21:50     all    7.56    0.00    1.26    0.00    0.00    1.01    0.00    0.00    0.00   90.18
05:21:51     all    8.06    0.00    0.76    0.00    0.00    1.51    0.00    0.00    0.00   89.67
05:21:52     all    8.10    0.00    1.27    0.00    0.00    0.76    0.00    0.00    0.00   89.87
05:21:53     all    7.67    0.00    0.77    0.00    0.00    0.51    0.00    0.00    0.00   91.05
05:21:54     all    7.56    0.00    1.51    0.00    0.00    1.51    0.00    0.00    0.00   89.42
05:21:55     all    7.36    0.00    1.52    0.00    0.00    0.51    0.00    0.00    0.00   90.61
05:21:56     all    7.59    0.00    1.01    0.00    0.00    1.01    0.00    0.00    0.00   90.38
05:21:57     all    7.11    0.00    1.02    0.00    0.00    1.02    0.00    0.00    0.00   90.86
05:21:58     all    7.85    0.00    0.76    0.00    0.00    1.01    0.00    0.00    0.00   90.38
05:21:59     all    8.29    0.00    1.26    0.00    0.00    1.01    0.25    0.00    0.00   89.20
05:22:00     all    7.58    0.00    1.01    0.00    0.00    1.01    0.00    0.00    0.00   90.40
05:22:01     all    7.40    0.00    1.02    0.00    0.00    1.28    0.00    0.00    0.00   90.31
05:22:02     all    8.06    0.00    1.26    0.00    0.00    1.01    0.00    0.00    0.00   89.67
05:22:03     all    7.85    0.00    1.01    0.00    0.00    1.01    0.00    0.00    0.00   90.13
05:22:04     all    7.56    0.00    1.51    0.00    0.00    1.01    0.00    0.00    0.00   89.92
05:22:05     all    8.35    0.00    0.51    0.00    0.00    1.01    0.00    0.00    0.00   90.13
05:22:06     all    8.33    0.00    1.01    0.00    0.00    0.76    0.00    0.00    0.00   89.90
05:22:07     all    6.91    0.00    0.77    0.00    0.00    1.28    0.00    0.00    0.00   91.05
05:22:08     all    7.11    0.00    1.02    0.00    0.00    1.02    0.00    0.00    0.00   90.86
05:22:09     all    8.14    0.00    1.02    0.00    0.00    0.51    0.00    0.00    0.00   90.33
05:22:10     all    8.06    0.00    0.76    0.00    0.00    1.01    0.00    0.00    0.00   90.18
05:22:11     all    7.56    0.00    1.26    0.00    0.00    1.01    0.00    0.00    0.00   90.18
05:22:12     all    7.38    0.00    1.27    0.00    0.00    1.02    0.00    0.00    0.00   90.33
05:22:13     all    6.87    0.00    1.02    0.00    0.00    0.76    0.00    0.00    0.00   91.35
05:22:14     all    7.59    0.00    1.27    0.00    0.00    1.01    0.00    0.00    0.00   90.13
05:22:15     all    7.30    0.00    1.26    0.00    0.00    1.51    0.00    0.00    0.00   89.92
05:22:16     all    7.09    0.00    1.01    0.00    0.00    1.01    0.00    0.00    0.00   90.89
05:22:17     all    7.44    0.00    0.77    0.00    0.00    0.77    0.00    0.00    0.00   91.03
05:22:18     all    7.79    0.00    1.01    0.00    0.00    1.01    0.25    0.00    0.00   89.95
05:22:19     all    8.12    0.00    1.02    0.00    0.00    1.02    0.00    0.00    0.00   89.85
05:22:20     all    7.89    0.00    1.27    0.00    0.00    0.51    0.00    0.00    0.00   90.33
05:22:21     all    8.29    0.00    1.01    0.00    0.00    1.26    0.00    0.00    0.00   89.45
05:22:22     all    7.89    0.00    1.02    0.00    0.00    0.76    0.00    0.00    0.00   90.33
05:22:23     all    8.10    0.00    0.76    0.00    0.00    1.01    0.00    0.00    0.00   90.13
05:22:24     all    7.59    0.00    1.01    0.00    0.00    0.76    0.00    0.00    0.00   90.63
05:22:25     all    7.11    0.00    0.76    0.00    0.00    1.02    0.00    0.00    0.00   91.12
05:22:26     all    8.56    0.00    0.76    0.00    0.00    1.26    0.00    0.00    0.00   89.42
05:22:27     all    7.34    0.00    1.01    0.00    0.00    0.76    0.00    0.00    0.00   90.89
05:22:28     all    7.38    0.00    1.02    0.00    0.00    1.27    0.00    0.00    0.00   90.33
05:22:29     all    7.75    0.00    1.00    0.00    0.00    1.25    0.00    0.00    0.00   90.00
05:22:30     all    7.59    0.00    1.01    0.00    0.00    1.01    0.00    0.00    0.00   90.38
05:22:31     all    7.87    0.00    1.02    0.00    0.00    1.02    0.00    0.00    0.00   90.10
05:22:32     all    7.81    0.00    0.50    0.00    0.00    1.01    0.00    0.00    0.00   90.68
05:22:33     all    7.38    0.00    1.27    0.00    0.00    1.02    0.00    0.00    0.00   90.33
05:22:34     all    7.58    0.00    1.01    0.25    0.00    1.01    0.00    0.00    0.00   90.15
05:22:35     all    7.40    0.00    0.51    0.00    0.00    0.77    0.00    0.00    0.00   91.33
05:22:36     all    7.81    0.00    1.01    0.00    0.00    1.26    0.00    0.00    0.00   89.92
05:22:37     all    7.58    0.00    1.26    0.00    0.00    0.76    0.00    0.00    0.00   90.40
05:22:38     all    7.38    0.00    0.51    0.00    0.00    1.02    0.00    0.00    0.00   91.09
05:22:39     all    8.10    0.00    1.01    0.25    0.00    0.76    0.00    0.00    0.00   89.87
05:22:40     all    7.30    0.00    1.01    0.00    0.00    1.51    0.00    0.00    0.00   90.18
05:22:41     all    7.36    0.00    1.02    0.00    0.00    1.02    0.00    0.00    0.00   90.61
05:22:42     all    7.61    0.00    0.76    0.00    0.00    1.02    0.25    0.00    0.00   90.36
05:22:43     all    7.07    0.00    1.01    0.00    0.00    1.01    0.00    0.00    0.00   90.91
05:22:44     all    7.36    0.00    1.02    0.00    0.00    1.27    0.00    0.00    0.00   90.36
05:22:45     all    8.06    0.00    1.01    0.00    0.00    1.01    0.00    0.00    0.00   89.92
05:22:46     all    7.87    0.00    0.51    0.00    0.00    1.27    0.00    0.00    0.00   90.36
05:22:47     all    7.83    0.00    1.01    0.00    0.00    0.76    0.00    0.00    0.00   90.40
05:22:48     all    6.87    0.00    1.27    0.00    0.00    1.02    0.00    0.00    0.00   90.84
05:22:49     all    8.10    0.00    0.76    0.00    0.00    1.01    0.00    0.00    0.00   90.13
05:22:50     all    8.14    0.00    0.76    0.00    0.00    1.02    0.00    0.00    0.00   90.08
05:22:51     all    7.36    0.00    1.27    0.00    0.00    1.02    0.00    0.00    0.00   90.36
05:22:52     all    7.85    0.00    1.01    0.00    0.00    0.76    0.00    0.00    0.00   90.38
05:22:53     all    7.87    0.00    1.02    0.00    0.00    0.76    0.25    0.00    0.00   90.10
05:22:54     all    7.79    0.00    1.26    0.00    0.00    1.26    0.00    0.00    0.00   89.70
05:22:55     all    7.89    0.00    0.76    0.00    0.00    1.02    0.00    0.00    0.00   90.33
05:22:56     all    7.56    0.00    1.01    0.00    0.00    1.26    0.00    0.00    0.00   90.18
05:22:57     all    8.14    0.00    0.51    0.00    0.00    0.76    0.00    0.00    0.00   90.59
05:22:58     all    7.65    0.00    1.28    0.00    0.00    0.77    0.00    0.00    0.00   90.31
05:22:59     all    7.58    0.00    1.26    0.00    0.00    1.01    0.25    0.00    0.00   89.90
05:23:00     all    8.14    0.00    0.51    0.00    0.00    1.27    0.25    0.00    0.00   89.82
05:23:01     all    8.10    0.00    1.01    0.00    0.00    1.01    0.00    0.00    0.00   89.87
05:23:02     all    7.83    0.00    1.26    0.00    0.00    1.01    0.00    0.00    0.00   89.90
05:23:03     all    7.38    0.00    1.02    0.00    0.00    1.27    0.00    0.00    0.00   90.33
05:23:04     all    5.32    0.00    0.51    0.00    0.00    0.25    0.00    0.00    0.00   93.92
05:23:05     all    3.51    0.00    0.75    0.00    0.00    0.25    0.00    0.00    0.00   95.49
05:23:06     all    6.60    0.00    1.02    0.00    0.00    1.02    0.00    0.00    0.00   91.37
05:23:07     all    7.58    0.00    1.01    0.00    0.00    0.51    0.00    0.00    0.00   90.91
05:23:08     all    6.33    0.00    0.76    0.00    0.00    1.01    0.00    0.00    0.00   91.90
05:23:09     all    7.58    0.00    1.01    0.00    0.00    0.76    0.00    0.00    0.00   90.66
05:23:10     all    7.05    0.00    1.01    0.00    0.00    1.51    0.00    0.00    0.00   90.43
05:23:11     all    7.36    0.00    0.76    0.00    0.00    1.02    0.00    0.00    0.00   90.86
05:23:12     all    7.65    0.00    0.77    0.00    0.00    0.51    0.00    0.00    0.00   91.07
05:23:13     all    8.35    0.00    1.27    0.00    0.00    0.51    0.00    0.00    0.00   89.87
05:23:14     all    7.36    0.00    1.02    0.00    0.00    1.52    0.00    0.00    0.00   90.10
05:23:15     all    7.85    0.00    0.76    0.00    0.00    1.01    0.00    0.00    0.00   90.38
05:23:16     all    7.58    0.00    1.52    0.00    0.00    1.01    0.00    0.00    0.00   89.90
05:23:17     all    7.61    0.00    1.02    0.00    0.00    0.76    0.00    0.00    0.00   90.61
05:23:18     all    7.14    0.00    1.02    0.00    0.00    1.28    0.00    0.00    0.00   90.56
05:23:19     all    7.58    0.00    1.01    0.00    0.00    1.01    0.00    0.00    0.00   90.40
05:23:20     all    7.63    0.00    1.02    0.00    0.00    0.76    0.00    0.00    0.00   90.59
05:23:21     all    7.38    0.00    0.76    0.00    0.00    0.76    0.00    0.00    0.00   91.09
05:23:22     all    7.85    0.00    0.76    0.00    0.00    1.52    0.00    0.00    0.00   89.87
05:23:23     all    7.61    0.00    0.76    0.00    0.00    0.51    0.00    0.00    0.00   91.12
05:23:24     all    7.14    0.00    1.02    0.00    0.00    1.28    0.00    0.00    0.00   90.56
05:23:25     all    7.50    0.00    1.50    0.00    0.00    1.50    0.00    0.00    0.00   89.50
05:23:26     all    8.35    0.00    0.76    0.00    0.00    1.01    0.00    0.00    0.00   89.87
05:23:27     all    7.38    0.00    1.02    0.00    0.00    1.02    0.00    0.00    0.00   90.59
05:23:28     all    8.33    0.00    0.76    0.00    0.00    1.01    0.25    0.00    0.00   89.65
05:23:29     all    7.87    0.00    0.76    0.00    0.00    1.27    0.00    0.00    0.00   90.10
05:23:30     all    7.87    0.00    1.02    0.00    0.00    0.76    0.00    0.00    0.00   90.36
05:23:31     all    7.18    0.00    1.28    0.00    0.00    0.77    0.00    0.00    0.00   90.77
05:23:32     all    8.59    0.00    1.01    0.00    0.00    0.76    0.00    0.00    0.00   89.65
05:23:33     all    8.10    0.00    0.76    0.00    0.00    1.27    0.00    0.00    0.00   89.87
05:23:34     all    7.38    0.00    1.27    0.25    0.00    1.02    0.00    0.00    0.00   90.08
05:23:35     all    7.40    0.00    1.28    0.00    0.00    0.26    0.00    0.00    0.00   91.07
05:23:36     all    7.81    0.00    0.76    0.00    0.00    1.26    0.25    0.00    0.00   89.92
05:23:37     all    8.10    0.00    1.01    0.00    0.00    0.76    0.00    0.00    0.00   90.13
05:23:38     all    8.08    0.00    1.01    0.00    0.00    1.26    0.00    0.00    0.00   89.65
05:23:39     all    8.14    0.00    1.02    0.00    0.00    0.76    0.00    0.00    0.00   90.08
05:23:40     all    7.87    0.00    0.76    0.00    0.00    0.76    0.00    0.00    0.00   90.61
05:23:41     all    7.83    0.00    0.76    0.00    0.00    1.26    0.00    0.00    0.00   90.15
05:23:42     all    8.08    0.00    1.26    0.00    0.00    1.01    0.00    0.00    0.00   89.65
05:23:43     all    7.42    0.00    1.02    0.00    0.00    0.51    0.00    0.00    0.00   91.05
05:23:44     all    8.04    0.00    1.26    0.00    0.00    1.26    0.00    0.00    0.00   89.45
05:23:45     all    6.94    0.00    1.03    0.00    0.00    0.51    0.00    0.00    0.00   91.52
05:23:46     all    8.31    0.00    1.26    0.00    0.00    1.51    0.00    0.00    0.00   88.92
05:23:47     all    7.36    0.00    1.27    0.00    0.00    1.02    0.00    0.00    0.00   90.36
05:23:48     all    8.08    0.00    1.26    0.00    0.00    0.76    0.00    0.00    0.00   89.90
05:23:49     all    7.87    0.00    1.27    0.00    0.00    0.76    0.00    0.00    0.00   90.10
05:23:50     all    8.61    0.00    1.27    0.00    0.00    1.01    0.00    0.00    0.00   89.11
05:23:51     all    7.38    0.00    0.76    0.00    0.00    1.27    0.00    0.00    0.00   90.59
05:23:52     all    8.12    0.00    0.76    0.00    0.00    0.76    0.00    0.00    0.00   90.36
05:23:53     all    7.89    0.00    1.27    0.00    0.00    0.51    0.00    0.00    0.00   90.33
05:23:54     all    8.10    0.00    1.01    0.00    0.00    1.27    0.00    0.00    0.00   89.62
05:23:55     all    8.40    0.00    0.51    0.00    0.00    0.51    0.25    0.00    0.00   90.33
05:23:56     all    8.06    0.00    1.26    0.00    0.00    1.26    0.00    0.00    0.00   89.42
05:23:57     all    7.89    0.00    1.02    0.00    0.00    0.76    0.00    0.00    0.00   90.33
05:23:58     all    7.87    0.00    0.76    0.00    0.00    0.51    0.00    0.00    0.00   90.86
05:23:59     all    7.65    0.00    1.28    0.00    0.00    0.77    0.00    0.00    0.00   90.31
05:24:00     all    7.81    0.00    1.26    0.00    0.00    1.01    0.00    0.00    0.00   89.92
05:24:01     all    7.61    0.00    1.02    0.00    0.00    1.02    0.00    0.00    0.00   90.36
05:24:02     all    7.83    0.00    1.01    0.00    0.00    1.52    0.00    0.00    0.00   89.65
05:24:03     all    7.93    0.00    1.02    0.00    0.00    0.51    0.00    0.00    0.00   90.54
05:24:04     all    7.32    0.00    1.52    0.00    0.00    1.01    0.00    0.00    0.00   90.15
05:24:05     all    7.42    0.00    1.02    0.00    0.00    1.28    0.00    0.00    0.00   90.28
05:24:06     all    8.40    0.00    0.76    0.00    0.00    0.76    0.00    0.00    0.00   90.08
05:24:07     all    7.36    0.00    1.27    0.00    0.00    1.02    0.00    0.00    0.00   90.36
05:24:08     all    7.85    0.00    0.76    0.00    0.00    1.27    0.25    0.00    0.00   89.87
05:24:09     all    7.59    0.00    1.01    0.00    0.00    1.01    0.00    0.00    0.00   90.38
05:24:10     all    8.00    0.00    1.50    0.00    0.00    1.25    0.25    0.00    0.00   89.00
05:24:11     all    7.59    0.00    1.01    0.00    0.00    1.01    0.00    0.00    0.00   90.38
05:24:12     all    7.85    0.00    1.01    0.00    0.00    0.76    0.25    0.00    0.00   90.13
05:24:13     all    8.52    0.00    1.00    0.00    0.00    1.25    0.00    0.00    0.00   89.22
05:24:14     all    7.85    0.00    0.76    0.00    0.00    1.27    0.00    0.00    0.00   90.13
05:24:15     all    8.14    0.00    0.76    0.25    0.00    1.02    0.00    0.00    0.00   89.82
05:24:16     all    7.65    0.00    0.77    0.00    0.00    0.51    0.00    0.00    0.00   91.07
05:24:17     all    8.35    0.00    1.01    0.00    0.00    0.76    0.00    0.00    0.00   89.87
05:24:18     all    8.35    0.00    0.76    0.00    0.00    1.01    0.00    0.00    0.00   89.87
05:24:19     all    7.89    0.00    0.51    0.00    0.00    1.02    0.00    0.00    0.00   90.59
05:24:20     all    7.85    0.00    1.27    0.00    0.00    1.01    0.00    0.00    0.00   89.87
05:24:21     all    8.61    0.00    1.01    0.00    0.00    1.01    0.00    0.00    0.00   89.37
05:24:22     all    7.67    0.00    1.02    0.00    0.00    0.51    0.00    0.00    0.00   90.79
05:24:23     all    8.12    0.00    0.76    0.00    0.00    0.76    0.00    0.00    0.00   90.36
05:24:24     all    7.32    0.00    1.26    0.00    0.00    1.26    0.00    0.00    0.00   90.15
05:24:25     all    8.16    0.00    0.77    0.00    0.00    0.77    0.00    0.00    0.00   90.31
05:24:26     all    8.12    0.00    1.02    0.00    0.00    0.76    0.00    0.00    0.00   90.10
05:24:27     all    7.85    0.00    1.01    0.00    0.00    1.27    0.00    0.00    0.00   89.87
05:24:28     all    7.85    0.00    1.27    0.00    0.00    1.01    0.00    0.00    0.00   89.87
05:24:29     all    8.10    0.00    0.76    0.00    0.00    1.27    0.00    0.00    0.00   89.87
05:24:30     all    7.83    0.00    1.26    0.00    0.00    0.76    0.00    0.00    0.00   90.15
05:24:31     all    7.85    0.00    1.27    0.00    0.00    1.27    0.00    0.00    0.00   89.62
05:24:32     all    7.67    0.00    1.02    0.00    0.00    0.51    0.00    0.00    0.00   90.79
05:24:33     all    8.29    0.00    1.26    0.25    0.00    1.01    0.00    0.00    0.00   89.20
05:24:34     all    7.87    0.00    1.27    0.00    0.00    1.02    0.00    0.00    0.00   89.85
05:24:35     all    8.59    0.00    1.26    0.00    0.00    0.76    0.00    0.00    0.00   89.39
05:24:36     all    7.61    0.00    0.76    0.00    0.00    1.27    0.00    0.00    0.00   90.36
05:24:37     all    7.89    0.00    1.02    0.00    0.00    0.76    0.00    0.00    0.00   90.33
05:24:38     all    6.60    0.00    1.78    0.00    0.00    0.76    0.00    0.00    0.00   90.86
05:24:39     all    7.38    0.00    1.02    0.00    0.00    1.02    0.00    0.00    0.00   90.59
05:24:40     all    7.61    0.00    1.02    0.00    0.00    1.27    0.00    0.00    0.00   90.10
05:24:41     all    7.67    0.00    1.02    0.00    0.00    0.51    0.00    0.00    0.00   90.79
05:24:42     all    8.12    0.00    1.02    0.00    0.00    0.76    0.00    0.00    0.00   90.10
05:24:43     all    8.06    0.00    1.26    0.00    0.00    1.26    0.00    0.00    0.00   89.42
05:24:44     all    7.40    0.00    1.02    0.00    0.00    0.51    0.00    0.00    0.00   91.07
05:24:45     all    7.87    0.00    1.27    0.00    0.00    0.76    0.00    0.00    0.00   90.10
05:24:46     all    7.58    0.00    1.01    0.00    0.00    1.01    0.00    0.00    0.00   90.40
05:24:47     all    7.63    0.00    1.02    0.00    0.00    0.76    0.00    0.00    0.00   90.59
05:24:48     all    7.59    0.00    1.27    0.00    0.00    0.76    0.00    0.00    0.00   90.38
05:24:49     all    7.38    0.00    1.02    0.00    0.00    1.27    0.00    0.00    0.00   90.33
05:24:50     all    7.36    0.00    0.51    0.00    0.00    1.02    0.25    0.00    0.00   90.86
05:24:51     all    7.81    0.00    1.26    0.00    0.00    0.76    0.00    0.00    0.00   90.18
05:24:52     all    8.10    0.00    1.01    0.00    0.00    0.51    0.25    0.00    0.00   90.13
05:24:53     all    8.12    0.00    0.76    0.00    0.00    1.27    0.00    0.00    0.00   89.85
05:24:54     all    7.87    0.00    1.27    0.00    0.00    0.76    0.00    0.00    0.00   90.10
05:24:55     all    8.33    0.00    0.76    0.00    0.00    1.26    0.25    0.00    0.00   89.39
05:24:56     all    7.09    0.00    1.01    0.00    0.00    1.01    0.00    0.00    0.00   90.89
05:24:57     all    7.65    0.00    1.02    0.00    0.00    1.02    0.00    0.00    0.00   90.31
05:24:58     all    8.10    0.00    0.76    0.00    0.00    1.01    0.00    0.00    0.00   90.13
05:24:59     all    7.38    0.00    1.02    0.00    0.00    0.76    0.00    0.00    0.00   90.84
05:25:00     all    7.61    0.00    1.02    0.00    0.00    1.02    0.00    0.00    0.00   90.36
05:25:01     all    7.36    0.00    1.27    0.00    0.00    1.27    0.00    0.00    0.00   90.10
05:25:02     all    7.85    0.00    1.01    0.00    0.00    1.01    0.00    0.00    0.00   90.13
05:25:03     all    7.32    0.00    1.26    0.00    0.00    1.26    0.00    0.00    0.00   90.15
05:25:04     all    7.42    0.00    0.51    0.00    0.00    1.02    0.00    0.00    0.00   91.05
05:25:05     all    7.81    0.00    1.01    0.00    0.00    1.01    0.00    0.00    0.00   90.18
05:25:06     all    7.59    0.00    1.01    0.00    0.00    0.76    0.00    0.00    0.00   90.63
05:25:07     all    8.08    0.00    1.01    0.00    0.00    1.01    0.00    0.00    0.00   89.90
05:25:08     all    7.65    0.00    0.51    0.00    0.00    1.28    0.00    0.00    0.00   90.56
05:25:09     all    7.34    0.00    0.76    0.00    0.00    1.01    0.00    0.00    0.00   90.89
05:25:10     all    7.44    0.00    1.03    0.00    0.00    0.77    0.00    0.00    0.00   90.77
05:25:11     all    8.21    0.00    1.24    0.00    0.00    1.24    0.00    0.00    0.00   89.30
05:25:12     all    7.65    0.00    1.02    0.00    0.00    0.77    0.00    0.00    0.00   90.56
05:25:13     all    7.59    0.00    1.01    0.00    0.00    1.01    0.00    0.00    0.00   90.38
05:25:14     all    7.61    0.00    0.76    0.00    0.00    1.02    0.00    0.00    0.00   90.61
05:25:15     all    7.85    0.00    1.01    0.00    0.00    0.76    0.00    0.00    0.00   90.38
05:25:16     all    7.87    0.00    0.76    0.00    0.00    0.76    0.00    0.00    0.00   90.61
05:25:17     all    7.12    0.00    1.02    0.00    0.00    1.02    0.00    0.00    0.00   90.84
05:25:18     all    8.02    0.00    1.25    0.25    0.00    1.25    0.00    0.00    0.00   89.22
05:25:19     all    7.61    0.00    1.27    0.00    0.00    0.76    0.00    0.00    0.00   90.36
05:25:20     all    7.58    0.00    1.01    0.00    0.00    0.76    0.00    0.00    0.00   90.66
05:25:21     all    7.87    0.00    1.02    0.00    0.00    1.02    0.00    0.00    0.00   90.10
05:25:22     all    7.87    0.00    1.02    0.00    0.00    0.76    0.00    0.00    0.00   90.36
05:25:23     all    7.65    0.00    1.02    0.00    0.00    0.77    0.00    0.00    0.00   90.56
05:25:24     all    7.61    0.00    1.02    0.00    0.00    1.02    0.00    0.00    0.00   90.36
05:25:25     all    8.31    0.00    1.01    0.00    0.00    1.01    0.00    0.00    0.00   89.67
05:25:26     all    6.85    0.00    1.02    0.00    0.00    1.02    0.00    0.00    0.00   91.12
05:25:27     all    8.31    0.00    0.76    0.00    0.00    1.01    0.00    0.00    0.00   89.92
05:25:28     all    7.81    0.00    1.76    0.00    0.00    1.01    0.00    0.00    0.00   89.42
05:25:29     all    7.65    0.00    0.77    0.00    0.00    1.02    0.00    0.00    0.00   90.56
05:25:30     all    8.12    0.00    0.51    0.00    0.00    1.27    0.00    0.00    0.00   90.10
05:25:31     all    7.34    0.00    1.27    0.00    0.00    1.27    0.25    0.00    0.00   89.87
05:25:32     all    7.59    0.00    1.01    0.00    0.00    0.76    0.00    0.00    0.00   90.63
05:25:33     all    8.06    0.00    1.01    0.00    0.00    1.01    0.25    0.00    0.00   89.67
05:25:34     all    8.59    0.00    1.01    0.00    0.00    0.76    0.00    0.00    0.00   89.65
05:25:35     all    7.36    0.00    1.02    0.00    0.00    1.02    0.00    0.00    0.00   90.61
05:25:36     all    6.84    0.00    1.01    0.00    0.00    1.52    0.25    0.00    0.00   90.38
05:25:37     all    8.06    0.00    1.26    0.00    0.00    0.76    0.00    0.00    0.00   89.92
05:25:38     all    8.61    0.00    0.76    0.00    0.00    1.01    0.00    0.00    0.00   89.62
05:25:39     all    7.59    0.00    1.52    0.00    0.00    0.76    0.00    0.00    0.00   90.13
05:25:40     all    7.85    0.00    1.01    0.00    0.00    1.01    0.00    0.00    0.00   90.13
05:25:41     all    7.40    0.00    1.02    0.00    0.00    0.77    0.00    0.00    0.00   90.82
05:25:42     all    7.83    0.00    1.01    0.00    0.00    1.26    0.00    0.00    0.00   89.90
05:25:43     all    8.10    0.00    1.01    0.00    0.00    1.27    0.00    0.00    0.00   89.62
05:25:44     all    7.36    0.00    1.27    0.00    0.00    1.02    0.00    0.00    0.00   90.36
05:25:45     all    8.65    0.00    0.76    0.00    0.00    0.76    0.00    0.00    0.00   89.82
05:25:46     all    7.61    0.00    1.27    0.00    0.00    0.76    0.00    0.00    0.00   90.36
05:25:47     all    7.81    0.00    1.26    0.00    0.00    1.26    0.00    0.00    0.00   89.67
05:25:48     all    8.10    0.00    1.01    0.00    0.00    0.76    0.00    0.00    0.00   90.13
05:25:49     all    8.10    0.00    1.01    0.00    0.00    0.76    0.00    0.00    0.00   90.13
05:25:50     all    8.10    0.00    0.51    0.00    0.00    1.27    0.00    0.00    0.00   90.13
05:25:51     all    7.85    0.00    1.52    0.00    0.00    0.76    0.00    0.00    0.00   89.87
05:25:52     all    7.65    0.00    0.77    0.00    0.00    0.77    0.00    0.00    0.00   90.82
05:25:53     all    7.36    0.00    1.02    0.00    0.00    1.27    0.00    0.00    0.00   90.36
05:25:54     all    8.10    0.00    1.01    0.00    0.00    0.76    0.00    0.00    0.00   90.13
05:25:55     all    7.63    0.00    1.53    0.00    0.00    0.76    0.00    0.00    0.00   90.08
05:25:56     all    7.79    0.00    1.01    0.00    0.00    1.26    0.00    0.00    0.00   89.95
05:25:57     all    7.42    0.00    1.02    0.00    0.00    1.02    0.00    0.00    0.00   90.54
05:25:58     all    8.10    0.00    1.27    0.00    0.00    0.76    0.00    0.00    0.00   89.87
05:25:59     all    7.67    0.00    1.02    0.00    0.00    1.02    0.00    0.00    0.00   90.28
05:26:00     all    7.40    0.00    1.28    0.00    0.00    1.02    0.00    0.00    0.00   90.31
05:26:01     all    8.06    0.00    1.01    0.00    0.00    1.01    0.25    0.00    0.00   89.67
05:26:02     all    8.27    0.00    1.00    0.00    0.00    1.50    0.00    0.00    0.00   89.22
05:26:03     all    7.40    0.00    1.02    0.00    0.00    0.77    0.00    0.00    0.00   90.82
05:26:04     all    6.08    0.00    1.01    0.00    0.00    0.76    0.00    0.00    0.00   92.15
05:26:05     all    4.02    0.00    0.25    0.00    0.00    0.50    0.00    0.00    0.00   95.23
05:26:06     all    4.30    0.00    0.76    0.00    0.00    0.00    0.00    0.00    0.00   94.94
05:26:07     all    7.61    0.00    0.76    0.00    0.00    1.27    0.00    0.00    0.00   90.36
05:26:08     all    7.07    0.00    0.76    0.25    0.00    1.01    0.00    0.00    0.00   90.91
05:26:09     all    7.81    0.00    1.01    0.00    0.00    0.76    0.00    0.00    0.00   90.43
05:26:10     all    7.85    0.00    1.01    0.00    0.00    1.01    0.00    0.00    0.00   90.13
05:26:11     all    6.85    0.00    1.02    0.00    0.00    1.27    0.25    0.00    0.00   90.61
05:26:12     all    8.10    0.00    0.76    0.00    0.00    1.27    0.00    0.00    0.00   89.87
05:26:13     all    7.83    0.00    1.26    0.25    0.00    0.76    0.00    0.00    0.00   89.90
05:26:14     all    7.89    0.00    1.02    0.00    0.00    1.02    0.00    0.00    0.00   90.08
05:26:15     all    7.54    0.00    1.26    0.00    0.00    1.51    0.00    0.00    0.00   89.70
05:26:16     all    7.38    0.00    1.27    0.00    0.00    0.76    0.00    0.00    0.00   90.59
05:26:17     all    7.79    0.00    1.01    0.00    0.00    1.26    0.25    0.00    0.00   89.70
05:26:18     all    6.65    0.00    1.02    0.00    0.00    0.51    0.00    0.00    0.00   91.82
05:26:19     all    6.63    0.00    1.28    0.00    0.00    1.02    0.00    0.00    0.00   91.07
05:26:20     all    7.36    0.00    0.51    0.00    0.00    1.27    0.00    0.00    0.00   90.86
05:26:21     all    8.12    0.00    1.02    0.00    0.00    0.51    0.00    0.00    0.00   90.36
05:26:22     all    7.59    0.00    1.01    0.00    0.00    1.27    0.00    0.00    0.00   90.13
05:26:23     all    8.10    0.00    0.76    0.00    0.00    1.01    0.00    0.00    0.00   90.13
05:26:24     all    7.59    0.00    1.27    0.00    0.00    1.01    0.00    0.00    0.00   90.13
05:26:25     all    7.65    0.00    1.02    0.00    0.00    0.77    0.00    0.00    0.00   90.56
05:26:26     all    7.36    0.00    1.27    0.00    0.00    0.76    0.00    0.00    0.00   90.61
05:26:27     all    7.77    0.00    1.25    0.00    0.00    1.50    0.00    0.00    0.00   89.47
05:26:28     all    7.83    0.00    1.01    0.00    0.00    1.52    0.00    0.00    0.00   89.65
05:26:29     all    7.63    0.00    0.25    0.00    0.00    1.27    0.00    0.00    0.00   90.84
05:26:30     all    7.63    0.00    1.02    0.00    0.00    0.51    0.00    0.00    0.00   90.84
05:26:31     all    8.02    0.00    1.50    0.00    0.00    1.25    0.00    0.00    0.00   89.22
05:26:32     all    7.63    0.00    0.76    0.00    0.00    1.02    0.00    0.00    0.00   90.59
05:26:33     all    8.10    0.00    1.01    0.00    0.00    1.01    0.00    0.00    0.00   89.87
05:26:34     all    8.10    0.00    1.01    0.00    0.00    0.76    0.00    0.00    0.00   90.13
05:26:35     all    7.58    0.00    1.26    0.00    0.00    1.52    0.00    0.00    0.00   89.65
05:26:36     all    7.87    0.00    0.76    0.00    0.00    1.02    0.00    0.00    0.00   90.36
05:26:37     all    8.12    0.00    1.02    0.00    0.00    0.76    0.00    0.00    0.00   90.10
05:26:38     all    7.85    0.00    1.01    0.00    0.00    1.27    0.00    0.00    0.00   89.87
05:26:39     all    7.58    0.00    1.52    0.00    0.00    1.26    0.00    0.00    0.00   89.65
05:26:40     all    8.25    0.00    1.50    0.00    0.00    1.50    0.00    0.00    0.00   88.75
05:26:41     all    7.85    0.00    1.01    0.00    0.00    1.01    0.00    0.00    0.00   90.13
05:26:42     all    7.85    0.00    1.27    0.00    0.00    1.27    0.00    0.00    0.00   89.62
05:26:43     all    7.34    0.00    1.01    0.00    0.00    1.01    0.00    0.00    0.00   90.63
05:26:44     all    7.81    0.00    1.51    0.00    0.00    1.26    0.00    0.00    0.00   89.42
05:26:45     all    7.81    0.00    1.01    0.00    0.00    1.51    0.00    0.00    0.00   89.67
05:26:46     all    7.63    0.00    1.02    0.00    0.00    1.02    0.00    0.00    0.00   90.33
05:26:47     all    8.59    0.00    1.26    0.00    0.00    0.51    0.00    0.00    0.00   89.65
05:26:48     all    7.87    0.00    0.76    0.00    0.00    1.27    0.00    0.00    0.00   90.10
05:26:49     all    8.08    0.00    0.76    0.00    0.00    0.76    0.25    0.00    0.00   90.15
05:26:50     all    8.04    0.00    1.26    0.00    0.00    1.01    0.25    0.00    0.00   89.45
05:26:51     all    8.31    0.00    0.76    0.00    0.00    1.51    0.00    0.00    0.00   89.42
05:26:52     all    7.87    0.00    1.02    0.00    0.00    1.02    0.00    0.00    0.00   90.10
05:26:53     all    7.61    0.00    1.02    0.00    0.00    0.51    0.00    0.00    0.00   90.86
05:26:54     all    7.36    0.00    1.02    0.00    0.00    1.52    0.00    0.00    0.00   90.10
05:26:55     all    7.36    0.00    1.02    0.00    0.00    0.76    0.00    0.00    0.00   90.86
05:26:56     all    7.40    0.00    0.77    0.00    0.00    1.28    0.00    0.00    0.00   90.56
05:26:57     all    8.40    0.00    0.76    0.00    0.00    0.76    0.00    0.00    0.00   90.08
05:26:58     all    8.06    0.00    1.01    0.00    0.00    1.01    0.00    0.00    0.00   89.92
05:26:59     all    7.34    0.00    1.52    0.00    0.00    0.76    0.00    0.00    0.00   90.38
05:27:00     all    7.34    0.00    1.01    0.00    0.00    1.27    0.25    0.00    0.00   90.13
05:27:01     all    8.06    0.00    1.01    0.00    0.00    1.26    0.00    0.00    0.00   89.67
05:27:02     all    7.91    0.00    1.02    0.00    0.00    0.51    0.00    0.00    0.00   90.56
05:27:03     all    7.09    0.00    1.27    0.25    0.00    1.27    0.00    0.00    0.00   90.13
05:27:04     all    8.59    0.00    1.01    0.00    0.00    1.01    0.00    0.00    0.00   89.39
05:27:05     all    8.14    0.00    0.51    0.00    0.00    0.76    0.00    0.00    0.00   90.59
05:27:06     all    7.85    0.00    1.27    0.00    0.00    0.76    0.25    0.00    0.00   89.87
05:27:07     all    7.32    0.00    1.01    0.00    0.00    1.26    0.00    0.00    0.00   90.40
05:27:08     all    7.91    0.00    1.02    0.00    0.00    0.51    0.00    0.00    0.00   90.56
05:27:09     all    6.60    0.00    1.27    0.00    0.00    1.52    0.00    0.00    0.00   90.61
05:27:10     all    7.63    0.00    1.27    0.00    0.00    0.51    0.00    0.00    0.00   90.59
05:27:11     all    7.40    0.00    1.02    0.00    0.00    1.28    0.00    0.00    0.00   90.31
05:27:12     all    7.63    0.00    1.02    0.00    0.00    0.51    0.00    0.00    0.00   90.84
05:27:13     all    7.85    0.00    1.01    0.00    0.00    1.52    0.00    0.00    0.00   89.62
05:27:14     all    7.83    0.00    1.26    0.00    0.00    1.26    0.00    0.00    0.00   89.65
05:27:15     all    8.40    0.00    1.02    0.25    0.00    0.51    0.00    0.00    0.00   89.82
05:27:16     all    6.67    0.00    0.77    0.00    0.00    1.03    0.00    0.00    0.00   91.54
05:27:17     all    7.85    0.00    1.01    0.00    0.00    0.76    0.00    0.00    0.00   90.38
05:27:18     all    8.61    0.00    1.01    0.00    0.00    1.01    0.00    0.00    0.00   89.37
05:27:19     all    7.32    0.00    1.52    0.00    0.00    1.26    0.00    0.00    0.00   89.90
05:27:20     all    7.40    0.00    1.02    0.00    0.00    0.51    0.00    0.00    0.00   91.07
05:27:21     all    7.59    0.00    0.76    0.00    0.00    1.27    0.00    0.00    0.00   90.38
05:27:22     all    7.38    0.00    1.02    0.00    0.00    1.02    0.00    0.00    0.00   90.59
05:27:23     all    8.40    0.00    0.76    0.00    0.00    0.51    0.00    0.00    0.00   90.33
05:27:24     all    8.06    0.00    1.26    0.00    0.00    1.01    0.00    0.00    0.00   89.67
05:27:25     all    7.63    0.00    1.02    0.00    0.00    1.27    0.00    0.00    0.00   90.08
05:27:26     all    7.83    0.00    1.01    0.00    0.00    1.01    0.00    0.00    0.00   90.15
05:27:27     all    8.06    0.00    1.01    0.00    0.00    1.01    0.25    0.00    0.00   89.67
05:27:28     all    8.38    0.00    0.51    0.00    0.00    1.27    0.00    0.00    0.00   89.85
05:27:29     all    7.09    0.00    1.01    0.00    0.00    1.27    0.00    0.00    0.00   90.63
05:27:30     all    7.85    0.00    0.76    0.00    0.00    1.01    0.00    0.00    0.00   90.38
05:27:31     all    7.91    0.00    1.53    0.00    0.00    0.26    0.00    0.00    0.00   90.31
05:27:32     all    7.38    0.00    1.27    0.00    0.00    0.76    0.00    0.00    0.00   90.59
05:27:33     all    7.87    0.00    0.76    0.00    0.00    0.51    0.00    0.00    0.00   90.86
05:27:34     all    7.87    0.00    0.76    0.00    0.00    1.02    0.00    0.00    0.00   90.36
05:27:35     all    7.11    0.00    1.27    0.00    0.00    1.02    0.00    0.00    0.00   90.61
05:27:36     all    7.34    0.00    1.01    0.00    0.00    0.51    0.00    0.00    0.00   91.14
05:27:37     all    7.85    0.00    1.01    0.00    0.00    1.01    0.00    0.00    0.00   90.13
05:27:38     all    7.36    0.00    0.76    0.00    0.00    1.02    0.00    0.00    0.00   90.86
05:27:39     all    7.30    0.00    1.01    0.00    0.00    1.26    0.00    0.00    0.00   90.43
05:27:40     all    7.40    0.00    1.28    0.00    0.00    0.51    0.00    0.00    0.00   90.82
05:27:41     all    7.59    0.00    0.76    0.00    0.00    1.27    0.00    0.00    0.00   90.38
05:27:42     all    7.07    0.00    1.26    0.00    0.00    1.52    0.00    0.00    0.00   90.15
05:27:43     all    7.89    0.00    0.76    0.00    0.00    0.76    0.00    0.00    0.00   90.59
05:27:44     all    8.31    0.00    1.26    0.00    0.00    0.76    0.25    0.00    0.00   89.42
05:27:45     all    7.38    0.00    1.27    0.00    0.00    0.76    0.00    0.00    0.00   90.59
05:27:46     all    7.85    0.00    1.01    0.00    0.00    0.76    0.00    0.00    0.00   90.38
05:27:47     all    7.38    0.00    0.76    0.00    0.00    1.02    0.00    0.00    0.00   90.84
05:27:48     all    7.36    0.00    1.52    0.00    0.00    0.76    0.00    0.00    0.00   90.36
05:27:49     all    7.87    0.00    0.51    0.00    0.00    1.02    0.00    0.00    0.00   90.61
05:27:50     all    7.85    0.00    0.76    0.00    0.00    1.27    0.00    0.00    0.00   90.13
05:27:51     all    7.59    0.00    1.01    0.00    0.00    0.76    0.00    0.00    0.00   90.63
05:27:52     all    7.63    0.00    1.27    0.00    0.00    0.76    0.00    0.00    0.00   90.33
05:27:53     all    7.61    0.00    0.76    0.00    0.00    1.02    0.00    0.00    0.00   90.61
05:27:54     all    7.65    0.00    1.28    0.00    0.00    0.77    0.00    0.00    0.00   90.31
05:27:55     all    7.59    0.00    1.01    0.00    0.00    1.01    0.00    0.00    0.00   90.38
05:27:56     all    7.65    0.00    1.02    0.00    0.00    0.77    0.00    0.00    0.00   90.56
05:27:57     all    7.56    0.00    1.01    0.25    0.00    1.01    0.00    0.00    0.00   90.18
05:27:58     all    7.42    0.00    1.02    0.00    0.00    1.28    0.00    0.00    0.00   90.28
05:27:59     all    7.58    0.00    1.01    0.00    0.00    0.76    0.00    0.00    0.00   90.66
05:28:00     all    8.31    0.00    1.01    0.00    0.00    0.76    0.00    0.00    0.00   89.92
05:28:01     all    6.87    0.00    1.27    0.00    0.00    1.02    0.00    0.00    0.00   90.84
05:28:02     all    8.56    0.00    1.01    0.00    0.00    1.01    0.00    0.00    0.00   89.42
05:28:03     all    8.08    0.00    0.76    0.00    0.00    1.01    0.00    0.00    0.00   90.15
05:28:04     all    7.81    0.00    1.26    0.00    0.00    0.76    0.00    0.00    0.00   90.18
05:28:05     all    7.14    0.00    0.77    0.00    0.00    1.28    0.00    0.00    0.00   90.82
05:28:06     all    7.87    0.00    0.76    0.00    0.00    0.76    0.00    0.00    0.00   90.61
05:28:07     all    8.04    0.00    1.26    0.00    0.00    0.75    0.25    0.00    0.00   89.70
05:28:08     all    7.83    0.00    1.01    0.00    0.00    1.01    0.00    0.00    0.00   90.15
05:28:09     all    7.61    0.00    0.51    0.00    0.00    1.27    0.00    0.00    0.00   90.61
05:28:10     all    7.83    0.00    1.26    0.00    0.00    0.51    0.00    0.00    0.00   90.40
05:28:11     all    8.08    0.00    1.26    0.00    0.00    1.01    0.00    0.00    0.00   89.65
05:28:12     all    8.06    0.00    0.76    0.00    0.00    1.01    0.25    0.00    0.00   89.92
05:28:13     all    7.85    0.00    1.01    0.00    0.00    1.01    0.00    0.00    0.00   90.13
05:28:14     all    7.61    0.00    1.02    0.00    0.00    0.76    0.00    0.00    0.00   90.61
05:28:15     all    7.81    0.00    1.51    0.00    0.00    1.01    0.00    0.00    0.00   89.67
05:28:16     all    7.89    0.00    0.51    0.00    0.00    0.76    0.25    0.00    0.00   90.59
05:28:17     all    7.34    0.00    1.01    0.00    0.00    1.01    0.00    0.00    0.00   90.63
05:28:18     all    7.63    0.00    1.27    0.00    0.00    1.02    0.00    0.00    0.00   90.08
05:28:19     all    8.29    0.00    1.26    0.00    0.00    0.75    0.00    0.00    0.00   89.70
05:28:20     all    6.67    0.00    1.03    0.00    0.00    0.77    0.00    0.00    0.00   91.54
05:28:21     all    7.81    0.00    0.76    0.00    0.00    1.26    0.00    0.00    0.00   90.18
05:28:22     all    7.32    0.00    1.77    0.00    0.00    0.51    0.00    0.00    0.00   90.40
05:28:23     all    7.36    0.00    0.51    0.00    0.00    1.52    0.00    0.00    0.00   90.61
05:28:24     all    7.61    0.00    1.02    0.00    0.00    0.76    0.00    0.00    0.00   90.61
05:28:25     all    7.85    0.00    1.01    0.00    0.00    1.01    0.00    0.00    0.00   90.13
05:28:26     all    8.10    0.00    1.52    0.00    0.00    1.01    0.00    0.00    0.00   89.37
05:28:27     all    7.91    0.00    0.51    0.00    0.00    1.02    0.26    0.00    0.00   90.31
05:28:28     all    7.63    0.00    1.02    0.00    0.00    0.51    0.00    0.00    0.00   90.84
05:28:29     all    7.61    0.00    0.76    0.00    0.00    1.27    0.00    0.00    0.00   90.36
05:28:30     all    7.81    0.00    0.76    0.00    0.00    1.01    0.00    0.00    0.00   90.43
05:28:31     all    7.89    0.00    0.76    0.00    0.00    0.76    0.00    0.00    0.00   90.59
05:28:32     all    7.32    0.00    1.26    0.25    0.00    1.01    0.00    0.00    0.00   90.15
05:28:33     all    7.38    0.00    0.76    0.00    0.00    1.02    0.00    0.00    0.00   90.84
05:28:34     all    7.61    0.00    0.76    0.00    0.00    1.02    0.00    0.00    0.00   90.61
05:28:35     all    8.08    0.00    1.52    0.00    0.00    0.76    0.00    0.00    0.00   89.65
05:28:36     all    7.38    0.00    0.76    0.00    0.00    1.02    0.00    0.00    0.00   90.84
05:28:37     all    7.38    0.00    1.02    0.00    0.00    1.02    0.00    0.00    0.00   90.59
05:28:38     all    7.11    0.00    1.02    0.00    0.00    0.76    0.00    0.00    0.00   91.12
05:28:39     all    7.87    0.00    1.02    0.00    0.00    0.51    0.00    0.00    0.00   90.61
05:28:40     all    7.59    0.00    1.01    0.00    0.00    1.01    0.00    0.00    0.00   90.38
05:28:41     all    7.58    0.00    1.01    0.00    0.00    1.01    0.00    0.00    0.00   90.40
05:28:42     all    8.10    0.00    1.01    0.00    0.00    1.27    0.00    0.00    0.00   89.62
05:28:43     all    7.40    0.00    0.77    0.00    0.00    0.51    0.00    0.00    0.00   91.33
05:28:44     all    7.29    0.00    1.26    0.00    0.00    1.26    0.00    0.00    0.00   90.20
05:28:45     all    7.63    0.00    0.76    0.00    0.00    1.27    0.00    0.00    0.00   90.33
05:28:46     all    7.34    0.00    1.27    0.00    0.00    0.76    0.25    0.00    0.00   90.38
05:28:47     all    7.59    0.00    1.01    0.00    0.00    1.27    0.00    0.00    0.00   90.13
05:28:48     all    7.34    0.00    1.01    0.00    0.00    1.01    0.00    0.00    0.00   90.63
05:28:49     all    7.63    0.00    0.76    0.00    0.00    0.51    0.00    0.00    0.00   91.09
05:28:50     all    7.61    0.00    1.02    0.00    0.00    1.27    0.00    0.00    0.00   90.10
05:28:51     all    7.38    0.00    0.51    0.00    0.00    0.76    0.00    0.00    0.00   91.35
05:28:52     all    7.59    0.00    1.01    0.00    0.00    0.76    0.00    0.00    0.00   90.63
05:28:53     all    7.61    0.00    1.02    0.00    0.00    1.02    0.00    0.00    0.00   90.36
05:28:54     all    7.07    0.00    1.26    0.00    0.00    1.52    0.00    0.00    0.00   90.15
05:28:55     all    7.44    0.00    0.51    0.00    0.00    0.51    0.00    0.00    0.00   91.54
05:28:56     all    7.09    0.00    1.77    0.00    0.00    1.01    0.00    0.00    0.00   90.13
05:28:57     all    7.61    0.00    0.76    0.00    0.00    1.02    0.00    0.00    0.00   90.61
05:28:58     all    7.63    0.00    1.02    0.00    0.00    0.76    0.00    0.00    0.00   90.59
05:28:59     all    8.33    0.00    0.76    0.00    0.00    1.01    0.00    0.00    0.00   89.90
05:29:00     all    7.61    0.00    0.76    0.00    0.00    1.02    0.00    0.00    0.00   90.61
05:29:01     all    8.10    0.00    1.01    0.00    0.00    1.01    0.00    0.00    0.00   89.87
05:29:02     all    8.63    0.00    1.02    0.00    0.00    0.76    0.00    0.00    0.00   89.59
05:29:03     all    7.32    0.00    1.26    0.00    0.00    1.26    0.00    0.00    0.00   90.15
05:29:04     all    7.14    0.00    1.28    0.00    0.00    0.51    0.00    0.00    0.00   91.07
05:29:05     all    4.28    0.00    0.25    0.00    0.00    0.76    0.00    0.00    0.00   94.71
05:29:06     all    5.32    0.00    0.76    0.00    0.00    0.51    0.00    0.00    0.00   93.42
05:29:07     all    6.82    0.00    1.01    0.00    0.00    0.51    0.00    0.00    0.00   91.67
05:29:08     all    7.29    0.00    1.01    0.25    0.00    1.26    0.00    0.00    0.00   90.20
05:29:09     all    6.63    0.00    0.26    0.00    0.00    0.77    0.00    0.00    0.00   92.35
05:29:10     all    7.18    0.00    0.77    0.00    0.00    0.51    0.00    0.00    0.00   91.54
05:29:11     all    7.30    0.00    1.01    0.00    0.00    1.01    0.25    0.00    0.00   90.43
05:29:12     all    7.42    0.00    0.77    0.00    0.00    0.51    0.00    0.00    0.00   91.30
05:29:13     all    7.34    0.00    1.01    0.00    0.00    1.01    0.00    0.00    0.00   90.63
05:29:14     all    7.36    0.00    1.02    0.00    0.00    1.02    0.00    0.00    0.00   90.61
05:29:15     all    7.67    0.00    0.77    0.00    0.00    0.77    0.00    0.00    0.00   90.79
05:29:16     all    8.02    0.00    1.50    0.00    0.00    1.00    0.00    0.00    0.00   89.47
05:29:17     all    7.16    0.00    1.02    0.00    0.00    1.02    0.00    0.00    0.00   90.79
05:29:18     all    8.82    0.00    1.01    0.00    0.00    1.01    0.00    0.00    0.00   89.17
05:29:19     all    8.14    0.00    0.76    0.00    0.00    0.51    0.00    0.00    0.00   90.59
05:29:20     all    8.12    0.00    0.76    0.00    0.00    1.27    0.00    0.00    0.00   89.85
05:29:21     all    8.10    0.00    0.76    0.00    0.00    1.01    0.00    0.00    0.00   90.13
05:29:22     all    7.16    0.00    1.02    0.00    0.00    1.02    0.00    0.00    0.00   90.79
05:29:23     all    6.89    0.00    0.77    0.00    0.00    1.02    0.00    0.00    0.00   91.33
05:29:24     all    8.54    0.00    1.26    0.00    0.00    1.01    0.25    0.00    0.00   88.94
05:29:25     all    7.83    0.00    1.26    0.00    0.00    1.26    0.00    0.00    0.00   89.65
05:29:26     all    7.83    0.00    1.26    0.00    0.00    0.76    0.00    0.00    0.00   90.15
05:29:27     all    8.27    0.00    1.00    0.00    0.00    1.50    0.25    0.00    0.00   88.97
05:29:28     all    7.40    0.00    1.02    0.00    0.00    1.02    0.00    0.00    0.00   90.56
05:29:29     all    7.58    0.00    1.01    0.00    0.00    1.52    0.00    0.00    0.00   89.90
05:29:30     all    8.10    0.00    1.01    0.00    0.00    1.01    0.00    0.00    0.00   89.87
05:29:31     all    7.11    0.00    1.27    0.00    0.00    0.76    0.00    0.00    0.00   90.86
05:29:32     all    8.04    0.00    1.26    0.00    0.00    1.26    0.00    0.00    0.00   89.45
05:29:33     all    7.59    0.00    1.01    0.00    0.00    1.01    0.00    0.00    0.00   90.38
05:29:34     all    8.18    0.00    0.77    0.00    0.00    0.77    0.00    0.00    0.00   90.28
05:29:35     all    8.29    0.00    1.76    0.00    0.00    0.75    0.00    0.00    0.00   89.20
05:29:36     all    8.08    0.00    1.01    0.00    0.00    1.26    0.00    0.00    0.00   89.65
05:29:37     all    8.06    0.00    1.01    0.00    0.00    1.01    0.00    0.00    0.00   89.92
05:29:38     all    7.36    0.00    1.52    0.00    0.00    0.51    0.00    0.00    0.00   90.61
05:29:39     all    8.33    0.00    0.25    0.00    0.00    1.52    0.25    0.00    0.00   89.65
05:29:40     all    7.85    0.00    1.01    0.00    0.00    0.51    0.00    0.00    0.00   90.63
05:29:41     all    7.54    0.00    1.51    0.00    0.00    1.26    0.00    0.00    0.00   89.70
05:29:42     all    7.59    0.00    1.01    0.00    0.00    1.27    0.00    0.00    0.00   90.13
05:29:43     all    7.61    0.00    1.02    0.00    0.00    1.02    0.00    0.00    0.00   90.36
05:29:44     all    7.61    0.00    1.27    0.00    0.00    1.02    0.00    0.00    0.00   90.10
05:29:45     all    7.36    0.00    1.02    0.00    0.00    1.02    0.00    0.00    0.00   90.61
05:29:46     all    8.06    0.00    1.26    0.00    0.00    1.01    0.00    0.00    0.00   89.67
05:29:47     all    7.81    0.00    1.26    0.00    0.00    1.01    0.00    0.00    0.00   89.92
05:29:48     all    7.38    0.00    0.76    0.00    0.00    0.76    0.00    0.00    0.00   91.09
05:29:49     all    6.92    0.00    1.03    0.00    0.00    1.03    0.00    0.00    0.00   91.03
05:29:50     all    8.16    0.00    0.26    0.00    0.00    0.51    0.00    0.00    0.00   91.07
05:29:51     all    8.04    0.00    1.51    0.00    0.00    1.26    0.00    0.00    0.00   89.20
05:29:52     all    7.79    0.00    1.01    0.00    0.00    1.26    0.00    0.00    0.00   89.95
05:29:53     all    7.65    0.00    0.77    0.00    0.00    1.02    0.00    0.00    0.00   90.56
05:29:54     all    8.08    0.00    1.26    0.00    0.00    1.01    0.25    0.00    0.00   89.39
05:29:55     all    7.89    0.00    0.76    0.25    0.00    0.76    0.00    0.00    0.00   90.33
05:29:56     all    7.54    0.00    1.26    0.00    0.00    1.51    0.00    0.00    0.00   89.70
05:29:57     all    8.12    0.00    1.02    0.00    0.00    0.76    0.00    0.00    0.00   90.10
05:29:58     all    7.63    0.00    1.02    0.00    0.00    0.76    0.00    0.00    0.00   90.59
05:29:59     all    8.27    0.00    1.00    0.00    0.00    1.00    0.00    0.00    0.00   89.72
05:30:00     all    7.83    0.00    1.01    0.25    0.00    1.01    0.00    0.00    0.00   89.90
05:30:01     all    7.69    0.00    0.77    0.00    0.00    1.03    0.00    0.00    0.00   90.51
05:30:02     all    8.31    0.00    1.26    0.00    0.00    0.76    0.25    0.00    0.00   89.42
05:30:03     all    7.38    0.00    1.02    0.00    0.00    0.76    0.00    0.00    0.00   90.84
05:30:04     all    8.12    0.00    1.27    0.00    0.00    1.02    0.00    0.00    0.00   89.59
05:30:05     all    7.61    0.00    0.76    0.00    0.00    1.02    0.00    0.00    0.00   90.61
05:30:06     all    7.32    0.00    1.26    0.00    0.00    1.01    0.00    0.00    0.00   90.40
05:30:07     all    7.65    0.00    0.77    0.00    0.00    0.77    0.00    0.00    0.00   90.82
05:30:08     all    7.59    0.00    1.27    0.00    0.00    1.27    0.00    0.00    0.00   89.87
05:30:09     all    7.89    0.00    1.27    0.00    0.00    0.51    0.00    0.00    0.00   90.33
05:30:10     all    7.63    0.00    0.76    0.00    0.00    1.27    0.00    0.00    0.00   90.33
05:30:11     all    7.85    0.00    1.27    0.00    0.00    0.76    0.00    0.00    0.00   90.13
05:30:12     all    7.61    0.00    1.27    0.00    0.00    1.02    0.00    0.00    0.00   90.10
05:30:13     all    8.10    0.00    1.01    0.00    0.00    1.01    0.00    0.00    0.00   89.87
05:30:14     all    7.89    0.00    1.02    0.00    0.00    0.76    0.00    0.00    0.00   90.33
05:30:15     all    7.89    0.00    0.76    0.00    0.00    1.02    0.00    0.00    0.00   90.33
05:30:16     all    7.87    0.00    1.27    0.00    0.00    1.02    0.00    0.00    0.00   89.85
05:30:17     all    7.89    0.00    1.27    0.00    0.00    0.76    0.00    0.00    0.00   90.08
05:30:18     all    8.31    0.00    1.01    0.00    0.00    1.26    0.00    0.00    0.00   89.42
05:30:19     all    7.89    0.00    0.76    0.00    0.00    0.76    0.00    0.00    0.00   90.59
05:30:20     all    8.61    0.00    0.76    0.00    0.00    1.01    0.00    0.00    0.00   89.62
05:30:21     all    7.65    0.00    0.77    0.00    0.00    0.77    0.00    0.00    0.00   90.82
05:30:22     all    7.59    0.00    1.27    0.00    0.00    1.27    0.00    0.00    0.00   89.87
05:30:23     all    7.87    0.00    1.02    0.00    0.00    1.02    0.00    0.00    0.00   90.10
05:30:24     all    8.38    0.00    1.27    0.00    0.00    1.02    0.00    0.00    0.00   89.34
05:30:25     all    8.12    0.00    1.02    0.00    0.00    0.76    0.00    0.00    0.00   90.10
05:30:26     all    8.12    0.00    1.02    0.00    0.00    1.02    0.00    0.00    0.00   89.85
05:30:27     all    7.89    0.00    1.02    0.00    0.00    0.76    0.00    0.00    0.00   90.33
05:30:28     all    7.59    0.00    1.01    0.51    0.00    1.01    0.00    0.00    0.00   89.87
05:30:29     all    7.58    0.00    1.26    0.00    0.00    1.01    0.00    0.00    0.00   90.15
05:30:30     all    7.85    0.00    1.01    0.00    0.00    1.01    0.00    0.00    0.00   90.13
05:30:31     all    8.61    0.00    0.76    0.00    0.00    1.01    0.00    0.00    0.00   89.62
05:30:32     all    7.89    0.00    0.76    0.00    0.00    1.02    0.00    0.00    0.00   90.33
05:30:33     all    7.05    0.00    1.51    0.00    0.00    1.51    0.25    0.00    0.00   89.67
05:30:34     all    8.42    0.00    0.77    0.00    0.00    0.51    0.00    0.00    0.00   90.31
05:30:35     all    8.08    0.00    1.01    0.00    0.00    1.01    0.00    0.00    0.00   89.90
05:30:36     all    7.12    0.00    1.27    0.00    0.00    1.02    0.00    0.00    0.00   90.59
05:30:37     all    8.12    0.00    0.51    0.00    0.00    0.76    0.00    0.00    0.00   90.61
05:30:38     all    8.59    0.00    1.01    0.00    0.00    1.01    0.00    0.00    0.00   89.39
05:30:39     all    7.34    0.00    1.27    0.00    0.00    1.01    0.00    0.00    0.00   90.38
05:30:40     all    8.59    0.00    1.01    0.00    0.00    0.76    0.51    0.00    0.00   89.14
05:30:41     all    7.63    0.00    1.02    0.00    0.00    0.76    0.00    0.00    0.00   90.59
05:30:42     all    7.61    0.00    0.76    0.00    0.00    0.76    0.00    0.00    0.00   90.86
05:30:43     all    7.65    0.00    0.77    0.00    0.00    0.77    0.00    0.00    0.00   90.82
05:30:44     all    7.34    0.00    1.27    0.00    0.00    1.01    0.00    0.00    0.00   90.38
05:30:45     all    7.56    0.00    1.26    0.00    0.00    1.26    0.00    0.00    0.00   89.92
05:30:46     all    8.08    0.00    0.76    0.00    0.00    1.01    0.00    0.00    0.00   90.15
05:30:47     all    7.40    0.00    0.51    0.00    0.00    1.28    0.00    0.00    0.00   90.82
05:30:48     all    7.58    0.00    1.52    0.00    0.00    0.76    0.00    0.00    0.00   90.15
05:30:49     all    7.63    0.00    1.02    0.00    0.00    0.76    0.00    0.00    0.00   90.59
05:30:50     all    6.84    0.00    0.51    0.00    0.00    1.01    0.00    0.00    0.00   91.65
05:30:51     all    5.79    0.00    1.01    0.00    0.00    1.01    0.00    0.00    0.00   92.19
05:30:52     all    5.33    0.00    0.76    0.00    0.00    0.51    0.00    0.00    0.00   93.40
05:30:53     all    5.56    0.00    0.76    0.00    0.00    0.51    0.00    0.00    0.00   93.18
05:30:54     all    5.26    0.00    1.00    0.00    0.00    0.25    0.00    0.00    0.00   93.48
05:30:55     all    4.52    0.00    0.75    0.00    0.00    1.01    0.00    0.00    0.00   93.72
05:30:56     all    4.30    0.00    0.25    0.00    0.00    0.25    0.00    0.00    0.00   95.19
05:30:57     all    4.01    0.00    0.75    0.00    0.00    0.25    0.00    0.00    0.00   94.99
05:30:58     all    3.01    0.00    0.50    0.00    0.00    0.50    0.25    0.00    0.00   95.74
05:30:59     all    2.27    0.00    0.00    0.00    0.00    0.25    0.00    0.00    0.00   97.48
05:31:00     all    1.01    0.00    0.00    0.00    0.00    0.00    0.00    0.00    0.00   98.99
05:31:01     all    1.50    0.00    0.75    0.00    0.00    0.00    0.00    0.00    0.00   97.76
05:31:02     all    1.25    0.00    0.25    0.00    0.00    0.25    0.00    0.00    0.00   98.25
05:31:03     all    1.01    0.00    0.00    0.00    0.00    0.00    0.00    0.00    0.00   98.99
05:31:04     all    1.00    0.00    0.25    0.00    0.00    0.25    0.00    0.00    0.00   98.50
05:31:05     all    1.00    0.00    0.00    0.00    0.00    0.00    0.00    0.00    0.00   99.00
05:31:06     all    0.75    0.00    0.00    0.00    0.00    0.00    0.00    0.00    0.00   99.25
05:31:07     all    0.50    0.00    0.00    0.25    0.00    0.00    0.00    0.00    0.00   99.25
05:31:08     all    0.50    0.00    0.25    0.00    0.00    0.00    0.00    0.00    0.00   99.25
05:31:09     all    0.50    0.00    0.00    0.00    0.00    0.00    0.00    0.00    0.00   99.50
05:31:10     all    0.75    0.00    0.50    0.00    0.00    0.00    0.00    0.00    0.00   98.75
05:31:11     all    0.00    0.00    0.00    0.00    0.00    0.00    0.00    0.00    0.00  100.00
05:31:12     all    0.00    0.00    0.00    0.00    0.00    0.00    0.00    0.00    0.00  100.00
05:31:13     all    0.25    0.00    0.25    0.00    0.00    0.00    0.00    0.00    0.00   99.50
05:31:14     all    0.00    0.00    0.00    0.00    0.00    0.00    0.00    0.00    0.00  100.00
05:31:15     all    0.25    0.00    0.00    0.00    0.00    0.00    0.00    0.00    0.00   99.75
05:31:16     all    0.00    0.00    0.00    0.00    0.00    0.00    0.00    0.00    0.00  100.00
05:31:17     all    0.00    0.00    0.00    0.00    0.00    0.00    0.00    0.00    0.00  100.00
05:31:18     all    0.00    0.00    0.00    0.00    0.00    0.00    0.00    0.00    0.00  100.00
05:31:19     all    0.00    0.00    0.00    0.00    0.00    0.00    0.00    0.00    0.00  100.00
