Linux 6.8.0-1064-azure (csb-bench-host-azure) 	08/18/26 	_x86_64_	(4 CPU)

02:10:01     CPU    %usr   %nice    %sys %iowait    %irq   %soft  %steal  %guest  %gnice   %idle
02:10:02     all   84.89    0.00    6.30    0.00    0.00    1.51    0.00    0.00    0.00    7.30
02:10:03     all   75.13    0.00    2.28    0.00    0.00    3.05    0.00    0.00    0.00   19.54
02:10:04     all   75.97    0.00    2.58    0.00    0.00    2.58    0.00    0.00    0.00   18.86
02:10:05     all   77.81    0.00    2.30    0.00    0.00    2.81    0.00    0.00    0.00   17.09
02:10:06     all   78.92    0.00    2.31    0.00    0.00    2.83    0.00    0.00    0.00   15.94
02:10:07     all   75.13    0.00    3.05    0.00    0.00    2.79    0.00    0.00    0.00   19.04
02:10:08     all   74.55    0.00    1.53    0.00    0.00    3.05    0.00    0.00    0.00   20.87
02:10:09     all   74.62    0.00    3.05    0.00    0.00    2.79    0.00    0.00    0.00   19.54
02:10:10     all   75.70    0.00    2.28    0.00    0.00    3.80    0.00    0.00    0.00   18.23
02:10:11     all   77.16    0.00    2.54    0.00    0.00    3.05    0.00    0.00    0.00   17.26
02:10:12     all   74.18    0.00    2.53    0.00    0.00    3.04    0.00    0.00    0.00   20.25
02:10:13     all   73.92    0.00    2.78    0.00    0.00    3.04    0.00    0.00    0.00   20.25
02:10:14     all   74.68    0.00    2.30    0.26    0.00    3.07    0.00    0.00    0.00   19.69
02:10:15     all   74.87    0.00    2.79    0.00    0.00    2.54    0.00    0.00    0.00   19.80
02:10:16     all   76.44    0.00    2.76    0.00    0.00    3.51    0.00    0.00    0.00   17.29
02:10:17     all   75.00    0.00    2.55    0.00    0.00    2.81    0.00    0.00    0.00   19.64
02:10:18     all   76.53    0.00    2.30    0.00    0.00    3.06    0.00    0.00    0.00   18.11
02:10:19     all   74.87    0.00    2.26    0.00    0.00    4.02    0.00    0.00    0.00   18.84
02:10:20     all   75.83    0.00    2.54    0.25    0.00    2.80    0.00    0.00    0.00   18.58
02:10:21     all   73.35    0.00    2.28    0.00    0.00    3.55    0.00    0.00    0.00   20.81
02:10:22     all   73.99    0.00    2.53    0.00    0.00    2.78    0.00    0.00    0.00   20.71
02:10:23     all   72.04    0.00    2.77    0.00    0.00    3.02    0.00    0.00    0.00   22.17
02:10:24     all   70.96    0.00    2.27    0.00    0.00    3.28    0.00    0.00    0.00   23.48
02:10:25     all   72.59    0.00    2.54    0.00    0.00    3.05    0.00    0.00    0.00   21.83
02:10:26     all   73.23    0.00    2.27    0.00    0.00    3.28    0.00    0.00    0.00   21.21
02:10:27     all   75.31    0.00    2.27    0.00    0.00    3.27    0.00    0.00    0.00   19.14
02:10:28     all   73.40    0.00    2.30    0.00    0.00    3.32    0.00    0.00    0.00   20.97
02:10:29     all   75.51    0.00    2.53    0.00    0.00    3.03    0.00    0.00    0.00   18.94
02:10:30     all   74.94    0.00    2.78    0.00    0.00    3.04    0.00    0.00    0.00   19.24
02:10:31     all   75.32    0.00    1.78    0.00    0.00    2.80    0.00    0.00    0.00   20.10
02:10:32     all   74.05    0.00    2.29    0.00    0.00    2.80    0.00    0.00    0.00   20.87
02:10:33     all   73.35    0.00    2.28    0.00    0.00    3.55    0.00    0.00    0.00   20.81
02:10:34     all   75.31    0.00    2.52    0.00    0.00    2.52    0.00    0.00    0.00   19.65
02:10:35     all   76.08    0.00    2.29    0.00    0.00    3.05    0.00    0.00    0.00   18.58
02:10:36     all   74.68    0.00    2.28    0.00    0.00    2.78    0.00    0.00    0.00   20.25
02:10:37     all   75.06    0.00    4.07    0.00    0.00    2.80    0.00    0.00    0.00   18.07
02:10:38     all   74.24    0.00    2.53    0.00    0.00    2.78    0.00    0.00    0.00   20.45
02:10:39     all   74.43    0.00    2.28    0.00    0.00    3.04    0.00    0.00    0.00   20.25
02:10:40     all   75.13    0.00    2.54    0.00    0.00    2.54    0.00    0.00    0.00   19.80
02:10:41     all   73.67    0.00    2.53    0.00    0.00    3.04    0.00    0.00    0.00   20.76
02:10:42     all   76.41    0.00    1.79    0.00    0.00    2.82    0.00    0.00    0.00   18.97
02:10:43     all   75.57    0.00    3.02    0.00    0.00    3.02    0.00    0.00    0.00   18.39
02:10:44     all   76.08    0.00    2.29    0.00    0.00    3.05    0.00    0.00    0.00   18.58
02:10:45     all   74.49    0.00    2.81    0.00    0.00    2.81    0.00    0.00    0.00   19.90
02:10:46     all   75.19    0.00    2.53    0.00    0.00    3.04    0.00    0.00    0.00   19.24
02:10:47     all   73.10    0.00    2.28    0.00    0.00    3.05    0.00    0.00    0.00   21.57
02:10:48     all   76.26    0.00    2.27    0.00    0.00    3.28    0.00    0.00    0.00   18.18
02:10:49     all   76.65    0.00    2.03    0.00    0.00    2.79    0.00    0.00    0.00   18.53
02:10:50     all   77.47    0.00    3.04    0.00    0.00    3.04    0.00    0.00    0.00   16.46
02:10:51     all   77.41    0.00    2.28    0.00    0.00    3.55    0.00    0.00    0.00   16.75
02:10:52     all   76.40    0.00    2.28    0.00    0.00    3.05    0.00    0.00    0.00   18.27
02:10:53     all   74.94    0.00    2.53    0.00    0.00    3.04    0.00    0.00    0.00   19.49
02:10:54     all   76.35    0.00    2.57    0.00    0.00    2.57    0.00    0.00    0.00   18.51
02:10:55     all   75.76    0.00    2.53    0.00    0.00    3.28    0.00    0.00    0.00   18.43
02:10:56     all   73.30    0.00    2.52    0.00    0.00    3.27    0.00    0.00    0.00   20.91
02:10:57     all   75.51    0.00    2.27    0.00    0.00    3.03    0.00    0.00    0.00   19.19
02:10:58     all   75.63    0.00    2.03    0.00    0.00    3.55    0.00    0.00    0.00   18.78
02:10:59     all   75.51    0.00    3.03    0.00    0.00    2.53    0.00    0.00    0.00   18.94
02:11:00     all   75.89    0.00    2.03    0.00    0.00    2.79    0.00    0.00    0.00   19.29
02:11:01     all   75.25    0.00    2.27    0.00    0.00    3.03    0.00    0.00    0.00   19.44
02:11:02     all   72.84    0.00    2.03    0.00    0.00    3.30    0.00    0.00    0.00   21.83
02:11:03     all   75.63    0.00    2.28    0.00    0.00    2.54    0.00    0.00    0.00   19.54
02:11:04     all   75.38    0.00    2.54    0.00    0.00    2.54    0.00    0.00    0.00   19.54
02:11:05     all   76.63    0.00    2.76    0.00    0.00    3.52    0.00    0.00    0.00   17.09
02:11:06     all   73.54    0.00    2.80    0.25    0.00    2.80    0.00    0.00    0.00   20.61
02:11:07     all   73.67    0.00    2.78    0.00    0.00    2.53    0.00    0.00    0.00   21.01
02:11:08     all   75.63    0.00    2.03    0.00    0.00    3.55    0.00    0.00    0.00   18.78
02:11:09     all   74.06    0.00    2.77    0.00    0.00    3.27    0.00    0.00    0.00   19.90
02:11:10     all   72.98    0.00    2.78    0.00    0.00    3.54    0.00    0.00    0.00   20.71
02:11:11     all   76.34    0.00    1.78    0.00    0.00    2.54    0.00    0.00    0.00   19.34
02:11:12     all   73.21    0.00    2.30    0.00    0.00    3.57    0.00    0.00    0.00   20.92
02:11:13     all   72.66    0.00    2.53    0.00    0.00    3.04    0.00    0.00    0.00   21.77
02:11:14     all   71.28    0.00    2.52    0.00    0.00    3.02    0.00    0.00    0.00   23.17
02:11:15     all   72.84    0.00    2.54    0.00    0.00    3.05    0.00    0.00    0.00   21.57
02:11:16     all   76.01    0.00    2.02    0.00    0.00    2.53    0.00    0.00    0.00   19.44
02:11:17     all   74.94    0.00    2.53    0.00    0.00    3.54    0.00    0.00    0.00   18.99
02:11:18     all   73.35    0.00    2.28    0.00    0.00    3.55    0.00    0.00    0.00   20.81
02:11:19     all   76.84    0.00    2.29    0.00    0.00    2.54    0.00    0.00    0.00   18.32
02:11:20     all   74.37    0.00    2.28    0.00    0.00    3.05    0.00    0.00    0.00   20.30
02:11:21     all   75.89    0.00    2.03    0.00    0.00    3.30    0.00    0.00    0.00   18.78
02:11:22     all   74.42    0.00    2.05    0.00    0.00    3.07    0.00    0.00    0.00   20.46
02:11:23     all   74.68    0.00    2.78    0.25    0.00    2.78    0.00    0.00    0.00   19.49
02:11:24     all   76.08    0.00    2.04    0.00    0.00    3.31    0.00    0.00    0.00   18.58
02:11:25     all   75.95    0.00    2.28    0.00    0.00    2.78    0.00    0.00    0.00   18.99
02:11:26     all   74.49    0.00    2.55    0.00    0.00    2.55    0.00    0.00    0.00   20.41
02:11:27     all   75.38    0.00    2.54    0.00    0.00    3.81    0.00    0.00    0.00   18.27
02:11:28     all   76.84    0.00    2.04    0.00    0.00    2.80    0.00    0.00    0.00   18.32
02:11:29     all   74.42    0.00    2.30    0.00    0.00    2.81    0.00    0.00    0.00   20.46
02:11:30     all   76.02    0.00    2.55    0.00    0.00    3.06    0.00    0.00    0.00   18.37
02:11:31     all   73.60    0.00    2.28    0.00    0.00    3.30    0.00    0.00    0.00   20.81
02:11:32     all   74.87    0.00    2.54    0.00    0.00    2.54    0.00    0.00    0.00   20.05
02:11:33     all   73.33    0.00    2.56    0.00    0.00    2.56    0.00    0.00    0.00   21.54
02:11:34     all   74.56    0.00    2.52    0.00    0.00    3.27    0.00    0.00    0.00   19.65
02:11:35     all   73.16    0.00    2.78    0.00    0.00    3.04    0.00    0.00    0.00   21.01
02:11:36     all   73.86    0.00    4.31    0.00    0.00    3.05    0.00    0.00    0.00   18.78
02:11:37     all   74.62    0.00    2.79    0.00    0.00    2.54    0.00    0.00    0.00   20.05
02:11:38     all   73.23    0.00    2.53    0.00    0.00    4.04    0.00    0.00    0.00   20.20
02:11:39     all   73.35    0.00    2.28    0.00    0.00    3.05    0.00    0.00    0.00   21.32
02:11:40     all   73.48    0.00    2.53    0.00    0.00    3.28    0.00    0.00    0.00   20.71
02:11:41     all   72.73    0.00    2.78    0.00    0.00    3.03    0.00    0.00    0.00   21.46
02:11:42     all   73.92    0.00    2.28    0.00    0.00    3.29    0.00    0.00    0.00   20.51
02:11:43     all   75.45    0.00    2.30    0.00    0.00    2.81    0.00    0.00    0.00   19.44
02:11:44     all   74.87    0.00    2.03    0.00    0.00    2.54    0.00    0.00    0.00   20.56
02:11:45     all   77.55    0.00    2.04    0.00    0.00    3.57    0.00    0.00    0.00   16.84
02:11:46     all   75.06    0.00    2.52    0.25    0.00    3.02    0.00    0.00    0.00   19.14
02:11:47     all   74.11    0.00    2.54    0.00    0.00    3.05    0.00    0.00    0.00   20.30
02:11:48     all   75.06    0.00    1.78    0.00    0.00    3.56    0.00    0.00    0.00   19.59
02:11:49     all   72.22    0.00    2.27    0.00    0.00    3.03    0.00    0.00    0.00   22.47
02:11:50     all   74.30    0.00    2.29    0.00    0.00    2.54    0.00    0.00    0.00   20.87
02:11:51     all   73.12    0.00    3.02    0.25    0.00    3.02    0.00    0.00    0.00   20.60
02:11:52     all   73.47    0.00    1.79    0.00    0.00    3.06    0.00    0.00    0.00   21.68
02:11:53     all   76.65    0.00    2.28    0.00    0.00    2.79    0.00    0.00    0.00   18.27
02:11:54     all   74.43    0.00    2.53    0.00    0.00    3.29    0.00    0.00    0.00   19.75
02:11:55     all   73.01    0.00    2.06    0.00    0.00    2.83    0.00    0.00    0.00   22.11
02:11:56     all   72.36    0.00    1.76    0.00    0.00    3.52    0.00    0.00    0.00   22.36
02:11:57     all   73.42    0.00    2.78    0.00    0.00    3.04    0.00    0.00    0.00   20.76
02:11:58     all   73.92    0.00    2.03    0.00    0.00    3.29    0.00    0.00    0.00   20.76
02:11:59     all   75.00    0.00    2.27    0.00    0.00    2.78    0.00    0.00    0.00   19.95
02:12:00     all   73.42    0.00    2.03    0.00    0.00    3.29    0.00    0.00    0.00   21.27
02:12:01     all   73.92    0.00    2.28    0.00    0.00    2.78    0.00    0.00    0.00   21.01
02:12:02     all   75.38    0.00    1.78    0.00    0.00    2.79    0.00    0.00    0.00   20.05
02:12:03     all   73.85    0.00    2.56    0.00    0.00    2.82    0.00    0.00    0.00   20.77
02:12:04     all   74.18    0.00    1.77    0.00    0.00    3.29    0.00    0.00    0.00   20.76
02:12:05     all   75.19    0.00    2.53    0.00    0.00    3.29    0.00    0.00    0.00   18.99
02:12:06     all   76.79    0.00    2.04    0.00    0.00    3.06    0.00    0.00    0.00   18.11
02:12:07     all   73.35    0.00    2.54    0.00    0.00    3.30    0.00    0.00    0.00   20.81
02:12:08     all   74.49    0.00    2.81    0.00    0.00    2.81    0.00    0.00    0.00   19.90
02:12:09     all   70.28    0.00    2.27    0.00    0.00    3.53    0.00    0.00    0.00   23.93
02:12:10     all   71.97    0.00    2.27    0.00    0.00    3.54    0.00    0.00    0.00   22.22
02:12:11     all   72.73    0.00    2.27    0.25    0.00    2.53    0.00    0.00    0.00   22.22
02:12:12     all   73.67    0.00    2.53    0.00    0.00    3.04    0.00    0.00    0.00   20.76
02:12:13     all   72.11    0.00    2.01    0.00    0.00    3.77    0.00    0.00    0.00   22.11
02:12:14     all   72.84    0.00    2.28    0.00    0.00    3.30    0.00    0.00    0.00   21.57
02:12:15     all   74.75    0.00    2.53    0.00    0.00    3.54    0.00    0.00    0.00   19.19
02:12:16     all   75.77    0.00    2.04    0.00    0.00    2.81    0.00    0.00    0.00   19.39
02:12:17     all   71.76    0.00    2.54    0.00    0.00    3.05    0.00    0.00    0.00   22.65
02:12:18     all   74.24    0.00    3.03    0.00    0.00    2.78    0.00    0.00    0.00   19.95
02:12:19     all   73.23    0.00    2.27    0.00    0.00    3.79    0.00    0.00    0.00   20.71
02:12:20     all   73.10    0.00    2.54    0.00    0.00    2.79    0.00    0.00    0.00   21.57
02:12:21     all   73.86    0.00    1.78    0.00    0.00    3.30    0.00    0.00    0.00   21.07
02:12:22     all   75.00    0.00    2.27    0.00    0.00    2.78    0.00    0.00    0.00   19.95
02:12:23     all   74.23    0.00    2.30    0.00    0.00    3.06    0.00    0.00    0.00   20.41
02:12:24     all   76.65    0.00    2.28    0.00    0.00    2.79    0.00    0.00    0.00   18.27
02:12:25     all   74.87    0.00    2.03    0.00    0.00    2.54    0.00    0.00    0.00   20.56
02:12:26     all   76.14    0.00    2.54    0.00    0.00    2.79    0.00    0.00    0.00   18.53
02:12:27     all   74.23    0.00    2.04    0.00    0.00    3.06    0.00    0.00    0.00   20.66
02:12:28     all   74.05    0.00    2.29    0.00    0.00    3.05    0.00    0.00    0.00   20.61
02:12:29     all   74.87    0.00    2.03    0.00    0.00    3.30    0.00    0.00    0.00   19.80
02:12:30     all   72.66    0.00    2.53    0.00    0.00    3.29    0.00    0.00    0.00   21.52
02:12:31     all   75.51    0.00    2.04    0.00    0.00    2.55    0.00    0.00    0.00   19.90
02:12:32     all   72.54    0.00    2.27    0.00    0.00    3.27    0.00    0.00    0.00   21.91
02:12:33     all   74.05    0.00    2.29    0.00    0.00    3.31    0.00    0.00    0.00   20.36
02:12:34     all   75.96    0.00    2.05    0.00    0.00    2.81    0.00    0.00    0.00   19.18
02:12:35     all   75.44    0.00    2.51    0.00    0.00    3.01    0.00    0.00    0.00   19.05
02:12:36     all   75.57    0.00    3.31    0.00    0.00    4.07    0.00    0.00    0.00   17.05
02:12:37     all   73.80    0.00    2.27    0.00    0.00    3.78    0.00    0.00    0.00   20.15
02:12:38     all   75.19    0.00    2.53    0.25    0.00    3.54    0.00    0.00    0.00   18.48
02:12:39     all   75.32    0.00    2.80    0.00    0.00    2.54    0.00    0.00    0.00   19.34
02:12:40     all   74.62    0.00    2.28    0.00    0.00    3.05    0.00    0.00    0.00   20.05
02:12:41     all   76.29    0.00    1.55    0.00    0.00    2.32    0.00    0.00    0.00   19.85
02:12:42     all   72.98    0.00    3.03    0.00    0.00    3.54    0.00    0.00    0.00   20.45
02:12:43     all   75.00    0.00    2.55    0.00    0.00    3.06    0.00    0.00    0.00   19.39
02:12:44     all   74.81    0.00    2.04    0.00    0.00    2.80    0.00    0.00    0.00   20.36
02:12:45     all   74.37    0.00    2.03    0.00    0.00    3.30    0.00    0.00    0.00   20.30
02:12:46     all   75.13    0.00    2.28    0.00    0.00    3.05    0.00    0.00    0.00   19.54
02:12:47     all   73.60    0.00    2.54    0.00    0.00    3.05    0.00    0.00    0.00   20.81
02:12:48     all   74.24    0.00    2.53    0.00    0.00    3.03    0.00    0.00    0.00   20.20
02:12:49     all   72.01    0.00    2.80    0.00    0.00    3.05    0.00    0.00    0.00   22.14
02:12:50     all   75.26    0.00    1.79    0.00    0.00    3.06    0.00    0.00    0.00   19.90
02:12:51     all   74.75    0.00    2.53    0.00    0.00    3.54    0.00    0.00    0.00   19.19
02:12:52     all   75.95    0.00    2.28    0.00    0.00    3.54    0.00    0.00    0.00   18.23
02:12:53     all   72.77    0.00    2.80    0.00    0.00    3.05    0.00    0.00    0.00   21.37
02:12:54     all   73.74    0.00    1.77    0.00    0.00    3.03    0.00    0.00    0.00   21.46
02:12:55     all   73.86    0.00    2.28    0.00    0.00    3.05    0.00    0.00    0.00   20.81
02:12:56     all   73.80    0.00    3.27    0.00    0.00    2.77    0.00    0.00    0.00   20.15
02:12:57     all   73.78    0.00    1.80    0.00    0.00    3.08    0.00    0.00    0.00   21.34
02:12:58     all   72.19    0.00    2.81    0.00    0.00    3.06    0.00    0.00    0.00   21.94
02:12:59     all   74.37    0.00    2.26    0.00    0.00    3.27    0.00    0.00    0.00   20.10
02:13:00     all   73.99    0.00    2.27    0.00    0.00    3.03    0.00    0.00    0.00   20.71
02:13:01     all   72.52    0.00    2.29    0.00    0.00    3.31    0.00    0.00    0.00   21.88
02:13:02     all   73.72    0.00    2.30    0.00    0.00    2.81    0.00    0.00    0.00   21.17
02:13:03     all   72.15    0.00    2.78    0.00    0.00    2.78    0.00    0.00    0.00   22.28
02:13:04     all   71.54    0.00    3.02    0.00    0.00    3.78    0.00    0.00    0.00   21.66
02:13:05     all   72.59    0.00    2.28    0.00    0.00    2.79    0.00    0.00    0.00   22.34
02:13:06     all   73.48    0.00    2.27    0.00    0.00    3.28    0.00    0.00    0.00   20.96
02:13:07     all   73.48    0.00    2.53    0.00    0.00    3.03    0.00    0.00    0.00   20.96
02:13:08     all   74.23    0.00    2.55    0.00    0.00    3.06    0.00    0.00    0.00   20.15
02:13:09     all   70.89    0.00    2.28    0.00    0.00    3.04    0.00    0.00    0.00   23.80
02:13:10     all   74.37    0.00    2.54    0.00    0.00    2.79    0.00    0.00    0.00   20.30
02:13:11     all   73.80    0.00    2.52    0.00    0.00    3.53    0.00    0.00    0.00   20.15
02:13:12     all   75.58    0.00    1.80    0.00    0.00    2.57    0.00    0.00    0.00   20.05
02:13:13     all   72.59    0.00    2.54    0.00    0.00    3.30    0.00    0.00    0.00   21.57
02:13:14     all   73.62    0.00    2.26    0.00    0.00    2.76    0.00    0.00    0.00   21.36
02:13:15     all   72.59    0.00    2.79    0.00    0.00    2.79    0.00    0.00    0.00   21.83
02:13:16     all   73.98    0.00    2.55    0.00    0.00    3.06    0.00    0.00    0.00   20.41
02:13:17     all   72.77    0.00    1.78    0.25    0.00    3.05    0.00    0.00    0.00   22.14
02:13:18     all   75.57    0.00    2.29    0.00    0.00    3.05    0.00    0.00    0.00   19.08
02:13:19     all   74.81    0.00    2.29    0.00    0.00    2.80    0.00    0.00    0.00   20.10
02:13:20     all   74.24    0.00    2.02    0.00    0.00    3.54    0.00    0.00    0.00   20.20
02:13:21     all   76.21    0.00    2.30    0.00    0.00    2.81    0.00    0.00    0.00   18.67
02:13:22     all   75.38    0.00    2.28    0.25    0.00    2.54    0.00    0.00    0.00   19.54
02:13:23     all   75.63    0.00    1.78    0.00    0.00    3.30    0.00    0.00    0.00   19.29
02:13:24     all   73.35    0.00    2.79    0.00    0.00    2.79    0.00    0.00    0.00   21.07
02:13:25     all   74.56    0.00    2.77    0.00    0.00    3.02    0.00    0.00    0.00   19.65
02:13:26     all   73.72    0.00    2.55    0.00    0.00    3.32    0.00    0.00    0.00   20.41
02:13:27     all   72.08    0.00    2.79    0.00    0.00    3.05    0.00    0.00    0.00   22.08
02:13:28     all   74.87    0.00    1.52    0.00    0.00    2.79    0.00    0.00    0.00   20.81
02:13:29     all   73.72    0.00    2.30    0.00    0.00    2.81    0.00    0.00    0.00   21.17
02:13:30     all   74.62    0.00    2.03    0.00    0.00    3.55    0.00    0.00    0.00   19.80
02:13:31     all   73.35    0.00    2.54    0.00    0.00    2.54    0.00    0.00    0.00   21.57
02:13:32     all   75.95    0.00    2.78    0.00    0.00    2.53    0.00    0.00    0.00   18.73
02:13:33     all   75.00    0.00    2.02    0.00    0.00    3.54    0.00    0.00    0.00   19.44
02:13:34     all   73.12    0.00    2.76    0.00    0.00    2.76    0.00    0.00    0.00   21.36
02:13:35     all   76.28    0.00    2.55    0.00    0.00    3.06    0.00    0.00    0.00   18.11
02:13:36     all   75.00    0.00    4.29    0.00    0.00    2.78    0.00    0.00    0.00   17.93
02:13:37     all   75.00    0.00    2.30    0.00    0.00    2.81    0.00    0.00    0.00   19.90
02:13:38     all   75.00    0.00    2.78    0.00    0.00    3.28    0.00    0.00    0.00   18.94
02:13:39     all   76.53    0.00    1.79    0.00    0.00    3.32    0.00    0.00    0.00   18.37
02:13:40     all   77.47    0.00    2.28    0.00    0.00    2.78    0.00    0.00    0.00   17.47
02:13:41     all   75.51    0.00    2.53    0.00    0.00    2.78    0.00    0.00    0.00   19.19
02:13:42     all   74.68    0.00    2.28    0.00    0.00    3.04    0.00    0.00    0.00   20.00
02:13:43     all   70.93    0.00    2.51    0.00    0.00    3.01    0.00    0.00    0.00   23.56
02:13:44     all   69.57    0.00    1.79    0.00    0.00    2.81    0.00    0.00    0.00   25.83
02:13:45     all   73.98    0.00    2.55    0.00    0.00    2.81    0.00    0.00    0.00   20.66
02:13:46     all   72.59    0.00    2.28    0.00    0.00    3.05    0.00    0.00    0.00   22.08
02:13:47     all   73.87    0.00    2.26    0.25    0.00    2.26    0.00    0.00    0.00   21.36
02:13:48     all   72.96    0.00    2.30    0.00    0.00    3.06    0.00    0.00    0.00   21.68
02:13:49     all   73.48    0.00    2.27    0.00    0.00    3.28    0.00    0.00    0.00   20.96
02:13:50     all   74.49    0.00    2.30    0.00    0.00    3.06    0.00    0.00    0.00   20.15
02:13:51     all   72.68    0.00    2.26    0.00    0.00    3.51    0.00    0.00    0.00   21.55
02:13:52     all   75.51    0.00    2.30    0.00    0.00    2.55    0.00    0.00    0.00   19.64
02:13:53     all   75.76    0.00    2.02    0.00    0.00    3.03    0.00    0.00    0.00   19.19
02:13:54     all   73.23    0.00    2.53    0.00    0.00    3.28    0.00    0.00    0.00   20.96
02:13:55     all   74.94    0.00    2.03    0.00    0.00    3.29    0.00    0.00    0.00   19.75
02:13:56     all   75.83    0.00    2.04    0.00    0.00    3.05    0.00    0.00    0.00   19.08
02:13:57     all   72.54    0.00    2.52    0.00    0.00    3.27    0.00    0.00    0.00   21.66
02:13:58     all   74.05    0.00    2.80    0.00    0.00    3.05    0.00    0.00    0.00   20.10
02:13:59     all   74.37    0.00    2.54    0.00    0.00    2.79    0.00    0.00    0.00   20.30
02:14:00     all   74.62    0.00    2.28    0.00    0.00    3.30    0.00    0.00    0.00   19.80
02:14:01     all   73.05    0.00    2.52    0.00    0.00    2.77    0.00    0.00    0.00   21.66
02:14:02     all   75.51    0.00    1.79    0.00    0.00    3.32    0.00    0.00    0.00   19.39
02:14:03     all   76.13    0.00    2.51    0.00    0.00    2.76    0.00    0.00    0.00   18.59
02:14:04     all   74.48    0.00    2.06    0.00    0.00    2.84    0.00    0.00    0.00   20.62
02:14:05     all   77.10    0.00    2.04    0.00    0.00    3.31    0.00    0.00    0.00   17.56
02:14:06     all   75.76    0.00    2.53    0.00    0.00    3.03    0.00    0.00    0.00   18.69
02:14:07     all   73.21    0.00    2.30    0.00    0.00    3.06    0.00    0.00    0.00   21.43
02:14:08     all   75.83    0.00    2.54    0.00    0.00    2.54    0.00    0.00    0.00   19.08
02:14:09     all   74.94    0.00    2.30    0.00    0.00    3.07    0.00    0.00    0.00   19.69
02:14:10     all   75.06    0.00    2.27    0.00    0.00    3.02    0.00    0.00    0.00   19.65
02:14:11     all   73.23    0.00    2.53    0.00    0.00    2.78    0.00    0.00    0.00   21.46
02:14:12     all   73.40    0.00    2.05    0.00    0.00    2.81    0.00    0.00    0.00   21.74
02:14:13     all   71.72    0.00    2.78    0.00    0.00    2.53    0.00    0.00    0.00   22.98
02:14:14     all   74.62    0.00    2.01    0.00    0.00    3.02    0.00    0.00    0.00   20.35
02:14:15     all   75.70    0.00    2.53    0.00    0.00    3.04    0.00    0.00    0.00   18.73
02:14:16     all   75.70    0.00    2.03    0.00    0.00    3.04    0.00    0.00    0.00   19.24
02:14:17     all   70.92    0.00    2.81    0.00    0.00    2.81    0.00    0.00    0.00   23.47
02:14:18     all   74.74    0.00    2.81    0.00    0.00    3.06    0.00    0.00    0.00   19.39
02:14:19     all   72.41    0.00    2.28    0.00    0.00    3.29    0.00    0.00    0.00   22.03
02:14:20     all   74.81    0.00    2.80    0.00    0.00    2.29    0.00    0.00    0.00   20.10
02:14:21     all   74.49    0.00    2.53    0.00    0.00    2.78    0.00    0.00    0.00   20.20
02:14:22     all   74.18    0.00    1.52    0.00    0.00    3.04    0.00    0.00    0.00   21.27
02:14:23     all   72.77    0.00    3.05    0.00    0.00    2.80    0.00    0.00    0.00   21.37
02:14:24     all   74.30    0.00    2.04    0.00    0.00    3.05    0.00    0.00    0.00   20.61
02:14:25     all   73.67    0.00    2.78    0.00    0.00    2.53    0.00    0.00    0.00   21.01
02:14:26     all   73.99    0.00    2.53    0.00    0.00    2.78    0.00    0.00    0.00   20.71
02:14:27     all   72.84    0.00    1.78    0.25    0.00    2.54    0.00    0.00    0.00   22.59
02:14:28     all   72.59    0.00    2.79    0.00    0.00    3.05    0.00    0.00    0.00   21.57
02:14:29     all   74.11    0.00    2.54    0.00    0.00    2.79    0.00    0.00    0.00   20.56
02:14:30     all   73.92    0.00    2.78    0.00    0.00    3.04    0.00    0.00    0.00   20.25
02:14:31     all   72.77    0.00    2.04    0.00    0.00    3.31    0.00    0.00    0.00   21.88
02:14:32     all   73.28    0.00    2.04    0.00    0.00    3.05    0.00    0.00    0.00   21.63
02:14:33     all   71.54    0.00    2.52    0.00    0.00    2.77    0.00    0.00    0.00   23.17
02:14:34     all   71.72    0.00    1.80    0.00    0.00    2.57    0.00    0.00    0.00   23.91
02:14:35     all   70.75    0.00    3.00    0.00    0.00    3.25    0.00    0.00    0.00   23.00
02:14:36     all   74.94    0.00    3.54    0.00    0.00    3.29    0.00    0.00    0.00   18.23
02:14:37     all   75.83    0.00    2.29    0.00    0.00    2.54    0.00    0.00    0.00   19.34
02:14:38     all   75.44    0.00    2.28    0.00    0.00    3.04    0.00    0.00    0.00   19.24
02:14:39     all   74.74    0.00    2.30    0.00    0.00    2.55    0.00    0.00    0.00   20.41
02:14:40     all   74.49    0.00    2.27    0.00    0.00    2.53    0.00    0.00    0.00   20.71
02:14:41     all   75.13    0.00    2.54    0.00    0.00    2.28    0.00    0.00    0.00   20.05
02:14:42     all   73.03    0.00    2.29    0.00    0.00    3.56    0.00    0.00    0.00   21.12
02:14:43     all   75.51    0.00    2.27    0.25    0.00    2.78    0.00    0.00    0.00   19.19
02:14:44     all   75.76    0.00    2.27    0.00    0.00    3.03    0.00    0.00    0.00   18.94
02:14:45     all   75.38    0.00    2.28    0.00    0.00    2.79    0.00    0.00    0.00   19.54
02:14:46     all   73.48    0.00    2.02    0.00    0.00    3.28    0.00    0.00    0.00   21.21
02:14:47     all   74.49    0.00    2.55    0.00    0.00    2.04    0.00    0.00    0.00   20.92
02:14:48     all   75.06    0.00    2.29    0.00    0.00    2.80    0.00    0.00    0.00   19.85
02:14:49     all   73.86    0.00    2.28    0.00    0.00    3.30    0.00    0.00    0.00   20.56
02:14:50     all   74.24    0.00    2.27    0.00    0.00    2.78    0.00    0.00    0.00   20.71
02:14:51     all   74.43    0.00    2.03    0.00    0.00    3.80    0.00    0.00    0.00   19.75
02:14:52     all   73.74    0.00    2.53    0.00    0.00    2.53    0.00    0.00    0.00   21.21
02:14:53     all   73.35    0.00    2.54    0.00    0.00    3.05    0.00    0.00    0.00   21.07
02:14:54     all   72.96    0.00    2.55    0.00    0.00    2.81    0.00    0.00    0.00   21.68
02:14:55     all   72.98    0.00    2.02    0.00    0.00    3.28    0.00    0.00    0.00   21.72
02:14:56     all   72.59    0.00    2.03    0.00    0.00    3.55    0.00    0.00    0.00   21.83
02:14:57     all   74.42    0.00    2.56    0.00    0.00    2.30    0.00    0.00    0.00   20.72
02:14:58     all   77.97    0.00    2.28    0.00    0.00    2.53    0.00    0.00    0.00   17.22
02:14:59     all   75.32    0.00    2.29    0.00    0.00    3.05    0.00    0.00    0.00   19.34
02:15:00     all   73.60    0.00    2.03    0.00    0.00    3.05    0.00    0.00    0.00   21.32
02:15:01     all   72.91    0.00    2.53    0.00    0.00    3.04    0.00    0.00    0.00   21.52
02:15:02     all   77.04    0.00    2.81    0.26    0.00    2.55    0.00    0.00    0.00   17.35
02:15:03     all   76.13    0.00    2.76    0.00    0.00    2.76    0.00    0.00    0.00   18.34
02:15:04     all   74.62    0.00    1.79    0.00    0.00    2.56    0.00    0.00    0.00   21.03
02:15:05     all   73.03    0.00    2.29    0.00    0.00    3.31    0.00    0.00    0.00   21.37
02:15:06     all   73.93    0.00    3.01    0.00    0.00    3.26    0.00    0.00    0.00   19.80
02:15:07     all   75.13    0.00    2.31    0.00    0.00    2.56    0.00    0.00    0.00   20.00
02:15:08     all   73.28    0.00    2.04    0.00    0.00    3.31    0.00    0.00    0.00   21.37
02:15:09     all   72.84    0.00    2.28    0.00    0.00    2.79    0.00    0.00    0.00   22.08
02:15:10     all   73.87    0.00    2.76    0.00    0.00    3.02    0.00    0.00    0.00   20.35
02:15:11     all   76.14    0.00    2.54    0.00    0.00    2.54    0.00    0.00    0.00   18.78
02:15:12     all   73.79    0.00    2.29    0.00    0.00    2.80    0.00    0.00    0.00   21.12
02:15:13     all   71.07    0.00    2.54    0.00    0.00    3.55    0.00    0.00    0.00   22.84
02:15:14     all   74.55    0.00    2.29    0.00    0.00    3.31    0.00    0.00    0.00   19.85
02:15:15     all   75.83    0.00    1.78    0.00    0.00    3.05    0.00    0.00    0.00   19.34
02:15:16     all   75.13    0.00    2.28    0.25    0.00    2.79    0.00    0.00    0.00   19.54
02:15:17     all   74.87    0.00    2.51    0.00    0.00    3.77    0.00    0.00    0.00   18.84
02:15:18     all   75.06    0.00    2.29    0.00    0.00    2.54    0.00    0.00    0.00   20.10
02:15:19     all   74.62    0.00    2.54    0.00    0.00    2.79    0.00    0.00    0.00   20.05
02:15:20     all   74.87    0.00    2.03    0.00    0.00    3.81    0.00    0.00    0.00   19.29
02:15:21     all   74.62    0.00    2.51    0.00    0.00    3.77    0.00    0.00    0.00   19.10
02:15:22     all   75.00    0.00    2.04    0.26    0.00    3.32    0.00    0.00    0.00   19.39
02:15:23     all   74.18    0.00    3.04    0.00    0.00    2.28    0.00    0.00    0.00   20.51
02:15:24     all   73.87    0.00    2.26    0.00    0.00    3.52    0.00    0.00    0.00   20.35
02:15:25     all   74.75    0.00    2.78    0.00    0.00    3.54    0.00    0.00    0.00   18.94
02:15:26     all   76.79    0.00    2.30    0.00    0.00    2.81    0.00    0.00    0.00   18.11
02:15:27     all   72.41    0.00    2.53    0.00    0.00    3.29    0.00    0.00    0.00   21.77
02:15:28     all   74.30    0.00    2.29    0.00    0.00    2.80    0.00    0.00    0.00   20.61
02:15:29     all   74.30    0.00    2.04    0.00    0.00    3.05    0.00    0.00    0.00   20.61
02:15:30     all   74.43    0.00    3.04    0.00    0.00    3.04    0.00    0.00    0.00   19.49
02:15:31     all   75.26    0.00    2.04    0.00    0.00    3.06    0.00    0.00    0.00   19.64
02:15:32     all   76.20    0.00    2.28    0.00    0.00    2.78    0.00    0.00    0.00   18.73
02:15:33     all   74.49    0.00    2.78    0.00    0.00    2.53    0.00    0.00    0.00   20.20
02:15:34     all   75.19    0.00    2.05    0.00    0.00    3.07    0.00    0.00    0.00   19.69
02:15:35     all   76.01    0.00    2.78    0.00    0.00    3.28    0.00    0.00    0.00   17.93
02:15:36     all   76.46    0.00    3.80    0.00    0.00    3.29    0.00    0.00    0.00   16.46
02:15:37     all   73.21    0.00    2.30    0.00    0.00    3.32    0.00    0.00    0.00   21.17
02:15:38     all   77.10    0.00    2.54    0.00    0.00    2.29    0.00    0.00    0.00   18.07
02:15:39     all   75.44    0.00    2.53    0.00    0.00    2.78    0.00    0.00    0.00   19.24
02:15:40     all   73.72    0.00    2.30    0.26    0.00    3.32    0.00    0.00    0.00   20.41
02:15:41     all   75.00    0.00    2.53    0.00    0.00    2.78    0.00    0.00    0.00   19.70
02:15:42     all   74.75    0.00    2.02    0.00    0.00    3.03    0.00    0.00    0.00   20.20
02:15:43     all   75.32    0.00    2.06    0.00    0.00    2.31    0.00    0.00    0.00   20.31
02:15:44     all   73.16    0.00    2.78    0.00    0.00    2.78    0.00    0.00    0.00   21.27
02:15:45     all   73.48    0.00    2.27    0.00    0.00    3.03    0.00    0.00    0.00   21.21
02:15:46     all   74.94    0.00    2.05    0.26    0.00    3.07    0.00    0.00    0.00   19.69
02:15:47     all   74.68    0.00    2.28    0.00    0.00    3.04    0.00    0.00    0.00   20.00
02:15:48     all   72.77    0.00    2.54    0.00    0.00    3.05    0.00    0.00    0.00   21.63
02:15:49     all   75.63    0.00    2.28    0.00    0.00    3.30    0.00    0.00    0.00   18.78
02:15:50     all   74.17    0.00    2.81    0.00    0.00    2.30    0.00    0.00    0.00   20.72
02:15:51     all   75.57    0.00    2.29    0.00    0.00    3.05    0.00    0.00    0.00   19.08
02:15:52     all   75.06    0.00    2.77    0.00    0.00    3.78    0.00    0.00    0.00   18.39
02:15:53     all   75.83    0.00    2.54    0.00    0.00    3.05    0.00    0.00    0.00   18.58
02:15:54     all   77.35    0.00    2.29    0.00    0.00    2.54    0.00    0.00    0.00   17.81
02:15:55     all   76.26    0.00    2.27    0.00    0.00    2.78    0.00    0.00    0.00   18.69
02:15:56     all   76.34    0.00    2.29    0.00    0.00    3.56    0.00    0.00    0.00   17.81
02:15:57     all   75.77    0.00    2.30    0.00    0.00    2.81    0.00    0.00    0.00   19.13
02:15:58     all   73.35    0.00    2.54    0.00    0.00    3.30    0.00    0.00    0.00   20.81
02:15:59     all   74.23    0.00    2.55    0.00    0.00    2.81    0.00    0.00    0.00   20.41
02:16:00     all   74.81    0.00    1.78    0.00    0.00    3.05    0.00    0.00    0.00   20.36
02:16:01     all   71.10    0.00    1.79    0.00    0.00    2.81    0.00    0.00    0.00   24.30
02:16:02     all   74.49    0.00    2.27    0.00    0.00    2.53    0.00    0.00    0.00   20.71
02:16:03     all   74.43    0.00    2.28    0.00    0.00    3.29    0.00    0.00    0.00   20.00
02:16:04     all   77.04    0.00    2.30    0.00    0.00    3.06    0.00    0.00    0.00   17.60
02:16:05     all   74.87    0.00    2.54    0.00    0.00    3.81    0.00    0.00    0.00   18.78
02:16:06     all   75.00    0.00    2.04    0.00    0.00    2.81    0.00    0.00    0.00   20.15
02:16:07     all   74.06    0.00    2.52    0.00    0.00    3.02    0.00    0.00    0.00   20.40
02:16:08     all   74.68    0.00    2.78    0.00    0.00    3.54    0.00    0.00    0.00   18.99
02:16:09     all   74.55    0.00    2.04    0.00    0.00    2.80    0.00    0.00    0.00   20.61
02:16:10     all   73.23    0.00    2.27    0.00    0.00    3.03    0.00    0.00    0.00   21.46
02:16:11     all   73.80    0.00    2.77    0.00    0.00    3.27    0.00    0.00    0.00   20.15
02:16:12     all   74.68    0.00    2.28    0.00    0.00    3.04    0.00    0.00    0.00   20.00
02:16:13     all   76.65    0.00    2.54    0.00    0.00    3.05    0.00    0.00    0.00   17.77
02:16:14     all   75.13    0.00    2.28    0.00    0.00    2.79    0.00    0.00    0.00   19.80
02:16:15     all   73.67    0.00    2.78    0.00    0.00    3.04    0.00    0.00    0.00   20.51
02:16:16     all   75.96    0.00    1.79    0.00    0.00    2.81    0.00    0.00    0.00   19.44
02:16:17     all   73.03    0.00    2.54    0.00    0.00    3.31    0.00    0.00    0.00   21.12
02:16:18     all   75.13    0.00    2.03    0.00    0.00    2.79    0.00    0.00    0.00   20.05
02:16:19     all   74.11    0.00    3.05    0.00    0.00    2.54    0.00    0.00    0.00   20.30
02:16:20     all   74.81    0.00    2.31    0.00    0.00    3.08    0.00    0.00    0.00   19.79
02:16:21     all   72.80    0.00    2.52    0.00    0.00    3.53    0.00    0.00    0.00   21.16
02:16:22     all   76.08    0.00    2.54    0.00    0.00    2.80    0.00    0.00    0.00   18.58
02:16:23     all   73.74    0.00    2.53    0.00    0.00    3.54    0.00    0.00    0.00   20.20
02:16:24     all   73.72    0.00    2.81    0.26    0.00    2.81    0.00    0.00    0.00   20.41
02:16:25     all   73.28    0.00    2.04    0.00    0.00    3.56    0.00    0.00    0.00   21.12
02:16:26     all   75.13    0.00    2.28    0.00    0.00    2.79    0.00    0.00    0.00   19.80
02:16:27     all   74.55    0.00    2.80    0.00    0.00    2.54    0.00    0.00    0.00   20.10
02:16:28     all   74.81    0.00    2.29    0.00    0.00    2.80    0.00    0.00    0.00   20.10
02:16:29     all   74.24    0.00    2.02    0.00    0.00    3.54    0.00    0.00    0.00   20.20
02:16:30     all   73.60    0.00    2.54    0.00    0.00    3.30    0.00    0.00    0.00   20.56
02:16:31     all   73.79    0.00    2.29    0.00    0.00    2.54    0.00    0.00    0.00   21.37
02:16:32     all   75.95    0.00    2.78    0.00    0.00    3.04    0.00    0.00    0.00   18.23
02:16:33     all   74.18    0.00    2.28    0.00    0.00    3.04    0.00    0.00    0.00   20.51
02:16:34     all   75.06    0.00    2.29    0.00    0.00    3.31    0.00    0.00    0.00   19.34
02:16:35     all   76.34    0.00    2.04    0.00    0.00    3.05    0.00    0.00    0.00   18.58
02:16:36     all   77.02    0.00    3.28    0.00    0.00    3.03    0.00    0.00    0.00   16.67
02:16:37     all   75.77    0.00    2.04    0.00    0.00    2.55    0.00    0.00    0.00   19.64
02:16:38     all   73.67    0.00    2.28    0.00    0.00    2.78    0.00    0.00    0.00   21.27
02:16:39     all   73.55    0.00    2.52    0.00    0.00    3.27    0.00    0.00    0.00   20.65
02:16:40     all   75.89    0.00    1.78    0.00    0.00    3.30    0.00    0.00    0.00   19.04
02:16:41     all   76.59    0.00    2.54    0.00    0.00    2.80    0.00    0.00    0.00   18.07
02:16:42     all   74.87    0.00    2.54    0.00    0.00    2.79    0.00    0.00    0.00   19.80
02:16:43     all   74.37    0.00    2.03    0.00    0.00    3.30    0.00    0.00    0.00   20.30
02:16:44     all   75.76    0.00    2.02    0.00    0.00    2.78    0.00    0.00    0.00   19.44
02:16:45     all   75.19    0.00    2.56    0.00    0.00    2.81    0.00    0.00    0.00   19.44
02:16:46     all   75.25    0.00    2.27    0.00    0.00    2.53    0.00    0.00    0.00   19.95
02:16:47     all   74.68    0.00    2.05    0.00    0.00    3.07    0.00    0.00    0.00   20.20
02:16:48     all   76.26    0.00    3.03    0.00    0.00    3.54    0.00    0.00    0.00   17.17
02:16:49     all   74.49    0.00    1.79    0.00    0.00    3.32    0.00    0.00    0.00   20.41
02:16:50     all   74.75    0.00    2.27    0.00    0.00    3.28    0.00    0.00    0.00   19.70
02:16:51     all   74.62    0.00    3.02    0.00    0.00    3.02    0.00    0.00    0.00   19.35
02:16:52     all   75.95    0.00    2.03    0.00    0.00    3.29    0.00    0.00    0.00   18.73
02:16:53     all   73.98    0.00    2.04    0.00    0.00    3.32    0.00    0.00    0.00   20.66
02:16:54     all   74.74    0.00    2.30    0.00    0.00    2.81    0.00    0.00    0.00   20.15
02:16:55     all   75.83    0.00    2.29    0.00    0.00    2.29    0.00    0.00    0.00   19.59
02:16:56     all   74.30    0.00    2.54    0.00    0.00    2.80    0.00    0.00    0.00   20.36
02:16:57     all   74.94    0.00    2.28    0.00    0.00    3.04    0.00    0.00    0.00   19.75
02:16:58     all   72.59    0.00    2.54    0.00    0.00    3.30    0.00    0.00    0.00   21.57
02:16:59     all   74.43    0.00    2.53    0.00    0.00    3.04    0.00    0.00    0.00   20.00
02:17:00     all   76.34    0.00    2.29    0.25    0.00    2.80    0.00    0.00    0.00   18.32
02:17:01     all   73.74    0.00    2.27    0.00    0.00    2.53    0.00    0.00    0.00   21.46
02:17:02     all   73.87    0.00    2.26    0.00    0.00    3.52    0.00    0.00    0.00   20.35
02:17:03     all   73.08    0.00    1.79    0.00    0.00    2.82    0.00    0.00    0.00   22.31
02:17:04     all   75.95    0.00    2.03    0.00    0.00    3.29    0.00    0.00    0.00   18.73
02:17:05     all   75.38    0.00    2.79    0.00    0.00    2.79    0.00    0.00    0.00   19.04
02:17:06     all   74.43    0.00    1.52    0.00    0.00    3.54    0.00    0.00    0.00   20.51
02:17:07     all   74.55    0.00    3.05    0.00    0.00    2.29    0.00    0.00    0.00   20.10
02:17:08     all   73.79    0.00    2.29    0.00    0.00    3.31    0.00    0.00    0.00   20.61
02:17:09     all   71.50    0.00    1.78    0.00    0.00    2.80    0.00    0.00    0.00   23.92
02:17:10     all   72.47    0.00    2.53    0.00    0.00    3.03    0.00    0.00    0.00   21.97
02:17:11     all   75.70    0.00    2.28    0.00    0.00    2.78    0.00    0.00    0.00   19.24
02:17:12     all   74.94    0.00    2.28    0.00    0.00    3.29    0.00    0.00    0.00   19.49
02:17:13     all   76.40    0.00    2.28    0.00    0.00    2.54    0.00    0.00    0.00   18.78
02:17:14     all   72.96    0.00    2.30    0.00    0.00    3.06    0.00    0.00    0.00   21.68
02:17:15     all   71.90    0.00    2.28    0.00    0.00    2.53    0.00    0.00    0.00   23.29
02:17:16     all   74.00    0.00    2.50    0.00    0.00    3.25    0.00    0.00    0.00   20.25
02:17:17     all   73.66    0.00    1.79    0.00    0.00    2.81    0.00    0.00    0.00   21.74
02:17:18     all   73.30    0.00    2.52    0.00    0.00    3.27    0.00    0.00    0.00   20.91
02:17:19     all   73.74    0.00    2.53    0.00    0.00    2.78    0.00    0.00    0.00   20.96
02:17:20     all   73.55    0.00    2.27    0.00    0.00    3.53    0.00    0.00    0.00   20.65
02:17:21     all   74.37    0.00    2.54    0.00    0.00    2.54    0.00    0.00    0.00   20.56
02:17:22     all   74.49    0.00    2.04    0.00    0.00    2.81    0.00    0.00    0.00   20.66
02:17:23     all   73.74    0.00    2.78    0.00    0.00    3.03    0.00    0.00    0.00   20.45
02:17:24     all   76.34    0.00    2.04    0.00    0.00    3.05    0.00    0.00    0.00   18.58
02:17:25     all   73.93    0.00    2.51    0.00    0.00    3.51    0.00    0.00    0.00   20.05
02:17:26     all   75.44    0.00    2.03    0.25    0.00    2.78    0.00    0.00    0.00   19.49
02:17:27     all   76.14    0.00    2.03    0.00    0.00    3.05    0.00    0.00    0.00   18.78
02:17:28     all   75.06    0.00    2.02    0.00    0.00    2.77    0.00    0.00    0.00   20.15
02:17:29     all   75.13    0.00    2.03    0.00    0.00    3.05    0.00    0.00    0.00   19.80
02:17:30     all   74.43    0.00    2.78    0.00    0.00    2.78    0.00    0.00    0.00   20.00
02:17:31     all   74.75    0.00    2.53    0.00    0.00    3.03    0.00    0.00    0.00   19.70
02:17:32     all   72.52    0.00    2.29    0.00    0.00    2.54    0.00    0.00    0.00   22.65
02:17:33     all   72.41    0.00    2.78    0.00    0.00    2.53    0.00    0.00    0.00   22.28
02:17:34     all   70.60    0.00    2.26    0.00    0.00    3.77    0.00    0.00    0.00   23.37
02:17:35     all   74.62    0.00    2.28    0.00    0.00    3.05    0.00    0.00    0.00   20.05
02:17:36     all   75.51    0.00    3.06    0.00    0.00    3.32    0.00    0.00    0.00   18.11
02:17:37     all   73.35    0.00    2.28    0.00    0.00    3.05    0.00    0.00    0.00   21.32
02:17:38     all   73.67    0.00    2.03    0.00    0.00    3.29    0.00    0.00    0.00   21.01
02:17:39     all   74.55    0.00    2.80    0.00    0.00    2.80    0.00    0.00    0.00   19.85
02:17:40     all   73.30    0.00    2.77    0.00    0.00    2.52    0.00    0.00    0.00   21.41
02:17:41     all   73.92    0.00    2.03    0.00    0.00    3.04    0.00    0.00    0.00   21.01
02:17:42     all   74.37    0.00    2.54    0.00    0.00    2.79    0.00    0.00    0.00   20.30
02:17:43     all   75.96    0.00    1.79    0.00    0.00    2.81    0.00    0.00    0.00   19.44
02:17:44     all   74.87    0.00    2.28    0.00    0.00    2.79    0.00    0.00    0.00   20.05
02:17:45     all   75.44    0.00    2.76    0.00    0.00    2.76    0.00    0.00    0.00   19.05
02:17:46     all   73.35    0.00    2.28    0.00    0.00    3.30    0.00    0.00    0.00   21.07
02:17:47     all   71.76    0.00    2.54    0.00    0.00    3.31    0.00    0.00    0.00   22.39
02:17:48     all   71.97    0.00    2.27    0.00    0.00    2.78    0.00    0.00    0.00   22.98
02:17:49     all   72.26    0.00    2.29    0.00    0.00    3.31    0.00    0.00    0.00   22.14
02:17:50     all   73.35    0.00    1.78    0.00    0.00    2.79    0.00    0.00    0.00   22.08
02:17:51     all   71.65    0.00    2.28    0.00    0.00    3.04    0.00    0.00    0.00   23.04
02:17:52     all   75.00    0.00    2.30    0.00    0.00    3.06    0.00    0.00    0.00   19.64
02:17:53     all   76.32    0.00    2.27    0.25    0.00    2.52    0.00    0.00    0.00   18.64
02:17:54     all   73.72    0.00    2.04    0.00    0.00    3.32    0.00    0.00    0.00   20.92
02:17:55     all   74.24    0.00    3.03    0.25    0.00    2.53    0.00    0.00    0.00   19.95
02:17:56     all   76.26    0.00    2.02    0.00    0.00    3.54    0.00    0.00    0.00   18.18
02:17:57     all   76.15    0.00    2.05    0.00    0.00    2.31    0.00    0.00    0.00   19.49
02:17:58     all   75.25    0.00    2.27    0.00    0.00    3.54    0.00    0.00    0.00   18.94
02:17:59     all   76.92    0.00    1.79    0.00    0.00    2.56    0.00    0.00    0.00   18.72
02:18:00     all   73.23    0.00    2.27    0.00    0.00    3.03    0.00    0.00    0.00   21.46
02:18:01     all   75.45    0.00    2.30    0.00    0.00    3.32    0.00    0.00    0.00   18.93
02:18:02     all   75.95    0.00    2.03    0.00    0.00    2.78    0.00    0.00    0.00   19.24
02:18:03     all   75.83    0.00    2.80    0.00    0.00    3.05    0.00    0.00    0.00   18.32
02:18:04     all   75.32    0.00    2.04    0.00    0.00    3.05    0.00    0.00    0.00   19.59
02:18:05     all   73.72    0.00    2.30    0.00    0.00    3.06    0.00    0.00    0.00   20.92
02:18:06     all   75.19    0.00    2.78    0.00    0.00    3.04    0.00    0.00    0.00   18.99
02:18:07     all   74.31    0.00    2.27    0.00    0.00    3.27    0.00    0.00    0.00   20.15
02:18:08     all   73.92    0.00    2.78    0.00    0.00    3.04    0.00    0.00    0.00   20.25
02:18:09     all   73.16    0.00    2.28    0.00    0.00    3.29    0.00    0.00    0.00   21.27
02:18:10     all   73.99    0.00    2.78    0.00    0.00    3.03    0.00    0.00    0.00   20.20
02:18:11     all   74.29    0.00    2.06    0.00    0.00    2.57    0.00    0.00    0.00   21.08
02:18:12     all   73.48    0.00    2.02    0.00    0.00    3.79    0.00    0.00    0.00   20.71
02:18:13     all   75.19    0.00    2.78    0.00    0.00    3.04    0.00    0.00    0.00   18.99
02:18:14     all   75.90    0.00    1.79    0.00    0.00    2.31    0.00    0.00    0.00   20.00
02:18:15     all   76.20    0.00    2.53    0.00    0.00    3.04    0.00    0.00    0.00   18.23
02:18:16     all   74.87    0.00    2.79    0.00    0.00    3.05    0.00    0.00    0.00   19.29
02:18:17     all   74.69    0.00    2.51    0.00    0.00    3.76    0.00    0.00    0.00   19.05
02:18:18     all   74.49    0.00    2.55    0.00    0.00    2.55    0.00    0.00    0.00   20.41
02:18:19     all   75.26    0.00    2.30    0.00    0.00    2.55    0.00    0.00    0.00   19.90
02:18:20     all   73.92    0.00    2.28    0.00    0.00    3.29    0.00    0.00    0.00   20.51
02:18:21     all   75.45    0.00    2.56    0.00    0.00    2.81    0.00    0.00    0.00   19.18
02:18:22     all   72.84    0.00    2.28    0.00    0.00    3.55    0.00    0.00    0.00   21.32
02:18:23     all   74.87    0.00    2.28    0.00    0.00    2.79    0.00    0.00    0.00   20.05
02:18:24     all   74.49    0.00    2.30    0.00    0.00    3.32    0.00    0.00    0.00   19.90
02:18:25     all   74.18    0.00    2.28    0.00    0.00    3.04    0.00    0.00    0.00   20.51
02:18:26     all   74.94    0.00    1.77    0.00    0.00    3.29    0.00    0.00    0.00   20.00
02:18:27     all   75.19    0.00    2.03    0.00    0.00    3.04    0.00    0.00    0.00   19.75
02:18:28     all   74.43    0.00    2.28    0.00    0.00    3.29    0.00    0.00    0.00   20.00
02:18:29     all   72.93    0.00    2.51    0.00    0.00    3.01    0.00    0.00    0.00   21.55
02:18:30     all   73.66    0.00    2.56    0.00    0.00    3.32    0.00    0.00    0.00   20.46
02:18:31     all   69.04    0.00    2.03    0.00    0.00    3.30    0.00    0.00    0.00   25.63
02:18:32     all   33.50    0.00    1.50    0.00    0.00    1.25    0.00    0.00    0.00   63.75
02:18:33     all   35.52    0.00    1.01    0.00    0.00    1.01    0.00    0.00    0.00   62.47
02:18:34     all   32.92    0.00    1.49    0.50    0.00    1.73    0.00    0.00    0.00   63.37
02:18:35     all   34.09    0.00    1.50    0.00    0.00    1.75    0.00    0.00    0.00   62.66
02:18:36     all   35.01    0.00    2.27    0.00    0.00    1.26    0.00    0.00    0.00   61.46
02:18:37     all   33.42    0.00    1.01    0.00    0.00    1.51    0.00    0.00    0.00   64.07
02:18:38     all   34.67    0.00    1.01    0.00    0.00    1.01    0.00    0.00    0.00   63.32
02:18:39     all   34.01    0.00    1.26    0.00    0.00    1.51    0.00    0.00    0.00   63.22
02:18:40     all   35.07    0.00    1.00    0.00    0.00    1.49    0.00    0.00    0.00   62.44
02:18:41     all   33.25    0.00    1.27    0.00    0.00    1.02    0.00    0.00    0.00   64.47
02:18:42     all   31.66    0.00    1.26    0.00    0.00    1.51    0.00    0.00    0.00   65.58
02:18:43     all   34.09    0.00    1.25    0.00    0.00    1.25    0.00    0.00    0.00   63.41
02:18:44     all   33.42    0.00    1.26    0.00    0.00    1.01    0.00    0.00    0.00   64.32
02:18:45     all   34.16    0.00    1.50    0.00    0.00    1.50    0.00    0.00    0.00   62.84
02:18:46     all   35.68    0.00    1.26    0.00    0.00    1.51    0.00    0.00    0.00   61.56
02:18:47     all   34.25    0.00    1.50    0.00    0.00    2.00    0.00    0.00    0.00   62.25
02:18:48     all   35.32    0.00    1.49    0.00    0.00    1.99    0.00    0.00    0.00   61.19
02:18:49     all   34.84    0.00    1.25    0.00    0.00    1.75    0.00    0.00    0.00   62.16
02:18:50     all   33.83    0.00    1.25    0.00    0.00    1.50    0.00    0.00    0.00   63.41
02:18:51     all   35.68    0.00    1.26    0.00    0.00    1.01    0.00    0.00    0.00   62.06
02:18:52     all   32.66    0.00    1.26    0.50    0.00    1.01    0.00    0.00    0.00   64.57
02:18:53     all   36.04    0.00    1.02    0.00    0.00    1.78    0.00    0.00    0.00   61.17
02:18:54     all   35.09    0.00    1.25    0.00    0.00    1.50    0.00    0.00    0.00   62.16
02:18:55     all   35.16    0.00    1.25    0.00    0.00    1.50    0.00    0.00    0.00   62.09
02:18:56     all   35.35    0.00    0.76    0.00    0.00    1.52    0.00    0.00    0.00   62.37
02:18:57     all   33.17    0.00    1.25    0.25    0.00    1.25    0.00    0.00    0.00   64.09
02:18:58     all   35.09    0.00    1.25    0.00    0.00    1.75    0.00    0.00    0.00   61.90
02:18:59     all   34.01    0.00    0.76    0.00    0.00    1.76    0.00    0.00    0.00   63.48
02:19:00     all   36.09    0.00    1.50    0.00    0.00    1.25    0.00    0.00    0.00   61.15
02:19:01     all   33.75    0.00    1.26    0.00    0.00    1.51    0.00    0.00    0.00   63.48
02:19:02     all   33.84    0.00    1.26    0.00    0.00    1.52    0.00    0.00    0.00   63.38
02:19:03     all   34.83    0.00    1.74    0.00    0.00    1.74    0.00    0.00    0.00   61.69
02:19:04     all   34.84    0.00    1.00    0.00    0.00    1.75    0.00    0.00    0.00   62.41
02:19:05     all   34.34    0.00    1.52    0.00    0.00    0.76    0.00    0.00    0.00   63.38
02:19:06     all   34.50    0.00    1.00    0.00    0.00    2.25    0.00    0.00    0.00   62.25
02:19:07     all   32.74    0.00    1.27    0.00    0.00    1.02    0.00    0.00    0.00   64.97
02:19:08     all   35.50    0.00    1.50    0.00    0.00    1.50    0.00    0.00    0.00   61.50
02:19:09     all   33.67    0.00    1.26    0.25    0.00    1.76    0.00    0.00    0.00   63.07
02:19:10     all   35.66    0.00    1.00    0.00    0.00    1.50    0.00    0.00    0.00   61.85
02:19:11     all   33.83    0.00    1.25    0.00    0.00    1.25    0.00    0.00    0.00   63.66
02:19:12     all   34.76    0.00    1.26    0.00    0.00    2.02    0.00    0.00    0.00   61.96
02:19:13     all   33.76    0.00    0.76    0.00    0.00    0.76    0.00    0.00    0.00   64.72
02:19:14     all   34.50    0.00    1.50    0.00    0.00    2.00    0.00    0.00    0.00   62.00
02:19:15     all   35.50    0.00    1.50    0.00    0.00    1.50    0.00    0.00    0.00   61.50
02:19:16     all   34.84    0.00    1.50    0.00    0.00    1.50    0.00    0.00    0.00   62.16
02:19:17     all   36.68    0.00    0.75    0.00    0.00    1.26    0.00    0.00    0.00   61.31
02:19:18     all   35.84    0.00    1.50    0.00    0.00    1.50    0.00    0.00    0.00   61.15
02:19:19     all   35.59    0.00    1.25    0.00    0.00    1.75    0.00    0.00    0.00   61.40
02:19:20     all   35.84    0.00    1.25    0.00    0.00    1.25    0.00    0.00    0.00   61.65
02:19:21     all   35.26    0.00    1.01    0.00    0.00    1.01    0.00    0.00    0.00   62.72
02:19:22     all   34.66    0.00    1.50    0.00    0.00    1.75    0.00    0.00    0.00   62.09
02:19:23     all   35.75    0.00    1.25    0.00    0.00    2.00    0.00    0.00    0.00   61.00
02:19:24     all   34.50    0.00    1.50    0.25    0.00    1.50    0.00    0.00    0.00   62.25
02:19:25     all   33.58    0.00    1.24    0.00    0.00    1.49    0.00    0.00    0.00   63.68
02:19:26     all   35.43    0.00    1.01    0.00    0.00    1.76    0.00    0.00    0.00   61.81
02:19:27     all   33.33    0.00    1.24    0.00    0.00    1.99    0.00    0.00    0.00   63.43
02:19:28     all   34.51    0.00    1.01    0.00    0.00    1.26    0.00    0.00    0.00   63.22
02:19:29     all   36.93    3.52    5.78    5.78    0.00    1.51    0.00    0.00    0.00   46.48
02:19:30     all   34.92    0.00    1.26    0.75    0.00    2.01    0.00    0.00    0.00   61.06
02:19:31     all   35.25    0.00    1.25    0.00    0.00    1.50    0.00    0.00    0.00   62.00
02:19:32     all   35.10    0.00    0.76    0.00    0.00    1.26    0.00    0.00    0.00   62.88
02:19:33     all   37.25    0.00    1.00    0.00    0.00    1.50    0.00    0.00    0.00   60.25
02:19:34     all   35.75    0.00    2.25    0.00    0.00    1.25    0.00    0.00    0.00   60.75
02:19:35     all   35.18    0.00    1.26    0.25    0.00    1.26    0.00    0.00    0.00   62.06
02:19:36     all   35.09    0.00    2.26    0.00    0.00    2.01    0.00    0.00    0.00   60.65
02:19:37     all   35.25    0.00    1.00    0.00    0.00    2.00    0.00    0.00    0.00   61.75
02:19:38     all   36.16    0.00    1.75    0.00    0.00    1.50    0.00    0.00    0.00   60.60
02:19:39     all   38.04    0.00    1.01    0.00    0.00    1.51    0.00    0.00    0.00   59.45
02:19:40     all   33.00    0.00    1.01    0.00    0.00    1.76    0.00    0.00    0.00   64.23
02:19:41     all   35.41    0.00    1.50    0.00    0.00    1.75    0.00    0.00    0.00   61.35
02:19:42     all   33.84    0.00    1.01    0.00    0.00    1.77    0.00    0.00    0.00   63.38
02:19:43     all   32.09    0.00    1.24    0.00    0.00    1.99    0.00    0.00    0.00   64.68
02:19:44     all   36.84    0.00    1.25    0.00    0.00    1.75    0.00    0.00    0.00   60.15
02:19:45     all   36.78    0.00    1.26    0.00    0.00    1.01    0.00    0.00    0.00   60.96
02:19:46     all   36.18    0.00    1.26    0.50    0.00    1.51    0.00    0.00    0.00   60.55
02:19:47     all   33.08    0.00    1.50    0.00    0.00    1.50    0.00    0.00    0.00   63.91
02:19:48     all   34.09    0.00    1.01    0.00    0.00    1.77    0.00    0.00    0.00   63.13
02:19:49     all   35.10    0.00    1.26    0.00    0.00    1.26    0.00    0.00    0.00   62.37
02:19:50     all   36.48    0.00    1.24    0.00    0.00    1.74    0.00    0.00    0.00   60.55
02:19:51     all   35.95    0.00    0.76    0.00    0.00    1.52    0.00    0.00    0.00   61.77
02:19:52     all   35.41    0.00    1.50    0.00    0.00    1.75    0.00    0.00    0.00   61.35
02:19:53     all   35.09    0.00    1.25    0.00    0.00    1.50    0.00    0.00    0.00   62.16
02:19:54     all   33.33    0.00    1.25    0.00    0.00    1.75    0.00    0.00    0.00   63.66
02:19:55     all   34.83    0.00    1.49    0.00    0.00    1.74    0.00    0.00    0.00   61.94
02:19:56     all   36.68    0.00    0.75    0.00    0.00    2.01    0.00    0.00    0.00   60.55
02:19:57     all   35.66    0.00    1.50    0.00    0.00    1.75    0.00    0.00    0.00   61.10
02:19:58     all   34.01    0.00    1.01    0.00    0.00    1.76    0.00    0.00    0.00   63.22
02:19:59     all   32.16    0.00    1.01    0.00    0.00    1.01    0.00    0.00    0.00   65.83
02:20:00     all   35.68    0.00    1.01    0.00    0.00    1.51    0.00    0.00    0.00   61.81
02:20:01     all   33.33    0.00    2.26    0.00    0.00    1.50    0.00    0.00    0.00   62.91
02:20:02     all   64.90    0.00    6.82    0.00    0.00    0.51    0.00    0.00    0.00   27.78
02:20:03     all   48.09    0.00    1.78    0.00    0.00    1.02    0.00    0.00    0.00   49.11
02:20:04     all   49.62    0.00    1.50    0.00    0.00    1.25    0.00    0.00    0.00   47.62
02:20:05     all   48.22    0.00    1.02    0.00    0.00    1.52    0.00    0.00    0.00   49.24
02:20:06     all   48.23    0.00    2.02    0.25    0.00    0.51    0.00    0.00    0.00   48.99
02:20:07     all   49.24    0.00    1.77    0.00    0.00    1.26    0.00    0.00    0.00   47.73
02:20:08     all   48.48    0.00    1.77    0.00    0.00    1.26    0.00    0.00    0.00   48.48
02:20:09     all   48.86    0.00    1.77    0.00    0.00    0.76    0.00    0.00    0.00   48.61
02:20:10     all   48.09    0.00    1.02    0.00    0.00    1.53    0.00    0.00    0.00   49.36
02:20:11     all   48.60    0.00    2.04    0.00    0.00    0.76    0.00    0.00    0.00   48.60
02:20:12     all   48.22    0.00    1.27    0.00    0.00    1.52    0.00    0.00    0.00   48.98
02:20:13     all   48.99    0.00    1.76    0.00    0.00    1.51    0.00    0.00    0.00   47.74
02:20:14     all   47.98    0.00    1.26    0.25    0.00    1.26    0.00    0.00    0.00   49.24
02:20:15     all   47.36    0.00    1.76    0.00    0.00    1.26    0.00    0.00    0.00   49.62
02:20:16     all   48.98    0.00    1.53    0.00    0.00    0.77    0.00    0.00    0.00   48.72
02:20:17     all   46.72    0.00    1.52    0.00    0.00    1.01    0.00    0.00    0.00   50.76
02:20:18     all   46.19    0.00    1.52    0.00    0.00    1.27    0.00    0.00    0.00   51.02
02:20:19     all   46.70    0.00    1.52    0.00    0.00    1.27    0.00    0.00    0.00   50.51
02:20:20     all   46.84    0.00    1.52    0.00    0.00    1.27    0.00    0.00    0.00   50.38
02:20:21     all   46.37    0.00    1.25    0.00    0.00    1.25    0.00    0.00    0.00   51.13
02:20:22     all   44.05    0.00    1.77    0.00    0.00    1.01    0.00    0.00    0.00   53.16
02:20:23     all   46.72    0.00    1.26    0.00    0.00    1.26    0.00    0.00    0.00   50.76
02:20:24     all   45.48    0.00    1.76    0.25    0.00    1.51    0.00    0.00    0.00   51.01
02:20:25     all   47.69    0.00    1.28    0.00    0.00    1.03    0.00    0.00    0.00   50.00
02:20:26     all   46.73    0.00    1.51    0.00    0.00    1.51    0.00    0.00    0.00   50.25
02:20:27     all   47.96    0.00    1.53    0.00    0.00    1.28    0.00    0.00    0.00   49.23
02:20:28     all   47.09    0.00    1.52    0.00    0.00    0.76    0.00    0.00    0.00   50.63
02:20:29     all   46.35    0.00    1.51    0.00    0.00    1.51    0.00    0.00    0.00   50.63
02:20:30     all   47.33    0.00    1.02    0.00    0.00    0.76    0.00    0.00    0.00   50.89
02:20:31     all   46.23    0.00    1.51    0.00    0.00    1.26    0.00    0.00    0.00   51.01
02:20:32     all   46.33    0.00    1.77    0.00    0.00    1.01    0.00    0.00    0.00   50.89
02:20:33     all   45.84    0.00    1.76    0.00    0.00    1.26    0.00    0.00    0.00   51.13
02:20:34     all   46.19    0.00    1.78    0.00    0.00    0.51    0.00    0.00    0.00   51.52
02:20:35     all   47.09    0.00    1.52    0.51    0.00    1.27    0.00    0.00    0.00   49.62
02:20:36     all   46.88    0.00    2.24    0.00    0.00    2.00    0.00    0.00    0.00   48.88
02:20:37     all   45.29    0.00    1.27    0.00    0.00    1.27    0.00    0.00    0.00   52.16
02:20:38     all   47.98    0.00    2.02    0.00    0.00    0.76    0.00    0.00    0.00   49.24
02:20:39     all   45.80    0.00    1.53    0.00    0.00    1.27    0.00    0.00    0.00   51.40
02:20:40     all   46.82    0.00    1.27    0.00    0.00    1.27    0.00    0.00    0.00   50.64
02:20:41     all   46.56    0.00    1.02    0.00    0.00    0.76    0.00    0.00    0.00   51.65
02:20:42     all   46.21    0.00    1.52    0.00    0.00    1.26    0.00    0.00    0.00   51.01
02:20:43     all   48.48    0.00    1.52    0.00    0.00    0.76    0.00    0.00    0.00   49.24
02:20:44     all   44.44    0.00    1.52    0.00    0.00    1.77    0.00    0.00    0.00   52.27
02:20:45     all   47.61    0.00    1.51    0.00    0.00    1.26    0.00    0.00    0.00   49.62
02:20:46     all   48.10    0.00    1.52    0.00    0.00    1.52    0.00    0.00    0.00   48.86
02:20:47     all   48.61    0.00    1.01    0.25    0.00    1.27    0.00    0.00    0.00   48.86
02:20:48     all   45.69    0.00    2.28    0.00    0.00    1.02    0.00    0.00    0.00   51.02
02:20:49     all   46.95    0.00    1.27    0.00    0.00    1.27    0.00    0.00    0.00   50.51
02:20:50     all   46.48    0.00    1.76    0.00    0.00    1.01    0.00    0.00    0.00   50.75
02:20:51     all   45.78    0.00    1.02    0.00    0.00    0.77    0.00    0.00    0.00   52.43
02:20:52     all   48.11    0.00    1.51    0.00    0.00    1.01    0.00    0.00    0.00   49.37
02:20:53     all   47.33    0.00    2.04    0.00    0.00    0.76    0.00    0.00    0.00   49.87
02:20:54     all   44.58    0.00    1.01    0.00    0.00    1.01    0.00    0.00    0.00   53.40
02:20:55     all   47.98    0.00    1.26    0.00    0.00    1.01    0.00    0.00    0.00   49.75
02:20:56     all   47.09    0.00    1.77    0.00    0.00    1.01    0.00    0.00    0.00   50.13
02:20:57     all   47.96    0.00    1.53    0.00    0.00    1.28    0.00    0.00    0.00   49.23
02:20:58     all   48.74    0.00    1.52    0.00    0.00    1.52    0.00    0.00    0.00   48.23
02:20:59     all   47.61    0.00    1.51    0.00    0.00    1.51    0.00    0.00    0.00   49.37
02:21:00     all   47.86    0.00    1.51    0.00    0.00    1.26    0.00    0.00    0.00   49.37
02:21:01     all   46.84    0.00    1.52    0.00    0.00    1.27    0.00    0.00    0.00   50.38
02:21:02     all   47.85    0.00    1.77    0.00    0.00    0.76    0.00    0.00    0.00   49.62
02:21:03     all   45.71    0.00    1.77    0.00    0.00    1.77    0.00    0.00    0.00   50.76
02:21:04     all   48.11    0.00    2.02    0.00    0.00    1.01    0.00    0.00    0.00   48.87
02:21:05     all   46.45    0.00    1.27    0.00    0.00    1.02    0.00    0.00    0.00   51.27
02:21:06     all   46.19    0.00    1.52    0.00    0.00    0.76    0.00    0.00    0.00   51.52
02:21:07     all   46.60    0.00    1.76    0.25    0.00    1.01    0.00    0.00    0.00   50.38
02:21:08     all   46.06    0.00    1.02    0.00    0.00    1.27    0.00    0.00    0.00   51.65
02:21:09     all   45.57    0.00    1.52    0.00    0.00    0.76    0.00    0.00    0.00   52.15
02:21:10     all   47.12    0.00    1.75    0.00    0.00    1.25    0.00    0.00    0.00   49.87
02:21:11     all   45.94    0.00    1.02    0.00    0.00    1.02    0.00    0.00    0.00   52.03
02:21:12     all   46.55    0.00    1.28    0.00    0.00    1.02    0.00    0.00    0.00   51.15
02:21:13     all   45.98    0.00    1.51    0.25    0.00    1.51    0.00    0.00    0.00   50.75
02:21:14     all   46.70    0.00    1.02    0.00    0.00    0.76    0.00    0.00    0.00   51.52
02:21:15     all   47.72    0.00    1.78    0.00    0.00    1.27    0.00    0.00    0.00   49.24
02:21:16     all   47.09    0.00    1.52    0.00    0.00    1.27    0.00    0.00    0.00   50.13
02:21:17     all   47.97    0.00    1.27    0.00    0.00    1.27    0.00    0.00    0.00   49.49
02:21:18     all   47.70    0.00    1.53    0.00    0.00    1.28    0.00    0.00    0.00   49.49
02:21:19     all   46.08    0.00    1.52    0.00    0.00    0.76    0.00    0.00    0.00   51.65
02:21:20     all   47.12    0.00    1.50    0.00    0.00    1.25    0.00    0.00    0.00   50.13
02:21:21     all   48.48    0.00    1.78    0.00    0.00    1.02    0.00    0.00    0.00   48.73
02:21:22     all   44.92    0.00    1.27    0.00    0.00    0.76    0.00    0.00    0.00   53.05
02:21:23     all   47.46    0.00    1.02    0.00    0.00    1.52    0.00    0.00    0.00   50.00
02:21:24     all   47.22    0.00    1.52    0.25    0.00    1.01    0.00    0.00    0.00   50.00
02:21:25     all   47.25    0.00    1.75    0.00    0.00    1.50    0.00    0.00    0.00   49.50
02:21:26     all   47.97    0.00    2.03    0.00    0.00    0.51    0.00    0.00    0.00   49.49
02:21:27     all   47.34    0.00    1.27    0.00    0.00    1.52    0.00    0.00    0.00   49.87
02:21:28     all   49.62    0.00    1.77    0.00    0.00    0.76    0.00    0.00    0.00   47.85
02:21:29     all   47.21    0.00    1.02    0.00    0.00    1.52    0.00    0.00    0.00   50.25
02:21:30     all   47.33    0.00    1.53    0.00    0.00    1.27    0.00    0.00    0.00   49.87
02:21:31     all   48.86    0.00    1.77    0.00    0.00    1.01    0.00    0.00    0.00   48.35
02:21:32     all   48.48    0.00    1.52    0.00    0.00    1.02    0.00    0.00    0.00   48.98
02:21:33     all   48.24    0.00    1.76    0.00    0.00    1.26    0.00    0.00    0.00   48.74
02:21:34     all   48.24    0.00    1.76    0.00    0.00    1.26    0.00    0.00    0.00   48.74
02:21:35     all   48.74    0.00    1.26    0.00    0.00    1.52    0.00    0.00    0.00   48.48
02:21:36     all   47.97    0.00    1.27    0.25    0.00    1.27    0.00    0.00    0.00   49.24
02:21:37     all   48.74    0.00    2.76    0.00    0.00    2.01    0.00    0.00    0.00   46.48
02:21:38     all   47.34    0.00    1.77    0.00    0.00    1.01    0.00    0.00    0.00   49.87
02:21:39     all   47.99    0.00    1.26    0.00    0.00    2.01    0.00    0.00    0.00   48.74
02:21:40     all   47.47    0.00    2.02    0.00    0.00    1.26    0.00    0.00    0.00   49.24
02:21:41     all   47.84    0.00    1.27    0.00    0.00    1.02    0.00    0.00    0.00   49.87
02:21:42     all   45.71    0.00    2.02    0.00    0.00    1.01    0.00    0.00    0.00   51.26
02:21:43     all   46.82    0.00    1.27    0.00    0.00    1.27    0.00    0.00    0.00   50.64
02:21:44     all   46.84    0.00    1.77    0.00    0.00    1.27    0.00    0.00    0.00   50.13
02:21:45     all   46.85    0.00    1.76    0.00    0.00    1.51    0.00    0.00    0.00   49.87
02:21:46     all   47.21    0.00    1.27    0.00    0.00    0.76    0.00    0.00    0.00   50.76
02:21:47     all   47.21    0.00    1.78    0.00    0.00    1.02    0.00    0.00    0.00   50.00
02:21:48     all   48.61    0.00    1.01    0.00    0.00    1.26    0.00    0.00    0.00   49.12
02:21:49     all   45.66    0.00    1.79    0.00    0.00    1.02    0.00    0.00    0.00   51.53
02:21:50     all   46.46    0.00    0.76    0.00    0.00    1.01    0.00    0.00    0.00   51.77
02:21:51     all   45.96    0.00    2.53    0.00    0.00    1.52    0.00    0.00    0.00   50.00
02:21:52     all   44.58    0.00    1.26    0.00    0.00    1.26    0.00    0.00    0.00   52.90
02:21:53     all   46.82    0.00    1.27    0.00    0.00    0.51    0.00    0.00    0.00   51.40
02:21:54     all   46.56    0.00    1.27    0.00    0.00    0.76    0.00    0.00    0.00   51.40
02:21:55     all   45.43    0.00    1.78    0.00    0.00    1.27    0.00    0.00    0.00   51.52
02:21:56     all   46.19    0.00    1.27    0.00    0.00    0.76    0.00    0.00    0.00   51.78
02:21:57     all   46.98    0.00    1.51    0.00    0.00    1.01    0.00    0.00    0.00   50.50
02:21:58     all   45.80    0.00    1.53    0.25    0.00    1.02    0.00    0.00    0.00   51.40
02:21:59     all   46.10    0.00    1.76    0.00    0.00    1.26    0.00    0.00    0.00   50.88
02:22:00     all   46.21    0.00    1.77    0.00    0.00    1.52    0.00    0.00    0.00   50.51
02:22:01     all   45.29    0.00    1.78    0.25    0.00    1.02    0.00    0.00    0.00   51.65
02:22:02     all   46.37    0.00    1.25    0.00    0.00    1.25    0.00    0.00    0.00   51.13
02:22:03     all   45.94    0.00    1.52    0.00    0.00    1.27    0.00    0.00    0.00   51.27
02:22:04     all   46.19    0.00    1.02    0.00    0.00    1.27    0.00    0.00    0.00   51.52
02:22:05     all   45.71    0.00    1.26    0.00    0.00    1.26    0.00    0.00    0.00   51.77
02:22:06     all   46.58    0.00    1.77    0.00    0.00    0.76    0.00    0.00    0.00   50.89
02:22:07     all   46.35    0.00    1.26    0.00    0.00    1.51    0.00    0.00    0.00   50.88
02:22:08     all   46.60    0.00    1.51    0.00    0.00    1.51    0.00    0.00    0.00   50.38
02:22:09     all   43.29    0.00    2.28    0.00    0.00    0.51    0.00    0.00    0.00   53.92
02:22:10     all   43.32    0.00    1.26    0.25    0.00    1.01    0.00    0.00    0.00   54.16
02:22:11     all   44.78    0.00    1.02    0.00    0.00    1.02    0.00    0.00    0.00   53.18
02:22:12     all   46.12    0.00    1.75    0.00    0.00    1.75    0.00    0.00    0.00   50.38
02:22:13     all   45.96    0.00    1.52    0.00    0.00    1.01    0.00    0.00    0.00   51.52
02:22:14     all   47.09    0.00    1.27    0.00    0.00    1.27    0.00    0.00    0.00   50.38
02:22:15     all   47.47    0.00    1.26    0.00    0.00    0.76    0.00    0.00    0.00   50.51
02:22:16     all   44.70    0.00    1.26    0.00    0.00    1.52    0.00    0.00    0.00   52.53
02:22:17     all   47.33    0.00    1.53    0.00    0.00    1.02    0.00    0.00    0.00   50.13
02:22:18     all   46.85    0.00    1.76    0.00    0.00    1.01    0.00    0.00    0.00   50.38
02:22:19     all   46.45    0.00    1.02    0.00    0.00    0.76    0.00    0.00    0.00   51.78
02:22:20     all   48.09    0.00    1.53    0.00    0.00    1.02    0.00    0.00    0.00   49.36
02:22:21     all   47.59    0.00    1.52    0.00    0.00    0.76    0.00    0.00    0.00   50.13
02:22:22     all   46.87    0.00    1.75    0.50    0.00    1.25    0.00    0.00    0.00   49.62
02:22:23     all   45.71    0.00    2.27    0.00    0.00    1.26    0.00    0.00    0.00   50.76
02:22:24     all   48.73    0.00    1.02    0.00    0.00    0.76    0.00    0.00    0.00   49.49
02:22:25     all   47.46    0.00    1.27    0.00    0.00    1.27    0.00    0.00    0.00   50.00
02:22:26     all   48.10    0.00    1.52    0.00    0.00    1.27    0.00    0.00    0.00   49.11
02:22:27     all   46.84    0.00    2.03    0.00    0.00    1.27    0.00    0.00    0.00   49.87
02:22:28     all   47.46    0.00    1.52    0.00    0.00    1.27    0.00    0.00    0.00   49.75
02:22:29     all   44.05    0.00    1.52    0.00    0.00    0.76    0.00    0.00    0.00   53.67
02:22:30     all   48.98    0.00    1.27    0.00    0.00    0.76    0.00    0.00    0.00   48.98
02:22:31     all   47.22    0.00    1.77    0.00    0.00    1.01    0.00    0.00    0.00   50.00
02:22:32     all   46.84    0.00    1.77    0.00    0.00    1.01    0.00    0.00    0.00   50.38
02:22:33     all   48.74    0.00    1.26    0.00    0.00    1.01    0.00    0.00    0.00   48.99
02:22:34     all   46.95    0.00    1.27    0.00    0.00    1.52    0.00    0.00    0.00   50.25
02:22:35     all   48.74    0.00    2.02    0.00    0.00    1.26    0.00    0.00    0.00   47.98
02:22:36     all   48.24    0.00    2.01    0.00    0.00    1.26    0.00    0.00    0.00   48.49
02:22:37     all   49.74    0.00    2.04    0.00    0.00    1.53    0.00    0.00    0.00   46.68
02:22:38     all   48.48    0.00    1.52    0.00    0.00    1.52    0.00    0.00    0.00   48.48
02:22:39     all   48.59    0.00    1.02    0.00    0.00    0.77    0.00    0.00    0.00   49.62
02:22:40     all   46.19    0.00    1.78    0.00    0.00    0.76    0.00    0.00    0.00   51.27
02:22:41     all   45.96    0.00    1.77    0.00    0.00    1.01    0.00    0.00    0.00   51.26
02:22:42     all   46.31    0.00    1.27    0.00    0.00    1.27    0.00    0.00    0.00   51.15
02:22:43     all   46.95    0.00    1.27    0.00    0.00    1.02    0.00    0.00    0.00   50.76
02:22:44     all   46.82    0.00    1.78    0.00    0.00    1.53    0.00    0.00    0.00   49.87
02:22:45     all   46.97    0.00    1.52    0.00    0.00    1.52    0.00    0.00    0.00   50.00
02:22:46     all   46.97    0.00    2.02    0.00    0.00    0.76    0.00    0.00    0.00   50.25
02:22:47     all   48.10    0.00    1.27    0.00    0.00    1.01    0.00    0.00    0.00   49.62
02:22:48     all   46.60    0.00    1.51    0.25    0.00    1.01    0.00    0.00    0.00   50.63
02:22:49     all   47.19    0.00    1.28    0.00    0.00    1.02    0.00    0.00    0.00   50.51
02:22:50     all   45.96    0.00    1.77    0.00    0.00    1.52    0.00    0.00    0.00   50.76
02:22:51     all   46.19    0.00    1.27    0.00    0.00    0.76    0.00    0.00    0.00   51.78
02:22:52     all   46.97    0.00    1.77    0.00    0.00    1.52    0.00    0.00    0.00   49.75
02:22:53     all   46.58    0.00    1.52    0.00    0.00    1.01    0.00    0.00    0.00   50.89
02:22:54     all   42.89    0.00    1.27    0.25    0.00    1.78    0.00    0.00    0.00   53.81
02:22:55     all   48.99    0.00    1.26    0.00    0.00    0.76    0.00    0.00    0.00   48.99
02:22:56     all   46.95    0.00    2.28    0.00    0.00    1.02    0.00    0.00    0.00   49.75
02:22:57     all   46.21    0.00    1.52    0.00    0.00    1.01    0.00    0.00    0.00   51.26
02:22:58     all   45.96    0.00    1.52    0.00    0.00    1.26    0.00    0.00    0.00   51.26
02:22:59     all   48.21    0.00    1.79    0.00    0.00    1.02    0.00    0.00    0.00   48.98
02:23:00     all   47.47    0.00    1.26    0.00    0.00    1.52    0.00    0.00    0.00   49.75
02:23:01     all   46.21    0.00    1.26    0.00    0.00    1.26    0.00    0.00    0.00   51.26
02:23:02     all   44.64    0.00    2.00    0.00    0.00    2.00    0.00    0.00    0.00   51.37
02:23:03     all   46.92    0.00    1.28    0.00    0.00    0.51    0.00    0.00    0.00   51.28
02:23:04     all   47.12    0.00    1.25    0.00    0.00    1.25    0.00    0.00    0.00   50.38
02:23:05     all   47.72    0.00    1.52    0.00    0.00    0.51    0.00    0.00    0.00   50.25
02:23:06     all   47.73    0.00    1.77    0.00    0.00    1.26    0.00    0.00    0.00   49.24
02:23:07     all   47.22    0.00    1.01    0.00    0.00    1.26    0.00    0.00    0.00   50.51
02:23:08     all   47.61    0.00    1.26    0.00    0.00    1.26    0.00    0.00    0.00   49.87
02:23:09     all   46.31    0.00    1.27    0.25    0.00    1.02    0.00    0.00    0.00   51.15
02:23:10     all   46.84    0.00    1.77    0.00    0.00    1.52    0.00    0.00    0.00   49.87
02:23:11     all   48.35    0.00    1.27    0.00    0.00    1.01    0.00    0.00    0.00   49.37
02:23:12     all   47.57    0.00    1.02    0.00    0.00    1.02    0.00    0.00    0.00   50.38
02:23:13     all   47.49    0.00    2.01    0.00    0.00    1.01    0.00    0.00    0.00   49.50
02:23:14     all   47.47    0.00    1.26    0.25    0.00    1.01    0.00    0.00    0.00   50.00
02:23:15     all   46.46    0.00    1.26    0.00    0.00    1.26    0.00    0.00    0.00   51.01
02:23:16     all   46.97    0.00    1.77    0.00    0.00    1.77    0.00    0.00    0.00   49.49
02:23:17     all   47.24    0.00    1.51    0.00    0.00    1.51    0.00    0.00    0.00   49.75
02:23:18     all   47.46    0.00    1.52    0.00    0.00    1.02    0.00    0.00    0.00   50.00
02:23:19     all   47.61    0.00    2.02    0.00    0.00    1.01    0.00    0.00    0.00   49.37
02:23:20     all   47.87    0.00    1.25    0.25    0.00    1.75    0.00    0.00    0.00   48.87
02:23:21     all   47.46    0.00    1.78    0.00    0.00    1.27    0.00    0.00    0.00   49.49
02:23:22     all   49.24    0.00    1.77    0.00    0.00    1.26    0.00    0.00    0.00   47.73
02:23:23     all   47.07    0.00    0.76    0.00    0.00    1.53    0.00    0.00    0.00   50.64
02:23:24     all   46.72    0.00    2.27    0.00    0.00    1.26    0.00    0.00    0.00   49.75
02:23:25     all   48.11    0.00    1.76    0.00    0.00    1.26    0.00    0.00    0.00   48.87
02:23:26     all   47.22    0.00    1.26    0.00    0.00    1.26    0.00    0.00    0.00   50.25
02:23:27     all   45.69    0.00    1.52    0.00    0.00    1.02    0.00    0.00    0.00   51.78
02:23:28     all   46.70    0.00    1.52    0.00    0.00    1.02    0.00    0.00    0.00   50.76
02:23:29     all   45.96    0.00    1.52    0.00    0.00    1.01    0.00    0.00    0.00   51.52
02:23:30     all   47.34    0.00    1.27    0.00    0.00    1.52    0.00    0.00    0.00   49.87
02:23:31     all   46.84    0.00    1.52    0.00    0.00    0.76    0.00    0.00    0.00   50.89
02:23:32     all   46.08    0.00    1.52    0.00    0.00    1.01    0.00    0.00    0.00   51.39
02:23:33     all   46.97    0.00    1.77    0.00    0.00    1.26    0.00    0.00    0.00   50.00
02:23:34     all   46.45    0.00    1.52    0.00    0.00    1.27    0.00    0.00    0.00   50.76
02:23:35     all   47.85    0.00    1.27    0.00    0.00    1.52    0.00    0.00    0.00   49.37
02:23:36     all   46.35    0.00    3.02    0.25    0.00    1.51    0.00    0.00    0.00   48.87
02:23:37     all   47.24    0.00    1.51    0.00    0.00    1.51    0.00    0.00    0.00   49.75
02:23:38     all   47.46    0.00    1.27    0.00    0.00    1.02    0.00    0.00    0.00   50.25
02:23:39     all   46.19    0.00    1.78    0.00    0.00    1.27    0.00    0.00    0.00   50.76
02:23:40     all   46.58    0.00    1.77    0.00    0.00    1.01    0.00    0.00    0.00   50.63
02:23:41     all   46.58    0.00    1.52    0.00    0.00    1.52    0.00    0.00    0.00   50.38
02:23:42     all   47.09    0.00    1.52    0.25    0.00    0.76    0.00    0.00    0.00   50.38
02:23:43     all   47.61    0.00    1.76    0.00    0.00    1.76    0.00    0.00    0.00   48.87
02:23:44     all   47.21    0.00    1.02    0.00    0.00    1.27    0.00    0.00    0.00   50.51
02:23:45     all   47.97    0.00    1.78    0.00    0.00    1.02    0.00    0.00    0.00   49.24
02:23:46     all   45.98    0.00    1.51    0.00    0.00    1.26    0.00    0.00    0.00   51.26
02:23:47     all   46.70    0.00    1.78    0.00    0.00    1.27    0.00    0.00    0.00   50.25
02:23:48     all   48.99    0.00    1.26    0.00    0.00    1.26    0.00    0.00    0.00   48.49
02:23:49     all   47.21    0.00    1.78    0.00    0.00    0.76    0.00    0.00    0.00   50.25
02:23:50     all   47.22    0.00    1.52    0.00    0.00    1.01    0.00    0.00    0.00   50.25
02:23:51     all   47.96    0.00    1.53    0.00    0.00    0.77    0.00    0.00    0.00   49.74
02:23:52     all   47.85    0.00    1.52    0.00    0.00    1.52    0.00    0.00    0.00   49.11
02:23:53     all   47.34    0.00    1.27    0.25    0.00    1.01    0.00    0.00    0.00   50.13
02:23:54     all   42.24    0.00    0.76    0.00    0.00    0.76    0.00    0.00    0.00   56.23
02:23:55     all   44.92    0.00    2.03    0.00    0.00    0.76    0.00    0.00    0.00   52.28
02:23:56     all   48.35    0.00    1.52    0.00    0.00    1.01    0.00    0.00    0.00   49.11
02:23:57     all   47.09    0.00    1.27    0.00    0.00    1.01    0.00    0.00    0.00   50.63
02:23:58     all   46.70    0.00    1.78    0.00    0.00    1.27    0.00    0.00    0.00   50.25
02:23:59     all   44.95    0.00    1.52    0.00    0.00    1.26    0.00    0.00    0.00   52.27
02:24:00     all   47.36    0.00    2.02    0.00    0.00    1.51    0.00    0.00    0.00   49.12
02:24:01     all   45.82    0.00    1.52    0.00    0.00    1.27    0.00    0.00    0.00   51.39
02:24:02     all   43.91    0.00    1.27    0.00    0.00    1.27    0.00    0.00    0.00   53.55
02:24:03     all   47.61    0.00    1.76    0.00    0.00    1.01    0.00    0.00    0.00   49.62
02:24:04     all   46.43    0.00    1.53    0.00    0.00    1.02    0.00    0.00    0.00   51.02
02:24:05     all   47.74    0.00    1.26    0.00    0.00    1.26    0.00    0.00    0.00   49.75
02:24:06     all   47.72    0.00    1.78    0.00    0.00    1.02    0.00    0.00    0.00   49.49
02:24:07     all   46.31    0.00    1.27    0.00    0.00    0.76    0.00    0.00    0.00   51.65
02:24:08     all   45.36    0.00    1.25    0.00    0.00    2.01    0.00    0.00    0.00   51.38
02:24:09     all   47.07    0.00    1.53    0.00    0.00    1.02    0.00    0.00    0.00   50.38
02:24:10     all   46.85    0.00    1.76    0.00    0.00    1.01    0.00    0.00    0.00   50.38
02:24:11     all   44.97    0.00    2.01    0.00    0.00    1.01    0.00    0.00    0.00   52.01
02:24:12     all   47.85    0.00    1.77    0.00    0.00    2.03    0.00    0.00    0.00   48.35
02:24:13     all   47.97    0.00    1.02    0.00    0.00    1.27    0.00    0.00    0.00   49.75
02:24:14     all   47.98    0.00    1.77    0.25    0.00    0.76    0.00    0.00    0.00   49.24
02:24:15     all   46.88    0.00    2.00    0.25    0.00    2.24    0.00    0.00    0.00   48.63
02:24:16     all   46.84    0.00    1.27    0.00    0.00    0.51    0.00    0.00    0.00   51.39
02:24:17     all   47.74    0.00    2.01    0.00    0.00    1.26    0.00    0.00    0.00   48.99
02:24:18     all   46.84    0.00    1.52    0.00    0.00    1.52    0.00    0.00    0.00   50.13
02:24:19     all   47.21    0.00    1.02    0.00    0.00    1.27    0.00    0.00    0.00   50.51
02:24:20     all   48.73    0.00    1.27    0.00    0.00    0.76    0.00    0.00    0.00   49.24
02:24:21     all   48.48    0.00    1.52    0.00    0.00    1.52    0.00    0.00    0.00   48.48
02:24:22     all   42.97    0.00    1.53    0.00    0.00    0.77    0.00    0.00    0.00   54.73
02:24:23     all   46.37    0.00    1.50    0.00    0.00    1.25    0.00    0.00    0.00   50.88
02:24:24     all   46.97    0.00    1.77    0.00    0.00    1.01    0.00    0.00    0.00   50.25
02:24:25     all   49.11    0.00    1.01    0.00    0.00    0.76    0.00    0.00    0.00   49.11
02:24:26     all   47.22    0.00    1.26    0.00    0.00    1.26    0.00    0.00    0.00   50.25
02:24:27     all   47.46    0.00    1.27    0.00    0.00    1.02    0.00    0.00    0.00   50.25
02:24:28     all   46.08    0.00    2.03    0.00    0.00    1.01    0.00    0.00    0.00   50.89
02:24:29     all   44.67    0.00    1.27    0.25    0.00    1.52    0.00    0.00    0.00   52.28
02:24:30     all   47.36    0.00    1.76    0.00    0.00    1.26    0.00    0.00    0.00   49.62
02:24:31     all   47.61    0.00    1.51    0.00    0.00    1.51    0.00    0.00    0.00   49.37
02:24:32     all   46.46    0.00    1.52    0.00    0.00    0.76    0.00    0.00    0.00   51.26
02:24:33     all   47.21    0.00    1.27    0.00    0.00    1.27    0.00    0.00    0.00   50.25
02:24:34     all   47.86    0.00    1.51    0.00    0.00    1.51    0.00    0.00    0.00   49.12
02:24:35     all   48.98    0.00    1.02    0.00    0.00    1.02    0.00    0.00    0.00   48.98
02:24:36     all   48.49    0.00    2.76    0.00    0.00    2.01    0.00    0.00    0.00   46.73
02:24:37     all   47.58    0.00    1.78    0.00    0.00    1.02    0.00    0.00    0.00   49.62
02:24:38     all   49.25    0.00    1.26    0.00    0.00    0.75    0.00    0.00    0.00   48.74
02:24:39     all   47.33    0.00    1.02    0.00    0.00    1.27    0.00    0.00    0.00   50.38
02:24:40     all   46.84    0.00    1.27    0.00    0.00    1.27    0.00    0.00    0.00   50.63
02:24:41     all   46.46    0.00    1.77    0.00    0.00    1.52    0.00    0.00    0.00   50.25
02:24:42     all   47.87    0.00    1.50    0.00    0.00    1.25    0.00    0.00    0.00   49.37
02:24:43     all   47.84    0.00    1.78    0.00    0.00    0.76    0.00    0.00    0.00   49.62
02:24:44     all   48.74    0.00    1.52    0.00    0.00    0.76    0.00    0.00    0.00   48.99
02:24:45     all   47.98    0.00    2.02    0.00    0.00    1.26    0.00    0.00    0.00   48.74
02:24:46     all   46.97    0.00    1.52    0.25    0.00    1.01    0.00    0.00    0.00   50.25
02:24:47     all   46.70    0.00    1.52    0.00    0.00    1.27    0.00    0.00    0.00   50.51
02:24:48     all   47.86    0.00    2.02    0.00    0.00    1.26    0.00    0.00    0.00   48.87
02:24:49     all   47.97    0.00    1.27    0.00    0.00    1.02    0.00    0.00    0.00   49.75
02:24:50     all   46.56    0.00    1.27    0.00    0.00    1.27    0.00    0.00    0.00   50.89
02:24:51     all   47.19    0.00    1.53    0.00    0.00    0.51    0.00    0.00    0.00   50.77
02:24:52     all   47.74    0.00    1.51    0.00    0.00    1.76    0.00    0.00    0.00   48.99
02:24:53     all   47.85    0.00    1.77    0.00    0.00    0.51    0.00    0.00    0.00   49.87
02:24:54     all   45.69    0.00    1.52    0.00    0.00    1.52    0.00    0.00    0.00   51.27
02:24:55     all   47.58    0.00    1.78    0.00    0.00    0.25    0.00    0.00    0.00   50.38
02:24:56     all   47.00    0.00    1.50    0.00    0.00    1.75    0.00    0.00    0.00   49.75
02:24:57     all   46.70    0.00    1.52    0.25    0.00    1.52    0.00    0.00    0.00   50.00
02:24:58     all   47.09    0.00    1.77    0.00    0.00    1.27    0.00    0.00    0.00   49.87
02:24:59     all   46.23    0.00    1.76    0.00    0.00    1.26    0.00    0.00    0.00   50.75
02:25:00     all   46.84    0.00    1.52    0.00    0.00    1.52    0.00    0.00    0.00   50.13
02:25:01     all   46.62    0.00    1.50    0.00    0.00    1.75    0.00    0.00    0.00   50.13
02:25:02     all   48.99    0.00    1.77    0.25    0.00    1.01    0.00    0.00    0.00   47.98
02:25:03     all   47.84    0.00    1.27    0.00    0.00    1.02    0.00    0.00    0.00   49.87
02:25:04     all   45.75    0.00    2.00    0.00    0.00    1.50    0.00    0.00    0.00   50.75
02:25:05     all   48.60    0.00    1.27    0.00    0.00    0.76    0.00    0.00    0.00   49.36
02:25:06     all   48.36    0.00    1.76    0.00    0.00    1.51    0.00    0.00    0.00   48.36
02:25:07     all   46.21    0.00    1.52    0.00    0.00    1.26    0.00    0.00    0.00   51.01
02:25:08     all   47.83    0.00    1.28    0.00    0.00    1.53    0.00    0.00    0.00   49.36
02:25:09     all   47.62    0.00    2.01    0.00    0.00    1.00    0.00    0.00    0.00   49.37
02:25:10     all   47.33    0.00    1.02    0.00    0.00    1.27    0.00    0.00    0.00   50.38
02:25:11     all   47.59    0.00    1.52    0.00    0.00    1.27    0.00    0.00    0.00   49.62
02:25:12     all   46.19    0.00    1.78    0.00    0.00    1.52    0.00    0.00    0.00   50.51
02:25:13     all   49.11    0.00    1.02    0.00    0.00    1.02    0.00    0.00    0.00   48.85
02:25:14     all   46.48    0.00    1.51    0.00    0.00    1.76    0.00    0.00    0.00   50.25
02:25:15     all   46.94    0.00    1.28    0.00    0.00    0.77    0.00    0.00    0.00   51.02
02:25:16     all   46.62    0.00    1.50    0.00    0.00    1.00    0.00    0.00    0.00   50.88
02:25:17     all   46.56    0.00    1.27    0.00    0.00    1.27    0.00    0.00    0.00   50.89
02:25:18     all   47.50    0.00    1.75    0.00    0.00    1.50    0.00    0.00    0.00   49.25
02:25:19     all   46.84    0.00    1.52    0.25    0.00    1.52    0.00    0.00    0.00   49.87
02:25:20     all   47.97    0.00    1.52    0.00    0.00    1.27    0.00    0.00    0.00   49.24
02:25:21     all   47.07    0.00    1.53    0.00    0.00    1.53    0.00    0.00    0.00   49.87
02:25:22     all   47.24    0.00    1.51    0.00    0.00    1.01    0.00    0.00    0.00   50.25
02:25:23     all   48.35    0.00    1.27    0.00    0.00    1.52    0.00    0.00    0.00   48.86
02:25:24     all   49.24    0.00    1.52    0.25    0.00    1.52    0.00    0.00    0.00   47.47
02:25:25     all   47.45    0.00    1.53    0.00    0.00    1.02    0.00    0.00    0.00   50.00
02:25:26     all   47.62    0.00    1.75    0.00    0.00    1.50    0.00    0.00    0.00   49.12
02:25:27     all   48.10    0.00    1.27    0.00    0.00    1.52    0.00    0.00    0.00   49.11
02:25:28     all   49.12    0.00    1.76    0.00    0.00    1.26    0.00    0.00    0.00   47.86
02:25:29     all   43.43    0.00    1.26    0.25    0.00    1.01    0.00    0.00    0.00   54.04
02:25:30     all   45.48    0.00    1.51    0.00    0.00    1.26    0.00    0.00    0.00   51.76
02:25:31     all   46.21    0.00    2.02    0.00    0.00    0.76    0.00    0.00    0.00   51.01
02:25:32     all   46.08    0.00    1.01    0.00    0.00    1.52    0.00    0.00    0.00   51.39
02:25:33     all   45.45    0.00    1.52    0.00    0.00    1.26    0.00    0.00    0.00   51.77
02:25:34     all   47.47    0.00    1.77    0.00    0.00    1.52    0.00    0.00    0.00   49.24
02:25:35     all   46.82    0.00    1.53    0.00    0.00    1.02    0.00    0.00    0.00   50.64
02:25:36     all   46.58    0.00    3.04    0.00    0.00    1.52    0.00    0.00    0.00   48.86
02:25:37     all   46.72    0.00    1.01    0.00    0.00    1.52    0.00    0.00    0.00   50.76
02:25:38     all   48.13    0.00    1.50    0.00    0.00    1.25    0.00    0.00    0.00   49.13
02:25:39     all   45.76    0.00    1.54    0.00    0.00    1.03    0.00    0.00    0.00   51.67
02:25:40     all   47.37    0.00    2.01    0.25    0.00    1.50    0.00    0.00    0.00   48.87
02:25:41     all   46.84    0.00    1.52    0.00    0.00    1.52    0.00    0.00    0.00   50.13
02:25:42     all   46.48    0.00    1.51    0.00    0.00    1.51    0.00    0.00    0.00   50.50
02:25:43     all   46.68    0.00    2.04    0.00    0.00    0.77    0.00    0.00    0.00   50.51
02:25:44     all   47.46    0.00    1.52    0.00    0.00    1.02    0.00    0.00    0.00   50.00
02:25:45     all   46.48    0.00    1.76    0.00    0.00    1.26    0.00    0.00    0.00   50.50
02:25:46     all   47.46    0.00    1.27    0.00    0.00    1.27    0.00    0.00    0.00   50.00
02:25:47     all   46.48    0.00    1.51    0.00    0.00    1.26    0.00    0.00    0.00   50.75
02:25:48     all   46.04    0.00    1.53    0.00    0.00    0.77    0.00    0.00    0.00   51.66
02:25:49     all   46.97    0.00    1.26    0.00    0.00    1.52    0.00    0.00    0.00   50.25
02:25:50     all   47.33    0.00    1.53    0.00    0.00    1.27    0.00    0.00    0.00   49.87
02:25:51     all   47.59    0.00    1.52    0.00    0.00    1.01    0.00    0.00    0.00   49.87
02:25:52     all   48.48    0.00    1.78    0.00    0.00    1.02    0.00    0.00    0.00   48.73
02:25:53     all   48.87    0.00    1.26    0.00    0.00    1.26    0.00    0.00    0.00   48.61
02:25:54     all   45.55    0.00    1.53    0.00    0.00    1.02    0.00    0.00    0.00   51.91
02:25:55     all   47.59    0.00    1.77    0.00    0.00    1.01    0.00    0.00    0.00   49.62
02:25:56     all   46.98    0.00    1.51    0.00    0.00    1.01    0.00    0.00    0.00   50.50
02:25:57     all   46.68    0.00    1.28    0.00    0.00    1.02    0.00    0.00    0.00   51.02
02:25:58     all   46.35    0.00    1.51    0.25    0.00    1.01    0.00    0.00    0.00   50.88
02:25:59     all   48.08    0.00    1.28    0.00    0.00    0.51    0.00    0.00    0.00   50.13
02:26:00     all   46.33    0.00    1.52    0.00    0.00    1.27    0.00    0.00    0.00   50.89
02:26:01     all   45.96    0.00    1.77    0.00    0.00    0.76    0.00    0.00    0.00   51.52
02:26:02     all   46.60    0.00    1.51    0.00    0.00    1.26    0.00    0.00    0.00   50.63
02:26:03     all   46.60    0.00    1.51    0.25    0.00    1.26    0.00    0.00    0.00   50.38
02:26:04     all   48.48    0.00    1.52    0.00    0.00    1.26    0.00    0.00    0.00   48.74
02:26:05     all   48.37    0.00    1.50    0.00    0.00    1.25    0.00    0.00    0.00   48.87
02:26:06     all   48.35    0.00    1.27    0.00    0.00    0.76    0.00    0.00    0.00   49.62
02:26:07     all   46.56    0.00    1.53    0.00    0.00    1.02    0.00    0.00    0.00   50.89
02:26:08     all   48.36    0.00    1.26    0.25    0.00    1.26    0.00    0.00    0.00   48.87
02:26:09     all   45.94    0.00    1.52    0.00    0.00    1.27    0.00    0.00    0.00   51.27
02:26:10     all   46.19    0.00    1.27    0.00    0.00    1.02    0.00    0.00    0.00   51.52
02:26:11     all   47.70    0.00    1.02    0.00    0.00    1.02    0.00    0.00    0.00   50.26
02:26:12     all   45.57    0.00    1.77    0.00    0.00    1.27    0.00    0.00    0.00   51.39
02:26:13     all   47.49    0.00    2.01    0.00    0.00    1.01    0.00    0.00    0.00   49.50
02:26:14     all   48.98    0.00    1.02    0.00    0.00    1.02    0.00    0.00    0.00   48.98
02:26:15     all   47.85    0.00    1.77    0.00    0.00    1.01    0.00    0.00    0.00   49.37
02:26:16     all   48.23    0.00    1.26    0.00    0.00    1.26    0.00    0.00    0.00   49.24
02:26:17     all   47.59    0.00    1.77    0.00    0.00    1.01    0.00    0.00    0.00   49.62
02:26:18     all   48.36    0.00    1.76    0.00    0.00    1.26    0.00    0.00    0.00   48.61
02:26:19     all   47.59    0.00    1.27    0.00    0.00    1.27    0.00    0.00    0.00   49.87
02:26:20     all   47.73    0.00    1.52    0.00    0.00    1.01    0.00    0.00    0.00   49.75
02:26:21     all   48.35    0.00    1.52    0.00    0.00    1.52    0.00    0.00    0.00   48.61
02:26:22     all   45.84    0.00    1.76    0.00    0.00    1.26    0.00    0.00    0.00   51.13
02:26:23     all   47.22    0.00    1.26    0.00    0.00    1.26    0.00    0.00    0.00   50.25
02:26:24     all   46.84    0.00    1.52    0.00    0.00    1.01    0.00    0.00    0.00   50.63
02:26:25     all   47.33    0.00    1.02    0.00    0.00    1.02    0.00    0.00    0.00   50.64
02:26:26     all   48.10    0.00    1.77    0.00    0.00    1.01    0.00    0.00    0.00   49.11
02:26:27     all   47.07    0.00    1.27    0.00    0.00    1.27    0.00    0.00    0.00   50.38
02:26:28     all   46.43    0.00    1.53    0.00    0.00    0.77    0.00    0.00    0.00   51.28
02:26:29     all   44.97    0.00    1.76    0.00    0.00    1.01    0.00    0.00    0.00   52.26
02:26:30     all   46.84    0.00    1.27    0.00    0.00    1.27    0.00    0.00    0.00   50.63
02:26:31     all   48.87    0.00    1.50    0.50    0.00    1.00    0.00    0.00    0.00   48.12
02:26:32     all   47.21    0.00    1.78    0.00    0.00    1.02    0.00    0.00    0.00   50.00
02:26:33     all   47.22    0.00    1.52    0.00    0.00    1.26    0.00    0.00    0.00   50.00
02:26:34     all   48.11    0.00    1.26    0.00    0.00    1.01    0.00    0.00    0.00   49.62
02:26:35     all   48.87    0.00    1.76    0.00    0.00    0.76    0.00    0.00    0.00   48.61
02:26:36     all   46.97    0.00    2.53    0.25    0.00    1.77    0.00    0.00    0.00   48.48
02:26:37     all   46.94    0.00    1.79    0.00    0.00    0.77    0.00    0.00    0.00   50.51
02:26:38     all   46.31    0.00    1.27    0.00    0.00    0.76    0.00    0.00    0.00   51.65
02:26:39     all   47.22    0.00    1.77    0.00    0.00    1.01    0.00    0.00    0.00   50.00
02:26:40     all   46.84    0.00    1.52    0.00    0.00    0.76    0.00    0.00    0.00   50.89
02:26:41     all   45.41    0.00    1.53    0.00    0.00    1.28    0.00    0.00    0.00   51.79
02:26:42     all   45.34    0.00    2.27    0.00    0.00    1.76    0.00    0.00    0.00   50.63
02:26:43     all   46.82    0.00    1.02    0.00    0.00    0.25    0.00    0.00    0.00   51.91
02:26:44     all   46.46    0.00    1.52    0.00    0.00    1.52    0.00    0.00    0.00   50.51
02:26:45     all   46.46    0.00    1.77    0.00    0.00    0.51    0.00    0.00    0.00   51.26
02:26:46     all   46.19    0.00    1.52    0.00    0.00    1.27    0.00    0.00    0.00   51.02
02:26:47     all   47.21    0.00    1.27    0.00    0.00    1.02    0.00    0.00    0.00   50.51
02:26:48     all   47.09    0.00    1.52    0.00    0.00    1.27    0.00    0.00    0.00   50.13
02:26:49     all   48.99    0.00    1.52    0.00    0.00    0.76    0.00    0.00    0.00   48.74
02:26:50     all   48.74    0.00    0.75    0.00    0.00    1.26    0.00    0.00    0.00   49.25
02:26:51     all   47.46    0.00    1.78    0.00    0.00    1.02    0.00    0.00    0.00   49.75
02:26:52     all   46.35    0.00    1.76    0.00    0.00    1.01    0.00    0.00    0.00   50.88
02:26:53     all   46.45    0.00    1.52    0.00    0.00    1.02    0.00    0.00    0.00   51.02
02:26:54     all   46.72    0.00    1.52    0.00    0.00    1.52    0.00    0.00    0.00   50.25
02:26:55     all   46.33    0.00    1.01    0.00    0.00    1.01    0.00    0.00    0.00   51.65
02:26:56     all   47.10    0.00    1.76    0.00    0.00    0.76    0.00    0.00    0.00   50.38
02:26:57     all   46.46    0.00    1.26    0.00    0.00    1.26    0.00    0.00    0.00   51.01
02:26:58     all   47.21    0.00    1.27    0.25    0.00    1.27    0.00    0.00    0.00   50.00
02:26:59     all   47.36    0.00    1.51    0.00    0.00    1.01    0.00    0.00    0.00   50.13
02:27:00     all   46.46    0.00    1.52    0.00    0.00    0.51    0.00    0.00    0.00   51.52
02:27:01     all   47.07    0.00    1.78    0.00    0.00    1.27    0.00    0.00    0.00   49.87
02:27:02     all   44.67    0.00    1.78    0.00    0.00    1.27    0.00    0.00    0.00   52.28
02:27:03     all   47.99    0.00    1.51    0.00    0.00    1.26    0.00    0.00    0.00   49.25
02:27:04     all   46.70    0.00    1.02    0.00    0.00    1.02    0.00    0.00    0.00   51.27
02:27:05     all   46.23    0.00    1.76    0.00    0.00    1.26    0.00    0.00    0.00   50.75
02:27:06     all   46.56    0.00    1.27    0.00    0.00    1.02    0.00    0.00    0.00   51.15
02:27:07     all   45.82    0.00    1.77    0.00    0.00    1.01    0.00    0.00    0.00   51.39
02:27:08     all   45.09    0.00    2.02    0.00    0.00    0.76    0.00    0.00    0.00   52.14
02:27:09     all   43.91    0.00    1.02    0.25    0.00    1.27    0.00    0.00    0.00   53.55
02:27:10     all   45.45    0.00    1.52    0.00    0.00    1.01    0.00    0.00    0.00   52.02
02:27:11     all   45.82    0.00    1.27    0.00    0.00    1.01    0.00    0.00    0.00   51.90
02:27:12     all   46.08    0.00    1.27    0.00    0.00    1.52    0.00    0.00    0.00   51.14
02:27:13     all   45.57    0.00    1.77    0.00    0.00    1.52    0.00    0.00    0.00   51.14
02:27:14     all   47.84    0.00    1.27    0.00    0.00    0.76    0.00    0.00    0.00   50.13
02:27:15     all   46.33    0.00    1.52    0.00    0.00    1.01    0.00    0.00    0.00   51.14
02:27:16     all   44.47    0.00    2.01    0.25    0.00    1.01    0.00    0.00    0.00   52.26
02:27:17     all   46.04    0.00    1.02    0.00    0.00    0.77    0.00    0.00    0.00   52.17
02:27:18     all   47.59    0.00    1.27    0.00    0.00    1.27    0.00    0.00    0.00   49.87
02:27:19     all   46.10    0.00    1.51    0.50    0.00    0.76    0.00    0.00    0.00   51.13
02:27:20     all   47.47    0.00    1.77    0.00    0.00    1.01    0.00    0.00    0.00   49.75
02:27:21     all   47.09    0.00    1.52    0.00    0.00    1.01    0.00    0.00    0.00   50.38
02:27:22     all   46.48    0.00    1.51    0.00    0.00    1.01    0.00    0.00    0.00   51.01
02:27:23     all   45.69    0.00    1.52    0.00    0.00    1.52    0.00    0.00    0.00   51.27
02:27:24     all   48.74    0.00    1.26    0.00    0.00    1.01    0.00    0.00    0.00   48.99
02:27:25     all   47.10    0.00    2.27    0.00    0.00    1.26    0.00    0.00    0.00   49.37
02:27:26     all   48.22    0.00    1.02    0.00    0.00    0.76    0.00    0.00    0.00   50.00
02:27:27     all   47.97    0.00    1.52    0.00    0.00    1.52    0.00    0.00    0.00   48.98
02:27:28     all   46.87    0.00    1.50    0.00    0.00    2.01    0.00    0.00    0.00   49.62
02:27:29     all   47.58    0.00    1.27    0.00    0.00    0.51    0.00    0.00    0.00   50.64
02:27:30     all   46.95    0.00    1.27    0.25    0.00    1.27    0.00    0.00    0.00   50.25
02:27:31     all   47.72    0.00    1.27    0.00    0.00    0.76    0.00    0.00    0.00   50.25
02:27:32     all   46.85    0.00    1.76    0.00    0.00    1.26    0.00    0.00    0.00   50.13
02:27:33     all   47.46    0.00    1.52    0.00    0.00    1.52    0.00    0.00    0.00   49.49
02:27:34     all   47.12    0.00    1.50    0.00    0.00    2.01    0.00    0.00    0.00   49.37
02:27:35     all   48.47    0.00    1.53    0.00    0.00    0.51    0.00    0.00    0.00   49.49
02:27:36     all   48.49    0.00    2.01    0.00    0.00    2.26    0.00    0.00    0.00   47.24
02:27:37     all   48.98    0.00    1.28    0.00    0.00    1.28    0.00    0.00    0.00   48.47
02:27:38     all   49.62    0.00    1.75    0.00    0.00    0.75    0.00    0.00    0.00   47.87
02:27:39     all   49.11    0.00    1.77    0.00    0.00    0.76    0.00    0.00    0.00   48.35
02:27:40     all   47.58    0.00    1.27    0.00    0.00    1.53    0.00    0.00    0.00   49.62
02:27:41     all   47.72    0.00    1.52    0.00    0.00    1.27    0.00    0.00    0.00   49.49
02:27:42     all   47.46    0.00    1.78    0.00    0.00    1.27    0.00    0.00    0.00   49.49
02:27:43     all   47.73    0.00    1.26    0.00    0.00    1.26    0.00    0.00    0.00   49.75
02:27:44     all   48.98    0.00    1.02    0.00    0.00    1.27    0.00    0.00    0.00   48.73
02:27:45     all   48.86    0.00    1.77    0.00    0.00    1.01    0.00    0.00    0.00   48.35
02:27:46     all   48.62    0.00    1.25    0.25    0.00    1.50    0.00    0.00    0.00   48.37
02:27:47     all   47.69    0.00    1.79    0.00    0.00    0.51    0.00    0.00    0.00   50.00
02:27:48     all   48.10    0.00    1.27    0.00    0.00    1.27    0.00    0.00    0.00   49.37
02:27:49     all   48.60    0.00    1.27    0.00    0.00    1.02    0.00    0.00    0.00   49.11
02:27:50     all   48.23    0.00    1.77    0.00    0.00    0.76    0.00    0.00    0.00   49.24
02:27:51     all   48.11    0.00    1.51    0.25    0.00    1.26    0.00    0.00    0.00   48.87
02:27:52     all   47.85    0.00    1.77    0.00    0.00    1.52    0.00    0.00    0.00   48.86
02:27:53     all   47.73    0.00    1.52    0.00    0.00    1.26    0.00    0.00    0.00   49.49
02:27:54     all   47.21    0.00    1.27    0.00    0.00    1.02    0.00    0.00    0.00   50.51
02:27:55     all   46.58    0.00    1.27    0.00    0.00    1.27    0.00    0.00    0.00   50.89
02:27:56     all   46.45    0.00    1.27    0.00    0.00    1.02    0.00    0.00    0.00   51.27
02:27:57     all   45.96    0.00    1.77    0.00    0.00    1.01    0.00    0.00    0.00   51.26
02:27:58     all   48.23    0.00    1.52    0.00    0.00    1.01    0.00    0.00    0.00   49.24
02:27:59     all   45.80    0.00    1.53    0.00    0.00    1.02    0.00    0.00    0.00   51.65
02:28:00     all   47.86    0.00    2.02    0.00    0.00    1.26    0.00    0.00    0.00   48.87
02:28:01     all   47.97    0.00    0.76    0.00    0.00    1.02    0.00    0.00    0.00   50.25
02:28:02     all   46.31    0.00    1.53    0.00    0.00    1.02    0.00    0.00    0.00   51.15
02:28:03     all   46.85    0.00    1.76    0.00    0.00    1.51    0.00    0.00    0.00   49.87
02:28:04     all   47.46    0.00    1.27    0.25    0.00    1.02    0.00    0.00    0.00   50.00
02:28:05     all   48.34    0.00    1.28    0.00    0.00    1.02    0.00    0.00    0.00   49.36
02:28:06     all   45.73    0.00    1.26    0.00    0.00    1.76    0.00    0.00    0.00   51.26
02:28:07     all   47.21    0.00    1.27    0.00    0.00    0.76    0.00    0.00    0.00   50.76
02:28:08     all   45.96    0.00    2.02    0.00    0.00    0.76    0.00    0.00    0.00   51.26
02:28:09     all   47.37    0.00    1.25    0.25    0.00    1.50    0.00    0.00    0.00   49.62
02:28:10     all   46.56    0.00    1.53    0.00    0.00    1.02    0.00    0.00    0.00   50.89
02:28:11     all   47.09    0.00    1.77    0.00    0.00    1.27    0.00    0.00    0.00   49.87
02:28:12     all   47.19    0.00    1.28    0.00    0.00    1.02    0.00    0.00    0.00   50.51
02:28:13     all   47.98    0.00    1.77    0.00    0.00    0.76    0.00    0.00    0.00   49.49
02:28:14     all   47.72    0.00    1.78    0.00    0.00    1.02    0.00    0.00    0.00   49.49
02:28:15     all   47.62    0.00    1.75    0.25    0.00    0.75    0.00    0.00    0.00   49.62
02:28:16     all   47.81    0.00    1.03    0.00    0.00    1.03    0.00    0.00    0.00   50.13
02:28:17     all   46.72    0.00    1.77    0.00    0.00    1.52    0.00    0.00    0.00   50.00
02:28:18     all   47.22    0.00    1.52    0.00    0.00    1.26    0.00    0.00    0.00   50.00
02:28:19     all   47.49    0.00    2.01    0.00    0.00    1.26    0.00    0.00    0.00   49.25
02:28:20     all   47.34    0.00    1.01    0.00    0.00    1.27    0.00    0.00    0.00   50.38
02:28:21     all   45.73    0.00    1.51    0.00    0.00    1.26    0.00    0.00    0.00   51.51
02:28:22     all   47.58    0.00    1.27    0.00    0.00    1.02    0.00    0.00    0.00   50.13
02:28:23     all   46.58    0.00    1.52    0.00    0.00    1.27    0.00    0.00    0.00   50.63
02:28:24     all   46.75    0.00    2.00    0.25    0.00    1.75    0.00    0.00    0.00   49.25
02:28:25     all   48.73    0.00    1.27    0.00    0.00    0.51    0.00    0.00    0.00   49.49
02:28:26     all   47.86    0.00    2.02    0.00    0.00    0.76    0.00    0.00    0.00   49.37
02:28:27     all   46.56    0.00    1.53    0.00    0.00    1.53    0.00    0.00    0.00   50.38
02:28:28     all   47.46    0.00    1.52    0.00    0.00    1.02    0.00    0.00    0.00   50.00
02:28:29     all   45.96    0.00    1.26    0.00    0.00    1.26    0.00    0.00    0.00   51.52
02:28:30     all   45.80    0.00    2.04    0.00    0.00    0.76    0.00    0.00    0.00   51.40
02:28:31     all   46.48    0.00    1.26    0.25    0.00    1.51    0.00    0.00    0.00   50.50
02:28:32     all   48.35    0.00    1.27    0.00    0.00    1.27    0.00    0.00    0.00   49.11
02:28:33     all   46.60    0.00    2.02    0.00    0.00    1.26    0.00    0.00    0.00   50.13
02:28:34     all   46.33    0.00    1.27    0.00    0.00    1.52    0.00    0.00    0.00   50.89
02:28:35     all   47.07    0.00    1.02    0.00    0.00    1.02    0.00    0.00    0.00   50.89
02:28:36     all   46.08    0.00    2.78    0.00    0.00    1.27    0.00    0.00    0.00   49.87
02:28:37     all   46.08    0.00    1.77    0.00    0.00    1.01    0.00    0.00    0.00   51.14
02:28:38     all   46.58    0.00    1.77    0.00    0.00    1.77    0.00    0.00    0.00   49.87
02:28:39     all   47.10    0.00    1.76    0.00    0.00    1.01    0.00    0.00    0.00   50.13
02:28:40     all   46.97    0.00    1.77    0.00    0.00    1.26    0.00    0.00    0.00   50.00
02:28:41     all   47.31    0.00    1.02    0.00    0.00    0.51    0.00    0.00    0.00   51.15
02:28:42     all   46.45    0.00    1.27    0.00    0.00    1.27    0.00    0.00    0.00   51.02
02:28:43     all   46.04    0.00    1.02    0.00    0.00    0.77    0.00    0.00    0.00   52.17
02:28:44     all   47.72    0.00    1.52    0.00    0.00    1.27    0.00    0.00    0.00   49.49
02:28:45     all   47.61    0.00    1.76    0.00    0.00    1.51    0.00    0.00    0.00   49.12
02:28:46     all   48.22    0.00    1.27    0.00    0.00    1.02    0.00    0.00    0.00   49.49
02:28:47     all   47.10    0.00    1.26    0.00    0.00    1.26    0.00    0.00    0.00   50.38
02:28:48     all   48.36    0.00    1.51    0.00    0.00    1.01    0.00    0.00    0.00   49.12
02:28:49     all   46.06    0.00    1.78    0.25    0.00    0.76    0.00    0.00    0.00   51.15
02:28:50     all   49.49    0.00    1.27    0.00    0.00    1.02    0.00    0.00    0.00   48.22
02:28:51     all   46.48    0.00    1.76    0.00    0.00    1.51    0.00    0.00    0.00   50.25
02:28:52     all   48.86    0.00    1.27    0.00    0.00    1.27    0.00    0.00    0.00   48.61
02:28:53     all   48.23    0.00    1.26    0.00    0.00    1.01    0.00    0.00    0.00   49.49
02:28:54     all   47.49    0.00    1.26    0.25    0.00    1.51    0.00    0.00    0.00   49.50
02:28:55     all   47.61    0.00    1.51    0.00    0.00    1.26    0.00    0.00    0.00   49.62
02:28:56     all   47.59    0.00    1.52    0.00    0.00    1.01    0.00    0.00    0.00   49.87
02:28:57     all   48.74    0.00    1.01    0.00    0.00    1.26    0.00    0.00    0.00   48.99
02:28:58     all   48.36    0.00    1.76    0.00    0.00    1.26    0.00    0.00    0.00   48.61
02:28:59     all   47.56    0.00    1.29    0.00    0.00    0.51    0.00    0.00    0.00   50.64
02:29:00     all   47.86    0.00    1.76    0.00    0.00    1.76    0.00    0.00    0.00   48.61
02:29:01     all   47.59    0.00    1.27    0.00    0.00    1.01    0.00    0.00    0.00   50.13
02:29:02     all   47.09    0.00    1.77    0.00    0.00    1.27    0.00    0.00    0.00   49.87
02:29:03     all   47.61    0.00    1.51    0.00    0.00    1.26    0.00    0.00    0.00   49.62
02:29:04     all   47.72    0.00    1.27    0.00    0.00    1.27    0.00    0.00    0.00   49.75
02:29:05     all   47.10    0.00    1.51    0.25    0.00    1.51    0.00    0.00    0.00   49.62
02:29:06     all   47.61    0.00    1.51    0.00    0.00    1.26    0.00    0.00    0.00   49.62
02:29:07     all   46.33    0.00    1.52    0.00    0.00    0.51    0.00    0.00    0.00   51.65
02:29:08     all   48.21    0.00    1.28    0.00    0.00    0.77    0.00    0.00    0.00   49.74
02:29:09     all   46.23    0.00    1.51    0.00    0.00    1.51    0.00    0.00    0.00   50.75
02:29:10     all   47.95    0.00    0.77    0.00    0.00    1.28    0.00    0.00    0.00   50.00
02:29:11     all   45.45    0.00    2.02    0.00    0.00    1.52    0.00    0.00    0.00   51.01
02:29:12     all   48.48    0.00    1.26    0.00    0.00    1.01    0.00    0.00    0.00   49.24
02:29:13     all   47.07    0.00    1.02    0.00    0.00    1.02    0.00    0.00    0.00   50.89
02:29:14     all   46.73    0.00    1.76    0.00    0.00    1.01    0.00    0.00    0.00   50.50
02:29:15     all   47.58    0.00    1.78    0.00    0.00    0.76    0.00    0.00    0.00   49.87
02:29:16     all   45.84    0.00    1.51    0.00    0.00    1.26    0.00    0.00    0.00   51.39
02:29:17     all   46.84    0.00    1.27    0.00    0.00    1.01    0.00    0.00    0.00   50.89
02:29:18     all   46.46    0.00    1.77    0.00    0.00    1.52    0.00    0.00    0.00   50.25
02:29:19     all   45.69    0.00    1.78    0.00    0.00    1.02    0.00    0.00    0.00   51.52
02:29:20     all   45.09    0.00    1.76    0.00    0.00    1.51    0.00    0.00    0.00   51.64
02:29:21     all   45.96    0.00    1.52    0.00    0.00    1.26    0.00    0.00    0.00   51.26
02:29:22     all   45.55    0.00    1.53    0.00    0.00    1.02    0.00    0.00    0.00   51.91
02:29:23     all   47.24    0.00    1.26    0.00    0.00    1.26    0.00    0.00    0.00   50.25
02:29:24     all   47.98    0.00    2.02    0.00    0.00    1.26    0.00    0.00    0.00   48.74
02:29:25     all   47.22    0.00    1.52    0.00    0.00    1.52    0.00    0.00    0.00   49.75
02:29:26     all   47.73    0.00    1.52    0.25    0.00    1.26    0.00    0.00    0.00   49.24
02:29:27     all   45.45    0.00    1.77    0.00    0.00    1.26    0.00    0.00    0.00   51.52
02:29:28     all   46.70    0.00    1.78    0.00    0.00    1.02    0.00    0.00    0.00   50.51
02:29:29     all   45.09    0.00    1.01    0.00    0.00    1.26    0.00    0.00    0.00   52.64
02:29:30     all   46.58    0.00    1.52    0.00    0.00    1.27    0.00    0.00    0.00   50.63
02:29:31     all   46.46    0.00    1.77    0.00    0.00    1.52    0.00    0.00    0.00   50.25
02:29:32     all   46.70    0.00    1.27    0.00    0.00    1.02    0.00    0.00    0.00   51.02
02:29:33     all   46.35    0.00    1.51    0.00    0.00    1.26    0.00    0.00    0.00   50.88
02:29:34     all   46.70    0.00    1.27    0.00    0.00    1.27    0.00    0.00    0.00   50.76
02:29:35     all   46.21    0.00    1.77    0.00    0.00    1.01    0.00    0.00    0.00   51.01
02:29:36     all   48.72    0.00    2.30    0.00    0.00    1.28    0.00    0.00    0.00   47.70
02:29:37     all   46.35    0.00    1.51    0.00    0.00    1.51    0.00    0.00    0.00   50.63
02:29:38     all   47.72    0.00    1.52    0.00    0.00    0.76    0.00    0.00    0.00   50.00
02:29:39     all   46.08    0.00    2.03    0.00    0.00    1.01    0.00    0.00    0.00   50.89
02:29:40     all   45.71    0.00    1.26    0.00    0.00    1.26    0.00    0.00    0.00   51.77
02:29:41     all   46.43    0.00    1.79    0.00    0.00    0.77    0.00    0.00    0.00   51.02
02:29:42     all   47.09    0.00    1.27    0.00    0.00    1.27    0.00    0.00    0.00   50.38
02:29:43     all   45.98    0.00    1.51    0.50    0.00    1.26    0.00    0.00    0.00   50.75
02:29:44     all   46.06    0.00    1.53    0.00    0.00    0.76    0.00    0.00    0.00   51.65
02:29:45     all   46.06    0.00    1.27    0.00    0.00    1.27    0.00    0.00    0.00   51.40
02:29:46     all   47.47    0.00    1.52    0.00    0.00    1.26    0.00    0.00    0.00   49.75
02:29:47     all   47.12    0.00    2.26    0.00    0.00    1.50    0.00    0.00    0.00   49.12
02:29:48     all   47.85    0.00    1.77    0.00    0.00    0.76    0.00    0.00    0.00   49.62
02:29:49     all   45.94    0.00    1.27    0.00    0.00    1.02    0.00    0.00    0.00   51.78
02:29:50     all   44.56    0.00    1.77    0.00    0.00    1.27    0.00    0.00    0.00   52.41
02:29:51     all   46.60    0.00    1.76    0.00    0.00    1.51    0.00    0.00    0.00   50.13
02:29:52     all   47.22    0.00    2.02    0.00    0.00    0.76    0.00    0.00    0.00   50.00
02:29:53     all   45.32    0.00    1.52    0.00    0.00    1.52    0.00    0.00    0.00   51.65
02:29:54     all   48.10    0.00    1.52    0.25    0.00    0.76    0.00    0.00    0.00   49.37
02:29:55     all   47.37    0.00    1.75    0.00    0.00    1.25    0.00    0.00    0.00   49.62
02:29:56     all   49.87    0.00    1.01    0.00    0.00    1.01    0.00    0.00    0.00   48.11
02:29:57     all   49.87    0.00    1.27    0.00    0.00    1.02    0.00    0.00    0.00   47.84
02:29:58     all   48.98    0.00    1.52    0.00    0.00    1.02    0.00    0.00    0.00   48.48
02:29:59     all   49.24    0.00    1.52    0.00    0.00    1.26    0.00    0.00    0.00   47.98
02:30:00     all   48.61    0.00    1.76    0.25    0.00    1.26    0.00    0.00    0.00   48.11
02:30:01     all   49.49    0.00    1.77    0.00    0.00    1.26    0.00    0.00    0.00   47.47
Average:     all   57.77    0.00    1.88    0.03    0.00    1.98    0.00    0.00    0.00   38.35
