Linux 6.8.0-1064-azure (csb-bench-host-azure) 	08/17/26 	_x86_64_	(4 CPU)

22:02:26     CPU    %usr   %nice    %sys %iowait    %irq   %soft  %steal  %guest  %gnice   %idle
22:02:27     all   20.35    0.00    1.51    0.00    0.00    0.50    0.00    0.00    0.00   77.64
22:02:28     all   15.62    0.00    0.25    0.00    0.00    0.50    0.00    0.00    0.00   83.63
22:02:29     all   15.15    0.00    0.51    0.00    0.00    0.51    0.00    0.00    0.00   83.84
22:02:30     all   15.83    0.00    0.75    0.00    0.00    0.50    0.00    0.00    0.00   82.91
22:02:31     all   15.62    0.00    0.25    0.00    0.00    0.76    0.00    0.00    0.00   83.38
22:02:32     all   15.33    0.00    1.01    0.00    0.00    0.25    0.00    0.00    0.00   83.42
22:02:33     all   15.29    0.00    0.75    0.00    0.00    0.75    0.00    0.00    0.00   83.21
22:02:34     all   16.16    0.00    0.76    0.00    0.00    0.51    0.00    0.00    0.00   82.58
22:02:35     all   17.29    0.00    1.50    0.00    0.00    0.75    0.00    0.00    0.00   80.45
22:02:36     all   15.19    0.00    0.76    0.51    0.00    0.00    0.00    0.00    0.00   83.54
22:02:37     all   15.42    0.00    1.00    0.00    0.00    1.00    0.00    0.00    0.00   82.59
22:02:38     all   16.03    0.00    0.25    0.00    0.00    0.00    0.00    0.00    0.00   83.72
22:02:39     all   15.54    0.00    0.75    0.00    0.00    0.50    0.00    0.00    0.00   83.21
22:02:40     all   15.37    0.00    0.50    0.00    0.00    0.50    0.00    0.00    0.00   83.63
22:02:41     all   15.46    0.00    1.00    0.00    0.00    0.75    0.00    0.00    0.00   82.79
22:02:42     all   16.29    0.00    0.50    0.00    0.00    0.50    0.00    0.00    0.00   82.71
22:02:43     all   15.40    0.00    0.76    0.00    0.00    0.51    0.00    0.00    0.00   83.33
22:02:44     all   15.79    0.00    0.75    0.00    0.00    0.50    0.00    0.00    0.00   82.96
22:02:45     all   15.79    0.00    0.75    0.00    0.00    0.50    0.00    0.00    0.00   82.96
22:02:46     all   16.88    0.00    0.50    0.00    0.00    0.25    0.00    0.00    0.00   82.37
22:02:47     all   16.79    0.00    0.50    0.00    0.00    0.50    0.00    0.00    0.00   82.21
22:02:48     all   15.70    0.00    0.76    0.25    0.00    0.25    0.00    0.00    0.00   83.04
22:02:49     all   16.08    0.00    0.50    0.00    0.00    0.50    0.00    0.00    0.00   82.91
22:02:50     all   15.37    0.00    0.76    0.00    0.00    0.50    0.00    0.00    0.00   83.38
22:02:51     all   15.96    0.00    0.75    0.00    0.00    0.50    0.00    0.00    0.00   82.79
22:02:52     all   15.91    0.00    0.51    0.00    0.00    0.25    0.00    0.00    0.00   83.33
22:02:53     all   15.54    0.00    0.75    0.00    0.00    0.25    0.00    0.00    0.00   83.46
22:02:54     all   15.87    0.00    0.76    0.00    0.00    0.76    0.00    0.00    0.00   82.62
22:02:55     all   16.25    0.00    0.50    0.00    0.00    0.25    0.00    0.00    0.00   83.00
22:02:56     all   15.70    0.00    0.51    0.00    0.00    0.51    0.00    0.00    0.00   83.29
22:02:57     all   15.33    0.00    0.75    0.00    0.00    0.50    0.00    0.00    0.00   83.42
22:02:58     all   15.79    0.00    0.75    0.00    0.00    0.50    0.00    0.00    0.00   82.96
22:02:59     all   15.87    0.00    0.50    0.00    0.00    0.25    0.00    0.00    0.00   83.38
22:03:00     all   15.62    0.00    0.50    0.25    0.00    0.50    0.00    0.00    0.00   83.12
22:03:01     all   15.54    0.00    1.00    0.00    0.00    0.50    0.00    0.00    0.00   82.96
22:03:02     all   15.66    0.00    0.51    0.00    0.00    0.25    0.00    0.00    0.00   83.59
22:03:03     all   16.25    0.00    0.50    0.00    0.00    0.50    0.00    0.00    0.00   82.75
22:03:04     all   16.29    0.00    0.50    0.00    0.00    0.50    0.00    0.00    0.00   82.71
22:03:05     all   15.91    0.00    0.76    0.25    0.00    0.25    0.00    0.00    0.00   82.83
22:03:06     all   15.87    0.00    0.50    0.00    0.00    0.50    0.00    0.00    0.00   83.12
22:03:07     all   15.58    0.00    0.50    0.00    0.00    0.50    0.00    0.00    0.00   83.42
22:03:08     all   15.87    0.00    0.76    0.00    0.00    0.25    0.00    0.00    0.00   83.12
22:03:09     all   16.04    0.00    0.50    0.00    0.00    0.75    0.00    0.00    0.00   82.71
22:03:10     all   16.46    0.00    0.25    0.25    0.00    0.25    0.00    0.00    0.00   82.78
22:03:11     all   16.08    0.00    0.75    0.00    0.00    0.25    0.00    0.00    0.00   82.91
22:03:12     all   15.83    0.00    0.75    0.00    0.00    0.25    0.00    0.00    0.00   83.17
22:03:13     all   15.08    0.00    0.75    0.00    0.00    0.75    0.00    0.00    0.00   83.42
22:03:14     all   15.44    0.00    0.51    0.00    0.00    0.25    0.00    0.00    0.00   83.80
22:03:15     all   14.90    0.00    0.51    0.00    0.00    0.25    0.00    0.00    0.00   84.34
22:03:16     all   16.25    0.00    1.00    0.50    0.00    0.25    0.00    0.00    0.00   82.00
22:03:17     all   15.37    0.00    0.50    0.00    0.00    0.50    0.00    0.00    0.00   83.63
22:03:18     all   16.54    0.00    0.75    0.00    0.00    0.75    0.00    0.00    0.00   81.95
22:03:19     all   14.94    0.00    0.51    0.00    0.00    0.51    0.00    0.00    0.00   84.05
22:03:20     all   16.08    0.00    0.25    0.00    0.00    0.50    0.00    0.00    0.00   83.17
22:03:21     all   16.25    0.00    0.75    0.00    0.00    0.75    0.00    0.00    0.00   82.25
22:03:22     all   14.97    0.00    0.76    0.00    0.00    0.25    0.00    0.00    0.00   84.01
22:03:23     all   15.40    0.00    0.25    0.00    0.00    0.51    0.00    0.00    0.00   83.84
22:03:24     all   14.86    0.00    0.76    0.00    0.00    0.50    0.00    0.00    0.00   83.88
22:03:25     all   15.54    0.00    1.25    0.00    0.00    0.50    0.00    0.00    0.00   82.71
22:03:26     all   15.33    0.00    0.50    0.00    0.00    0.75    0.00    0.00    0.00   83.42
22:03:27     all   16.08    0.00    1.01    0.00    0.00    0.25    0.00    0.00    0.00   82.66
22:03:28     all   15.11    0.00    1.01    0.25    0.00    0.25    0.00    0.00    0.00   83.38
22:03:29     all   16.08    0.00    0.75    0.00    0.00    0.25    0.00    0.00    0.00   82.91
22:03:30     all   15.58    0.00    0.50    0.00    0.00    0.50    0.00    0.00    0.00   83.42
22:03:31     all   14.90    0.00    0.76    0.00    0.00    0.51    0.00    0.00    0.00   83.84
22:03:32     all   15.52    0.00    0.00    0.00    0.00    0.76    0.00    0.00    0.00   83.72
22:03:33     all   16.33    0.00    0.75    0.00    0.00    0.00    0.00    0.00    0.00   82.91
22:03:34     all   17.09    0.00    0.75    0.25    0.00    0.75    0.00    0.00    0.00   81.16
22:03:35     all   16.67    0.00    2.24    0.00    0.00    1.24    0.00    0.00    0.00   79.85
22:03:36     all   16.33    0.00    0.50    0.00    0.00    0.25    0.00    0.00    0.00   82.91
22:03:37     all   16.29    0.00    0.75    0.00    0.00    0.50    0.00    0.00    0.00   82.46
22:03:38     all   15.91    0.00    0.51    0.00    0.00    0.51    0.00    0.00    0.00   83.08
22:03:39     all   15.91    0.00    0.76    0.00    0.00    0.25    0.00    0.00    0.00   83.08
22:03:40     all   16.29    0.00    0.75    0.00    0.00    0.50    0.00    0.00    0.00   82.46
22:03:41     all   16.50    0.00    0.75    0.00    0.00    0.25    0.00    0.00    0.00   82.50
22:03:42     all   15.70    0.00    1.01    0.00    0.00    0.25    0.00    0.00    0.00   83.04
22:03:43     all   15.75    0.00    0.25    0.00    0.00    0.50    0.00    0.00    0.00   83.50
22:03:44     all   16.04    0.00    0.75    0.25    0.00    0.50    0.00    0.00    0.00   82.46
22:03:45     all   16.67    0.00    0.51    0.00    0.00    0.51    0.00    0.00    0.00   82.32
22:03:46     all   16.33    0.00    0.50    0.00    0.00    0.50    0.00    0.00    0.00   82.66
22:03:47     all   16.62    0.00    0.50    0.00    0.00    0.50    0.00    0.00    0.00   82.37
22:03:48     all   16.33    0.00    0.75    0.00    0.00    0.75    0.00    0.00    0.00   82.16
22:03:49     all   15.99    0.00    0.76    0.00    0.00    0.51    0.00    0.00    0.00   82.74
22:03:50     all   15.87    0.00    0.50    0.00    0.00    0.25    0.00    0.00    0.00   83.38
22:03:51     all   16.17    0.00    1.24    0.00    0.00    0.50    0.00    0.00    0.00   82.09
22:03:52     all   16.16    0.00    0.51    0.00    0.00    0.51    0.00    0.00    0.00   82.83
22:03:53     all   15.83    0.00    1.01    0.00    0.00    0.25    0.00    0.00    0.00   82.91
22:03:54     all   16.08    0.00    0.50    0.25    0.00    0.50    0.00    0.00    0.00   82.66
22:03:55     all   15.70    0.00    0.51    0.00    0.00    0.25    0.00    0.00    0.00   83.54
22:03:56     all   15.40    0.00    0.51    0.00    0.00    0.51    0.00    0.00    0.00   83.59
22:03:57     all   15.33    0.00    1.01    0.00    0.00    0.25    0.00    0.00    0.00   83.42
22:03:58     all   15.11    0.00    0.50    0.00    0.00    0.76    0.00    0.00    0.00   83.63
22:03:59     all   15.50    0.00    0.75    0.00    0.00    0.75    0.00    0.00    0.00   83.00
22:04:00     all   16.12    0.00    0.76    0.00    0.00    0.25    0.00    0.00    0.00   82.87
22:04:01     all   16.62    0.00    0.50    0.00    0.00    0.50    0.00    0.00    0.00   82.37
22:04:02     all   15.54    0.00    0.75    0.00    0.00    0.50    0.00    0.00    0.00   83.21
22:04:03     all   15.44    0.00    0.00    0.00    0.00    0.25    0.00    0.00    0.00   84.30
22:04:04     all   14.46    0.00    1.00    0.00    0.00    0.50    0.00    0.00    0.00   84.04
22:04:05     all   15.95    0.00    0.25    0.00    0.00    0.25    0.00    0.00    0.00   83.54
22:04:06     all   16.04    0.00    0.75    0.25    0.00    0.75    0.00    0.00    0.00   82.21
22:04:07     all   15.58    0.00    0.50    0.00    0.00    0.50    0.00    0.00    0.00   83.42
22:04:08     all   15.33    0.00    0.50    0.00    0.00    0.75    0.00    0.00    0.00   83.42
22:04:09     all   16.08    0.00    0.50    0.00    0.00    0.25    0.00    0.00    0.00   83.17
22:04:10     all   16.08    0.00    0.75    0.00    0.00    0.25    0.00    0.00    0.00   82.91
22:04:11     all   15.58    0.00    0.75    0.25    0.00    0.75    0.00    0.00    0.00   82.66
22:04:12     all   16.12    0.00    0.76    0.00    0.00    0.25    0.00    0.00    0.00   82.87
22:04:13     all   16.37    0.00    0.50    0.00    0.00    0.25    0.00    0.00    0.00   82.87
22:04:14     all   15.54    0.00    1.00    0.00    0.00    0.50    0.00    0.00    0.00   82.96
22:04:15     all   15.46    0.00    0.75    0.00    0.00    0.50    0.00    0.00    0.00   83.29
22:04:16     all   15.33    0.00    0.75    0.50    0.00    0.50    0.00    0.00    0.00   82.91
22:04:17     all   16.08    0.00    1.01    0.00    0.00    0.25    0.00    0.00    0.00   82.66
22:04:18     all   15.48    0.00    0.51    0.00    0.00    0.25    0.00    0.00    0.00   83.76
22:04:19     all   16.08    0.00    0.50    0.00    0.00    0.50    0.00    0.00    0.00   82.91
22:04:20     all   16.04    0.00    0.75    0.00    0.00    0.25    0.00    0.00    0.00   82.96
22:04:21     all   15.83    0.00    0.75    0.00    0.00    0.25    0.00    0.00    0.00   83.17
22:04:22     all   15.91    0.00    0.76    0.00    0.00    0.51    0.00    0.00    0.00   82.83
22:04:23     all   15.79    0.00    0.50    0.00    0.00    0.50    0.00    0.00    0.00   83.21
22:04:24     all   15.83    0.00    0.75    0.00    0.00    0.50    0.00    0.00    0.00   82.91
22:04:25     all   15.23    0.00    0.51    0.00    0.00    0.00    0.00    0.00    0.00   84.26
22:04:26     all   16.33    0.00    0.50    0.00    0.00    0.50    0.00    0.00    0.00   82.66
22:04:27     all   15.79    0.00    1.00    0.75    0.00    0.25    0.00    0.00    0.00   82.21
22:04:28     all   15.37    0.00    0.76    0.00    0.00    0.50    0.00    0.00    0.00   83.38
22:04:29     all   15.50    0.00    0.50    0.00    0.00    0.50    0.00    0.00    0.00   83.50
22:04:30     all   15.87    0.00    0.25    0.00    0.00    0.25    0.00    0.00    0.00   83.63
22:04:31     all   15.11    0.00    0.76    0.00    0.00    0.50    0.00    0.00    0.00   83.63
22:04:32     all   15.40    0.00    0.76    0.00    0.00    0.25    0.00    0.00    0.00   83.59
22:04:33     all   16.08    0.00    0.75    0.00    0.00    0.25    0.00    0.00    0.00   82.91
22:04:34     all   15.87    0.00    0.25    0.00    0.00    0.50    0.00    0.00    0.00   83.38
22:04:35     all   17.04    0.00    2.01    0.00    0.00    0.75    0.00    0.00    0.00   80.20
22:04:36     all   16.04    0.00    0.75    0.00    0.00    0.25    0.00    0.00    0.00   82.96
22:04:37     all   15.66    0.00    0.51    0.25    0.00    0.51    0.00    0.00    0.00   83.08
22:04:38     all   15.70    0.00    0.51    0.00    0.00    0.51    0.00    0.00    0.00   83.29
22:04:39     all   15.33    0.00    0.75    0.00    0.00    0.50    0.00    0.00    0.00   83.42
22:04:40     all   16.00    0.00    0.75    0.00    0.00    0.50    0.00    0.00    0.00   82.75
22:04:41     all   15.74    0.00    0.25    0.00    0.00    0.25    0.00    0.00    0.00   83.76
22:04:42     all   15.58    0.00    0.75    0.25    0.00    0.25    0.00    0.00    0.00   83.17
22:04:43     all   15.83    0.00    0.50    0.00    0.00    0.50    0.00    0.00    0.00   83.17
22:04:44     all   16.08    0.00    0.75    0.00    0.00    0.00    0.00    0.00    0.00   83.17
22:04:45     all   16.12    0.00    0.76    0.00    0.00    0.50    0.00    0.00    0.00   82.62
22:04:46     all   15.91    0.00    0.51    0.00    0.00    0.25    0.00    0.00    0.00   83.33
22:04:47     all   16.58    0.00    1.01    0.00    0.00    0.50    0.00    0.00    0.00   81.91
22:04:48     all   15.87    0.00    0.50    0.00    0.00    0.50    0.00    0.00    0.00   83.12
22:04:49     all   15.37    0.00    0.50    0.00    0.00    0.50    0.00    0.00    0.00   83.63
22:04:50     all   14.82    0.00    0.50    0.00    0.00    0.50    0.00    0.00    0.00   84.17
22:04:51     all   15.79    0.00    0.75    0.00    0.00    0.50    0.00    0.00    0.00   82.96
22:04:52     all   16.12    0.00    0.50    0.50    0.00    0.25    0.00    0.00    0.00   82.62
22:04:53     all   15.96    0.00    1.00    0.00    0.00    0.50    0.00    0.00    0.00   82.54
22:04:54     all   15.91    0.00    1.01    0.00    0.00    0.25    0.00    0.00    0.00   82.83
22:04:55     all   16.29    0.00    0.75    0.00    0.00    0.50    0.00    0.00    0.00   82.46
22:04:56     all   16.37    0.00    0.50    0.00    0.00    0.25    0.00    0.00    0.00   82.87
22:04:57     all   16.24    0.00    0.51    0.00    0.00    0.25    0.00    0.00    0.00   82.99
22:04:58     all   15.58    0.00    0.75    0.00    0.00    0.25    0.00    0.00    0.00   83.42
22:04:59     all   15.04    0.00    0.50    0.00    0.00    0.50    0.00    0.00    0.00   83.96
22:05:00     all   15.83    0.00    0.50    0.00    0.00    0.25    0.00    0.00    0.00   83.42
22:05:01     all   16.08    0.00    1.01    0.75    0.00    0.50    0.00    0.00    0.00   81.66
22:05:02     all   15.70    0.00    0.51    0.25    0.00    0.51    0.00    0.00    0.00   83.04
22:05:03     all   17.00    0.00    0.75    0.00    0.00    0.25    0.00    0.00    0.00   82.00
22:05:04     all   16.12    0.00    0.25    0.00    0.00    0.76    0.00    0.00    0.00   82.87
22:05:05     all   15.79    0.00    0.75    0.25    0.00    0.25    0.00    0.00    0.00   82.96
22:05:06     all   15.66    0.00    0.51    0.00    0.00    0.76    0.00    0.00    0.00   83.08
22:05:07     all   15.40    0.00    0.76    0.00    0.00    0.51    0.00    0.00    0.00   83.33
22:05:08     all   15.23    0.00    0.51    0.00    0.00    0.25    0.00    0.00    0.00   84.01
22:05:09     all   16.16    0.00    0.51    0.00    0.00    0.25    0.00    0.00    0.00   83.08
22:05:10     all   15.96    0.00    0.50    0.00    0.00    1.00    0.00    0.00    0.00   82.54
22:05:11     all   15.79    0.00    0.50    0.00    0.00    0.75    0.00    0.00    0.00   82.96
22:05:12     all   15.87    0.00    1.01    0.00    0.00    0.50    0.00    0.00    0.00   82.62
22:05:13     all   15.79    0.00    0.50    0.25    0.00    0.75    0.00    0.00    0.00   82.71
22:05:14     all   15.33    0.00    0.50    0.00    0.00    0.50    0.00    0.00    0.00   83.67
22:05:15     all   15.58    0.00    0.75    0.00    0.00    0.50    0.00    0.00    0.00   83.17
22:05:16     all   15.25    0.00    0.75    0.00    0.00    1.00    0.00    0.00    0.00   83.00
22:05:17     all   15.54    0.00    0.75    0.00    0.00    0.50    0.00    0.00    0.00   83.21
22:05:18     all   16.33    0.00    0.50    0.25    0.00    0.50    0.00    0.00    0.00   82.41
22:05:19     all   16.41    0.00    0.51    0.00    0.00    0.51    0.00    0.00    0.00   82.58
22:05:20     all   16.92    0.00    0.51    0.00    0.00    0.25    0.00    0.00    0.00   82.32
22:05:21     all   15.91    0.00    0.76    0.00    0.00    0.51    0.00    0.00    0.00   82.83
22:05:22     all   16.71    0.00    0.75    0.00    0.00    0.50    0.00    0.00    0.00   82.04
22:05:23     all   15.92    0.00    1.00    0.00    0.00    0.75    0.00    0.00    0.00   82.34
22:05:24     all   15.87    0.00    0.50    0.00    0.00    0.76    0.00    0.00    0.00   82.87
22:05:25     all   17.09    0.00    0.75    0.00    0.00    0.75    0.00    0.00    0.00   81.41
22:05:26     all   15.40    0.00    0.25    0.00    0.00    0.51    0.00    0.00    0.00   83.84
22:05:27     all   15.96    0.00    0.75    0.00    0.00    1.00    0.00    0.00    0.00   82.29
22:05:28     all   15.87    0.00    0.76    0.00    0.00    0.50    0.00    0.00    0.00   82.87
22:05:29     all   15.75    0.00    1.00    0.00    0.00    0.50    0.00    0.00    0.00   82.75
22:05:30     all   15.54    0.00    0.50    0.50    0.00    0.50    0.00    0.00    0.00   82.96
22:05:31     all   15.58    0.00    0.50    0.00    0.00    0.75    0.00    0.00    0.00   83.17
22:05:32     all   15.62    0.00    0.50    0.00    0.00    0.25    0.00    0.00    0.00   83.63
22:05:33     all   15.37    0.00    0.76    0.00    0.00    0.25    0.00    0.00    0.00   83.63
22:05:34     all   15.54    0.00    0.75    0.00    0.00    0.50    0.00    0.00    0.00   83.21
22:05:35     all   16.79    0.00    1.50    0.00    0.00    1.00    0.00    0.00    0.00   80.70
22:05:36     all   14.47    0.00    0.51    0.00    0.00    0.25    0.00    0.00    0.00   84.77
22:05:37     all   16.58    0.00    0.25    0.00    0.00    0.50    0.00    0.00    0.00   82.66
22:05:38     all   15.62    0.00    0.50    0.00    0.00    0.50    0.00    0.00    0.00   83.38
22:05:39     all   15.91    0.00    0.25    0.00    0.00    0.25    0.00    0.00    0.00   83.59
22:05:40     all   15.54    0.00    0.75    0.00    0.00    0.50    0.00    0.00    0.00   83.21
22:05:41     all   15.87    0.00    0.76    0.00    0.00    0.50    0.00    0.00    0.00   82.87
22:05:42     all   16.00    0.00    0.75    0.25    0.00    0.00    0.00    0.00    0.00   83.00
22:05:43     all   15.58    0.00    0.50    0.00    0.00    0.75    0.00    0.00    0.00   83.17
22:05:44     all   16.04    0.00    0.75    0.00    0.00    0.50    0.00    0.00    0.00   82.71
22:05:45     all   15.40    0.00    0.51    0.00    0.00    0.25    0.00    0.00    0.00   83.84
22:05:46     all   15.37    0.00    0.76    0.00    0.00    0.25    0.00    0.00    0.00   83.63
22:05:47     all   16.54    0.00    0.75    0.25    0.00    0.50    0.00    0.00    0.00   81.95
22:05:48     all   15.40    0.00    0.51    0.00    0.00    0.51    0.00    0.00    0.00   83.59
22:05:49     all   16.04    0.00    1.00    0.00    0.00    0.50    0.00    0.00    0.00   82.46
22:05:50     all   16.00    0.00    0.75    0.00    0.00    0.50    0.00    0.00    0.00   82.75
22:05:51     all   15.96    0.00    0.75    0.00    0.00    1.00    0.00    0.00    0.00   82.29
22:05:52     all   15.70    0.00    0.51    0.00    0.00    0.00    0.00    0.00    0.00   83.80
22:05:53     all   15.15    0.00    1.01    0.25    0.00    0.51    0.00    0.00    0.00   83.08
22:05:54     all   15.54    0.00    0.50    0.00    0.00    0.75    0.00    0.00    0.00   83.21
22:05:55     all   15.83    0.00    0.50    0.00    0.00    0.75    0.00    0.00    0.00   82.91
22:05:56     all   15.83    0.00    0.25    0.25    0.00    0.50    0.00    0.00    0.00   83.17
22:05:57     all   15.66    0.00    0.51    0.00    0.00    0.51    0.00    0.00    0.00   83.33
22:05:58     all   15.62    0.00    0.00    0.00    0.00    0.76    0.00    0.00    0.00   83.63
22:05:59     all   16.38    0.00    0.99    0.00    0.00    0.99    0.00    0.00    0.00   81.64
22:06:00     all   15.48    0.00    0.25    0.00    0.00    0.25    0.00    0.00    0.00   84.01
22:06:01     all   15.46    0.00    0.75    0.00    0.00    0.75    0.00    0.00    0.00   83.04
22:06:02     all   15.58    0.00    0.50    0.25    0.00    0.75    0.00    0.00    0.00   82.91
22:06:03     all   16.12    0.00    0.25    0.00    0.00    0.50    0.00    0.00    0.00   83.12
22:06:04     all   15.54    0.00    1.00    0.00    0.00    0.25    0.00    0.00    0.00   83.21
22:06:05     all   15.04    0.00    0.75    0.00    0.00    0.75    0.00    0.00    0.00   83.46
22:06:06     all   15.33    0.00    0.50    0.00    0.00    0.25    0.00    0.00    0.00   83.92
22:06:07     all   16.04    0.00    0.50    0.00    0.00    0.50    0.00    0.00    0.00   82.96
22:06:08     all   15.62    0.00    0.76    0.00    0.00    0.25    0.00    0.00    0.00   83.38
22:06:09     all   15.08    0.00    0.50    0.00    0.00    0.75    0.00    0.00    0.00   83.67
22:06:10     all   15.48    0.00    0.00    0.00    0.00    0.00    0.00    0.00    0.00   84.52
22:06:11     all   15.58    0.00    0.75    0.00    0.00    0.75    0.00    0.00    0.00   82.91
22:06:12     all   15.29    0.00    0.75    0.00    0.00    0.50    0.00    0.00    0.00   83.46
22:06:13     all   15.54    0.00    0.75    0.00    0.00    1.00    0.00    0.00    0.00   82.71
22:06:14     all   15.40    0.00    0.51    0.25    0.00    0.25    0.00    0.00    0.00   83.59
22:06:15     all   15.50    0.00    0.50    0.00    0.00    1.00    0.00    0.00    0.00   83.00
22:06:16     all   15.11    0.00    0.50    0.00    0.00    0.50    0.00    0.00    0.00   83.88
22:06:17     all   15.92    0.00    1.00    0.00    0.00    0.75    0.00    0.00    0.00   82.34
22:06:18     all   15.37    0.00    0.25    0.00    0.00    0.76    0.00    0.00    0.00   83.63
22:06:19     all   15.40    0.00    1.01    0.25    0.00    0.51    0.00    0.00    0.00   82.83
22:06:20     all   15.40    0.00    0.51    0.00    0.00    0.51    0.00    0.00    0.00   83.59
22:06:21     all   15.79    0.00    0.75    0.00    0.00    0.50    0.00    0.00    0.00   82.96
22:06:22     all   15.75    0.00    0.50    0.00    0.00    1.00    0.00    0.00    0.00   82.75
22:06:23     all   15.15    0.00    0.51    0.00    0.00    0.51    0.00    0.00    0.00   83.84
22:06:24     all   15.88    0.00    1.24    0.25    0.00    0.50    0.00    0.00    0.00   82.13
22:06:25     all   15.87    0.00    0.25    0.00    0.00    0.50    0.00    0.00    0.00   83.38
22:06:26     all   15.50    0.00    1.00    0.00    0.00    1.00    0.00    0.00    0.00   82.50
22:06:27     all   15.37    0.00    0.50    0.00    0.00    0.25    0.00    0.00    0.00   83.88
22:06:28     all   15.58    0.00    0.50    0.00    0.00    0.75    0.00    0.00    0.00   83.17
22:06:29     all   15.40    0.00    0.76    0.00    0.00    0.25    0.00    0.00    0.00   83.59
22:06:30     all   15.58    0.00    0.75    0.25    0.00    0.75    0.00    0.00    0.00   82.66
22:06:31     all   15.48    0.00    0.25    0.00    0.00    0.25    0.00    0.00    0.00   84.01
22:06:32     all   15.71    0.00    0.75    0.00    0.00    0.75    0.00    0.00    0.00   82.79
22:06:33     all   15.62    0.00    0.50    0.00    0.00    0.50    0.00    0.00    0.00   83.38
22:06:34     all   15.54    0.00    0.50    0.00    0.00    0.50    0.00    0.00    0.00   83.46
22:06:35     all   16.75    0.00    1.75    0.25    0.00    0.25    0.00    0.00    0.00   81.00
22:06:36     all   15.66    0.00    0.51    0.00    0.00    0.51    0.00    0.00    0.00   83.33
22:06:37     all   14.97    0.00    1.02    0.00    0.00    0.25    0.00    0.00    0.00   83.76
22:06:38     all   15.33    0.00    0.50    0.00    0.00    0.50    0.00    0.00    0.00   83.67
22:06:39     all   15.83    0.00    0.75    0.00    0.00    0.00    0.00    0.00    0.00   83.42
22:06:40     all   15.15    0.00    0.76    0.00    0.00    0.51    0.00    0.00    0.00   83.59
22:06:41     all   15.87    0.00    0.25    0.00    0.00    0.25    0.00    0.00    0.00   83.63
22:06:42     all   16.83    0.00    0.75    0.00    0.00    0.75    0.00    0.00    0.00   81.66
22:06:43     all   16.50    0.00    0.75    0.00    0.00    0.75    0.00    0.00    0.00   82.00
22:06:44     all   15.15    0.00    1.01    0.00    0.00    0.25    0.00    0.00    0.00   83.59
22:06:45     all   16.04    0.00    0.50    0.00    0.00    0.75    0.00    0.00    0.00   82.71
22:06:46     all   15.95    0.00    0.76    0.25    0.00    0.00    0.00    0.00    0.00   83.04
22:06:47     all   14.82    0.00    0.75    0.00    0.00    0.50    0.00    0.00    0.00   83.92
22:06:48     all   15.79    0.00    0.50    0.00    0.00    0.25    0.00    0.00    0.00   83.46
22:06:49     all   15.11    0.00    0.50    0.00    0.00    0.76    0.00    0.00    0.00   83.63
22:06:50     all   15.54    0.00    0.75    0.00    0.00    0.50    0.00    0.00    0.00   83.21
22:06:51     all   15.00    0.00    0.75    0.00    0.00    0.25    0.00    0.00    0.00   84.00
22:06:52     all   14.94    0.00    0.76    0.25    0.00    0.25    0.00    0.00    0.00   83.80
22:06:53     all   15.62    0.00    0.50    0.00    0.00    0.25    0.00    0.00    0.00   83.63
22:06:54     all   15.50    0.00    1.00    0.00    0.00    0.50    0.00    0.00    0.00   83.00
22:06:55     all   15.11    0.00    1.01    0.00    0.00    0.50    0.00    0.00    0.00   83.38
22:06:56     all   15.37    0.00    0.76    0.00    0.00    0.25    0.00    0.00    0.00   83.63
22:06:57     all   15.70    0.00    0.25    0.00    0.00    0.51    0.00    0.00    0.00   83.54
22:06:58     all   15.11    0.00    1.01    0.00    0.00    0.25    0.00    0.00    0.00   83.63
22:06:59     all   15.96    0.00    0.50    0.00    0.00    1.25    0.00    0.00    0.00   82.29
22:07:00     all   14.90    0.00    0.51    0.00    0.00    0.76    0.00    0.00    0.00   83.84
22:07:01     all   15.50    0.00    0.50    0.00    0.00    0.75    0.00    0.00    0.00   83.25
22:07:02     all   15.11    0.00    0.50    0.25    0.00    0.50    0.00    0.00    0.00   83.63
22:07:03     all   15.04    0.00    0.75    0.00    0.00    0.75    0.00    0.00    0.00   83.46
22:07:04     all   15.23    0.00    0.51    0.00    0.00    0.51    0.00    0.00    0.00   83.76
22:07:05     all   15.54    0.00    0.75    0.00    0.00    0.25    0.00    0.00    0.00   83.46
22:07:06     all   15.04    0.00    0.50    0.25    0.00    0.50    0.00    0.00    0.00   83.71
22:07:07     all   15.33    0.00    0.75    0.00    0.00    0.75    0.00    0.00    0.00   83.17
22:07:08     all   15.37    0.00    1.01    0.00    0.00    0.25    0.00    0.00    0.00   83.38
22:07:09     all   14.96    0.00    0.50    0.00    0.00    1.00    0.00    0.00    0.00   83.54
22:07:10     all   15.11    0.00    0.50    0.00    0.00    0.50    0.00    0.00    0.00   83.88
22:07:11     all   15.75    0.00    0.75    0.00    0.00    1.00    0.00    0.00    0.00   82.50
22:07:12     all   15.00    0.00    0.50    0.50    0.00    0.25    0.00    0.00    0.00   83.75
22:07:13     all   14.39    0.00    1.26    0.00    0.00    0.25    0.00    0.00    0.00   84.09
22:07:14     all   15.04    0.00    0.25    0.00    0.00    1.00    0.00    0.00    0.00   83.71
22:07:15     all   15.79    0.00    0.75    0.00    0.00    0.25    0.00    0.00    0.00   83.21
22:07:16     all   15.15    0.00    0.25    0.00    0.00    0.51    0.00    0.00    0.00   84.09
22:07:17     all   15.23    0.00    0.51    0.00    0.00    0.25    0.00    0.00    0.00   84.01
22:07:18     all   15.40    0.00    0.76    0.00    0.00    0.51    0.00    0.00    0.00   83.33
22:07:19     all   15.21    0.00    1.25    0.00    0.00    0.50    0.00    0.00    0.00   83.04
22:07:20     all   15.08    0.00    0.50    0.00    0.00    0.50    0.00    0.00    0.00   83.92
22:07:21     all   15.23    0.00    0.51    0.00    0.00    0.00    0.00    0.00    0.00   84.26
22:07:22     all   15.40    0.00    0.51    0.00    0.00    0.51    0.00    0.00    0.00   83.59
22:07:23     all   15.75    0.00    0.75    0.00    0.00    0.50    0.00    0.00    0.00   83.00
22:07:24     all   15.37    0.00    0.76    0.00    0.00    0.25    0.00    0.00    0.00   83.63
22:07:25     all   15.33    0.00    0.50    0.00    0.00    0.50    0.00    0.00    0.00   83.67
22:07:26     all   15.19    0.00    0.76    0.00    0.00    0.25    0.00    0.00    0.00   83.80
22:07:27     all   14.32    0.00    0.50    0.00    0.00    0.75    0.00    0.00    0.00   84.42
22:07:28     all   15.40    0.00    0.51    0.25    0.00    0.25    0.00    0.00    0.00   83.59
22:07:29     all   15.54    0.00    1.00    0.00    0.00    0.50    0.00    0.00    0.00   82.96
22:07:30     all   15.15    0.00    0.51    0.00    0.00    0.25    0.00    0.00    0.00   84.09
22:07:31     all   15.25    0.00    0.75    0.00    0.00    0.50    0.00    0.00    0.00   83.50
22:07:32     all   15.66    0.00    0.25    0.00    0.00    0.76    0.00    0.00    0.00   83.33
22:07:33     all   15.21    0.00    0.75    0.00    0.00    0.75    0.00    0.00    0.00   83.29
22:07:34     all   15.08    0.00    0.75    0.25    0.00    0.25    0.00    0.00    0.00   83.67
22:07:35     all   16.58    0.00    1.76    0.00    0.00    0.75    0.00    0.00    0.00   80.90
22:07:36     all   15.66    0.00    0.25    0.00    0.00    0.25    0.00    0.00    0.00   83.84
22:07:37     all   14.54    0.00    0.75    0.00    0.00    0.75    0.00    0.00    0.00   83.96
22:07:38     all   15.87    0.00    0.50    0.00    0.00    0.50    0.00    0.00    0.00   83.12
22:07:39     all   13.72    0.00    0.75    0.00    0.00    0.50    0.00    0.00    0.00   85.04
22:07:40     all   13.75    0.00    0.50    0.25    0.00    0.75    0.00    0.00    0.00   84.75
22:07:41     all   14.32    0.00    0.50    0.00    0.00    0.50    0.00    0.00    0.00   84.67
22:07:42     all   14.82    0.00    0.50    0.00    0.00    0.50    0.00    0.00    0.00   84.17
22:07:43     all   15.54    0.00    0.75    0.00    0.00    1.00    0.00    0.00    0.00   82.71
22:07:44     all   15.40    0.00    0.51    0.00    0.00    0.25    0.00    0.00    0.00   83.84
22:07:45     all   15.15    0.00    1.01    0.00    0.00    0.51    0.00    0.00    0.00   83.33
22:07:46     all   15.08    0.00    0.50    0.25    0.00    0.25    0.00    0.00    0.00   83.92
22:07:47     all   15.44    0.00    0.76    0.00    0.00    0.51    0.00    0.00    0.00   83.29
22:07:48     all   15.58    0.00    0.50    0.00    0.00    0.50    0.00    0.00    0.00   83.42
22:07:49     all   15.19    0.00    0.76    0.00    0.00    0.25    0.00    0.00    0.00   83.80
22:07:50     all   15.46    0.00    1.00    0.00    0.00    0.50    0.00    0.00    0.00   83.04
22:07:51     all   15.37    0.00    0.50    0.00    0.00    0.50    0.00    0.00    0.00   83.63
22:07:52     all   15.40    0.00    0.51    0.25    0.00    0.25    0.00    0.00    0.00   83.59
22:07:53     all   15.44    0.00    0.51    0.00    0.00    0.25    0.00    0.00    0.00   83.80
22:07:54     all   15.54    0.00    0.75    0.00    0.00    0.50    0.00    0.00    0.00   83.21
22:07:55     all   15.44    0.00    0.76    0.00    0.00    0.25    0.00    0.00    0.00   83.54
22:07:56     all   15.54    0.00    0.75    0.00    0.00    0.25    0.00    0.00    0.00   83.46
22:07:57     all   15.62    0.00    0.50    0.25    0.00    0.50    0.00    0.00    0.00   83.12
22:07:58     all   15.37    0.00    0.76    0.00    0.00    0.25    0.00    0.00    0.00   83.63
22:07:59     all   15.33    0.00    0.75    0.00    0.00    0.50    0.00    0.00    0.00   83.42
22:08:00     all   15.54    0.00    0.75    0.00    0.00    0.75    0.00    0.00    0.00   82.96
22:08:01     all   15.40    0.00    0.51    0.00    0.00    0.25    0.00    0.00    0.00   83.84
22:08:02     all   15.33    0.00    0.75    0.00    0.00    0.50    0.00    0.00    0.00   83.42
22:08:03     all   15.27    0.00    0.51    0.25    0.00    0.00    0.00    0.00    0.00   83.97
22:08:04     all   16.12    0.00    0.76    0.00    0.00    0.25    0.00    0.00    0.00   82.87
22:08:05     all   16.04    0.00    0.75    0.00    0.00    0.50    0.00    0.00    0.00   82.71
22:08:06     all   15.70    0.00    0.25    0.00    0.00    0.51    0.00    0.00    0.00   83.54
22:08:07     all   15.37    0.00    0.76    0.00    0.00    0.25    0.00    0.00    0.00   83.63
22:08:08     all   14.50    0.00    0.51    0.00    0.00    0.25    0.00    0.00    0.00   84.73
22:08:09     all   15.79    0.00    0.50    0.00    0.00    0.25    0.00    0.00    0.00   83.46
22:08:10     all   15.58    0.00    0.50    0.00    0.00    0.50    0.00    0.00    0.00   83.42
22:08:11     all   16.04    0.00    1.00    0.00    0.00    0.75    0.00    0.00    0.00   82.21
22:08:12     all   15.21    0.00    1.00    0.00    0.00    0.50    0.00    0.00    0.00   83.29
22:08:13     all   15.75    0.00    0.50    0.00    0.00    0.75    0.00    0.00    0.00   83.00
22:08:14     all   15.44    0.00    0.25    0.00    0.00    0.76    0.00    0.00    0.00   83.54
22:08:15     all   16.29    0.00    0.50    0.00    0.00    0.75    0.00    0.00    0.00   82.46
22:08:16     all   15.33    0.00    0.50    0.00    0.00    0.50    0.00    0.00    0.00   83.67
22:08:17     all   15.62    0.00    0.50    0.00    0.00    0.25    0.00    0.00    0.00   83.63
22:08:18     all   15.79    0.00    0.50    0.00    0.00    0.50    0.00    0.00    0.00   83.21
22:08:19     all   15.62    0.00    0.50    0.00    0.00    0.50    0.00    0.00    0.00   83.38
22:08:20     all   15.54    0.00    0.50    0.25    0.00    0.25    0.00    0.00    0.00   83.46
22:08:21     all   15.44    0.00    0.76    0.00    0.00    0.25    0.00    0.00    0.00   83.54
22:08:22     all   14.90    0.00    0.76    0.00    0.00    0.25    0.00    0.00    0.00   84.09
22:08:23     all   15.63    0.00    1.24    0.00    0.00    0.50    0.00    0.00    0.00   82.63
22:08:24     all   15.19    0.00    0.51    0.00    0.00    0.25    0.00    0.00    0.00   84.05
22:08:25     all   15.44    0.00    0.51    0.00    0.00    0.25    0.00    0.00    0.00   83.80
22:08:26     all   15.33    0.00    0.75    0.00    0.00    0.50    0.00    0.00    0.00   83.42
22:08:27     all   15.40    0.00    0.51    0.00    0.00    0.51    0.00    0.00    0.00   83.59
22:08:28     all   15.83    0.00    0.75    0.00    0.00    0.25    0.00    0.00    0.00   83.17
22:08:29     all   15.33    0.00    0.25    0.00    0.00    0.75    0.00    0.00    0.00   83.67
22:08:30     all   14.82    0.00    1.01    0.00    0.00    0.50    0.00    0.00    0.00   83.67
22:08:31     all   15.54    0.00    0.50    0.50    0.00    0.75    0.00    0.00    0.00   82.71
22:08:32     all   15.11    0.00    0.50    0.00    0.00    0.50    0.00    0.00    0.00   83.88
22:08:33     all   14.75    0.00    0.75    0.00    0.00    0.50    0.00    0.00    0.00   84.00
22:08:34     all   15.08    0.00    1.01    0.00    0.00    0.50    0.00    0.00    0.00   83.42
22:08:35     all   16.46    0.00    1.27    0.00    0.00    0.51    0.00    0.00    0.00   81.77
22:08:36     all   15.25    0.00    1.00    0.00    0.00    0.75    0.00    0.00    0.00   83.00
22:08:37     all   15.11    0.00    0.50    0.00    0.00    0.50    0.00    0.00    0.00   83.88
22:08:38     all   15.79    0.00    0.75    0.00    0.00    0.50    0.00    0.00    0.00   82.96
22:08:39     all   15.11    0.00    0.50    0.00    0.00    0.76    0.00    0.00    0.00   83.63
22:08:40     all   15.29    0.00    0.75    0.00    0.00    0.75    0.00    0.00    0.00   83.21
22:08:41     all   15.29    0.00    0.50    0.50    0.00    0.75    0.00    0.00    0.00   82.96
22:08:42     all   16.00    0.00    0.50    0.00    0.00    0.50    0.00    0.00    0.00   83.00
22:08:43     all   15.33    0.00    1.01    0.00    0.00    0.75    0.00    0.00    0.00   82.91
22:08:44     all   15.75    0.00    1.00    0.00    0.00    0.25    0.00    0.00    0.00   83.00
22:08:45     all   15.48    0.00    0.25    0.00    0.00    0.51    0.00    0.00    0.00   83.76
22:08:46     all   14.86    0.00    0.76    0.50    0.00    0.25    0.00    0.00    0.00   83.63
22:08:47     all   15.44    0.00    0.51    0.00    0.00    0.51    0.00    0.00    0.00   83.54
22:08:48     all   15.33    0.00    1.01    0.00    0.00    0.25    0.00    0.00    0.00   83.42
22:08:49     all   15.83    0.00    0.25    0.00    0.00    0.75    0.00    0.00    0.00   83.17
22:08:50     all   15.40    0.00    0.51    0.00    0.00    0.25    0.00    0.00    0.00   83.84
22:08:51     all   16.00    0.00    0.75    0.25    0.00    0.50    0.00    0.00    0.00   82.50
22:08:52     all   15.62    0.00    0.50    0.00    0.00    0.50    0.00    0.00    0.00   83.38
22:08:53     all   15.62    0.00    0.50    0.00    0.00    0.25    0.00    0.00    0.00   83.63
22:08:54     all   14.71    0.00    1.00    0.00    0.00    0.75    0.00    0.00    0.00   83.54
22:08:55     all   15.40    0.00    0.76    0.00    0.00    0.51    0.00    0.00    0.00   83.33
22:08:56     all   15.75    0.00    1.00    0.00    0.00    0.50    0.00    0.00    0.00   82.75
22:08:57     all   15.40    0.00    0.51    0.25    0.00    0.25    0.00    0.00    0.00   83.59
22:08:58     all   15.54    0.00    0.50    0.00    0.00    0.50    0.00    0.00    0.00   83.46
22:08:59     all   16.04    0.00    0.75    0.00    0.00    0.50    0.00    0.00    0.00   82.71
22:09:00     all   15.33    0.00    0.75    0.00    0.00    0.25    0.00    0.00    0.00   83.67
22:09:01     all   15.33    0.00    0.50    0.00    0.00    0.50    0.00    0.00    0.00   83.67
22:09:02     all   14.94    0.00    0.51    0.00    0.00    0.76    0.00    0.00    0.00   83.80
22:09:03     all   15.75    0.00    0.50    0.00    0.00    0.25    0.00    0.00    0.00   83.50
22:09:04     all   14.79    0.00    1.00    0.00    0.00    0.75    0.00    0.00    0.00   83.46
22:09:05     all   15.37    0.00    0.76    0.00    0.00    0.25    0.00    0.00    0.00   83.63
22:09:06     all   15.04    0.00    0.75    0.00    0.00    0.75    0.00    0.00    0.00   83.46
22:09:07     all   15.37    0.00    0.50    0.25    0.00    0.50    0.00    0.00    0.00   83.38
22:09:08     all   15.15    0.00    0.51    0.00    0.00    0.25    0.00    0.00    0.00   84.09
22:09:09     all   15.15    0.00    0.76    0.00    0.00    0.25    0.00    0.00    0.00   83.84
22:09:10     all   15.71    0.00    0.75    0.00    0.00    0.50    0.00    0.00    0.00   83.04
22:09:11     all   15.11    0.00    0.50    0.00    0.00    0.76    0.00    0.00    0.00   83.63
22:09:12     all   15.44    0.00    0.51    0.00    0.00    0.51    0.00    0.00    0.00   83.54
22:09:13     all   15.11    0.00    0.76    0.00    0.00    0.50    0.00    0.00    0.00   83.63
22:09:14     all   15.66    0.00    0.76    0.00    0.00    0.25    0.00    0.00    0.00   83.33
22:09:15     all   15.40    0.00    0.25    0.00    0.00    0.51    0.00    0.00    0.00   83.84
22:09:16     all   15.00    0.00    1.00    0.00    0.00    0.75    0.00    0.00    0.00   83.25
22:09:17     all   14.90    0.00    0.51    0.00    0.00    0.25    0.00    0.00    0.00   84.34
22:09:18     all   15.58    0.00    0.75    0.25    0.00    0.50    0.00    0.00    0.00   82.91
22:09:19     all   15.33    0.00    0.50    0.00    0.00    0.50    0.00    0.00    0.00   83.67
22:09:20     all   14.75    0.00    1.00    0.00    0.00    0.75    0.00    0.00    0.00   83.50
22:09:21     all   14.75    0.00    0.75    0.00    0.00    0.75    0.00    0.00    0.00   83.75
22:09:22     all   15.15    0.00    0.51    0.00    0.00    0.76    0.00    0.00    0.00   83.59
22:09:23     all   14.82    0.00    0.75    0.25    0.00    0.50    0.00    0.00    0.00   83.67
22:09:24     all   14.82    0.00    0.50    0.00    0.00    0.75    0.00    0.00    0.00   83.92
22:09:25     all   15.11    0.00    0.50    0.00    0.00    0.25    0.00    0.00    0.00   84.13
22:09:26     all   14.90    0.00    0.25    0.00    0.00    0.51    0.00    0.00    0.00   84.34
22:09:27     all   15.08    0.00    0.75    0.00    0.00    0.25    0.00    0.00    0.00   83.92
22:09:28     all   15.54    0.00    0.75    1.00    0.00    1.00    0.00    0.00    0.00   81.70
22:09:29     all   34.68    0.00    5.32    3.29    0.00    0.76    0.00    0.00    0.00   55.95
22:09:30     all   17.50    0.00    1.25    0.00    0.00    1.00    0.00    0.00    0.00   80.25
22:09:31     all   15.70    0.00    0.25    0.00    0.00    0.25    0.00    0.00    0.00   83.80
22:09:32     all   15.15    0.00    0.51    0.00    0.00    0.25    0.00    0.00    0.00   84.09
22:09:33     all   15.37    0.00    0.50    0.00    0.00    0.50    0.00    0.00    0.00   83.63
22:09:34     all   14.86    0.00    0.76    0.25    0.00    0.25    0.00    0.00    0.00   83.88
22:09:35     all   16.25    0.00    2.00    0.25    0.00    0.75    0.00    0.00    0.00   80.75
22:09:36     all   15.70    0.00    0.51    0.00    0.00    0.25    0.00    0.00    0.00   83.54
22:09:37     all   16.04    0.00    0.75    0.00    0.00    0.50    0.00    0.00    0.00   82.71
22:09:38     all   14.82    0.00    0.50    0.00    0.00    0.50    0.00    0.00    0.00   84.17
22:09:39     all   15.15    0.00    0.76    0.00    0.00    0.25    0.00    0.00    0.00   83.84
22:09:40     all   14.82    0.00    0.75    0.00    0.00    0.25    0.00    0.00    0.00   84.17
22:09:41     all   14.86    0.00    0.76    0.00    0.00    0.76    0.00    0.00    0.00   83.63
22:09:42     all   14.90    0.00    0.76    0.00    0.00    0.25    0.00    0.00    0.00   84.09
22:09:43     all   15.62    0.00    0.50    0.00    0.00    0.25    0.00    0.00    0.00   83.63
22:09:44     all   15.44    0.00    1.01    0.00    0.00    0.25    0.00    0.00    0.00   83.29
22:09:45     all   15.87    0.00    0.76    0.00    0.00    0.25    0.00    0.00    0.00   83.12
22:09:46     all   15.37    0.00    0.76    0.25    0.00    0.25    0.00    0.00    0.00   83.38
22:09:47     all   15.83    0.00    0.75    0.00    0.00    0.25    0.00    0.00    0.00   83.17
22:09:48     all   15.91    0.00    0.51    0.00    0.00    0.25    0.00    0.00    0.00   83.33
22:09:49     all   15.66    0.00    0.25    0.00    0.00    0.51    0.00    0.00    0.00   83.59
22:09:50     all   15.37    0.00    0.76    0.00    0.00    0.25    0.00    0.00    0.00   83.63
22:09:51     all   15.08    0.00    0.75    0.00    0.00    0.25    0.00    0.00    0.00   83.92
22:09:52     all   16.12    0.00    0.50    0.00    0.00    0.50    0.00    0.00    0.00   82.87
22:09:53     all   16.08    0.00    0.75    0.00    0.00    0.75    0.00    0.00    0.00   82.41
22:09:54     all   15.33    0.00    0.50    0.25    0.00    0.50    0.00    0.00    0.00   83.42
22:09:55     all   15.11    0.00    0.50    0.00    0.00    0.76    0.00    0.00    0.00   83.63
22:09:56     all   15.50    0.00    1.00    0.00    0.00    0.50    0.00    0.00    0.00   83.00
22:09:57     all   15.40    0.00    0.51    0.25    0.00    0.25    0.00    0.00    0.00   83.59
22:09:58     all   15.91    0.00    0.76    0.00    0.00    0.76    0.00    0.00    0.00   82.58
22:09:59     all   16.21    0.00    1.00    0.00    0.00    0.50    0.00    0.00    0.00   82.29
22:10:00     all   15.66    0.00    0.51    0.00    0.00    0.51    0.00    0.00    0.00   83.33
22:10:01     all   16.16    0.00    0.76    0.00    0.00    0.51    0.00    0.00    0.00   82.58
22:10:02     all   16.37    0.00    0.50    0.00    0.00    0.76    0.00    0.00    0.00   82.37
22:10:03     all   16.08    0.00    0.50    0.00    0.00    0.25    0.00    0.00    0.00   83.17
22:10:04     all   15.83    0.00    0.50    0.00    0.00    0.50    0.00    0.00    0.00   83.17
22:10:05     all   16.54    0.00    0.75    0.00    0.00    0.25    0.00    0.00    0.00   82.46
22:10:06     all   15.44    0.00    0.51    0.00    0.00    0.25    0.00    0.00    0.00   83.80
22:10:07     all   14.75    0.00    0.75    0.50    0.00    0.75    0.00    0.00    0.00   83.25
22:10:08     all   15.40    0.00    0.51    0.00    0.00    0.25    0.00    0.00    0.00   83.84
22:10:09     all   16.04    0.00    0.50    0.00    0.00    0.50    0.00    0.00    0.00   82.96
22:10:10     all   15.83    0.00    0.75    0.00    0.00    0.25    0.00    0.00    0.00   83.17
22:10:11     all   15.87    0.00    0.76    0.00    0.00    0.25    0.00    0.00    0.00   83.12
22:10:12     all   16.12    0.00    0.50    0.00    0.00    0.25    0.00    0.00    0.00   83.12
22:10:13     all   15.29    0.00    1.00    0.00    0.00    0.75    0.00    0.00    0.00   82.96
22:10:14     all   15.04    0.00    1.00    0.00    0.00    0.75    0.00    0.00    0.00   83.21
22:10:15     all   15.62    0.00    0.50    0.00    0.00    0.25    0.00    0.00    0.00   83.63
22:10:16     all   15.29    0.00    0.50    0.00    0.00    0.25    0.00    0.00    0.00   83.96
22:10:17     all   16.29    0.00    0.75    0.00    0.00    1.00    0.00    0.00    0.00   81.95
22:10:18     all   14.32    0.00    0.25    0.25    0.00    0.50    0.00    0.00    0.00   84.67
22:10:19     all   15.42    0.00    0.50    0.00    0.00    1.24    0.00    0.00    0.00   82.84
22:10:20     all   14.71    0.00    0.75    0.00    0.00    1.00    0.00    0.00    0.00   83.54
22:10:21     all   15.75    0.00    0.50    0.00    0.00    0.75    0.00    0.00    0.00   83.00
22:10:22     all   15.40    0.00    0.76    0.00    0.00    0.76    0.00    0.00    0.00   83.08
22:10:23     all   14.86    0.00    0.50    0.00    0.00    0.50    0.00    0.00    0.00   84.13
22:10:24     all   15.37    0.00    0.76    0.00    0.00    0.50    0.00    0.00    0.00   83.38
22:10:25     all   15.04    0.00    0.50    0.00    0.00    0.75    0.00    0.00    0.00   83.71
22:10:26     all   15.58    0.00    0.50    0.00    0.00    0.75    0.00    0.00    0.00   83.17
22:10:27     all   15.42    0.00    1.00    0.00    0.00    0.50    0.00    0.00    0.00   83.08
22:10:28     all   15.62    0.00    0.25    0.00    0.00    0.50    0.00    0.00    0.00   83.63
22:10:29     all   15.04    0.00    0.75    0.25    0.00    1.00    0.00    0.00    0.00   82.96
22:10:30     all   15.08    0.00    0.75    0.00    0.00    0.25    0.00    0.00    0.00   83.92
22:10:31     all   15.75    0.00    0.50    0.00    0.00    0.75    0.00    0.00    0.00   83.00
22:10:32     all   16.50    0.00    1.00    0.00    0.00    0.50    0.00    0.00    0.00   82.00
22:10:33     all   15.33    0.00    0.75    0.00    0.00    0.50    0.00    0.00    0.00   83.42
22:10:34     all   13.78    0.00    0.75    0.25    0.00    0.75    0.00    0.00    0.00   84.46
22:10:35     all   14.97    0.00    1.02    0.00    0.00    0.51    0.00    0.00    0.00   83.50
22:10:36     all   15.46    0.00    0.75    0.00    0.00    0.75    0.00    0.00    0.00   83.04
22:10:37     all   15.08    0.00    0.75    0.00    0.00    1.01    0.00    0.00    0.00   83.17
22:10:38     all   15.29    0.00    0.75    0.00    0.00    0.50    0.00    0.00    0.00   83.46
22:10:39     all   15.21    0.00    0.75    0.25    0.00    1.00    0.00    0.00    0.00   82.79
22:10:40     all   15.08    0.00    0.50    0.00    0.00    0.75    0.00    0.00    0.00   83.67
22:10:41     all   14.54    0.00    0.50    0.00    0.00    0.75    0.00    0.00    0.00   84.21
22:10:42     all   14.75    0.00    0.50    0.00    0.00    0.50    0.00    0.00    0.00   84.25
22:10:43     all   14.65    0.00    0.51    0.00    0.00    0.51    0.00    0.00    0.00   84.34
22:10:44     all   15.58    0.00    0.75    0.00    0.00    0.50    0.00    0.00    0.00   83.17
22:10:45     all   15.37    0.00    0.50    0.00    0.00    0.50    0.00    0.00    0.00   83.63
22:10:46     all   15.37    0.00    0.50    0.00    0.00    0.25    0.00    0.00    0.00   83.88
22:10:47     all   16.08    0.00    0.75    0.00    0.00    0.25    0.00    0.00    0.00   82.91
22:10:48     all   14.97    0.00    0.76    0.00    0.00    0.25    0.00    0.00    0.00   84.01
22:10:49     all   15.50    0.00    1.00    0.00    0.00    0.50    0.00    0.00    0.00   83.00
22:10:50     all   14.94    0.00    0.51    0.00    0.00    0.51    0.00    0.00    0.00   84.05
22:10:51     all   15.11    0.00    0.50    0.00    0.00    0.50    0.00    0.00    0.00   83.88
22:10:52     all   15.75    0.00    0.75    0.00    0.00    0.50    0.00    0.00    0.00   83.00
22:10:53     all   15.58    0.00    0.50    0.00    0.00    0.50    0.00    0.00    0.00   83.42
22:10:54     all   15.70    0.00    0.25    0.00    0.00    0.76    0.00    0.00    0.00   83.29
22:10:55     all   15.04    0.00    1.00    0.25    0.00    0.50    0.00    0.00    0.00   83.21
22:10:56     all   15.37    0.00    1.01    0.00    0.00    0.25    0.00    0.00    0.00   83.38
22:10:57     all    8.02    0.00    0.50    0.00    0.00    0.25    0.00    0.00    0.00   91.23
22:10:58     all    7.56    0.00    0.25    0.00    0.00    0.25    0.00    0.00    0.00   91.94
22:10:59     all    7.32    0.00    0.25    0.00    0.00    0.00    0.00    0.00    0.00   92.42
22:11:00     all    7.77    0.00    0.25    0.00    0.00    0.50    0.00    0.00    0.00   91.48
22:11:01     all    7.25    0.00    0.25    0.25    0.00    0.50    0.00    0.00    0.00   91.75
22:11:02     all    7.52    0.00    0.50    0.00    0.00    0.25    0.00    0.00    0.00   91.73
22:11:03     all    7.27    0.00    0.25    0.00    0.00    0.25    0.00    0.00    0.00   92.23
22:11:04     all    7.30    0.00    0.25    0.00    0.00    0.00    0.00    0.00    0.00   92.44
22:11:05     all    7.52    0.00    0.25    0.00    0.00    0.25    0.00    0.00    0.00   91.98
22:11:06     all    7.30    0.00    0.50    0.00    0.00    0.00    0.00    0.00    0.00   92.19
22:11:07     all    7.29    0.00    0.25    0.50    0.00    0.00    0.00    0.00    0.00   91.96
22:11:08     all    7.05    0.00    0.25    0.00    0.00    0.25    0.00    0.00    0.00   92.44
22:11:09     all    7.29    0.00    0.25    0.00    0.00    0.00    0.00    0.00    0.00   92.46
22:11:10     all    7.54    0.00    0.75    0.00    0.00    0.00    0.00    0.00    0.00   91.71
22:11:11     all    7.05    0.00    0.50    0.00    0.00    0.00    0.00    0.00    0.00   92.44
22:11:12     all    7.29    0.00    0.25    0.00    0.00    0.00    0.00    0.00    0.00   92.46
22:11:13     all    6.80    0.00    0.50    0.25    0.00    0.25    0.00    0.00    0.00   92.19
22:11:14     all    7.54    0.00    0.25    0.00    0.00    0.00    0.00    0.00    0.00   92.21
22:11:15     all    7.30    0.00    0.50    0.00    0.00    0.00    0.00    0.00    0.00   92.19
22:11:16     all    7.07    0.00    0.25    0.00    0.00    0.00    0.00    0.00    0.00   92.68
22:11:17     all    7.02    0.00    0.50    0.00    0.00    0.25    0.00    0.00    0.00   92.23
22:11:18     all    7.58    0.00    0.25    0.00    0.00    0.00    0.00    0.00    0.00   92.17
22:11:19     all    7.05    0.00    0.25    0.00    0.00    0.25    0.00    0.00    0.00   92.44
22:11:20     all    7.52    0.00    0.25    0.00    0.00    0.25    0.00    0.00    0.00   91.98
22:11:21     all    7.07    0.00    0.25    0.00    0.00    0.00    0.00    0.00    0.00   92.68
22:11:22     all    7.27    0.00    0.50    0.00    0.00    0.25    0.00    0.00    0.00   91.98
22:11:23     all    7.04    0.00    0.25    0.25    0.00    0.25    0.00    0.00    0.00   92.21
22:11:24     all    7.30    0.00    0.25    0.00    0.00    0.00    0.00    0.00    0.00   92.44
22:11:25     all    7.77    0.00    0.25    0.00    0.00    0.25    0.00    0.00    0.00   91.73
22:11:26     all    7.52    0.00    0.25    0.00    0.00    0.25    0.00    0.00    0.00   91.98
22:11:27     all    7.04    0.00    0.50    0.00    0.00    0.25    0.00    0.00    0.00   92.21
22:11:28     all    7.54    0.00    0.00    0.25    0.00    0.25    0.00    0.00    0.00   91.96
22:11:29     all    7.27    0.00    0.25    0.00    0.00    0.25    0.00    0.00    0.00   92.23
22:11:30     all    7.29    0.00    0.25    0.00    0.00    0.50    0.00    0.00    0.00   91.96
22:11:31     all    7.48    0.00    0.50    0.00    0.00    0.25    0.00    0.00    0.00   91.77
22:11:32     all    7.04    0.00    0.25    0.00    0.00    0.50    0.00    0.00    0.00   92.21
22:11:33     all    6.77    0.00    0.25    0.25    0.00    0.25    0.00    0.00    0.00   92.48
22:11:34     all    7.46    0.00    0.50    0.00    0.00    0.50    0.00    0.00    0.00   91.54
22:11:35     all    7.56    0.00    1.51    0.00    0.00    0.50    0.00    0.00    0.00   90.43
22:11:36     all    7.30    0.00    0.25    0.00    0.00    0.00    0.00    0.00    0.00   92.44
22:11:37     all    7.00    0.00    0.50    0.00    0.00    0.50    0.00    0.00    0.00   92.00
22:11:38     all    7.71    0.00    0.50    0.25    0.00    0.75    0.00    0.00    0.00   90.80
22:11:39     all    7.02    0.00    0.25    0.00    0.00    0.50    0.00    0.00    0.00   92.23
22:11:40     all    7.00    0.00    0.75    0.00    0.00    0.50    0.00    0.00    0.00   91.75
22:11:41     all    6.78    0.00    0.25    0.00    0.00    0.50    0.00    0.00    0.00   92.46
22:11:42     all    7.25    0.00    0.50    0.00    0.00    0.50    0.00    0.00    0.00   91.75
22:11:43     all    7.29    0.00    0.25    0.25    0.00    0.25    0.00    0.00    0.00   91.96
22:11:44     all    7.30    0.00    0.25    0.00    0.00    0.25    0.00    0.00    0.00   92.19
22:11:45     all    7.54    0.00    0.25    0.00    0.00    0.25    0.00    0.00    0.00   91.96
22:11:46     all    7.25    0.00    0.50    0.00    0.00    0.50    0.00    0.00    0.00   91.75
22:11:47     all    7.05    0.00    0.25    0.00    0.00    0.25    0.00    0.00    0.00   92.44
22:11:48     all    7.54    0.00    0.25    0.00    0.00    0.50    0.00    0.00    0.00   91.71
22:11:49     all    7.04    0.00    0.25    0.00    0.00    0.00    0.00    0.00    0.00   92.71
22:11:50     all    7.50    0.00    0.50    0.00    0.00    0.50    0.00    0.00    0.00   91.50
22:11:51     all    7.29    0.00    0.25    0.00    0.00    0.25    0.00    0.00    0.00   92.21
22:11:52     all    7.29    0.00    0.25    0.00    0.00    0.25    0.00    0.00    0.00   92.21
22:11:53     all    7.50    0.00    0.75    0.00    0.00    0.50    0.00    0.00    0.00   91.25
22:11:54     all    7.29    0.00    0.25    0.00    0.00    0.25    0.00    0.00    0.00   92.21
22:11:55     all    7.02    0.00    0.25    0.50    0.00    0.50    0.00    0.00    0.00   91.73
22:11:56     all    6.82    0.00    0.25    0.00    0.00    0.25    0.00    0.00    0.00   92.68
22:11:57     all    7.25    0.00    0.50    0.00    0.00    0.25    0.00    0.00    0.00   92.00
22:11:58     all    7.27    0.00    0.25    0.00    0.00    0.50    0.00    0.00    0.00   91.98
22:11:59     all    7.30    0.00    0.25    0.00    0.00    0.25    0.00    0.00    0.00   92.19
22:12:00     all    7.25    0.00    0.50    0.00    0.00    0.50    0.00    0.00    0.00   91.75
22:12:01     all    7.04    0.00    0.50    0.25    0.00    0.50    0.00    0.00    0.00   91.71
22:12:02     all    7.54    0.00    0.50    0.00    0.00    0.00    0.00    0.00    0.00   91.96
22:12:03     all    7.27    0.00    0.25    0.00    0.00    0.50    0.00    0.00    0.00   91.98
22:12:04     all    7.29    0.00    0.25    0.00    0.00    0.50    0.00    0.00    0.00   91.96
22:12:05     all    7.30    0.00    0.25    0.00    0.00    0.00    0.00    0.00    0.00   92.44
22:12:06     all    7.25    0.00    0.25    0.00    0.00    0.50    0.00    0.00    0.00   92.00
22:12:07     all    7.54    0.00    0.50    0.25    0.00    0.00    0.00    0.00    0.00   91.71
22:12:08     all    7.50    0.00    0.25    0.00    0.00    0.50    0.00    0.00    0.00   91.75
22:12:09     all    7.54    0.00    0.00    0.00    0.00    0.50    0.00    0.00    0.00   91.96
22:12:10     all    7.02    0.00    0.25    0.00    0.00    0.50    0.00    0.00    0.00   92.23
22:12:11     all    7.05    0.00    0.25    0.00    0.00    0.25    0.00    0.00    0.00   92.44
22:12:12     all    7.30    0.00    0.25    0.00    0.00    0.25    0.00    0.00    0.00   92.19
22:12:13     all    7.02    0.00    0.50    0.00    0.00    0.25    0.00    0.00    0.00   92.23
22:12:14     all    7.29    0.00    0.25    0.00    0.00    0.50    0.00    0.00    0.00   91.96
22:12:15     all    6.80    0.00    0.25    0.00    0.00    0.50    0.00    0.00    0.00   92.44
22:12:16     all    7.25    0.00    0.75    0.00    0.00    0.25    0.00    0.00    0.00   91.75
22:12:17     all    7.25    0.00    0.50    0.00    0.00    0.50    0.00    0.00    0.00   91.75
22:12:18     all    7.05    0.00    0.50    0.00    0.00    0.25    0.00    0.00    0.00   92.19
22:12:19     all    7.23    0.00    0.50    0.25    0.00    0.25    0.00    0.00    0.00   91.77
22:12:20     all    7.50    0.00    0.50    0.00    0.00    0.50    0.00    0.00    0.00   91.50
22:12:21     all    7.05    0.00    0.25    0.00    0.00    0.25    0.00    0.00    0.00   92.44
22:12:22     all    7.29    0.00    0.50    0.00    0.00    0.25    0.00    0.00    0.00   91.96
22:12:23     all    7.54    0.00    0.25    0.00    0.00    0.25    0.00    0.00    0.00   91.96
22:12:24     all    7.81    0.00    0.25    0.00    0.00    0.25    0.00    0.00    0.00   91.69
22:12:25     all    7.81    0.00    0.25    0.00    0.00    0.00    0.00    0.00    0.00   91.94
22:12:26     all    7.29    0.00    0.50    0.00    0.00    0.25    0.00    0.00    0.00   91.96
22:12:27     all   14.32    0.00    1.51    0.00    0.00    0.00    0.00    0.00    0.00   84.17
22:12:28     all   10.58    0.00    0.25    0.00    0.00    0.00    0.00    0.00    0.00   89.17
22:12:29     all   10.28    0.00    0.25    0.00    0.00    0.00    0.00    0.00    0.00   89.47
22:12:30     all    9.62    0.00    0.25    0.25    0.00    0.00    0.00    0.00    0.00   89.87
22:12:31     all   10.08    0.00    0.25    0.00    0.00    0.25    0.00    0.00    0.00   89.42
22:12:32     all    9.80    0.00    0.75    0.00    0.00    0.00    0.00    0.00    0.00   89.45
22:12:33     all   10.78    0.00    0.50    0.00    0.00    0.00    0.00    0.00    0.00   88.72
22:12:34     all   10.55    0.00    0.25    0.00    0.00    0.00    0.00    0.00    0.00   89.20
22:12:35     all   10.61    0.00    1.77    0.00    0.00    0.51    0.00    0.00    0.00   87.12
22:12:36     all    9.82    0.00    0.50    0.00    0.00    0.00    0.00    0.00    0.00   89.67
22:12:37     all    9.80    0.00    0.75    0.00    0.00    0.25    0.00    0.00    0.00   89.20
22:12:38     all   11.08    0.00    0.00    0.00    0.00    0.25    0.00    0.00    0.00   88.66
22:12:39     all   10.45    0.00    0.25    0.00    0.00    0.50    0.00    0.00    0.00   88.81
22:12:40     all    9.85    0.00    0.76    0.00    0.00    0.00    0.00    0.00    0.00   89.39
22:12:41     all   10.83    0.00    0.25    0.00    0.00    0.00    0.00    0.00    0.00   88.92
22:12:42     all   10.33    0.00    0.50    0.00    0.00    0.25    0.00    0.00    0.00   88.92
22:12:43     all   10.30    0.00    0.50    0.00    0.00    0.00    0.00    0.00    0.00   89.20
22:12:44     all   10.61    0.00    0.51    0.25    0.00    0.00    0.00    0.00    0.00   88.64
22:12:45     all   10.83    0.00    0.25    0.00    0.00    0.00    0.00    0.00    0.00   88.92
22:12:46     all    9.80    0.00    0.50    0.25    0.00    0.00    0.00    0.00    0.00   89.45
22:12:47     all   10.00    0.00    0.25    0.00    0.00    0.25    0.00    0.00    0.00   89.50
22:12:48     all   10.00    0.00    1.00    0.00    0.00    0.00    0.00    0.00    0.00   89.00
22:12:49     all   10.10    0.00    0.51    0.00    0.00    0.00    0.00    0.00    0.00   89.39
22:12:50     all   10.10    0.00    0.25    0.00    0.00    0.00    0.00    0.00    0.00   89.65
22:12:51     all   10.05    0.00    0.50    0.00    0.00    0.25    0.00    0.00    0.00   89.20
22:12:52     all    9.52    0.00    0.25    0.00    0.00    0.50    0.00    0.00    0.00   89.72
22:12:53     all    9.55    0.00    0.25    0.00    0.00    0.25    0.00    0.00    0.00   89.95
22:12:54     all    9.52    0.00    0.25    0.00    0.00    0.25    0.00    0.00    0.00   89.97
22:12:55     all   10.08    0.00    0.25    0.00    0.00    0.00    0.00    0.00    0.00   89.67
22:12:56     all   10.50    0.00    0.50    0.25    0.00    0.25    0.00    0.00    0.00   88.50
22:12:57     all    9.55    0.00    0.50    0.00    0.00    0.25    0.00    0.00    0.00   89.70
22:12:58     all    9.77    0.00    0.50    0.00    0.00    0.25    0.00    0.00    0.00   89.47
22:12:59     all    9.25    0.00    0.25    0.00    0.00    0.50    0.00    0.00    0.00   90.00
22:13:00     all    8.88    0.00    0.25    0.00    0.00    0.00    0.00    0.00    0.00   90.86
22:13:01     all    9.05    0.00    0.50    0.00    0.00    0.00    0.00    0.00    0.00   90.45
22:13:02     all    9.98    0.00    1.00    0.25    0.00    0.00    0.00    0.00    0.00   88.78
22:13:03     all    9.57    0.00    0.25    0.00    0.00    0.25    0.00    0.00    0.00   89.92
22:13:04     all    9.77    0.00    0.50    0.00    0.00    0.25    0.00    0.00    0.00   89.47
22:13:05     all    9.05    0.00    0.50    0.00    0.00    0.25    0.00    0.00    0.00   90.20
22:13:06     all    9.60    0.00    0.25    0.00    0.00    0.25    0.00    0.00    0.00   89.90
22:13:07     all    9.55    0.00    0.50    0.00    0.00    0.00    0.00    0.00    0.00   89.95
22:13:08     all    8.79    0.00    0.25    0.25    0.00    0.25    0.00    0.00    0.00   90.45
22:13:09     all    9.05    0.00    0.25    0.00    0.00    0.25    0.00    0.00    0.00   90.45
22:13:10     all    8.75    0.00    0.75    0.00    0.00    0.00    0.00    0.00    0.00   90.50
22:13:11     all    9.09    0.00    0.25    0.00    0.00    0.25    0.00    0.00    0.00   90.40
22:13:12     all    8.82    0.00    0.25    0.00    0.00    0.00    0.00    0.00    0.00   90.93
22:13:13     all    9.52    0.00    0.25    0.00    0.00    0.25    0.00    0.00    0.00   89.97
22:13:14     all    9.77    0.00    0.25    0.25    0.00    0.25    0.00    0.00    0.00   89.47
22:13:15     all   10.28    0.00    0.25    0.00    0.00    0.25    0.00    0.00    0.00   89.22
22:13:16     all    9.30    0.00    0.50    0.00    0.00    0.25    0.00    0.00    0.00   89.95
22:13:17     all    9.50    0.00    0.75    0.00    0.00    0.00    0.00    0.00    0.00   89.75
22:13:18     all    9.30    0.00    0.25    0.00    0.00    0.25    0.00    0.00    0.00   90.20
22:13:19     all    9.55    0.00    0.25    0.00    0.00    0.25    0.00    0.00    0.00   89.95
22:13:20     all    9.77    0.00    0.50    0.50    0.00    0.00    0.00    0.00    0.00   89.22
22:13:21     all    9.30    0.00    0.25    0.00    0.00    0.25    0.00    0.00    0.00   90.20
22:13:22     all    9.27    0.00    0.50    0.00    0.00    0.25    0.00    0.00    0.00   89.97
22:13:23     all    9.27    0.00    0.50    0.00    0.00    0.00    0.00    0.00    0.00   90.23
22:13:24     all    9.30    0.00    0.50    0.00    0.00    0.00    0.00    0.00    0.00   90.20
22:13:25     all    9.09    0.00    0.25    0.00    0.00    0.00    0.00    0.00    0.00   90.66
22:13:26     all    9.11    0.00    0.51    0.00    0.00    0.00    0.00    0.00    0.00   90.38
22:13:27     all    9.52    0.00    0.25    0.00    0.00    0.50    0.00    0.00    0.00   89.72
22:13:28     all    9.85    0.00    0.25    0.00    0.00    0.00    0.00    0.00    0.00   89.90
22:13:29     all    9.27    0.00    0.50    0.00    0.00    0.25    0.00    0.00    0.00   89.97
22:13:30     all    9.07    0.00    0.25    0.00    0.00    0.25    0.00    0.00    0.00   90.43
22:13:31     all    9.27    0.00    0.50    0.50    0.00    0.00    0.00    0.00    0.00   89.72
22:13:32     all   10.30    0.00    0.50    0.00    0.00    0.25    0.00    0.00    0.00   88.94
22:13:33     all    9.75    0.00    0.25    0.00    0.00    0.25    0.00    0.00    0.00   89.75
22:13:34     all    9.60    0.00    0.25    0.00    0.00    0.00    0.00    0.00    0.00   90.15
22:13:35     all   10.47    0.00    1.50    0.00    0.00    0.50    0.00    0.00    0.00   87.53
22:13:36     all    9.25    0.00    0.75    0.00    0.00    0.25    0.00    0.00    0.00   89.75
22:13:37     all    9.27    0.00    0.50    0.25    0.00    0.25    0.00    0.00    0.00   89.72
22:13:38     all    9.32    0.00    0.25    0.25    0.00    0.00    0.00    0.00    0.00   90.18
22:13:39     all    9.05    0.00    0.25    0.00    0.00    0.00    0.00    0.00    0.00   90.70
22:13:40     all    9.09    0.00    0.51    0.00    0.00    0.00    0.00    0.00    0.00   90.40
22:13:41     all    9.80    0.00    0.00    0.00    0.00    0.00    0.00    0.00    0.00   90.20
22:13:42     all    9.09    0.00    0.51    0.00    0.00    0.00    0.00    0.00    0.00   90.40
22:13:43     all    9.37    0.00    0.25    0.25    0.00    0.00    0.00    0.00    0.00   90.13
22:13:44     all    9.98    0.00    0.50    0.00    0.00    0.25    0.00    0.00    0.00   89.28
22:13:45     all    9.57    0.00    0.25    0.00    0.00    0.00    0.00    0.00    0.00   90.18
22:13:46     all   10.08    0.00    0.50    0.00    0.00    0.00    0.00    0.00    0.00   89.42
22:13:47     all    9.55    0.00    0.25    0.00    0.00    0.25    0.00    0.00    0.00   89.95
22:13:48     all    9.52    0.00    0.50    0.00    0.00    0.00    0.00    0.00    0.00   89.97
22:13:49     all    9.07    0.00    0.25    0.00    0.00    0.00    0.00    0.00    0.00   90.68
22:13:50     all    8.82    0.00    0.50    0.00    0.00    0.00    0.00    0.00    0.00   90.68
22:13:51     all    9.30    0.00    0.25    0.00    0.00    0.00    0.00    0.00    0.00   90.45
22:13:52     all    9.07    0.00    0.25    0.00    0.00    0.00    0.00    0.00    0.00   90.68
22:13:53     all    9.32    0.00    0.50    0.00    0.00    0.00    0.00    0.00    0.00   90.18
22:13:54     all    9.34    0.00    0.25    0.00    0.00    0.00    0.00    0.00    0.00   90.40
22:13:55     all    9.50    0.00    0.75    0.25    0.00    0.00    0.00    0.00    0.00   89.50
22:13:56     all    9.55    0.00    0.25    0.00    0.00    0.25    0.00    0.00    0.00   89.95
22:13:57     all    9.73    0.00    0.50    0.00    0.00    0.00    0.00    0.00    0.00   89.78
22:13:58     all    9.32    0.00    0.50    0.00    0.00    0.00    0.00    0.00    0.00   90.18
22:13:59     all    9.57    0.00    0.25    0.00    0.00    0.00    0.00    0.00    0.00   90.18
22:14:00     all    9.05    0.00    0.50    0.00    0.00    0.00    0.00    0.00    0.00   90.45
22:14:01     all    9.34    0.00    0.25    0.25    0.00    0.25    0.00    0.00    0.00   89.90
22:14:02     all    9.55    0.00    0.25    0.00    0.00    0.25    0.00    0.00    0.00   89.95
22:14:03     all    9.80    0.00    0.50    0.00    0.00    0.00    0.00    0.00    0.00   89.70
22:14:04     all    9.57    0.00    0.25    0.00    0.00    0.50    0.00    0.00    0.00   89.67
22:14:05     all    9.98    0.00    0.50    0.00    0.00    0.25    0.00    0.00    0.00   89.28
22:14:06     all    9.57    0.00    0.25    0.76    0.00    0.25    0.00    0.00    0.00   89.17
22:14:07     all    9.80    0.00    0.50    0.00    0.00    0.00    0.00    0.00    0.00   89.70
22:14:08     all   10.05    0.00    0.00    0.00    0.00    0.25    0.00    0.00    0.00   89.70
22:14:09     all    9.57    0.00    0.76    0.00    0.00    0.00    0.00    0.00    0.00   89.67
22:14:10     all   10.50    0.00    0.25    0.00    0.00    0.00    0.00    0.00    0.00   89.25
22:14:11     all    9.62    0.00    0.51    0.00    0.00    0.00    0.00    0.00    0.00   89.87
22:14:12     all    9.55    0.00    0.25    0.25    0.00    0.00    0.00    0.00    0.00   89.95
22:14:13     all    9.77    0.00    0.75    0.00    0.00    0.25    0.00    0.00    0.00   89.22
22:14:14     all    9.82    0.00    0.25    0.00    0.00    0.00    0.00    0.00    0.00   89.92
22:14:15     all    9.77    0.00    0.50    0.00    0.00    0.50    0.00    0.00    0.00   89.22
22:14:16     all    9.75    0.00    0.50    0.00    0.00    0.00    0.00    0.00    0.00   89.75
22:14:17     all    9.57    0.00    0.50    0.00    0.00    0.25    0.00    0.00    0.00   89.67
22:14:18     all    9.09    0.00    0.25    0.00    0.00    0.00    0.00    0.00    0.00   90.66
22:14:19     all    9.55    0.00    0.25    0.00    0.00    0.50    0.00    0.00    0.00   89.70
22:14:20     all   10.05    0.00    0.25    0.00    0.00    0.00    0.00    0.00    0.00   89.70
22:14:21     all   10.28    0.00    0.50    0.00    0.00    0.00    0.00    0.00    0.00   89.22
22:14:22     all    9.80    0.00    0.25    0.00    0.00    0.25    0.00    0.00    0.00   89.70
22:14:23     all    9.50    0.00    0.25    0.25    0.00    0.00    0.00    0.00    0.00   90.00
22:14:24     all    9.60    0.00    0.51    0.00    0.00    0.25    0.00    0.00    0.00   89.65
22:14:25     all   10.08    0.00    0.25    0.00    0.00    0.25    0.00    0.00    0.00   89.42
22:14:26     all    9.52    0.00    0.50    0.00    0.00    0.25    0.00    0.00    0.00   89.72
22:14:27     all    9.80    0.00    0.25    0.00    0.00    0.25    0.00    0.00    0.00   89.70
22:14:28     all    9.77    0.00    0.50    0.00    0.00    0.50    0.00    0.00    0.00   89.22
22:14:29     all    9.77    0.00    0.50    0.25    0.00    0.25    0.00    0.00    0.00   89.22
22:14:30     all    9.52    0.00    0.50    0.00    0.00    0.00    0.00    0.00    0.00   89.97
22:14:31     all    9.30    0.00    0.25    0.00    0.00    0.25    0.00    0.00    0.00   90.20
22:14:32     all    9.52    0.00    0.50    0.00    0.00    0.00    0.00    0.00    0.00   89.97
22:14:33     all   10.03    0.00    0.25    0.00    0.00    0.25    0.00    0.00    0.00   89.47
22:14:34     all   10.25    0.00    0.50    0.00    0.00    0.25    0.00    0.00    0.00   89.00
22:14:35     all   11.06    0.00    1.51    0.25    0.00    0.25    0.00    0.00    0.00   86.93
22:14:36     all    9.75    0.00    0.25    0.00    0.00    0.25    0.00    0.00    0.00   89.75
22:14:37     all    9.57    0.00    0.50    0.00    0.00    0.00    0.00    0.00    0.00   89.92
22:14:38     all   10.03    0.00    0.25    0.00    0.00    0.25    0.00    0.00    0.00   89.47
22:14:39     all    9.77    0.00    0.25    0.00    0.00    0.25    0.00    0.00    0.00   89.72
22:14:40     all    9.39    0.00    0.25    0.25    0.00    0.00    0.00    0.00    0.00   90.10
22:14:41     all    9.50    0.00    0.50    0.00    0.00    0.25    0.00    0.00    0.00   89.75
22:14:42     all    9.55    0.00    0.25    0.00    0.00    0.25    0.00    0.00    0.00   89.95
22:14:43     all    9.98    0.00    0.50    0.00    0.00    0.25    0.00    0.00    0.00   89.28
22:14:44     all    9.82    0.00    0.25    0.00    0.00    0.00    0.00    0.00    0.00   89.92
22:14:45     all    9.80    0.00    0.50    0.00    0.00    0.25    0.00    0.00    0.00   89.45
22:14:46     all    9.27    0.00    0.25    0.00    0.00    0.25    0.00    0.00    0.00   90.23
22:14:47     all    9.30    0.00    0.50    0.00    0.00    0.00    0.00    0.00    0.00   90.20
22:14:48     all    9.30    0.00    0.50    0.00    0.00    0.25    0.00    0.00    0.00   89.95
22:14:49     all    9.27    0.00    0.50    0.00    0.00    0.50    0.00    0.00    0.00   89.72
22:14:50     all    9.55    0.00    0.25    0.25    0.00    0.25    0.00    0.00    0.00   89.70
22:14:51     all   10.03    0.00    0.50    0.00    0.00    0.50    0.00    0.00    0.00   88.97
22:14:52     all    9.80    0.00    0.25    0.00    0.00    0.25    0.00    0.00    0.00   89.70
22:14:53     all    9.60    0.00    0.25    0.00    0.00    0.00    0.00    0.00    0.00   90.15
22:14:54     all    9.23    0.00    0.75    0.00    0.00    0.25    0.00    0.00    0.00   89.78
22:14:55     all    9.60    0.00    0.25    0.25    0.00    0.25    0.00    0.00    0.00   89.65
22:14:56     all    9.80    0.00    0.25    0.00    0.00    0.00    0.00    0.00    0.00   89.95
22:14:57     all    9.77    0.00    0.75    0.00    0.00    0.00    0.00    0.00    0.00   89.47
22:14:58     all    9.34    0.00    0.25    0.00    0.00    0.00    0.00    0.00    0.00   90.40
22:14:59     all    9.07    0.00    0.50    0.00    0.00    0.00    0.00    0.00    0.00   90.43
22:15:00     all    9.55    0.00    0.50    0.25    0.00    0.00    0.00    0.00    0.00   89.70
22:15:01     all    9.55    0.00    0.50    0.00    0.00    0.00    0.00    0.00    0.00   89.95
22:15:02     all    9.32    0.00    0.25    0.00    0.00    0.00    0.00    0.00    0.00   90.43
22:15:03     all    9.30    0.00    0.25    0.00    0.00    0.25    0.00    0.00    0.00   90.20
22:15:04     all    9.09    0.00    0.51    0.00    0.00    0.00    0.00    0.00    0.00   90.40
22:15:05     all    9.32    0.00    0.50    0.00    0.00    0.00    0.00    0.00    0.00   90.18
22:15:06     all    9.07    0.00    0.25    0.25    0.00    0.00    0.00    0.00    0.00   90.43
22:15:07     all    9.27    0.00    0.50    0.00    0.00    0.00    0.00    0.00    0.00   90.23
22:15:08     all    8.82    0.00    0.25    0.00    0.00    0.00    0.00    0.00    0.00   90.93
22:15:09     all   10.10    0.00    0.25    0.00    0.00    0.00    0.00    0.00    0.00   89.65
22:15:10     all    9.52    0.00    0.25    0.00    0.00    0.00    0.00    0.00    0.00   90.23
22:15:11     all    9.30    0.00    0.25    0.00    0.00    0.00    0.00    0.00    0.00   90.45
22:15:12     all    9.82    0.00    0.50    0.00    0.00    0.00    0.00    0.00    0.00   89.67
22:15:13     all    9.32    0.00    0.50    0.00    0.00    0.00    0.00    0.00    0.00   90.18
22:15:14     all    9.27    0.00    0.50    0.00    0.00    0.00    0.00    0.00    0.00   90.23
22:15:15     all    9.32    0.00    0.76    0.00    0.00    0.00    0.00    0.00    0.00   89.92
22:15:16     all   10.25    0.00    0.25    0.00    0.00    0.25    0.00    0.00    0.00   89.25
22:15:17     all    9.32    0.00    0.50    0.00    0.00    0.00    0.00    0.00    0.00   90.18
22:15:18     all    9.32    0.00    0.25    0.25    0.00    0.00    0.00    0.00    0.00   90.18
22:15:19     all    9.77    0.00    0.50    0.00    0.00    0.25    0.00    0.00    0.00   89.47
22:15:20     all    9.34    0.00    0.25    0.00    0.00    0.00    0.00    0.00    0.00   90.40
22:15:21     all    9.27    0.00    0.50    0.00    0.00    0.25    0.00    0.00    0.00   89.97
22:15:22     all    9.50    0.00    0.50    0.00    0.00    0.25    0.00    0.00    0.00   89.75
22:15:23     all    9.77    0.00    0.50    0.00    0.00    0.25    0.00    0.00    0.00   89.47
22:15:24     all   10.00    0.00    0.75    0.25    0.00    0.00    0.00    0.00    0.00   89.00
22:15:25     all    9.77    0.00    0.50    0.00    0.00    0.25    0.00    0.00    0.00   89.47
22:15:26     all    9.55    0.00    0.25    0.00    0.00    0.00    0.00    0.00    0.00   90.20
22:15:27     all    9.05    0.00    0.50    0.00    0.00    0.00    0.00    0.00    0.00   90.45
22:15:28     all    9.60    0.00    0.25    0.00    0.00    0.00    0.00    0.00    0.00   90.15
22:15:29     all    9.32    0.00    0.50    0.00    0.00    0.00    0.00    0.00    0.00   90.18
22:15:30     all    9.05    0.00    0.25    0.00    0.00    0.00    0.00    0.00    0.00   90.70
22:15:31     all    9.80    0.00    0.50    0.00    0.00    0.00    0.00    0.00    0.00   89.70
22:15:32     all    9.57    0.00    0.25    0.00    0.00    0.00    0.00    0.00    0.00   90.18
22:15:33     all    9.32    0.00    0.50    0.00    0.00    0.00    0.00    0.00    0.00   90.18
22:15:34     all    8.61    0.00    0.25    0.00    0.00    0.00    0.00    0.00    0.00   91.14
22:15:35     all   10.25    0.00    1.50    0.00    0.00    0.25    0.00    0.00    0.00   88.00
22:15:36     all    9.57    0.00    0.25    0.25    0.00    0.00    0.00    0.00    0.00   89.92
22:15:37     all    9.02    0.00    0.75    0.00    0.00    0.00    0.00    0.00    0.00   90.23
22:15:38     all    9.34    0.00    0.25    0.00    0.00    0.00    0.00    0.00    0.00   90.40
22:15:39     all    9.34    0.00    0.25    0.00    0.00    0.00    0.00    0.00    0.00   90.40
22:15:40     all    9.30    0.00    0.50    0.00    0.00    0.00    0.00    0.00    0.00   90.20
22:15:41     all    9.55    0.00    0.25    0.50    0.00    0.00    0.00    0.00    0.00   89.70
22:15:42     all    9.80    0.00    0.50    0.00    0.00    0.00    0.00    0.00    0.00   89.70
22:15:43     all    9.57    0.00    0.25    0.00    0.00    0.00    0.00    0.00    0.00   90.18
22:15:44     all    9.32    0.00    0.50    0.00    0.00    0.00    0.00    0.00    0.00   90.18
22:15:45     all    9.85    0.00    0.25    0.00    0.00    0.00    0.00    0.00    0.00   89.90
22:15:46     all    9.32    0.00    0.50    0.00    0.00    0.00    0.00    0.00    0.00   90.18
22:15:47     all    9.80    0.00    0.25    0.00    0.00    0.00    0.00    0.00    0.00   89.95
22:15:48     all    9.82    0.00    0.50    0.00    0.00    0.00    0.00    0.00    0.00   89.67
22:15:49     all   10.30    0.00    0.50    0.00    0.00    0.00    0.00    0.00    0.00   89.20
22:15:50     all    9.80    0.00    0.50    0.00    0.00    0.00    0.00    0.00    0.00   89.70
22:15:51     all   10.08    0.00    0.50    0.76    0.00    0.00    0.00    0.00    0.00   88.66
22:15:52     all    9.80    0.00    0.50    0.00    0.00    0.00    0.00    0.00    0.00   89.70
22:15:53     all   10.28    0.00    0.25    0.00    0.00    0.00    0.00    0.00    0.00   89.47
22:15:54     all    9.57    0.00    0.76    0.00    0.00    0.00    0.00    0.00    0.00   89.67
22:15:55     all    9.82    0.00    0.25    0.00    0.00    0.00    0.00    0.00    0.00   89.92
22:15:56     all    9.82    0.00    0.50    0.00    0.00    0.00    0.00    0.00    0.00   89.67
22:15:57     all    9.60    0.00    0.25    0.00    0.00    0.00    0.00    0.00    0.00   90.15
22:15:58     all    9.82    0.00    0.50    0.00    0.00    0.00    0.00    0.00    0.00   89.67
22:15:59     all   10.28    0.00    0.00    0.00    0.00    0.00    0.00    0.00    0.00   89.72
22:16:00     all    9.80    0.00    0.25    0.00    0.00    0.25    0.00    0.00    0.00   89.70
22:16:01     all   10.05    0.00    0.50    0.00    0.00    0.00    0.00    0.00    0.00   89.45
22:16:02     all   10.03    0.00    0.50    0.50    0.00    0.00    0.00    0.00    0.00   88.97
22:16:03     all    9.60    0.00    0.25    0.00    0.00    0.00    0.00    0.00    0.00   90.15
22:16:04     all    9.82    0.00    0.50    0.00    0.00    0.00    0.00    0.00    0.00   89.67
22:16:05     all    9.60    0.00    0.25    0.00    0.00    0.00    0.00    0.00    0.00   90.15
22:16:06     all    9.57    0.00    0.50    0.00    0.00    0.00    0.00    0.00    0.00   89.92
22:16:07     all    9.50    0.00    0.50    0.00    0.00    0.25    0.00    0.00    0.00   89.75
22:16:08     all    9.55    0.00    0.25    0.25    0.00    0.00    0.00    0.00    0.00   89.95
22:16:09     all   10.55    0.00    0.50    0.00    0.00    0.00    0.00    0.00    0.00   88.94
22:16:10     all   10.05    0.00    0.25    0.00    0.00    0.00    0.00    0.00    0.00   89.70
22:16:11     all    9.62    0.00    0.25    0.00    0.00    0.00    0.00    0.00    0.00   90.13
22:16:12     all   10.05    0.00    0.50    0.00    0.00    0.00    0.00    0.00    0.00   89.45
22:16:13     all    9.82    0.00    0.50    0.00    0.00    0.00    0.00    0.00    0.00   89.67
22:16:14     all    9.82    0.00    0.50    0.25    0.00    0.00    0.00    0.00    0.00   89.42
22:16:15     all   10.35    0.00    0.51    0.00    0.00    0.00    0.00    0.00    0.00   89.14
22:16:16     all   10.03    0.00    0.75    0.00    0.00    0.00    0.00    0.00    0.00   89.22
22:16:17     all    9.82    0.00    0.25    0.00    0.00    0.00    0.00    0.00    0.00   89.92
22:16:18     all    9.60    0.00    0.25    0.00    0.00    0.00    0.00    0.00    0.00   90.15
22:16:19     all   10.30    0.00    0.50    0.00    0.00    0.00    0.00    0.00    0.00   89.20
22:16:20     all   10.08    0.00    0.25    0.25    0.00    0.00    0.00    0.00    0.00   89.42
22:16:21     all    9.82    0.00    0.25    0.00    0.00    0.00    0.00    0.00    0.00   89.92
22:16:22     all   10.08    0.00    0.50    0.00    0.00    0.00    0.00    0.00    0.00   89.42
22:16:23     all   10.05    0.00    0.25    0.00    0.00    0.00    0.00    0.00    0.00   89.70
22:16:24     all   10.30    0.00    0.25    0.00    0.00    0.00    0.00    0.00    0.00   89.45
22:16:25     all    9.37    0.00    0.51    0.00    0.00    0.00    0.00    0.00    0.00   90.13
22:16:26     all    9.27    0.00    0.25    0.00    0.00    0.25    0.00    0.00    0.00   90.23
22:16:27     all    9.32    0.00    0.50    0.00    0.00    0.00    0.00    0.00    0.00   90.18
22:16:28     all    9.32    0.00    0.25    0.00    0.00    0.00    0.00    0.00    0.00   90.43
22:16:29     all    9.34    0.00    0.25    0.00    0.00    0.00    0.00    0.00    0.00   90.40
22:16:30     all    9.07    0.00    0.25    0.00    0.00    0.00    0.00    0.00    0.00   90.68
22:16:31     all    9.77    0.00    0.50    0.50    0.00    0.00    0.00    0.00    0.00   89.22
22:16:32     all    9.57    0.00    0.25    0.00    0.00    0.00    0.00    0.00    0.00   90.18
22:16:33     all    9.75    0.00    0.75    0.00    0.00    0.00    0.00    0.00    0.00   89.50
22:16:34     all    9.80    0.00    0.25    0.00    0.00    0.25    0.00    0.00    0.00   89.70
22:16:35     all   10.30    0.00    1.51    0.00    0.00    0.25    0.00    0.00    0.00   87.94
22:16:36     all    9.30    0.00    0.50    0.00    0.00    0.25    0.00    0.00    0.00   89.95
22:16:37     all    9.57    0.00    0.25    0.00    0.00    0.25    0.00    0.00    0.00   89.92
22:16:38     all    9.52    0.00    0.50    0.00    0.00    0.25    0.00    0.00    0.00   89.72
22:16:39     all    9.57    0.00    0.25    0.00    0.00    0.00    0.00    0.00    0.00   90.18
22:16:40     all    9.77    0.00    0.25    0.00    0.00    0.00    0.00    0.00    0.00   89.97
22:16:41     all   10.05    0.00    0.25    0.00    0.00    0.25    0.00    0.00    0.00   89.45
22:16:42     all    9.55    0.00    0.50    0.00    0.00    0.00    0.00    0.00    0.00   89.95
22:16:43     all   10.20    0.00    0.50    0.25    0.00    0.50    0.00    0.00    0.00   88.56
22:16:44     all    9.57    0.00    0.50    0.00    0.00    0.25    0.00    0.00    0.00   89.67
22:16:45     all   10.50    0.00    0.25    0.00    0.00    0.25    0.00    0.00    0.00   89.00
22:16:46     all    9.57    0.00    0.50    0.00    0.00    0.00    0.00    0.00    0.00   89.92
22:16:47     all    9.80    0.00    0.50    0.00    0.00    0.25    0.00    0.00    0.00   89.45
22:16:48     all    9.62    0.00    0.51    0.00    0.00    0.00    0.00    0.00    0.00   89.87
22:16:49     all    9.77    0.00    0.75    0.25    0.00    0.00    0.00    0.00    0.00   89.22
22:16:50     all    9.87    0.00    0.25    0.00    0.00    0.00    0.00    0.00    0.00   89.87
22:16:51     all    9.34    0.00    0.25    0.00    0.00    0.00    0.00    0.00    0.00   90.40
22:16:52     all    8.98    0.00    0.50    0.00    0.00    0.75    0.00    0.00    0.00   89.78
22:16:53     all    9.57    0.00    0.25    0.00    0.00    0.00    0.00    0.00    0.00   90.18
22:16:54     all    9.80    0.00    0.50    0.25    0.00    0.25    0.00    0.00    0.00   89.20
22:16:55     all    9.30    0.00    0.25    0.00    0.00    0.25    0.00    0.00    0.00   90.20
22:16:56     all   10.03    0.00    0.25    0.00    0.00    0.25    0.00    0.00    0.00   89.47
22:16:57     all   10.03    0.00    0.50    0.00    0.00    0.25    0.00    0.00    0.00   89.22
22:16:58     all    9.32    0.00    0.50    0.00    0.00    0.25    0.00    0.00    0.00   89.92
22:16:59     all    9.82    0.00    0.25    0.00    0.00    0.00    0.00    0.00    0.00   89.92
22:17:00     all    9.48    0.00    0.50    0.25    0.00    0.25    0.00    0.00    0.00   89.53
22:17:01     all    9.48    0.00    0.75    0.25    0.00    0.50    0.00    0.00    0.00   89.03
22:17:02     all    9.52    0.00    0.25    0.00    0.00    0.00    0.00    0.00    0.00   90.23
22:17:03     all   10.08    0.00    0.25    0.00    0.00    0.00    0.00    0.00    0.00   89.67
22:17:04     all    9.55    0.00    0.50    0.00    0.00    0.00    0.00    0.00    0.00   89.95
22:17:05     all    9.55    0.00    0.75    0.00    0.00    0.00    0.00    0.00    0.00   89.70
22:17:06     all    9.60    0.00    0.51    0.00    0.00    0.00    0.00    0.00    0.00   89.90
22:17:07     all    9.30    0.00    0.50    0.00    0.00    0.00    0.00    0.00    0.00   90.20
22:17:08     all    9.80    0.00    0.25    0.00    0.00    0.00    0.00    0.00    0.00   89.95
22:17:09     all    9.52    0.00    0.50    0.00    0.00    0.25    0.00    0.00    0.00   89.72
22:17:10     all    9.30    0.00    0.50    0.00    0.00    0.00    0.00    0.00    0.00   90.20
22:17:11     all    9.55    0.00    0.25    0.25    0.00    0.00    0.00    0.00    0.00   89.95
22:17:12     all    9.34    0.00    0.25    0.00    0.00    0.00    0.00    0.00    0.00   90.40
22:17:13     all    9.32    0.00    0.50    0.00    0.00    0.00    0.00    0.00    0.00   90.18
22:17:14     all    9.52    0.00    0.50    0.00    0.00    0.00    0.00    0.00    0.00   89.97
22:17:15     all    9.62    0.00    0.25    0.00    0.00    0.00    0.00    0.00    0.00   90.13
22:17:16     all    9.55    0.00    0.50    0.00    0.00    0.00    0.00    0.00    0.00   89.95
22:17:17     all    9.57    0.00    0.25    0.00    0.00    0.00    0.00    0.00    0.00   90.18
22:17:18     all    9.27    0.00    0.75    0.00    0.00    0.00    0.00    0.00    0.00   89.97
22:17:19     all    9.57    0.00    0.50    0.00    0.00    0.00    0.00    0.00    0.00   89.92
22:17:20     all    9.30    0.00    0.25    0.00    0.00    0.00    0.00    0.00    0.00   90.45
22:17:21     all    9.80    0.00    0.50    0.00    0.00    0.00    0.00    0.00    0.00   89.70
22:17:22     all   10.03    0.00    0.50    0.25    0.00    0.25    0.00    0.00    0.00   88.97
22:17:23     all   10.28    0.00    0.25    0.00    0.00    0.00    0.00    0.00    0.00   89.47
22:17:24     all   10.25    0.00    0.50    0.00    0.00    0.25    0.00    0.00    0.00   89.00
22:17:25     all   10.05    0.00    0.75    0.00    0.00    0.00    0.00    0.00    0.00   89.20
22:17:26     all   10.55    0.00    0.25    0.00    0.00    0.25    0.00    0.00    0.00   88.94
22:17:27     all   10.28    0.00    0.50    0.00    0.00    0.25    0.00    0.00    0.00   88.97
22:17:28     all   10.53    0.00    0.25    0.25    0.00    0.50    0.00    0.00    0.00   88.47
22:17:29     all   10.35    0.00    0.51    0.00    0.00    0.00    0.00    0.00    0.00   89.14
22:17:30     all   11.06    0.00    0.25    0.00    0.00    0.25    0.00    0.00    0.00   88.44
22:17:31     all   11.03    0.00    0.50    0.00    0.00    0.00    0.00    0.00    0.00   88.47
22:17:32     all   11.06    0.00    0.25    0.00    0.00    0.00    0.00    0.00    0.00   88.69
22:17:33     all   10.83    0.00    0.50    0.00    0.00    0.00    0.00    0.00    0.00   88.66
22:17:34     all   10.50    0.00    0.25    0.50    0.00    0.25    0.00    0.00    0.00   88.50
22:17:35     all   11.06    0.00    1.51    0.00    0.00    0.25    0.00    0.00    0.00   87.19
22:17:36     all   10.80    0.00    0.50    0.00    0.00    0.00    0.00    0.00    0.00   88.69
22:17:37     all   10.78    0.00    0.25    0.00    0.00    0.25    0.00    0.00    0.00   88.72
22:17:38     all    9.80    0.00    0.50    0.00    0.00    0.25    0.00    0.00    0.00   89.45
22:17:39     all    8.98    0.00    0.75    0.00    0.00    0.00    0.00    0.00    0.00   90.27
22:17:40     all   10.08    0.00    0.25    0.00    0.00    0.25    0.00    0.00    0.00   89.42
22:17:41     all   10.30    0.00    0.50    0.00    0.00    0.25    0.00    0.00    0.00   88.94
22:17:42     all   10.53    0.00    0.50    0.00    0.00    0.00    0.00    0.00    0.00   88.97
22:17:43     all   10.33    0.00    0.50    0.00    0.00    0.50    0.00    0.00    0.00   88.66
22:17:44     all   10.75    0.00    0.25    0.00    0.00    0.25    0.00    0.00    0.00   88.75
22:17:45     all   10.53    0.00    0.75    0.25    0.00    0.25    0.00    0.00    0.00   88.22
22:17:46     all   11.00    0.00    0.50    0.00    0.00    0.25    0.00    0.00    0.00   88.25
22:17:47     all   10.55    0.00    0.25    0.00    0.00    0.25    0.00    0.00    0.00   88.94
22:17:48     all   10.58    0.00    0.50    0.00    0.00    0.25    0.00    0.00    0.00   88.66
22:17:49     all   11.00    0.00    0.50    0.00    0.00    0.00    0.00    0.00    0.00   88.50
22:17:50     all    9.82    0.00    0.25    0.00    0.00    0.25    0.00    0.00    0.00   89.67
22:17:51     all   10.25    0.00    0.50    0.00    0.00    0.25    0.00    0.00    0.00   89.00
22:17:52     all   10.13    0.00    0.25    0.00    0.00    0.00    0.00    0.00    0.00   89.62
22:17:53     all   10.53    0.00    0.75    0.00    0.00    0.00    0.00    0.00    0.00   88.72
22:17:54     all   10.30    0.00    0.25    0.00    0.00    0.00    0.00    0.00    0.00   89.45
22:17:55     all    9.85    0.00    0.25    0.00    0.00    0.00    0.00    0.00    0.00   89.90
22:17:56     all    9.77    0.00    0.25    0.50    0.00    0.00    0.00    0.00    0.00   89.47
22:17:57     all    9.85    0.00    0.51    0.00    0.00    0.00    0.00    0.00    0.00   89.65
22:17:58     all   10.03    0.00    0.50    0.00    0.00    0.00    0.00    0.00    0.00   89.47
22:17:59     all   10.08    0.00    0.25    0.00    0.00    0.00    0.00    0.00    0.00   89.67
22:18:00     all   10.10    0.00    0.25    0.00    0.00    0.00    0.00    0.00    0.00   89.65
22:18:01     all    9.80    0.00    0.25    0.00    0.00    0.00    0.00    0.00    0.00   89.95
22:18:02     all    9.90    0.00    0.25    0.00    0.00    0.00    0.00    0.00    0.00   89.85
22:18:03     all   10.95    0.00    0.50    0.00    0.00    0.00    0.00    0.00    0.00   88.56
22:18:04     all   10.33    0.00    0.50    0.00    0.00    0.00    0.00    0.00    0.00   89.17
22:18:05     all   10.80    0.00    0.50    0.00    0.00    0.00    0.00    0.00    0.00   88.69
22:18:06     all   10.55    0.00    0.50    0.00    0.00    0.00    0.00    0.00    0.00   88.94
22:18:07     all   10.33    0.00    0.50    0.00    0.00    0.00    0.00    0.00    0.00   89.17
22:18:08     all   10.30    0.00    0.75    0.25    0.00    0.00    0.00    0.00    0.00   88.69
22:18:09     all   10.61    0.00    0.25    0.00    0.00    0.00    0.00    0.00    0.00   89.14
22:18:10     all   10.78    0.00    0.25    0.00    0.00    0.00    0.00    0.00    0.00   88.97
22:18:11     all    9.80    0.00    0.50    0.00    0.00    0.00    0.00    0.00    0.00   89.70
22:18:12     all    9.85    0.00    0.51    0.00    0.00    0.25    0.00    0.00    0.00   89.39
22:18:13     all    9.55    0.00    0.25    0.00    0.00    0.25    0.00    0.00    0.00   89.95
22:18:14     all    9.55    0.00    0.75    0.00    0.00    0.00    0.00    0.00    0.00   89.70
22:18:15     all   10.30    0.00    0.25    0.00    0.00    0.00    0.00    0.00    0.00   89.45
22:18:16     all    9.30    0.00    0.50    0.25    0.00    0.00    0.00    0.00    0.00   89.95
22:18:17     all    9.55    0.00    0.50    0.00    0.00    0.00    0.00    0.00    0.00   89.95
22:18:18     all    9.57    0.00    0.50    0.00    0.00    0.00    0.00    0.00    0.00   89.92
22:18:19     all    9.77    0.00    0.50    0.25    0.00    0.25    0.00    0.00    0.00   89.22
22:18:20     all   10.25    0.00    0.25    0.00    0.00    0.25    0.00    0.00    0.00   89.25
22:18:21     all   10.15    0.00    0.25    0.00    0.00    0.00    0.00    0.00    0.00   89.59
22:18:22     all    9.52    0.00    0.75    0.00    0.00    0.00    0.00    0.00    0.00   89.72
22:18:23     all   10.10    0.00    0.00    0.00    0.00    0.00    0.00    0.00    0.00   89.90
22:18:24     all    9.82    0.00    0.76    0.00    0.00    0.25    0.00    0.00    0.00   89.17
22:18:25     all   10.25    0.00    0.25    0.00    0.00    0.00    0.00    0.00    0.00   89.50
22:18:26     all    9.82    0.00    0.50    0.00    0.00    0.00    0.00    0.00    0.00   89.67
22:18:27     all    9.80    0.00    0.50    0.00    0.00    0.25    0.00    0.00    0.00   89.45
22:18:28     all    9.80    0.00    0.50    0.00    0.00    0.00    0.00    0.00    0.00   89.70
22:18:29     all   10.00    0.00    0.75    0.25    0.00    0.00    0.00    0.00    0.00   89.00
22:18:30     all    9.82    0.00    0.25    0.00    0.00    0.25    0.00    0.00    0.00   89.67
22:18:31     all    9.80    0.00    0.25    0.00    0.00    0.25    0.00    0.00    0.00   89.70
22:18:32     all    9.34    0.00    0.25    0.00    0.00    0.25    0.00    0.00    0.00   90.15
22:18:33     all    9.07    0.00    0.50    0.00    0.00    0.00    0.00    0.00    0.00   90.43
22:18:34     all    9.34    0.00    0.51    0.00    0.00    0.00    0.00    0.00    0.00   90.15
22:18:35     all   10.00    0.00    1.25    0.00    0.00    0.50    0.00    0.00    0.00   88.25
22:18:36     all    9.05    0.00    0.75    0.00    0.00    0.00    0.00    0.00    0.00   90.20
22:18:37     all    9.60    0.00    0.25    0.00    0.00    0.00    0.00    0.00    0.00   90.15
22:18:38     all    9.52    0.00    0.50    0.00    0.00    0.00    0.00    0.00    0.00   89.97
22:18:39     all    8.84    0.00    0.25    0.25    0.00    0.00    0.00    0.00    0.00   90.66
22:18:40     all    9.55    0.00    0.25    0.00    0.00    0.25    0.00    0.00    0.00   89.95
22:18:41     all   10.03    0.00    0.50    0.00    0.00    0.00    0.00    0.00    0.00   89.47
22:18:42     all    9.30    0.00    0.50    0.00    0.00    0.00    0.00    0.00    0.00   90.20
22:18:43     all    9.52    0.00    0.25    0.00    0.00    0.25    0.00    0.00    0.00   89.97
22:18:44     all    9.34    0.00    0.25    0.00    0.00    0.00    0.00    0.00    0.00   90.40
22:18:45     all   10.03    0.00    0.50    0.25    0.00    0.25    0.00    0.00    0.00   88.97
22:18:46     all   10.08    0.00    0.25    0.00    0.00    0.25    0.00    0.00    0.00   89.42
22:18:47     all   10.00    0.00    0.25    0.00    0.00    0.25    0.00    0.00    0.00   89.50
22:18:48     all    9.52    0.00    0.50    0.00    0.00    0.25    0.00    0.00    0.00   89.72
22:18:49     all    9.57    0.00    0.25    0.00    0.00    0.25    0.00    0.00    0.00   89.92
22:18:50     all    9.80    0.00    0.25    0.25    0.00    0.00    0.00    0.00    0.00   89.70
22:18:51     all   10.50    0.00    0.50    0.00    0.00    0.50    0.00    0.00    0.00   88.50
22:18:52     all   10.53    0.00    0.75    0.00    0.00    0.25    0.00    0.00    0.00   88.47
22:18:53     all   10.55    0.00    0.25    0.00    0.00    0.25    0.00    0.00    0.00   88.94
22:18:54     all    9.80    0.00    0.25    0.00    0.00    0.25    0.00    0.00    0.00   89.70
22:18:55     all    9.77    0.00    0.50    0.00    0.00    0.25    0.00    0.00    0.00   89.47
22:18:56     all   10.35    0.00    0.51    0.00    0.00    0.00    0.00    0.00    0.00   89.14
22:18:57     all   10.30    0.00    0.25    0.00    0.00    0.00    0.00    0.00    0.00   89.45
22:18:58     all   10.33    0.00    0.50    0.00    0.00    0.00    0.00    0.00    0.00   89.17
22:18:59     all   10.61    0.00    0.51    0.00    0.00    0.00    0.00    0.00    0.00   88.89
22:19:00     all   10.58    0.00    0.25    0.00    0.00    0.00    0.00    0.00    0.00   89.17
22:19:01     all   10.33    0.00    0.25    0.25    0.00    0.00    0.00    0.00    0.00   89.17
22:19:02     all   10.05    0.00    0.50    0.00    0.00    0.00    0.00    0.00    0.00   89.45
22:19:03     all   10.28    0.00    0.50    0.00    0.00    0.00    0.00    0.00    0.00   89.22
22:19:04     all   10.28    0.00    0.75    0.00    0.00    0.00    0.00    0.00    0.00   88.97
22:19:05     all    9.82    0.00    0.25    0.00    0.00    0.00    0.00    0.00    0.00   89.92
22:19:06     all    9.60    0.00    0.51    0.00    0.00    0.00    0.00    0.00    0.00   89.90
22:19:07     all    9.77    0.00    0.50    0.00    0.00    0.00    0.00    0.00    0.00   89.72
22:19:08     all    9.09    0.00    0.25    0.00    0.00    0.00    0.00    0.00    0.00   90.66
22:19:09     all    9.85    0.00    0.25    0.00    0.00    0.00    0.00    0.00    0.00   89.90
22:19:10     all   10.03    0.00    0.50    0.00    0.00    0.25    0.00    0.00    0.00   89.22
22:19:11     all   10.25    0.00    0.25    0.50    0.00    0.25    0.00    0.00    0.00   88.75
22:19:12     all    9.82    0.00    0.50    0.00    0.00    0.00    0.00    0.00    0.00   89.67
22:19:13     all   10.53    0.00    0.25    0.00    0.00    0.25    0.00    0.00    0.00   88.97
22:19:14     all   10.00    0.00    0.50    0.00    0.00    0.25    0.00    0.00    0.00   89.25
22:19:15     all   10.53    0.00    0.50    0.00    0.00    0.25    0.00    0.00    0.00   88.72
22:19:16     all   10.30    0.00    0.25    0.00    0.00    0.00    0.00    0.00    0.00   89.45
22:19:17     all   10.25    0.00    0.25    0.00    0.00    0.50    0.00    0.00    0.00   89.00
22:19:18     all    9.80    0.00    0.75    0.00    0.00    0.25    0.00    0.00    0.00   89.20
22:19:19     all   10.05    0.00    0.25    0.00    0.00    0.25    0.00    0.00    0.00   89.45
22:19:20     all   10.08    0.00    0.25    0.00    0.00    0.25    0.00    0.00    0.00   89.42
22:19:21     all   10.00    0.00    1.00    0.00    0.00    0.00    0.00    0.00    0.00   89.00
22:19:22     all   10.33    0.00    0.25    0.00    0.00    0.25    0.00    0.00    0.00   89.17
22:19:23     all   10.55    0.00    0.25    0.00    0.00    0.25    0.00    0.00    0.00   88.94
22:19:24     all   10.10    0.00    0.51    0.00    0.00    0.00    0.00    0.00    0.00   89.39
22:19:25     all   10.55    0.00    0.25    0.00    0.00    0.00    0.00    0.00    0.00   89.20
22:19:26     all   10.30    0.00    0.25    0.00    0.00    0.00    0.00    0.00    0.00   89.45
22:19:27     all   10.55    0.00    0.75    0.00    0.00    0.00    0.00    0.00    0.00   88.69
22:19:28     all   10.33    0.00    0.50    0.00    0.00    0.00    0.00    0.00    0.00   89.17
22:19:29     all   10.35    0.00    0.51    0.51    0.00    0.00    0.00    0.00    0.00   88.64
22:19:30     all    9.30    0.00    0.50    0.00    0.00    0.25    0.00    0.00    0.00   89.95
22:19:31     all    9.82    0.00    0.25    0.00    0.00    0.00    0.00    0.00    0.00   89.92
22:19:32     all    9.85    0.00    0.51    0.00    0.00    0.00    0.00    0.00    0.00   89.65
22:19:33     all    9.77    0.00    0.75    0.00    0.00    0.00    0.00    0.00    0.00   89.47
22:19:34     all    9.85    0.00    0.25    0.00    0.00    0.00    0.00    0.00    0.00   89.90
22:19:35     all   10.10    0.00    1.77    0.00    0.00    0.25    0.00    0.00    0.00   87.88
22:19:36     all    9.32    0.00    0.50    0.00    0.00    0.00    0.00    0.00    0.00   90.18
22:19:37     all    9.80    0.00    0.25    0.00    0.00    0.00    0.00    0.00    0.00   89.95
22:19:38     all    9.55    0.00    0.50    0.00    0.00    0.00    0.00    0.00    0.00   89.95
22:19:39     all    9.80    0.00    0.25    0.00    0.00    0.00    0.00    0.00    0.00   89.95
22:19:40     all    9.57    0.00    0.50    0.00    0.00    0.00    0.00    0.00    0.00   89.92
22:19:41     all   10.05    0.00    0.25    0.25    0.00    0.00    0.00    0.00    0.00   89.45
22:19:42     all    9.05    0.00    0.50    0.00    0.00    0.00    0.00    0.00    0.00   90.45
22:19:43     all    9.80    0.00    0.50    0.00    0.00    0.00    0.00    0.00    0.00   89.70
22:19:44     all   10.08    0.00    0.25    0.00    0.00    0.00    0.00    0.00    0.00   89.67
22:19:45     all    9.27    0.00    0.25    0.00    0.00    0.25    0.00    0.00    0.00   90.23
22:19:46     all    9.52    0.00    0.25    0.00    0.00    0.25    0.00    0.00    0.00   89.97
22:19:47     all    9.80    0.00    0.50    0.25    0.00    0.00    0.00    0.00    0.00   89.45
22:19:48     all    9.55    0.00    0.75    0.00    0.00    0.00    0.00    0.00    0.00   89.70
22:19:49     all    9.82    0.00    0.25    0.00    0.00    0.00    0.00    0.00    0.00   89.92
22:19:50     all    9.60    0.00    0.25    0.00    0.00    0.00    0.00    0.00    0.00   90.15
22:19:51     all    9.80    0.00    0.50    0.00    0.00    0.00    0.00    0.00    0.00   89.70
22:19:52     all    9.85    0.00    0.51    0.00    0.00    0.00    0.00    0.00    0.00   89.65
22:19:53     all    9.57    0.00    0.50    0.00    0.00    0.00    0.00    0.00    0.00   89.92
22:19:54     all   10.00    0.00    0.25    0.25    0.00    0.25    0.00    0.00    0.00   89.25
22:19:55     all   10.08    0.00    0.00    0.00    0.00    0.00    0.00    0.00    0.00   89.92
22:19:56     all    9.30    0.00    0.50    0.00    0.00    0.25    0.00    0.00    0.00   89.95
22:19:57     all   10.47    0.00    0.50    0.00    0.00    0.25    0.00    0.00    0.00   88.78
22:19:58     all   10.61    0.00    0.25    0.25    0.00    0.00    0.00    0.00    0.00   88.89
22:19:59     all   10.10    0.00    0.51    0.00    0.00    0.00    0.00    0.00    0.00   89.39
22:20:00     all   10.28    0.00    0.50    0.00    0.00    0.00    0.00    0.00    0.00   89.22
22:20:01     all   10.78    0.00    0.50    0.75    0.00    0.25    0.00    0.00    0.00   87.72
22:20:02     all   10.30    0.00    0.50    0.00    0.00    0.25    0.00    0.00    0.00   88.94
22:20:03     all    9.80    0.00    0.75    0.00    0.00    0.25    0.00    0.00    0.00   89.20
22:20:04     all   11.06    0.00    0.25    0.00    0.00    0.50    0.00    0.00    0.00   88.19
22:20:05     all   11.03    0.00    0.25    0.00    0.00    0.00    0.00    0.00    0.00   88.72
22:20:06     all    9.60    0.00    0.25    0.00    0.00    0.25    0.00    0.00    0.00   89.90
22:20:07     all   10.03    0.00    0.75    0.00    0.00    0.25    0.00    0.00    0.00   88.97
22:20:08     all   10.83    0.00    0.25    0.00    0.00    0.00    0.00    0.00    0.00   88.92
22:20:09     all   11.00    0.00    0.50    0.00    0.00    0.25    0.00    0.00    0.00   88.25
22:20:10     all   10.33    0.00    0.50    0.00    0.00    0.25    0.00    0.00    0.00   88.92
22:20:11     all   10.78    0.00    0.25    0.00    0.00    0.25    0.00    0.00    0.00   88.72
22:20:12     all   10.08    0.00    0.76    0.00    0.00    0.25    0.00    0.00    0.00   88.92
22:20:13     all   10.47    0.00    0.50    0.50    0.00    0.25    0.00    0.00    0.00   88.28
22:20:14     all   10.78    0.00    0.25    0.00    0.00    0.25    0.00    0.00    0.00   88.72
22:20:15     all   10.35    0.00    0.51    0.00    0.00    0.25    0.00    0.00    0.00   88.89
22:20:16     all   10.55    0.00    0.50    0.00    0.00    0.25    0.00    0.00    0.00   88.69
22:20:17     all   10.25    0.00    0.50    0.00    0.00    0.50    0.00    0.00    0.00   88.75
22:20:18     all   10.00    0.00    0.25    0.00    0.00    0.25    0.00    0.00    0.00   89.50
22:20:19     all   10.10    0.00    0.25    0.25    0.00    0.25    0.00    0.00    0.00   89.14
22:20:20     all    9.98    0.00    0.50    0.00    0.00    0.25    0.00    0.00    0.00   89.28
22:20:21     all   10.33    0.00    0.25    0.00    0.00    0.25    0.00    0.00    0.00   89.17
22:20:22     all   10.13    0.00    0.51    0.00    0.00    0.00    0.00    0.00    0.00   89.37
22:20:23     all    9.52    0.00    0.50    0.00    0.00    0.25    0.00    0.00    0.00   89.72
22:20:24     all   10.30    0.00    0.25    0.25    0.00    0.25    0.00    0.00    0.00   88.94
22:20:25     all   10.55    0.00    0.50    0.00    0.00    0.00    0.00    0.00    0.00   88.94
22:20:26     all    9.77    0.00    0.50    0.00    0.00    0.25    0.00    0.00    0.00   89.47
22:20:27     all   10.58    0.00    0.50    0.00    0.00    0.25    0.00    0.00    0.00   88.66
22:20:28     all   10.55    0.00    0.50    0.00    0.00    0.25    0.00    0.00    0.00   88.69
22:20:29     all   10.25    0.00    0.75    0.00    0.00    0.00    0.00    0.00    0.00   89.00
22:20:30     all    9.57    0.00    0.50    0.00    0.00    0.25    0.00    0.00    0.00   89.67
22:20:31     all    9.30    0.00    0.50    0.00    0.00    0.00    0.00    0.00    0.00   90.20
22:20:32     all    9.50    0.00    0.50    0.00    0.00    0.50    0.00    0.00    0.00   89.50
22:20:33     all   10.08    0.00    0.25    0.00    0.00    0.00    0.00    0.00    0.00   89.67
22:20:34     all   10.03    0.00    0.25    0.00    0.00    0.25    0.00    0.00    0.00   89.47
22:20:35     all   10.13    0.00    1.27    0.00    0.00    0.25    0.00    0.00    0.00   88.35
22:20:36     all    9.55    0.00    0.25    0.00    0.00    0.00    0.00    0.00    0.00   90.20
22:20:37     all    9.52    0.00    0.25    0.00    0.00    0.00    0.00    0.00    0.00   90.23
22:20:38     all    8.88    0.00    0.51    0.00    0.00    0.00    0.00    0.00    0.00   90.61
22:20:39     all    9.00    0.00    0.50    0.50    0.00    0.00    0.00    0.00    0.00   90.00
22:20:40     all    9.09    0.00    0.25    0.00    0.00    0.25    0.00    0.00    0.00   90.40
22:20:41     all    9.27    0.00    0.25    0.00    0.00    0.25    0.00    0.00    0.00   90.23
22:20:42     all    9.57    0.00    0.50    0.00    0.00    0.25    0.00    0.00    0.00   89.67
22:20:43     all    9.27    0.00    0.50    0.00    0.00    0.25    0.00    0.00    0.00   89.97
22:20:44     all    9.85    0.00    0.25    0.00    0.00    0.25    0.00    0.00    0.00   89.65
22:20:45     all    9.75    0.00    0.50    0.00    0.00    0.25    0.00    0.00    0.00   89.50
22:20:46     all    9.30    0.00    0.25    0.00    0.00    0.25    0.00    0.00    0.00   90.20
22:20:47     all    9.07    0.00    0.50    0.00    0.00    0.25    0.00    0.00    0.00   90.18
22:20:48     all    9.80    0.00    0.50    0.00    0.00    0.00    0.00    0.00    0.00   89.70
22:20:49     all   10.55    0.00    0.25    0.00    0.00    0.00    0.00    0.00    0.00   89.20
22:20:50     all   10.05    0.00    1.01    0.25    0.00    0.00    0.00    0.00    0.00   88.69
22:20:51     all   10.58    0.00    0.25    0.00    0.00    0.00    0.00    0.00    0.00   89.17
22:20:52     all   10.08    0.00    0.50    0.00    0.00    0.00    0.00    0.00    0.00   89.42
22:20:53     all   10.55    0.00    0.50    0.00    0.00    0.25    0.00    0.00    0.00   88.69
22:20:54     all   10.58    0.00    0.25    0.00    0.00    0.00    0.00    0.00    0.00   89.17
22:20:55     all   10.00    0.00    0.25    0.50    0.00    0.50    0.00    0.00    0.00   88.75
22:20:56     all   10.28    0.00    0.25    0.00    0.00    0.25    0.00    0.00    0.00   89.22
22:20:57     all    9.60    0.00    0.51    0.00    0.00    0.00    0.00    0.00    0.00   89.90
22:20:58     all   10.25    0.00    0.50    0.00    0.00    0.25    0.00    0.00    0.00   89.00
22:20:59     all   10.28    0.00    0.25    0.00    0.00    0.25    0.00    0.00    0.00   89.22
22:21:00     all    9.75    0.00    0.75    0.25    0.00    0.00    0.00    0.00    0.00   89.25
22:21:01     all    9.09    0.00    0.25    0.00    0.00    0.25    0.00    0.00    0.00   90.40
22:21:02     all    9.50    0.00    0.25    0.00    0.00    0.25    0.00    0.00    0.00   90.00
22:21:03     all    9.30    0.00    0.25    0.00    0.00    0.25    0.00    0.00    0.00   90.20
22:21:04     all    9.80    0.00    0.25    0.00    0.00    0.25    0.00    0.00    0.00   89.70
22:21:05     all    9.82    0.00    0.25    0.00    0.00    0.00    0.00    0.00    0.00   89.92
22:21:06     all    9.30    0.00    0.25    0.00    0.00    0.25    0.00    0.00    0.00   90.20
22:21:07     all    9.77    0.00    0.25    0.00    0.00    0.25    0.00    0.00    0.00   89.72
22:21:08     all    9.02    0.00    0.50    0.00    0.00    0.50    0.00    0.00    0.00   89.97
22:21:09     all   10.03    0.00    0.25    0.00    0.00    0.25    0.00    0.00    0.00   89.47
22:21:10     all    9.62    0.00    0.51    0.00    0.00    0.25    0.00    0.00    0.00   89.62
22:21:11     all   10.05    0.00    0.25    0.00    0.00    0.00    0.00    0.00    0.00   89.70
22:21:12     all   10.05    0.00    0.25    0.00    0.00    0.00    0.00    0.00    0.00   89.70
22:21:13     all   10.05    0.00    0.50    0.00    0.00    0.25    0.00    0.00    0.00   89.20
22:21:14     all   10.25    0.00    0.50    0.00    0.00    0.25    0.00    0.00    0.00   89.00
22:21:15     all   10.05    0.00    0.25    0.25    0.00    0.25    0.00    0.00    0.00   89.20
22:21:16     all   10.30    0.00    0.25    0.00    0.00    0.25    0.00    0.00    0.00   89.20
22:21:17     all    9.05    0.00    0.25    0.00    0.00    0.25    0.00    0.00    0.00   90.45
22:21:18     all    9.75    0.00    0.25    0.00    0.00    0.00    0.00    0.00    0.00   90.00
22:21:19     all   10.50    0.00    0.25    0.00    0.00    0.25    0.00    0.00    0.00   89.00
22:21:20     all    9.57    0.00    0.50    0.25    0.00    0.25    0.00    0.00    0.00   89.42
22:21:21     all   10.28    0.00    0.25    0.00    0.00    0.25    0.00    0.00    0.00   89.22
22:21:22     all   10.33    0.00    0.25    0.00    0.00    0.00    0.00    0.00    0.00   89.42
22:21:23     all    9.77    0.00    0.50    0.00    0.00    0.25    0.00    0.00    0.00   89.47
22:21:24     all   10.03    0.00    0.25    0.00    0.00    0.25    0.00    0.00    0.00   89.47
22:21:25     all   10.00    0.00    0.75    0.50    0.00    0.50    0.00    0.00    0.00   88.25
22:21:26     all    9.80    0.00    0.50    0.00    0.00    0.25    0.00    0.00    0.00   89.45
22:21:27     all    9.57    0.00    0.50    0.00    0.00    0.00    0.00    0.00    0.00   89.92
22:21:28     all   10.35    0.00    0.51    0.00    0.00    0.00    0.00    0.00    0.00   89.14
22:21:29     all   10.50    0.00    0.50    0.00    0.00    0.00    0.00    0.00    0.00   89.00
22:21:30     all   10.86    0.00    0.25    0.00    0.00    0.00    0.00    0.00    0.00   88.89
22:21:31     all   10.86    0.00    0.25    0.00    0.00    0.00    0.00    0.00    0.00   88.89
22:21:32     all    9.57    0.00    0.76    0.00    0.00    0.00    0.00    0.00    0.00   89.67
22:21:33     all   10.08    0.00    0.25    0.00    0.00    0.00    0.00    0.00    0.00   89.67
22:21:34     all   10.58    0.00    0.50    0.00    0.00    0.00    0.00    0.00    0.00   88.92
22:21:35     all   10.83    0.00    1.26    0.00    0.00    0.25    0.00    0.00    0.00   87.66
22:21:36     all   10.61    0.00    0.51    0.25    0.00    0.00    0.00    0.00    0.00   88.64
22:21:37     all   10.53    0.00    0.50    0.00    0.00    0.00    0.00    0.00    0.00   88.97
22:21:38     all   10.55    0.00    0.50    0.00    0.00    0.00    0.00    0.00    0.00   88.94
22:21:39     all   10.35    0.00    0.51    0.00    0.00    0.00    0.00    0.00    0.00   89.14
22:21:40     all   10.78    0.00    0.25    0.00    0.00    0.00    0.00    0.00    0.00   88.97
22:21:41     all   10.33    0.00    0.50    0.00    0.00    0.00    0.00    0.00    0.00   89.17
22:21:42     all   10.13    0.00    0.25    0.00    0.00    0.00    0.00    0.00    0.00   89.62
22:21:43     all    9.82    0.00    0.50    0.00    0.00    0.00    0.00    0.00    0.00   89.67
22:21:44     all   10.53    0.00    0.50    0.25    0.00    0.00    0.00    0.00    0.00   88.72
22:21:45     all   10.83    0.00    0.25    0.00    0.00    0.00    0.00    0.00    0.00   88.92
22:21:46     all   10.53    0.00    0.75    0.00    0.00    0.00    0.00    0.00    0.00   88.72
22:21:47     all   10.58    0.00    0.76    0.00    0.00    0.00    0.00    0.00    0.00   88.66
22:21:48     all   10.63    0.00    0.25    0.00    0.00    0.00    0.00    0.00    0.00   89.11
22:21:49     all   10.78    0.00    0.50    0.00    0.00    0.00    0.00    0.00    0.00   88.72
22:21:50     all   10.35    0.00    0.25    0.00    0.00    0.00    0.00    0.00    0.00   89.39
22:21:51     all   10.25    0.00    0.75    0.00    0.00    0.25    0.00    0.00    0.00   88.75
22:21:52     all   10.33    0.00    0.50    0.00    0.00    0.00    0.00    0.00    0.00   89.17
22:21:53     all    9.80    0.00    0.75    0.00    0.00    0.00    0.00    0.00    0.00   89.45
22:21:54     all   10.05    0.00    0.25    0.50    0.00    0.00    0.00    0.00    0.00   89.20
22:21:55     all   10.30    0.00    0.50    0.00    0.00    0.00    0.00    0.00    0.00   89.20
22:21:56     all   10.13    0.00    0.51    0.00    0.00    0.00    0.00    0.00    0.00   89.37
22:21:57     all   10.28    0.00    0.50    0.00    0.00    0.25    0.00    0.00    0.00   88.97
22:21:58     all   10.03    0.00    0.50    0.00    0.00    0.25    0.00    0.00    0.00   89.22
22:21:59     all   10.03    0.00    0.25    0.00    0.00    0.25    0.00    0.00    0.00   89.47
22:22:00     all   10.08    0.00    0.50    0.00    0.00    0.25    0.00    0.00    0.00   89.17
22:22:01     all    9.77    0.00    0.25    0.00    0.00    0.50    0.00    0.00    0.00   89.47
22:22:02     all    9.80    0.00    0.50    0.00    0.00    0.00    0.00    0.00    0.00   89.70
22:22:03     all    9.80    0.00    0.25    0.00    0.00    0.00    0.00    0.00    0.00   89.95
22:22:04     all    9.82    0.00    0.00    0.00    0.00    0.50    0.00    0.00    0.00   89.67
22:22:05     all    9.30    0.00    0.50    0.00    0.00    0.00    0.00    0.00    0.00   90.20
22:22:06     all    9.32    0.00    0.25    0.00    0.00    0.25    0.00    0.00    0.00   90.18
22:22:07     all    9.52    0.00    0.50    0.25    0.00    0.00    0.00    0.00    0.00   89.72
22:22:08     all    9.00    0.00    0.25    0.00    0.00    0.25    0.00    0.00    0.00   90.50
22:22:09     all    9.05    0.00    0.50    0.00    0.00    0.00    0.00    0.00    0.00   90.45
22:22:10     all    9.09    0.00    0.51    0.00    0.00    0.25    0.00    0.00    0.00   90.15
22:22:11     all    9.80    0.00    0.25    0.25    0.00    0.00    0.00    0.00    0.00   89.70
22:22:12     all    9.80    0.00    0.25    0.00    0.00    0.00    0.00    0.00    0.00   89.95
22:22:13     all    9.77    0.00    0.50    0.00    0.00    0.00    0.00    0.00    0.00   89.72
22:22:14     all    9.77    0.00    0.75    0.00    0.00    0.25    0.00    0.00    0.00   89.22
22:22:15     all    9.77    0.00    0.50    0.00    0.00    0.00    0.00    0.00    0.00   89.72
22:22:16     all    9.57    0.00    0.25    0.00    0.00    0.25    0.00    0.00    0.00   89.92
22:22:17     all    9.55    0.00    0.50    0.25    0.00    0.50    0.00    0.00    0.00   89.20
22:22:18     all    9.50    0.00    0.25    0.00    0.00    0.25    0.00    0.00    0.00   90.00
22:22:19     all   10.53    0.00    0.25    0.00    0.00    0.00    0.00    0.00    0.00   89.22
22:22:20     all    9.30    0.00    0.50    0.00    0.00    0.00    0.00    0.00    0.00   90.20
22:22:21     all    9.37    0.00    0.25    0.00    0.00    0.00    0.00    0.00    0.00   90.38
22:22:22     all    9.30    0.00    0.25    0.00    0.00    0.00    0.00    0.00    0.00   90.45
22:22:23     all    9.37    0.00    0.25    0.00    0.00    0.00    0.00    0.00    0.00   90.38
22:22:24     all    9.52    0.00    0.50    0.00    0.00    0.00    0.00    0.00    0.00   89.97
22:22:25     all    9.09    0.00    0.25    0.00    0.00    0.00    0.00    0.00    0.00   90.66
22:22:26     all    8.79    0.00    0.50    0.00    0.00    0.00    0.00    0.00    0.00   90.70
Average:     all   12.11    0.00    0.53    0.04    0.00    0.29    0.00    0.00    0.00   87.03
