Linux 6.8.0-1064-azure (csb-bench-host-azure) 	08/18/26 	_x86_64_	(4 CPU)

01:16:26     CPU    %usr   %nice    %sys %iowait    %irq   %soft  %steal  %guest  %gnice   %idle
01:16:27     all   81.79    0.00    5.90    0.00    0.00    0.77    0.00    0.00    0.00   11.54
01:16:28     all   72.01    0.00    2.54    0.00    0.00    2.54    0.00    0.00    0.00   22.90
01:16:29     all   72.08    0.00    2.03    0.00    0.00    3.05    0.00    0.00    0.00   22.84
01:16:30     all   73.16    0.00    2.53    0.00    0.00    3.04    0.00    0.00    0.00   21.27
01:16:31     all   71.54    0.00    2.56    0.00    0.00    2.82    0.00    0.00    0.00   23.08
01:16:32     all   72.47    0.00    2.53    0.00    0.00    3.03    0.00    0.00    0.00   21.97
01:16:33     all   71.11    0.00    2.51    0.00    0.00    3.02    0.00    0.00    0.00   23.37
01:16:34     all   73.40    0.00    1.53    0.00    0.00    2.81    0.00    0.00    0.00   22.25
01:16:35     all   74.43    0.00    2.53    0.00    0.00    2.78    0.00    0.00    0.00   20.25
01:16:36     all   72.96    0.00    3.57    0.00    0.00    2.81    0.00    0.00    0.00   20.66
01:16:37     all   72.29    0.00    2.27    0.00    0.00    3.27    0.00    0.00    0.00   22.17
01:16:38     all   72.73    0.00    2.27    0.00    0.00    3.28    0.00    0.00    0.00   21.72
01:16:39     all   73.15    0.00    1.53    0.00    0.00    2.81    0.00    0.00    0.00   22.51
01:16:40     all   71.32    0.00    2.28    0.00    0.00    3.05    0.00    0.00    0.00   23.35
01:16:41     all   72.36    0.00    2.51    0.00    0.00    3.02    0.00    0.00    0.00   22.11
01:16:42     all   72.34    0.00    2.28    0.00    0.00    3.30    0.00    0.00    0.00   22.08
01:16:43     all   71.03    0.00    1.76    0.00    0.00    3.02    0.00    0.00    0.00   24.18
01:16:44     all   72.01    0.00    2.29    0.00    0.00    2.80    0.00    0.00    0.00   22.90
01:16:45     all   71.72    0.00    2.27    0.25    0.00    3.54    0.00    0.00    0.00   22.22
01:16:46     all   72.08    0.00    2.54    0.00    0.00    2.54    0.00    0.00    0.00   22.84
01:16:47     all   72.43    0.00    2.76    0.00    0.00    3.01    0.00    0.00    0.00   21.80
01:16:48     all   73.72    0.00    2.55    0.00    0.00    2.30    0.00    0.00    0.00   21.43
01:16:49     all   72.66    0.00    2.28    0.00    0.00    3.04    0.00    0.00    0.00   22.03
01:16:50     all   72.19    0.00    2.81    0.00    0.00    3.32    0.00    0.00    0.00   21.68
01:16:51     all   71.79    0.00    2.02    0.00    0.00    3.02    0.00    0.00    0.00   23.17
01:16:52     all   70.78    0.00    2.77    0.00    0.00    3.02    0.00    0.00    0.00   23.43
01:16:53     all   71.68    0.00    2.04    0.00    0.00    3.32    0.00    0.00    0.00   22.96
01:16:54     all   73.16    0.00    2.53    0.00    0.00    2.78    0.00    0.00    0.00   21.52
01:16:55     all   73.05    0.00    2.77    0.00    0.00    3.27    0.00    0.00    0.00   20.91
01:16:56     all   73.05    0.00    2.27    0.00    0.00    3.53    0.00    0.00    0.00   21.16
01:16:57     all   72.15    0.00    2.53    0.00    0.00    3.80    0.00    0.00    0.00   21.52
01:16:58     all   70.68    0.00    2.76    0.00    0.00    3.51    0.00    0.00    0.00   23.06
01:16:59     all   72.98    0.00    2.53    0.00    0.00    3.03    0.00    0.00    0.00   21.46
01:17:00     all   72.98    0.00    2.27    0.25    0.00    3.03    0.00    0.00    0.00   21.46
01:17:01     all   72.56    0.00    1.79    0.00    0.00    2.82    0.00    0.00    0.00   22.82
01:17:02     all   70.96    0.00    2.53    0.00    0.00    3.03    0.00    0.00    0.00   23.48
01:17:03     all   72.98    0.00    2.27    0.00    0.00    3.03    0.00    0.00    0.00   21.72
01:17:04     all   73.03    0.00    2.04    0.00    0.00    3.05    0.00    0.00    0.00   21.88
01:17:05     all   74.43    0.00    2.03    0.00    0.00    2.53    0.00    0.00    0.00   21.01
01:17:06     all   71.39    0.00    2.78    0.00    0.00    2.78    0.00    0.00    0.00   23.04
01:17:07     all   72.59    0.00    2.28    0.00    0.00    3.05    0.00    0.00    0.00   22.08
01:17:08     all   68.94    0.00    2.02    0.00    0.00    2.78    0.00    0.00    0.00   26.26
01:17:09     all   70.53    0.00    2.27    0.00    0.00    3.02    0.00    0.00    0.00   24.18
01:17:10     all   71.86    0.00    2.51    0.00    0.00    3.02    0.00    0.00    0.00   22.61
01:17:11     all   72.52    0.00    1.78    0.00    0.00    2.80    0.00    0.00    0.00   22.90
01:17:12     all   70.63    0.00    2.28    0.00    0.00    3.29    0.00    0.00    0.00   23.80
01:17:13     all   70.28    0.00    2.27    0.00    0.00    3.27    0.00    0.00    0.00   24.18
01:17:14     all   70.28    0.00    2.27    0.25    0.00    3.53    0.00    0.00    0.00   23.68
01:17:15     all   72.47    0.00    2.53    0.00    0.00    2.78    0.00    0.00    0.00   22.22
01:17:16     all   71.61    0.00    2.26    0.25    0.00    3.77    0.00    0.00    0.00   22.11
01:17:17     all   73.15    0.00    1.79    0.00    0.00    3.32    0.00    0.00    0.00   21.74
01:17:18     all   73.16    0.00    2.28    0.00    0.00    2.78    0.00    0.00    0.00   21.77
01:17:19     all   73.67    0.00    2.28    0.00    0.00    3.04    0.00    0.00    0.00   21.01
01:17:20     all   72.73    0.00    1.77    0.00    0.00    4.29    0.00    0.00    0.00   21.21
01:17:21     all   73.30    0.00    3.02    0.00    0.00    2.52    0.00    0.00    0.00   21.16
01:17:22     all   71.65    0.00    2.03    0.00    0.00    3.04    0.00    0.00    0.00   23.29
01:17:23     all   73.92    0.00    2.28    0.00    0.00    3.29    0.00    0.00    0.00   20.51
01:17:24     all   71.86    0.00    3.02    0.00    0.00    3.02    0.00    0.00    0.00   22.11
01:17:25     all   73.05    0.00    1.76    0.00    0.00    4.03    0.00    0.00    0.00   21.16
01:17:26     all   72.22    0.00    2.53    0.00    0.00    3.03    0.00    0.00    0.00   22.22
01:17:27     all   70.89    0.00    2.53    0.00    0.00    2.78    0.00    0.00    0.00   23.80
01:17:28     all   73.16    0.00    1.77    0.00    0.00    3.29    0.00    0.00    0.00   21.77
01:17:29     all   73.03    0.00    3.05    0.00    0.00    2.54    0.00    0.00    0.00   21.37
01:17:30     all   73.23    0.00    2.78    0.00    0.00    3.03    0.00    0.00    0.00   20.96
01:17:31     all   72.70    0.00    2.55    0.00    0.00    3.57    0.00    0.00    0.00   21.17
01:17:32     all   73.67    0.00    2.53    0.00    0.00    3.04    0.00    0.00    0.00   20.76
01:17:33     all   72.29    0.00    2.02    0.00    0.00    3.27    0.00    0.00    0.00   22.42
01:17:34     all   72.41    0.00    2.78    0.00    0.00    3.04    0.00    0.00    0.00   21.77
01:17:35     all   73.16    0.00    2.78    0.00    0.00    2.78    0.00    0.00    0.00   21.27
01:17:36     all   74.42    0.00    3.84    0.00    0.00    3.07    0.00    0.00    0.00   18.67
01:17:37     all   71.75    0.00    2.75    0.00    0.00    3.50    0.00    0.00    0.00   22.00
01:17:38     all   75.26    0.00    1.53    0.00    0.00    3.06    0.00    0.00    0.00   20.15
01:17:39     all   71.65    0.00    2.53    0.00    0.00    3.04    0.00    0.00    0.00   22.78
01:17:40     all   73.10    0.00    2.79    0.00    0.00    3.30    0.00    0.00    0.00   20.81
01:17:41     all   71.97    0.00    2.78    0.00    0.00    3.28    0.00    0.00    0.00   21.97
01:17:42     all   71.50    0.00    2.29    0.00    0.00    2.54    0.00    0.00    0.00   23.66
01:17:43     all   71.90    0.00    2.28    0.00    0.00    2.78    0.00    0.00    0.00   23.04
01:17:44     all   73.21    0.00    2.81    0.26    0.00    3.06    0.00    0.00    0.00   20.66
01:17:45     all   73.86    0.00    2.03    0.00    0.00    3.30    0.00    0.00    0.00   20.81
01:17:46     all   76.65    0.00    2.54    0.00    0.00    2.28    0.00    0.00    0.00   18.53
01:17:47     all   73.74    0.00    2.27    0.00    0.00    3.79    0.00    0.00    0.00   20.20
01:17:48     all   73.16    0.00    2.78    0.00    0.00    2.78    0.00    0.00    0.00   21.27
01:17:49     all   73.10    0.00    2.79    0.00    0.00    3.05    0.00    0.00    0.00   21.07
01:17:50     all   72.47    0.00    2.53    0.00    0.00    3.03    0.00    0.00    0.00   21.97
01:17:51     all   72.84    0.00    2.03    0.00    0.00    2.79    0.00    0.00    0.00   22.34
01:17:52     all   72.93    0.00    3.01    0.00    0.00    3.01    0.00    0.00    0.00   21.05
01:17:53     all   73.98    0.00    2.04    0.00    0.00    3.57    0.00    0.00    0.00   20.41
01:17:54     all   71.32    0.00    2.79    0.00    0.00    2.54    0.00    0.00    0.00   23.35
01:17:55     all   72.15    0.00    2.53    0.25    0.00    3.04    0.00    0.00    0.00   22.03
01:17:56     all   72.47    0.00    2.27    0.00    0.00    3.54    0.00    0.00    0.00   21.72
01:17:57     all   72.41    0.00    2.03    0.00    0.00    3.04    0.00    0.00    0.00   22.53
01:17:58     all   73.47    0.00    2.55    0.00    0.00    2.55    0.00    0.00    0.00   21.43
01:17:59     all   73.80    0.00    2.52    0.00    0.00    3.27    0.00    0.00    0.00   20.40
01:18:00     all   74.55    0.00    2.29    0.00    0.00    3.31    0.00    0.00    0.00   19.85
01:18:01     all   72.59    0.00    2.28    0.00    0.00    2.28    0.00    0.00    0.00   22.84
01:18:02     all   71.54    0.00    2.52    0.00    0.00    3.27    0.00    0.00    0.00   22.67
01:18:03     all   73.42    0.00    2.53    0.00    0.00    3.04    0.00    0.00    0.00   21.01
01:18:04     all   74.68    0.00    2.03    0.00    0.00    3.04    0.00    0.00    0.00   20.25
01:18:05     all   73.28    0.00    2.04    0.00    0.00    2.80    0.00    0.00    0.00   21.88
01:18:06     all   74.87    0.00    1.78    0.00    0.00    3.05    0.00    0.00    0.00   20.30
01:18:07     all   72.59    0.00    2.54    0.00    0.00    2.79    0.00    0.00    0.00   22.08
01:18:08     all   70.81    0.00    2.03    0.00    0.00    3.05    0.00    0.00    0.00   24.11
01:18:09     all   74.18    0.00    2.78    0.00    0.00    3.04    0.00    0.00    0.00   20.00
01:18:10     all   72.98    0.00    2.27    0.00    0.00    3.28    0.00    0.00    0.00   21.46
01:18:11     all   72.98    0.00    2.78    0.00    0.00    3.54    0.00    0.00    0.00   20.71
01:18:12     all   74.18    0.00    2.28    0.00    0.00    2.78    0.00    0.00    0.00   20.76
01:18:13     all   72.66    0.00    2.78    0.00    0.00    3.54    0.00    0.00    0.00   21.01
01:18:14     all   73.85    0.00    2.05    0.00    0.00    3.08    0.00    0.00    0.00   21.03
01:18:15     all   73.60    0.00    2.03    0.00    0.00    3.05    0.00    0.00    0.00   21.32
01:18:16     all   72.34    0.00    2.54    0.00    0.00    2.28    0.00    0.00    0.00   22.84
01:18:17     all   72.18    0.00    2.76    0.00    0.00    3.26    0.00    0.00    0.00   21.80
01:18:18     all   73.66    0.00    2.56    0.00    0.00    2.56    0.00    0.00    0.00   21.23
01:18:19     all   73.18    0.00    2.51    0.00    0.00    3.26    0.00    0.00    0.00   21.05
01:18:20     all   73.98    0.00    2.04    0.00    0.00    3.06    0.00    0.00    0.00   20.92
01:18:21     all   72.29    0.00    2.77    0.00    0.00    3.53    0.00    0.00    0.00   21.41
01:18:22     all   73.80    0.00    2.02    0.00    0.00    2.77    0.00    0.00    0.00   21.41
01:18:23     all   73.30    0.00    2.02    0.00    0.00    3.78    0.00    0.00    0.00   20.91
01:18:24     all   72.66    0.00    3.04    0.00    0.00    2.53    0.00    0.00    0.00   21.77
01:18:25     all   72.86    0.00    2.76    0.00    0.00    3.02    0.00    0.00    0.00   21.36
01:18:26     all   73.03    0.00    2.29    0.00    0.00    3.05    0.00    0.00    0.00   21.63
01:18:27     all   73.35    0.00    2.54    0.00    0.00    3.30    0.00    0.00    0.00   20.81
01:18:28     all   73.54    0.00    2.54    0.00    0.00    3.05    0.00    0.00    0.00   20.87
01:18:29     all   74.37    0.00    2.54    0.00    0.00    3.05    0.00    0.00    0.00   20.05
01:18:30     all   75.57    0.00    2.77    0.00    0.00    3.53    0.00    0.00    0.00   18.14
01:18:31     all   72.26    0.00    2.54    0.00    0.00    2.54    0.00    0.00    0.00   22.65
01:18:32     all   73.23    0.00    2.27    0.00    0.00    3.28    0.00    0.00    0.00   21.21
01:18:33     all   73.62    0.00    2.76    0.00    0.00    3.27    0.00    0.00    0.00   20.35
01:18:34     all   73.28    0.00    2.04    0.00    0.00    3.31    0.00    0.00    0.00   21.37
01:18:35     all   75.25    0.00    2.27    0.00    0.00    3.03    0.00    0.00    0.00   19.44
01:18:36     all   76.46    0.00    3.80    0.00    0.00    3.54    0.00    0.00    0.00   16.20
01:18:37     all   73.86    0.00    2.54    0.00    0.00    3.05    0.00    0.00    0.00   20.56
01:18:38     all   73.12    0.00    3.02    0.00    0.00    3.52    0.00    0.00    0.00   20.35
01:18:39     all   75.44    0.00    2.53    0.00    0.00    3.54    0.00    0.00    0.00   18.48
01:18:40     all   75.06    0.00    2.29    0.00    0.00    3.05    0.00    0.00    0.00   19.59
01:18:41     all   74.43    0.00    2.03    0.00    0.00    3.54    0.00    0.00    0.00   20.00
01:18:42     all   74.81    0.00    2.77    0.00    0.00    3.27    0.00    0.00    0.00   19.14
01:18:43     all   74.43    0.00    2.28    0.00    0.00    3.29    0.00    0.00    0.00   20.00
01:18:44     all   74.74    0.00    2.30    0.00    0.00    2.81    0.00    0.00    0.00   20.15
01:18:45     all   75.44    0.00    2.28    0.00    0.00    3.29    0.00    0.00    0.00   18.99
01:18:46     all   74.23    0.00    2.55    0.00    0.00    3.06    0.00    0.00    0.00   20.15
01:18:47     all   72.11    0.00    2.76    0.25    0.00    3.02    0.00    0.00    0.00   21.86
01:18:48     all   74.42    0.00    1.53    0.00    0.00    3.07    0.00    0.00    0.00   20.97
01:18:49     all   75.89    0.00    2.03    0.00    0.00    2.79    0.00    0.00    0.00   19.29
01:18:50     all   72.68    0.00    2.76    0.00    0.00    3.01    0.00    0.00    0.00   21.55
01:18:51     all   73.35    0.00    2.28    0.00    0.00    3.55    0.00    0.00    0.00   20.81
01:18:52     all   74.43    0.00    2.53    0.00    0.00    2.78    0.00    0.00    0.00   20.25
01:18:53     all   71.79    0.00    3.02    0.25    0.00    3.53    0.00    0.00    0.00   21.41
01:18:54     all   74.49    0.00    2.27    0.00    0.00    2.27    0.00    0.00    0.00   20.96
01:18:55     all   74.43    0.00    2.03    0.00    0.00    3.29    0.00    0.00    0.00   20.25
01:18:56     all   72.41    0.00    2.53    0.00    0.00    3.04    0.00    0.00    0.00   22.03
01:18:57     all   73.16    0.00    2.28    0.00    0.00    3.29    0.00    0.00    0.00   21.27
01:18:58     all   71.36    0.00    3.27    0.00    0.00    3.02    0.00    0.00    0.00   22.36
01:18:59     all   72.63    0.00    2.05    0.00    0.00    3.32    0.00    0.00    0.00   21.99
01:19:00     all   72.47    0.00    3.03    0.00    0.00    3.03    0.00    0.00    0.00   21.46
01:19:01     all   72.84    0.00    2.54    0.00    0.00    3.05    0.00    0.00    0.00   21.57
01:19:02     all   74.18    0.00    2.53    0.00    0.00    2.53    0.00    0.00    0.00   20.76
01:19:03     all   70.78    0.00    3.02    0.00    0.00    3.27    0.00    0.00    0.00   22.92
01:19:04     all   73.23    0.00    2.02    0.00    0.00    3.79    0.00    0.00    0.00   20.96
01:19:05     all   71.57    0.00    2.54    0.00    0.00    3.05    0.00    0.00    0.00   22.84
01:19:06     all   73.03    0.00    2.80    0.00    0.00    2.80    0.00    0.00    0.00   21.37
01:19:07     all   71.68    0.00    2.81    0.00    0.00    3.83    0.00    0.00    0.00   21.68
01:19:08     all   70.96    0.00    2.53    0.00    0.00    3.03    0.00    0.00    0.00   23.48
01:19:09     all   73.30    0.00    2.52    0.00    0.00    3.02    0.00    0.00    0.00   21.16
01:19:10     all   75.31    0.00    2.02    0.00    0.00    3.53    0.00    0.00    0.00   19.14
01:19:11     all   73.08    0.00    3.08    0.00    0.00    3.08    0.00    0.00    0.00   20.77
01:19:12     all   76.01    0.00    2.27    0.00    0.00    3.03    0.00    0.00    0.00   18.69
01:19:13     all   72.91    0.00    2.28    0.00    0.00    3.80    0.00    0.00    0.00   21.01
01:19:14     all   72.08    0.00    2.28    0.00    0.00    2.79    0.00    0.00    0.00   22.84
01:19:15     all   73.30    0.00    2.77    0.00    0.00    3.27    0.00    0.00    0.00   20.65
01:19:16     all   71.76    0.00    2.54    0.00    0.00    3.31    0.00    0.00    0.00   22.39
01:19:17     all   73.67    0.00    2.53    0.00    0.00    3.80    0.00    0.00    0.00   20.00
01:19:18     all   73.23    0.00    2.78    0.00    0.00    3.28    0.00    0.00    0.00   20.71
01:19:19     all   73.60    0.00    2.54    0.00    0.00    2.79    0.00    0.00    0.00   21.07
01:19:20     all   72.29    0.00    2.52    0.00    0.00    3.78    0.00    0.00    0.00   21.41
01:19:21     all   72.01    0.00    2.54    0.00    0.00    3.05    0.00    0.00    0.00   22.39
01:19:22     all   72.96    0.00    2.04    0.00    0.00    2.81    0.00    0.00    0.00   22.19
01:19:23     all   73.99    0.00    2.27    0.00    0.00    3.28    0.00    0.00    0.00   20.45
01:19:24     all   71.97    0.00    2.27    0.00    0.00    3.03    0.00    0.00    0.00   22.73
01:19:25     all   72.04    0.00    2.27    0.00    0.00    4.03    0.00    0.00    0.00   21.66
01:19:26     all   72.73    0.00    2.27    0.00    0.00    2.78    0.00    0.00    0.00   22.22
01:19:27     all   73.10    0.00    2.28    0.00    0.00    2.79    0.00    0.00    0.00   21.83
01:19:28     all   71.14    0.00    2.78    0.00    0.00    3.29    0.00    0.00    0.00   22.78
01:19:29     all   72.96    0.00    2.04    0.00    0.00    3.32    0.00    0.00    0.00   21.68
01:19:30     all   71.79    0.00    2.27    0.00    0.00    3.78    0.00    0.00    0.00   22.17
01:19:31     all   73.60    0.00    2.28    0.00    0.00    3.05    0.00    0.00    0.00   21.07
01:19:32     all   71.65    0.00    2.03    0.25    0.00    2.78    0.00    0.00    0.00   23.29
01:19:33     all   73.80    0.00    2.77    0.00    0.00    3.02    0.00    0.00    0.00   20.40
01:19:34     all   72.73    0.00    2.78    0.00    0.00    3.28    0.00    0.00    0.00   21.21
01:19:35     all   72.15    0.00    2.28    0.00    0.00    3.04    0.00    0.00    0.00   22.53
01:19:36     all   72.47    0.00    3.28    0.00    0.00    3.54    0.00    0.00    0.00   20.71
01:19:37     all   73.99    0.00    2.53    0.00    0.00    2.78    0.00    0.00    0.00   20.71
01:19:38     all   71.46    0.00    2.53    0.00    0.00    2.78    0.00    0.00    0.00   23.23
01:19:39     all   70.63    0.00    2.53    0.00    0.00    4.05    0.00    0.00    0.00   22.78
01:19:40     all   71.72    0.00    2.78    0.00    0.00    3.28    0.00    0.00    0.00   22.22
01:19:41     all   70.20    0.00    2.53    0.00    0.00    4.04    0.00    0.00    0.00   23.23
01:19:42     all   72.52    0.00    2.80    0.00    0.00    3.31    0.00    0.00    0.00   21.37
01:19:43     all   73.16    0.00    2.53    0.00    0.00    3.04    0.00    0.00    0.00   21.27
01:19:44     all   72.43    0.00    2.51    0.25    0.00    3.76    0.00    0.00    0.00   21.05
01:19:45     all   72.45    0.00    2.55    0.00    0.00    2.55    0.00    0.00    0.00   22.45
01:19:46     all   71.86    0.00    2.26    0.00    0.00    3.52    0.00    0.00    0.00   22.36
01:19:47     all   70.81    0.00    2.79    0.00    0.00    3.05    0.00    0.00    0.00   23.35
01:19:48     all   71.83    0.00    1.78    0.00    0.00    3.55    0.00    0.00    0.00   22.84
01:19:49     all   72.22    0.00    2.53    0.00    0.00    3.28    0.00    0.00    0.00   21.97
01:19:50     all   72.91    0.00    2.53    0.00    0.00    3.04    0.00    0.00    0.00   21.52
01:19:51     all   72.93    0.00    2.51    0.00    0.00    3.76    0.00    0.00    0.00   20.80
01:19:52     all   72.22    0.00    2.27    0.00    0.00    3.03    0.00    0.00    0.00   22.47
01:19:53     all   72.56    0.00    2.05    0.00    0.00    2.82    0.00    0.00    0.00   22.56
01:19:54     all   72.66    0.00    2.28    0.00    0.00    3.54    0.00    0.00    0.00   21.52
01:19:55     all   72.66    0.00    2.28    0.00    0.00    3.29    0.00    0.00    0.00   21.77
01:19:56     all   72.66    0.00    2.53    0.00    0.00    3.54    0.00    0.00    0.00   21.27
01:19:57     all   73.12    0.00    2.51    0.00    0.00    3.02    0.00    0.00    0.00   21.36
01:19:58     all   74.49    0.00    2.02    0.00    0.00    3.03    0.00    0.00    0.00   20.45
01:19:59     all   72.66    0.00    2.28    0.00    0.00    3.29    0.00    0.00    0.00   21.77
01:20:00     all   71.32    0.00    2.28    0.00    0.00    3.30    0.00    0.00    0.00   23.10
01:20:01     all   70.96    0.00    2.53    0.25    0.00    3.28    0.00    0.00    0.00   22.98
01:20:02     all   72.66    0.00    2.28    0.00    0.00    2.53    0.00    0.00    0.00   22.53
01:20:03     all   74.43    0.00    2.53    0.00    0.00    3.29    0.00    0.00    0.00   19.75
01:20:04     all   72.59    0.00    2.54    0.00    0.00    2.54    0.00    0.00    0.00   22.34
01:20:05     all   71.03    0.00    2.77    0.00    0.00    3.53    0.00    0.00    0.00   22.67
01:20:06     all   71.36    0.00    2.76    0.00    0.00    3.02    0.00    0.00    0.00   22.86
01:20:07     all   72.26    0.00    2.29    0.00    0.00    2.54    0.00    0.00    0.00   22.90
01:20:08     all   71.76    0.00    2.29    0.00    0.00    3.31    0.00    0.00    0.00   22.65
01:20:09     all   71.03    0.00    2.27    0.00    0.00    3.27    0.00    0.00    0.00   23.43
01:20:10     all   72.36    0.00    2.01    0.00    0.00    2.76    0.00    0.00    0.00   22.86
01:20:11     all   71.86    0.00    3.02    0.00    0.00    3.27    0.00    0.00    0.00   21.86
01:20:12     all   71.18    0.00    2.26    0.00    0.00    3.51    0.00    0.00    0.00   23.06
01:20:13     all   73.16    0.00    2.78    0.00    0.00    2.78    0.00    0.00    0.00   21.27
01:20:14     all   75.19    0.00    2.03    0.00    0.00    3.04    0.00    0.00    0.00   19.75
01:20:15     all   72.22    0.00    2.27    0.00    0.00    3.28    0.00    0.00    0.00   22.22
01:20:16     all   71.61    0.00    2.81    0.00    0.00    2.81    0.00    0.00    0.00   22.76
01:20:17     all   72.22    0.00    3.28    0.00    0.00    3.03    0.00    0.00    0.00   21.46
01:20:18     all   72.59    0.00    2.28    0.00    0.00    3.05    0.00    0.00    0.00   22.08
01:20:19     all   71.93    0.00    2.76    0.25    0.00    3.26    0.00    0.00    0.00   21.80
01:20:20     all   72.66    0.00    2.53    0.00    0.00    3.04    0.00    0.00    0.00   21.77
01:20:21     all   71.65    0.00    2.28    0.00    0.00    3.04    0.00    0.00    0.00   23.04
01:20:22     all   72.29    0.00    2.02    0.00    0.00    3.27    0.00    0.00    0.00   22.42
01:20:23     all   74.87    0.00    2.26    0.00    0.00    3.27    0.00    0.00    0.00   19.60
01:20:24     all   75.76    0.00    2.02    0.00    0.00    3.28    0.00    0.00    0.00   18.94
01:20:25     all   73.54    0.00    2.29    0.00    0.00    3.31    0.00    0.00    0.00   20.87
01:20:26     all   76.77    0.00    2.02    0.00    0.00    3.03    0.00    0.00    0.00   18.18
01:20:27     all   75.76    0.00    2.53    0.00    0.00    3.28    0.00    0.00    0.00   18.43
01:20:28     all   76.28    0.00    2.04    0.00    0.00    3.06    0.00    0.00    0.00   18.62
01:20:29     all   75.06    0.00    2.27    0.00    0.00    4.03    0.00    0.00    0.00   18.64
01:20:30     all   75.25    0.00    2.27    0.00    0.00    3.03    0.00    0.00    0.00   19.44
01:20:31     all   71.65    0.00    2.53    0.00    0.00    3.04    0.00    0.00    0.00   22.78
01:20:32     all   71.65    0.00    2.53    0.00    0.00    3.80    0.00    0.00    0.00   22.03
01:20:33     all   72.54    0.00    2.27    0.00    0.00    3.02    0.00    0.00    0.00   22.17
01:20:34     all   72.15    0.00    2.28    0.00    0.00    3.54    0.00    0.00    0.00   22.03
01:20:35     all   75.19    0.00    2.51    0.00    0.00    3.01    0.00    0.00    0.00   19.30
01:20:36     all   73.03    0.00    3.82    0.00    0.00    2.54    0.00    0.00    0.00   20.61
01:20:37     all   71.83    0.00    1.78    0.00    0.00    3.05    0.00    0.00    0.00   23.35
01:20:38     all   71.18    0.00    2.51    0.00    0.00    3.01    0.00    0.00    0.00   23.31
01:20:39     all   73.33    0.00    1.79    0.00    0.00    3.08    0.00    0.00    0.00   21.79
01:20:40     all   71.54    0.00    2.27    0.00    0.00    3.27    0.00    0.00    0.00   22.92
01:20:41     all   72.80    0.00    2.52    0.00    0.00    2.77    0.00    0.00    0.00   21.91
01:20:42     all   72.22    0.00    2.27    0.00    0.00    2.53    0.00    0.00    0.00   22.98
01:20:43     all   75.77    0.00    1.53    0.00    0.00    2.81    0.00    0.00    0.00   19.90
01:20:44     all   71.11    0.00    3.02    0.00    0.00    3.02    0.00    0.00    0.00   22.86
01:20:45     all   75.51    0.00    2.30    0.00    0.00    2.81    0.00    0.00    0.00   19.39
01:20:46     all   74.87    0.00    2.03    0.00    0.00    3.55    0.00    0.00    0.00   19.54
01:20:47     all   72.96    0.00    2.55    0.00    0.00    2.81    0.00    0.00    0.00   21.68
01:20:48     all   72.11    0.00    2.01    0.00    0.00    3.52    0.00    0.00    0.00   22.36
01:20:49     all   75.70    0.00    1.79    0.00    0.00    2.81    0.00    0.00    0.00   19.69
01:20:50     all   73.68    0.00    2.26    0.50    0.00    3.01    0.00    0.00    0.00   20.55
01:20:51     all   73.72    0.00    2.04    0.00    0.00    3.32    0.00    0.00    0.00   20.92
01:20:52     all   74.06    0.00    2.52    0.00    0.00    2.52    0.00    0.00    0.00   20.91
01:20:53     all   72.91    0.00    2.28    0.00    0.00    3.29    0.00    0.00    0.00   21.52
01:20:54     all   72.98    0.00    3.03    0.00    0.00    3.03    0.00    0.00    0.00   20.96
01:20:55     all   73.92    0.00    2.53    0.00    0.00    3.29    0.00    0.00    0.00   20.25
01:20:56     all   74.94    0.00    2.03    0.00    0.00    3.54    0.00    0.00    0.00   19.49
01:20:57     all   73.30    0.00    2.52    0.00    0.00    3.27    0.00    0.00    0.00   20.91
01:20:58     all   72.91    0.00    2.53    0.00    0.00    3.54    0.00    0.00    0.00   21.01
01:20:59     all   73.42    0.00    3.04    0.00    0.00    3.29    0.00    0.00    0.00   20.25
01:21:00     all   74.94    0.00    2.53    0.00    0.00    3.04    0.00    0.00    0.00   19.49
01:21:01     all   73.79    0.00    2.29    0.00    0.00    3.05    0.00    0.00    0.00   20.87
01:21:02     all   75.13    0.00    2.03    0.00    0.00    3.30    0.00    0.00    0.00   19.54
01:21:03     all   73.55    0.00    2.52    0.00    0.00    2.52    0.00    0.00    0.00   21.41
01:21:04     all   73.98    0.00    2.55    0.00    0.00    3.32    0.00    0.00    0.00   20.15
01:21:05     all   73.10    0.00    2.28    0.00    0.00    3.05    0.00    0.00    0.00   21.57
01:21:06     all   74.68    0.00    2.03    0.00    0.00    2.28    0.00    0.00    0.00   21.01
01:21:07     all   72.04    0.00    2.52    0.25    0.00    3.27    0.00    0.00    0.00   21.91
01:21:08     all   72.29    0.00    2.02    0.00    0.00    3.27    0.00    0.00    0.00   22.42
01:21:09     all   70.10    0.00    2.76    0.00    0.00    3.27    0.00    0.00    0.00   23.87
01:21:10     all   70.63    0.00    2.28    0.00    0.00    3.29    0.00    0.00    0.00   23.80
01:21:11     all   71.75    0.00    2.50    0.00    0.00    3.75    0.00    0.00    0.00   22.00
01:21:12     all   72.04    0.00    2.52    0.00    0.00    3.27    0.00    0.00    0.00   22.17
01:21:13     all   73.21    0.00    2.30    0.00    0.00    3.06    0.00    0.00    0.00   21.43
01:21:14     all   72.86    0.00    2.51    0.00    0.00    3.27    0.00    0.00    0.00   21.36
01:21:15     all   74.11    0.00    2.28    0.00    0.00    2.79    0.00    0.00    0.00   20.81
01:21:16     all   74.43    0.00    2.53    0.00    0.00    2.78    0.00    0.00    0.00   20.25
01:21:17     all   73.48    0.00    2.02    0.25    0.00    3.28    0.00    0.00    0.00   20.96
01:21:18     all   73.48    0.00    2.78    0.00    0.00    3.28    0.00    0.00    0.00   20.45
01:21:19     all   71.61    0.00    2.05    0.00    0.00    2.81    0.00    0.00    0.00   23.53
01:21:20     all   70.75    0.00    2.25    0.00    0.00    3.00    0.00    0.00    0.00   24.00
01:21:21     all   71.36    0.00    2.05    0.00    0.00    2.56    0.00    0.00    0.00   24.04
01:21:22     all   73.12    0.00    2.01    0.00    0.00    3.27    0.00    0.00    0.00   21.61
01:21:23     all   73.23    0.00    2.27    0.00    0.00    3.03    0.00    0.00    0.00   21.46
01:21:24     all   72.26    0.00    2.29    0.00    0.00    3.31    0.00    0.00    0.00   22.14
01:21:25     all   71.32    0.00    2.24    0.00    0.00    2.99    0.00    0.00    0.00   23.44
01:21:26     all   72.38    0.00    2.30    0.00    0.00    2.81    0.00    0.00    0.00   22.51
01:21:27     all   70.20    0.00    2.78    0.00    0.00    3.28    0.00    0.00    0.00   23.74
01:21:28     all   71.43    0.00    2.51    0.00    0.00    3.26    0.00    0.00    0.00   22.81
01:21:29     all   71.46    0.00    2.53    0.00    0.00    2.78    0.00    0.00    0.00   23.23
01:21:30     all   73.12    0.00    2.26    0.00    0.00    3.52    0.00    0.00    0.00   21.11
01:21:31     all   71.72    0.00    2.53    0.00    0.00    3.28    0.00    0.00    0.00   22.47
01:21:32     all   73.74    0.00    2.02    0.00    0.00    3.28    0.00    0.00    0.00   20.96
01:21:33     all   73.92    0.00    1.77    0.00    0.00    3.04    0.00    0.00    0.00   21.27
01:21:34     all   72.47    0.00    2.53    0.00    0.00    3.28    0.00    0.00    0.00   21.72
01:21:35     all   72.47    0.00    2.78    0.00    0.00    3.54    0.00    0.00    0.00   21.21
01:21:36     all   73.25    0.00    3.75    0.00    0.00    3.50    0.00    0.00    0.00   19.50
01:21:37     all   71.14    0.00    2.53    0.00    0.00    3.04    0.00    0.00    0.00   23.29
01:21:38     all   71.97    0.00    2.27    0.00    0.00    3.28    0.00    0.00    0.00   22.47
01:21:39     all   71.61    0.00    2.26    0.25    0.00    3.02    0.00    0.00    0.00   22.86
01:21:40     all   72.15    0.00    2.03    0.00    0.00    3.04    0.00    0.00    0.00   22.78
01:21:41     all   71.39    0.00    2.28    0.00    0.00    3.29    0.00    0.00    0.00   23.04
01:21:42     all   73.35    0.00    2.54    0.00    0.00    2.28    0.00    0.00    0.00   21.83
01:21:43     all   71.97    0.00    2.78    0.00    0.00    3.28    0.00    0.00    0.00   21.97
01:21:44     all   75.06    0.00    1.53    0.00    0.00    3.31    0.00    0.00    0.00   20.10
01:21:45     all   71.72    0.00    2.53    0.00    0.00    3.54    0.00    0.00    0.00   22.22
01:21:46     all   72.91    0.00    2.53    0.00    0.00    2.53    0.00    0.00    0.00   22.03
01:21:47     all   73.21    0.00    2.30    0.00    0.00    2.55    0.00    0.00    0.00   21.94
01:21:48     all   73.12    0.00    2.26    0.00    0.00    2.76    0.00    0.00    0.00   21.86
01:21:49     all   75.13    0.00    2.54    0.00    0.00    2.79    0.00    0.00    0.00   19.54
01:21:50     all   74.30    0.00    2.29    0.00    0.00    2.80    0.00    0.00    0.00   20.61
01:21:51     all   73.60    0.00    2.28    0.00    0.00    2.54    0.00    0.00    0.00   21.57
01:21:52     all   72.41    0.00    2.03    0.00    0.00    3.80    0.00    0.00    0.00   21.77
01:21:53     all   73.23    0.00    2.27    0.00    0.00    3.54    0.00    0.00    0.00   20.96
01:21:54     all   71.25    0.00    2.54    0.00    0.00    2.29    0.00    0.00    0.00   23.92
01:21:55     all   71.65    0.00    2.03    0.00    0.00    4.30    0.00    0.00    0.00   22.03
01:21:56     all   72.54    0.00    2.77    0.00    0.00    2.52    0.00    0.00    0.00   22.17
01:21:57     all   71.07    0.00    2.28    0.00    0.00    3.30    0.00    0.00    0.00   23.35
01:21:58     all   73.92    0.00    2.53    0.00    0.00    2.53    0.00    0.00    0.00   21.01
01:21:59     all   73.74    0.00    2.27    0.00    0.00    3.28    0.00    0.00    0.00   20.71
01:22:00     all   71.72    0.00    2.53    0.00    0.00    3.28    0.00    0.00    0.00   22.47
01:22:01     all   71.72    0.00    2.53    0.00    0.00    3.03    0.00    0.00    0.00   22.73
01:22:02     all   73.74    0.00    2.27    0.00    0.00    2.78    0.00    0.00    0.00   21.21
01:22:03     all   71.93    0.00    2.26    0.00    0.00    3.51    0.00    0.00    0.00   22.31
01:22:04     all   73.16    0.00    2.53    0.00    0.00    3.04    0.00    0.00    0.00   21.27
01:22:05     all   74.68    0.00    1.79    0.00    0.00    2.81    0.00    0.00    0.00   20.72
01:22:06     all   73.42    0.00    2.78    0.00    0.00    2.53    0.00    0.00    0.00   21.27
01:22:07     all   71.97    0.00    2.02    0.00    0.00    2.78    0.00    0.00    0.00   23.23
01:22:08     all   72.96    0.00    2.04    0.00    0.00    2.81    0.00    0.00    0.00   22.19
01:22:09     all   71.10    0.00    1.79    0.00    0.00    2.81    0.00    0.00    0.00   24.30
01:22:10     all   71.07    0.00    2.24    0.00    0.00    3.74    0.00    0.00    0.00   22.94
01:22:11     all   72.36    0.00    2.26    0.00    0.00    2.26    0.00    0.00    0.00   23.12
01:22:12     all   70.89    0.00    2.28    0.00    0.00    3.29    0.00    0.00    0.00   23.54
01:22:13     all   71.07    0.00    2.28    0.00    0.00    3.30    0.00    0.00    0.00   23.35
01:22:14     all   71.32    0.00    2.79    0.00    0.00    3.55    0.00    0.00    0.00   22.34
01:22:15     all   72.08    0.00    2.28    0.00    0.00    3.30    0.00    0.00    0.00   22.34
01:22:16     all   72.84    0.00    2.03    0.00    0.00    3.30    0.00    0.00    0.00   21.83
01:22:17     all   73.67    0.00    1.77    0.00    0.00    3.29    0.00    0.00    0.00   21.27
01:22:18     all   74.68    0.00    2.53    0.00    0.00    2.78    0.00    0.00    0.00   20.00
01:22:19     all   72.70    0.00    2.30    0.00    0.00    2.81    0.00    0.00    0.00   22.19
01:22:20     all   73.16    0.00    2.03    0.25    0.00    3.29    0.00    0.00    0.00   21.27
01:22:21     all   74.30    0.00    2.04    0.00    0.00    2.54    0.00    0.00    0.00   21.12
01:22:22     all   73.23    0.00    2.27    0.00    0.00    3.28    0.00    0.00    0.00   21.21
01:22:23     all   74.18    0.00    2.28    0.00    0.00    3.04    0.00    0.00    0.00   20.51
01:22:24     all   72.43    0.00    2.26    0.00    0.00    4.01    0.00    0.00    0.00   21.30
01:22:25     all   71.65    0.00    2.78    0.00    0.00    2.28    0.00    0.00    0.00   23.29
01:22:26     all   73.48    0.00    2.27    0.00    0.00    3.28    0.00    0.00    0.00   20.96
01:22:27     all   70.78    0.00    2.77    0.00    0.00    3.27    0.00    0.00    0.00   23.17
01:22:28     all   70.60    0.00    2.51    0.00    0.00    3.02    0.00    0.00    0.00   23.87
01:22:29     all   71.54    0.00    2.77    0.00    0.00    2.77    0.00    0.00    0.00   22.92
01:22:30     all   70.89    0.00    2.28    0.00    0.00    2.78    0.00    0.00    0.00   24.05
01:22:31     all   70.48    0.00    2.29    0.00    0.00    2.80    0.00    0.00    0.00   24.43
01:22:32     all   71.36    0.00    2.05    0.00    0.00    2.81    0.00    0.00    0.00   23.79
01:22:33     all   73.37    0.00    2.26    0.00    0.00    2.76    0.00    0.00    0.00   21.61
01:22:34     all   73.10    0.00    2.28    0.00    0.00    2.79    0.00    0.00    0.00   21.83
01:22:35     all   72.29    0.00    3.02    0.00    0.00    3.53    0.00    0.00    0.00   21.16
01:22:36     all   75.13    0.00    2.79    0.00    0.00    3.05    0.00    0.00    0.00   19.04
01:22:37     all   75.44    0.00    2.28    0.00    0.00    2.28    0.00    0.00    0.00   20.00
01:22:38     all   73.55    0.00    2.27    0.00    0.00    3.27    0.00    0.00    0.00   20.91
01:22:39     all   71.97    0.00    2.02    0.00    0.00    3.79    0.00    0.00    0.00   22.22
01:22:40     all   74.17    0.00    2.30    0.00    0.00    3.07    0.00    0.00    0.00   20.46
01:22:41     all   72.66    0.00    2.28    0.00    0.00    2.53    0.00    0.00    0.00   22.53
01:22:42     all   72.04    0.00    2.77    0.00    0.00    3.53    0.00    0.00    0.00   21.66
01:22:43     all   73.23    0.00    2.53    0.00    0.00    3.54    0.00    0.00    0.00   20.71
01:22:44     all   74.37    0.00    2.54    0.00    0.00    2.79    0.00    0.00    0.00   20.30
01:22:45     all   72.18    0.00    2.51    0.00    0.00    3.76    0.00    0.00    0.00   21.55
01:22:46     all   72.59    0.00    2.28    0.00    0.00    3.30    0.00    0.00    0.00   21.83
01:22:47     all   71.94    0.00    2.04    0.00    0.00    3.06    0.00    0.00    0.00   22.96
01:22:48     all   71.28    0.00    3.02    0.00    0.00    3.78    0.00    0.00    0.00   21.91
01:22:49     all   71.65    0.00    2.78    0.00    0.00    2.78    0.00    0.00    0.00   22.78
01:22:50     all   73.16    0.00    2.03    0.00    0.00    3.04    0.00    0.00    0.00   21.77
01:22:51     all   73.48    0.00    2.53    0.00    0.00    3.03    0.00    0.00    0.00   20.96
01:22:52     all   73.35    0.00    2.28    0.00    0.00    3.30    0.00    0.00    0.00   21.07
01:22:53     all   73.05    0.00    3.02    0.00    0.00    3.02    0.00    0.00    0.00   20.91
01:22:54     all   73.35    0.00    2.03    0.00    0.00    3.05    0.00    0.00    0.00   21.57
01:22:55     all   71.32    0.00    2.99    0.00    0.00    3.99    0.00    0.00    0.00   21.70
01:22:56     all   74.62    0.00    2.54    0.00    0.00    2.79    0.00    0.00    0.00   20.05
01:22:57     all   72.73    0.00    2.27    0.00    0.00    3.54    0.00    0.00    0.00   21.46
01:22:58     all   73.23    0.00    2.02    0.00    0.00    3.54    0.00    0.00    0.00   21.21
01:22:59     all   73.48    0.00    2.27    0.00    0.00    3.28    0.00    0.00    0.00   20.96
01:23:00     all   73.16    0.00    2.28    0.00    0.00    3.04    0.00    0.00    0.00   21.52
01:23:01     all   71.36    0.00    2.51    0.25    0.00    3.02    0.00    0.00    0.00   22.86
01:23:02     all   72.34    0.00    2.03    0.00    0.00    3.05    0.00    0.00    0.00   22.59
01:23:03     all   73.87    0.00    2.76    0.00    0.00    3.02    0.00    0.00    0.00   20.35
01:23:04     all   72.98    0.00    2.53    0.00    0.00    3.54    0.00    0.00    0.00   20.96
01:23:05     all   73.35    0.00    2.79    0.00    0.00    3.30    0.00    0.00    0.00   20.56
01:23:06     all   73.30    0.00    2.27    0.00    0.00    3.53    0.00    0.00    0.00   20.91
01:23:07     all   73.86    0.00    2.28    0.00    0.00    3.05    0.00    0.00    0.00   20.81
01:23:08     all   74.87    0.00    2.28    0.00    0.00    2.79    0.00    0.00    0.00   20.05
01:23:09     all   73.05    0.00    2.27    0.00    0.00    3.27    0.00    0.00    0.00   21.41
01:23:10     all   73.47    0.00    2.30    0.00    0.00    3.06    0.00    0.00    0.00   21.17
01:23:11     all   69.52    0.00    2.77    0.00    0.00    2.77    0.00    0.00    0.00   24.94
01:23:12     all   69.87    0.00    2.28    0.00    0.00    2.78    0.00    0.00    0.00   25.06
01:23:13     all   70.18    0.00    2.01    0.25    0.00    3.01    0.00    0.00    0.00   24.56
01:23:14     all   71.50    0.00    2.29    0.00    0.00    2.80    0.00    0.00    0.00   23.41
01:23:15     all   72.98    0.00    2.78    0.00    0.00    2.78    0.00    0.00    0.00   21.46
01:23:16     all   74.36    0.00    2.05    0.00    0.00    2.82    0.00    0.00    0.00   20.77
01:23:17     all   72.77    0.00    2.29    0.00    0.00    2.80    0.00    0.00    0.00   22.14
01:23:18     all   73.25    0.00    2.75    0.00    0.00    3.25    0.00    0.00    0.00   20.75
01:23:19     all   73.74    0.00    2.53    0.00    0.00    3.28    0.00    0.00    0.00   20.45
01:23:20     all   72.59    0.00    2.28    0.00    0.00    3.30    0.00    0.00    0.00   21.83
01:23:21     all   70.71    0.00    2.53    0.00    0.00    3.28    0.00    0.00    0.00   23.48
01:23:22     all   71.18    0.00    3.01    0.00    0.00    3.26    0.00    0.00    0.00   22.56
01:23:23     all   73.42    0.00    2.03    0.00    0.00    3.29    0.00    0.00    0.00   21.27
01:23:24     all   73.72    0.00    2.30    0.00    0.00    3.32    0.00    0.00    0.00   20.66
01:23:25     all   72.59    0.00    2.28    0.00    0.00    3.81    0.00    0.00    0.00   21.32
01:23:26     all   72.47    0.00    2.53    0.00    0.00    2.78    0.00    0.00    0.00   22.22
01:23:27     all   73.86    0.00    2.28    0.00    0.00    3.05    0.00    0.00    0.00   20.81
01:23:28     all   73.86    0.00    2.28    0.00    0.00    2.79    0.00    0.00    0.00   21.07
01:23:29     all   73.05    0.00    2.52    0.00    0.00    3.53    0.00    0.00    0.00   20.91
01:23:30     all   72.12    0.00    2.30    0.00    0.00    2.81    0.00    0.00    0.00   22.76
01:23:31     all   74.55    0.00    1.78    0.00    0.00    3.05    0.00    0.00    0.00   20.61
01:23:32     all   73.23    0.00    2.53    0.00    0.00    2.78    0.00    0.00    0.00   21.46
01:23:33     all   72.98    0.00    2.27    0.00    0.00    2.78    0.00    0.00    0.00   21.97
01:23:34     all   74.49    0.00    2.53    0.00    0.00    3.54    0.00    0.00    0.00   19.44
01:23:35     all   77.30    0.00    2.81    0.00    0.00    2.81    0.00    0.00    0.00   17.09
01:23:36     all   75.77    0.00    2.30    0.00    0.00    3.06    0.00    0.00    0.00   18.88
01:23:37     all   73.35    0.00    2.79    0.00    0.00    3.55    0.00    0.00    0.00   20.30
01:23:38     all   75.83    0.00    2.04    0.00    0.00    3.05    0.00    0.00    0.00   19.08
01:23:39     all   76.65    0.00    2.28    0.00    0.00    2.79    0.00    0.00    0.00   18.27
01:23:40     all   75.83    0.00    2.29    0.00    0.00    3.82    0.00    0.00    0.00   18.07
01:23:41     all   74.43    0.00    2.78    0.25    0.00    2.53    0.00    0.00    0.00   20.00
01:23:42     all   75.26    0.00    2.30    0.00    0.00    2.81    0.00    0.00    0.00   19.64
01:23:43     all   73.92    0.00    2.28    0.00    0.00    2.78    0.00    0.00    0.00   21.01
01:23:44     all   78.39    0.00    2.26    0.00    0.00    2.76    0.00    0.00    0.00   16.58
01:23:45     all   74.94    0.00    2.78    0.00    0.00    3.29    0.00    0.00    0.00   18.99
01:23:46     all   75.63    0.00    2.26    0.00    0.00    3.52    0.00    0.00    0.00   18.59
01:23:47     all   77.92    0.00    1.78    0.00    0.00    2.28    0.00    0.00    0.00   18.02
01:23:48     all   75.51    0.00    2.27    0.00    0.00    3.28    0.00    0.00    0.00   18.94
01:23:49     all   75.70    0.00    2.28    0.00    0.00    3.29    0.00    0.00    0.00   18.73
01:23:50     all   76.77    0.00    2.53    0.00    0.00    2.78    0.00    0.00    0.00   17.93
01:23:51     all   74.30    0.00    2.29    0.00    0.00    3.05    0.00    0.00    0.00   20.36
01:23:52     all   74.43    0.00    2.53    0.00    0.00    3.54    0.00    0.00    0.00   19.49
01:23:53     all   76.96    0.00    2.28    0.00    0.00    3.04    0.00    0.00    0.00   17.72
01:23:54     all   75.51    0.00    2.27    0.00    0.00    3.54    0.00    0.00    0.00   18.69
01:23:55     all   75.64    0.00    2.31    0.00    0.00    2.31    0.00    0.00    0.00   19.74
01:23:56     all   76.57    0.00    2.27    0.00    0.00    3.02    0.00    0.00    0.00   18.14
01:23:57     all   74.74    0.00    2.30    0.00    0.00    3.32    0.00    0.00    0.00   19.64
01:23:58     all   72.52    0.00    2.29    0.00    0.00    3.05    0.00    0.00    0.00   22.14
01:23:59     all   72.66    0.00    1.77    0.00    0.00    3.04    0.00    0.00    0.00   22.53
01:24:00     all   72.61    0.00    2.51    0.00    0.00    3.27    0.00    0.00    0.00   21.61
01:24:01     all   73.28    0.00    2.29    0.00    0.00    3.31    0.00    0.00    0.00   21.12
01:24:02     all   75.70    0.00    2.53    0.00    0.00    3.29    0.00    0.00    0.00   18.48
01:24:03     all   71.43    0.00    1.79    0.00    0.00    2.81    0.00    0.00    0.00   23.98
01:24:04     all   73.92    0.00    2.28    0.25    0.00    3.29    0.00    0.00    0.00   20.25
01:24:05     all   72.22    0.00    2.78    0.00    0.00    3.28    0.00    0.00    0.00   21.72
01:24:06     all   74.18    0.00    2.03    0.00    0.00    3.29    0.00    0.00    0.00   20.51
01:24:07     all   73.40    0.00    1.79    0.00    0.00    3.07    0.00    0.00    0.00   21.74
01:24:08     all   73.23    0.00    2.53    0.00    0.00    2.53    0.00    0.00    0.00   21.72
01:24:09     all   74.37    0.00    2.26    0.25    0.00    3.27    0.00    0.00    0.00   19.85
01:24:10     all   74.18    0.00    2.53    0.00    0.00    3.29    0.00    0.00    0.00   20.00
01:24:11     all   73.99    0.00    3.03    0.00    0.00    2.78    0.00    0.00    0.00   20.20
01:24:12     all   74.68    0.00    1.77    0.00    0.00    3.04    0.00    0.00    0.00   20.51
01:24:13     all   73.18    0.00    2.01    0.00    0.00    3.26    0.00    0.00    0.00   21.55
01:24:14     all   71.94    0.00    1.79    0.00    0.00    2.81    0.00    0.00    0.00   23.47
01:24:15     all   73.43    0.00    3.26    0.00    0.00    3.26    0.00    0.00    0.00   20.05
01:24:16     all   72.47    0.00    2.27    0.00    0.00    3.28    0.00    0.00    0.00   21.97
01:24:17     all   73.05    0.00    2.77    0.00    0.00    3.27    0.00    0.00    0.00   20.91
01:24:18     all   75.70    0.00    2.03    0.00    0.00    2.78    0.00    0.00    0.00   19.49
01:24:19     all   74.31    0.00    2.52    0.00    0.00    3.02    0.00    0.00    0.00   20.15
01:24:20     all   72.84    0.00    2.79    0.00    0.00    3.81    0.00    0.00    0.00   20.56
01:24:21     all   73.60    0.00    2.54    0.00    0.00    2.54    0.00    0.00    0.00   21.32
01:24:22     all   75.25    0.00    2.27    0.00    0.00    3.79    0.00    0.00    0.00   18.69
01:24:23     all   73.99    0.00    2.53    0.00    0.00    2.78    0.00    0.00    0.00   20.71
01:24:24     all   72.98    0.00    2.53    0.00    0.00    3.03    0.00    0.00    0.00   21.46
01:24:25     all   72.93    0.00    2.51    0.00    0.00    3.26    0.00    0.00    0.00   21.30
01:24:26     all   73.08    0.00    2.56    0.00    0.00    3.08    0.00    0.00    0.00   21.28
01:24:27     all   72.08    0.00    2.28    0.00    0.00    3.30    0.00    0.00    0.00   22.34
01:24:28     all   73.79    0.00    2.54    0.00    0.00    2.80    0.00    0.00    0.00   20.87
01:24:29     all   73.86    0.00    2.54    0.00    0.00    3.05    0.00    0.00    0.00   20.56
01:24:30     all   73.55    0.00    2.77    0.00    0.00    2.52    0.00    0.00    0.00   21.16
01:24:31     all   73.99    0.00    2.02    0.00    0.00    3.54    0.00    0.00    0.00   20.45
01:24:32     all   72.59    0.00    2.03    0.00    0.00    3.05    0.00    0.00    0.00   22.34
01:24:33     all   73.35    0.00    2.28    0.00    0.00    3.55    0.00    0.00    0.00   20.81
01:24:34     all   73.68    0.00    2.76    0.00    0.00    3.26    0.00    0.00    0.00   20.30
01:24:35     all   72.98    0.00    3.03    0.00    0.00    3.03    0.00    0.00    0.00   20.96
01:24:36     all   75.89    0.00    2.28    0.00    0.00    3.30    0.00    0.00    0.00   18.53
01:24:37     all   73.42    0.00    2.28    0.25    0.00    2.53    0.00    0.00    0.00   21.52
01:24:38     all   73.68    0.00    2.76    0.00    0.00    3.51    0.00    0.00    0.00   20.05
01:24:39     all   75.06    0.00    2.04    0.00    0.00    3.56    0.00    0.00    0.00   19.34
01:24:40     all   73.55    0.00    2.52    0.00    0.00    3.53    0.00    0.00    0.00   20.40
01:24:41     all   75.70    0.00    2.53    0.00    0.00    3.04    0.00    0.00    0.00   18.73
01:24:42     all   73.80    0.00    2.52    0.00    0.00    3.27    0.00    0.00    0.00   20.40
01:24:43     all   72.98    0.00    2.27    0.00    0.00    3.54    0.00    0.00    0.00   21.21
01:24:44     all   75.06    0.00    2.77    0.00    0.00    3.27    0.00    0.00    0.00   18.89
01:24:45     all   73.28    0.00    2.04    0.00    0.00    3.31    0.00    0.00    0.00   21.37
01:24:46     all   73.79    0.00    2.29    0.00    0.00    2.54    0.00    0.00    0.00   21.37
01:24:47     all   74.49    0.00    2.04    0.00    0.00    3.06    0.00    0.00    0.00   20.41
01:24:48     all   72.61    0.00    2.51    0.00    0.00    3.52    0.00    0.00    0.00   21.36
01:24:49     all   76.01    0.00    2.27    0.00    0.00    2.78    0.00    0.00    0.00   18.94
01:24:50     all   72.22    0.00    2.78    0.00    0.00    3.03    0.00    0.00    0.00   21.97
01:24:51     all   73.10    0.00    2.03    0.00    0.00    2.54    0.00    0.00    0.00   22.34
01:24:52     all   72.45    0.00    2.55    0.00    0.00    2.81    0.00    0.00    0.00   22.19
01:24:53     all   70.93    0.00    3.01    0.00    0.00    3.01    0.00    0.00    0.00   23.06
01:24:54     all   70.45    0.00    1.77    0.00    0.00    3.54    0.00    0.00    0.00   24.24
01:24:55     all   72.41    0.00    2.28    0.00    0.00    3.54    0.00    0.00    0.00   21.77
01:24:56     all   67.34    0.00    2.53    0.00    0.00    2.78    0.00    0.00    0.00   27.34
01:24:57     all   33.75    0.00    1.01    0.00    0.00    1.26    0.00    0.00    0.00   63.98
01:24:58     all   33.42    0.00    1.26    0.00    0.00    1.51    0.00    0.00    0.00   63.82
01:24:59     all   36.00    0.00    1.50    0.00    0.00    2.00    0.00    0.00    0.00   60.50
01:25:00     all   33.99    0.00    1.48    0.00    0.00    2.46    0.00    0.00    0.00   62.07
01:25:01     all   35.16    0.00    1.25    0.00    0.00    1.50    0.00    0.00    0.00   62.09
01:25:02     all   33.76    0.00    1.02    0.25    0.00    0.76    0.00    0.00    0.00   64.21
01:25:03     all   35.07    0.00    1.24    0.00    0.00    1.74    0.00    0.00    0.00   61.94
01:25:04     all   34.17    0.00    1.26    0.00    0.00    1.26    0.00    0.00    0.00   63.32
01:25:05     all   34.59    0.00    1.25    0.00    0.00    1.75    0.00    0.00    0.00   62.41
01:25:06     all   35.09    0.00    1.50    0.00    0.00    1.75    0.00    0.00    0.00   61.65
01:25:07     all   33.75    0.00    1.01    0.00    0.00    1.76    0.00    0.00    0.00   63.48
01:25:08     all   33.08    0.00    1.50    0.25    0.00    1.50    0.00    0.00    0.00   63.66
01:25:09     all   34.42    0.00    1.01    0.00    0.00    1.51    0.00    0.00    0.00   63.07
01:25:10     all   34.25    0.00    1.25    0.00    0.00    2.00    0.00    0.00    0.00   62.50
01:25:11     all   35.10    0.00    1.77    0.00    0.00    0.76    0.00    0.00    0.00   62.37
01:25:12     all   35.59    0.00    1.00    0.00    0.00    1.50    0.00    0.00    0.00   61.90
01:25:13     all   32.50    0.00    1.50    0.25    0.00    1.50    0.00    0.00    0.00   64.25
01:25:14     all   33.33    0.00    1.26    0.00    0.00    1.52    0.00    0.00    0.00   63.89
01:25:15     all   33.08    0.00    1.00    0.00    0.00    2.24    0.00    0.00    0.00   63.68
01:25:16     all   34.26    0.00    1.26    0.00    0.00    1.51    0.00    0.00    0.00   62.97
01:25:17     all   35.40    0.00    0.99    0.00    0.00    1.98    0.00    0.00    0.00   61.63
01:25:18     all   35.98    0.00    1.74    0.25    0.00    1.74    0.00    0.00    0.00   60.30
01:25:19     all   34.42    0.00    0.75    0.00    0.00    1.51    0.00    0.00    0.00   63.32
01:25:20     all   33.59    0.00    1.52    0.00    0.00    1.26    0.00    0.00    0.00   63.64
01:25:21     all   33.75    0.00    1.25    0.00    0.00    1.50    0.00    0.00    0.00   63.50
01:25:22     all   34.66    0.00    1.00    0.00    0.00    1.75    0.00    0.00    0.00   62.59
01:25:23     all   33.25    0.00    1.75    0.00    0.00    2.00    0.00    0.00    0.00   63.00
01:25:24     all   33.17    0.00    1.01    0.00    0.00    1.51    0.00    0.00    0.00   64.32
01:25:25     all   34.85    0.00    1.26    0.00    0.00    1.01    0.00    0.00    0.00   62.88
01:25:26     all   34.91    0.00    1.25    0.00    0.00    2.00    0.00    0.00    0.00   61.85
01:25:27     all   34.94    0.00    1.52    0.00    0.00    1.27    0.00    0.00    0.00   62.28
01:25:28     all   35.95    0.00    1.27    0.00    0.00    1.52    0.00    0.00    0.00   61.27
01:25:29     all   33.75    0.00    0.99    0.25    0.00    2.23    0.00    0.00    0.00   62.78
01:25:30     all   34.25    0.00    1.00    0.00    0.00    1.50    0.00    0.00    0.00   63.25
01:25:31     all   35.59    0.00    1.25    0.00    0.00    2.01    0.00    0.00    0.00   61.15
01:25:32     all   34.58    0.00    1.00    0.00    0.00    2.24    0.00    0.00    0.00   62.19
01:25:33     all   34.16    0.00    0.75    0.00    0.00    2.00    0.00    0.00    0.00   63.09
01:25:34     all   33.67    0.00    2.00    0.00    0.00    1.75    0.00    0.00    0.00   62.59
01:25:35     all   35.43    0.00    1.76    0.00    0.00    2.01    0.00    0.00    0.00   60.80
01:25:36     all   34.84    0.00    1.75    0.00    0.00    1.75    0.00    0.00    0.00   61.65
01:25:37     all   35.59    0.00    1.25    0.00    0.00    2.01    0.00    0.00    0.00   61.15
01:25:38     all   36.09    0.00    1.00    0.00    0.00    1.75    0.00    0.00    0.00   61.15
01:25:39     all   35.75    0.00    1.25    0.25    0.00    1.25    0.00    0.00    0.00   61.50
01:25:40     all   33.83    0.00    1.00    0.00    0.00    2.26    0.00    0.00    0.00   62.91
01:25:41     all   36.57    0.00    1.49    0.00    0.00    1.49    0.00    0.00    0.00   60.45
01:25:42     all   34.09    0.00    1.25    0.00    0.00    1.75    0.00    0.00    0.00   62.91
01:25:43     all   34.50    0.00    1.25    0.00    0.00    2.00    0.00    0.00    0.00   62.25
01:25:44     all   35.09    0.00    1.00    0.00    0.00    1.50    0.00    0.00    0.00   62.41
01:25:45     all   34.60    0.00    1.26    0.00    0.00    1.26    0.00    0.00    0.00   62.88
01:25:46     all   35.18    0.00    1.26    0.00    0.00    1.51    0.00    0.00    0.00   62.06
01:25:47     all   35.07    0.00    1.49    0.00    0.00    1.74    0.00    0.00    0.00   61.69
01:25:48     all   36.57    0.00    1.00    0.00    0.00    1.99    0.00    0.00    0.00   60.45
01:25:49     all   34.34    0.00    1.25    0.00    0.00    2.01    0.00    0.00    0.00   62.41
01:25:50     all   34.09    0.00    1.25    0.25    0.00    1.75    0.00    0.00    0.00   62.66
01:25:51     all   33.75    0.00    1.25    0.00    0.00    2.25    0.00    0.00    0.00   62.75
01:25:52     all   35.16    0.00    1.00    0.00    0.00    1.75    0.00    0.00    0.00   62.09
01:25:53     all   33.92    0.00    1.26    0.00    0.00    2.01    0.00    0.00    0.00   62.81
01:25:54     all   35.34    0.00    1.25    0.00    0.00    1.75    0.00    0.00    0.00   61.65
01:25:55     all   34.66    0.00    1.50    0.00    0.00    1.75    0.00    0.00    0.00   62.09
01:25:56     all   34.01    0.00    1.01    0.25    0.00    1.26    0.00    0.00    0.00   63.48
01:25:57     all   34.10    0.00    1.02    0.00    0.00    1.27    0.00    0.00    0.00   63.61
01:25:58     all   36.59    0.00    1.25    0.00    0.00    1.50    0.00    0.00    0.00   60.65
01:25:59     all   34.85    0.00    1.52    0.00    0.00    1.52    0.00    0.00    0.00   62.12
01:26:00     all   34.41    0.00    1.50    0.00    0.00    1.75    0.00    0.00    0.00   62.34
01:26:01     all   35.07    0.00    1.74    0.00    0.00    1.99    0.00    0.00    0.00   61.19
01:26:02     all   32.01    0.00    1.24    0.00    0.00    1.74    0.00    0.00    0.00   65.01
01:26:03     all   35.61    0.00    1.26    0.00    0.00    1.52    0.00    0.00    0.00   61.62
01:26:04     all   34.85    0.00    1.26    0.00    0.00    1.52    0.00    0.00    0.00   62.37
01:26:05     all   35.40    0.00    1.73    0.00    0.00    2.23    0.00    0.00    0.00   60.64
01:26:06     all   35.25    0.00    1.25    0.00    0.00    1.00    0.00    0.00    0.00   62.50
01:26:07     all   34.59    0.00    1.00    0.00    0.00    1.75    0.00    0.00    0.00   62.66
01:26:08     all   35.00    0.00    1.25    0.00    0.00    2.00    0.00    0.00    0.00   61.75
01:26:09     all   34.91    0.00    1.00    0.00    0.00    1.50    0.00    0.00    0.00   62.59
01:26:10     all   35.25    0.00    1.25    0.00    0.00    2.00    0.00    0.00    0.00   61.50
01:26:11     all   35.68    0.00    1.26    0.00    0.00    1.51    0.00    0.00    0.00   61.56
01:26:12     all   34.50    0.00    1.50    0.50    0.00    1.25    0.00    0.00    0.00   62.25
01:26:13     all   33.25    0.00    1.01    0.00    0.00    2.02    0.00    0.00    0.00   63.73
01:26:14     all   35.07    0.00    1.24    0.00    0.00    1.74    0.00    0.00    0.00   61.94
01:26:15     all   33.92    0.00    1.01    0.00    0.00    1.51    0.00    0.00    0.00   63.57
01:26:16     all   35.16    0.00    1.50    0.00    0.00    1.25    0.00    0.00    0.00   62.09
01:26:17     all   32.83    0.00    1.01    0.00    0.00    1.77    0.00    0.00    0.00   64.39
01:26:18     all   33.50    0.00    1.25    0.00    0.00    1.75    0.00    0.00    0.00   63.50
01:26:19     all   36.25    0.00    1.50    0.00    0.00    2.25    0.00    0.00    0.00   60.00
01:26:20     all   35.09    0.00    1.25    0.00    0.00    2.01    0.00    0.00    0.00   61.65
01:26:21     all   33.75    0.00    1.50    0.00    0.00    2.00    0.00    0.00    0.00   62.75
01:26:22     all   33.67    0.00    1.00    0.25    0.00    1.75    0.00    0.00    0.00   63.34
01:26:23     all   33.42    0.00    1.25    0.00    0.00    1.75    0.00    0.00    0.00   63.59
01:26:24     all   35.50    0.00    1.00    0.00    0.00    2.00    0.00    0.00    0.00   61.50
01:26:25     all   34.42    0.00    1.01    0.00    0.00    1.76    0.00    0.00    0.00   62.81
01:26:26     all   33.42    0.00    2.26    0.00    0.00    1.26    0.00    0.00    0.00   63.07
01:26:27     all   63.04    0.00    6.33    0.00    0.00    0.25    0.00    0.00    0.00   30.38
01:26:28     all   46.21    0.00    1.26    0.25    0.00    1.01    0.00    0.00    0.00   51.26
01:26:29     all   45.96    0.00    1.77    0.00    0.00    1.01    0.00    0.00    0.00   51.26
01:26:30     all   45.15    0.00    1.53    0.00    0.00    1.02    0.00    0.00    0.00   52.30
01:26:31     all   46.31    0.00    1.27    0.00    0.00    1.27    0.00    0.00    0.00   51.15
01:26:32     all   45.57    0.00    1.77    0.00    0.00    1.01    0.00    0.00    0.00   51.65
01:26:33     all   45.82    0.00    1.01    0.00    0.00    1.27    0.00    0.00    0.00   51.90
01:26:34     all   48.35    0.00    1.01    0.00    0.00    0.76    0.00    0.00    0.00   49.87
01:26:35     all   47.72    0.00    2.79    0.00    0.00    1.02    0.00    0.00    0.00   48.48
01:26:36     all   44.92    0.00    1.52    0.00    0.00    1.78    0.00    0.00    0.00   51.78
01:26:37     all   43.88    0.00    1.28    0.00    0.00    0.26    0.00    0.00    0.00   54.59
01:26:38     all   45.71    0.00    1.26    0.00    0.00    1.26    0.00    0.00    0.00   51.77
01:26:39     all   45.82    0.00    1.52    0.00    0.00    1.01    0.00    0.00    0.00   51.65
01:26:40     all   46.08    0.00    1.77    0.25    0.00    0.76    0.00    0.00    0.00   51.14
01:26:41     all   45.94    0.00    1.52    0.00    0.00    1.02    0.00    0.00    0.00   51.52
01:26:42     all   46.21    0.00    1.77    0.00    0.00    1.01    0.00    0.00    0.00   51.01
01:26:43     all   45.71    0.00    1.77    0.00    0.00    1.26    0.00    0.00    0.00   51.26
01:26:44     all   47.07    0.00    1.02    0.00    0.00    0.76    0.00    0.00    0.00   51.15
01:26:45     all   47.84    0.00    1.53    0.00    0.00    1.02    0.00    0.00    0.00   49.62
01:26:46     all   45.98    0.00    1.76    0.00    0.00    1.26    0.00    0.00    0.00   51.01
01:26:47     all   48.10    0.00    1.01    0.00    0.00    1.01    0.00    0.00    0.00   49.87
01:26:48     all   46.58    0.00    1.52    0.00    0.00    1.27    0.00    0.00    0.00   50.63
01:26:49     all   46.94    0.00    1.28    0.00    0.00    1.28    0.00    0.00    0.00   50.51
01:26:50     all   46.97    0.00    1.77    0.00    0.00    0.76    0.00    0.00    0.00   50.51
01:26:51     all   45.15    0.00    2.04    0.00    0.00    1.02    0.00    0.00    0.00   51.79
01:26:52     all   45.84    0.00    1.51    0.00    0.00    0.76    0.00    0.00    0.00   51.89
01:26:53     all   46.72    0.00    1.52    0.00    0.00    1.01    0.00    0.00    0.00   50.76
01:26:54     all   46.04    0.00    1.28    0.00    0.00    1.28    0.00    0.00    0.00   51.41
01:26:55     all   45.86    0.00    1.50    0.50    0.00    1.25    0.00    0.00    0.00   50.88
01:26:56     all   45.82    0.00    1.52    0.00    0.00    1.01    0.00    0.00    0.00   51.65
01:26:57     all   47.22    0.00    1.77    0.00    0.00    1.01    0.00    0.00    0.00   50.00
01:26:58     all   46.95    0.00    0.76    0.00    0.00    1.27    0.00    0.00    0.00   51.02
01:26:59     all   44.92    0.00    1.52    0.00    0.00    0.76    0.00    0.00    0.00   52.79
01:27:00     all   44.44    0.00    1.52    0.00    0.00    1.77    0.00    0.00    0.00   52.27
01:27:01     all   46.95    0.00    1.27    0.00    0.00    1.02    0.00    0.00    0.00   50.76
01:27:02     all   45.09    0.00    1.26    0.00    0.00    1.01    0.00    0.00    0.00   52.64
01:27:03     all   47.33    0.00    1.78    0.00    0.00    0.76    0.00    0.00    0.00   50.13
01:27:04     all   47.74    0.00    1.76    0.00    0.00    1.26    0.00    0.00    0.00   49.25
01:27:05     all   48.21    0.00    1.02    0.00    0.00    0.77    0.00    0.00    0.00   50.00
01:27:06     all   45.96    0.00    1.77    0.00    0.00    1.26    0.00    0.00    0.00   51.01
01:27:07     all   46.85    0.00    1.51    0.00    0.00    1.01    0.00    0.00    0.00   50.63
01:27:08     all   46.58    0.00    1.27    0.00    0.00    1.01    0.00    0.00    0.00   51.14
01:27:09     all   44.84    0.00    1.26    0.00    0.00    1.26    0.00    0.00    0.00   52.64
01:27:10     all   44.02    0.00    1.78    0.00    0.00    1.02    0.00    0.00    0.00   53.18
01:27:11     all   45.09    0.00    1.76    0.00    0.00    1.26    0.00    0.00    0.00   51.89
01:27:12     all   45.57    0.00    1.27    0.00    0.00    1.52    0.00    0.00    0.00   51.65
01:27:13     all   46.56    0.00    1.27    0.00    0.00    1.02    0.00    0.00    0.00   51.15
01:27:14     all   46.72    0.00    1.52    0.00    0.00    1.01    0.00    0.00    0.00   50.76
01:27:15     all   45.45    0.00    1.77    0.00    0.00    1.26    0.00    0.00    0.00   51.52
01:27:16     all   44.95    0.00    1.77    0.25    0.00    0.76    0.00    0.00    0.00   52.27
01:27:17     all   44.44    0.00    1.77    0.00    0.00    1.26    0.00    0.00    0.00   52.53
01:27:18     all   45.64    0.00    1.54    0.00    0.00    0.77    0.00    0.00    0.00   52.05
01:27:19     all   46.31    0.00    1.27    0.00    0.00    1.02    0.00    0.00    0.00   51.40
01:27:20     all   45.73    0.00    2.01    0.00    0.00    1.51    0.00    0.00    0.00   50.75
01:27:21     all   45.04    0.00    1.53    0.00    0.00    1.02    0.00    0.00    0.00   52.42
01:27:22     all   44.81    0.00    1.77    0.00    0.00    1.01    0.00    0.00    0.00   52.41
01:27:23     all   47.07    0.00    1.02    0.00    0.00    0.76    0.00    0.00    0.00   51.15
01:27:24     all   46.60    0.00    2.02    0.00    0.00    1.26    0.00    0.00    0.00   50.13
01:27:25     all   45.71    0.00    1.26    0.00    0.00    1.52    0.00    0.00    0.00   51.52
01:27:26     all   45.80    0.00    1.53    0.25    0.00    1.02    0.00    0.00    0.00   51.40
01:27:27     all   45.94    0.00    1.27    0.00    0.00    1.27    0.00    0.00    0.00   51.52
01:27:28     all   46.95    0.00    1.52    0.00    0.00    0.76    0.00    0.00    0.00   50.76
01:27:29     all   46.23    0.00    1.51    0.00    0.00    1.51    0.00    0.00    0.00   50.75
01:27:30     all   46.58    0.00    1.52    0.00    0.00    1.01    0.00    0.00    0.00   50.89
01:27:31     all   47.47    0.00    1.52    0.00    0.00    1.26    0.00    0.00    0.00   49.75
01:27:32     all   46.58    0.00    1.27    0.00    0.00    1.01    0.00    0.00    0.00   51.14
01:27:33     all   46.84    0.00    1.52    0.00    0.00    0.76    0.00    0.00    0.00   50.89
01:27:34     all   46.70    0.00    1.52    0.00    0.00    0.51    0.00    0.00    0.00   51.27
01:27:35     all   47.46    0.00    3.05    0.00    0.00    1.78    0.00    0.00    0.00   47.72
01:27:36     all   47.85    0.00    1.52    0.00    0.00    1.01    0.00    0.00    0.00   49.62
01:27:37     all   46.80    0.00    1.79    0.00    0.00    0.51    0.00    0.00    0.00   50.90
01:27:38     all   47.73    0.00    1.77    0.00    0.00    1.01    0.00    0.00    0.00   49.49
01:27:39     all   46.87    0.00    1.75    0.00    0.00    1.50    0.00    0.00    0.00   49.87
01:27:40     all   47.45    0.00    1.28    0.00    0.00    0.77    0.00    0.00    0.00   50.51
01:27:41     all   47.62    0.00    1.25    0.00    0.00    1.50    0.00    0.00    0.00   49.62
01:27:42     all   47.61    0.00    1.76    0.25    0.00    1.01    0.00    0.00    0.00   49.37
01:27:43     all   46.31    0.00    2.04    0.00    0.00    0.76    0.00    0.00    0.00   50.89
01:27:44     all   48.11    0.00    1.51    0.00    0.00    1.26    0.00    0.00    0.00   49.12
01:27:45     all   48.74    0.00    1.52    0.00    0.00    0.76    0.00    0.00    0.00   48.99
01:27:46     all   46.82    0.00    1.27    0.00    0.00    1.27    0.00    0.00    0.00   50.64
01:27:47     all   47.47    0.00    2.02    0.00    0.00    1.01    0.00    0.00    0.00   49.49
01:27:48     all   48.10    0.00    1.27    0.00    0.00    0.76    0.00    0.00    0.00   49.87
01:27:49     all   48.59    0.00    1.28    0.00    0.00    0.51    0.00    0.00    0.00   49.62
01:27:50     all   47.47    0.00    1.26    0.00    0.00    1.26    0.00    0.00    0.00   50.00
01:27:51     all   47.98    0.00    1.77    0.00    0.00    1.01    0.00    0.00    0.00   49.24
01:27:52     all   46.33    0.00    1.52    0.00    0.00    1.01    0.00    0.00    0.00   51.14
01:27:53     all   47.36    0.00    1.76    0.00    0.00    1.26    0.00    0.00    0.00   49.62
01:27:54     all   46.56    0.00    1.27    0.25    0.00    0.76    0.00    0.00    0.00   51.15
01:27:55     all   47.59    0.00    1.52    0.00    0.00    1.01    0.00    0.00    0.00   49.87
01:27:56     all   46.80    0.00    1.79    0.00    0.00    0.77    0.00    0.00    0.00   50.64
01:27:57     all   48.00    0.00    1.50    0.00    0.00    1.25    0.00    0.00    0.00   49.25
01:27:58     all   46.70    0.00    1.52    0.00    0.00    1.02    0.00    0.00    0.00   50.76
01:27:59     all   46.70    0.00    1.02    0.00    0.00    1.27    0.00    0.00    0.00   51.02
01:28:00     all   46.72    0.00    1.77    0.00    0.00    0.76    0.00    0.00    0.00   50.76
01:28:01     all   46.46    0.00    1.52    0.00    0.00    1.26    0.00    0.00    0.00   50.76
01:28:02     all   47.24    0.00    2.01    0.00    0.00    1.51    0.00    0.00    0.00   49.25
01:28:03     all   47.22    0.00    1.26    0.00    0.00    1.01    0.00    0.00    0.00   50.51
01:28:04     all   47.85    0.00    1.01    0.00    0.00    1.52    0.00    0.00    0.00   49.62
01:28:05     all   44.78    0.00    1.27    0.00    0.00    1.53    0.00    0.00    0.00   52.42
01:28:06     all   48.48    0.00    1.52    0.00    0.00    0.76    0.00    0.00    0.00   49.24
01:28:07     all   47.98    0.00    1.26    0.00    0.00    1.26    0.00    0.00    0.00   49.49
01:28:08     all   48.10    0.00    1.77    0.00    0.00    0.76    0.00    0.00    0.00   49.37
01:28:09     all   47.58    0.00    1.53    0.00    0.00    1.02    0.00    0.00    0.00   49.87
01:28:10     all   46.73    0.00    1.76    0.00    0.00    1.26    0.00    0.00    0.00   50.25
01:28:11     all   46.06    0.00    1.53    0.00    0.00    1.02    0.00    0.00    0.00   51.40
01:28:12     all   45.23    0.00    1.76    0.50    0.00    1.26    0.00    0.00    0.00   51.26
01:28:13     all   47.19    0.00    1.02    0.00    0.00    1.28    0.00    0.00    0.00   50.51
01:28:14     all   47.47    0.00    1.52    0.00    0.00    1.01    0.00    0.00    0.00   50.00
01:28:15     all   47.22    0.00    2.02    0.00    0.00    1.26    0.00    0.00    0.00   49.49
01:28:16     all   47.98    0.00    1.26    0.00    0.00    1.26    0.00    0.00    0.00   49.49
01:28:17     all   48.09    0.00    1.53    0.25    0.00    1.02    0.00    0.00    0.00   49.11
01:28:18     all   45.84    0.00    1.26    0.00    0.00    1.26    0.00    0.00    0.00   51.64
01:28:19     all   46.58    0.00    1.52    0.25    0.00    0.76    0.00    0.00    0.00   50.89
01:28:20     all   47.61    0.00    1.26    0.00    0.00    1.26    0.00    0.00    0.00   49.87
01:28:21     all   47.72    0.00    1.52    0.00    0.00    0.76    0.00    0.00    0.00   50.00
01:28:22     all   46.82    0.00    1.27    0.00    0.00    1.02    0.00    0.00    0.00   50.89
01:28:23     all   46.95    0.00    2.28    0.00    0.00    0.76    0.00    0.00    0.00   50.00
01:28:24     all   47.07    0.00    1.02    0.00    0.00    1.02    0.00    0.00    0.00   50.89
01:28:25     all   46.48    0.00    2.01    0.00    0.00    1.01    0.00    0.00    0.00   50.50
01:28:26     all   45.32    0.00    1.77    0.00    0.00    0.51    0.00    0.00    0.00   52.41
01:28:27     all   46.95    0.00    1.02    0.00    0.00    1.02    0.00    0.00    0.00   51.02
01:28:28     all   47.34    0.00    1.52    0.00    0.00    1.01    0.00    0.00    0.00   50.13
01:28:29     all   46.95    0.00    1.02    0.00    0.00    0.76    0.00    0.00    0.00   51.27
01:28:30     all   46.33    0.00    2.03    0.00    0.00    1.01    0.00    0.00    0.00   50.63
01:28:31     all   44.53    0.00    1.27    0.00    0.00    0.51    0.00    0.00    0.00   53.69
01:28:32     all   46.84    0.00    1.01    0.00    0.00    1.01    0.00    0.00    0.00   51.14
01:28:33     all   44.81    0.00    2.03    0.00    0.00    1.01    0.00    0.00    0.00   52.15
01:28:34     all   46.58    0.00    1.52    0.00    0.00    1.52    0.00    0.00    0.00   50.38
01:28:35     all   46.06    0.00    2.80    0.00    0.00    1.27    0.00    0.00    0.00   49.87
01:28:36     all   45.98    0.00    1.76    0.00    0.00    1.26    0.00    0.00    0.00   51.01
01:28:37     all   45.29    0.00    1.53    0.00    0.00    1.02    0.00    0.00    0.00   52.16
01:28:38     all   45.57    0.00    1.52    0.00    0.00    1.27    0.00    0.00    0.00   51.65
01:28:39     all   45.66    0.00    1.28    0.00    0.00    1.53    0.00    0.00    0.00   51.53
01:28:40     all   44.97    0.00    1.76    0.25    0.00    1.01    0.00    0.00    0.00   52.01
01:28:41     all   47.36    0.00    1.26    0.00    0.00    1.51    0.00    0.00    0.00   49.87
01:28:42     all   46.73    0.00    1.51    0.00    0.00    1.26    0.00    0.00    0.00   50.50
01:28:43     all   47.09    0.00    1.77    0.00    0.00    0.76    0.00    0.00    0.00   50.38
01:28:44     all   46.60    0.00    1.51    0.00    0.00    1.51    0.00    0.00    0.00   50.38
01:28:45     all   47.09    0.00    1.01    0.00    0.00    1.52    0.00    0.00    0.00   50.38
01:28:46     all   46.82    0.00    1.53    0.00    0.00    1.02    0.00    0.00    0.00   50.64
01:28:47     all   46.48    0.00    1.76    0.00    0.00    1.26    0.00    0.00    0.00   50.50
01:28:48     all   46.68    0.00    1.02    0.00    0.00    1.28    0.00    0.00    0.00   51.02
01:28:49     all   46.62    0.00    2.26    0.00    0.00    1.25    0.00    0.00    0.00   49.87
01:28:50     all   47.47    0.00    1.52    0.25    0.00    0.76    0.00    0.00    0.00   50.00
01:28:51     all   47.47    0.00    1.77    0.00    0.00    1.01    0.00    0.00    0.00   49.75
01:28:52     all   47.84    0.00    1.27    0.00    0.00    1.02    0.00    0.00    0.00   49.87
01:28:53     all   47.73    0.00    1.52    0.00    0.00    1.26    0.00    0.00    0.00   49.49
01:28:54     all   48.49    0.00    2.01    0.00    0.00    1.01    0.00    0.00    0.00   48.49
01:28:55     all   47.58    0.00    1.02    0.25    0.00    0.76    0.00    0.00    0.00   50.38
01:28:56     all   48.22    0.00    1.78    0.00    0.00    0.76    0.00    0.00    0.00   49.24
01:28:57     all   47.46    0.00    1.27    0.00    0.00    0.76    0.00    0.00    0.00   50.51
01:28:58     all   47.59    0.00    1.77    0.00    0.00    1.77    0.00    0.00    0.00   48.86
01:28:59     all   48.75    0.00    1.50    0.00    0.00    1.50    0.00    0.00    0.00   48.25
01:29:00     all   48.48    0.00    1.52    0.00    0.00    0.76    0.00    0.00    0.00   49.24
01:29:01     all   46.33    0.00    1.52    0.00    0.00    1.27    0.00    0.00    0.00   50.89
01:29:02     all   46.95    0.00    1.52    0.00    0.00    1.27    0.00    0.00    0.00   50.25
01:29:03     all   48.35    0.00    1.27    0.00    0.00    1.02    0.00    0.00    0.00   49.36
01:29:04     all   48.60    0.00    1.78    0.00    0.00    0.76    0.00    0.00    0.00   48.85
01:29:05     all   48.36    0.00    1.76    0.00    0.00    1.01    0.00    0.00    0.00   48.87
01:29:06     all   46.19    0.00    1.27    0.00    0.00    0.76    0.00    0.00    0.00   51.78
01:29:07     all   47.72    0.00    1.02    0.00    0.00    1.27    0.00    0.00    0.00   50.00
01:29:08     all   46.60    0.00    2.02    0.00    0.00    1.26    0.00    0.00    0.00   50.13
01:29:09     all   47.09    0.00    1.27    0.00    0.00    1.01    0.00    0.00    0.00   50.63
01:29:10     all   47.34    0.00    1.27    0.00    0.00    1.01    0.00    0.00    0.00   50.38
01:29:11     all   47.98    0.00    1.77    0.00    0.00    1.01    0.00    0.00    0.00   49.24
01:29:12     all   48.60    0.00    1.78    0.00    0.00    1.02    0.00    0.00    0.00   48.60
01:29:13     all   47.07    0.00    1.53    0.00    0.00    1.02    0.00    0.00    0.00   50.38
01:29:14     all   49.12    0.00    2.02    0.00    0.00    0.76    0.00    0.00    0.00   48.11
01:29:15     all   47.46    0.00    1.78    0.00    0.00    1.27    0.00    0.00    0.00   49.49
01:29:16     all   47.61    0.00    1.76    0.00    0.00    1.26    0.00    0.00    0.00   49.37
01:29:17     all   49.62    0.00    1.77    0.00    0.00    1.01    0.00    0.00    0.00   47.59
01:29:18     all   48.22    0.00    1.52    0.00    0.00    1.02    0.00    0.00    0.00   49.24
01:29:19     all   48.10    0.00    1.77    0.00    0.00    1.52    0.00    0.00    0.00   48.61
01:29:20     all   48.08    0.00    1.02    0.26    0.00    1.02    0.00    0.00    0.00   49.62
01:29:21     all   48.24    0.00    2.01    0.00    0.00    1.26    0.00    0.00    0.00   48.49
01:29:22     all   49.24    0.00    1.52    0.00    0.00    1.01    0.00    0.00    0.00   48.23
01:29:23     all   47.19    0.00    1.28    0.00    0.00    1.02    0.00    0.00    0.00   50.51
01:29:24     all   48.35    0.00    1.27    0.00    0.00    1.01    0.00    0.00    0.00   49.37
01:29:25     all   47.22    0.00    1.77    0.00    0.00    1.26    0.00    0.00    0.00   49.75
01:29:26     all   47.46    0.00    0.76    0.25    0.00    1.27    0.00    0.00    0.00   50.25
01:29:27     all   46.35    0.00    1.76    0.00    0.00    0.50    0.00    0.00    0.00   51.39
01:29:28     all   46.19    0.00    2.03    0.00    0.00    1.02    0.00    0.00    0.00   50.76
01:29:29     all   47.84    0.00    1.27    0.00    0.00    1.27    0.00    0.00    0.00   49.62
01:29:30     all   45.20    0.00    2.02    0.00    0.00    1.26    0.00    0.00    0.00   51.52
01:29:31     all   46.84    0.00    1.27    0.25    0.00    1.27    0.00    0.00    0.00   50.38
01:29:32     all   46.97    0.00    1.77    0.00    0.00    0.76    0.00    0.00    0.00   50.51
01:29:33     all   47.45    0.00    1.02    0.00    0.00    1.02    0.00    0.00    0.00   50.51
01:29:34     all   46.98    0.00    1.51    0.00    0.00    0.75    0.00    0.00    0.00   50.75
01:29:35     all   48.22    0.00    2.79    0.00    0.00    1.78    0.00    0.00    0.00   47.21
01:29:36     all   48.22    0.00    1.02    0.00    0.00    1.27    0.00    0.00    0.00   49.49
01:29:37     all   46.06    0.00    2.04    0.00    0.00    1.02    0.00    0.00    0.00   50.89
01:29:38     all   47.73    0.00    1.01    0.00    0.00    1.52    0.00    0.00    0.00   49.75
01:29:39     all   47.58    0.00    2.04    0.00    0.00    0.51    0.00    0.00    0.00   49.87
01:29:40     all   48.61    0.00    1.76    0.00    0.00    0.76    0.00    0.00    0.00   48.87
01:29:41     all   48.10    0.00    1.52    0.00    0.00    1.01    0.00    0.00    0.00   49.37
01:29:42     all   48.35    0.00    1.27    0.00    0.00    1.27    0.00    0.00    0.00   49.11
01:29:43     all   46.85    0.00    2.27    0.00    0.00    0.76    0.00    0.00    0.00   50.13
01:29:44     all   48.08    0.00    1.53    0.00    0.00    0.77    0.00    0.00    0.00   49.62
01:29:45     all   45.73    0.00    1.76    0.00    0.00    1.26    0.00    0.00    0.00   51.26
01:29:46     all   46.45    0.00    1.52    0.00    0.00    1.52    0.00    0.00    0.00   50.51
01:29:47     all   45.82    0.00    1.77    0.00    0.00    1.52    0.00    0.00    0.00   50.89
01:29:48     all   47.21    0.00    1.52    0.00    0.00    1.02    0.00    0.00    0.00   50.25
01:29:49     all   46.94    0.00    1.02    0.00    0.00    1.02    0.00    0.00    0.00   51.02
01:29:50     all   47.74    0.00    2.01    0.00    0.00    0.75    0.00    0.00    0.00   49.50
01:29:51     all   47.47    0.00    1.77    0.00    0.00    0.76    0.00    0.00    0.00   50.00
01:29:52     all   47.59    0.00    1.52    0.00    0.00    1.01    0.00    0.00    0.00   49.87
01:29:53     all   46.17    0.00    1.53    0.26    0.00    1.02    0.00    0.00    0.00   51.02
01:29:54     all   46.46    0.00    1.26    0.00    0.00    0.76    0.00    0.00    0.00   51.52
01:29:55     all   47.34    0.00    2.03    0.00    0.00    1.27    0.00    0.00    0.00   49.37
01:29:56     all   47.10    0.00    1.01    0.00    0.00    1.01    0.00    0.00    0.00   50.88
01:29:57     all   48.35    0.00    1.78    0.00    0.00    1.02    0.00    0.00    0.00   48.85
01:29:58     all   48.74    0.00    1.52    0.00    0.00    1.01    0.00    0.00    0.00   48.74
01:29:59     all   49.12    0.00    1.51    0.25    0.00    1.26    0.00    0.00    0.00   47.86
01:30:00     all   47.58    0.00    1.53    0.00    0.00    1.02    0.00    0.00    0.00   49.87
01:30:01     all   47.21    0.00    1.78    0.00    0.00    1.27    0.00    0.00    0.00   49.75
01:30:02     all   47.34    0.00    1.27    0.51    0.00    1.27    0.00    0.00    0.00   49.62
01:30:03     all   47.10    0.00    1.26    0.00    0.00    1.26    0.00    0.00    0.00   50.38
01:30:04     all   48.22    0.00    1.52    0.00    0.00    1.02    0.00    0.00    0.00   49.24
01:30:05     all   45.45    0.00    1.77    0.00    0.00    1.77    0.00    0.00    0.00   51.01
01:30:06     all   47.97    0.00    1.27    0.00    0.00    0.76    0.00    0.00    0.00   50.00
01:30:07     all   47.73    0.00    1.52    0.00    0.00    1.26    0.00    0.00    0.00   49.49
01:30:08     all   47.07    0.00    1.78    0.25    0.00    1.02    0.00    0.00    0.00   49.87
01:30:09     all   47.86    0.00    1.76    0.00    0.00    1.26    0.00    0.00    0.00   49.12
01:30:10     all   48.60    0.00    1.27    0.00    0.00    0.76    0.00    0.00    0.00   49.36
01:30:11     all   47.36    0.00    1.51    0.00    0.00    1.51    0.00    0.00    0.00   49.62
01:30:12     all   48.35    0.00    1.52    0.00    0.00    1.27    0.00    0.00    0.00   48.86
01:30:13     all   49.24    0.00    1.26    0.00    0.00    1.26    0.00    0.00    0.00   48.23
01:30:14     all   47.96    0.00    2.04    0.00    0.00    1.28    0.00    0.00    0.00   48.72
01:30:15     all   45.94    0.00    1.52    0.00    0.00    1.27    0.00    0.00    0.00   51.27
01:30:16     all   47.50    0.00    1.75    0.00    0.00    1.25    0.00    0.00    0.00   49.50
01:30:17     all   47.72    0.00    1.78    0.00    0.00    1.02    0.00    0.00    0.00   49.49
01:30:18     all   46.84    0.00    2.03    0.00    0.00    0.76    0.00    0.00    0.00   50.38
01:30:19     all   47.57    0.00    1.28    0.00    0.00    1.02    0.00    0.00    0.00   50.13
01:30:20     all   47.36    0.00    1.51    0.00    0.00    0.76    0.00    0.00    0.00   50.38
01:30:21     all   46.33    0.00    1.27    0.00    0.00    1.27    0.00    0.00    0.00   51.14
01:30:22     all   47.22    0.00    1.52    0.00    0.00    0.76    0.00    0.00    0.00   50.51
01:30:23     all   46.80    0.00    1.53    0.00    0.00    0.77    0.00    0.00    0.00   50.90
01:30:24     all   47.22    0.00    1.77    0.00    0.00    0.76    0.00    0.00    0.00   50.25
01:30:25     all   47.19    0.00    1.53    0.00    0.00    1.53    0.00    0.00    0.00   49.74
01:30:26     all   48.49    0.00    1.51    0.00    0.00    1.26    0.00    0.00    0.00   48.74
01:30:27     all   48.72    0.00    1.28    0.00    0.00    1.03    0.00    0.00    0.00   48.97
01:30:28     all   47.09    0.00    1.77    0.00    0.00    1.01    0.00    0.00    0.00   50.13
01:30:29     all   46.95    0.00    1.78    0.00    0.00    1.02    0.00    0.00    0.00   50.25
01:30:30     all   46.48    0.00    2.26    0.00    0.00    1.01    0.00    0.00    0.00   50.25
01:30:31     all   46.31    0.00    1.53    0.00    0.00    0.76    0.00    0.00    0.00   51.40
01:30:32     all   46.35    0.00    1.01    0.00    0.00    1.01    0.00    0.00    0.00   51.64
01:30:33     all   45.94    0.00    1.27    0.00    0.00    1.52    0.00    0.00    0.00   51.27
01:30:34     all   46.46    0.00    1.52    0.00    0.00    1.26    0.00    0.00    0.00   50.76
01:30:35     all   48.23    0.00    2.27    0.00    0.00    1.52    0.00    0.00    0.00   47.98
01:30:36     all   46.08    0.00    1.27    0.00    0.00    1.01    0.00    0.00    0.00   51.65
01:30:37     all   46.21    0.00    1.52    0.00    0.00    1.26    0.00    0.00    0.00   51.01
01:30:38     all   47.24    0.00    2.01    0.00    0.00    1.26    0.00    0.00    0.00   49.50
01:30:39     all   48.22    0.00    1.27    0.00    0.00    0.76    0.00    0.00    0.00   49.75
01:30:40     all   48.11    0.00    1.51    0.50    0.00    1.01    0.00    0.00    0.00   48.87
01:30:41     all   48.61    0.00    1.76    0.00    0.00    1.26    0.00    0.00    0.00   48.36
01:30:42     all   47.96    0.00    1.79    0.00    0.00    1.53    0.00    0.00    0.00   48.72
01:30:43     all   47.22    0.00    1.52    0.00    0.00    1.26    0.00    0.00    0.00   50.00
01:30:44     all   48.24    0.00    1.76    0.00    0.00    1.26    0.00    0.00    0.00   48.74
01:30:45     all   48.11    0.00    1.01    0.00    0.00    1.51    0.00    0.00    0.00   49.37
01:30:46     all   48.74    0.00    1.76    0.25    0.00    1.51    0.00    0.00    0.00   47.74
01:30:47     all   48.85    0.00    1.53    0.00    0.00    0.51    0.00    0.00    0.00   49.11
01:30:48     all   48.73    0.00    1.52    0.00    0.00    1.27    0.00    0.00    0.00   48.48
01:30:49     all   48.12    0.00    1.25    0.00    0.00    1.75    0.00    0.00    0.00   48.87
01:30:50     all   48.60    0.00    1.53    0.00    0.00    1.27    0.00    0.00    0.00   48.60
01:30:51     all   48.74    0.00    2.01    0.00    0.00    1.51    0.00    0.00    0.00   47.74
01:30:52     all   49.75    0.00    1.52    0.00    0.00    1.01    0.00    0.00    0.00   47.73
01:30:53     all   47.36    0.00    1.26    0.00    0.00    1.51    0.00    0.00    0.00   49.87
01:30:54     all   48.48    0.00    1.26    0.00    0.00    1.26    0.00    0.00    0.00   48.99
01:30:55     all   47.36    0.00    1.76    0.25    0.00    1.26    0.00    0.00    0.00   49.37
01:30:56     all   47.97    0.00    1.27    0.00    0.00    1.02    0.00    0.00    0.00   49.75
01:30:57     all   48.49    0.00    1.51    0.00    0.00    1.01    0.00    0.00    0.00   48.99
01:30:58     all   47.07    0.00    1.02    0.00    0.00    1.27    0.00    0.00    0.00   50.64
01:30:59     all   47.72    0.00    1.52    0.00    0.00    1.02    0.00    0.00    0.00   49.75
01:31:00     all   45.96    0.00    2.02    0.00    0.00    1.77    0.00    0.00    0.00   50.25
01:31:01     all   46.55    0.00    1.53    0.00    0.00    0.77    0.00    0.00    0.00   51.15
01:31:02     all   46.35    0.00    1.76    0.00    0.00    1.26    0.00    0.00    0.00   50.63
01:31:03     all   47.84    0.00    1.53    0.00    0.00    0.76    0.00    0.00    0.00   49.87
01:31:04     all   46.72    0.00    1.26    0.00    0.00    1.52    0.00    0.00    0.00   50.51
01:31:05     all   47.85    0.00    1.27    0.00    0.00    1.27    0.00    0.00    0.00   49.62
01:31:06     all   47.34    0.00    1.27    0.25    0.00    1.01    0.00    0.00    0.00   50.13
01:31:07     all   46.33    0.00    1.52    0.00    0.00    0.76    0.00    0.00    0.00   51.39
01:31:08     all   47.61    0.00    1.76    0.00    0.00    0.76    0.00    0.00    0.00   49.87
01:31:09     all   46.58    0.00    1.27    0.00    0.00    1.27    0.00    0.00    0.00   50.89
01:31:10     all   47.97    0.00    1.52    0.00    0.00    0.76    0.00    0.00    0.00   49.75
01:31:11     all   46.84    0.00    1.01    0.00    0.00    1.01    0.00    0.00    0.00   51.14
01:31:12     all   47.37    0.00    1.75    0.00    0.00    1.50    0.00    0.00    0.00   49.37
01:31:13     all   47.45    0.00    1.02    0.00    0.00    1.28    0.00    0.00    0.00   50.26
01:31:14     all   46.31    0.00    1.78    0.00    0.00    0.51    0.00    0.00    0.00   51.40
01:31:15     all   47.47    0.00    1.77    0.00    0.00    0.76    0.00    0.00    0.00   50.00
01:31:16     all   45.34    0.00    1.51    0.00    0.00    1.26    0.00    0.00    0.00   51.89
01:31:17     all   45.04    0.00    1.02    0.00    0.00    1.27    0.00    0.00    0.00   52.67
01:31:18     all   47.07    0.00    1.78    0.00    0.00    1.02    0.00    0.00    0.00   50.13
01:31:19     all   48.86    0.00    1.52    0.00    0.00    1.01    0.00    0.00    0.00   48.61
01:31:20     all   47.37    0.00    1.50    0.00    0.00    1.50    0.00    0.00    0.00   49.62
01:31:21     all   47.84    0.00    1.53    0.00    0.00    0.76    0.00    0.00    0.00   49.87
01:31:22     all   47.21    0.00    1.52    0.00    0.00    0.76    0.00    0.00    0.00   50.51
01:31:23     all   47.84    0.00    1.27    0.00    0.00    1.27    0.00    0.00    0.00   49.62
01:31:24     all   48.10    0.00    1.52    0.00    0.00    1.01    0.00    0.00    0.00   49.37
01:31:25     all   47.59    0.00    1.77    0.00    0.00    1.01    0.00    0.00    0.00   49.62
01:31:26     all   48.73    0.00    1.78    0.00    0.00    1.02    0.00    0.00    0.00   48.48
01:31:27     all   46.97    0.00    1.77    0.00    0.00    1.01    0.00    0.00    0.00   50.25
01:31:28     all   47.19    0.00    1.53    0.00    0.00    1.02    0.00    0.00    0.00   50.26
01:31:29     all   44.75    0.00    1.50    0.00    0.00    1.50    0.00    0.00    0.00   52.25
01:31:30     all   47.58    0.00    1.53    0.00    0.00    1.27    0.00    0.00    0.00   49.62
01:31:31     all   44.53    0.00    1.27    0.00    0.00    1.02    0.00    0.00    0.00   53.18
01:31:32     all   46.21    0.00    1.77    0.00    0.00    1.01    0.00    0.00    0.00   51.01
01:31:33     all   46.82    0.00    1.27    0.00    0.00    1.27    0.00    0.00    0.00   50.64
01:31:34     all   47.75    0.00    2.25    0.00    0.00    0.75    0.00    0.00    0.00   49.25
01:31:35     all   47.85    0.00    2.53    0.00    0.00    1.27    0.00    0.00    0.00   48.35
01:31:36     all   47.74    0.00    1.26    0.25    0.00    1.26    0.00    0.00    0.00   49.50
01:31:37     all   47.97    0.00    1.27    0.00    0.00    1.27    0.00    0.00    0.00   49.49
01:31:38     all   48.01    0.00    1.99    0.00    0.00    1.24    0.00    0.00    0.00   48.76
01:31:39     all   49.24    0.00    0.76    0.00    0.00    1.02    0.00    0.00    0.00   48.98
01:31:40     all   46.45    0.00    2.28    0.00    0.00    1.27    0.00    0.00    0.00   50.00
01:31:41     all   47.59    0.00    1.27    0.00    0.00    1.01    0.00    0.00    0.00   50.13
01:31:42     all   47.21    0.00    1.52    0.00    0.00    0.76    0.00    0.00    0.00   50.51
01:31:43     all   47.73    0.00    1.26    0.25    0.00    1.52    0.00    0.00    0.00   49.24
01:31:44     all   48.35    0.00    1.77    0.00    0.00    0.76    0.00    0.00    0.00   49.11
01:31:45     all   49.23    0.00    1.28    0.00    0.00    1.28    0.00    0.00    0.00   48.21
01:31:46     all   47.34    0.00    1.52    0.00    0.00    1.77    0.00    0.00    0.00   49.37
01:31:47     all   47.45    0.00    1.28    0.00    0.00    1.28    0.00    0.00    0.00   50.00
01:31:48     all   48.35    0.00    1.78    0.25    0.00    1.02    0.00    0.00    0.00   48.60
01:31:49     all   47.24    0.00    2.01    0.00    0.00    1.26    0.00    0.00    0.00   49.50
01:31:50     all   49.12    0.00    1.76    0.00    0.00    1.26    0.00    0.00    0.00   47.86
01:31:51     all   49.24    0.00    1.52    0.00    0.00    1.02    0.00    0.00    0.00   48.22
01:31:52     all   49.24    0.00    1.77    0.00    0.00    0.76    0.00    0.00    0.00   48.23
01:31:53     all   48.10    0.00    1.52    0.00    0.00    1.01    0.00    0.00    0.00   49.37
01:31:54     all   48.36    0.00    1.26    0.00    0.00    1.01    0.00    0.00    0.00   49.37
01:31:55     all   48.21    0.00    0.77    0.00    0.00    0.77    0.00    0.00    0.00   50.26
01:31:56     all   46.73    0.00    1.76    0.00    0.00    1.26    0.00    0.00    0.00   50.25
01:31:57     all   48.60    0.00    1.53    0.00    0.00    0.51    0.00    0.00    0.00   49.36
01:31:58     all   47.09    0.00    1.27    0.00    0.00    1.27    0.00    0.00    0.00   50.38
01:31:59     all   48.87    0.00    1.51    0.25    0.00    0.76    0.00    0.00    0.00   48.61
01:32:00     all   46.31    0.00    1.27    0.00    0.00    1.27    0.00    0.00    0.00   51.15
01:32:01     all   47.72    0.00    1.02    0.00    0.00    0.25    0.00    0.00    0.00   51.02
01:32:02     all   44.84    0.00    1.76    0.00    0.00    1.26    0.00    0.00    0.00   52.14
01:32:03     all   46.95    0.00    1.52    0.00    0.00    1.02    0.00    0.00    0.00   50.51
01:32:04     all   47.21    0.00    1.27    0.00    0.00    1.52    0.00    0.00    0.00   50.00
01:32:05     all   46.97    0.00    1.77    0.00    0.00    0.76    0.00    0.00    0.00   50.51
01:32:06     all   46.43    0.00    1.28    0.00    0.00    1.28    0.00    0.00    0.00   51.02
01:32:07     all   47.21    0.00    1.52    0.00    0.00    0.76    0.00    0.00    0.00   50.51
01:32:08     all   46.60    0.00    1.51    0.00    0.00    1.01    0.00    0.00    0.00   50.88
01:32:09     all   45.32    0.00    1.52    0.00    0.00    1.01    0.00    0.00    0.00   52.15
01:32:10     all   45.06    0.00    2.03    0.00    0.00    0.76    0.00    0.00    0.00   52.15
01:32:11     all   46.19    0.00    1.52    0.25    0.00    0.51    0.00    0.00    0.00   51.52
01:32:12     all   46.70    0.00    1.78    0.00    0.00    1.52    0.00    0.00    0.00   50.00
01:32:13     all   48.23    0.00    1.26    0.00    0.00    1.26    0.00    0.00    0.00   49.24
01:32:14     all   47.36    0.00    1.76    0.00    0.00    0.50    0.00    0.00    0.00   50.38
01:32:15     all   46.58    0.00    1.01    0.00    0.00    1.01    0.00    0.00    0.00   51.39
01:32:16     all   46.21    0.00    1.26    0.00    0.00    1.52    0.00    0.00    0.00   51.01
01:32:17     all   46.35    0.00    1.51    0.00    0.00    1.26    0.00    0.00    0.00   50.88
01:32:18     all   46.82    0.00    1.78    0.00    0.00    1.02    0.00    0.00    0.00   50.38
01:32:19     all   47.10    0.00    2.02    0.00    0.00    1.01    0.00    0.00    0.00   49.87
01:32:20     all   46.94    0.00    1.28    0.00    0.00    0.77    0.00    0.00    0.00   51.02
01:32:21     all   47.09    0.00    1.27    0.00    0.00    1.27    0.00    0.00    0.00   50.38
01:32:22     all   47.24    0.00    2.01    0.25    0.00    0.75    0.00    0.00    0.00   49.75
01:32:23     all   47.07    0.00    1.27    0.00    0.00    1.02    0.00    0.00    0.00   50.64
01:32:24     all   48.12    0.00    1.75    0.00    0.00    1.00    0.00    0.00    0.00   49.12
01:32:25     all   45.29    0.00    1.27    0.00    0.00    0.76    0.00    0.00    0.00   52.67
01:32:26     all   45.32    0.00    2.03    0.00    0.00    0.76    0.00    0.00    0.00   51.90
01:32:27     all   47.21    0.00    1.02    0.00    0.00    1.02    0.00    0.00    0.00   50.76
01:32:28     all   46.58    0.00    1.77    0.00    0.00    0.76    0.00    0.00    0.00   50.89
01:32:29     all   47.86    0.00    1.26    0.00    0.00    1.01    0.00    0.00    0.00   49.87
01:32:30     all   45.78    0.00    1.28    0.00    0.00    0.51    0.00    0.00    0.00   52.43
01:32:31     all   44.08    0.00    1.26    0.00    0.00    1.26    0.00    0.00    0.00   53.40
01:32:32     all   44.30    0.00    1.77    0.00    0.00    1.27    0.00    0.00    0.00   52.66
01:32:33     all   47.83    0.00    1.28    0.00    0.00    0.77    0.00    0.00    0.00   50.13
01:32:34     all   45.73    0.00    1.76    0.00    0.00    1.26    0.00    0.00    0.00   51.26
01:32:35     all   47.49    0.00    2.51    0.00    0.00    1.51    0.00    0.00    0.00   48.49
01:32:36     all   48.61    0.00    1.52    0.00    0.00    1.01    0.00    0.00    0.00   48.86
01:32:37     all   47.49    0.00    1.76    0.00    0.00    0.75    0.00    0.00    0.00   50.00
01:32:38     all   48.09    0.00    1.27    0.00    0.00    0.76    0.00    0.00    0.00   49.87
01:32:39     all   46.68    0.00    1.02    0.26    0.00    1.02    0.00    0.00    0.00   51.02
01:32:40     all   47.21    0.00    1.27    0.00    0.00    1.02    0.00    0.00    0.00   50.51
01:32:41     all   47.34    0.00    1.52    0.00    0.00    1.27    0.00    0.00    0.00   49.87
01:32:42     all   46.97    0.00    1.52    0.00    0.00    1.26    0.00    0.00    0.00   50.25
01:32:43     all   45.18    0.00    1.52    0.00    0.00    0.76    0.00    0.00    0.00   52.54
01:32:44     all   45.82    0.00    1.52    0.00    0.00    1.27    0.00    0.00    0.00   51.39
01:32:45     all   46.12    0.00    2.01    0.00    0.00    1.25    0.00    0.00    0.00   50.63
01:32:46     all   46.94    0.00    1.53    0.00    0.00    1.02    0.00    0.00    0.00   50.51
01:32:47     all   46.19    0.00    1.52    0.00    0.00    1.02    0.00    0.00    0.00   51.27
01:32:48     all   47.22    0.00    1.52    0.00    0.00    1.26    0.00    0.00    0.00   50.00
01:32:49     all   46.19    0.00    1.27    0.00    0.00    1.02    0.00    0.00    0.00   51.52
01:32:50     all   46.97    0.00    1.52    0.00    0.00    1.26    0.00    0.00    0.00   50.25
01:32:51     all   47.33    0.00    1.78    0.00    0.00    1.02    0.00    0.00    0.00   49.87
01:32:52     all   44.25    0.00    1.50    0.00    0.00    2.00    0.00    0.00    0.00   52.25
01:32:53     all   46.08    0.00    1.77    0.00    0.00    1.01    0.00    0.00    0.00   51.14
01:32:54     all   46.68    0.00    1.53    0.00    0.00    1.02    0.00    0.00    0.00   50.77
01:32:55     all   45.84    0.00    1.26    0.00    0.00    1.26    0.00    0.00    0.00   51.64
01:32:56     all   47.34    0.00    1.27    0.25    0.00    1.27    0.00    0.00    0.00   49.87
01:32:57     all   47.21    0.00    1.27    0.00    0.00    1.02    0.00    0.00    0.00   50.51
01:32:58     all   46.98    0.00    1.51    0.00    0.00    0.75    0.00    0.00    0.00   50.75
01:32:59     all   47.46    0.00    1.52    0.00    0.00    0.76    0.00    0.00    0.00   50.25
01:33:00     all   46.98    0.00    1.76    0.00    0.00    1.01    0.00    0.00    0.00   50.25
01:33:01     all   47.04    0.00    1.03    0.00    0.00    0.77    0.00    0.00    0.00   51.16
01:33:02     all   46.37    0.00    1.75    0.00    0.00    1.00    0.00    0.00    0.00   50.88
01:33:03     all   47.72    0.00    1.27    0.00    0.00    0.76    0.00    0.00    0.00   50.25
01:33:04     all   46.35    0.00    1.76    0.00    0.00    1.51    0.00    0.00    0.00   50.38
01:33:05     all   46.94    0.00    1.02    0.00    0.00    1.02    0.00    0.00    0.00   51.02
01:33:06     all   46.95    0.00    1.27    0.00    0.00    1.52    0.00    0.00    0.00   50.25
01:33:07     all   45.84    0.00    2.02    0.25    0.00    1.01    0.00    0.00    0.00   50.88
01:33:08     all   46.23    0.00    1.51    0.00    0.00    1.26    0.00    0.00    0.00   51.01
01:33:09     all   47.33    0.00    1.27    0.00    0.00    0.76    0.00    0.00    0.00   50.64
01:33:10     all   47.98    0.00    1.26    0.00    0.00    1.01    0.00    0.00    0.00   49.75
01:33:11     all   45.82    0.00    1.52    0.00    0.00    1.27    0.00    0.00    0.00   51.39
01:33:12     all   47.45    0.00    1.28    0.00    0.00    1.28    0.00    0.00    0.00   50.00
01:33:13     all   47.59    0.00    1.77    0.00    0.00    0.76    0.00    0.00    0.00   49.87
01:33:14     all   49.74    0.00    1.28    0.00    0.00    0.77    0.00    0.00    0.00   48.21
01:33:15     all   46.60    0.00    1.51    0.00    0.00    1.51    0.00    0.00    0.00   50.38
01:33:16     all   46.48    0.00    1.76    0.25    0.00    1.26    0.00    0.00    0.00   50.25
01:33:17     all   48.61    0.00    1.52    0.00    0.00    1.01    0.00    0.00    0.00   48.86
01:33:18     all   47.34    0.00    1.77    0.00    0.00    1.01    0.00    0.00    0.00   49.87
01:33:19     all   47.98    0.00    1.26    0.00    0.00    1.01    0.00    0.00    0.00   49.75
01:33:20     all   46.87    0.00    2.01    0.00    0.00    0.75    0.00    0.00    0.00   50.38
01:33:21     all   47.84    0.00    1.02    0.00    0.00    1.02    0.00    0.00    0.00   50.13
01:33:22     all   47.98    0.00    1.26    0.25    0.00    0.76    0.00    0.00    0.00   49.75
01:33:23     all   45.80    0.00    1.78    0.00    0.00    0.76    0.00    0.00    0.00   51.65
01:33:24     all   47.00    0.00    1.75    0.00    0.00    1.75    0.00    0.00    0.00   49.50
01:33:25     all   47.34    0.00    1.27    0.00    0.00    1.01    0.00    0.00    0.00   50.38
01:33:26     all   47.21    0.00    1.27    0.00    0.00    1.27    0.00    0.00    0.00   50.25
01:33:27     all   47.10    0.00    1.76    0.00    0.00    1.51    0.00    0.00    0.00   49.62
01:33:28     all   47.59    0.00    1.52    0.00    0.00    1.27    0.00    0.00    0.00   49.62
01:33:29     all   46.80    0.00    1.28    0.00    0.00    1.28    0.00    0.00    0.00   50.64
01:33:30     all   47.74    0.00    1.76    0.00    0.00    1.51    0.00    0.00    0.00   48.99
01:33:31     all   45.06    0.00    1.27    0.00    0.00    1.52    0.00    0.00    0.00   52.15
01:33:32     all   46.85    0.00    2.02    0.00    0.00    1.01    0.00    0.00    0.00   50.13
01:33:33     all   47.58    0.00    1.02    0.00    0.00    1.02    0.00    0.00    0.00   50.38
01:33:34     all   45.94    0.00    1.52    0.25    0.00    1.52    0.00    0.00    0.00   50.76
01:33:35     all   48.85    0.00    2.54    0.00    0.00    1.02    0.00    0.00    0.00   47.58
01:33:36     all   48.11    0.00    1.26    0.00    0.00    1.26    0.00    0.00    0.00   49.37
01:33:37     all   46.95    0.00    1.52    0.00    0.00    1.27    0.00    0.00    0.00   50.25
01:33:38     all   46.08    0.00    2.28    0.00    0.00    0.51    0.00    0.00    0.00   51.14
01:33:39     all   47.34    0.00    1.27    0.00    0.00    1.77    0.00    0.00    0.00   49.62
01:33:40     all   46.97    0.00    1.52    0.00    0.00    1.01    0.00    0.00    0.00   50.51
01:33:41     all   46.31    0.00    1.53    0.00    0.00    1.02    0.00    0.00    0.00   51.15
01:33:42     all   46.72    0.00    1.01    0.00    0.00    1.26    0.00    0.00    0.00   51.01
01:33:43     all   46.95    0.00    1.52    0.00    0.00    1.27    0.00    0.00    0.00   50.25
01:33:44     all   49.11    0.00    2.03    0.00    0.00    1.01    0.00    0.00    0.00   47.85
01:33:45     all   48.23    0.00    1.52    0.00    0.00    1.52    0.00    0.00    0.00   48.74
01:33:46     all   46.95    0.00    1.52    0.00    0.00    1.27    0.00    0.00    0.00   50.25
01:33:47     all   47.98    0.00    2.02    0.00    0.00    1.26    0.00    0.00    0.00   48.74
01:33:48     all   47.85    0.00    1.01    0.00    0.00    1.27    0.00    0.00    0.00   49.87
01:33:49     all   48.85    0.00    0.76    0.00    0.00    0.76    0.00    0.00    0.00   49.62
01:33:50     all   46.85    0.00    2.27    0.00    0.00    1.51    0.00    0.00    0.00   49.37
01:33:51     all   47.58    0.00    1.02    0.00    0.00    1.02    0.00    0.00    0.00   50.38
01:33:52     all   48.48    0.00    1.78    0.25    0.00    1.02    0.00    0.00    0.00   48.48
01:33:53     all   46.73    0.00    2.01    0.00    0.00    1.26    0.00    0.00    0.00   50.00
01:33:54     all   47.97    0.00    1.02    0.00    0.00    0.76    0.00    0.00    0.00   50.25
01:33:55     all   48.60    0.00    1.27    0.00    0.00    1.27    0.00    0.00    0.00   48.85
01:33:56     all   48.74    0.00    2.01    0.00    0.00    1.26    0.00    0.00    0.00   47.99
01:33:57     all   47.97    0.00    1.27    0.25    0.00    0.76    0.00    0.00    0.00   49.75
01:33:58     all   48.48    0.00    1.27    0.00    0.00    1.02    0.00    0.00    0.00   49.24
01:33:59     all   47.58    0.00    1.27    0.00    0.00    1.53    0.00    0.00    0.00   49.62
01:34:00     all   47.22    0.00    1.77    0.00    0.00    1.01    0.00    0.00    0.00   50.00
01:34:01     all   45.45    0.00    2.02    0.00    0.00    1.26    0.00    0.00    0.00   51.26
01:34:02     all   45.96    0.00    1.26    0.25    0.00    1.26    0.00    0.00    0.00   51.26
01:34:03     all   46.84    0.00    2.28    0.00    0.00    1.01    0.00    0.00    0.00   49.87
01:34:04     all   46.84    0.00    1.27    0.00    0.00    0.76    0.00    0.00    0.00   51.14
01:34:05     all   46.21    0.00    1.52    0.00    0.00    1.52    0.00    0.00    0.00   50.76
01:34:06     all   45.43    0.00    1.78    0.00    0.00    1.02    0.00    0.00    0.00   51.78
01:34:07     all   46.72    0.00    1.77    0.00    0.00    1.01    0.00    0.00    0.00   50.51
01:34:08     all   46.82    0.00    1.78    0.00    0.00    1.02    0.00    0.00    0.00   50.38
01:34:09     all   45.32    0.00    1.52    0.00    0.00    1.01    0.00    0.00    0.00   52.15
01:34:10     all   47.86    0.00    1.51    0.00    0.00    1.51    0.00    0.00    0.00   49.12
01:34:11     all   47.97    0.00    1.52    0.00    0.00    0.25    0.00    0.00    0.00   50.25
01:34:12     all   46.84    0.00    1.27    0.00    0.00    1.01    0.00    0.00    0.00   50.89
01:34:13     all   44.56    0.00    1.52    0.00    0.00    1.01    0.00    0.00    0.00   52.91
01:34:14     all   43.04    0.00    1.52    0.00    0.00    1.01    0.00    0.00    0.00   54.43
01:34:15     all   46.19    0.00    1.78    0.00    0.00    1.02    0.00    0.00    0.00   51.02
01:34:16     all   46.60    0.00    2.02    0.00    0.00    1.01    0.00    0.00    0.00   50.38
01:34:17     all   46.60    0.00    1.26    0.00    0.00    1.01    0.00    0.00    0.00   51.13
01:34:18     all   46.19    0.00    1.78    0.00    0.00    0.76    0.00    0.00    0.00   51.27
01:34:19     all   47.84    0.00    1.02    0.00    0.00    1.02    0.00    0.00    0.00   50.13
01:34:20     all   47.84    0.00    1.27    0.25    0.00    1.02    0.00    0.00    0.00   49.62
01:34:21     all   48.48    0.00    1.52    0.00    0.00    0.76    0.00    0.00    0.00   49.24
01:34:22     all   47.06    0.00    1.79    0.00    0.00    0.77    0.00    0.00    0.00   50.38
01:34:23     all   45.20    0.00    1.26    0.00    0.00    1.52    0.00    0.00    0.00   52.02
01:34:24     all   47.22    0.00    1.77    0.00    0.00    0.76    0.00    0.00    0.00   50.25
01:34:25     all   45.69    0.00    1.27    0.00    0.00    1.27    0.00    0.00    0.00   51.78
01:34:26     all   47.74    0.00    1.51    0.25    0.00    0.50    0.00    0.00    0.00   50.00
01:34:27     all   47.45    0.00    1.79    0.00    0.00    1.02    0.00    0.00    0.00   49.74
01:34:28     all   46.60    0.00    1.51    0.00    0.00    1.26    0.00    0.00    0.00   50.63
01:34:29     all   48.10    0.00    1.77    0.00    0.00    0.76    0.00    0.00    0.00   49.37
01:34:30     all   45.06    0.00    1.52    0.00    0.00    0.76    0.00    0.00    0.00   52.66
01:34:31     all   47.46    0.00    1.27    0.00    0.00    1.02    0.00    0.00    0.00   50.25
01:34:32     all   47.36    0.00    2.02    0.00    0.00    1.01    0.00    0.00    0.00   49.62
01:34:33     all   46.45    0.00    1.52    0.00    0.00    1.02    0.00    0.00    0.00   51.02
01:34:34     all   46.56    0.00    1.78    0.00    0.00    0.51    0.00    0.00    0.00   51.15
01:34:35     all   47.70    0.00    3.06    0.00    0.00    1.02    0.00    0.00    0.00   48.21
01:34:36     all   46.58    0.00    1.77    0.00    0.00    1.27    0.00    0.00    0.00   50.38
01:34:37     all   45.94    0.00    1.27    0.00    0.00    0.76    0.00    0.00    0.00   52.03
01:34:38     all   46.60    0.00    1.76    0.00    0.00    1.01    0.00    0.00    0.00   50.63
01:34:39     all   47.97    0.00    1.52    0.00    0.00    0.51    0.00    0.00    0.00   50.00
01:34:40     all   47.10    0.00    1.76    0.00    0.00    1.26    0.00    0.00    0.00   49.87
01:34:41     all   47.21    0.00    1.52    0.00    0.00    0.76    0.00    0.00    0.00   50.51
01:34:42     all   48.11    0.00    1.26    0.00    0.00    1.26    0.00    0.00    0.00   49.37
01:34:43     all   46.33    0.00    1.52    0.00    0.00    0.76    0.00    0.00    0.00   51.39
01:34:44     all   47.86    0.00    1.76    0.00    0.00    1.51    0.00    0.00    0.00   48.87
01:34:45     all   47.97    0.00    1.27    0.00    0.00    1.02    0.00    0.00    0.00   49.75
01:34:46     all   46.97    0.00    1.52    0.25    0.00    1.26    0.00    0.00    0.00   50.00
01:34:47     all   47.59    0.00    1.77    0.00    0.00    1.27    0.00    0.00    0.00   49.37
01:34:48     all   49.37    0.00    1.52    0.25    0.00    1.01    0.00    0.00    0.00   47.85
01:34:49     all   48.73    0.00    1.52    0.00    0.00    1.02    0.00    0.00    0.00   48.73
01:34:50     all   49.24    0.00    1.52    0.00    0.00    1.52    0.00    0.00    0.00   47.73
01:34:51     all   47.97    0.00    2.03    0.00    0.00    1.02    0.00    0.00    0.00   48.98
01:34:52     all   47.97    0.00    1.02    0.25    0.00    0.76    0.00    0.00    0.00   50.00
01:34:53     all   48.48    0.00    1.52    0.00    0.00    1.02    0.00    0.00    0.00   48.98
01:34:54     all   47.34    0.00    1.52    0.00    0.00    0.76    0.00    0.00    0.00   50.38
01:34:55     all   49.36    0.00    1.27    0.00    0.00    1.27    0.00    0.00    0.00   48.09
01:34:56     all   48.10    0.00    1.52    0.00    0.00    1.52    0.00    0.00    0.00   48.86
01:34:57     all   47.46    0.00    1.27    0.00    0.00    0.76    0.00    0.00    0.00   50.51
01:34:58     all   46.70    0.00    2.03    0.25    0.00    0.76    0.00    0.00    0.00   50.25
01:34:59     all   46.97    0.00    1.52    0.00    0.00    0.76    0.00    0.00    0.00   50.76
01:35:00     all   46.95    0.00    1.52    0.00    0.00    1.27    0.00    0.00    0.00   50.25
01:35:01     all   45.41    0.00    1.28    0.00    0.00    1.28    0.00    0.00    0.00   52.04
01:35:02     all   46.98    0.00    2.01    0.00    0.00    1.26    0.00    0.00    0.00   49.75
01:35:03     all   46.82    0.00    1.27    0.00    0.00    1.02    0.00    0.00    0.00   50.89
01:35:04     all   47.13    0.00    1.75    0.00    0.00    1.25    0.00    0.00    0.00   49.88
01:35:05     all   48.59    0.00    1.02    0.00    0.00    0.77    0.00    0.00    0.00   49.62
01:35:06     all   47.86    0.00    1.76    0.00    0.00    1.51    0.00    0.00    0.00   48.87
01:35:07     all   49.49    0.00    1.27    0.00    0.00    1.27    0.00    0.00    0.00   47.97
01:35:08     all   47.72    0.00    1.52    0.00    0.00    1.02    0.00    0.00    0.00   49.75
01:35:09     all   47.97    0.00    1.78    0.00    0.00    1.02    0.00    0.00    0.00   49.24
01:35:10     all   48.36    0.00    1.51    0.00    0.00    1.51    0.00    0.00    0.00   48.61
01:35:11     all   49.24    0.00    1.78    0.00    0.00    0.76    0.00    0.00    0.00   48.22
01:35:12     all   48.74    0.00    1.52    0.00    0.00    1.01    0.00    0.00    0.00   48.74
01:35:13     all   47.58    0.00    1.53    0.00    0.00    1.27    0.00    0.00    0.00   49.62
01:35:14     all   48.47    0.00    1.28    0.00    0.00    0.77    0.00    0.00    0.00   49.49
01:35:15     all   47.36    0.00    1.76    0.00    0.00    1.26    0.00    0.00    0.00   49.62
01:35:16     all   45.41    0.00    1.79    0.00    0.00    1.02    0.00    0.00    0.00   51.79
01:35:17     all   47.10    0.00    1.76    0.00    0.00    1.51    0.00    0.00    0.00   49.62
01:35:18     all   47.22    0.00    1.77    0.00    0.00    1.01    0.00    0.00    0.00   50.00
01:35:19     all   49.62    0.00    1.27    0.00    0.00    1.02    0.00    0.00    0.00   48.09
01:35:20     all   46.60    0.00    1.51    0.00    0.00    1.51    0.00    0.00    0.00   50.38
01:35:21     all   48.21    0.00    1.79    0.00    0.00    1.28    0.00    0.00    0.00   48.72
01:35:22     all   47.10    0.00    1.76    0.00    0.00    1.26    0.00    0.00    0.00   49.87
01:35:23     all   48.11    0.00    1.26    0.00    0.00    1.26    0.00    0.00    0.00   49.37
01:35:24     all   46.45    0.00    1.78    0.00    0.00    1.02    0.00    0.00    0.00   50.76
01:35:25     all   47.59    0.00    1.52    0.00    0.00    1.27    0.00    0.00    0.00   49.62
01:35:26     all   47.85    0.00    0.76    0.00    0.00    1.52    0.00    0.00    0.00   49.87
01:35:27     all   48.35    0.00    1.27    0.00    0.00    1.01    0.00    0.00    0.00   49.37
01:35:28     all   46.97    0.00    1.52    0.00    0.00    1.26    0.00    0.00    0.00   50.25
01:35:29     all   47.84    0.00    1.53    0.00    0.00    0.76    0.00    0.00    0.00   49.87
01:35:30     all   47.36    0.00    1.26    0.00    0.00    0.50    0.00    0.00    0.00   50.88
01:35:31     all   47.59    0.00    1.77    0.51    0.00    1.27    0.00    0.00    0.00   48.86
01:35:32     all   46.98    0.00    1.76    0.25    0.00    1.01    0.00    0.00    0.00   50.00
01:35:33     all   47.87    0.00    2.01    0.00    0.00    1.50    0.00    0.00    0.00   48.62
01:35:34     all   48.72    0.00    1.02    0.00    0.00    1.02    0.00    0.00    0.00   49.23
01:35:35     all   45.57    0.00    2.78    0.25    0.00    1.27    0.00    0.00    0.00   50.13
01:35:36     all   48.61    0.00    1.51    0.00    0.00    1.26    0.00    0.00    0.00   48.61
01:35:37     all   48.09    0.00    2.04    0.25    0.00    0.76    0.00    0.00    0.00   48.85
01:35:38     all   49.11    0.00    1.77    0.00    0.00    1.27    0.00    0.00    0.00   47.85
01:35:39     all   49.12    0.00    1.50    0.00    0.00    1.00    0.00    0.00    0.00   48.37
01:35:40     all   48.22    0.00    1.78    0.00    0.00    1.02    0.00    0.00    0.00   48.98
01:35:41     all   48.60    0.00    1.27    0.25    0.00    1.27    0.00    0.00    0.00   48.60
01:35:42     all   48.48    0.00    1.02    0.00    0.00    1.27    0.00    0.00    0.00   49.24
01:35:43     all   48.74    0.00    2.01    0.00    0.00    1.01    0.00    0.00    0.00   48.24
01:35:44     all   49.62    0.00    1.53    0.00    0.00    1.02    0.00    0.00    0.00   47.84
01:35:45     all   49.37    0.00    1.27    0.00    0.00    1.52    0.00    0.00    0.00   47.85
01:35:46     all   48.11    0.00    2.02    0.25    0.00    1.51    0.00    0.00    0.00   48.11
01:35:47     all   48.09    0.00    2.04    0.25    0.00    0.76    0.00    0.00    0.00   48.85
01:35:48     all   47.49    0.00    1.51    0.00    0.00    1.26    0.00    0.00    0.00   49.75
01:35:49     all   50.75    0.00    1.26    0.00    0.00    1.51    0.00    0.00    0.00   46.48
01:35:50     all   47.83    0.00    1.53    0.00    0.00    1.02    0.00    0.00    0.00   49.62
01:35:51     all   48.35    0.00    1.52    0.00    0.00    1.01    0.00    0.00    0.00   49.11
01:35:52     all   48.99    0.00    1.52    0.25    0.00    1.26    0.00    0.00    0.00   47.98
01:35:53     all   48.61    0.00    2.02    0.00    0.00    1.26    0.00    0.00    0.00   48.11
01:35:54     all   48.87    0.00    1.76    0.00    0.00    1.01    0.00    0.00    0.00   48.36
01:35:55     all   48.86    0.00    1.27    0.00    0.00    1.27    0.00    0.00    0.00   48.61
01:35:56     all   44.30    0.00    1.52    0.00    0.00    0.76    0.00    0.00    0.00   53.42
01:35:57     all   49.49    0.00    1.77    0.00    0.00    0.76    0.00    0.00    0.00   47.98
01:35:58     all   48.35    0.00    1.77    0.00    0.00    1.27    0.00    0.00    0.00   48.61
01:35:59     all   47.98    0.00    1.77    0.00    0.00    1.26    0.00    0.00    0.00   48.99
01:36:00     all   46.31    0.00    1.27    0.00    0.00    1.02    0.00    0.00    0.00   51.40
01:36:01     all   47.59    0.00    1.77    0.00    0.00    1.01    0.00    0.00    0.00   49.62
01:36:02     all   45.06    0.00    1.27    0.00    0.00    1.27    0.00    0.00    0.00   52.41
01:36:03     all   48.87    0.00    1.51    0.25    0.00    1.51    0.00    0.00    0.00   47.86
01:36:04     all   47.72    0.00    1.52    0.00    0.00    1.02    0.00    0.00    0.00   49.75
01:36:05     all   47.59    0.00    1.52    0.00    0.00    1.01    0.00    0.00    0.00   49.87
01:36:06     all   47.10    0.00    2.02    0.00    0.00    1.51    0.00    0.00    0.00   49.37
01:36:07     all   49.11    0.00    1.53    0.00    0.00    0.76    0.00    0.00    0.00   48.60
01:36:08     all   47.46    0.00    1.27    0.00    0.00    1.52    0.00    0.00    0.00   49.75
01:36:09     all   47.46    0.00    1.52    0.00    0.00    0.76    0.00    0.00    0.00   50.25
01:36:10     all   48.36    0.00    1.76    0.00    0.00    1.26    0.00    0.00    0.00   48.61
01:36:11     all   49.11    0.00    1.52    0.00    0.00    1.52    0.00    0.00    0.00   47.85
01:36:12     all   48.61    0.00    1.52    0.00    0.00    1.52    0.00    0.00    0.00   48.35
01:36:13     all   48.86    0.00    1.27    0.00    0.00    1.01    0.00    0.00    0.00   48.86
01:36:14     all   46.84    0.00    1.52    0.00    0.00    1.27    0.00    0.00    0.00   50.38
01:36:15     all   48.48    0.00    1.52    0.25    0.00    0.76    0.00    0.00    0.00   48.98
01:36:16     all   46.48    0.00    1.76    0.00    0.00    1.51    0.00    0.00    0.00   50.25
01:36:17     all   48.23    0.00    1.01    0.00    0.00    0.76    0.00    0.00    0.00   50.00
01:36:18     all   48.60    0.00    1.27    0.00    0.00    1.02    0.00    0.00    0.00   49.11
01:36:19     all   48.48    0.00    1.52    0.00    0.00    1.26    0.00    0.00    0.00   48.74
01:36:20     all   47.72    0.00    1.52    0.00    0.00    1.02    0.00    0.00    0.00   49.75
01:36:21     all   47.13    0.00    1.75    0.25    0.00    1.25    0.00    0.00    0.00   49.63
01:36:22     all   46.31    0.00    1.53    0.00    0.00    1.27    0.00    0.00    0.00   50.89
01:36:23     all   49.11    0.00    1.52    0.00    0.00    1.01    0.00    0.00    0.00   48.35
01:36:24     all   46.21    0.00    1.52    0.00    0.00    1.01    0.00    0.00    0.00   51.26
01:36:25     all   46.21    0.00    1.52    0.00    0.00    1.26    0.00    0.00    0.00   51.01
01:36:26     all   46.85    0.00    2.52    0.00    0.00    1.51    0.00    0.00    0.00   49.12
Average:     all   57.23    0.00    1.90    0.02    0.00    1.99    0.00    0.00    0.00   38.86
