Linux 6.8.0-1064-azure (csb-bench-host-azure) 	08/17/26 	_x86_64_	(4 CPU)

22:26:35     CPU    %usr   %nice    %sys %iowait    %irq   %soft  %steal  %guest  %gnice   %idle
22:26:36     all   83.76    0.00    6.09    0.00    0.00    1.52    0.00    0.00    0.00    8.63
22:26:37     all   73.99    0.00    2.27    0.00    0.00    2.78    0.00    0.00    0.00   20.96
22:26:38     all   73.91    0.00    2.30    0.00    0.00    3.07    0.00    0.00    0.00   20.72
22:26:39     all   72.61    0.00    3.02    0.00    0.00    3.77    0.00    0.00    0.00   20.60
22:26:40     all   73.92    0.00    2.28    0.00    0.00    3.04    0.00    0.00    0.00   20.76
22:26:41     all   74.87    0.00    2.28    0.00    0.00    3.30    0.00    0.00    0.00   19.54
22:26:42     all   75.63    0.00    2.76    0.00    0.00    3.27    0.00    0.00    0.00   18.34
22:26:43     all   74.23    0.00    2.81    0.00    0.00    3.06    0.00    0.00    0.00   19.90
22:26:44     all   75.88    0.00    2.51    0.00    0.00    3.02    0.00    0.00    0.00   18.59
22:26:45     all   76.96    0.00    2.53    0.00    0.00    2.53    0.00    0.00    0.00   17.97
22:26:46     all   74.12    0.00    2.51    0.00    0.00    3.27    0.00    0.00    0.00   20.10
22:26:47     all   75.26    0.00    2.04    0.00    0.00    3.32    0.00    0.00    0.00   19.39
22:26:48     all   76.01    0.00    2.27    0.25    0.00    2.53    0.00    0.00    0.00   18.94
22:26:49     all   73.05    0.00    2.77    0.00    0.00    3.02    0.00    0.00    0.00   21.16
22:26:50     all   73.74    0.00    2.78    0.00    0.00    3.03    0.00    0.00    0.00   20.45
22:26:51     all   74.06    0.00    2.52    0.00    0.00    3.78    0.00    0.00    0.00   19.65
22:26:52     all   73.16    0.00    2.78    0.00    0.00    2.53    0.00    0.00    0.00   21.52
22:26:53     all   75.25    0.00    3.03    0.00    0.00    3.54    0.00    0.00    0.00   18.18
22:26:54     all   74.81    0.00    2.27    0.00    0.00    3.02    0.00    0.00    0.00   19.90
22:26:55     all   73.21    0.00    2.55    0.00    0.00    3.06    0.00    0.00    0.00   21.17
22:26:56     all   72.08    0.00    2.54    0.00    0.00    2.79    0.00    0.00    0.00   22.59
22:26:57     all   71.97    0.00    2.27    0.00    0.00    3.54    0.00    0.00    0.00   22.22
22:26:58     all   76.26    0.00    2.27    0.00    0.00    3.03    0.00    0.00    0.00   18.43
22:26:59     all   72.73    0.00    2.53    0.00    0.00    3.54    0.00    0.00    0.00   21.21
22:27:00     all   72.96    0.00    2.30    0.00    0.00    2.81    0.00    0.00    0.00   21.94
22:27:01     all   71.72    0.00    2.78    0.00    0.00    3.28    0.00    0.00    0.00   22.22
22:27:02     all   73.16    0.00    2.53    0.00    0.00    2.78    0.00    0.00    0.00   21.52
22:27:03     all   74.49    0.00    2.27    0.25    0.00    3.03    0.00    0.00    0.00   19.95
22:27:04     all   75.89    0.00    2.54    0.00    0.00    3.05    0.00    0.00    0.00   18.53
22:27:05     all   74.49    0.00    1.77    0.00    0.00    3.54    0.00    0.00    0.00   20.20
22:27:06     all   73.92    0.00    2.28    0.00    0.00    2.78    0.00    0.00    0.00   21.01
22:27:07     all   74.56    0.00    2.77    0.00    0.00    3.27    0.00    0.00    0.00   19.40
22:27:08     all   72.66    0.00    2.28    0.25    0.00    3.04    0.00    0.00    0.00   21.77
22:27:09     all   73.47    0.00    1.79    0.00    0.00    3.06    0.00    0.00    0.00   21.68
22:27:10     all   73.68    0.00    2.26    0.00    0.00    3.26    0.00    0.00    0.00   20.80
22:27:11     all   70.56    0.00    2.03    0.00    0.00    3.55    0.00    0.00    0.00   23.86
22:27:12     all   70.81    0.00    2.54    0.00    0.00    3.81    0.00    0.00    0.00   22.84
22:27:13     all   72.15    0.00    2.28    0.25    0.00    3.04    0.00    0.00    0.00   22.28
22:27:14     all   73.92    0.00    2.28    0.00    0.00    3.29    0.00    0.00    0.00   20.51
22:27:15     all   72.84    0.00    2.54    0.00    0.00    3.55    0.00    0.00    0.00   21.07
22:27:16     all   72.80    0.00    2.52    0.00    0.00    3.02    0.00    0.00    0.00   21.66
22:27:17     all   73.16    0.00    2.28    0.00    0.00    3.80    0.00    0.00    0.00   20.76
22:27:18     all   73.35    0.00    2.28    0.00    0.00    3.30    0.00    0.00    0.00   21.07
22:27:19     all   74.24    0.00    2.53    0.00    0.00    3.03    0.00    0.00    0.00   20.20
22:27:20     all   74.62    0.00    1.52    0.00    0.00    3.55    0.00    0.00    0.00   20.30
22:27:21     all   73.60    0.00    2.03    0.00    0.00    3.55    0.00    0.00    0.00   20.81
22:27:22     all   74.62    0.00    2.56    0.00    0.00    3.08    0.00    0.00    0.00   19.74
22:27:23     all   73.74    0.00    2.53    0.00    0.00    3.03    0.00    0.00    0.00   20.71
22:27:24     all   74.94    0.00    2.53    0.00    0.00    2.78    0.00    0.00    0.00   19.75
22:27:25     all   73.16    0.00    2.78    0.00    0.00    3.29    0.00    0.00    0.00   20.76
22:27:26     all   73.16    0.00    2.53    0.00    0.00    3.29    0.00    0.00    0.00   21.01
22:27:27     all   71.46    0.00    2.27    0.00    0.00    3.03    0.00    0.00    0.00   23.23
22:27:28     all   73.15    0.00    2.05    0.00    0.00    2.81    0.00    0.00    0.00   21.99
22:27:29     all   73.66    0.00    2.56    0.00    0.00    3.07    0.00    0.00    0.00   20.72
22:27:30     all   72.54    0.00    2.52    0.00    0.00    3.53    0.00    0.00    0.00   21.41
22:27:31     all   72.04    0.00    2.27    0.00    0.00    3.27    0.00    0.00    0.00   22.42
22:27:32     all   72.54    0.00    2.27    0.00    0.00    3.53    0.00    0.00    0.00   21.66
22:27:33     all   72.59    0.00    2.54    0.00    0.00    3.30    0.00    0.00    0.00   21.57
22:27:34     all   70.38    0.00    2.53    0.00    0.00    3.04    0.00    0.00    0.00   24.05
22:27:35     all   73.79    0.00    3.82    0.00    0.00    3.05    0.00    0.00    0.00   19.34
22:27:36     all   74.56    0.00    2.27    0.00    0.00    3.53    0.00    0.00    0.00   19.65
22:27:37     all   73.10    0.00    2.54    0.00    0.00    3.30    0.00    0.00    0.00   21.07
22:27:38     all   73.55    0.00    2.27    0.00    0.00    3.53    0.00    0.00    0.00   20.65
22:27:39     all   73.74    0.00    3.03    0.00    0.00    3.03    0.00    0.00    0.00   20.20
22:27:40     all   74.42    0.00    2.05    0.00    0.00    2.81    0.00    0.00    0.00   20.72
22:27:41     all   73.10    0.00    2.03    0.00    0.00    3.30    0.00    0.00    0.00   21.57
22:27:42     all   74.49    0.00    2.30    0.00    0.00    3.06    0.00    0.00    0.00   20.15
22:27:43     all   72.36    0.00    3.02    0.00    0.00    3.27    0.00    0.00    0.00   21.36
22:27:44     all   74.11    0.00    2.03    0.00    0.00    3.30    0.00    0.00    0.00   20.56
22:27:45     all   71.25    0.00    2.54    0.00    0.00    3.31    0.00    0.00    0.00   22.90
22:27:46     all   73.28    0.00    2.04    0.00    0.00    3.31    0.00    0.00    0.00   21.37
22:27:47     all   71.65    0.00    2.78    0.00    0.00    3.54    0.00    0.00    0.00   22.03
22:27:48     all   73.03    0.00    2.54    0.00    0.00    2.80    0.00    0.00    0.00   21.63
22:27:49     all   73.05    0.00    2.52    0.00    0.00    3.27    0.00    0.00    0.00   21.16
22:27:50     all   72.91    0.00    2.53    0.00    0.00    2.78    0.00    0.00    0.00   21.77
22:27:51     all   69.54    0.00    2.03    0.00    0.00    2.54    0.00    0.00    0.00   25.89
22:27:52     all   72.41    0.00    2.28    0.00    0.00    3.29    0.00    0.00    0.00   22.03
22:27:53     all   72.73    0.00    2.02    0.00    0.00    3.54    0.00    0.00    0.00   21.72
22:27:54     all   72.91    0.00    2.53    0.00    0.00    3.29    0.00    0.00    0.00   21.27
22:27:55     all   73.48    0.00    2.27    0.00    0.00    3.03    0.00    0.00    0.00   21.21
22:27:56     all   72.66    0.00    2.78    0.00    0.00    3.29    0.00    0.00    0.00   21.27
22:27:57     all   73.21    0.00    2.04    0.00    0.00    3.06    0.00    0.00    0.00   21.68
22:27:58     all   72.77    0.00    2.04    0.00    0.00    3.31    0.00    0.00    0.00   21.88
22:27:59     all   72.93    0.00    2.51    0.00    0.00    3.26    0.00    0.00    0.00   21.30
22:28:00     all   72.91    0.00    2.53    0.00    0.00    2.78    0.00    0.00    0.00   21.77
22:28:01     all   73.10    0.00    2.28    0.00    0.00    2.54    0.00    0.00    0.00   22.08
22:28:02     all   71.61    0.00    2.76    0.00    0.00    3.27    0.00    0.00    0.00   22.36
22:28:03     all   70.71    0.00    2.53    0.00    0.00    3.54    0.00    0.00    0.00   23.23
22:28:04     all   73.68    0.00    2.01    0.00    0.00    3.51    0.00    0.00    0.00   20.80
22:28:05     all   73.92    0.00    2.53    0.00    0.00    2.78    0.00    0.00    0.00   20.76
22:28:06     all   73.80    0.00    2.27    0.00    0.00    3.02    0.00    0.00    0.00   20.91
22:28:07     all   73.33    0.00    2.05    0.00    0.00    2.82    0.00    0.00    0.00   21.79
22:28:08     all   73.10    0.00    2.03    0.00    0.00    3.05    0.00    0.00    0.00   21.83
22:28:09     all   73.23    0.00    2.27    0.00    0.00    3.28    0.00    0.00    0.00   21.21
22:28:10     all   73.10    0.00    2.28    0.00    0.00    2.79    0.00    0.00    0.00   21.83
22:28:11     all   72.84    0.00    2.28    0.00    0.00    3.30    0.00    0.00    0.00   21.57
22:28:12     all   74.37    0.00    2.01    0.25    0.00    3.27    0.00    0.00    0.00   20.10
22:28:13     all   71.90    0.00    2.53    0.00    0.00    3.54    0.00    0.00    0.00   22.03
22:28:14     all   73.43    0.00    2.51    0.00    0.00    3.51    0.00    0.00    0.00   20.55
22:28:15     all   74.62    0.00    2.03    0.00    0.00    2.79    0.00    0.00    0.00   20.56
22:28:16     all   72.54    0.00    2.02    0.00    0.00    3.27    0.00    0.00    0.00   22.17
22:28:17     all   72.84    0.00    2.54    0.00    0.00    3.05    0.00    0.00    0.00   21.57
22:28:18     all   75.64    0.00    1.79    0.00    0.00    2.31    0.00    0.00    0.00   20.26
22:28:19     all   72.41    0.00    2.53    0.00    0.00    3.54    0.00    0.00    0.00   21.52
22:28:20     all   73.60    0.00    2.79    0.00    0.00    3.30    0.00    0.00    0.00   20.30
22:28:21     all   73.48    0.00    2.53    0.00    0.00    3.03    0.00    0.00    0.00   20.96
22:28:22     all   72.26    0.00    1.78    0.00    0.00    2.80    0.00    0.00    0.00   23.16
22:28:23     all   72.41    0.00    2.78    0.00    0.00    3.29    0.00    0.00    0.00   21.52
22:28:24     all   72.96    0.00    2.30    0.00    0.00    2.55    0.00    0.00    0.00   22.19
22:28:25     all   74.75    0.00    2.02    0.00    0.00    3.79    0.00    0.00    0.00   19.44
22:28:26     all   73.60    0.00    2.79    0.00    0.00    2.79    0.00    0.00    0.00   20.81
22:28:27     all   72.73    0.00    2.27    0.00    0.00    3.03    0.00    0.00    0.00   21.97
22:28:28     all   73.54    0.00    2.04    0.00    0.00    3.05    0.00    0.00    0.00   21.37
22:28:29     all   72.47    0.00    2.53    0.00    0.00    3.03    0.00    0.00    0.00   21.97
22:28:30     all   71.65    0.00    2.53    0.00    0.00    3.04    0.00    0.00    0.00   22.78
22:28:31     all   72.45    0.00    2.55    0.00    0.00    2.81    0.00    0.00    0.00   22.19
22:28:32     all   74.62    0.00    2.54    0.00    0.00    2.28    0.00    0.00    0.00   20.56
22:28:33     all   73.42    0.00    2.78    0.00    0.00    2.78    0.00    0.00    0.00   21.01
22:28:34     all   72.66    0.00    2.78    0.00    0.00    3.04    0.00    0.00    0.00   21.52
22:28:35     all   73.92    0.00    3.80    0.00    0.00    3.04    0.00    0.00    0.00   19.24
22:28:36     all   74.18    0.00    2.03    0.00    0.00    3.04    0.00    0.00    0.00   20.76
22:28:37     all   72.41    0.00    2.53    0.00    0.00    3.04    0.00    0.00    0.00   22.03
22:28:38     all   72.15    0.00    2.53    0.00    0.00    3.54    0.00    0.00    0.00   21.77
22:28:39     all   72.91    0.00    2.28    0.00    0.00    3.80    0.00    0.00    0.00   21.01
22:28:40     all   73.16    0.00    2.78    0.00    0.00    3.29    0.00    0.00    0.00   20.76
22:28:41     all   73.47    0.00    2.30    0.00    0.00    3.32    0.00    0.00    0.00   20.92
22:28:42     all   73.16    0.00    2.53    0.00    0.00    3.29    0.00    0.00    0.00   21.01
22:28:43     all   72.52    0.00    2.54    0.25    0.00    2.80    0.00    0.00    0.00   21.88
22:28:44     all   73.12    0.00    2.51    0.00    0.00    3.77    0.00    0.00    0.00   20.60
22:28:45     all   73.10    0.00    2.79    0.00    0.00    3.30    0.00    0.00    0.00   20.81
22:28:46     all   73.86    0.00    2.03    0.00    0.00    2.79    0.00    0.00    0.00   21.32
22:28:47     all   74.23    0.00    2.30    0.00    0.00    3.06    0.00    0.00    0.00   20.41
22:28:48     all   73.92    0.00    2.28    0.00    0.00    3.29    0.00    0.00    0.00   20.51
22:28:49     all   71.97    0.00    2.78    0.00    0.00    3.28    0.00    0.00    0.00   21.97
22:28:50     all   75.45    0.00    2.05    0.00    0.00    3.07    0.00    0.00    0.00   19.44
22:28:51     all   73.35    0.00    2.54    0.00    0.00    3.30    0.00    0.00    0.00   20.81
22:28:52     all   74.05    0.00    2.04    0.00    0.00    3.31    0.00    0.00    0.00   20.61
22:28:53     all   73.62    0.00    2.51    0.00    0.00    3.27    0.00    0.00    0.00   20.60
22:28:54     all   74.94    0.00    2.05    0.00    0.00    3.07    0.00    0.00    0.00   19.95
22:28:55     all   73.16    0.00    2.53    0.00    0.00    3.29    0.00    0.00    0.00   21.01
22:28:56     all   72.70    0.00    2.55    0.00    0.00    3.32    0.00    0.00    0.00   21.43
22:28:57     all   69.10    0.00    2.26    0.25    0.00    2.51    0.00    0.00    0.00   25.88
22:28:58     all   72.29    0.00    2.27    0.00    0.00    3.02    0.00    0.00    0.00   22.42
22:28:59     all   72.80    0.00    2.52    0.00    0.00    3.02    0.00    0.00    0.00   21.66
22:29:00     all   72.77    0.00    2.29    0.00    0.00    3.31    0.00    0.00    0.00   21.63
22:29:01     all   72.26    0.00    2.29    0.00    0.00    3.31    0.00    0.00    0.00   22.14
22:29:02     all   72.80    0.00    2.52    0.00    0.00    3.27    0.00    0.00    0.00   21.41
22:29:03     all   73.98    0.00    2.04    0.00    0.00    2.55    0.00    0.00    0.00   21.43
22:29:04     all   74.18    0.00    2.03    0.00    0.00    3.54    0.00    0.00    0.00   20.25
22:29:05     all   73.72    0.00    1.79    0.00    0.00    3.32    0.00    0.00    0.00   21.17
22:29:06     all   71.90    0.00    2.28    0.00    0.00    3.04    0.00    0.00    0.00   22.78
22:29:07     all   72.47    0.00    2.27    0.00    0.00    3.28    0.00    0.00    0.00   21.97
22:29:08     all   73.30    0.00    2.52    0.00    0.00    3.02    0.00    0.00    0.00   21.16
22:29:09     all   71.72    0.00    2.53    0.25    0.00    2.78    0.00    0.00    0.00   22.73
22:29:10     all   73.60    0.00    3.05    0.00    0.00    3.05    0.00    0.00    0.00   20.30
22:29:11     all   73.28    0.00    1.78    0.00    0.00    3.05    0.00    0.00    0.00   21.88
22:29:12     all   72.41    0.00    2.53    0.00    0.00    3.54    0.00    0.00    0.00   21.52
22:29:13     all   72.73    0.00    3.03    0.00    0.00    3.28    0.00    0.00    0.00   20.96
22:29:14     all   73.87    0.00    2.26    0.00    0.00    2.51    0.00    0.00    0.00   21.36
22:29:15     all   71.86    0.00    2.51    0.00    0.00    3.77    0.00    0.00    0.00   21.86
22:29:16     all   74.62    0.00    2.05    0.00    0.00    3.08    0.00    0.00    0.00   20.26
22:29:17     all   72.98    0.00    2.27    0.00    0.00    3.79    0.00    0.00    0.00   20.96
22:29:18     all   71.79    0.00    2.52    0.00    0.00    3.53    0.00    0.00    0.00   22.17
22:29:19     all   73.08    0.00    2.31    0.00    0.00    3.08    0.00    0.00    0.00   21.54
22:29:20     all   73.30    0.00    2.27    0.00    0.00    3.53    0.00    0.00    0.00   20.91
22:29:21     all   73.37    0.00    2.26    0.00    0.00    3.52    0.00    0.00    0.00   20.85
22:29:22     all   72.34    0.00    2.54    0.00    0.00    2.79    0.00    0.00    0.00   22.34
22:29:23     all   72.41    0.00    2.53    0.00    0.00    3.29    0.00    0.00    0.00   21.77
22:29:24     all   76.32    0.00    2.27    0.00    0.00    2.77    0.00    0.00    0.00   18.64
22:29:25     all   74.18    0.00    2.53    0.00    0.00    3.04    0.00    0.00    0.00   20.25
22:29:26     all   74.94    0.00    1.79    0.00    0.00    2.81    0.00    0.00    0.00   20.46
22:29:27     all   73.05    0.00    2.27    0.00    0.00    3.02    0.00    0.00    0.00   21.66
22:29:28     all   73.03    0.00    2.54    0.00    0.00    3.05    0.00    0.00    0.00   21.37
22:29:29     all   74.43    0.00    2.53    0.00    0.00    2.78    0.00    0.00    0.00   20.25
22:29:30     all   74.49    0.00    2.02    0.00    0.00    3.03    0.00    0.00    0.00   20.45
22:29:31     all   72.84    0.00    2.03    0.00    0.00    3.55    0.00    0.00    0.00   21.57
22:29:32     all   72.41    0.00    3.04    0.00    0.00    3.29    0.00    0.00    0.00   21.27
22:29:33     all   73.35    0.00    2.03    0.00    0.00    3.81    0.00    0.00    0.00   20.81
22:29:34     all   72.52    0.00    2.54    0.00    0.00    3.05    0.00    0.00    0.00   21.88
22:29:35     all   72.52    0.00    3.82    0.00    0.00    3.05    0.00    0.00    0.00   20.61
22:29:36     all   73.99    0.00    2.53    0.00    0.00    4.04    0.00    0.00    0.00   19.44
22:29:37     all   74.05    0.00    2.04    0.00    0.00    2.54    0.00    0.00    0.00   21.37
22:29:38     all   71.61    0.00    2.76    0.00    0.00    4.27    0.00    0.00    0.00   21.36
22:29:39     all   73.28    0.00    1.78    0.00    0.00    2.80    0.00    0.00    0.00   22.14
22:29:40     all   73.16    0.00    2.03    0.00    0.00    3.04    0.00    0.00    0.00   21.77
22:29:41     all   72.22    0.00    2.53    0.00    0.00    3.03    0.00    0.00    0.00   22.22
22:29:42     all   74.55    0.00    2.29    0.00    0.00    3.56    0.00    0.00    0.00   19.59
22:29:43     all   73.42    0.00    2.53    0.00    0.00    3.29    0.00    0.00    0.00   20.76
22:29:44     all   75.06    0.00    2.29    0.00    0.00    3.31    0.00    0.00    0.00   19.34
22:29:45     all   73.98    0.00    2.04    0.00    0.00    3.06    0.00    0.00    0.00   20.92
22:29:46     all   73.92    0.00    2.28    0.00    0.00    3.04    0.00    0.00    0.00   20.76
22:29:47     all   74.37    0.00    2.54    0.00    0.00    2.79    0.00    0.00    0.00   20.30
22:29:48     all   73.50    0.00    2.25    0.00    0.00    3.25    0.00    0.00    0.00   21.00
22:29:49     all   74.68    0.00    2.53    0.00    0.00    2.78    0.00    0.00    0.00   20.00
22:29:50     all   73.79    0.00    2.54    0.00    0.00    3.05    0.00    0.00    0.00   20.61
22:29:51     all   75.06    0.00    2.27    0.25    0.00    3.27    0.00    0.00    0.00   19.14
22:29:52     all   73.47    0.00    2.81    0.00    0.00    2.81    0.00    0.00    0.00   20.92
22:29:53     all   75.00    0.00    2.27    0.00    0.00    3.03    0.00    0.00    0.00   19.70
22:29:54     all   73.35    0.00    2.54    0.00    0.00    3.30    0.00    0.00    0.00   20.81
22:29:55     all   73.33    0.00    2.31    0.00    0.00    3.33    0.00    0.00    0.00   21.03
22:29:56     all   72.54    0.00    2.52    0.00    0.00    3.02    0.00    0.00    0.00   21.91
22:29:57     all   75.32    0.00    1.78    0.00    0.00    2.80    0.00    0.00    0.00   20.10
22:29:58     all   76.28    0.00    2.04    0.00    0.00    2.81    0.00    0.00    0.00   18.88
22:29:59     all   76.26    0.00    2.27    0.00    0.00    3.03    0.00    0.00    0.00   18.43
22:30:00     all   74.43    0.00    2.78    0.00    0.00    3.04    0.00    0.00    0.00   19.75
22:30:01     all   75.70    0.00    2.56    0.51    0.00    2.56    0.00    0.00    0.00   18.67
22:30:02     all   73.92    0.00    2.28    0.00    0.00    3.04    0.00    0.00    0.00   20.76
22:30:03     all   73.21    0.00    2.30    0.00    0.00    2.55    0.00    0.00    0.00   21.94
22:30:04     all   73.98    0.00    2.55    0.00    0.00    3.06    0.00    0.00    0.00   20.41
22:30:05     all   74.55    0.00    1.78    0.00    0.00    3.82    0.00    0.00    0.00   19.85
22:30:06     all   73.48    0.00    2.53    0.00    0.00    3.54    0.00    0.00    0.00   20.45
22:30:07     all   74.24    0.00    2.27    0.00    0.00    2.78    0.00    0.00    0.00   20.71
22:30:08     all   72.91    0.00    2.03    0.00    0.00    3.80    0.00    0.00    0.00   21.27
22:30:09     all   74.37    0.00    2.51    0.00    0.00    2.76    0.00    0.00    0.00   20.35
22:30:10     all   74.18    0.00    2.53    0.00    0.00    3.29    0.00    0.00    0.00   20.00
22:30:11     all   72.73    0.00    2.78    0.00    0.00    3.54    0.00    0.00    0.00   20.96
22:30:12     all   73.47    0.00    2.04    0.00    0.00    3.06    0.00    0.00    0.00   21.43
22:30:13     all   76.01    0.00    2.27    0.00    0.00    2.78    0.00    0.00    0.00   18.94
22:30:14     all   73.42    0.00    2.53    0.00    0.00    3.80    0.00    0.00    0.00   20.25
22:30:15     all   73.99    0.00    2.53    0.00    0.00    3.79    0.00    0.00    0.00   19.70
22:30:16     all   71.11    0.00    2.51    0.00    0.00    3.52    0.00    0.00    0.00   22.86
22:30:17     all   72.73    0.00    2.78    0.00    0.00    3.28    0.00    0.00    0.00   21.21
22:30:18     all   74.37    0.00    2.54    0.00    0.00    2.79    0.00    0.00    0.00   20.30
22:30:19     all   74.94    0.00    2.28    0.00    0.00    3.29    0.00    0.00    0.00   19.49
22:30:20     all   73.68    0.00    3.01    0.00    0.00    3.51    0.00    0.00    0.00   19.80
22:30:21     all   73.85    0.00    1.79    0.00    0.00    3.33    0.00    0.00    0.00   21.03
22:30:22     all   75.00    0.00    2.53    0.00    0.00    2.78    0.00    0.00    0.00   19.70
22:30:23     all   73.98    0.00    2.04    0.00    0.00    3.06    0.00    0.00    0.00   20.92
22:30:24     all   73.54    0.00    2.54    0.00    0.00    3.05    0.00    0.00    0.00   20.87
22:30:25     all   75.38    0.00    2.28    0.00    0.00    3.30    0.00    0.00    0.00   19.04
22:30:26     all   75.26    0.00    1.53    0.00    0.00    2.30    0.00    0.00    0.00   20.92
22:30:27     all   75.00    0.00    2.53    0.00    0.00    3.28    0.00    0.00    0.00   19.19
22:30:28     all   73.48    0.00    2.78    0.00    0.00    3.03    0.00    0.00    0.00   20.71
22:30:29     all   75.38    0.00    2.03    0.00    0.00    3.55    0.00    0.00    0.00   19.04
22:30:30     all   73.05    0.00    2.52    0.00    0.00    3.02    0.00    0.00    0.00   21.41
22:30:31     all   74.87    0.00    2.54    0.00    0.00    2.79    0.00    0.00    0.00   19.80
22:30:32     all   71.39    0.00    2.53    0.00    0.00    3.80    0.00    0.00    0.00   22.28
22:30:33     all   71.94    0.00    2.55    0.00    0.00    2.81    0.00    0.00    0.00   22.70
22:30:34     all   71.79    0.00    2.77    0.00    0.00    3.78    0.00    0.00    0.00   21.66
22:30:35     all   71.50    0.00    3.31    0.00    0.00    3.56    0.00    0.00    0.00   21.63
22:30:36     all   73.42    0.00    1.77    0.00    0.00    3.80    0.00    0.00    0.00   21.01
22:30:37     all   73.92    0.00    2.53    0.00    0.00    2.53    0.00    0.00    0.00   21.01
22:30:38     all   75.84    0.00    2.31    0.00    0.00    2.57    0.00    0.00    0.00   19.28
22:30:39     all   72.93    0.00    2.51    0.00    0.00    3.76    0.00    0.00    0.00   20.80
22:30:40     all   73.05    0.00    3.02    0.25    0.00    3.27    0.00    0.00    0.00   20.40
22:30:41     all   74.30    0.00    2.29    0.00    0.00    3.05    0.00    0.00    0.00   20.36
22:30:42     all   72.00    0.00    3.00    0.00    0.00    4.50    0.00    0.00    0.00   20.50
22:30:43     all   73.72    0.00    2.55    0.00    0.00    2.81    0.00    0.00    0.00   20.92
22:30:44     all   72.70    0.00    1.79    0.00    0.00    3.06    0.00    0.00    0.00   22.45
22:30:45     all   73.74    0.00    2.53    0.00    0.00    3.03    0.00    0.00    0.00   20.71
22:30:46     all   75.82    0.00    2.77    0.00    0.00    3.27    0.00    0.00    0.00   18.14
22:30:47     all   73.79    0.00    1.78    0.00    0.00    3.05    0.00    0.00    0.00   21.37
22:30:48     all   74.74    0.00    2.55    0.00    0.00    3.06    0.00    0.00    0.00   19.64
22:30:49     all   74.05    0.00    2.29    0.00    0.00    3.31    0.00    0.00    0.00   20.36
22:30:50     all   74.37    0.00    2.03    0.00    0.00    3.55    0.00    0.00    0.00   20.05
22:30:51     all   72.98    0.00    2.53    0.00    0.00    3.03    0.00    0.00    0.00   21.46
22:30:52     all   73.23    0.00    2.27    0.00    0.00    3.03    0.00    0.00    0.00   21.46
22:30:53     all   73.99    0.00    2.27    0.00    0.00    2.78    0.00    0.00    0.00   20.96
22:30:54     all   73.91    0.00    2.05    0.00    0.00    2.81    0.00    0.00    0.00   21.23
22:30:55     all   73.03    0.00    1.78    0.00    0.00    3.82    0.00    0.00    0.00   21.37
22:30:56     all   74.87    0.00    2.54    0.00    0.00    3.05    0.00    0.00    0.00   19.54
22:30:57     all   73.92    0.00    2.28    0.00    0.00    3.29    0.00    0.00    0.00   20.51
22:30:58     all   73.10    0.00    2.28    0.00    0.00    2.79    0.00    0.00    0.00   21.83
22:30:59     all   71.79    0.00    2.77    0.00    0.00    3.27    0.00    0.00    0.00   22.17
22:31:00     all   74.17    0.00    2.56    0.26    0.00    2.81    0.00    0.00    0.00   20.20
22:31:01     all   73.80    0.00    2.02    0.00    0.00    3.53    0.00    0.00    0.00   20.65
22:31:02     all   71.32    0.00    2.54    0.00    0.00    3.30    0.00    0.00    0.00   22.84
22:31:03     all   74.17    0.00    2.30    0.00    0.00    2.56    0.00    0.00    0.00   20.97
22:31:04     all   72.54    0.00    2.77    0.00    0.00    3.78    0.00    0.00    0.00   20.91
22:31:05     all   72.19    0.00    2.55    0.00    0.00    3.06    0.00    0.00    0.00   22.19
22:31:06     all   71.90    0.00    2.28    0.00    0.00    3.04    0.00    0.00    0.00   22.78
22:31:07     all   72.77    0.00    2.04    0.00    0.00    3.56    0.00    0.00    0.00   21.63
22:31:08     all   72.34    0.00    2.28    0.00    0.00    3.05    0.00    0.00    0.00   22.34
22:31:09     all   74.74    0.00    2.04    0.00    0.00    3.06    0.00    0.00    0.00   20.15
22:31:10     all   74.12    0.00    2.76    0.00    0.00    3.02    0.00    0.00    0.00   20.10
22:31:11     all   74.49    0.00    2.02    0.00    0.00    3.54    0.00    0.00    0.00   19.95
22:31:12     all   72.91    0.00    2.53    0.00    0.00    3.29    0.00    0.00    0.00   21.27
22:31:13     all   74.62    0.00    2.28    0.00    0.00    3.05    0.00    0.00    0.00   20.05
22:31:14     all   74.49    0.00    2.27    0.00    0.00    3.03    0.00    0.00    0.00   20.20
22:31:15     all   73.05    0.00    2.52    0.25    0.00    3.02    0.00    0.00    0.00   21.16
22:31:16     all   74.44    0.00    2.76    0.00    0.00    3.01    0.00    0.00    0.00   19.80
22:31:17     all   72.91    0.00    2.28    0.00    0.00    4.05    0.00    0.00    0.00   20.76
22:31:18     all   74.30    0.00    2.04    0.00    0.00    3.05    0.00    0.00    0.00   20.61
22:31:19     all   73.21    0.00    2.81    0.00    0.00    2.55    0.00    0.00    0.00   21.43
22:31:20     all   73.48    0.00    2.02    0.00    0.00    3.79    0.00    0.00    0.00   20.71
22:31:21     all   73.05    0.00    2.27    0.00    0.00    3.78    0.00    0.00    0.00   20.91
22:31:22     all   75.84    0.00    2.06    0.00    0.00    2.06    0.00    0.00    0.00   20.05
22:31:23     all   77.72    0.00    2.03    0.00    0.00    3.54    0.00    0.00    0.00   16.71
22:31:24     all   77.44    0.00    2.05    0.00    0.00    3.08    0.00    0.00    0.00   17.44
22:31:25     all   73.37    0.00    2.26    0.00    0.00    4.02    0.00    0.00    0.00   20.35
22:31:26     all   73.72    0.00    1.79    0.26    0.00    3.06    0.00    0.00    0.00   21.17
22:31:27     all   73.05    0.00    2.77    0.00    0.00    3.78    0.00    0.00    0.00   20.40
22:31:28     all   73.30    0.00    3.02    0.00    0.00    3.27    0.00    0.00    0.00   20.40
22:31:29     all   71.61    0.00    1.76    0.00    0.00    3.27    0.00    0.00    0.00   23.37
22:31:30     all   72.26    0.00    2.29    0.00    0.00    3.05    0.00    0.00    0.00   22.39
22:31:31     all   72.15    0.00    2.28    0.00    0.00    3.04    0.00    0.00    0.00   22.53
22:31:32     all   71.68    0.00    1.53    0.00    0.00    3.06    0.00    0.00    0.00   23.72
22:31:33     all   73.18    0.00    2.51    0.00    0.00    3.01    0.00    0.00    0.00   21.30
22:31:34     all   72.98    0.00    2.27    0.00    0.00    3.28    0.00    0.00    0.00   21.46
22:31:35     all   74.10    0.00    3.85    0.00    0.00    2.56    0.00    0.00    0.00   19.49
22:31:36     all   74.44    0.00    2.26    0.00    0.00    3.51    0.00    0.00    0.00   19.80
22:31:37     all   74.37    0.00    2.76    0.25    0.00    3.02    0.00    0.00    0.00   19.60
22:31:38     all   73.30    0.00    2.52    0.00    0.00    3.27    0.00    0.00    0.00   20.91
22:31:39     all   72.70    0.00    1.79    0.00    0.00    3.32    0.00    0.00    0.00   22.19
22:31:40     all   72.80    0.00    2.77    0.00    0.00    3.02    0.00    0.00    0.00   21.41
22:31:41     all   72.91    0.00    2.28    0.00    0.00    3.54    0.00    0.00    0.00   21.27
22:31:42     all   71.83    0.00    2.28    0.00    0.00    3.30    0.00    0.00    0.00   22.59
22:31:43     all   72.61    0.00    2.76    0.00    0.00    3.27    0.00    0.00    0.00   21.36
22:31:44     all   73.35    0.00    2.54    0.00    0.00    3.05    0.00    0.00    0.00   21.07
22:31:45     all   72.77    0.00    2.29    0.00    0.00    2.80    0.00    0.00    0.00   22.14
22:31:46     all   71.94    0.00    2.04    0.00    0.00    2.55    0.00    0.00    0.00   23.47
22:31:47     all   73.28    0.00    2.04    0.00    0.00    3.31    0.00    0.00    0.00   21.37
22:31:48     all   74.75    0.00    3.03    0.00    0.00    2.53    0.00    0.00    0.00   19.70
22:31:49     all   74.62    0.00    2.28    0.00    0.00    2.79    0.00    0.00    0.00   20.30
22:31:50     all   75.44    0.00    2.03    0.00    0.00    3.29    0.00    0.00    0.00   19.24
22:31:51     all   72.41    0.00    2.53    0.00    0.00    3.54    0.00    0.00    0.00   21.52
22:31:52     all   73.30    0.00    3.27    0.00    0.00    3.02    0.00    0.00    0.00   20.40
22:31:53     all   71.46    0.00    2.78    0.00    0.00    3.28    0.00    0.00    0.00   22.47
22:31:54     all   71.94    0.00    2.30    0.00    0.00    3.32    0.00    0.00    0.00   22.45
22:31:55     all   73.47    0.00    2.04    0.00    0.00    2.55    0.00    0.00    0.00   21.94
22:31:56     all   74.25    0.00    3.00    0.00    0.00    3.50    0.00    0.00    0.00   19.25
22:31:57     all   74.30    0.00    2.04    0.00    0.00    3.05    0.00    0.00    0.00   20.61
22:31:58     all   73.67    0.00    2.53    0.00    0.00    3.04    0.00    0.00    0.00   20.76
22:31:59     all   74.81    0.00    1.78    0.51    0.00    2.80    0.00    0.00    0.00   20.10
22:32:00     all   72.08    0.00    2.79    0.00    0.00    3.05    0.00    0.00    0.00   22.08
22:32:01     all   73.74    0.00    2.02    0.00    0.00    3.03    0.00    0.00    0.00   21.21
22:32:02     all   73.42    0.00    2.53    0.00    0.00    2.78    0.00    0.00    0.00   21.27
22:32:03     all   74.05    0.00    2.80    0.00    0.00    2.54    0.00    0.00    0.00   20.61
22:32:04     all   73.67    0.00    2.03    0.00    0.00    3.80    0.00    0.00    0.00   20.51
22:32:05     all   74.75    0.00    2.27    0.00    0.00    3.03    0.00    0.00    0.00   19.95
22:32:06     all   73.86    0.00    2.28    0.00    0.00    3.30    0.00    0.00    0.00   20.56
22:32:07     all   71.68    0.00    2.51    0.00    0.00    3.26    0.00    0.00    0.00   22.56
22:32:08     all   74.87    0.00    2.05    0.00    0.00    3.08    0.00    0.00    0.00   20.00
22:32:09     all   70.05    0.00    2.03    0.00    0.00    3.55    0.00    0.00    0.00   24.37
22:32:10     all   71.72    0.00    2.27    0.00    0.00    3.28    0.00    0.00    0.00   22.73
22:32:11     all   72.84    0.00    2.28    0.00    0.00    3.05    0.00    0.00    0.00   21.83
22:32:12     all   71.21    0.00    2.27    0.00    0.00    3.79    0.00    0.00    0.00   22.73
22:32:13     all   72.22    0.00    2.27    0.00    0.00    3.03    0.00    0.00    0.00   22.47
22:32:14     all   72.98    0.00    2.27    0.00    0.00    3.54    0.00    0.00    0.00   21.21
22:32:15     all   72.89    0.00    2.05    0.00    0.00    3.07    0.00    0.00    0.00   21.99
22:32:16     all   72.52    0.00    2.54    0.00    0.00    3.05    0.00    0.00    0.00   21.88
22:32:17     all   72.59    0.00    2.79    0.00    0.00    3.05    0.00    0.00    0.00   21.57
22:32:18     all   73.16    0.00    2.28    0.00    0.00    3.29    0.00    0.00    0.00   21.27
22:32:19     all   74.11    0.00    2.79    0.00    0.00    2.54    0.00    0.00    0.00   20.56
22:32:20     all   73.98    0.00    1.79    0.00    0.00    3.57    0.00    0.00    0.00   20.66
22:32:21     all   74.68    0.00    2.53    0.00    0.00    2.78    0.00    0.00    0.00   20.00
22:32:22     all   73.28    0.00    2.29    0.00    0.00    2.80    0.00    0.00    0.00   21.63
22:32:23     all   73.16    0.00    2.78    0.00    0.00    3.04    0.00    0.00    0.00   21.01
22:32:24     all   71.65    0.00    2.53    0.00    0.00    3.54    0.00    0.00    0.00   22.28
22:32:25     all   71.79    0.00    2.27    0.00    0.00    3.53    0.00    0.00    0.00   22.42
22:32:26     all   73.86    0.00    2.54    0.00    0.00    2.28    0.00    0.00    0.00   21.32
22:32:27     all   73.86    0.00    2.54    0.00    0.00    3.30    0.00    0.00    0.00   20.30
22:32:28     all   72.52    0.00    2.80    0.00    0.00    3.31    0.00    0.00    0.00   21.37
22:32:29     all   72.75    0.00    2.06    0.00    0.00    2.57    0.00    0.00    0.00   22.62
22:32:30     all   74.56    0.00    2.52    0.00    0.00    2.77    0.00    0.00    0.00   20.15
22:32:31     all   74.11    0.00    2.28    0.00    0.00    3.55    0.00    0.00    0.00   20.05
22:32:32     all   73.05    0.00    2.77    0.25    0.00    2.77    0.00    0.00    0.00   21.16
22:32:33     all   74.75    0.00    2.27    0.00    0.00    3.03    0.00    0.00    0.00   19.95
22:32:34     all   73.03    0.00    2.29    0.00    0.00    3.31    0.00    0.00    0.00   21.37
22:32:35     all   72.91    0.00    4.05    0.00    0.00    3.04    0.00    0.00    0.00   20.00
22:32:36     all   76.65    0.00    2.54    0.00    0.00    3.05    0.00    0.00    0.00   17.77
22:32:37     all   76.59    0.00    2.29    0.00    0.00    3.31    0.00    0.00    0.00   17.81
22:32:38     all   76.52    0.00    2.27    0.00    0.00    3.28    0.00    0.00    0.00   17.93
22:32:39     all   74.23    0.00    2.55    0.00    0.00    2.30    0.00    0.00    0.00   20.92
22:32:40     all   74.05    0.00    2.04    0.00    0.00    3.31    0.00    0.00    0.00   20.61
22:32:41     all   74.75    0.00    2.78    0.00    0.00    2.53    0.00    0.00    0.00   19.95
22:32:42     all   73.86    0.00    2.28    0.00    0.00    2.79    0.00    0.00    0.00   21.07
22:32:43     all   75.76    0.00    2.53    0.00    0.00    3.03    0.00    0.00    0.00   18.69
22:32:44     all   73.72    0.00    1.79    0.00    0.00    2.81    0.00    0.00    0.00   21.68
22:32:45     all   74.37    0.00    2.51    0.00    0.00    3.52    0.00    0.00    0.00   19.60
22:32:46     all   74.87    0.00    2.03    0.00    0.00    3.30    0.00    0.00    0.00   19.80
22:32:47     all   75.63    0.00    2.54    0.00    0.00    3.05    0.00    0.00    0.00   18.78
22:32:48     all   73.92    0.00    2.03    0.00    0.00    3.04    0.00    0.00    0.00   21.01
22:32:49     all   73.92    0.00    2.78    0.00    0.00    3.04    0.00    0.00    0.00   20.25
22:32:50     all   74.68    0.00    2.05    0.00    0.00    3.32    0.00    0.00    0.00   19.95
22:32:51     all   74.62    0.00    2.56    0.00    0.00    2.56    0.00    0.00    0.00   20.26
22:32:52     all   73.87    0.00    2.76    0.00    0.00    3.52    0.00    0.00    0.00   19.85
22:32:53     all   72.73    0.00    2.53    0.00    0.00    3.79    0.00    0.00    0.00   20.96
22:32:54     all   74.24    0.00    2.27    0.00    0.00    2.78    0.00    0.00    0.00   20.71
22:32:55     all   74.87    0.00    2.03    0.00    0.00    2.79    0.00    0.00    0.00   20.30
22:32:56     all   74.24    0.00    2.27    0.00    0.00    4.04    0.00    0.00    0.00   19.44
22:32:57     all   76.67    0.00    2.05    0.00    0.00    2.82    0.00    0.00    0.00   18.46
22:32:58     all   73.42    0.00    2.78    0.00    0.00    3.29    0.00    0.00    0.00   20.51
22:32:59     all   74.94    0.00    2.28    0.00    0.00    3.04    0.00    0.00    0.00   19.75
22:33:00     all   73.16    0.00    2.28    0.00    0.00    3.54    0.00    0.00    0.00   21.01
22:33:01     all   72.77    0.00    2.54    0.00    0.00    2.54    0.00    0.00    0.00   22.14
22:33:02     all   72.73    0.00    2.27    0.00    0.00    2.78    0.00    0.00    0.00   22.22
22:33:03     all   72.98    0.00    2.27    0.00    0.00    4.04    0.00    0.00    0.00   20.71
22:33:04     all   74.43    0.00    2.28    0.00    0.00    3.29    0.00    0.00    0.00   20.00
22:33:05     all   72.08    0.00    2.54    0.00    0.00    3.05    0.00    0.00    0.00   22.34
22:33:06     all   74.43    0.00    1.77    0.00    0.00    3.29    0.00    0.00    0.00   20.51
22:33:07     all   73.54    0.00    2.54    0.00    0.00    3.31    0.00    0.00    0.00   20.61
22:33:08     all   74.30    0.00    2.29    0.00    0.00    2.80    0.00    0.00    0.00   20.61
22:33:09     all   74.31    0.00    2.99    0.00    0.00    2.74    0.00    0.00    0.00   19.95
22:33:10     all   75.63    0.00    2.03    0.00    0.00    2.79    0.00    0.00    0.00   19.54
22:33:11     all   76.84    0.00    2.04    0.00    0.00    3.05    0.00    0.00    0.00   18.07
22:33:12     all   75.83    0.00    2.04    0.00    0.00    2.80    0.00    0.00    0.00   19.34
22:33:13     all   75.19    0.00    2.28    0.00    0.00    3.29    0.00    0.00    0.00   19.24
22:33:14     all   77.30    0.00    2.55    0.00    0.00    2.55    0.00    0.00    0.00   17.60
22:33:15     all   75.31    0.00    2.27    0.00    0.00    2.52    0.00    0.00    0.00   19.90
22:33:16     all   74.75    0.00    2.27    0.00    0.00    3.28    0.00    0.00    0.00   19.70
22:33:17     all   75.77    0.00    2.04    0.00    0.00    3.06    0.00    0.00    0.00   19.13
22:33:18     all   75.13    0.00    2.54    0.00    0.00    2.79    0.00    0.00    0.00   19.54
22:33:19     all   74.87    0.00    2.03    0.00    0.00    3.55    0.00    0.00    0.00   19.54
22:33:20     all   75.13    0.00    2.28    0.00    0.00    3.05    0.00    0.00    0.00   19.54
22:33:21     all   73.92    0.00    2.28    0.00    0.00    3.04    0.00    0.00    0.00   20.76
22:33:22     all   75.57    0.00    2.29    0.00    0.00    2.80    0.00    0.00    0.00   19.34
22:33:23     all   74.69    0.00    2.26    0.00    0.00    3.76    0.00    0.00    0.00   19.30
22:33:24     all   76.73    0.00    2.05    0.00    0.00    2.81    0.00    0.00    0.00   18.41
22:33:25     all   76.90    0.00    2.54    0.00    0.00    3.05    0.00    0.00    0.00   17.51
22:33:26     all   77.55    0.00    2.04    0.00    0.00    3.32    0.00    0.00    0.00   17.09
22:33:27     all   75.31    0.00    3.02    0.25    0.00    2.52    0.00    0.00    0.00   18.89
22:33:28     all   74.37    0.00    2.79    0.00    0.00    2.79    0.00    0.00    0.00   20.05
22:33:29     all   71.54    0.00    2.77    0.00    0.00    3.78    0.00    0.00    0.00   21.91
22:33:30     all   77.24    0.00    2.30    0.00    0.00    2.81    0.00    0.00    0.00   17.65
22:33:31     all   75.06    0.00    2.54    0.00    0.00    2.80    0.00    0.00    0.00   19.59
22:33:32     all   76.88    0.00    2.26    0.00    0.00    3.27    0.00    0.00    0.00   17.59
22:33:33     all   76.20    0.00    2.28    0.00    0.00    3.04    0.00    0.00    0.00   18.48
22:33:34     all   74.43    0.00    2.28    0.00    0.00    2.78    0.00    0.00    0.00   20.51
22:33:35     all   76.02    0.00    3.32    0.00    0.00    2.81    0.00    0.00    0.00   17.86
22:33:36     all   75.38    0.00    2.79    0.00    0.00    3.05    0.00    0.00    0.00   18.78
22:33:37     all   75.38    0.00    2.05    0.00    0.00    2.05    0.00    0.00    0.00   20.51
22:33:38     all   74.49    0.00    2.53    0.00    0.00    3.03    0.00    0.00    0.00   19.95
22:33:39     all   74.87    0.00    2.79    0.00    0.00    3.30    0.00    0.00    0.00   19.04
22:33:40     all   75.96    0.00    1.79    0.00    0.00    2.56    0.00    0.00    0.00   19.69
22:33:41     all   76.41    0.00    2.31    0.00    0.00    2.56    0.00    0.00    0.00   18.72
22:33:42     all   73.74    0.00    2.53    0.00    0.00    3.28    0.00    0.00    0.00   20.45
22:33:43     all   73.55    0.00    2.52    0.00    0.00    2.52    0.00    0.00    0.00   21.41
22:33:44     all   72.91    0.00    2.53    0.00    0.00    3.29    0.00    0.00    0.00   21.27
22:33:45     all   72.77    0.00    2.04    0.00    0.00    2.80    0.00    0.00    0.00   22.39
22:33:46     all   73.42    0.00    2.53    0.00    0.00    3.04    0.00    0.00    0.00   21.01
22:33:47     all   72.54    0.00    2.77    0.00    0.00    3.02    0.00    0.00    0.00   21.66
22:33:48     all   72.19    0.00    2.04    0.00    0.00    2.55    0.00    0.00    0.00   23.21
22:33:49     all   74.31    0.00    2.02    0.00    0.00    3.53    0.00    0.00    0.00   20.15
22:33:50     all   74.87    0.00    2.03    0.00    0.00    2.79    0.00    0.00    0.00   20.30
22:33:51     all   73.98    0.00    2.55    0.00    0.00    2.81    0.00    0.00    0.00   20.66
22:33:52     all   73.35    0.00    2.28    0.00    0.00    3.30    0.00    0.00    0.00   21.07
22:33:53     all   73.42    0.00    2.53    0.00    0.00    2.78    0.00    0.00    0.00   21.27
22:33:54     all   75.31    0.00    2.27    0.00    0.00    3.27    0.00    0.00    0.00   19.14
22:33:55     all   72.80    0.00    2.52    0.00    0.00    2.77    0.00    0.00    0.00   21.91
22:33:56     all   74.30    0.00    2.04    0.00    0.00    2.54    0.00    0.00    0.00   21.12
22:33:57     all   75.13    0.00    2.03    0.00    0.00    2.79    0.00    0.00    0.00   20.05
22:33:58     all   73.91    0.00    2.05    0.00    0.00    3.07    0.00    0.00    0.00   20.97
22:33:59     all   73.23    0.00    2.27    0.00    0.00    3.28    0.00    0.00    0.00   21.21
22:34:00     all   75.06    0.00    2.54    0.00    0.00    2.54    0.00    0.00    0.00   19.85
22:34:01     all   75.06    0.00    2.04    0.00    0.00    3.05    0.00    0.00    0.00   19.85
22:34:02     all   75.83    0.00    2.29    0.00    0.00    3.31    0.00    0.00    0.00   18.58
22:34:03     all   75.00    0.00    2.53    0.00    0.00    3.28    0.00    0.00    0.00   19.19
22:34:04     all   74.31    0.00    2.02    0.00    0.00    3.53    0.00    0.00    0.00   20.15
22:34:05     all   76.40    0.00    2.54    0.25    0.00    2.54    0.00    0.00    0.00   18.27
22:34:06     all   76.02    0.00    2.55    0.00    0.00    3.32    0.00    0.00    0.00   18.11
22:34:07     all   75.63    0.00    2.79    0.00    0.00    2.79    0.00    0.00    0.00   18.78
22:34:08     all   74.68    0.00    2.03    0.00    0.00    3.04    0.00    0.00    0.00   20.25
22:34:09     all   75.83    0.00    2.80    0.00    0.00    3.05    0.00    0.00    0.00   18.32
22:34:10     all   76.14    0.00    2.03    0.00    0.00    3.30    0.00    0.00    0.00   18.53
22:34:11     all   76.84    0.00    2.29    0.00    0.00    2.29    0.00    0.00    0.00   18.58
22:34:12     all   76.41    0.00    2.31    0.00    0.00    3.08    0.00    0.00    0.00   18.21
22:34:13     all   75.89    0.00    2.03    0.00    0.00    3.05    0.00    0.00    0.00   19.04
22:34:14     all   75.63    0.00    2.51    0.00    0.00    3.52    0.00    0.00    0.00   18.34
22:34:15     all   75.89    0.00    2.54    0.00    0.00    3.30    0.00    0.00    0.00   18.27
22:34:16     all   77.63    0.00    2.57    0.00    0.00    3.08    0.00    0.00    0.00   16.71
22:34:17     all   77.27    0.00    2.53    0.00    0.00    3.03    0.00    0.00    0.00   17.17
22:34:18     all   77.89    0.00    2.51    0.00    0.00    3.52    0.00    0.00    0.00   16.08
22:34:19     all   79.13    0.00    2.54    0.00    0.00    3.05    0.00    0.00    0.00   15.27
22:34:20     all   78.73    0.00    2.28    0.00    0.00    3.29    0.00    0.00    0.00   15.70
22:34:21     all   77.35    0.00    2.54    0.00    0.00    2.54    0.00    0.00    0.00   17.56
22:34:22     all   78.17    0.00    2.54    0.00    0.00    2.79    0.00    0.00    0.00   16.50
22:34:23     all   76.77    0.00    2.78    0.51    0.00    3.03    0.00    0.00    0.00   16.92
22:34:24     all   77.95    0.00    2.05    0.00    0.00    3.08    0.00    0.00    0.00   16.92
22:34:25     all   77.39    0.00    2.76    0.00    0.00    3.27    0.00    0.00    0.00   16.58
22:34:26     all   75.95    0.00    2.28    0.00    0.00    3.54    0.00    0.00    0.00   18.23
22:34:27     all   76.08    0.00    2.54    0.00    0.00    3.05    0.00    0.00    0.00   18.32
22:34:28     all   77.10    0.00    2.29    0.00    0.00    3.31    0.00    0.00    0.00   17.30
22:34:29     all   76.46    0.00    2.78    0.00    0.00    2.78    0.00    0.00    0.00   17.97
22:34:30     all   76.21    0.00    2.05    0.26    0.00    3.32    0.00    0.00    0.00   18.16
22:34:31     all   75.32    0.00    3.05    0.00    0.00    2.54    0.00    0.00    0.00   19.08
22:34:32     all   76.26    0.00    2.02    0.00    0.00    3.28    0.00    0.00    0.00   18.43
22:34:33     all   77.27    0.00    2.02    0.00    0.00    2.27    0.00    0.00    0.00   18.43
22:34:34     all   76.90    0.00    2.79    0.00    0.00    3.05    0.00    0.00    0.00   17.26
22:34:35     all   77.02    0.00    3.79    0.00    0.00    3.03    0.00    0.00    0.00   16.16
22:34:36     all   75.00    0.00    2.27    0.00    0.00    3.03    0.00    0.00    0.00   19.70
22:34:37     all   76.74    0.00    2.58    0.00    0.00    2.84    0.00    0.00    0.00   17.83
22:34:38     all   76.59    0.00    2.54    0.00    0.00    2.80    0.00    0.00    0.00   18.07
22:34:39     all   76.20    0.00    2.53    0.00    0.00    2.53    0.00    0.00    0.00   18.73
22:34:40     all   73.97    0.00    2.58    0.26    0.00    2.84    0.00    0.00    0.00   20.36
22:34:41     all   72.98    0.00    3.03    0.25    0.00    3.54    0.00    0.00    0.00   20.20
22:34:42     all   74.36    0.00    2.05    0.00    0.00    3.08    0.00    0.00    0.00   20.51
22:34:43     all   76.13    0.00    2.51    0.00    0.00    3.27    0.00    0.00    0.00   18.09
22:34:44     all   76.79    0.00    2.04    0.00    0.00    3.32    0.00    0.00    0.00   17.86
22:34:45     all   74.30    0.00    2.29    0.00    0.00    2.80    0.00    0.00    0.00   20.61
22:34:46     all   70.30    0.00    2.03    0.00    0.00    3.30    0.00    0.00    0.00   24.37
22:34:47     all   74.94    0.00    2.53    0.00    0.00    2.53    0.00    0.00    0.00   20.00
22:34:48     all   75.57    0.00    1.78    0.00    0.00    2.80    0.00    0.00    0.00   19.85
22:34:49     all   76.71    0.00    2.53    0.00    0.00    3.54    0.00    0.00    0.00   17.22
22:34:50     all   78.09    0.00    2.77    0.00    0.00    3.27    0.00    0.00    0.00   15.87
22:34:51     all   77.41    0.00    1.78    0.00    0.00    3.05    0.00    0.00    0.00   17.77
22:34:52     all   72.73    0.00    2.78    0.00    0.00    3.54    0.00    0.00    0.00   20.96
22:34:53     all   73.99    0.00    2.27    0.00    0.00    2.78    0.00    0.00    0.00   20.96
22:34:54     all   73.28    0.00    2.54    0.00    0.00    3.31    0.00    0.00    0.00   20.87
22:34:55     all   72.77    0.00    2.29    0.00    0.00    3.31    0.00    0.00    0.00   21.63
22:34:56     all   74.25    0.00    3.00    0.00    0.00    3.25    0.00    0.00    0.00   19.50
22:34:57     all   73.05    0.00    2.52    0.00    0.00    3.02    0.00    0.00    0.00   21.41
22:34:58     all   72.04    0.00    2.77    0.00    0.00    3.27    0.00    0.00    0.00   21.91
22:34:59     all   72.84    0.00    2.54    0.00    0.00    3.05    0.00    0.00    0.00   21.57
22:35:00     all   71.50    0.00    2.50    0.00    0.00    3.75    0.00    0.00    0.00   22.25
22:35:01     all   74.55    0.00    2.29    0.51    0.00    3.31    0.00    0.00    0.00   19.34
22:35:02     all   76.59    0.00    2.29    0.00    0.00    3.05    0.00    0.00    0.00   18.07
22:35:03     all   73.86    0.00    2.79    0.00    0.00    3.55    0.00    0.00    0.00   19.80
22:35:04     all   73.62    0.00    2.51    0.00    0.00    3.52    0.00    0.00    0.00   20.35
22:35:05     all   69.77    0.00    2.52    0.00    0.00    3.02    0.00    0.00    0.00   24.69
22:35:06     all   35.86    0.00    1.01    0.00    0.00    1.26    0.00    0.00    0.00   61.87
22:35:07     all   34.16    0.00    1.50    0.00    0.00    1.75    0.00    0.00    0.00   62.59
22:35:08     all   34.76    0.00    1.26    0.00    0.00    1.76    0.00    0.00    0.00   62.22
22:35:09     all   35.25    0.00    1.00    0.00    0.00    2.00    0.00    0.00    0.00   61.75
22:35:10     all   34.85    0.00    1.52    0.00    0.00    1.01    0.00    0.00    0.00   62.63
22:35:11     all   35.09    0.00    1.25    0.00    0.00    1.75    0.00    0.00    0.00   61.90
22:35:12     all   34.76    0.00    1.01    0.00    0.00    1.51    0.00    0.00    0.00   62.72
22:35:13     all   35.16    0.00    1.00    0.00    0.00    1.25    0.00    0.00    0.00   62.59
22:35:14     all   36.07    0.00    1.24    0.00    0.00    1.49    0.00    0.00    0.00   61.19
22:35:15     all   34.01    0.00    1.26    0.00    0.00    1.26    0.00    0.00    0.00   63.48
22:35:16     all   33.92    0.00    1.25    0.00    0.00    2.00    0.00    0.00    0.00   62.84
22:35:17     all   33.50    0.00    1.02    0.00    0.00    1.27    0.00    0.00    0.00   64.21
22:35:18     all   33.08    0.00    1.49    0.50    0.00    1.74    0.00    0.00    0.00   63.18
22:35:19     all   35.16    0.00    1.50    0.00    0.00    1.75    0.00    0.00    0.00   61.60
22:35:20     all   35.84    0.00    1.25    0.00    0.00    2.01    0.00    0.00    0.00   60.90
22:35:21     all   35.34    0.00    1.25    0.00    0.00    1.50    0.00    0.00    0.00   61.90
22:35:22     all   33.84    0.00    1.01    0.00    0.00    1.26    0.00    0.00    0.00   63.89
22:35:23     all   35.16    0.00    1.75    0.00    0.00    1.50    0.00    0.00    0.00   61.60
22:35:24     all   35.09    0.00    1.50    0.00    0.00    1.50    0.00    0.00    0.00   61.90
22:35:25     all   34.67    0.00    1.01    0.00    0.00    2.01    0.00    0.00    0.00   62.31
22:35:26     all   36.25    0.00    1.00    0.00    0.00    1.75    0.00    0.00    0.00   61.00
22:35:27     all   35.44    0.00    1.01    0.00    0.00    1.27    0.00    0.00    0.00   62.28
22:35:28     all   35.50    0.00    0.50    0.00    0.00    1.75    0.00    0.00    0.00   62.25
22:35:29     all   35.52    0.00    1.26    0.00    0.00    1.26    0.00    0.00    0.00   61.96
22:35:30     all   35.41    0.00    1.25    0.00    0.00    2.00    0.00    0.00    0.00   61.35
22:35:31     all   35.43    0.00    1.26    0.00    0.00    1.76    0.00    0.00    0.00   61.56
22:35:32     all   35.24    0.00    1.49    0.00    0.00    1.74    0.00    0.00    0.00   61.54
22:35:33     all   34.60    0.00    1.26    0.00    0.00    1.26    0.00    0.00    0.00   62.88
22:35:34     all   34.51    0.00    1.01    0.00    0.00    1.76    0.00    0.00    0.00   62.72
22:35:35     all   35.91    0.00    2.74    0.25    0.00    1.75    0.00    0.00    0.00   59.35
22:35:36     all   35.66    0.00    1.25    0.00    0.00    2.00    0.00    0.00    0.00   61.10
22:35:37     all   33.67    0.00    1.50    0.00    0.00    2.00    0.00    0.00    0.00   62.84
22:35:38     all   34.18    0.00    1.27    0.00    0.00    1.27    0.00    0.00    0.00   63.29
22:35:39     all   35.16    0.00    1.50    0.00    0.00    2.00    0.00    0.00    0.00   61.35
22:35:40     all   33.33    0.00    0.75    0.25    0.00    2.01    0.00    0.00    0.00   63.66
22:35:41     all   35.26    0.00    1.26    0.00    0.00    1.01    0.00    0.00    0.00   62.47
22:35:42     all   33.50    0.00    1.51    0.00    0.00    1.51    0.00    0.00    0.00   63.48
22:35:43     all   34.42    0.00    1.51    0.00    0.00    1.26    0.00    0.00    0.00   62.81
22:35:44     all   35.59    0.00    1.50    0.00    0.00    2.01    0.00    0.00    0.00   60.90
22:35:45     all   34.85    0.00    1.01    0.00    0.00    1.01    0.00    0.00    0.00   63.13
22:35:46     all   33.75    0.00    1.76    0.00    0.00    2.02    0.00    0.00    0.00   62.47
22:35:47     all   35.19    0.00    1.27    0.00    0.00    1.01    0.00    0.00    0.00   62.53
22:35:48     all   35.44    0.00    1.27    0.00    0.00    1.52    0.00    0.00    0.00   61.77
22:35:49     all   34.16    0.00    1.50    0.00    0.00    1.75    0.00    0.00    0.00   62.59
22:35:50     all   34.75    0.00    1.25    0.00    0.00    1.75    0.00    0.00    0.00   62.25
22:35:51     all   34.34    0.00    1.50    0.00    0.00    1.25    0.00    0.00    0.00   62.91
22:35:52     all   35.77    0.00    1.26    0.00    0.00    1.51    0.00    0.00    0.00   61.46
22:35:53     all   35.59    0.00    1.50    0.00    0.00    1.25    0.00    0.00    0.00   61.65
22:35:54     all   34.00    0.00    1.24    0.00    0.00    1.99    0.00    0.00    0.00   62.78
22:35:55     all   33.84    0.00    1.26    0.00    0.00    1.52    0.00    0.00    0.00   63.38
22:35:56     all   31.59    0.00    1.74    0.00    0.00    1.99    0.00    0.00    0.00   64.68
22:35:57     all   34.92    0.00    0.75    0.00    0.00    1.51    0.00    0.00    0.00   62.81
22:35:58     all   35.93    0.00    0.75    0.50    0.00    1.51    0.00    0.00    0.00   61.31
22:35:59     all   34.75    0.00    1.50    0.00    0.00    1.50    0.00    0.00    0.00   62.25
22:36:00     all   34.60    0.00    1.26    0.00    0.00    1.52    0.00    0.00    0.00   62.63
22:36:01     all   33.83    0.00    1.74    0.00    0.00    1.74    0.00    0.00    0.00   62.69
22:36:02     all   35.07    0.00    1.24    0.00    0.00    1.74    0.00    0.00    0.00   61.94
22:36:03     all   34.67    0.00    0.75    0.00    0.00    1.76    0.00    0.00    0.00   62.81
22:36:04     all   34.25    0.00    2.00    0.00    0.00    1.50    0.00    0.00    0.00   62.25
22:36:05     all   35.19    0.00    1.01    0.00    0.00    1.52    0.00    0.00    0.00   62.28
22:36:06     all   35.59    0.00    1.25    0.00    0.00    1.25    0.00    0.00    0.00   61.90
22:36:07     all   34.75    0.00    0.75    0.00    0.00    2.25    0.00    0.00    0.00   62.25
22:36:08     all   34.00    0.00    1.50    0.00    0.00    1.50    0.00    0.00    0.00   63.00
22:36:09     all   34.26    0.00    1.01    0.00    0.00    1.51    0.00    0.00    0.00   63.22
22:36:10     all   34.34    0.00    1.26    0.00    0.00    1.26    0.00    0.00    0.00   63.13
22:36:11     all   34.76    0.00    1.01    0.00    0.00    1.76    0.00    0.00    0.00   62.47
22:36:12     all   36.00    0.00    1.00    0.00    0.00    1.50    0.00    0.00    0.00   61.50
22:36:13     all   34.67    0.00    0.75    0.00    0.00    2.01    0.00    0.00    0.00   62.56
22:36:14     all   35.18    0.00    1.51    0.00    0.00    1.51    0.00    0.00    0.00   61.81
22:36:15     all   35.01    0.00    1.51    0.00    0.00    1.26    0.00    0.00    0.00   62.22
22:36:16     all   35.26    0.00    0.76    0.00    0.00    1.51    0.00    0.00    0.00   62.47
22:36:17     all   34.51    0.00    1.01    0.00    0.00    1.76    0.00    0.00    0.00   62.72
22:36:18     all   33.17    0.00    1.75    0.00    0.00    1.75    0.00    0.00    0.00   63.34
22:36:19     all   35.44    0.00    1.01    0.00    0.00    1.27    0.00    0.00    0.00   62.28
22:36:20     all   33.58    0.00    1.74    0.25    0.00    1.49    0.00    0.00    0.00   62.94
22:36:21     all   35.50    0.00    1.00    0.00    0.00    2.00    0.00    0.00    0.00   61.50
22:36:22     all   35.00    0.00    1.25    0.00    0.00    1.75    0.00    0.00    0.00   62.00
22:36:23     all   36.18    0.00    1.01    0.00    0.00    1.51    0.00    0.00    0.00   61.31
22:36:24     all   34.34    0.00    1.50    0.00    0.00    1.75    0.00    0.00    0.00   62.41
22:36:25     all   34.08    0.00    1.24    0.00    0.00    1.99    0.00    0.00    0.00   62.69
22:36:26     all   36.00    0.00    1.25    0.00    0.00    1.75    0.00    0.00    0.00   61.00
22:36:27     all   34.85    0.00    1.01    0.00    0.00    1.26    0.00    0.00    0.00   62.88
22:36:28     all   34.50    0.00    0.75    0.50    0.00    1.75    0.00    0.00    0.00   62.50
22:36:29     all   35.41    0.00    1.50    0.00    0.00    1.75    0.00    0.00    0.00   61.35
22:36:30     all   35.84    0.00    1.25    0.00    0.00    1.75    0.00    0.00    0.00   61.15
22:36:31     all   34.25    0.00    1.25    0.00    0.00    1.75    0.00    0.00    0.00   62.75
22:36:32     all   34.50    0.00    1.25    0.00    0.00    2.25    0.00    0.00    0.00   62.00
22:36:33     all   35.16    0.00    1.50    0.00    0.00    1.75    0.00    0.00    0.00   61.60
22:36:34     all   34.92    0.00    1.01    0.00    0.00    2.01    0.00    0.00    0.00   62.06
22:36:35     all   34.51    0.00    3.53    0.00    0.00    0.76    0.00    0.00    0.00   61.21
22:36:36     all   63.57    0.00    5.78    0.25    0.00    0.25    0.00    0.00    0.00   30.15
22:36:37     all   45.32    0.00    1.52    0.00    0.00    1.52    0.00    0.00    0.00   51.65
22:36:38     all   44.84    0.00    1.51    0.00    0.00    1.01    0.00    0.00    0.00   52.64
22:36:39     all   44.99    0.00    1.03    0.00    0.00    0.77    0.00    0.00    0.00   53.21
22:36:40     all   46.56    0.00    1.53    0.00    0.00    1.02    0.00    0.00    0.00   50.89
22:36:41     all   46.58    0.00    1.77    0.00    0.00    1.27    0.00    0.00    0.00   50.38
22:36:42     all   47.86    0.00    1.76    0.00    0.00    1.51    0.00    0.00    0.00   48.87
22:36:43     all   50.13    0.00    1.02    0.00    0.00    1.02    0.00    0.00    0.00   47.83
22:36:44     all   47.61    0.00    1.76    0.25    0.00    1.51    0.00    0.00    0.00   48.87
22:36:45     all   46.72    0.00    1.77    0.00    0.00    1.01    0.00    0.00    0.00   50.51
22:36:46     all   47.61    0.00    1.51    0.00    0.00    1.01    0.00    0.00    0.00   49.87
22:36:47     all   46.70    0.00    1.78    0.00    0.00    1.02    0.00    0.00    0.00   50.51
22:36:48     all   47.99    0.00    1.76    0.00    0.00    1.01    0.00    0.00    0.00   49.25
22:36:49     all   47.07    0.00    1.27    0.00    0.00    1.53    0.00    0.00    0.00   50.13
22:36:50     all   46.58    0.00    1.52    0.00    0.00    1.27    0.00    0.00    0.00   50.63
22:36:51     all   45.06    0.00    2.03    0.00    0.00    1.01    0.00    0.00    0.00   51.90
22:36:52     all   47.33    0.00    1.02    0.00    0.00    1.27    0.00    0.00    0.00   50.38
22:36:53     all   46.84    0.00    1.52    0.00    0.00    1.01    0.00    0.00    0.00   50.63
22:36:54     all   47.45    0.00    1.28    0.00    0.00    0.51    0.00    0.00    0.00   50.77
22:36:55     all   47.34    0.00    1.52    0.00    0.00    1.27    0.00    0.00    0.00   49.87
22:36:56     all   47.44    0.00    1.03    0.00    0.00    0.77    0.00    0.00    0.00   50.77
22:36:57     all   45.73    0.00    2.01    0.00    0.00    1.26    0.00    0.00    0.00   51.01
22:36:58     all   47.57    0.00    1.28    0.00    0.00    0.51    0.00    0.00    0.00   50.64
22:36:59     all   47.46    0.00    1.78    0.00    0.00    1.02    0.00    0.00    0.00   49.75
22:37:00     all   45.09    0.00    1.76    0.25    0.00    1.26    0.00    0.00    0.00   51.64
22:37:01     all   45.80    0.00    1.27    0.00    0.00    1.27    0.00    0.00    0.00   51.65
22:37:02     all   45.45    0.00    1.52    0.00    0.00    0.76    0.00    0.00    0.00   52.27
22:37:03     all   46.67    0.00    1.03    0.00    0.00    0.77    0.00    0.00    0.00   51.54
22:37:04     all   47.47    0.00    2.02    0.00    0.00    1.26    0.00    0.00    0.00   49.24
22:37:05     all   47.07    0.00    1.53    0.00    0.00    0.76    0.00    0.00    0.00   50.64
22:37:06     all   46.95    0.00    1.52    0.00    0.00    1.27    0.00    0.00    0.00   50.25
22:37:07     all   46.72    0.00    2.02    0.00    0.00    0.76    0.00    0.00    0.00   50.51
22:37:08     all   45.69    0.00    1.52    0.00    0.00    1.27    0.00    0.00    0.00   51.52
22:37:09     all   42.97    0.00    1.28    0.00    0.00    1.79    0.00    0.00    0.00   53.96
22:37:10     all   45.43    0.00    1.78    0.00    0.00    1.02    0.00    0.00    0.00   51.78
22:37:11     all   45.86    0.00    1.75    0.00    0.00    1.00    0.00    0.00    0.00   51.38
22:37:12     all   46.17    0.00    1.28    0.00    0.00    0.77    0.00    0.00    0.00   51.79
22:37:13     all   47.59    0.00    1.77    0.00    0.00    0.76    0.00    0.00    0.00   49.87
22:37:14     all   47.07    0.00    1.02    0.00    0.00    1.53    0.00    0.00    0.00   50.38
22:37:15     all   48.37    0.00    1.75    0.00    0.00    1.00    0.00    0.00    0.00   48.87
22:37:16     all   47.84    0.00    1.27    0.25    0.00    1.27    0.00    0.00    0.00   49.36
22:37:17     all   47.09    0.00    1.52    0.00    0.00    0.76    0.00    0.00    0.00   50.63
22:37:18     all   49.11    0.00    1.53    0.00    0.00    1.27    0.00    0.00    0.00   48.09
22:37:19     all   47.47    0.00    1.26    0.00    0.00    1.26    0.00    0.00    0.00   50.00
22:37:20     all   48.09    0.00    1.53    0.00    0.00    1.02    0.00    0.00    0.00   49.36
22:37:21     all   47.12    0.00    1.75    0.00    0.00    1.00    0.00    0.00    0.00   50.13
22:37:22     all   47.72    0.00    1.78    0.00    0.00    1.52    0.00    0.00    0.00   48.98
22:37:23     all   45.94    0.00    1.78    0.00    0.00    1.02    0.00    0.00    0.00   51.27
22:37:24     all   48.47    0.00    1.53    0.00    0.00    1.28    0.00    0.00    0.00   48.72
22:37:25     all   47.85    0.00    1.52    0.00    0.00    1.01    0.00    0.00    0.00   49.62
22:37:26     all   48.98    0.00    1.78    0.00    0.00    1.27    0.00    0.00    0.00   47.97
22:37:27     all   48.10    0.00    1.01    0.00    0.00    1.52    0.00    0.00    0.00   49.37
22:37:28     all   46.58    0.00    1.77    0.25    0.00    1.01    0.00    0.00    0.00   50.38
22:37:29     all   46.31    0.00    1.27    0.00    0.00    1.78    0.00    0.00    0.00   50.64
22:37:30     all   48.24    0.00    1.26    0.00    0.00    1.01    0.00    0.00    0.00   49.50
22:37:31     all   47.46    0.00    1.52    0.00    0.00    0.76    0.00    0.00    0.00   50.25
22:37:32     all   45.84    0.00    1.51    0.00    0.00    1.51    0.00    0.00    0.00   51.13
22:37:33     all   47.98    0.00    1.52    0.00    0.00    1.52    0.00    0.00    0.00   48.99
22:37:34     all   45.71    0.00    1.77    0.25    0.00    1.52    0.00    0.00    0.00   50.76
22:37:35     all   47.72    0.00    2.28    0.00    0.00    1.52    0.00    0.00    0.00   48.48
22:37:36     all   47.97    0.00    2.03    0.00    0.00    0.76    0.00    0.00    0.00   49.24
22:37:37     all   47.46    0.00    1.52    0.00    0.00    1.02    0.00    0.00    0.00   50.00
22:37:38     all   48.61    0.00    1.52    0.00    0.00    1.27    0.00    0.00    0.00   48.61
22:37:39     all   46.06    0.00    1.53    0.00    0.00    1.02    0.00    0.00    0.00   51.40
22:37:40     all   47.45    0.00    1.28    0.00    0.00    0.77    0.00    0.00    0.00   50.51
22:37:41     all   44.92    0.00    1.78    0.00    0.00    0.76    0.00    0.00    0.00   52.54
22:37:42     all   43.51    0.00    1.53    0.00    0.00    1.02    0.00    0.00    0.00   53.94
22:37:43     all   45.04    0.00    1.53    0.00    0.00    1.02    0.00    0.00    0.00   52.42
22:37:44     all   46.35    0.00    1.26    0.00    0.00    1.26    0.00    0.00    0.00   51.13
22:37:45     all   47.59    0.00    1.52    0.25    0.00    1.27    0.00    0.00    0.00   49.37
22:37:46     all   47.34    0.00    1.52    0.00    0.00    1.52    0.00    0.00    0.00   49.62
22:37:47     all   47.45    0.00    1.28    0.00    0.00    0.77    0.00    0.00    0.00   50.51
22:37:48     all   47.22    0.00    1.77    0.00    0.00    1.52    0.00    0.00    0.00   49.49
22:37:49     all   48.59    0.00    1.28    0.00    0.00    0.77    0.00    0.00    0.00   49.36
22:37:50     all   48.49    0.00    1.76    0.00    0.00    1.51    0.00    0.00    0.00   48.24
22:37:51     all   45.55    0.00    1.53    0.00    0.00    1.27    0.00    0.00    0.00   51.65
22:37:52     all   47.74    0.00    1.26    0.00    0.00    1.51    0.00    0.00    0.00   49.50
22:37:53     all   48.61    0.00    1.51    0.00    0.00    1.26    0.00    0.00    0.00   48.61
22:37:54     all   47.72    0.00    1.27    0.00    0.00    1.27    0.00    0.00    0.00   49.75
22:37:55     all   46.29    0.00    1.28    0.26    0.00    1.28    0.00    0.00    0.00   50.90
22:37:56     all   46.85    0.00    1.51    0.00    0.00    1.26    0.00    0.00    0.00   50.38
22:37:57     all   45.24    0.00    1.29    0.00    0.00    1.29    0.00    0.00    0.00   52.19
22:37:58     all   46.60    0.00    1.51    0.00    0.00    1.26    0.00    0.00    0.00   50.63
22:37:59     all   46.43    0.00    1.79    0.00    0.00    1.02    0.00    0.00    0.00   50.77
22:38:00     all   47.47    0.00    1.01    0.00    0.00    1.26    0.00    0.00    0.00   50.25
22:38:01     all   45.04    0.00    1.78    0.00    0.00    0.76    0.00    0.00    0.00   52.42
22:38:02     all   45.82    0.00    1.77    0.00    0.00    1.27    0.00    0.00    0.00   51.14
22:38:03     all   47.46    0.00    1.27    0.00    0.00    0.76    0.00    0.00    0.00   50.51
22:38:04     all   46.72    0.00    1.52    0.25    0.00    1.52    0.00    0.00    0.00   50.00
22:38:05     all   47.85    0.00    1.01    0.00    0.00    1.77    0.00    0.00    0.00   49.37
22:38:06     all   48.22    0.00    2.03    0.00    0.00    0.76    0.00    0.00    0.00   48.98
22:38:07     all   46.72    0.00    1.26    0.00    0.00    1.26    0.00    0.00    0.00   50.76
22:38:08     all   45.41    0.00    1.53    0.00    0.00    0.77    0.00    0.00    0.00   52.30
22:38:09     all   47.73    0.00    1.52    0.00    0.00    1.26    0.00    0.00    0.00   49.49
22:38:10     all   46.58    0.00    1.52    0.00    0.00    1.01    0.00    0.00    0.00   50.89
22:38:11     all   47.07    0.00    1.27    0.00    0.00    1.02    0.00    0.00    0.00   50.64
22:38:12     all   46.21    0.00    1.77    0.00    0.00    1.52    0.00    0.00    0.00   50.51
22:38:13     all   47.06    0.00    1.02    0.00    0.00    0.77    0.00    0.00    0.00   51.15
22:38:14     all   47.59    0.00    2.03    0.00    0.00    0.76    0.00    0.00    0.00   49.62
22:38:15     all   47.07    0.00    1.27    0.00    0.00    0.76    0.00    0.00    0.00   50.89
22:38:16     all   48.10    0.00    1.27    0.00    0.00    1.27    0.00    0.00    0.00   49.37
22:38:17     all   48.72    0.00    1.02    0.00    0.00    1.28    0.00    0.00    0.00   48.98
22:38:18     all   45.96    0.00    1.26    0.00    0.00    1.26    0.00    0.00    0.00   51.52
22:38:19     all   46.43    0.00    1.53    0.26    0.00    1.28    0.00    0.00    0.00   50.51
22:38:20     all   47.49    0.00    1.51    0.00    0.00    1.51    0.00    0.00    0.00   49.50
22:38:21     all   46.35    0.00    1.76    0.00    0.00    1.51    0.00    0.00    0.00   50.38
22:38:22     all   47.58    0.00    1.02    0.00    0.00    1.27    0.00    0.00    0.00   50.13
22:38:23     all   47.73    0.00    1.77    0.00    0.00    1.52    0.00    0.00    0.00   48.99
22:38:24     all   47.36    0.00    2.02    0.00    0.00    1.76    0.00    0.00    0.00   48.87
22:38:25     all   47.85    0.00    1.27    0.00    0.00    1.27    0.00    0.00    0.00   49.62
22:38:26     all   45.69    0.00    2.03    0.00    0.00    1.27    0.00    0.00    0.00   51.02
22:38:27     all   46.23    0.00    1.51    0.00    0.00    1.26    0.00    0.00    0.00   51.01
22:38:28     all   46.06    0.00    1.78    0.00    0.00    0.76    0.00    0.00    0.00   51.40
22:38:29     all   46.21    0.00    1.52    0.00    0.00    1.26    0.00    0.00    0.00   51.01
22:38:30     all   48.35    0.00    1.53    0.25    0.00    0.76    0.00    0.00    0.00   49.11
22:38:31     all   47.19    0.00    1.53    0.00    0.00    1.53    0.00    0.00    0.00   49.74
22:38:32     all   47.99    0.00    1.26    0.00    0.00    1.51    0.00    0.00    0.00   49.25
22:38:33     all   47.46    0.00    1.78    0.00    0.00    0.76    0.00    0.00    0.00   50.00
22:38:34     all   47.96    0.00    1.02    0.00    0.00    1.79    0.00    0.00    0.00   49.23
22:38:35     all   47.84    0.00    2.29    0.00    0.00    1.78    0.00    0.00    0.00   48.09
22:38:36     all   47.99    0.00    1.51    0.00    0.00    1.51    0.00    0.00    0.00   48.99
22:38:37     all   47.22    0.00    1.77    0.00    0.00    1.01    0.00    0.00    0.00   50.00
22:38:38     all   48.09    0.00    1.27    0.00    0.00    1.27    0.00    0.00    0.00   49.36
22:38:39     all   47.96    0.00    1.53    0.00    0.00    0.51    0.00    0.00    0.00   50.00
22:38:40     all   45.73    0.00    1.76    0.00    0.00    1.51    0.00    0.00    0.00   51.01
22:38:41     all   47.85    0.00    1.27    0.00    0.00    1.77    0.00    0.00    0.00   49.11
22:38:42     all   48.23    0.00    1.77    0.00    0.00    1.01    0.00    0.00    0.00   48.99
22:38:43     all   47.12    0.00    1.50    0.00    0.00    1.50    0.00    0.00    0.00   49.87
22:38:44     all   48.73    0.00    1.78    0.00    0.00    1.02    0.00    0.00    0.00   48.48
22:38:45     all   47.84    0.00    1.02    0.00    0.00    0.76    0.00    0.00    0.00   50.38
22:38:46     all   45.09    0.00    1.51    0.00    0.00    1.51    0.00    0.00    0.00   51.89
22:38:47     all   47.21    0.00    1.52    0.25    0.00    1.02    0.00    0.00    0.00   50.00
22:38:48     all   47.33    0.00    1.78    0.00    0.00    0.76    0.00    0.00    0.00   50.13
22:38:49     all   48.24    0.00    1.51    0.00    0.00    0.75    0.00    0.00    0.00   49.50
22:38:50     all   46.55    0.00    1.02    0.00    0.00    1.02    0.00    0.00    0.00   51.41
22:38:51     all   45.71    0.00    2.02    0.00    0.00    1.01    0.00    0.00    0.00   51.26
22:38:52     all   47.34    0.00    1.27    0.00    0.00    1.01    0.00    0.00    0.00   50.38
22:38:53     all   47.07    0.00    1.53    0.00    0.00    1.02    0.00    0.00    0.00   50.38
22:38:54     all   48.24    0.00    1.51    0.00    0.00    1.51    0.00    0.00    0.00   48.74
22:38:55     all   46.06    0.00    1.53    0.00    0.00    1.02    0.00    0.00    0.00   51.40
22:38:56     all   47.19    0.00    2.04    0.00    0.00    1.28    0.00    0.00    0.00   49.49
22:38:57     all   47.97    0.00    1.52    0.25    0.00    1.02    0.00    0.00    0.00   49.24
22:38:58     all   48.60    0.00    1.78    0.00    0.00    0.76    0.00    0.00    0.00   48.85
22:38:59     all   46.85    0.00    1.76    0.00    0.00    1.51    0.00    0.00    0.00   49.87
22:39:00     all   47.44    0.00    1.28    0.00    0.00    0.51    0.00    0.00    0.00   50.77
22:39:01     all   47.86    0.00    1.51    0.00    0.00    1.01    0.00    0.00    0.00   49.62
22:39:02     all   47.84    0.00    1.53    0.25    0.00    1.02    0.00    0.00    0.00   49.36
22:39:03     all   47.58    0.00    1.53    0.00    0.00    1.27    0.00    0.00    0.00   49.62
22:39:04     all   48.98    0.00    1.27    0.00    0.00    1.27    0.00    0.00    0.00   48.48
22:39:05     all   47.97    0.00    1.02    0.00    0.00    1.27    0.00    0.00    0.00   49.75
22:39:06     all   48.99    0.00    1.52    0.00    0.00    1.52    0.00    0.00    0.00   47.98
22:39:07     all   48.85    0.00    1.28    0.26    0.00    1.02    0.00    0.00    0.00   48.59
22:39:08     all   46.48    0.00    2.01    0.00    0.00    1.01    0.00    0.00    0.00   50.50
22:39:09     all   46.33    0.00    1.77    0.00    0.00    1.27    0.00    0.00    0.00   50.63
22:39:10     all   46.06    0.00    1.53    0.00    0.00    1.02    0.00    0.00    0.00   51.40
22:39:11     all   47.73    0.00    1.52    0.00    0.00    1.26    0.00    0.00    0.00   49.49
22:39:12     all   47.33    0.00    1.27    0.00    0.00    1.02    0.00    0.00    0.00   50.38
22:39:13     all   47.97    0.00    1.52    0.00    0.00    1.02    0.00    0.00    0.00   49.49
22:39:14     all   47.47    0.00    2.02    0.00    0.00    1.52    0.00    0.00    0.00   48.99
22:39:15     all   47.09    0.00    1.52    0.00    0.00    1.27    0.00    0.00    0.00   50.13
22:39:16     all   46.84    0.00    1.52    0.00    0.00    1.01    0.00    0.00    0.00   50.63
22:39:17     all   47.36    0.00    1.26    0.00    0.00    1.01    0.00    0.00    0.00   50.38
22:39:18     all   45.96    0.00    1.77    0.00    0.00    1.01    0.00    0.00    0.00   51.26
22:39:19     all   46.53    0.00    0.77    0.00    0.00    0.77    0.00    0.00    0.00   51.93
22:39:20     all   47.12    0.00    1.50    0.00    0.00    0.75    0.00    0.00    0.00   50.63
22:39:21     all   47.10    0.00    2.02    0.00    0.00    1.26    0.00    0.00    0.00   49.62
22:39:22     all   45.55    0.00    1.02    0.00    0.00    1.27    0.00    0.00    0.00   52.16
22:39:23     all   47.07    0.00    1.78    0.00    0.00    0.76    0.00    0.00    0.00   50.38
22:39:24     all   46.35    0.00    1.51    0.00    0.00    1.51    0.00    0.00    0.00   50.63
22:39:25     all   43.58    0.00    1.51    0.00    0.00    1.01    0.00    0.00    0.00   53.90
22:39:26     all   48.34    0.00    1.28    0.00    0.00    1.02    0.00    0.00    0.00   49.36
22:39:27     all   46.72    0.00    1.77    0.00    0.00    1.26    0.00    0.00    0.00   50.25
22:39:28     all   45.57    0.00    1.52    0.00    0.00    1.01    0.00    0.00    0.00   51.90
22:39:29     all   47.45    0.00    1.53    0.00    0.00    1.02    0.00    0.00    0.00   50.00
22:39:30     all   45.82    0.00    1.01    0.00    0.00    1.27    0.00    0.00    0.00   51.90
22:39:31     all   44.92    0.00    1.78    0.00    0.00    1.52    0.00    0.00    0.00   51.78
22:39:32     all   43.88    0.00    1.53    0.00    0.00    0.77    0.00    0.00    0.00   53.83
22:39:33     all   43.65    0.00    1.27    0.00    0.00    1.27    0.00    0.00    0.00   53.81
22:39:34     all   45.06    0.00    1.27    0.00    0.00    1.01    0.00    0.00    0.00   52.66
22:39:35     all   46.56    0.00    2.04    0.00    0.00    1.53    0.00    0.00    0.00   49.87
22:39:36     all   45.59    0.00    1.51    0.00    0.00    0.50    0.00    0.00    0.00   52.39
22:39:37     all   44.42    0.00    1.02    0.00    0.00    1.52    0.00    0.00    0.00   53.05
22:39:38     all   46.46    0.00    1.26    0.00    0.00    1.01    0.00    0.00    0.00   51.26
22:39:39     all   47.09    0.00    1.01    0.00    0.00    1.27    0.00    0.00    0.00   50.63
22:39:40     all   44.72    0.00    1.76    0.00    0.00    0.75    0.00    0.00    0.00   52.76
22:39:41     all   46.19    0.00    1.78    0.51    0.00    1.02    0.00    0.00    0.00   50.51
22:39:42     all   46.58    0.00    1.27    0.00    0.00    0.76    0.00    0.00    0.00   51.39
22:39:43     all   45.71    0.00    1.26    0.00    0.00    1.01    0.00    0.00    0.00   52.02
22:39:44     all   46.72    0.00    1.52    0.00    0.00    0.76    0.00    0.00    0.00   51.01
22:39:45     all   47.09    0.00    2.28    0.00    0.00    0.76    0.00    0.00    0.00   49.87
22:39:46     all   47.31    0.00    1.02    0.00    0.00    0.77    0.00    0.00    0.00   50.90
22:39:47     all   44.95    0.00    1.52    0.00    0.00    1.52    0.00    0.00    0.00   52.02
22:39:48     all   46.85    0.00    1.76    0.00    0.00    1.26    0.00    0.00    0.00   50.13
22:39:49     all   45.94    0.00    1.02    0.00    0.00    1.02    0.00    0.00    0.00   52.03
22:39:50     all   44.81    0.00    1.77    0.00    0.00    1.01    0.00    0.00    0.00   52.41
22:39:51     all   46.75    0.00    1.75    0.00    0.00    1.50    0.00    0.00    0.00   50.00
22:39:52     all   47.45    0.00    1.79    0.00    0.00    0.77    0.00    0.00    0.00   50.00
22:39:53     all   47.72    0.00    1.27    0.00    0.00    1.78    0.00    0.00    0.00   49.24
22:39:54     all   47.59    0.00    1.27    0.00    0.00    1.27    0.00    0.00    0.00   49.87
22:39:55     all   47.61    0.00    1.51    0.00    0.00    1.01    0.00    0.00    0.00   49.87
22:39:56     all   46.82    0.00    1.27    0.00    0.00    1.27    0.00    0.00    0.00   50.64
22:39:57     all   45.96    0.00    1.77    0.25    0.00    1.26    0.00    0.00    0.00   50.76
22:39:58     all   47.09    0.00    1.52    0.00    0.00    0.51    0.00    0.00    0.00   50.89
22:39:59     all   45.71    0.00    2.02    0.00    0.00    1.52    0.00    0.00    0.00   50.76
22:40:00     all   45.43    0.00    1.52    0.00    0.00    1.27    0.00    0.00    0.00   51.78
22:40:01     all   46.95    0.00    1.27    0.00    0.00    0.76    0.00    0.00    0.00   51.02
22:40:02     all   45.55    0.00    1.53    0.00    0.00    1.27    0.00    0.00    0.00   51.65
22:40:03     all   47.09    0.00    1.52    0.00    0.00    0.51    0.00    0.00    0.00   50.89
22:40:04     all   45.82    0.00    1.77    0.00    0.00    1.27    0.00    0.00    0.00   51.14
22:40:05     all   45.18    0.00    1.27    0.00    0.00    1.02    0.00    0.00    0.00   52.54
22:40:06     all   46.98    0.00    1.76    0.00    0.00    1.26    0.00    0.00    0.00   50.00
22:40:07     all   46.55    0.00    1.28    0.00    0.00    0.51    0.00    0.00    0.00   51.66
22:40:08     all   44.95    0.00    1.52    0.00    0.00    1.52    0.00    0.00    0.00   52.02
22:40:09     all   44.84    0.00    1.51    0.00    0.00    1.26    0.00    0.00    0.00   52.39
22:40:10     all   45.48    0.00    1.76    0.00    0.00    1.26    0.00    0.00    0.00   51.51
22:40:11     all   45.01    0.00    1.02    0.00    0.00    1.28    0.00    0.00    0.00   52.69
22:40:12     all   44.86    0.00    2.01    0.25    0.00    1.75    0.00    0.00    0.00   51.13
22:40:13     all   46.95    0.00    0.76    0.00    0.00    1.27    0.00    0.00    0.00   51.02
22:40:14     all   46.70    0.00    1.52    0.00    0.00    1.27    0.00    0.00    0.00   50.51
22:40:15     all   45.96    0.00    1.77    0.00    0.00    1.26    0.00    0.00    0.00   51.01
22:40:16     all   45.98    0.00    1.76    0.00    0.00    1.01    0.00    0.00    0.00   51.26
22:40:17     all   45.18    0.00    1.78    0.00    0.00    1.27    0.00    0.00    0.00   51.78
22:40:18     all   46.56    0.00    1.27    0.25    0.00    1.27    0.00    0.00    0.00   50.64
22:40:19     all   46.46    0.00    1.52    0.00    0.00    1.01    0.00    0.00    0.00   51.01
22:40:20     all   48.35    0.00    1.27    0.00    0.00    1.02    0.00    0.00    0.00   49.36
22:40:21     all   47.06    0.00    1.79    0.00    0.00    1.53    0.00    0.00    0.00   49.62
22:40:22     all   46.97    0.00    1.26    0.00    0.00    0.76    0.00    0.00    0.00   51.01
22:40:23     all   46.98    0.00    1.51    0.25    0.00    1.76    0.00    0.00    0.00   49.50
22:40:24     all   46.17    0.00    1.28    0.00    0.00    1.28    0.00    0.00    0.00   51.28
22:40:25     all   45.09    0.00    2.02    0.00    0.00    1.01    0.00    0.00    0.00   51.89
22:40:26     all   45.43    0.00    1.27    0.00    0.00    1.02    0.00    0.00    0.00   52.28
22:40:27     all   46.84    0.00    1.77    0.00    0.00    1.27    0.00    0.00    0.00   50.13
22:40:28     all   46.33    0.00    2.28    0.00    0.00    1.52    0.00    0.00    0.00   49.87
22:40:29     all   46.33    0.00    1.77    0.00    0.00    1.01    0.00    0.00    0.00   50.89
22:40:30     all   46.60    0.00    2.27    0.00    0.00    1.01    0.00    0.00    0.00   50.13
22:40:31     all   47.96    0.00    1.02    0.00    0.00    1.28    0.00    0.00    0.00   49.74
22:40:32     all   45.73    0.00    1.76    0.00    0.00    1.51    0.00    0.00    0.00   51.01
22:40:33     all   46.56    0.00    1.02    0.00    0.00    0.76    0.00    0.00    0.00   51.65
22:40:34     all   43.58    0.00    1.51    0.25    0.00    1.01    0.00    0.00    0.00   53.65
22:40:35     all   44.72    0.00    3.02    0.00    0.00    1.76    0.00    0.00    0.00   50.50
22:40:36     all   45.94    0.00    1.52    0.00    0.00    1.02    0.00    0.00    0.00   51.52
22:40:37     all   46.21    0.00    1.01    0.00    0.00    1.52    0.00    0.00    0.00   51.26
22:40:38     all   45.71    0.00    1.77    0.00    0.00    1.01    0.00    0.00    0.00   51.52
22:40:39     all   46.94    0.00    1.79    0.00    0.00    1.02    0.00    0.00    0.00   50.26
22:40:40     all   43.32    0.00    1.76    0.00    0.00    1.51    0.00    0.00    0.00   53.40
22:40:41     all   43.94    0.00    1.01    0.00    0.00    1.26    0.00    0.00    0.00   53.79
22:40:42     all   46.08    0.00    1.52    0.00    0.00    1.52    0.00    0.00    0.00   50.89
22:40:43     all   46.48    0.00    1.76    0.00    0.00    1.26    0.00    0.00    0.00   50.50
22:40:44     all   45.55    0.00    1.27    0.25    0.00    0.76    0.00    0.00    0.00   52.16
22:40:45     all   46.08    0.00    2.03    0.00    0.00    1.52    0.00    0.00    0.00   50.38
22:40:46     all   44.78    0.00    1.27    0.00    0.00    1.27    0.00    0.00    0.00   52.67
22:40:47     all   45.84    0.00    2.02    0.00    0.00    1.26    0.00    0.00    0.00   50.88
22:40:48     all   45.29    0.00    1.27    0.00    0.00    0.76    0.00    0.00    0.00   52.67
22:40:49     all   47.85    0.00    1.27    0.25    0.00    0.76    0.00    0.00    0.00   49.87
22:40:50     all   46.46    0.00    1.26    0.00    0.00    1.01    0.00    0.00    0.00   51.26
22:40:51     all   46.58    0.00    1.27    0.00    0.00    1.01    0.00    0.00    0.00   51.14
22:40:52     all   45.78    0.00    1.28    0.00    0.00    1.02    0.00    0.00    0.00   51.92
22:40:53     all   46.50    0.00    1.25    0.00    0.00    1.50    0.00    0.00    0.00   50.75
22:40:54     all   46.43    0.00    1.79    0.00    0.00    0.51    0.00    0.00    0.00   51.28
22:40:55     all   45.41    0.00    1.28    0.00    0.00    0.77    0.00    0.00    0.00   52.55
22:40:56     all   46.46    0.00    1.52    0.00    0.00    1.01    0.00    0.00    0.00   51.01
22:40:57     all   46.72    0.00    1.26    0.00    0.00    1.52    0.00    0.00    0.00   50.51
22:40:58     all   46.97    0.00    1.26    0.00    0.00    1.26    0.00    0.00    0.00   50.51
22:40:59     all   46.43    0.00    1.79    0.00    0.00    1.28    0.00    0.00    0.00   50.51
22:41:00     all   45.20    0.00    1.52    0.25    0.00    1.01    0.00    0.00    0.00   52.02
22:41:01     all   44.76    0.00    1.53    0.00    0.00    1.02    0.00    0.00    0.00   52.69
22:41:02     all   45.32    0.00    1.27    0.00    0.00    1.52    0.00    0.00    0.00   51.90
22:41:03     all   45.82    0.00    1.52    0.00    0.00    1.27    0.00    0.00    0.00   51.39
22:41:04     all   44.78    0.00    1.02    0.00    0.00    1.02    0.00    0.00    0.00   53.18
22:41:05     all   47.09    0.00    1.52    0.00    0.00    0.76    0.00    0.00    0.00   50.63
22:41:06     all   48.48    0.00    1.52    0.00    0.00    0.76    0.00    0.00    0.00   49.24
22:41:07     all   46.82    0.00    1.53    0.00    0.00    0.76    0.00    0.00    0.00   50.89
22:41:08     all   45.94    0.00    1.78    0.00    0.00    1.02    0.00    0.00    0.00   51.27
22:41:09     all   43.99    0.00    0.77    0.00    0.00    1.02    0.00    0.00    0.00   54.22
22:41:10     all   45.64    0.00    1.75    0.00    0.00    1.25    0.00    0.00    0.00   51.37
22:41:11     all   46.10    0.00    1.76    0.00    0.00    1.51    0.00    0.00    0.00   50.63
22:41:12     all   48.99    0.00    1.26    0.00    0.00    1.01    0.00    0.00    0.00   48.74
22:41:13     all   46.58    0.00    1.52    0.00    0.00    1.27    0.00    0.00    0.00   50.63
22:41:14     all   46.84    0.00    1.27    0.00    0.00    1.27    0.00    0.00    0.00   50.63
22:41:15     all   47.22    0.00    1.26    0.00    0.00    1.52    0.00    0.00    0.00   50.00
22:41:16     all   46.06    0.00    1.78    0.25    0.00    1.02    0.00    0.00    0.00   50.89
22:41:17     all   46.48    0.00    1.51    0.00    0.00    1.01    0.00    0.00    0.00   51.01
22:41:18     all   46.35    0.00    1.76    0.00    0.00    2.02    0.00    0.00    0.00   49.87
22:41:19     all   48.10    0.00    1.52    0.00    0.00    0.76    0.00    0.00    0.00   49.62
22:41:20     all   46.46    0.00    1.77    0.00    0.00    1.26    0.00    0.00    0.00   50.51
22:41:21     all   47.46    0.00    1.02    0.00    0.00    1.02    0.00    0.00    0.00   50.51
22:41:22     all   46.60    0.00    1.51    0.00    0.00    1.76    0.00    0.00    0.00   50.13
22:41:23     all   47.97    0.00    1.52    0.00    0.00    1.02    0.00    0.00    0.00   49.49
22:41:24     all   46.46    0.00    1.52    0.00    0.00    1.26    0.00    0.00    0.00   50.76
22:41:25     all   45.59    0.00    1.76    0.00    0.00    1.26    0.00    0.00    0.00   51.39
22:41:26     all   48.48    0.00    1.52    0.00    0.00    1.52    0.00    0.00    0.00   48.48
22:41:27     all   47.09    0.00    1.27    0.51    0.00    1.01    0.00    0.00    0.00   50.13
22:41:28     all   46.68    0.00    1.53    0.00    0.00    0.77    0.00    0.00    0.00   51.02
22:41:29     all   46.19    0.00    1.27    0.00    0.00    1.27    0.00    0.00    0.00   51.27
22:41:30     all   45.71    0.00    1.77    0.00    0.00    1.52    0.00    0.00    0.00   51.01
22:41:31     all   45.55    0.00    1.53    0.00    0.00    1.27    0.00    0.00    0.00   51.65
22:41:32     all   44.16    0.00    1.27    0.00    0.00    1.27    0.00    0.00    0.00   53.30
22:41:33     all   46.45    0.00    1.52    0.00    0.00    1.02    0.00    0.00    0.00   51.02
22:41:34     all   45.57    0.00    1.52    0.00    0.00    1.01    0.00    0.00    0.00   51.90
22:41:35     all   46.85    0.00    2.77    0.00    0.00    1.51    0.00    0.00    0.00   48.87
22:41:36     all   45.32    0.00    1.77    0.00    0.00    1.27    0.00    0.00    0.00   51.65
22:41:37     all   45.15    0.00    1.53    0.00    0.00    0.77    0.00    0.00    0.00   52.55
22:41:38     all   46.84    0.00    1.52    0.00    0.00    1.01    0.00    0.00    0.00   50.63
22:41:39     all   46.12    0.00    1.25    0.00    0.00    1.25    0.00    0.00    0.00   51.38
22:41:40     all   46.43    0.00    1.02    0.00    0.00    1.28    0.00    0.00    0.00   51.28
22:41:41     all   45.45    0.00    1.77    0.00    0.00    1.26    0.00    0.00    0.00   51.52
22:41:42     all   46.56    0.00    1.27    0.00    0.00    0.76    0.00    0.00    0.00   51.40
22:41:43     all   46.58    0.00    1.77    0.00    0.00    1.27    0.00    0.00    0.00   50.38
22:41:44     all   48.09    0.00    1.27    0.00    0.00    1.27    0.00    0.00    0.00   49.36
22:41:45     all   45.71    0.00    1.52    0.00    0.00    1.52    0.00    0.00    0.00   51.26
22:41:46     all   47.45    0.00    1.53    0.00    0.00    0.77    0.00    0.00    0.00   50.26
22:41:47     all   47.22    0.00    1.52    0.00    0.00    1.01    0.00    0.00    0.00   50.25
22:41:48     all   47.59    0.00    2.28    0.00    0.00    0.76    0.00    0.00    0.00   49.37
22:41:49     all   47.34    0.00    1.01    0.25    0.00    1.27    0.00    0.00    0.00   50.13
22:41:50     all   45.73    0.00    1.76    0.00    0.00    1.26    0.00    0.00    0.00   51.26
22:41:51     all   47.70    0.00    1.28    0.00    0.00    0.77    0.00    0.00    0.00   50.26
22:41:52     all   47.58    0.00    2.04    0.00    0.00    0.76    0.00    0.00    0.00   49.62
22:41:53     all   46.48    0.00    1.26    0.00    0.00    1.26    0.00    0.00    0.00   51.01
22:41:54     all   46.29    0.00    1.53    0.00    0.00    0.51    0.00    0.00    0.00   51.66
22:41:55     all   47.70    0.00    1.02    0.00    0.00    1.02    0.00    0.00    0.00   50.26
22:41:56     all   47.85    0.00    1.27    0.00    0.00    1.52    0.00    0.00    0.00   49.37
22:41:57     all   46.97    0.00    1.77    0.00    0.00    1.26    0.00    0.00    0.00   50.00
22:41:58     all   48.98    0.00    1.27    0.00    0.00    1.02    0.00    0.00    0.00   48.73
22:41:59     all   46.85    0.00    1.76    0.00    0.00    1.01    0.00    0.00    0.00   50.38
22:42:00     all   42.24    0.00    1.27    0.25    0.00    0.51    0.00    0.00    0.00   55.73
22:42:01     all   44.39    0.00    1.28    0.00    0.00    0.77    0.00    0.00    0.00   53.57
22:42:02     all   45.06    0.00    1.27    0.00    0.00    1.01    0.00    0.00    0.00   52.66
22:42:03     all   45.20    0.00    1.52    0.00    0.00    1.01    0.00    0.00    0.00   52.27
22:42:04     all   45.20    0.00    1.52    0.00    0.00    1.26    0.00    0.00    0.00   52.02
22:42:05     all   47.96    0.00    1.02    0.26    0.00    1.02    0.00    0.00    0.00   49.74
22:42:06     all   47.37    0.00    2.01    0.00    0.00    1.50    0.00    0.00    0.00   49.12
22:42:07     all   47.85    0.00    1.52    0.00    0.00    0.76    0.00    0.00    0.00   49.87
22:42:08     all   46.29    0.00    1.02    0.00    0.00    1.02    0.00    0.00    0.00   51.66
22:42:09     all   45.86    0.00    1.50    0.00    0.00    1.50    0.00    0.00    0.00   51.13
22:42:10     all   46.82    0.00    1.78    0.00    0.00    0.51    0.00    0.00    0.00   50.89
22:42:11     all   44.19    0.00    1.52    0.25    0.00    1.01    0.00    0.00    0.00   53.03
22:42:12     all   46.70    0.00    1.27    0.00    0.00    1.27    0.00    0.00    0.00   50.76
22:42:13     all   47.84    0.00    1.78    0.00    0.00    0.76    0.00    0.00    0.00   49.62
22:42:14     all   47.36    0.00    1.76    0.00    0.00    1.26    0.00    0.00    0.00   49.62
22:42:15     all   49.87    0.00    1.02    0.00    0.00    1.27    0.00    0.00    0.00   47.84
22:42:16     all   45.04    0.00    1.53    0.00    0.00    1.02    0.00    0.00    0.00   52.42
22:42:17     all   47.31    0.00    1.02    0.00    0.00    0.26    0.00    0.00    0.00   51.41
22:42:18     all   47.50    0.00    1.25    0.00    0.00    1.25    0.00    0.00    0.00   50.00
22:42:19     all   46.56    0.00    1.27    0.00    0.00    1.53    0.00    0.00    0.00   50.64
22:42:20     all   47.46    0.00    1.52    0.00    0.00    1.27    0.00    0.00    0.00   49.75
22:42:21     all   47.10    0.00    1.51    0.00    0.00    1.01    0.00    0.00    0.00   50.38
22:42:22     all   45.94    0.00    1.78    0.00    0.00    0.76    0.00    0.00    0.00   51.52
22:42:23     all   45.57    0.00    1.01    0.00    0.00    1.27    0.00    0.00    0.00   52.15
22:42:24     all   47.36    0.00    1.76    0.00    0.00    1.26    0.00    0.00    0.00   49.62
22:42:25     all   46.55    0.00    1.02    0.00    0.00    1.02    0.00    0.00    0.00   51.41
22:42:26     all   46.19    0.00    1.52    0.00    0.00    1.02    0.00    0.00    0.00   51.27
22:42:27     all   45.43    0.00    1.52    0.25    0.00    0.51    0.00    0.00    0.00   52.28
22:42:28     all   41.81    0.00    1.51    0.00    0.00    1.01    0.00    0.00    0.00   55.67
22:42:29     all   47.06    0.00    1.28    0.00    0.00    1.28    0.00    0.00    0.00   50.38
22:42:30     all   46.35    0.00    1.76    0.00    0.00    1.01    0.00    0.00    0.00   50.88
22:42:31     all   47.07    0.00    1.27    0.00    0.00    1.27    0.00    0.00    0.00   50.38
22:42:32     all   46.08    0.00    1.77    0.00    0.00    1.27    0.00    0.00    0.00   50.89
22:42:33     all   46.97    0.00    1.52    0.00    0.00    0.76    0.00    0.00    0.00   50.76
22:42:34     all   48.10    0.00    1.27    0.00    0.00    1.01    0.00    0.00    0.00   49.62
22:42:35     all   47.22    0.00    3.03    0.00    0.00    1.52    0.00    0.00    0.00   48.23
22:42:36     all   46.60    0.00    1.51    0.00    0.00    1.26    0.00    0.00    0.00   50.63
22:42:37     all   46.70    0.00    1.52    0.00    0.00    0.51    0.00    0.00    0.00   51.27
22:42:38     all   45.43    0.00    1.78    0.00    0.00    1.27    0.00    0.00    0.00   51.52
22:42:39     all   46.33    0.00    1.52    0.00    0.00    1.27    0.00    0.00    0.00   50.89
22:42:40     all   45.98    0.00    1.76    0.00    0.00    1.26    0.00    0.00    0.00   51.01
22:42:41     all   46.19    0.00    1.02    0.00    0.00    1.52    0.00    0.00    0.00   51.27
22:42:42     all   45.82    0.00    1.52    0.00    0.00    1.27    0.00    0.00    0.00   51.39
22:42:43     all   45.94    0.00    1.52    0.00    0.00    0.76    0.00    0.00    0.00   51.78
22:42:44     all   48.23    0.00    1.26    0.00    0.00    1.01    0.00    0.00    0.00   49.49
22:42:45     all   47.09    0.00    1.27    0.00    0.00    1.52    0.00    0.00    0.00   50.13
22:42:46     all   45.45    0.00    1.52    0.00    0.00    1.01    0.00    0.00    0.00   52.02
22:42:47     all   45.92    0.00    1.02    0.00    0.00    1.02    0.00    0.00    0.00   52.04
22:42:48     all   45.06    0.00    1.27    0.00    0.00    1.01    0.00    0.00    0.00   52.66
22:42:49     all   42.53    0.00    1.52    0.00    0.00    0.76    0.00    0.00    0.00   55.19
22:42:50     all   45.04    0.00    1.78    0.00    0.00    1.02    0.00    0.00    0.00   52.16
22:42:51     all   45.06    0.00    2.03    0.00    0.00    0.51    0.00    0.00    0.00   52.41
22:42:52     all   45.00    0.00    1.50    0.25    0.00    1.25    0.00    0.00    0.00   52.00
22:42:53     all   46.45    0.00    1.27    0.00    0.00    1.02    0.00    0.00    0.00   51.27
22:42:54     all   47.34    0.00    1.01    0.00    0.00    0.51    0.00    0.00    0.00   51.14
22:42:55     all   45.71    0.00    1.77    0.00    0.00    1.77    0.00    0.00    0.00   50.76
22:42:56     all   47.34    0.00    1.77    0.00    0.00    1.27    0.00    0.00    0.00   49.62
22:42:57     all   46.06    0.00    1.27    0.00    0.00    1.27    0.00    0.00    0.00   51.40
22:42:58     all   44.08    0.00    1.51    0.00    0.00    1.26    0.00    0.00    0.00   53.15
22:42:59     all   45.43    0.00    1.52    0.00    0.00    1.27    0.00    0.00    0.00   51.78
22:43:00     all   42.39    0.00    1.27    0.00    0.00    1.52    0.00    0.00    0.00   54.82
22:43:01     all   45.80    0.00    1.53    0.00    0.00    1.27    0.00    0.00    0.00   51.40
22:43:02     all   43.04    0.00    1.52    0.00    0.00    1.01    0.00    0.00    0.00   54.43
22:43:03     all   46.08    0.00    1.77    0.00    0.00    1.27    0.00    0.00    0.00   50.89
22:43:04     all   46.17    0.00    1.28    0.00    0.00    1.02    0.00    0.00    0.00   51.53
22:43:05     all   45.18    0.00    1.52    0.00    0.00    1.52    0.00    0.00    0.00   51.78
22:43:06     all   45.45    0.00    1.77    0.00    0.00    1.26    0.00    0.00    0.00   51.52
22:43:07     all   46.84    0.00    1.01    0.25    0.00    1.27    0.00    0.00    0.00   50.63
22:43:08     all   46.21    0.00    1.52    0.00    0.00    1.01    0.00    0.00    0.00   51.26
22:43:09     all   46.19    0.00    0.76    0.00    0.00    1.27    0.00    0.00    0.00   51.78
22:43:10     all   46.84    0.00    1.52    0.00    0.00    1.01    0.00    0.00    0.00   50.63
22:43:11     all   45.32    0.00    1.27    0.00    0.00    1.52    0.00    0.00    0.00   51.90
22:43:12     all   46.84    0.00    1.77    0.00    0.00    0.25    0.00    0.00    0.00   51.14
22:43:13     all   46.31    0.00    1.02    0.00    0.00    1.02    0.00    0.00    0.00   51.65
22:43:14     all   45.48    0.00    2.01    0.00    0.00    1.51    0.00    0.00    0.00   51.01
22:43:15     all   46.70    0.00    1.27    0.00    0.00    1.52    0.00    0.00    0.00   50.51
22:43:16     all   45.43    0.00    1.78    0.00    0.00    1.27    0.00    0.00    0.00   51.52
22:43:17     all   45.43    0.00    1.52    0.51    0.00    0.76    0.00    0.00    0.00   51.78
22:43:18     all   46.23    0.00    1.51    0.00    0.00    1.01    0.00    0.00    0.00   51.26
22:43:19     all   46.46    0.00    1.26    0.00    0.00    1.01    0.00    0.00    0.00   51.26
22:43:20     all   45.84    0.00    1.76    0.00    0.00    0.76    0.00    0.00    0.00   51.64
22:43:21     all   47.09    0.00    1.27    0.00    0.00    1.52    0.00    0.00    0.00   50.13
22:43:22     all   46.31    0.00    1.53    0.00    0.00    0.76    0.00    0.00    0.00   51.40
22:43:23     all   46.19    0.00    1.78    0.00    0.00    0.51    0.00    0.00    0.00   51.52
22:43:24     all   47.47    0.00    1.52    0.00    0.00    1.01    0.00    0.00    0.00   50.00
22:43:25     all   45.82    0.00    1.27    0.00    0.00    1.27    0.00    0.00    0.00   51.65
22:43:26     all   46.85    0.00    1.76    0.00    0.00    1.51    0.00    0.00    0.00   49.87
22:43:27     all   46.45    0.00    1.78    0.00    0.00    1.02    0.00    0.00    0.00   50.76
22:43:28     all   45.69    0.00    1.78    0.00    0.00    1.27    0.00    0.00    0.00   51.27
22:43:29     all   45.71    0.00    1.52    0.00    0.00    1.26    0.00    0.00    0.00   51.52
22:43:30     all   46.35    0.00    1.51    0.00    0.00    1.01    0.00    0.00    0.00   51.13
22:43:31     all   45.27    0.00    1.79    0.00    0.00    1.02    0.00    0.00    0.00   51.92
22:43:32     all   44.56    0.00    1.52    0.00    0.00    1.01    0.00    0.00    0.00   52.91
22:43:33     all   47.84    0.00    1.53    0.25    0.00    0.51    0.00    0.00    0.00   49.87
22:43:34     all   47.86    0.00    2.02    0.00    0.00    1.51    0.00    0.00    0.00   48.61
22:43:35     all   47.84    0.00    2.04    0.00    0.00    1.53    0.00    0.00    0.00   48.60
22:43:36     all   46.33    0.00    1.77    0.00    0.00    0.76    0.00    0.00    0.00   51.14
22:43:37     all   45.84    0.00    1.26    0.00    0.00    1.26    0.00    0.00    0.00   51.64
22:43:38     all   46.08    0.00    1.52    0.00    0.00    1.77    0.00    0.00    0.00   50.63
22:43:39     all   45.45    0.00    1.52    0.25    0.00    1.01    0.00    0.00    0.00   51.77
22:43:40     all   45.73    0.00    1.51    0.00    0.00    1.51    0.00    0.00    0.00   51.26
22:43:41     all   45.92    0.00    1.53    0.00    0.00    0.77    0.00    0.00    0.00   51.79
22:43:42     all   46.33    0.00    1.52    0.00    0.00    1.52    0.00    0.00    0.00   50.63
22:43:43     all   47.36    0.00    1.26    0.00    0.00    1.01    0.00    0.00    0.00   50.38
22:43:44     all   46.48    0.00    1.76    0.00    0.00    1.26    0.00    0.00    0.00   50.50
22:43:45     all   47.46    0.00    1.27    0.25    0.00    1.27    0.00    0.00    0.00   49.75
22:43:46     all   46.23    0.00    1.26    0.00    0.00    1.51    0.00    0.00    0.00   51.01
22:43:47     all   46.80    0.00    1.53    0.00    0.00    0.77    0.00    0.00    0.00   50.90
22:43:48     all   46.00    0.00    1.75    0.00    0.00    1.75    0.00    0.00    0.00   50.50
22:43:49     all   46.80    0.00    1.53    0.00    0.00    0.51    0.00    0.00    0.00   51.15
22:43:50     all   46.56    0.00    1.53    0.00    0.00    1.02    0.00    0.00    0.00   50.89
22:43:51     all   47.33    0.00    1.02    0.25    0.00    0.76    0.00    0.00    0.00   50.64
22:43:52     all   47.47    0.00    1.52    0.00    0.00    1.52    0.00    0.00    0.00   49.49
22:43:53     all   46.72    0.00    1.26    0.00    0.00    1.52    0.00    0.00    0.00   50.51
22:43:54     all   47.09    0.00    1.77    0.00    0.00    1.27    0.00    0.00    0.00   49.87
22:43:55     all   46.94    0.00    1.53    0.00    0.00    1.28    0.00    0.00    0.00   50.26
22:43:56     all   47.73    0.00    1.52    0.00    0.00    1.01    0.00    0.00    0.00   49.75
22:43:57     all   46.35    0.00    1.76    0.00    0.00    1.26    0.00    0.00    0.00   50.63
22:43:58     all   46.58    0.00    2.03    0.00    0.00    1.27    0.00    0.00    0.00   50.13
22:43:59     all   47.22    0.00    1.52    0.00    0.00    0.76    0.00    0.00    0.00   50.51
22:44:00     all   46.19    0.00    1.02    0.00    0.00    1.27    0.00    0.00    0.00   51.52
22:44:01     all   44.84    0.00    1.51    0.50    0.00    1.51    0.00    0.00    0.00   51.64
22:44:02     all   47.09    0.00    1.77    0.00    0.00    0.76    0.00    0.00    0.00   50.38
22:44:03     all   46.84    0.00    1.01    0.00    0.00    1.77    0.00    0.00    0.00   50.38
22:44:04     all   45.00    0.00    2.25    0.00    0.00    1.25    0.00    0.00    0.00   51.50
22:44:05     all   47.57    0.00    1.53    0.00    0.00    0.77    0.00    0.00    0.00   50.13
22:44:06     all   46.70    0.00    1.27    0.00    0.00    0.76    0.00    0.00    0.00   51.27
22:44:07     all   45.09    0.00    1.51    0.00    0.00    1.51    0.00    0.00    0.00   51.89
22:44:08     all   46.08    0.00    1.77    0.00    0.00    0.76    0.00    0.00    0.00   51.39
22:44:09     all   47.59    0.00    2.03    0.00    0.00    0.76    0.00    0.00    0.00   49.62
22:44:10     all   48.46    0.00    1.54    0.00    0.00    0.77    0.00    0.00    0.00   49.23
22:44:11     all   47.09    0.00    1.52    0.00    0.00    1.52    0.00    0.00    0.00   49.87
22:44:12     all   45.69    0.00    1.52    0.00    0.00    0.51    0.00    0.00    0.00   52.28
22:44:13     all   46.46    0.00    1.52    0.00    0.00    2.02    0.00    0.00    0.00   50.00
22:44:14     all   45.55    0.00    1.27    0.00    0.00    1.02    0.00    0.00    0.00   52.16
22:44:15     all   47.63    0.00    1.75    0.00    0.00    1.25    0.00    0.00    0.00   49.38
22:44:16     all   43.91    0.00    1.78    0.00    0.00    1.27    0.00    0.00    0.00   53.05
22:44:17     all   41.84    0.00    1.02    0.26    0.00    0.77    0.00    0.00    0.00   56.12
22:44:18     all   46.46    0.00    2.02    0.00    0.00    0.76    0.00    0.00    0.00   50.76
22:44:19     all   43.54    0.00    1.01    0.00    0.00    1.01    0.00    0.00    0.00   54.43
22:44:20     all   44.95    0.00    1.52    0.00    0.00    1.26    0.00    0.00    0.00   52.27
22:44:21     all   46.33    0.00    1.52    0.00    0.00    1.52    0.00    0.00    0.00   50.63
22:44:22     all   47.09    0.00    1.52    0.00    0.00    1.27    0.00    0.00    0.00   50.13
22:44:23     all   45.92    0.00    1.53    0.00    0.00    0.77    0.00    0.00    0.00   51.79
22:44:24     all   47.12    0.00    1.75    0.00    0.00    1.00    0.00    0.00    0.00   50.13
22:44:25     all   45.69    0.00    1.27    0.00    0.00    1.02    0.00    0.00    0.00   52.03
22:44:26     all   46.06    0.00    1.78    0.00    0.00    0.76    0.00    0.00    0.00   51.40
22:44:27     all   46.19    0.00    1.27    0.00    0.00    1.27    0.00    0.00    0.00   51.27
22:44:28     all   46.94    0.00    1.28    0.00    0.00    1.02    0.00    0.00    0.00   50.77
22:44:29     all   46.17    0.00    2.04    0.00    0.00    0.77    0.00    0.00    0.00   51.02
22:44:30     all   46.84    0.00    1.77    0.00    0.00    1.27    0.00    0.00    0.00   50.13
22:44:31     all   47.73    0.00    1.26    0.00    0.00    1.01    0.00    0.00    0.00   50.00
22:44:32     all   44.92    0.00    1.27    0.00    0.00    1.52    0.00    0.00    0.00   52.28
22:44:33     all   43.58    0.00    1.26    0.00    0.00    1.01    0.00    0.00    0.00   54.16
22:44:34     all   45.45    0.00    1.77    0.00    0.00    1.26    0.00    0.00    0.00   51.52
22:44:35     all   42.71    0.00    2.51    0.50    0.00    1.26    0.00    0.00    0.00   53.02
22:44:36     all   41.48    0.00    1.27    0.00    0.00    1.27    0.00    0.00    0.00   55.98
22:44:37     all   47.59    0.00    1.01    0.00    0.00    1.27    0.00    0.00    0.00   50.13
22:44:38     all   46.84    0.00    1.27    0.00    0.00    1.52    0.00    0.00    0.00   50.38
22:44:39     all   45.94    0.00    1.27    0.00    0.00    1.02    0.00    0.00    0.00   51.78
22:44:40     all   47.34    0.00    1.77    0.25    0.00    1.01    0.00    0.00    0.00   49.62
22:44:41     all   46.21    0.00    1.26    0.00    0.00    1.52    0.00    0.00    0.00   51.01
22:44:42     all   39.90    0.00    2.00    0.00    0.00    1.50    0.00    0.00    0.00   56.61
22:44:43     all   47.83    0.00    0.77    0.00    0.00    0.77    0.00    0.00    0.00   50.64
22:44:44     all   43.22    0.00    1.26    0.00    0.00    1.51    0.00    0.00    0.00   54.02
22:44:45     all   46.29    0.00    1.53    0.00    0.00    1.02    0.00    0.00    0.00   51.15
22:44:46     all   46.98    0.00    1.76    0.00    0.00    1.26    0.00    0.00    0.00   50.00
22:44:47     all   46.58    0.00    1.52    0.00    0.00    1.01    0.00    0.00    0.00   50.89
22:44:48     all   45.98    0.00    1.26    0.00    0.00    1.51    0.00    0.00    0.00   51.26
22:44:49     all   47.33    0.00    1.78    0.00    0.00    1.02    0.00    0.00    0.00   49.87
22:44:50     all   41.16    0.00    1.01    0.00    0.00    1.01    0.00    0.00    0.00   56.82
22:44:51     all   42.31    0.00    1.28    0.26    0.00    0.77    0.00    0.00    0.00   55.38
22:44:52     all   47.61    0.00    1.51    0.00    0.00    1.01    0.00    0.00    0.00   49.87
22:44:53     all   44.16    0.00    1.52    0.00    0.00    1.27    0.00    0.00    0.00   53.05
22:44:54     all   42.86    0.00    1.28    0.00    0.00    0.77    0.00    0.00    0.00   55.10
22:44:55     all   47.36    0.00    1.51    0.00    0.00    1.26    0.00    0.00    0.00   49.87
22:44:56     all   42.36    0.00    1.75    0.00    0.00    1.50    0.00    0.00    0.00   54.39
22:44:57     all   47.31    0.00    1.28    0.00    0.00    0.77    0.00    0.00    0.00   50.64
22:44:58     all   43.40    0.00    1.27    0.00    0.00    1.27    0.00    0.00    0.00   54.06
22:44:59     all   44.30    0.00    1.27    0.00    0.00    1.27    0.00    0.00    0.00   53.16
22:45:00     all   38.93    0.00    1.27    0.00    0.00    1.02    0.00    0.00    0.00   58.78
22:45:01     all   47.22    0.00    1.77    0.00    0.00    1.52    0.00    0.00    0.00   49.49
22:45:02     all   46.10    0.00    1.26    0.00    0.00    1.26    0.00    0.00    0.00   51.39
22:45:03     all   47.07    0.00    1.53    0.00    0.00    0.76    0.00    0.00    0.00   50.64
22:45:04     all   45.57    0.00    1.52    0.00    0.00    1.01    0.00    0.00    0.00   51.90
22:45:05     all   44.47    0.00    1.26    0.00    0.00    1.51    0.00    0.00    0.00   52.76
22:45:06     all   42.49    0.00    1.53    0.00    0.00    0.51    0.00    0.00    0.00   55.47
22:45:07     all   43.65    0.00    1.27    0.25    0.00    0.76    0.00    0.00    0.00   54.06
22:45:08     all   45.57    0.00    1.01    0.00    0.00    1.27    0.00    0.00    0.00   52.15
22:45:09     all   46.31    0.00    1.53    0.00    0.00    1.02    0.00    0.00    0.00   51.15
22:45:10     all   46.08    0.00    1.77    0.00    0.00    0.76    0.00    0.00    0.00   51.39
22:45:11     all   45.71    0.00    1.52    0.00    0.00    1.26    0.00    0.00    0.00   51.52
22:45:12     all   46.10    0.00    1.51    0.25    0.00    1.26    0.00    0.00    0.00   50.88
22:45:13     all   46.08    0.00    1.52    0.00    0.00    1.52    0.00    0.00    0.00   50.89
22:45:14     all   47.19    0.00    1.28    0.00    0.00    0.77    0.00    0.00    0.00   50.77
22:45:15     all   41.88    0.00    1.52    0.00    0.00    1.02    0.00    0.00    0.00   55.58
22:45:16     all   44.30    0.00    1.27    0.00    0.00    1.27    0.00    0.00    0.00   53.16
22:45:17     all   46.84    0.00    1.77    0.00    0.00    1.27    0.00    0.00    0.00   50.13
22:45:18     all   47.84    0.00    1.02    0.00    0.00    1.02    0.00    0.00    0.00   50.13
22:45:19     all   46.21    0.00    1.77    0.00    0.00    1.52    0.00    0.00    0.00   50.51
22:45:20     all   46.46    0.00    2.02    0.25    0.00    0.76    0.00    0.00    0.00   50.51
22:45:21     all   46.85    0.00    1.76    0.00    0.00    1.51    0.00    0.00    0.00   49.87
22:45:22     all   47.59    0.00    1.01    0.00    0.00    1.27    0.00    0.00    0.00   50.13
22:45:23     all   47.21    0.00    1.52    0.00    0.00    1.52    0.00    0.00    0.00   49.75
22:45:24     all   47.85    0.00    1.52    0.00    0.00    1.27    0.00    0.00    0.00   49.37
22:45:25     all   47.36    0.00    2.02    0.25    0.00    1.51    0.00    0.00    0.00   48.87
22:45:26     all   48.24    0.00    1.76    0.00    0.00    2.26    0.00    0.00    0.00   47.74
22:45:27     all   46.92    0.00    1.03    0.00    0.00    0.51    0.00    0.00    0.00   51.54
22:45:28     all   46.35    0.00    1.26    0.00    0.00    1.51    0.00    0.00    0.00   50.88
22:45:29     all   47.85    0.00    1.27    0.00    0.00    1.27    0.00    0.00    0.00   49.62
22:45:30     all   47.34    0.00    2.03    0.25    0.00    1.01    0.00    0.00    0.00   49.37
22:45:31     all   46.70    0.00    1.02    0.00    0.00    1.52    0.00    0.00    0.00   50.76
22:45:32     all   48.24    0.00    1.76    0.00    0.00    1.76    0.00    0.00    0.00   48.24
22:45:33     all   47.72    0.00    1.52    0.00    0.00    1.02    0.00    0.00    0.00   49.75
22:45:34     all   47.87    0.00    1.75    0.00    0.00    1.50    0.00    0.00    0.00   48.87
22:45:35     all   47.46    0.00    3.05    0.00    0.00    1.52    0.00    0.00    0.00   47.97
22:45:36     all   48.99    0.00    1.52    0.00    0.00    1.01    0.00    0.00    0.00   48.48
22:45:37     all   46.84    0.00    1.52    0.00    0.00    1.27    0.00    0.00    0.00   50.38
22:45:38     all   47.69    0.00    1.28    0.00    0.00    1.03    0.00    0.00    0.00   50.00
22:45:39     all   46.97    0.00    2.27    0.00    0.00    1.01    0.00    0.00    0.00   49.75
22:45:40     all   46.82    0.00    1.02    0.00    0.00    1.02    0.00    0.00    0.00   51.15
22:45:41     all   46.82    0.00    1.27    0.00    0.00    1.02    0.00    0.00    0.00   50.89
22:45:42     all   46.45    0.00    1.27    0.00    0.00    1.27    0.00    0.00    0.00   51.02
22:45:43     all   46.45    0.00    1.27    0.00    0.00    1.02    0.00    0.00    0.00   51.27
22:45:44     all   46.45    0.00    1.78    0.00    0.00    1.27    0.00    0.00    0.00   50.51
22:45:45     all   45.94    0.00    1.52    0.00    0.00    1.02    0.00    0.00    0.00   51.52
22:45:46     all   47.10    0.00    1.01    0.00    0.00    1.51    0.00    0.00    0.00   50.38
22:45:47     all   43.51    0.00    1.53    0.00    0.00    0.51    0.00    0.00    0.00   54.45
22:45:48     all   47.47    0.00    1.52    0.00    0.00    1.01    0.00    0.00    0.00   50.00
22:45:49     all   47.47    0.00    1.26    0.00    0.00    1.26    0.00    0.00    0.00   50.00
22:45:50     all   42.89    0.00    1.78    0.00    0.00    1.02    0.00    0.00    0.00   54.31
22:45:51     all   47.61    0.00    1.51    0.00    0.00    1.51    0.00    0.00    0.00   49.37
22:45:52     all   47.96    0.00    1.28    0.00    0.00    1.02    0.00    0.00    0.00   49.74
22:45:53     all   46.95    0.00    1.78    0.00    0.00    0.76    0.00    0.00    0.00   50.51
22:45:54     all   47.86    0.00    1.51    0.00    0.00    1.51    0.00    0.00    0.00   49.12
22:45:55     all   46.46    0.00    1.52    0.00    0.00    1.26    0.00    0.00    0.00   50.76
22:45:56     all   45.94    0.00    2.03    0.00    0.00    1.02    0.00    0.00    0.00   51.02
22:45:57     all   44.30    0.00    1.01    0.00    0.00    1.52    0.00    0.00    0.00   53.16
22:45:58     all   47.84    0.00    1.78    0.00    0.00    0.76    0.00    0.00    0.00   49.62
22:45:59     all   44.42    0.00    1.52    0.00    0.00    1.27    0.00    0.00    0.00   52.79
22:46:00     all   44.67    0.00    1.02    0.00    0.00    1.02    0.00    0.00    0.00   53.30
22:46:01     all   46.82    0.00    1.53    0.00    0.00    0.76    0.00    0.00    0.00   50.89
22:46:02     all   45.82    0.00    2.03    0.00    0.00    1.01    0.00    0.00    0.00   51.14
22:46:03     all   45.29    0.00    1.53    0.25    0.00    1.78    0.00    0.00    0.00   51.15
22:46:04     all   44.75    0.00    1.75    0.00    0.00    1.50    0.00    0.00    0.00   52.00
22:46:05     all   43.65    0.00    1.27    0.00    0.00    0.76    0.00    0.00    0.00   54.31
22:46:06     all   45.69    0.00    1.02    0.00    0.00    1.27    0.00    0.00    0.00   52.03
22:46:07     all   45.96    0.00    1.77    0.00    0.00    0.76    0.00    0.00    0.00   51.52
22:46:08     all   45.66    0.00    1.28    0.00    0.00    1.02    0.00    0.00    0.00   52.04
22:46:09     all   45.34    0.00    1.26    0.25    0.00    1.26    0.00    0.00    0.00   51.89
22:46:10     all   45.32    0.00    1.27    0.00    0.00    1.01    0.00    0.00    0.00   52.41
22:46:11     all   45.29    0.00    1.02    0.25    0.00    1.53    0.00    0.00    0.00   51.91
22:46:12     all   46.35    0.00    2.02    0.00    0.00    1.01    0.00    0.00    0.00   50.63
22:46:13     all   45.52    0.00    1.28    0.00    0.00    1.53    0.00    0.00    0.00   51.66
22:46:14     all   45.18    0.00    1.27    0.00    0.00    1.27    0.00    0.00    0.00   52.28
22:46:15     all   45.20    0.00    1.52    0.00    0.00    1.26    0.00    0.00    0.00   52.02
22:46:16     all   46.85    0.00    1.51    0.00    0.00    1.51    0.00    0.00    0.00   50.13
22:46:17     all   42.24    0.00    1.27    0.00    0.00    1.02    0.00    0.00    0.00   55.47
22:46:18     all   43.58    0.00    1.76    0.00    0.00    1.01    0.00    0.00    0.00   53.65
22:46:19     all   45.29    0.00    1.53    0.00    0.00    1.27    0.00    0.00    0.00   51.91
22:46:20     all   46.84    0.00    1.52    0.00    0.00    1.27    0.00    0.00    0.00   50.38
22:46:21     all   45.32    0.00    1.52    0.00    0.00    1.77    0.00    0.00    0.00   51.39
22:46:22     all   46.17    0.00    1.53    0.00    0.00    0.77    0.00    0.00    0.00   51.53
22:46:23     all   45.48    0.00    2.01    0.00    0.00    1.51    0.00    0.00    0.00   51.01
22:46:24     all   47.21    0.00    1.27    0.00    0.00    1.02    0.00    0.00    0.00   50.51
22:46:25     all   46.17    0.00    1.28    0.00    0.00    0.77    0.00    0.00    0.00   51.79
22:46:26     all   47.36    0.00    2.02    0.00    0.00    1.26    0.00    0.00    0.00   49.37
22:46:27     all   47.59    0.00    1.27    0.00    0.00    1.01    0.00    0.00    0.00   50.13
22:46:28     all   45.94    0.00    1.52    0.00    0.00    1.27    0.00    0.00    0.00   51.27
22:46:29     all   45.32    0.00    1.77    0.00    0.00    1.52    0.00    0.00    0.00   51.39
22:46:30     all   48.35    0.00    1.27    0.00    0.00    0.76    0.00    0.00    0.00   49.62
22:46:31     all   47.22    0.00    1.52    0.00    0.00    1.52    0.00    0.00    0.00   49.75
22:46:32     all   46.85    0.00    2.02    0.00    0.00    0.76    0.00    0.00    0.00   50.38
22:46:33     all   46.45    0.00    1.27    0.00    0.00    1.27    0.00    0.00    0.00   51.02
22:46:34     all   47.45    0.00    1.28    0.00    0.00    0.77    0.00    0.00    0.00   50.51
22:46:35     all   47.61    0.00    2.77    0.00    0.00    1.51    0.00    0.00    0.00   48.11
Average:     all   57.22    0.00    1.88    0.02    0.00    2.02    0.00    0.00    0.00   38.86
