Linux 6.8.0-1064-azure (csb-bench-host-azure) 	08/18/26 	_x86_64_	(4 CPU)

03:56:38     CPU    %usr   %nice    %sys %iowait    %irq   %soft  %steal  %guest  %gnice   %idle
03:56:39     all   17.50    0.00    1.75    0.00    0.00    0.50    0.00    0.00    0.00   80.25
03:56:40     all   12.59    0.00    0.50    0.00    0.00    0.00    0.00    0.00    0.00   86.90
03:56:41     all   12.56    0.00    0.75    0.00    0.00    0.25    0.00    0.00    0.00   86.43
03:56:42     all   13.07    0.00    0.75    0.00    0.00    0.00    0.00    0.00    0.00   86.18
03:56:43     all   11.87    0.00    0.51    0.00    0.00    0.51    0.00    0.00    0.00   87.12
03:56:44     all   12.09    0.00    0.76    0.00    0.00    0.00    0.00    0.00    0.00   87.15
03:56:45     all   12.12    0.00    0.51    0.00    0.00    0.00    0.00    0.00    0.00   87.37
03:56:46     all   12.12    0.00    0.51    0.00    0.00    0.25    0.00    0.00    0.00   87.12
03:56:47     all   11.53    0.00    0.50    0.00    0.00    0.25    0.00    0.00    0.00   87.72
03:56:48     all   13.03    0.00    0.50    0.25    0.00    0.25    0.00    0.00    0.00   85.96
03:56:49     all   12.00    0.00    0.75    0.00    0.00    0.50    0.00    0.00    0.00   86.75
03:56:50     all   11.34    0.00    0.50    0.00    0.00    0.25    0.00    0.00    0.00   87.91
03:56:51     all   12.34    0.00    0.50    0.50    0.00    0.50    0.00    0.00    0.00   86.15
03:56:52     all   14.21    0.00    0.50    0.00    0.00    0.75    0.00    0.00    0.00   84.54
03:56:53     all   12.59    0.00    0.50    0.00    0.00    0.25    0.00    0.00    0.00   86.65
03:56:54     all   12.00    0.00    0.50    0.00    0.00    0.75    0.00    0.00    0.00   86.75
03:56:55     all   11.50    0.00    0.50    0.00    0.00    0.50    0.00    0.00    0.00   87.50
03:56:56     all   12.75    0.00    0.50    0.00    0.00    0.50    0.00    0.00    0.00   86.25
03:56:57     all   12.34    0.00    0.25    0.00    0.00    0.25    0.00    0.00    0.00   87.15
03:56:58     all   12.28    0.00    1.00    0.00    0.00    0.25    0.00    0.00    0.00   86.47
03:56:59     all   12.06    0.00    0.50    0.00    0.00    0.50    0.00    0.00    0.00   86.93
03:57:00     all   13.03    0.00    0.50    0.50    0.00    0.25    0.00    0.00    0.00   85.71
03:57:01     all   12.75    0.00    1.00    0.00    0.00    0.25    0.00    0.00    0.00   86.00
03:57:02     all   11.84    0.00    0.50    0.00    0.00    0.00    0.00    0.00    0.00   87.66
03:57:03     all   12.34    0.00    0.50    0.00    0.00    0.25    0.00    0.00    0.00   86.90
03:57:04     all   11.78    0.00    0.50    0.00    0.00    0.25    0.00    0.00    0.00   87.47
03:57:05     all   11.97    0.00    0.75    0.00    0.00    0.25    0.00    0.00    0.00   87.03
03:57:06     all   12.37    0.00    0.51    0.00    0.00    0.25    0.00    0.00    0.00   86.87
03:57:07     all   12.09    0.00    0.25    0.00    0.00    0.00    0.00    0.00    0.00   87.66
03:57:08     all   12.41    0.00    0.25    0.00    0.00    0.25    0.00    0.00    0.00   87.09
03:57:09     all   11.75    0.00    0.75    0.00    0.00    0.25    0.00    0.00    0.00   87.25
03:57:10     all   12.28    0.00    0.50    0.00    0.00    0.25    0.00    0.00    0.00   86.97
03:57:11     all   11.59    0.00    0.50    0.00    0.00    0.25    0.00    0.00    0.00   87.66
03:57:12     all   12.59    0.00    0.25    0.25    0.00    0.76    0.00    0.00    0.00   86.15
03:57:13     all   13.89    0.00    0.25    0.00    0.00    0.25    0.00    0.00    0.00   85.61
03:57:14     all   12.31    0.00    0.50    0.00    0.00    0.25    0.00    0.00    0.00   86.93
03:57:15     all   12.06    0.00    0.50    0.00    0.00    0.25    0.00    0.00    0.00   87.19
03:57:16     all   12.34    0.00    0.76    0.00    0.00    0.00    0.00    0.00    0.00   86.90
03:57:17     all   12.56    0.00    0.50    0.25    0.00    0.25    0.00    0.00    0.00   86.43
03:57:18     all   12.59    0.00    0.50    0.00    0.00    0.25    0.00    0.00    0.00   86.65
03:57:19     all   11.78    0.00    0.50    0.00    0.00    0.50    0.00    0.00    0.00   87.22
03:57:20     all   12.53    0.00    0.50    0.00    0.00    0.25    0.00    0.00    0.00   86.72
03:57:21     all   12.25    0.00    0.50    0.00    0.00    0.50    0.00    0.00    0.00   86.75
03:57:22     all   12.12    0.00    0.25    0.00    0.00    0.25    0.00    0.00    0.00   87.37
03:57:23     all   13.07    0.00    0.75    0.00    0.00    0.00    0.00    0.00    0.00   86.18
03:57:24     all   12.31    0.00    0.75    0.00    0.00    0.25    0.00    0.00    0.00   86.68
03:57:25     all   12.78    0.00    0.25    0.00    0.00    0.25    0.00    0.00    0.00   86.72
03:57:26     all   13.13    0.00    0.51    0.00    0.00    0.25    0.00    0.00    0.00   86.11
03:57:27     all   15.08    0.00    0.25    0.00    0.00    0.25    0.00    0.00    0.00   84.42
03:57:28     all   13.53    0.00    0.50    0.00    0.00    0.75    0.00    0.00    0.00   85.21
03:57:29     all   12.53    0.00    0.50    0.00    0.00    0.50    0.00    0.00    0.00   86.47
03:57:30     all   12.56    0.00    0.50    0.00    0.00    0.00    0.00    0.00    0.00   86.93
03:57:31     all   12.34    0.00    0.50    0.00    0.00    0.25    0.00    0.00    0.00   86.90
03:57:32     all   13.53    0.00    0.50    0.00    0.00    0.00    0.00    0.00    0.00   85.96
03:57:33     all   12.37    0.00    0.51    0.00    0.00    0.00    0.00    0.00    0.00   87.12
03:57:34     all   12.85    0.00    0.50    0.00    0.00    0.25    0.00    0.00    0.00   86.40
03:57:35     all   12.34    0.00    0.50    0.50    0.00    0.25    0.00    0.00    0.00   86.40
03:57:36     all   14.04    0.00    1.75    0.00    0.00    0.50    0.00    0.00    0.00   83.71
03:57:37     all   13.07    0.00    0.50    0.00    0.00    0.00    0.00    0.00    0.00   86.43
03:57:38     all   13.32    0.00    0.25    0.00    0.00    0.50    0.00    0.00    0.00   85.93
03:57:39     all   12.63    0.00    0.51    0.00    0.00    0.00    0.00    0.00    0.00   86.87
03:57:40     all   12.31    0.00    0.75    0.00    0.00    0.25    0.00    0.00    0.00   86.68
03:57:41     all   12.37    0.00    0.51    0.00    0.00    0.51    0.00    0.00    0.00   86.62
03:57:42     all   12.85    0.00    0.50    0.00    0.00    0.00    0.00    0.00    0.00   86.65
03:57:43     all   12.81    0.00    0.50    0.00    0.00    0.25    0.00    0.00    0.00   86.43
03:57:44     all   12.88    0.00    0.51    0.00    0.00    0.00    0.00    0.00    0.00   86.62
03:57:45     all   13.07    0.00    0.75    0.00    0.00    0.25    0.00    0.00    0.00   85.93
03:57:46     all   13.07    0.00    0.50    0.00    0.00    0.00    0.00    0.00    0.00   86.43
03:57:47     all   12.09    0.00    0.76    0.25    0.00    0.00    0.00    0.00    0.00   86.90
03:57:48     all   12.25    0.00    0.75    0.00    0.00    0.25    0.00    0.00    0.00   86.75
03:57:49     all   12.41    0.00    0.51    0.00    0.00    0.00    0.00    0.00    0.00   87.09
03:57:50     all   11.78    0.00    0.50    0.00    0.00    0.50    0.00    0.00    0.00   87.22
03:57:51     all   12.09    0.00    0.76    0.00    0.00    0.00    0.00    0.00    0.00   87.15
03:57:52     all   12.81    0.00    0.50    0.25    0.00    0.00    0.00    0.00    0.00   86.43
03:57:53     all   12.78    0.00    0.50    0.00    0.00    0.00    0.00    0.00    0.00   86.72
03:57:54     all   13.35    0.00    0.25    0.00    0.00    0.25    0.00    0.00    0.00   86.15
03:57:55     all   11.96    0.00    0.51    0.00    0.00    0.00    0.00    0.00    0.00   87.53
03:57:56     all   12.50    0.00    0.50    0.00    0.00    0.25    0.00    0.00    0.00   86.75
03:57:57     all   12.41    0.00    0.51    0.00    0.00    0.25    0.00    0.00    0.00   86.84
03:57:58     all   13.28    0.00    0.75    0.00    0.00    0.25    0.00    0.00    0.00   85.71
03:57:59     all   12.59    0.00    0.50    0.00    0.00    0.00    0.00    0.00    0.00   86.90
03:58:00     all   13.00    0.00    0.50    0.00    0.00    0.50    0.00    0.00    0.00   86.00
03:58:01     all   12.85    0.00    0.50    0.00    0.00    0.25    0.00    0.00    0.00   86.40
03:58:02     all   12.94    0.00    0.75    0.50    0.00    0.25    0.00    0.00    0.00   85.57
03:58:03     all   12.15    0.00    0.51    0.00    0.00    0.00    0.00    0.00    0.00   87.34
03:58:04     all   12.59    0.00    0.50    0.00    0.00    0.25    0.00    0.00    0.00   86.65
03:58:05     all   12.31    0.00    0.50    0.00    0.00    0.25    0.00    0.00    0.00   86.93
03:58:06     all   12.25    0.00    0.75    0.00    0.00    0.25    0.00    0.00    0.00   86.75
03:58:07     all   12.31    0.00    0.25    0.00    0.00    0.50    0.00    0.00    0.00   86.93
03:58:08     all   12.50    0.00    0.75    0.25    0.00    0.50    0.00    0.00    0.00   86.00
03:58:09     all   12.09    0.00    0.50    0.00    0.00    0.25    0.00    0.00    0.00   87.15
03:58:10     all   12.44    0.00    0.75    0.00    0.00    0.75    0.00    0.00    0.00   86.07
03:58:11     all   12.72    0.00    0.50    0.00    0.00    0.50    0.00    0.00    0.00   86.28
03:58:12     all   12.56    0.00    0.25    0.00    0.00    0.75    0.00    0.00    0.00   86.43
03:58:13     all   12.25    0.00    0.75    0.00    0.00    0.50    0.00    0.00    0.00   86.50
03:58:14     all   12.34    0.00    0.25    0.00    0.00    0.50    0.00    0.00    0.00   86.90
03:58:15     all   12.03    0.00    0.50    0.00    0.00    0.75    0.00    0.00    0.00   86.72
03:58:16     all   11.84    0.00    0.50    0.00    0.00    0.25    0.00    0.00    0.00   87.41
03:58:17     all   12.22    0.00    0.50    0.00    0.00    0.75    0.00    0.00    0.00   86.53
03:58:18     all   11.84    0.00    0.50    0.00    0.00    0.50    0.00    0.00    0.00   87.15
03:58:19     all   11.81    0.00    0.50    0.00    0.00    0.50    0.00    0.00    0.00   87.19
03:58:20     all   12.28    0.00    0.75    0.00    0.00    0.50    0.00    0.00    0.00   86.47
03:58:21     all   12.34    0.00    0.25    0.00    0.00    0.25    0.00    0.00    0.00   87.15
03:58:22     all   12.56    0.00    0.25    0.00    0.00    0.50    0.00    0.00    0.00   86.68
03:58:23     all   12.25    0.00    0.75    0.00    0.00    0.25    0.00    0.00    0.00   86.75
03:58:24     all   12.25    0.00    0.75    0.00    0.00    1.00    0.00    0.00    0.00   86.00
03:58:25     all   12.85    0.00    0.50    0.00    0.00    0.25    0.00    0.00    0.00   86.40
03:58:26     all   12.75    0.00    0.25    0.00    0.00    1.00    0.00    0.00    0.00   86.00
03:58:27     all   12.25    0.00    0.75    0.00    0.00    0.25    0.00    0.00    0.00   86.75
03:58:28     all   12.03    0.00    0.50    0.00    0.00    0.75    0.00    0.00    0.00   86.72
03:58:29     all   12.75    0.00    0.50    0.00    0.00    0.50    0.00    0.00    0.00   86.25
03:58:30     all   12.47    0.00    0.50    0.00    0.00    0.75    0.00    0.00    0.00   86.28
03:58:31     all   12.03    0.00    0.50    0.25    0.00    0.50    0.00    0.00    0.00   86.72
03:58:32     all   12.47    0.00    0.25    0.00    0.00    0.75    0.00    0.00    0.00   86.53
03:58:33     all   12.25    0.00    0.50    0.00    0.00    0.25    0.00    0.00    0.00   87.00
03:58:34     all   12.22    0.00    0.50    0.00    0.00    0.75    0.00    0.00    0.00   86.53
03:58:35     all   11.97    0.00    0.75    0.00    0.00    0.75    0.00    0.00    0.00   86.53
03:58:36     all   13.18    0.00    1.74    0.25    0.00    0.75    0.00    0.00    0.00   84.08
03:58:37     all   11.75    0.00    0.50    0.00    0.00    0.50    0.00    0.00    0.00   87.25
03:58:38     all   12.03    0.00    0.50    0.00    0.00    0.75    0.00    0.00    0.00   86.72
03:58:39     all   12.81    0.00    0.00    0.00    0.00    0.25    0.00    0.00    0.00   86.93
03:58:40     all   12.44    0.00    0.50    0.00    0.00    0.75    0.00    0.00    0.00   86.32
03:58:41     all   12.25    0.00    0.25    0.50    0.00    0.50    0.00    0.00    0.00   86.50
03:58:42     all   12.56    0.00    0.50    0.00    0.00    0.50    0.00    0.00    0.00   86.43
03:58:43     all   12.47    0.00    0.50    0.00    0.00    0.75    0.00    0.00    0.00   86.28
03:58:44     all   11.84    0.00    0.50    0.00    0.00    0.50    0.00    0.00    0.00   87.15
03:58:45     all   12.56    0.00    0.50    0.00    0.00    0.25    0.00    0.00    0.00   86.68
03:58:46     all   12.50    0.00    0.25    0.00    0.00    1.00    0.00    0.00    0.00   86.25
03:58:47     all   12.28    0.00    0.50    0.00    0.00    0.50    0.00    0.00    0.00   86.72
03:58:48     all   12.44    0.00    1.00    0.00    0.00    0.75    0.00    0.00    0.00   85.82
03:58:49     all   11.78    0.00    0.25    0.00    0.00    0.25    0.00    0.00    0.00   87.72
03:58:50     all   12.22    0.00    0.50    0.00    0.00    0.75    0.00    0.00    0.00   86.53
03:58:51     all   11.65    0.00    0.25    0.00    0.00    0.00    0.00    0.00    0.00   88.10
03:58:52     all   12.94    0.00    0.75    0.00    0.00    0.50    0.00    0.00    0.00   85.82
03:58:53     all   12.12    0.00    0.51    0.00    0.00    0.25    0.00    0.00    0.00   87.12
03:58:54     all   12.53    0.00    0.75    0.00    0.00    0.50    0.00    0.00    0.00   86.22
03:58:55     all   12.50    0.00    0.50    0.00    0.00    0.50    0.00    0.00    0.00   86.50
03:58:56     all   11.97    0.00    0.50    0.00    0.00    1.00    0.00    0.00    0.00   86.53
03:58:57     all   12.25    0.00    0.50    0.00    0.00    0.50    0.00    0.00    0.00   86.75
03:58:58     all   12.22    0.00    0.50    0.50    0.00    0.75    0.00    0.00    0.00   86.03
03:58:59     all   12.25    0.00    0.50    0.00    0.00    0.25    0.00    0.00    0.00   87.00
03:59:00     all   11.78    0.00    0.75    0.00    0.00    0.25    0.00    0.00    0.00   87.22
03:59:01     all   12.03    0.00    0.50    0.00    0.00    0.50    0.00    0.00    0.00   86.97
03:59:02     all   13.38    0.00    0.25    0.00    0.00    0.25    0.00    0.00    0.00   86.11
03:59:03     all   12.81    0.00    0.75    0.00    0.00    0.25    0.00    0.00    0.00   86.18
03:59:04     all   12.59    0.00    0.50    0.00    0.00    0.25    0.00    0.00    0.00   86.65
03:59:05     all   12.56    0.00    0.25    0.00    0.00    0.50    0.00    0.00    0.00   86.68
03:59:06     all   11.53    0.00    0.50    0.00    0.00    0.50    0.00    0.00    0.00   87.47
03:59:07     all   11.59    0.00    0.50    0.00    0.00    0.50    0.00    0.00    0.00   87.41
03:59:08     all   11.97    0.00    0.75    0.00    0.00    0.75    0.00    0.00    0.00   86.53
03:59:09     all   12.56    0.00    0.00    0.00    0.00    0.75    0.00    0.00    0.00   86.68
03:59:10     all   12.28    0.00    0.50    0.25    0.00    0.25    0.00    0.00    0.00   86.72
03:59:11     all   11.97    0.00    0.50    0.00    0.00    0.75    0.00    0.00    0.00   86.78
03:59:12     all   11.84    0.00    0.50    0.00    0.00    0.50    0.00    0.00    0.00   87.15
03:59:13     all   11.97    0.00    0.50    0.00    0.00    0.50    0.00    0.00    0.00   87.03
03:59:14     all   12.22    0.00    0.75    0.00    0.00    1.00    0.00    0.00    0.00   86.03
03:59:15     all   12.00    0.00    1.00    0.00    0.00    0.25    0.00    0.00    0.00   86.75
03:59:16     all   12.03    0.00    0.25    0.00    0.00    0.75    0.00    0.00    0.00   86.97
03:59:17     all   12.47    0.00    0.75    0.00    0.00    0.75    0.00    0.00    0.00   86.03
03:59:18     all   12.56    0.00    0.50    0.00    0.00    0.00    0.00    0.00    0.00   86.93
03:59:19     all   12.03    0.00    0.50    0.00    0.00    1.00    0.00    0.00    0.00   86.47
03:59:20     all   13.22    0.00    1.25    0.00    0.00    0.00    0.00    0.00    0.00   85.54
03:59:21     all   12.37    0.00    0.25    0.25    0.00    0.25    0.00    0.00    0.00   86.87
03:59:22     all   12.31    0.00    0.25    0.00    0.00    0.75    0.00    0.00    0.00   86.68
03:59:23     all   12.50    0.00    0.50    0.00    0.00    0.50    0.00    0.00    0.00   86.50
03:59:24     all   12.56    0.00    0.50    0.00    0.00    0.25    0.00    0.00    0.00   86.68
03:59:25     all   12.81    0.00    0.25    0.00    0.00    0.00    0.00    0.00    0.00   86.93
03:59:26     all   13.28    0.00    0.75    0.00    0.00    0.00    0.00    0.00    0.00   85.96
03:59:27     all   12.28    0.00    0.75    0.00    0.00    0.50    0.00    0.00    0.00   86.47
03:59:28     all   11.87    0.00    0.76    0.00    0.00    0.25    0.00    0.00    0.00   87.12
03:59:29     all   12.25    0.00    0.25    0.00    0.00    0.25    0.00    0.00    0.00   87.25
03:59:30     all   12.34    0.00    0.50    0.00    0.00    0.50    0.00    0.00    0.00   86.65
03:59:31     all   11.78    0.00    0.50    0.00    0.00    0.00    0.00    0.00    0.00   87.72
03:59:32     all   12.41    0.00    0.51    0.00    0.00    0.25    0.00    0.00    0.00   86.84
03:59:33     all   12.75    0.00    0.50    0.50    0.00    0.25    0.00    0.00    0.00   86.00
03:59:34     all   12.78    0.00    0.50    0.00    0.00    0.00    0.00    0.00    0.00   86.72
03:59:35     all   12.59    0.00    0.00    0.00    0.00    0.50    0.00    0.00    0.00   86.90
03:59:36     all   13.50    0.00    2.00    0.00    0.00    0.50    0.00    0.00    0.00   84.00
03:59:37     all   12.88    0.00    0.51    0.00    0.00    0.00    0.00    0.00    0.00   86.62
03:59:38     all   12.31    0.00    0.75    0.00    0.00    0.25    0.00    0.00    0.00   86.68
03:59:39     all   12.12    0.00    0.76    0.00    0.00    0.25    0.00    0.00    0.00   86.87
03:59:40     all   12.53    0.00    0.50    0.00    0.00    0.25    0.00    0.00    0.00   86.72
03:59:41     all   12.28    0.00    0.50    0.00    0.00    0.50    0.00    0.00    0.00   86.72
03:59:42     all   13.25    0.00    0.75    0.00    0.00    0.25    0.00    0.00    0.00   85.75
03:59:43     all   11.87    0.00    0.51    0.00    0.00    0.00    0.00    0.00    0.00   87.63
03:59:44     all   11.78    0.00    0.25    0.00    0.00    0.75    0.00    0.00    0.00   87.22
03:59:45     all   12.85    0.00    0.76    0.25    0.00    0.00    0.00    0.00    0.00   86.15
03:59:46     all   12.56    0.00    0.25    0.00    0.00    0.25    0.00    0.00    0.00   86.93
03:59:47     all   11.31    0.00    0.75    0.00    0.00    0.50    0.00    0.00    0.00   87.44
03:59:48     all   13.07    0.00    0.50    0.00    0.00    0.00    0.00    0.00    0.00   86.43
03:59:49     all   12.03    0.00    0.75    0.00    0.00    0.25    0.00    0.00    0.00   86.97
03:59:50     all   12.06    0.00    0.50    0.00    0.00    0.50    0.00    0.00    0.00   86.93
03:59:51     all   12.53    0.00    0.75    0.25    0.00    0.00    0.00    0.00    0.00   86.47
03:59:52     all   11.90    0.00    0.25    0.00    0.00    0.51    0.00    0.00    0.00   87.34
03:59:53     all   12.56    0.00    0.75    0.00    0.00    0.00    0.00    0.00    0.00   86.68
03:59:54     all   11.81    0.00    0.75    0.00    0.00    0.50    0.00    0.00    0.00   86.93
03:59:55     all   11.84    0.00    0.50    0.00    0.00    0.25    0.00    0.00    0.00   87.41
03:59:56     all   12.53    0.00    0.25    0.00    0.00    0.50    0.00    0.00    0.00   86.72
03:59:57     all   12.00    0.00    0.50    0.25    0.00    0.25    0.00    0.00    0.00   87.00
03:59:58     all   12.34    0.00    0.50    0.00    0.00    0.25    0.00    0.00    0.00   86.90
03:59:59     all   12.56    0.00    0.25    0.25    0.00    0.25    0.00    0.00    0.00   86.68
04:00:00     all   13.13    0.00    0.51    0.00    0.00    0.25    0.00    0.00    0.00   86.11
04:00:01     all   12.78    0.00    0.50    0.50    0.00    0.75    0.00    0.00    0.00   85.46
04:00:02     all   12.50    0.00    0.75    0.00    0.00    0.25    0.00    0.00    0.00   86.50
04:00:03     all   12.28    0.00    0.75    0.00    0.00    0.00    0.00    0.00    0.00   86.97
04:00:04     all   12.12    0.00    0.25    0.00    0.00    0.25    0.00    0.00    0.00   87.37
04:00:05     all   12.28    0.00    0.50    0.00    0.00    0.25    0.00    0.00    0.00   86.97
04:00:06     all   11.84    0.00    0.76    0.00    0.00    0.25    0.00    0.00    0.00   87.15
04:00:07     all   12.34    0.00    0.25    0.25    0.00    0.25    0.00    0.00    0.00   86.90
04:00:08     all   12.31    0.00    0.75    0.00    0.00    0.25    0.00    0.00    0.00   86.68
04:00:09     all   10.05    0.00    0.50    0.00    0.00    0.00    0.00    0.00    0.00   89.45
04:00:10     all   11.81    0.00    0.25    0.00    0.00    0.25    0.00    0.00    0.00   87.69
04:00:11     all   11.84    0.00    0.50    0.00    0.00    0.25    0.00    0.00    0.00   87.41
04:00:12     all   11.93    0.00    0.25    0.00    0.00    0.25    0.00    0.00    0.00   87.56
04:00:13     all   12.44    0.00    0.75    0.00    0.00    0.50    0.00    0.00    0.00   86.32
04:00:14     all   11.84    0.00    0.25    0.00    0.00    0.25    0.00    0.00    0.00   87.66
04:00:15     all   12.28    0.00    0.75    0.00    0.00    0.25    0.00    0.00    0.00   86.72
04:00:16     all   12.28    0.00    0.50    0.00    0.00    0.25    0.00    0.00    0.00   86.97
04:00:17     all   12.15    0.00    0.25    0.00    0.00    0.00    0.00    0.00    0.00   87.59
04:00:18     all   12.34    0.00    0.50    0.25    0.00    0.25    0.00    0.00    0.00   86.65
04:00:19     all   12.09    0.00    0.50    0.00    0.00    0.50    0.00    0.00    0.00   86.90
04:00:20     all   12.44    0.00    0.75    0.00    0.00    0.50    0.00    0.00    0.00   86.32
04:00:21     all   11.70    0.00    0.25    0.00    0.00    0.00    0.00    0.00    0.00   88.04
04:00:22     all   12.28    0.00    0.50    0.00    0.00    0.25    0.00    0.00    0.00   86.97
04:00:23     all   12.09    0.00    0.76    0.00    0.00    0.00    0.00    0.00    0.00   87.15
04:00:24     all   12.31    0.00    0.50    0.25    0.00    0.25    0.00    0.00    0.00   86.68
04:00:25     all   11.81    0.00    0.50    0.00    0.00    0.25    0.00    0.00    0.00   87.44
04:00:26     all   12.31    0.00    0.50    0.00    0.00    0.50    0.00    0.00    0.00   86.68
04:00:27     all   12.31    0.00    0.50    0.00    0.00    0.25    0.00    0.00    0.00   86.93
04:00:28     all   12.85    0.00    0.50    0.00    0.00    0.25    0.00    0.00    0.00   86.40
04:00:29     all   12.00    0.00    0.50    0.00    0.00    0.25    0.00    0.00    0.00   87.25
04:00:30     all   12.03    0.00    1.00    0.25    0.00    0.25    0.00    0.00    0.00   86.47
04:00:31     all   11.53    0.00    0.50    0.00    0.00    0.50    0.00    0.00    0.00   87.47
04:00:32     all   11.56    0.00    0.50    0.00    0.00    0.25    0.00    0.00    0.00   87.69
04:00:33     all   11.84    0.00    0.50    0.00    0.00    0.25    0.00    0.00    0.00   87.41
04:00:34     all   12.31    0.00    0.50    0.00    0.00    0.25    0.00    0.00    0.00   86.93
04:00:35     all   12.31    0.00    0.50    0.00    0.00    0.25    0.00    0.00    0.00   86.93
04:00:36     all   13.10    0.00    1.51    0.00    0.00    0.25    0.00    0.00    0.00   85.14
04:00:37     all   11.56    0.00    0.25    0.00    0.00    0.50    0.00    0.00    0.00   87.69
04:00:38     all   12.75    0.00    0.50    0.00    0.00    0.25    0.00    0.00    0.00   86.50
04:00:39     all   12.69    0.00    0.51    0.00    0.00    0.00    0.00    0.00    0.00   86.80
04:00:40     all   12.06    0.00    0.25    0.00    0.00    0.50    0.00    0.00    0.00   87.19
04:00:41     all   11.75    0.00    0.50    0.50    0.00    0.00    0.00    0.00    0.00   87.25
04:00:42     all   12.50    0.00    0.50    0.00    0.00    0.50    0.00    0.00    0.00   86.50
04:00:43     all   12.28    0.00    0.75    0.00    0.00    0.75    0.00    0.00    0.00   86.22
04:00:44     all   12.03    0.00    0.50    0.00    0.00    0.25    0.00    0.00    0.00   87.22
04:00:45     all   12.44    0.00    0.25    0.00    0.00    0.25    0.00    0.00    0.00   87.06
04:00:46     all   12.56    0.00    0.75    0.00    0.00    0.00    0.00    0.00    0.00   86.68
04:00:47     all   12.56    0.00    0.25    0.00    0.00    0.25    0.00    0.00    0.00   86.93
04:00:48     all   13.28    0.00    0.75    0.00    0.00    0.25    0.00    0.00    0.00   85.71
04:00:49     all   12.63    0.00    0.51    0.00    0.00    0.25    0.00    0.00    0.00   86.62
04:00:50     all   12.75    0.00    0.75    0.00    0.00    0.25    0.00    0.00    0.00   86.25
04:00:51     all   12.09    0.00    0.50    0.25    0.00    0.25    0.00    0.00    0.00   86.90
04:00:52     all   12.53    0.00    0.75    0.25    0.00    0.25    0.00    0.00    0.00   86.22
04:00:53     all   12.12    0.00    0.51    0.00    0.00    0.00    0.00    0.00    0.00   87.37
04:00:54     all   12.03    0.00    0.75    0.00    0.00    0.50    0.00    0.00    0.00   86.72
04:00:55     all   11.78    0.00    1.00    0.00    0.00    0.50    0.00    0.00    0.00   86.72
04:00:56     all   12.09    0.00    0.25    0.25    0.00    0.25    0.00    0.00    0.00   87.15
04:00:57     all   11.75    0.00    0.75    0.00    0.00    0.25    0.00    0.00    0.00   87.25
04:00:58     all   12.12    0.00    0.51    0.00    0.00    0.51    0.00    0.00    0.00   86.87
04:00:59     all   12.25    0.00    0.50    0.00    0.00    0.75    0.00    0.00    0.00   86.50
04:01:00     all   12.28    0.00    0.25    0.00    0.00    0.75    0.00    0.00    0.00   86.72
04:01:01     all   11.31    0.00    0.75    0.00    0.00    0.50    0.00    0.00    0.00   87.44
04:01:02     all   13.50    0.00    0.50    0.00    0.00    0.50    0.00    0.00    0.00   85.50
04:01:03     all   12.85    0.00    0.25    0.00    0.00    0.25    0.00    0.00    0.00   86.65
04:01:04     all   12.03    0.00    0.50    0.00    0.00    0.50    0.00    0.00    0.00   86.97
04:01:05     all   12.09    0.00    0.25    0.00    0.00    0.25    0.00    0.00    0.00   87.41
04:01:06     all   12.56    0.00    0.50    0.00    0.00    0.25    0.00    0.00    0.00   86.68
04:01:07     all   11.75    0.00    1.00    0.25    0.00    0.25    0.00    0.00    0.00   86.75
04:01:08     all   12.59    0.00    0.50    0.00    0.00    0.25    0.00    0.00    0.00   86.65
04:01:09     all   12.78    0.00    0.25    0.00    0.00    0.50    0.00    0.00    0.00   86.47
04:01:10     all   11.81    0.00    0.50    0.00    0.00    0.25    0.00    0.00    0.00   87.44
04:01:11     all   11.81    0.00    0.50    0.00    0.00    0.25    0.00    0.00    0.00   87.44
04:01:12     all   12.78    0.00    0.75    0.00    0.00    0.25    0.00    0.00    0.00   86.22
04:01:13     all   12.12    0.00    0.51    0.00    0.00    0.25    0.00    0.00    0.00   87.12
04:01:14     all   12.00    0.00    0.75    0.00    0.00    0.25    0.00    0.00    0.00   87.00
04:01:15     all   12.34    0.00    0.76    0.00    0.00    0.00    0.00    0.00    0.00   86.90
04:01:16     all   12.59    0.00    0.25    0.00    0.00    0.50    0.00    0.00    0.00   86.65
04:01:17     all   12.34    0.00    0.50    0.00    0.00    0.50    0.00    0.00    0.00   86.65
04:01:18     all   11.59    0.00    1.01    0.00    0.00    0.25    0.00    0.00    0.00   87.15
04:01:19     all   12.00    0.00    0.75    0.00    0.00    0.75    0.00    0.00    0.00   86.50
04:01:20     all   12.34    0.00    0.50    0.00    0.00    0.00    0.00    0.00    0.00   87.15
04:01:21     all   12.12    0.00    0.51    0.00    0.00    0.25    0.00    0.00    0.00   87.12
04:01:22     all   12.22    0.00    0.50    0.50    0.00    0.50    0.00    0.00    0.00   86.28
04:01:23     all   12.37    0.00    0.51    0.00    0.00    0.25    0.00    0.00    0.00   86.87
04:01:24     all   12.37    0.00    0.25    0.00    0.00    0.25    0.00    0.00    0.00   87.12
04:01:25     all   11.65    0.00    0.51    0.00    0.00    0.00    0.00    0.00    0.00   87.85
04:01:26     all   12.09    0.00    0.50    0.00    0.00    0.00    0.00    0.00    0.00   87.41
04:01:27     all   12.56    0.00    0.50    0.00    0.00    0.25    0.00    0.00    0.00   86.68
04:01:28     all   12.00    0.00    0.50    0.00    0.00    0.50    0.00    0.00    0.00   87.00
04:01:29     all   11.36    0.00    0.76    0.00    0.00    0.00    0.00    0.00    0.00   87.88
04:01:30     all   12.37    0.00    0.25    0.00    0.00    0.00    0.00    0.00    0.00   87.37
04:01:31     all   12.09    0.00    0.50    0.00    0.00    0.00    0.00    0.00    0.00   87.41
04:01:32     all   12.78    0.00    0.75    0.25    0.00    0.00    0.00    0.00    0.00   86.22
04:01:33     all   12.63    0.00    0.51    0.00    0.00    0.00    0.00    0.00    0.00   86.87
04:01:34     all   12.59    0.00    0.25    0.00    0.00    0.25    0.00    0.00    0.00   86.90
04:01:35     all   12.06    0.00    0.50    0.00    0.00    0.00    0.00    0.00    0.00   87.44
04:01:36     all   12.37    0.00    1.52    0.00    0.00    0.25    0.00    0.00    0.00   85.86
04:01:37     all   11.62    0.00    0.51    0.00    0.00    0.51    0.00    0.00    0.00   87.37
04:01:38     all   12.28    0.00    1.00    0.00    0.00    0.25    0.00    0.00    0.00   86.47
04:01:39     all   12.09    0.00    0.50    0.00    0.00    0.25    0.00    0.00    0.00   87.15
04:01:40     all   12.37    0.00    0.00    0.00    0.00    0.00    0.00    0.00    0.00   87.63
04:01:41     all   12.31    0.00    1.01    0.00    0.00    0.25    0.00    0.00    0.00   86.43
04:01:42     all   12.34    0.00    0.50    0.00    0.00    0.25    0.00    0.00    0.00   86.90
04:01:43     all   12.63    0.00    0.51    0.00    0.00    0.25    0.00    0.00    0.00   86.62
04:01:44     all   12.12    0.00    0.25    0.51    0.00    0.25    0.00    0.00    0.00   86.87
04:01:45     all   12.22    0.00    0.50    0.00    0.00    0.75    0.00    0.00    0.00   86.53
04:01:46     all   12.22    0.00    0.50    0.00    0.00    0.25    0.00    0.00    0.00   87.03
04:01:47     all   11.53    0.00    0.50    0.00    0.00    0.75    0.00    0.00    0.00   87.22
04:01:48     all   12.44    0.00    0.50    0.00    0.00    1.00    0.00    0.00    0.00   86.07
04:01:49     all   12.37    0.00    0.51    0.00    0.00    0.00    0.00    0.00    0.00   87.12
04:01:50     all   11.87    0.00    0.76    0.51    0.00    0.00    0.00    0.00    0.00   86.87
04:01:51     all   12.81    0.00    0.25    0.00    0.00    0.50    0.00    0.00    0.00   86.43
04:01:52     all   12.12    0.00    0.51    0.00    0.00    0.51    0.00    0.00    0.00   86.87
04:01:53     all   12.19    0.00    0.50    0.00    0.00    0.75    0.00    0.00    0.00   86.57
04:01:54     all   12.22    0.00    0.50    0.00    0.00    0.75    0.00    0.00    0.00   86.53
04:01:55     all   12.15    0.00    0.76    0.00    0.00    0.00    0.00    0.00    0.00   87.09
04:01:56     all   12.28    0.00    0.50    0.00    0.00    0.50    0.00    0.00    0.00   86.72
04:01:57     all   11.81    0.00    0.75    0.00    0.00    0.25    0.00    0.00    0.00   87.19
04:01:58     all   12.81    0.00    0.25    0.00    0.00    0.25    0.00    0.00    0.00   86.68
04:01:59     all   12.12    0.00    0.51    0.00    0.00    0.25    0.00    0.00    0.00   87.12
04:02:00     all   12.81    0.00    0.50    0.00    0.00    0.00    0.00    0.00    0.00   86.68
04:02:01     all   12.06    0.00    0.75    0.00    0.00    0.50    0.00    0.00    0.00   86.68
04:02:02     all   12.37    0.00    0.51    0.00    0.00    0.25    0.00    0.00    0.00   86.87
04:02:03     all   12.97    0.00    0.50    0.00    0.00    0.50    0.00    0.00    0.00   86.03
04:02:04     all   12.41    0.00    0.51    0.00    0.00    0.00    0.00    0.00    0.00   87.09
04:02:05     all   12.56    0.00    0.50    0.00    0.00    0.25    0.00    0.00    0.00   86.68
04:02:06     all   12.59    0.00    0.50    0.00    0.00    0.00    0.00    0.00    0.00   86.90
04:02:07     all   11.94    0.00    0.75    0.25    0.00    0.50    0.00    0.00    0.00   86.57
04:02:08     all   12.37    0.00    0.25    0.00    0.00    0.51    0.00    0.00    0.00   86.87
04:02:09     all   12.72    0.00    0.75    0.00    0.00    0.50    0.00    0.00    0.00   86.03
04:02:10     all   12.25    0.00    0.50    0.00    0.00    0.25    0.00    0.00    0.00   87.00
04:02:11     all   12.03    0.00    0.50    0.00    0.00    0.50    0.00    0.00    0.00   86.97
04:02:12     all   12.03    0.00    0.25    0.00    0.00    0.75    0.00    0.00    0.00   86.97
04:02:13     all   12.00    0.00    0.50    0.00    0.00    1.00    0.00    0.00    0.00   86.50
04:02:14     all   12.59    0.00    0.50    0.00    0.00    0.00    0.00    0.00    0.00   86.90
04:02:15     all   11.87    0.00    0.76    0.00    0.00    0.00    0.00    0.00    0.00   87.37
04:02:16     all   11.28    0.00    1.00    0.00    0.00    0.00    0.00    0.00    0.00   87.72
04:02:17     all   12.59    0.00    0.25    0.00    0.00    0.25    0.00    0.00    0.00   86.90
04:02:18     all   12.59    0.00    0.50    0.25    0.00    0.50    0.00    0.00    0.00   86.15
04:02:19     all   12.37    0.00    0.76    0.00    0.00    0.00    0.00    0.00    0.00   86.87
04:02:20     all   12.06    0.00    0.75    0.00    0.00    0.25    0.00    0.00    0.00   86.93
04:02:21     all   12.41    0.00    0.25    0.00    0.00    0.00    0.00    0.00    0.00   87.34
04:02:22     all   12.85    0.00    0.50    0.00    0.00    0.25    0.00    0.00    0.00   86.40
04:02:23     all   12.85    0.00    0.50    0.00    0.00    0.25    0.00    0.00    0.00   86.40
04:02:24     all   12.88    0.00    0.51    0.00    0.00    0.25    0.00    0.00    0.00   86.36
04:02:25     all   12.06    0.00    0.75    0.00    0.00    0.50    0.00    0.00    0.00   86.68
04:02:26     all   12.59    0.00    0.50    0.00    0.00    0.00    0.00    0.00    0.00   86.90
04:02:27     all   12.63    0.00    0.25    0.00    0.00    0.00    0.00    0.00    0.00   87.12
04:02:28     all   12.31    0.00    0.75    0.00    0.00    0.25    0.00    0.00    0.00   86.68
04:02:29     all   12.37    0.00    0.51    0.00    0.00    0.00    0.00    0.00    0.00   87.12
04:02:30     all   12.53    0.00    0.25    0.50    0.00    0.50    0.00    0.00    0.00   86.22
04:02:31     all   11.75    0.00    1.00    0.00    0.00    0.25    0.00    0.00    0.00   87.00
04:02:32     all   12.37    0.00    0.51    0.00    0.00    0.00    0.00    0.00    0.00   87.12
04:02:33     all   12.12    0.00    0.25    0.00    0.00    0.25    0.00    0.00    0.00   87.37
04:02:34     all   12.81    0.00    0.50    0.00    0.00    0.25    0.00    0.00    0.00   86.43
04:02:35     all   13.00    0.00    0.50    0.00    0.00    0.25    0.00    0.00    0.00   86.25
04:02:36     all   13.42    0.00    1.27    0.00    0.00    0.51    0.00    0.00    0.00   84.81
04:02:37     all   12.53    0.00    0.50    0.00    0.00    0.50    0.00    0.00    0.00   86.47
04:02:38     all   12.56    0.00    0.50    0.00    0.00    0.25    0.00    0.00    0.00   86.68
04:02:39     all   12.28    0.00    0.75    0.00    0.00    0.50    0.00    0.00    0.00   86.47
04:02:40     all   12.56    0.00    0.50    0.00    0.00    0.25    0.00    0.00    0.00   86.68
04:02:41     all   12.37    0.00    0.51    0.00    0.00    0.51    0.00    0.00    0.00   86.62
04:02:42     all   12.59    0.00    0.50    0.00    0.00    0.25    0.00    0.00    0.00   86.65
04:02:43     all   12.78    0.00    0.50    0.00    0.00    0.25    0.00    0.00    0.00   86.47
04:02:44     all   12.31    0.00    0.50    0.00    0.00    0.25    0.00    0.00    0.00   86.93
04:02:45     all   12.31    0.00    0.50    0.00    0.00    0.50    0.00    0.00    0.00   86.68
04:02:46     all   12.09    0.00    0.76    0.25    0.00    0.00    0.00    0.00    0.00   86.90
04:02:47     all   12.28    0.00    0.25    0.00    0.00    0.50    0.00    0.00    0.00   86.97
04:02:48     all   12.06    0.00    0.50    0.00    0.00    0.50    0.00    0.00    0.00   86.93
04:02:49     all   12.85    0.00    0.50    0.00    0.00    0.25    0.00    0.00    0.00   86.40
04:02:50     all   12.03    0.00    0.50    0.00    0.00    0.50    0.00    0.00    0.00   86.97
04:02:51     all   12.09    0.00    0.76    0.25    0.00    0.00    0.00    0.00    0.00   86.90
04:02:52     all   12.50    0.00    0.50    0.00    0.00    0.25    0.00    0.00    0.00   86.75
04:02:53     all   12.12    0.00    0.51    0.00    0.00    0.25    0.00    0.00    0.00   87.12
04:02:54     all   12.78    0.00    0.50    0.00    0.00    0.25    0.00    0.00    0.00   86.47
04:02:55     all   13.03    0.00    0.25    0.00    0.00    0.25    0.00    0.00    0.00   86.47
04:02:56     all   12.59    0.00    0.50    0.25    0.00    0.50    0.00    0.00    0.00   86.15
04:02:57     all   12.72    0.00    1.00    0.00    0.00    0.50    0.00    0.00    0.00   85.79
04:02:58     all   12.59    0.00    0.50    0.00    0.00    0.25    0.00    0.00    0.00   86.65
04:02:59     all   12.53    0.00    0.50    0.00    0.00    0.25    0.00    0.00    0.00   86.72
04:03:00     all   12.81    0.00    0.50    0.00    0.00    0.25    0.00    0.00    0.00   86.43
04:03:01     all   11.84    0.00    0.50    0.00    0.00    0.50    0.00    0.00    0.00   87.15
04:03:02     all   12.75    0.00    0.50    0.00    0.00    0.25    0.00    0.00    0.00   86.50
04:03:03     all   12.59    0.00    0.50    0.00    0.00    0.00    0.00    0.00    0.00   86.90
04:03:04     all   13.47    0.00    0.50    0.00    0.00    0.25    0.00    0.00    0.00   85.79
04:03:05     all   12.85    0.00    0.76    0.00    0.00    0.00    0.00    0.00    0.00   86.40
04:03:06     all   12.72    0.00    0.50    0.00    0.00    0.50    0.00    0.00    0.00   86.28
04:03:07     all   12.37    0.00    0.51    0.25    0.00    0.25    0.00    0.00    0.00   86.62
04:03:08     all   12.78    0.00    0.50    0.00    0.00    0.50    0.00    0.00    0.00   86.22
04:03:09     all   12.09    0.00    0.25    0.00    0.00    0.25    0.00    0.00    0.00   87.41
04:03:10     all   12.22    0.00    0.75    0.00    0.00    0.50    0.00    0.00    0.00   86.53
04:03:11     all   12.00    0.00    0.50    0.00    0.00    1.00    0.00    0.00    0.00   86.50
04:03:12     all   12.03    0.00    0.25    0.25    0.00    0.50    0.00    0.00    0.00   86.97
04:03:13     all   12.28    0.00    0.50    0.00    0.00    0.50    0.00    0.00    0.00   86.72
04:03:14     all   12.06    0.00    0.75    0.00    0.00    0.25    0.00    0.00    0.00   86.93
04:03:15     all   12.59    0.00    0.50    0.00    0.00    0.25    0.00    0.00    0.00   86.65
04:03:16     all   12.53    0.00    0.50    0.00    0.00    0.50    0.00    0.00    0.00   86.47
04:03:17     all   12.56    0.00    0.50    0.00    0.00    0.25    0.00    0.00    0.00   86.68
04:03:18     all   12.85    0.00    0.50    0.00    0.00    0.50    0.00    0.00    0.00   86.15
04:03:19     all   12.09    0.00    0.76    0.00    0.00    0.25    0.00    0.00    0.00   86.90
04:03:20     all   12.75    0.00    0.50    0.00    0.00    0.50    0.00    0.00    0.00   86.25
04:03:21     all   12.31    0.00    0.50    0.00    0.00    0.25    0.00    0.00    0.00   86.93
04:03:22     all   12.56    0.00    0.25    0.00    0.00    0.25    0.00    0.00    0.00   86.93
04:03:23     all   12.31    0.00    0.50    0.00    0.00    0.25    0.00    0.00    0.00   86.93
04:03:24     all   12.37    0.00    0.51    0.25    0.00    0.00    0.00    0.00    0.00   86.87
04:03:25     all   12.66    0.00    1.24    0.00    0.00    0.25    0.00    0.00    0.00   85.86
04:03:26     all   13.07    0.00    0.25    0.00    0.00    0.50    0.00    0.00    0.00   86.18
04:03:27     all   13.57    0.00    0.50    0.00    0.00    0.50    0.00    0.00    0.00   85.43
04:03:28     all   12.66    0.00    0.25    0.00    0.00    0.51    0.00    0.00    0.00   86.58
04:03:29     all   12.22    0.00    0.75    0.25    0.00    0.25    0.00    0.00    0.00   86.53
04:03:30     all   12.37    0.00    0.76    0.00    0.00    0.00    0.00    0.00    0.00   86.87
04:03:31     all   12.28    0.00    0.50    0.00    0.00    0.50    0.00    0.00    0.00   86.72
04:03:32     all   12.31    0.00    0.50    0.25    0.00    0.25    0.00    0.00    0.00   86.68
04:03:33     all   12.00    0.00    0.25    0.00    0.00    0.75    0.00    0.00    0.00   87.00
04:03:34     all   12.06    0.00    0.50    0.25    0.00    0.50    0.00    0.00    0.00   86.68
04:03:35     all   12.03    0.00    0.50    0.00    0.00    0.50    0.00    0.00    0.00   86.97
04:03:36     all   12.28    0.00    2.01    0.00    0.00    0.50    0.00    0.00    0.00   85.21
04:03:37     all   12.09    0.00    0.50    0.00    0.00    0.25    0.00    0.00    0.00   87.15
04:03:38     all   11.75    0.00    0.75    0.00    0.00    0.50    0.00    0.00    0.00   87.00
04:03:39     all   12.15    0.00    0.51    0.00    0.00    0.00    0.00    0.00    0.00   87.34
04:03:40     all   12.31    0.00    0.50    0.00    0.00    0.25    0.00    0.00    0.00   86.93
04:03:41     all   12.37    0.00    0.25    0.00    0.00    0.25    0.00    0.00    0.00   87.12
04:03:42     all   12.03    0.00    0.50    0.00    0.00    0.25    0.00    0.00    0.00   87.22
04:03:43     all   11.93    0.00    0.51    0.00    0.00    0.25    0.00    0.00    0.00   87.31
04:03:44     all   12.75    0.00    0.50    0.00    0.00    0.25    0.00    0.00    0.00   86.50
04:03:45     all   12.81    0.00    0.50    0.00    0.00    0.25    0.00    0.00    0.00   86.43
04:03:46     all   12.53    0.00    0.25    0.00    0.00    0.25    0.00    0.00    0.00   86.97
04:03:47     all   11.87    0.00    0.76    0.00    0.00    0.00    0.00    0.00    0.00   87.37
04:03:48     all   12.41    0.00    0.74    0.00    0.00    0.99    0.00    0.00    0.00   85.86
04:03:49     all   12.53    0.00    0.50    0.00    0.00    0.75    0.00    0.00    0.00   86.22
04:03:50     all   12.22    0.00    0.75    0.25    0.00    0.75    0.00    0.00    0.00   86.03
04:03:51     all   12.15    0.00    0.51    0.00    0.00    0.00    0.00    0.00    0.00   87.34
04:03:52     all   12.31    0.00    0.50    0.00    0.00    0.25    0.00    0.00    0.00   86.93
04:03:53     all   12.06    0.00    0.50    0.00    0.00    0.25    0.00    0.00    0.00   87.19
04:03:54     all   11.90    0.00    0.25    0.00    0.00    0.25    0.00    0.00    0.00   87.59
04:03:55     all   13.03    0.00    0.50    0.00    0.00    0.25    0.00    0.00    0.00   86.22
04:03:56     all   12.56    0.00    0.50    0.25    0.00    0.25    0.00    0.00    0.00   86.43
04:03:57     all   12.41    0.00    0.25    0.00    0.00    0.25    0.00    0.00    0.00   87.09
04:03:58     all   12.47    0.00    1.00    0.00    0.00    0.25    0.00    0.00    0.00   86.28
04:03:59     all   12.75    0.00    0.50    0.00    0.00    0.50    0.00    0.00    0.00   86.25
04:04:00     all   12.56    0.00    0.25    0.00    0.00    0.25    0.00    0.00    0.00   86.93
04:04:01     all   12.06    0.00    0.50    0.00    0.00    0.00    0.00    0.00    0.00   87.44
04:04:02     all   12.81    0.00    0.50    0.25    0.00    0.25    0.00    0.00    0.00   86.18
04:04:03     all   12.09    0.00    0.50    0.00    0.00    0.25    0.00    0.00    0.00   87.15
04:04:04     all   12.63    0.00    0.51    0.00    0.00    0.25    0.00    0.00    0.00   86.62
04:04:05     all   13.12    0.00    0.74    0.00    0.00    0.99    0.00    0.00    0.00   85.15
04:04:06     all   12.75    0.00    0.25    0.00    0.00    0.50    0.00    0.00    0.00   86.50
04:04:07     all   11.59    0.00    0.50    0.00    0.00    0.76    0.00    0.00    0.00   87.15
04:04:08     all   12.47    0.00    0.75    0.00    0.00    0.75    0.00    0.00    0.00   86.03
04:04:09     all   12.53    0.00    0.75    0.00    0.00    0.25    0.00    0.00    0.00   86.47
04:04:10     all   11.90    0.00    0.51    0.00    0.00    0.25    0.00    0.00    0.00   87.34
04:04:11     all   12.34    0.00    0.50    0.00    0.00    0.00    0.00    0.00    0.00   87.15
04:04:12     all   11.75    0.00    0.50    0.00    0.00    0.75    0.00    0.00    0.00   87.00
04:04:13     all   12.31    0.00    0.50    0.00    0.00    0.50    0.00    0.00    0.00   86.68
04:04:14     all   12.00    0.00    0.50    0.00    0.00    0.50    0.00    0.00    0.00   87.00
04:04:15     all   12.00    0.00    0.50    0.00    0.00    0.75    0.00    0.00    0.00   86.75
04:04:16     all   12.28    0.00    0.75    0.00    0.00    0.50    0.00    0.00    0.00   86.47
04:04:17     all   11.53    0.00    0.50    0.25    0.00    0.25    0.00    0.00    0.00   87.47
04:04:18     all   11.56    0.00    0.50    0.50    0.00    0.25    0.00    0.00    0.00   87.19
04:04:19     all   11.84    0.00    0.25    0.00    0.00    0.25    0.00    0.00    0.00   87.66
04:04:20     all   11.50    0.00    0.50    0.00    0.00    0.75    0.00    0.00    0.00   87.25
04:04:21     all   11.97    0.00    0.50    0.00    0.00    0.75    0.00    0.00    0.00   86.78
04:04:22     all   11.75    0.00    0.50    0.00    0.00    0.50    0.00    0.00    0.00   87.25
04:04:23     all   11.56    0.00    0.25    0.00    0.00    0.50    0.00    0.00    0.00   87.69
04:04:24     all   12.00    0.00    0.75    0.00    0.00    0.50    0.00    0.00    0.00   86.75
04:04:25     all   12.28    0.00    0.50    0.00    0.00    0.50    0.00    0.00    0.00   86.72
04:04:26     all   11.97    0.00    0.50    0.00    0.00    0.75    0.00    0.00    0.00   86.78
04:04:27     all   12.25    0.00    0.00    0.00    0.00    0.75    0.00    0.00    0.00   87.00
04:04:28     all   11.53    0.00    0.50    0.00    0.00    0.50    0.00    0.00    0.00   87.47
04:04:29     all   12.06    0.00    0.50    0.00    0.00    0.25    0.00    0.00    0.00   87.19
04:04:30     all   12.31    0.00    0.50    0.00    0.00    0.50    0.00    0.00    0.00   86.68
04:04:31     all   12.00    0.00    0.75    0.00    0.00    0.50    0.00    0.00    0.00   86.75
04:04:32     all   12.50    0.00    0.50    0.00    0.00    0.75    0.00    0.00    0.00   86.25
04:04:33     all   12.00    0.00    0.50    0.00    0.00    0.25    0.00    0.00    0.00   87.25
04:04:34     all   11.75    0.00    0.50    0.00    0.00    0.75    0.00    0.00    0.00   87.00
04:04:35     all   12.06    0.00    0.25    0.00    0.00    0.50    0.00    0.00    0.00   87.19
04:04:36     all   12.75    0.00    2.00    0.00    0.00    0.75    0.00    0.00    0.00   84.50
04:04:37     all   11.75    0.00    0.25    0.00    0.00    0.50    0.00    0.00    0.00   87.50
04:04:38     all   11.62    0.00    0.76    0.00    0.00    0.51    0.00    0.00    0.00   87.12
04:04:39     all   11.81    0.00    0.75    0.00    0.00    0.25    0.00    0.00    0.00   87.19
04:04:40     all   12.00    0.00    0.50    0.00    0.00    0.00    0.00    0.00    0.00   87.50
04:04:41     all   11.81    0.00    0.75    0.25    0.00    0.25    0.00    0.00    0.00   86.93
04:04:42     all   11.84    0.00    0.50    0.00    0.00    0.25    0.00    0.00    0.00   87.41
04:04:43     all   11.59    0.00    0.50    0.00    0.00    0.25    0.00    0.00    0.00   87.66
04:04:44     all   11.59    0.00    0.25    0.00    0.00    0.25    0.00    0.00    0.00   87.91
04:04:45     all   11.65    0.00    0.51    0.00    0.00    0.25    0.00    0.00    0.00   87.59
04:04:46     all   12.37    0.00    0.51    0.00    0.00    0.00    0.00    0.00    0.00   87.12
04:04:47     all   12.09    0.00    0.50    0.00    0.00    0.00    0.00    0.00    0.00   87.41
04:04:48     all   11.34    0.00    0.50    0.00    0.00    0.25    0.00    0.00    0.00   87.91
04:04:49     all   12.06    0.00    0.50    0.00    0.00    0.50    0.00    0.00    0.00   86.93
04:04:50     all   12.31    0.00    0.50    0.00    0.00    0.50    0.00    0.00    0.00   86.68
04:04:51     all   11.53    0.00    0.50    0.25    0.00    0.50    0.00    0.00    0.00   87.22
04:04:52     all   12.28    0.00    0.50    0.00    0.00    0.00    0.00    0.00    0.00   87.22
04:04:53     all   12.03    0.00    0.50    0.00    0.00    0.50    0.00    0.00    0.00   86.97
04:04:54     all   11.84    0.00    0.76    0.00    0.00    0.25    0.00    0.00    0.00   87.15
04:04:55     all   11.84    0.00    0.50    0.00    0.00    0.00    0.00    0.00    0.00   87.66
04:04:56     all   11.56    0.00    0.50    0.00    0.00    0.50    0.00    0.00    0.00   87.44
04:04:57     all   11.78    0.00    0.50    0.25    0.00    0.25    0.00    0.00    0.00   87.22
04:04:58     all   11.62    0.00    0.25    0.00    0.00    0.51    0.00    0.00    0.00   87.63
04:04:59     all   12.22    0.00    0.50    0.00    0.00    0.75    0.00    0.00    0.00   86.53
04:05:00     all   12.66    0.00    0.74    0.00    0.00    0.74    0.00    0.00    0.00   85.86
04:05:01     all   12.06    0.00    0.50    0.50    0.00    0.50    0.00    0.00    0.00   86.43
04:05:02     all   12.28    0.00    0.50    0.00    0.00    0.25    0.00    0.00    0.00   86.97
04:05:03     all   11.93    0.00    0.25    0.00    0.00    0.00    0.00    0.00    0.00   87.82
04:05:04     all   12.56    0.00    0.50    0.00    0.00    0.00    0.00    0.00    0.00   86.93
04:05:05     all   12.37    0.00    0.76    0.00    0.00    0.00    0.00    0.00    0.00   86.87
04:05:06     all   12.47    0.00    0.75    0.25    0.00    0.75    0.00    0.00    0.00   85.79
04:05:07     all   12.66    0.00    0.25    0.00    0.00    0.00    0.00    0.00    0.00   87.09
04:05:08     all   12.03    0.00    0.50    0.00    0.00    0.50    0.00    0.00    0.00   86.97
04:05:09     all    6.53    0.00    0.25    0.00    0.00    0.00    0.00    0.00    0.00   93.22
04:05:10     all    5.29    0.00    0.00    0.00    0.00    0.00    0.00    0.00    0.00   94.71
04:05:11     all    5.54    0.00    0.25    0.50    0.00    0.00    0.00    0.00    0.00   93.70
04:05:12     all    6.02    0.00    0.25    0.00    0.00    0.00    0.00    0.00    0.00   93.73
04:05:13     all    5.81    0.00    0.25    0.00    0.00    0.00    0.00    0.00    0.00   93.94
04:05:14     all    5.75    0.00    0.75    0.00    0.00    0.00    0.00    0.00    0.00   93.50
04:05:15     all    5.56    0.00    0.00    0.00    0.00    0.25    0.00    0.00    0.00   94.19
04:05:16     all    5.28    0.00    0.50    0.00    0.00    0.00    0.00    0.00    0.00   94.22
04:05:17     all    5.57    0.00    0.00    0.00    0.00    0.00    0.00    0.00    0.00   94.43
04:05:18     all    5.76    0.00    0.25    0.00    0.00    0.25    0.00    0.00    0.00   93.73
04:05:19     all    6.05    0.00    0.25    0.00    0.00    0.00    0.00    0.00    0.00   93.70
04:05:20     all    6.27    0.00    0.25    0.00    0.00    0.00    0.00    0.00    0.00   93.48
04:05:21     all    5.79    0.00    0.25    0.00    0.00    0.00    0.00    0.00    0.00   93.95
04:05:22     all    6.03    0.00    0.25    0.00    0.00    0.00    0.00    0.00    0.00   93.72
04:05:23     all    6.02    0.00    0.50    0.25    0.00    0.00    0.00    0.00    0.00   93.23
04:05:24     all    5.79    0.00    0.00    0.00    0.00    0.50    0.00    0.00    0.00   93.70
04:05:25     all    6.05    0.00    0.25    0.00    0.00    0.00    0.00    0.00    0.00   93.70
04:05:26     all    6.03    0.00    0.25    0.00    0.00    0.00    0.00    0.00    0.00   93.72
04:05:27     all    6.03    0.00    0.25    0.00    0.00    0.00    0.00    0.00    0.00   93.72
04:05:28     all    5.54    0.00    0.50    0.00    0.00    0.00    0.00    0.00    0.00   93.95
04:05:29     all    6.03    0.00    0.25    0.25    0.00    0.00    0.00    0.00    0.00   93.47
04:05:30     all    5.78    0.00    0.25    0.00    0.00    0.00    0.00    0.00    0.00   93.97
04:05:31     all    5.78    0.00    0.25    0.00    0.00    0.00    0.00    0.00    0.00   93.97
04:05:32     all    5.54    0.00    0.25    0.25    0.00    0.00    0.00    0.00    0.00   93.95
04:05:33     all    5.51    0.00    0.25    0.00    0.00    0.25    0.00    0.00    0.00   93.98
04:05:34     all    5.79    0.00    0.25    0.00    0.00    0.00    0.00    0.00    0.00   93.95
04:05:35     all    6.03    0.00    0.25    0.00    0.00    0.00    0.00    0.00    0.00   93.72
04:05:36     all    6.05    0.00    1.26    0.00    0.00    0.00    0.00    0.00    0.00   92.70
04:05:37     all    5.28    0.00    0.25    0.00    0.00    0.25    0.00    0.00    0.00   94.22
04:05:38     all    5.79    0.00    0.25    0.00    0.00    0.00    0.00    0.00    0.00   93.95
04:05:39     all    5.78    0.00    0.25    0.00    0.00    0.00    0.00    0.00    0.00   93.97
04:05:40     all    5.57    0.00    0.00    0.25    0.00    0.00    0.00    0.00    0.00   94.18
04:05:41     all    5.76    0.00    0.25    0.00    0.00    0.00    0.00    0.00    0.00   93.98
04:05:42     all    5.28    0.00    0.25    0.00    0.00    0.25    0.00    0.00    0.00   94.22
04:05:43     all    6.28    0.00    0.25    0.00    0.00    0.00    0.00    0.00    0.00   93.47
04:05:44     all    5.53    0.00    0.25    0.00    0.00    0.00    0.00    0.00    0.00   94.22
04:05:45     all    6.05    0.00    0.25    0.00    0.00    0.25    0.00    0.00    0.00   93.45
04:05:46     all    5.78    0.00    0.25    0.00    0.00    0.00    0.00    0.00    0.00   93.97
04:05:47     all    6.05    0.00    0.25    0.00    0.00    0.25    0.00    0.00    0.00   93.45
04:05:48     all    5.54    0.00    0.25    0.00    0.00    0.25    0.00    0.00    0.00   93.95
04:05:49     all    6.05    0.00    0.25    0.00    0.00    0.00    0.00    0.00    0.00   93.70
04:05:50     all    5.81    0.00    0.25    0.00    0.00    0.00    0.00    0.00    0.00   93.94
04:05:51     all    5.71    0.00    0.50    0.50    0.00    0.25    0.00    0.00    0.00   93.05
04:05:52     all    5.54    0.00    0.25    0.00    0.00    0.00    0.00    0.00    0.00   94.21
04:05:53     all    6.06    0.00    0.00    0.00    0.00    0.00    0.00    0.00    0.00   93.94
04:05:54     all    5.74    0.00    0.50    0.00    0.00    0.25    0.00    0.00    0.00   93.52
04:05:55     all    6.06    0.00    0.00    0.00    0.00    0.00    0.00    0.00    0.00   93.94
04:05:56     all    6.00    0.00    0.25    0.00    0.00    0.25    0.00    0.00    0.00   93.50
04:05:57     all    5.30    0.00    0.25    0.00    0.00    0.00    0.00    0.00    0.00   94.44
04:05:58     all    6.03    0.00    0.25    0.00    0.00    0.00    0.00    0.00    0.00   93.72
04:05:59     all    5.79    0.00    0.25    0.00    0.00    0.00    0.00    0.00    0.00   93.95
04:06:00     all    5.99    0.00    0.75    0.00    0.00    0.25    0.00    0.00    0.00   93.02
04:06:01     all    5.54    0.00    0.50    0.00    0.00    0.00    0.00    0.00    0.00   93.95
04:06:02     all    5.76    0.00    0.25    0.00    0.00    0.00    0.00    0.00    0.00   93.98
04:06:03     all    6.05    0.00    0.50    0.25    0.00    0.00    0.00    0.00    0.00   93.20
04:06:04     all    5.51    0.00    0.25    0.00    0.00    0.00    0.00    0.00    0.00   94.24
04:06:05     all    5.81    0.00    0.25    0.00    0.00    0.00    0.00    0.00    0.00   93.94
04:06:06     all    5.78    0.00    0.25    0.00    0.00    0.00    0.00    0.00    0.00   93.97
04:06:07     all    6.05    0.00    0.25    0.00    0.00    0.00    0.00    0.00    0.00   93.70
04:06:08     all    5.54    0.00    0.25    0.00    0.00    0.00    0.00    0.00    0.00   94.21
04:06:09     all    5.78    0.00    0.00    0.50    0.00    0.25    0.00    0.00    0.00   93.47
04:06:10     all    5.53    0.00    0.50    0.00    0.00    0.00    0.00    0.00    0.00   93.97
04:06:11     all    5.79    0.00    0.00    0.00    0.00    0.00    0.00    0.00    0.00   94.21
04:06:12     all    6.27    0.00    0.25    0.00    0.00    0.00    0.00    0.00    0.00   93.48
04:06:13     all    5.54    0.00    0.25    0.00    0.00    0.00    0.00    0.00    0.00   94.21
04:06:14     all    5.53    0.00    0.50    0.00    0.00    0.25    0.00    0.00    0.00   93.72
04:06:15     all    6.30    0.00    0.25    0.00    0.00    0.00    0.00    0.00    0.00   93.45
04:06:16     all    5.78    0.00    0.25    0.00    0.00    0.00    0.00    0.00    0.00   93.97
04:06:17     all    5.56    0.00    0.00    0.00    0.00    0.00    0.00    0.00    0.00   94.44
04:06:18     all    6.03    0.00    0.25    0.00    0.00    0.00    0.00    0.00    0.00   93.72
04:06:19     all    6.02    0.00    0.25    0.00    0.00    0.00    0.00    0.00    0.00   93.73
04:06:20     all    5.78    0.00    0.50    0.25    0.00    0.25    0.00    0.00    0.00   93.22
04:06:21     all    5.78    0.00    0.25    0.00    0.00    0.00    0.00    0.00    0.00   93.97
04:06:22     all    6.03    0.00    0.25    0.00    0.00    0.00    0.00    0.00    0.00   93.72
04:06:23     all    5.54    0.00    0.25    0.00    0.00    0.00    0.00    0.00    0.00   94.21
04:06:24     all    5.53    0.00    0.00    0.00    0.00    0.25    0.00    0.00    0.00   94.22
04:06:25     all    5.79    0.00    0.25    0.00    0.00    0.00    0.00    0.00    0.00   93.95
04:06:26     all    5.78    0.00    0.25    0.00    0.00    0.00    0.00    0.00    0.00   93.97
04:06:27     all    5.79    0.00    0.25    0.00    0.00    0.00    0.00    0.00    0.00   93.95
04:06:28     all    5.29    0.00    0.50    0.00    0.00    0.00    0.00    0.00    0.00   94.21
04:06:29     all    5.76    0.00    0.25    0.00    0.00    0.25    0.00    0.00    0.00   93.73
04:06:30     all    5.75    0.00    0.50    0.00    0.00    0.25    0.00    0.00    0.00   93.50
04:06:31     all    5.30    0.00    0.25    0.00    0.00    0.00    0.00    0.00    0.00   94.44
04:06:32     all    5.03    0.00    0.25    0.00    0.00    0.25    0.00    0.00    0.00   94.47
04:06:33     all    5.78    0.00    0.00    0.00    0.00    0.00    0.00    0.00    0.00   94.22
04:06:34     all    6.00    0.00    0.25    0.00    0.00    0.25    0.00    0.00    0.00   93.50
04:06:35     all    5.76    0.00    0.25    0.00    0.00    0.00    0.00    0.00    0.00   93.98
04:06:36     all    5.99    0.00    1.50    0.00    0.00    0.25    0.00    0.00    0.00   92.27
04:06:37     all    5.76    0.00    0.25    0.25    0.00    0.00    0.00    0.00    0.00   93.73
04:06:38     all    5.29    0.00    0.25    0.00    0.00    0.25    0.00    0.00    0.00   94.21
04:06:39     all   11.56    0.00    1.51    0.00    0.00    0.00    0.00    0.00    0.00   86.93
04:06:40     all    6.80    0.00    0.25    0.00    0.00    0.00    0.00    0.00    0.00   92.95
04:06:41     all    6.75    0.00    0.25    0.00    0.00    0.25    0.00    0.00    0.00   92.75
04:06:42     all    7.25    0.00    0.25    0.00    0.00    0.25    0.00    0.00    0.00   92.25
04:06:43     all    7.07    0.00    0.25    0.00    0.00    0.00    0.00    0.00    0.00   92.68
04:06:44     all    7.30    0.00    0.25    0.00    0.00    0.25    0.00    0.00    0.00   92.19
04:06:45     all    6.77    0.00    0.25    0.00    0.00    0.00    0.00    0.00    0.00   92.98
04:06:46     all    7.54    0.00    0.00    0.00    0.00    0.00    0.00    0.00    0.00   92.46
04:06:47     all    7.27    0.00    0.50    0.00    0.00    0.25    0.00    0.00    0.00   91.98
04:06:48     all    6.77    0.00    0.50    0.75    0.00    0.00    0.00    0.00    0.00   91.98
04:06:49     all    7.29    0.00    0.25    0.00    0.00    0.00    0.00    0.00    0.00   92.46
04:06:50     all    7.52    0.00    0.25    0.00    0.00    0.25    0.00    0.00    0.00   91.98
04:06:51     all    7.29    0.00    0.50    0.00    0.00    0.00    0.00    0.00    0.00   92.21
04:06:52     all    7.54    0.00    0.00    0.00    0.00    0.00    0.00    0.00    0.00   92.46
04:06:53     all    6.78    0.00    0.25    0.25    0.00    0.00    0.00    0.00    0.00   92.71
04:06:54     all    7.52    0.00    0.50    0.00    0.00    0.00    0.00    0.00    0.00   91.98
04:06:55     all    7.05    0.00    0.00    0.00    0.00    0.00    0.00    0.00    0.00   92.95
04:06:56     all    6.82    0.00    0.51    0.00    0.00    0.00    0.00    0.00    0.00   92.68
04:06:57     all    7.27    0.00    0.25    0.00    0.00    0.00    0.00    0.00    0.00   92.48
04:06:58     all    6.78    0.00    0.50    0.00    0.00    0.25    0.00    0.00    0.00   92.46
04:06:59     all    7.25    0.00    0.50    0.00    0.00    0.00    0.00    0.00    0.00   92.25
04:07:00     all    7.29    0.00    0.25    0.00    0.00    0.00    0.00    0.00    0.00   92.46
04:07:01     all    7.27    0.00    0.25    0.00    0.00    0.00    0.00    0.00    0.00   92.48
04:07:02     all    7.56    0.00    0.25    0.00    0.00    0.00    0.00    0.00    0.00   92.19
04:07:03     all    7.04    0.00    0.25    0.00    0.00    0.00    0.00    0.00    0.00   92.71
04:07:04     all    7.02    0.00    0.25    0.50    0.00    0.00    0.00    0.00    0.00   92.23
04:07:05     all    7.27    0.00    0.25    0.00    0.00    0.00    0.00    0.00    0.00   92.48
04:07:06     all    7.27    0.00    0.50    0.00    0.00    0.00    0.00    0.00    0.00   92.23
04:07:07     all    7.02    0.00    0.25    0.00    0.00    0.25    0.00    0.00    0.00   92.48
04:07:08     all    7.25    0.00    0.50    0.00    0.00    0.25    0.00    0.00    0.00   92.00
04:07:09     all    7.07    0.00    0.00    0.00    0.00    0.00    0.00    0.00    0.00   92.93
04:07:10     all    7.04    0.00    0.25    0.00    0.00    0.00    0.00    0.00    0.00   92.71
04:07:11     all    7.02    0.00    0.50    0.00    0.00    0.00    0.00    0.00    0.00   92.48
04:07:12     all    7.04    0.00    0.25    0.00    0.00    0.00    0.00    0.00    0.00   92.71
04:07:13     all    7.04    0.00    0.25    0.00    0.00    0.00    0.00    0.00    0.00   92.71
04:07:14     all    7.56    0.00    0.00    0.25    0.00    0.00    0.00    0.00    0.00   92.19
04:07:15     all    7.00    0.00    0.50    0.00    0.00    0.00    0.00    0.00    0.00   92.50
04:07:16     all    7.05    0.00    0.25    0.00    0.00    0.25    0.00    0.00    0.00   92.44
04:07:17     all    7.04    0.00    0.00    0.00    0.00    0.00    0.00    0.00    0.00   92.96
04:07:18     all    7.25    0.00    0.50    0.00    0.00    0.00    0.00    0.00    0.00   92.25
04:07:19     all    6.80    0.00    0.25    0.00    0.00    0.00    0.00    0.00    0.00   92.95
04:07:20     all    6.78    0.00    0.25    0.00    0.00    0.00    0.00    0.00    0.00   92.96
04:07:21     all    7.02    0.00    0.50    0.00    0.00    0.00    0.00    0.00    0.00   92.48
04:07:22     all    7.05    0.00    0.00    0.00    0.00    0.00    0.00    0.00    0.00   92.95
04:07:23     all    7.04    0.00    0.25    0.00    0.00    0.00    0.00    0.00    0.00   92.71
04:07:24     all    7.27    0.00    0.25    0.00    0.00    0.00    0.00    0.00    0.00   92.48
04:07:25     all    7.79    0.00    0.50    0.00    0.00    0.00    0.00    0.00    0.00   91.71
04:07:26     all    7.54    0.00    0.50    0.00    0.00    0.00    0.00    0.00    0.00   91.96
04:07:27     all    7.27    0.00    0.00    0.00    0.00    0.25    0.00    0.00    0.00   92.48
04:07:28     all    7.29    0.00    0.25    0.00    0.00    0.25    0.00    0.00    0.00   92.21
04:07:29     all    7.48    0.00    0.50    0.00    0.00    0.25    0.00    0.00    0.00   91.77
04:07:30     all    7.75    0.00    0.25    0.50    0.00    0.00    0.00    0.00    0.00   91.50
04:07:31     all    7.04    0.00    0.50    0.00    0.00    0.00    0.00    0.00    0.00   92.46
04:07:32     all    7.32    0.00    0.00    0.00    0.00    0.00    0.00    0.00    0.00   92.68
04:07:33     all    7.27    0.00    0.50    0.00    0.00    0.00    0.00    0.00    0.00   92.23
04:07:34     all    7.32    0.00    0.25    0.00    0.00    0.00    0.00    0.00    0.00   92.42
04:07:35     all    7.29    0.00    0.25    0.25    0.00    0.00    0.00    0.00    0.00   92.21
04:07:36     all    7.79    0.00    1.26    0.00    0.00    0.25    0.00    0.00    0.00   90.70
04:07:37     all    6.55    0.00    0.00    0.00    0.00    0.00    0.00    0.00    0.00   93.45
04:07:38     all    7.29    0.00    0.25    0.00    0.00    0.00    0.00    0.00    0.00   92.46
04:07:39     all    7.27    0.00    0.25    0.00    0.00    0.00    0.00    0.00    0.00   92.48
04:07:40     all    7.54    0.00    0.25    0.00    0.00    0.00    0.00    0.00    0.00   92.21
04:07:41     all    7.00    0.00    0.50    0.25    0.00    0.00    0.00    0.00    0.00   92.25
04:07:42     all    7.05    0.00    0.25    0.00    0.00    0.00    0.00    0.00    0.00   92.70
04:07:43     all    7.29    0.00    0.25    0.00    0.00    0.00    0.00    0.00    0.00   92.46
04:07:44     all    7.29    0.00    0.50    0.00    0.00    0.00    0.00    0.00    0.00   92.21
04:07:45     all    7.29    0.00    0.25    0.00    0.00    0.00    0.00    0.00    0.00   92.46
04:07:46     all    7.07    0.00    0.25    0.00    0.00    0.00    0.00    0.00    0.00   92.68
04:07:47     all    7.29    0.00    0.25    0.00    0.00    0.25    0.00    0.00    0.00   92.21
04:07:48     all    6.55    0.00    0.50    0.00    0.00    0.00    0.00    0.00    0.00   92.95
04:07:49     all    7.29    0.00    0.25    0.00    0.00    0.00    0.00    0.00    0.00   92.46
04:07:50     all    7.29    0.00    0.25    0.00    0.00    0.00    0.00    0.00    0.00   92.46
04:07:51     all    6.53    0.00    0.25    0.00    0.00    0.00    0.00    0.00    0.00   93.22
04:07:52     all    6.50    0.00    0.50    0.50    0.00    0.00    0.00    0.00    0.00   92.50
04:07:53     all    6.52    0.00    0.25    0.00    0.00    0.00    0.00    0.00    0.00   93.23
04:07:54     all    7.29    0.00    0.50    0.00    0.00    0.00    0.00    0.00    0.00   92.21
04:07:55     all    6.77    0.00    0.25    0.00    0.00    0.00    0.00    0.00    0.00   92.98
04:07:56     all    7.50    0.00    0.50    0.00    0.00    0.25    0.00    0.00    0.00   91.75
04:07:57     all    7.05    0.00    0.25    0.00    0.00    0.00    0.00    0.00    0.00   92.70
04:07:58     all    7.04    0.00    0.25    0.00    0.00    0.25    0.00    0.00    0.00   92.46
04:07:59     all    7.04    0.00    0.25    0.00    0.00    0.00    0.00    0.00    0.00   92.71
04:08:00     all    7.77    0.00    0.25    0.00    0.00    0.00    0.00    0.00    0.00   91.98
04:08:01     all    7.27    0.00    0.25    0.00    0.00    0.00    0.00    0.00    0.00   92.48
04:08:02     all    7.56    0.00    0.25    0.00    0.00    0.00    0.00    0.00    0.00   92.19
04:08:03     all    7.79    0.00    0.25    0.25    0.00    0.00    0.00    0.00    0.00   91.71
04:08:04     all    7.02    0.00    0.50    0.00    0.00    0.00    0.00    0.00    0.00   92.48
04:08:05     all    7.05    0.00    0.25    0.00    0.00    0.00    0.00    0.00    0.00   92.70
04:08:06     all    7.30    0.00    0.00    0.00    0.00    0.00    0.00    0.00    0.00   92.70
04:08:07     all    7.29    0.00    0.25    0.00    0.00    0.00    0.00    0.00    0.00   92.46
04:08:08     all    7.02    0.00    0.50    0.00    0.00    0.00    0.00    0.00    0.00   92.48
04:08:09     all    6.77    0.00    0.25    0.25    0.00    0.00    0.00    0.00    0.00   92.73
04:08:10     all    7.05    0.00    0.25    0.00    0.00    0.00    0.00    0.00    0.00   92.70
04:08:11     all    7.30    0.00    0.25    0.00    0.00    0.00    0.00    0.00    0.00   92.44
04:08:12     all    6.80    0.00    0.25    0.00    0.00    0.00    0.00    0.00    0.00   92.95
04:08:13     all    7.00    0.00    0.50    0.00    0.00    0.00    0.00    0.00    0.00   92.50
04:08:14     all    7.04    0.00    0.50    0.00    0.00    0.00    0.00    0.00    0.00   92.46
04:08:15     all    7.07    0.00    0.00    0.25    0.00    0.00    0.00    0.00    0.00   92.68
04:08:16     all    6.77    0.00    0.25    0.00    0.00    0.00    0.00    0.00    0.00   92.98
04:08:17     all    6.55    0.00    0.25    0.00    0.00    0.00    0.00    0.00    0.00   93.20
04:08:18     all    7.05    0.00    0.25    0.00    0.00    0.00    0.00    0.00    0.00   92.70
04:08:19     all    7.02    0.00    0.25    0.00    0.00    0.00    0.00    0.00    0.00   92.73
04:08:20     all    7.25    0.00    0.50    0.00    0.00    0.00    0.00    0.00    0.00   92.25
04:08:21     all    6.85    0.00    0.00    0.00    0.00    0.00    0.00    0.00    0.00   93.15
04:08:22     all    7.44    0.00    0.50    0.25    0.00    0.25    0.00    0.00    0.00   91.56
04:08:23     all    6.84    0.00    0.25    0.00    0.00    0.00    0.00    0.00    0.00   92.91
04:08:24     all    7.52    0.00    0.25    0.00    0.00    0.00    0.00    0.00    0.00   92.23
04:08:25     all    7.54    0.00    0.25    0.00    0.00    0.00    0.00    0.00    0.00   92.21
04:08:26     all    7.30    0.00    0.25    0.25    0.00    0.00    0.00    0.00    0.00   92.19
04:08:27     all    7.04    0.00    0.50    0.00    0.00    0.00    0.00    0.00    0.00   92.46
04:08:28     all    7.05    0.00    0.25    0.00    0.00    0.00    0.00    0.00    0.00   92.70
04:08:29     all    6.80    0.00    0.50    0.00    0.00    0.00    0.00    0.00    0.00   92.70
04:08:30     all    6.77    0.00    0.50    0.00    0.00    0.00    0.00    0.00    0.00   92.73
04:08:31     all    7.04    0.00    0.25    0.25    0.00    0.25    0.00    0.00    0.00   92.21
04:08:32     all    6.80    0.00    0.25    0.00    0.00    0.00    0.00    0.00    0.00   92.95
04:08:33     all    6.77    0.00    0.50    0.00    0.00    0.25    0.00    0.00    0.00   92.48
04:08:34     all    6.80    0.00    0.25    0.00    0.00    0.00    0.00    0.00    0.00   92.95
04:08:35     all    7.05    0.00    0.25    0.00    0.00    0.00    0.00    0.00    0.00   92.70
04:08:36     all    8.02    0.00    1.25    0.25    0.00    0.25    0.00    0.00    0.00   90.23
04:08:37     all    6.80    0.00    0.25    0.00    0.00    0.00    0.00    0.00    0.00   92.95
04:08:38     all    7.05    0.00    0.25    0.00    0.00    0.00    0.00    0.00    0.00   92.70
04:08:39     all    7.29    0.00    0.25    0.00    0.00    0.00    0.00    0.00    0.00   92.46
04:08:40     all    7.52    0.00    0.50    0.00    0.00    0.00    0.00    0.00    0.00   91.98
04:08:41     all    7.05    0.00    0.25    0.00    0.00    0.00    0.00    0.00    0.00   92.70
04:08:42     all    7.05    0.00    0.25    0.00    0.00    0.00    0.00    0.00    0.00   92.70
04:08:43     all    7.77    0.00    0.25    0.00    0.00    0.00    0.00    0.00    0.00   91.98
04:08:44     all    7.29    0.00    0.50    0.00    0.00    0.25    0.00    0.00    0.00   91.96
04:08:45     all    7.04    0.00    0.25    0.00    0.00    0.00    0.00    0.00    0.00   92.71
04:08:46     all    7.30    0.00    0.00    0.00    0.00    0.00    0.00    0.00    0.00   92.70
04:08:47     all    6.55    0.00    0.25    0.00    0.00    0.00    0.00    0.00    0.00   93.20
04:08:48     all    6.75    0.00    0.25    0.50    0.00    0.00    0.00    0.00    0.00   92.50
04:08:49     all    6.52    0.00    0.25    0.00    0.00    0.00    0.00    0.00    0.00   93.23
04:08:50     all    6.80    0.00    0.50    0.00    0.00    0.00    0.00    0.00    0.00   92.70
04:08:51     all    6.80    0.00    0.50    0.00    0.00    0.00    0.00    0.00    0.00   92.70
04:08:52     all    6.80    0.00    0.25    0.00    0.00    0.00    0.00    0.00    0.00   92.95
04:08:53     all    7.25    0.00    0.25    0.00    0.00    0.00    0.00    0.00    0.00   92.50
04:08:54     all    7.59    0.00    0.25    0.00    0.00    0.00    0.00    0.00    0.00   92.15
04:08:55     all    7.02    0.00    0.50    0.00    0.00    0.00    0.00    0.00    0.00   92.48
04:08:56     all    7.54    0.00    0.25    0.00    0.00    0.25    0.00    0.00    0.00   91.96
04:08:57     all    6.78    0.00    0.25    0.00    0.00    0.00    0.00    0.00    0.00   92.96
04:08:58     all    7.30    0.00    0.25    0.00    0.00    0.25    0.00    0.00    0.00   92.19
04:08:59     all    7.30    0.00    0.00    0.00    0.00    0.00    0.00    0.00    0.00   92.70
04:09:00     all    7.07    0.00    0.25    0.00    0.00    0.00    0.00    0.00    0.00   92.68
04:09:01     all    7.29    0.00    0.50    0.00    0.00    0.00    0.00    0.00    0.00   92.21
04:09:02     all    8.27    0.00    0.25    0.00    0.00    0.00    0.00    0.00    0.00   91.48
04:09:03     all    7.56    0.00    0.25    0.00    0.00    0.00    0.00    0.00    0.00   92.19
04:09:04     all    7.54    0.00    0.50    0.00    0.00    0.00    0.00    0.00    0.00   91.96
04:09:05     all    7.54    0.00    0.50    0.50    0.00    0.00    0.00    0.00    0.00   91.46
04:09:06     all    7.02    0.00    0.25    0.00    0.00    0.00    0.00    0.00    0.00   92.73
04:09:07     all    7.04    0.00    0.75    0.00    0.00    0.00    0.00    0.00    0.00   92.21
04:09:08     all    7.30    0.00    0.25    0.00    0.00    0.00    0.00    0.00    0.00   92.44
04:09:09     all    6.80    0.00    0.50    0.00    0.00    0.00    0.00    0.00    0.00   92.70
04:09:10     all    8.04    0.00    0.25    0.00    0.00    0.00    0.00    0.00    0.00   91.71
04:09:11     all    7.27    0.00    0.25    0.00    0.00    0.00    0.00    0.00    0.00   92.48
04:09:12     all    6.82    0.00    0.51    0.00    0.00    0.00    0.00    0.00    0.00   92.68
04:09:13     all    7.27    0.00    0.25    0.00    0.00    0.25    0.00    0.00    0.00   92.23
04:09:14     all    7.30    0.00    0.25    0.00    0.00    0.00    0.00    0.00    0.00   92.44
04:09:15     all    7.27    0.00    0.25    0.00    0.00    0.00    0.00    0.00    0.00   92.48
04:09:16     all    7.25    0.00    0.25    0.25    0.00    0.25    0.00    0.00    0.00   92.00
04:09:17     all    7.25    0.00    0.50    0.00    0.00    0.00    0.00    0.00    0.00   92.25
04:09:18     all    6.78    0.00    0.25    0.25    0.00    0.00    0.00    0.00    0.00   92.71
04:09:19     all    6.78    0.00    0.25    0.00    0.00    0.00    0.00    0.00    0.00   92.96
04:09:20     all    7.36    0.00    0.00    0.00    0.00    0.00    0.00    0.00    0.00   92.64
04:09:21     all    7.52    0.00    0.25    0.00    0.00    0.00    0.00    0.00    0.00   92.23
04:09:22     all    7.02    0.00    0.50    0.00    0.00    0.25    0.00    0.00    0.00   92.23
04:09:23     all    7.05    0.00    0.25    0.00    0.00    0.00    0.00    0.00    0.00   92.70
04:09:24     all    7.04    0.00    0.25    0.00    0.00    0.00    0.00    0.00    0.00   92.71
04:09:25     all    6.80    0.00    0.25    0.00    0.00    0.00    0.00    0.00    0.00   92.95
04:09:26     all    7.30    0.00    0.25    0.25    0.00    0.00    0.00    0.00    0.00   92.19
04:09:27     all    7.07    0.00    0.25    0.00    0.00    0.00    0.00    0.00    0.00   92.68
04:09:28     all    7.27    0.00    0.75    0.00    0.00    0.00    0.00    0.00    0.00   91.98
04:09:29     all    7.07    0.00    0.25    0.00    0.00    0.00    0.00    0.00    0.00   92.68
04:09:30     all    7.05    0.00    0.00    0.00    0.00    0.00    0.00    0.00    0.00   92.95
04:09:31     all    7.05    0.00    0.50    0.00    0.00    0.00    0.00    0.00    0.00   92.44
04:09:32     all    7.29    0.00    0.25    0.00    0.00    0.00    0.00    0.00    0.00   92.46
04:09:33     all    7.29    0.00    0.50    0.00    0.00    0.00    0.00    0.00    0.00   92.21
04:09:34     all    7.79    0.00    0.50    0.00    0.00    0.00    0.00    0.00    0.00   91.71
04:09:35     all    7.79    0.00    0.00    0.00    0.00    0.00    0.00    0.00    0.00   92.21
04:09:36     all    8.00    0.00    1.75    0.00    0.00    0.25    0.00    0.00    0.00   90.00
04:09:37     all    7.52    0.00    0.25    0.25    0.00    0.00    0.00    0.00    0.00   91.98
04:09:38     all    7.30    0.00    0.25    0.00    0.00    0.00    0.00    0.00    0.00   92.44
04:09:39     all    7.05    0.00    0.25    0.00    0.00    0.00    0.00    0.00    0.00   92.70
04:09:40     all    7.30    0.00    0.25    0.00    0.00    0.00    0.00    0.00    0.00   92.44
04:09:41     all    7.54    0.00    0.25    0.00    0.00    0.00    0.00    0.00    0.00   92.21
04:09:42     all    7.05    0.00    0.25    0.00    0.00    0.00    0.00    0.00    0.00   92.70
04:09:43     all    7.27    0.00    0.25    0.25    0.00    0.00    0.00    0.00    0.00   92.23
04:09:44     all    7.23    0.00    0.50    0.25    0.00    0.25    0.00    0.00    0.00   91.77
04:09:45     all    7.04    0.00    0.50    0.00    0.00    0.00    0.00    0.00    0.00   92.46
04:09:46     all    7.52    0.00    0.25    0.00    0.00    0.00    0.00    0.00    0.00   92.23
04:09:47     all    6.57    0.00    0.25    0.00    0.00    0.00    0.00    0.00    0.00   93.18
04:09:48     all    6.78    0.00    0.00    0.00    0.00    0.00    0.00    0.00    0.00   93.22
04:09:49     all    7.32    0.00    0.25    0.25    0.00    0.00    0.00    0.00    0.00   92.17
04:09:50     all    7.05    0.00    0.25    0.00    0.00    0.00    0.00    0.00    0.00   92.70
04:09:51     all    7.75    0.00    0.25    0.00    0.00    0.00    0.00    0.00    0.00   92.00
04:09:52     all    7.05    0.00    0.25    0.00    0.00    0.00    0.00    0.00    0.00   92.70
04:09:53     all    6.78    0.00    0.50    0.00    0.00    0.00    0.00    0.00    0.00   92.71
04:09:54     all    7.54    0.00    0.50    0.00    0.00    0.00    0.00    0.00    0.00   91.96
04:09:55     all    7.07    0.00    0.00    0.00    0.00    0.00    0.00    0.00    0.00   92.93
04:09:56     all    7.77    0.00    0.25    0.00    0.00    0.00    0.00    0.00    0.00   91.98
04:09:57     all    7.29    0.00    0.25    0.00    0.00    0.00    0.00    0.00    0.00   92.46
04:09:58     all    7.25    0.00    0.25    0.00    0.00    0.25    0.00    0.00    0.00   92.25
04:09:59     all    7.09    0.00    0.25    0.00    0.00    0.00    0.00    0.00    0.00   92.66
04:10:00     all    7.54    0.00    0.25    0.25    0.00    0.00    0.00    0.00    0.00   91.96
04:10:01     all    7.27    0.00    1.00    0.25    0.00    0.00    0.00    0.00    0.00   91.48
04:10:02     all    8.61    0.00    0.25    0.00    0.00    0.00    0.00    0.00    0.00   91.14
04:10:03     all    7.54    0.00    0.25    0.00    0.00    0.00    0.00    0.00    0.00   92.21
04:10:04     all    7.77    0.00    0.25    0.00    0.00    0.25    0.00    0.00    0.00   91.73
04:10:05     all    8.27    0.00    0.50    0.00    0.00    0.00    0.00    0.00    0.00   91.23
04:10:06     all    8.29    0.00    0.50    0.00    0.00    0.00    0.00    0.00    0.00   91.21
04:10:07     all    8.06    0.00    0.25    0.50    0.00    0.00    0.00    0.00    0.00   91.18
04:10:08     all    8.27    0.00    0.50    0.00    0.00    0.00    0.00    0.00    0.00   91.23
04:10:09     all    8.00    0.00    0.50    0.00    0.00    0.00    0.00    0.00    0.00   91.50
04:10:10     all    7.79    0.00    0.25    0.00    0.00    0.25    0.00    0.00    0.00   91.71
04:10:11     all    7.81    0.00    0.50    0.00    0.00    0.00    0.00    0.00    0.00   91.69
04:10:12     all    7.79    0.00    0.00    0.00    0.00    0.00    0.00    0.00    0.00   92.21
04:10:13     all    7.79    0.00    0.50    0.00    0.00    0.00    0.00    0.00    0.00   91.71
04:10:14     all    7.07    0.00    0.25    0.00    0.00    0.00    0.00    0.00    0.00   92.68
04:10:15     all    7.02    0.00    0.25    0.00    0.00    0.00    0.00    0.00    0.00   92.73
04:10:16     all    8.31    0.00    0.50    0.00    0.00    0.00    0.00    0.00    0.00   91.18
04:10:17     all    8.02    0.00    0.25    0.00    0.00    0.00    0.00    0.00    0.00   91.73
04:10:18     all    7.50    0.00    0.50    0.00    0.00    0.00    0.00    0.00    0.00   92.00
04:10:19     all    7.56    0.00    0.25    0.25    0.00    0.00    0.00    0.00    0.00   91.94
04:10:20     all    8.02    0.00    0.25    0.00    0.00    0.00    0.00    0.00    0.00   91.73
04:10:21     all    7.79    0.00    0.50    0.00    0.00    0.00    0.00    0.00    0.00   91.71
04:10:22     all    7.77    0.00    0.50    0.00    0.00    0.50    0.00    0.00    0.00   91.23
04:10:23     all    7.79    0.00    0.25    0.00    0.00    0.00    0.00    0.00    0.00   91.96
04:10:24     all    7.79    0.00    0.25    0.00    0.00    0.00    0.00    0.00    0.00   91.96
04:10:25     all    7.77    0.00    0.50    0.25    0.00    0.00    0.00    0.00    0.00   91.48
04:10:26     all    7.79    0.00    0.25    0.00    0.00    0.00    0.00    0.00    0.00   91.96
04:10:27     all    8.06    0.00    0.25    0.00    0.00    0.00    0.00    0.00    0.00   91.69
04:10:28     all    8.29    0.00    0.25    0.00    0.00    0.00    0.00    0.00    0.00   91.46
04:10:29     all    8.02    0.00    0.50    0.00    0.00    0.00    0.00    0.00    0.00   91.48
04:10:30     all    7.02    0.00    0.25    0.00    0.00    0.25    0.00    0.00    0.00   92.48
04:10:31     all    7.04    0.00    0.25    0.25    0.00    0.00    0.00    0.00    0.00   92.46
04:10:32     all    7.54    0.00    0.25    0.00    0.00    0.00    0.00    0.00    0.00   92.21
04:10:33     all    7.09    0.00    0.25    0.00    0.00    0.00    0.00    0.00    0.00   92.66
04:10:34     all    7.98    0.00    0.50    0.00    0.00    0.00    0.00    0.00    0.00   91.52
04:10:35     all    7.04    0.00    0.25    0.00    0.00    0.00    0.00    0.00    0.00   92.71
04:10:36     all    7.58    0.00    1.26    0.00    0.00    0.51    0.00    0.00    0.00   90.66
04:10:37     all    7.04    0.00    0.25    0.00    0.00    0.00    0.00    0.00    0.00   92.71
04:10:38     all    8.04    0.00    0.25    0.00    0.00    0.00    0.00    0.00    0.00   91.71
04:10:39     all    7.77    0.00    0.25    0.00    0.00    0.25    0.00    0.00    0.00   91.73
04:10:40     all    7.79    0.00    0.25    0.00    0.00    0.00    0.00    0.00    0.00   91.96
04:10:41     all    7.79    0.00    0.25    0.00    0.00    0.00    0.00    0.00    0.00   91.96
04:10:42     all    8.33    0.00    0.25    0.00    0.00    0.00    0.00    0.00    0.00   91.41
04:10:43     all    7.98    0.00    0.25    0.25    0.00    0.00    0.00    0.00    0.00   91.52
04:10:44     all    8.06    0.00    0.25    0.00    0.00    0.00    0.00    0.00    0.00   91.69
04:10:45     all    7.81    0.00    0.25    0.00    0.00    0.00    0.00    0.00    0.00   91.94
04:10:46     all    8.02    0.00    0.00    0.00    0.00    0.00    0.00    0.00    0.00   91.98
04:10:47     all    8.08    0.00    0.25    0.00    0.00    0.00    0.00    0.00    0.00   91.67
04:10:48     all    7.81    0.00    0.25    0.00    0.00    0.00    0.00    0.00    0.00   91.94
04:10:49     all    7.98    0.00    0.50    0.25    0.00    0.00    0.00    0.00    0.00   91.27
04:10:50     all    7.79    0.00    0.25    0.00    0.00    0.25    0.00    0.00    0.00   91.71
04:10:51     all    7.81    0.00    0.50    0.00    0.00    0.00    0.00    0.00    0.00   91.69
04:10:52     all    8.02    0.00    0.25    0.00    0.00    0.00    0.00    0.00    0.00   91.73
04:10:53     all    7.83    0.00    0.25    0.00    0.00    0.00    0.00    0.00    0.00   91.92
04:10:54     all    8.04    0.00    0.25    0.00    0.00    0.00    0.00    0.00    0.00   91.71
04:10:55     all    7.71    0.00    0.50    0.50    0.00    0.00    0.00    0.00    0.00   91.29
04:10:56     all    7.77    0.00    0.25    0.00    0.00    0.25    0.00    0.00    0.00   91.73
04:10:57     all    8.04    0.00    0.25    0.00    0.00    0.00    0.00    0.00    0.00   91.71
04:10:58     all    6.28    0.00    0.25    0.00    0.00    0.00    0.00    0.00    0.00   93.47
04:10:59     all    7.79    0.00    0.50    0.00    0.00    0.00    0.00    0.00    0.00   91.71
04:11:00     all    8.27    0.00    0.25    0.00    0.00    0.00    0.00    0.00    0.00   91.48
04:11:01     all    8.04    0.00    0.25    0.00    0.00    0.00    0.00    0.00    0.00   91.71
04:11:02     all    7.27    0.00    0.25    0.00    0.00    0.00    0.00    0.00    0.00   92.48
04:11:03     all    7.30    0.00    0.50    0.00    0.00    0.25    0.00    0.00    0.00   91.94
04:11:04     all    7.77    0.00    0.25    0.00    0.00    0.25    0.00    0.00    0.00   91.73
04:11:05     all    7.56    0.00    0.25    0.00    0.00    0.00    0.00    0.00    0.00   92.19
04:11:06     all    8.02    0.00    0.25    0.00    0.00    0.00    0.00    0.00    0.00   91.73
04:11:07     all    7.29    0.00    0.25    0.25    0.00    0.00    0.00    0.00    0.00   92.21
04:11:08     all    7.30    0.00    0.25    0.00    0.00    0.00    0.00    0.00    0.00   92.44
04:11:09     all    7.83    0.00    0.25    0.00    0.00    0.00    0.00    0.00    0.00   91.92
04:11:10     all    7.25    0.00    0.25    0.00    0.00    0.25    0.00    0.00    0.00   92.25
04:11:11     all    8.06    0.00    0.25    0.00    0.00    0.00    0.00    0.00    0.00   91.69
04:11:12     all    7.48    0.00    0.25    0.25    0.00    0.25    0.00    0.00    0.00   91.77
04:11:13     all    7.58    0.00    0.51    0.00    0.00    0.00    0.00    0.00    0.00   91.92
04:11:14     all    6.78    0.00    0.25    0.00    0.00    0.00    0.00    0.00    0.00   92.96
04:11:15     all    7.27    0.00    0.25    0.00    0.00    0.00    0.00    0.00    0.00   92.48
04:11:16     all    7.30    0.00    0.50    0.00    0.00    0.00    0.00    0.00    0.00   92.19
04:11:17     all    7.54    0.00    0.25    0.00    0.00    0.00    0.00    0.00    0.00   92.21
04:11:18     all    8.29    0.00    0.25    0.50    0.00    0.00    0.00    0.00    0.00   90.95
04:11:19     all    7.79    0.00    0.25    0.00    0.00    0.00    0.00    0.00    0.00   91.96
04:11:20     all    8.04    0.00    0.25    0.00    0.00    0.00    0.00    0.00    0.00   91.71
04:11:21     all    7.56    0.00    0.50    0.00    0.00    0.00    0.00    0.00    0.00   91.94
04:11:22     all    7.50    0.00    0.25    0.00    0.00    0.00    0.00    0.00    0.00   92.25
04:11:23     all    7.07    0.00    0.25    0.00    0.00    0.00    0.00    0.00    0.00   92.68
04:11:24     all    7.32    0.00    0.25    0.00    0.00    0.00    0.00    0.00    0.00   92.42
04:11:25     all    7.73    0.00    0.50    0.00    0.00    0.00    0.00    0.00    0.00   91.77
04:11:26     all    8.29    0.00    0.25    0.00    0.00    0.00    0.00    0.00    0.00   91.46
04:11:27     all    8.25    0.00    0.50    0.00    0.00    0.00    0.00    0.00    0.00   91.25
04:11:28     all    7.79    0.00    0.25    0.00    0.00    0.25    0.00    0.00    0.00   91.71
04:11:29     all    8.27    0.00    0.25    0.00    0.00    0.00    0.00    0.00    0.00   91.48
04:11:30     all    8.31    0.00    0.50    0.25    0.00    0.00    0.00    0.00    0.00   90.93
04:11:31     all    8.04    0.00    0.25    0.00    0.00    0.00    0.00    0.00    0.00   91.71
04:11:32     all    7.29    0.00    0.50    0.00    0.00    0.00    0.00    0.00    0.00   92.21
04:11:33     all    7.79    0.00    0.00    0.00    0.00    0.00    0.00    0.00    0.00   92.21
04:11:34     all    7.56    0.00    0.50    0.00    0.00    0.00    0.00    0.00    0.00   91.94
04:11:35     all    8.02    0.00    0.25    0.25    0.00    0.00    0.00    0.00    0.00   91.48
04:11:36     all    8.50    0.00    1.50    0.00    0.00    0.00    0.00    0.00    0.00   90.00
04:11:37     all    8.27    0.00    0.50    0.00    0.00    0.25    0.00    0.00    0.00   90.98
04:11:38     all    8.27    0.00    0.25    0.00    0.00    0.00    0.00    0.00    0.00   91.48
04:11:39     all    7.79    0.00    0.25    0.00    0.00    0.00    0.00    0.00    0.00   91.96
04:11:40     all    8.54    0.00    0.25    0.00    0.00    0.00    0.00    0.00    0.00   91.21
04:11:41     all    8.04    0.00    0.25    0.50    0.00    0.50    0.00    0.00    0.00   90.70
04:11:42     all    8.00    0.00    0.50    0.00    0.00    0.25    0.00    0.00    0.00   91.25
04:11:43     all    8.29    0.00    0.25    0.00    0.00    0.00    0.00    0.00    0.00   91.46
04:11:44     all    8.52    0.00    0.25    0.00    0.00    0.00    0.00    0.00    0.00   91.23
04:11:45     all    8.06    0.00    0.50    0.00    0.00    0.25    0.00    0.00    0.00   91.18
04:11:46     all    8.25    0.00    0.25    0.00    0.00    0.00    0.00    0.00    0.00   91.50
04:11:47     all    7.83    0.00    0.25    0.00    0.00    0.00    0.00    0.00    0.00   91.92
04:11:48     all    8.29    0.00    0.25    0.00    0.00    0.00    0.00    0.00    0.00   91.46
04:11:49     all    8.23    0.00    0.75    0.00    0.00    0.00    0.00    0.00    0.00   91.02
04:11:50     all    8.59    0.00    0.00    0.00    0.00    0.00    0.00    0.00    0.00   91.41
04:11:51     all    8.56    0.00    0.50    0.00    0.00    0.00    0.00    0.00    0.00   90.93
04:11:52     all    8.29    0.00    0.25    0.00    0.00    0.00    0.00    0.00    0.00   91.46
04:11:53     all    8.50    0.00    0.25    0.25    0.00    0.00    0.00    0.00    0.00   91.00
04:11:54     all    7.52    0.00    0.50    0.00    0.00    0.25    0.00    0.00    0.00   91.73
04:11:55     all    7.77    0.00    0.50    0.00    0.00    0.00    0.00    0.00    0.00   91.73
04:11:56     all    7.81    0.00    0.00    0.00    0.00    0.25    0.00    0.00    0.00   91.94
04:11:57     all    8.31    0.00    0.50    0.00    0.00    0.00    0.00    0.00    0.00   91.18
04:11:58     all    7.98    0.00    0.50    0.00    0.00    0.25    0.00    0.00    0.00   91.27
04:11:59     all    7.50    0.00    0.25    0.25    0.00    0.25    0.00    0.00    0.00   91.75
04:12:00     all    7.29    0.00    0.50    0.00    0.00    0.25    0.00    0.00    0.00   91.96
04:12:01     all    7.56    0.00    0.25    0.00    0.00    0.25    0.00    0.00    0.00   91.94
04:12:02     all    7.79    0.00    0.25    0.00    0.00    0.25    0.00    0.00    0.00   91.71
04:12:03     all    7.56    0.00    0.25    0.00    0.00    0.25    0.00    0.00    0.00   91.94
04:12:04     all    8.02    0.00    0.00    0.50    0.00    0.00    0.00    0.00    0.00   91.48
04:12:05     all    8.21    0.00    0.75    0.00    0.00    0.25    0.00    0.00    0.00   90.80
04:12:06     all    8.04    0.00    0.25    0.00    0.00    0.00    0.00    0.00    0.00   91.71
04:12:07     all    8.04    0.00    0.25    0.00    0.00    0.25    0.00    0.00    0.00   91.46
04:12:08     all    8.02    0.00    0.25    0.00    0.00    0.00    0.00    0.00    0.00   91.73
04:12:09     all    8.25    0.00    0.50    0.00    0.00    0.25    0.00    0.00    0.00   91.00
04:12:10     all    7.58    0.00    0.25    0.00    0.00    0.00    0.00    0.00    0.00   92.17
04:12:11     all    7.77    0.00    0.25    0.00    0.00    0.25    0.00    0.00    0.00   91.73
04:12:12     all    8.02    0.00    0.50    0.00    0.00    0.00    0.00    0.00    0.00   91.48
04:12:13     all    7.81    0.00    0.25    0.00    0.00    0.00    0.00    0.00    0.00   91.94
04:12:14     all    8.02    0.00    0.25    0.00    0.00    0.25    0.00    0.00    0.00   91.48
04:12:15     all    8.02    0.00    0.25    0.25    0.00    0.25    0.00    0.00    0.00   91.23
04:12:16     all    7.56    0.00    0.25    0.00    0.00    0.00    0.00    0.00    0.00   92.19
04:12:17     all    8.02    0.00    0.25    0.00    0.00    0.25    0.00    0.00    0.00   91.48
04:12:18     all    7.81    0.00    0.50    0.00    0.00    0.00    0.00    0.00    0.00   91.69
04:12:19     all    8.27    0.00    0.25    0.00    0.00    0.25    0.00    0.00    0.00   91.23
04:12:20     all    8.31    0.00    0.25    0.00    0.00    0.00    0.00    0.00    0.00   91.44
04:12:21     all    7.73    0.00    0.50    0.00    0.00    0.50    0.00    0.00    0.00   91.27
04:12:22     all    8.06    0.00    0.25    0.00    0.00    0.00    0.00    0.00    0.00   91.69
04:12:23     all    8.02    0.00    0.25    0.00    0.00    0.25    0.00    0.00    0.00   91.48
04:12:24     all    7.30    0.00    0.25    0.00    0.00    0.00    0.00    0.00    0.00   92.44
04:12:25     all    7.58    0.00    0.25    0.00    0.00    0.25    0.00    0.00    0.00   91.92
04:12:26     all    8.06    0.00    0.50    0.00    0.00    0.00    0.00    0.00    0.00   91.44
04:12:27     all    7.58    0.00    0.25    0.00    0.00    0.25    0.00    0.00    0.00   91.92
04:12:28     all    8.25    0.00    0.50    0.00    0.00    0.25    0.00    0.00    0.00   91.00
04:12:29     all    7.56    0.00    0.50    0.00    0.00    0.00    0.00    0.00    0.00   91.94
04:12:30     all    7.81    0.00    0.25    0.00    0.00    0.25    0.00    0.00    0.00   91.69
04:12:31     all    7.75    0.00    0.50    0.00    0.00    0.25    0.00    0.00    0.00   91.50
04:12:32     all    8.27    0.00    0.50    0.50    0.00    0.00    0.00    0.00    0.00   90.73
04:12:33     all    7.56    0.00    0.25    0.00    0.00    0.00    0.00    0.00    0.00   92.19
04:12:34     all    8.25    0.00    0.25    0.00    0.00    0.25    0.00    0.00    0.00   91.25
04:12:35     all    7.54    0.00    0.25    0.00    0.00    0.25    0.00    0.00    0.00   91.96
04:12:36     all    8.52    0.00    1.50    0.00    0.00    0.25    0.00    0.00    0.00   89.72
04:12:37     all    7.52    0.00    0.50    0.25    0.00    0.00    0.00    0.00    0.00   91.73
04:12:38     all    7.83    0.00    0.25    0.00    0.00    0.25    0.00    0.00    0.00   91.67
04:12:39     all    7.81    0.00    0.25    0.00    0.00    0.00    0.00    0.00    0.00   91.94
04:12:40     all    8.27    0.00    0.50    0.00    0.00    0.25    0.00    0.00    0.00   90.98
04:12:41     all    7.79    0.00    0.50    0.00    0.00    0.00    0.00    0.00    0.00   91.71
04:12:42     all    7.83    0.00    0.00    0.00    0.00    0.00    0.00    0.00    0.00   92.17
04:12:43     all    7.50    0.00    0.50    0.00    0.00    0.50    0.00    0.00    0.00   91.50
04:12:44     all    8.27    0.00    0.25    0.00    0.00    0.25    0.00    0.00    0.00   91.23
04:12:45     all    8.33    0.00    0.25    0.00    0.00    0.00    0.00    0.00    0.00   91.41
04:12:46     all    8.04    0.00    0.25    0.00    0.00    0.00    0.00    0.00    0.00   91.71
04:12:47     all    7.77    0.00    0.25    0.25    0.00    0.25    0.00    0.00    0.00   91.48
04:12:48     all    8.02    0.00    0.50    0.00    0.00    0.25    0.00    0.00    0.00   91.23
04:12:49     all    8.06    0.00    0.25    0.00    0.00    0.00    0.00    0.00    0.00   91.69
04:12:50     all    8.29    0.00    0.50    0.00    0.00    0.25    0.00    0.00    0.00   90.95
04:12:51     all    8.25    0.00    0.25    0.25    0.00    0.25    0.00    0.00    0.00   91.00
04:12:52     all    8.06    0.00    0.50    0.00    0.00    0.25    0.00    0.00    0.00   91.18
04:12:53     all    7.56    0.00    0.25    0.00    0.00    0.25    0.00    0.00    0.00   91.94
04:12:54     all    8.54    0.00    0.50    0.00    0.00    0.00    0.00    0.00    0.00   90.95
04:12:55     all    8.25    0.00    0.25    0.00    0.00    0.25    0.00    0.00    0.00   91.25
04:12:56     all    8.04    0.00    0.25    0.00    0.00    0.00    0.00    0.00    0.00   91.71
04:12:57     all    8.79    0.00    0.50    0.00    0.00    0.00    0.00    0.00    0.00   90.70
04:12:58     all    8.27    0.00    0.50    0.25    0.00    0.00    0.00    0.00    0.00   90.98
04:12:59     all    7.81    0.00    0.25    0.00    0.00    0.00    0.00    0.00    0.00   91.94
04:13:00     all    8.29    0.00    0.50    0.00    0.00    0.00    0.00    0.00    0.00   91.21
04:13:01     all    8.54    0.00    0.25    0.00    0.00    0.00    0.00    0.00    0.00   91.21
04:13:02     all    8.27    0.00    0.50    0.00    0.00    0.00    0.00    0.00    0.00   91.23
04:13:03     all    9.05    0.00    0.50    0.25    0.00    0.00    0.00    0.00    0.00   90.20
04:13:04     all    8.31    0.00    0.00    0.00    0.00    0.00    0.00    0.00    0.00   91.69
04:13:05     all    8.52    0.00    0.25    0.00    0.00    0.25    0.00    0.00    0.00   90.98
04:13:06     all    8.02    0.00    0.50    0.00    0.00    0.00    0.00    0.00    0.00   91.48
04:13:07     all    7.58    0.00    0.25    0.00    0.00    0.00    0.00    0.00    0.00   92.17
04:13:08     all    7.27    0.00    0.25    0.00    0.00    0.25    0.00    0.00    0.00   92.23
04:13:09     all    7.52    0.00    0.50    0.25    0.00    0.25    0.00    0.00    0.00   91.48
04:13:10     all    7.81    0.00    0.50    0.00    0.00    0.25    0.00    0.00    0.00   91.44
04:13:11     all    8.27    0.00    0.50    0.00    0.00    0.00    0.00    0.00    0.00   91.23
04:13:12     all    8.27    0.00    0.50    0.00    0.00    0.00    0.00    0.00    0.00   91.23
04:13:13     all    8.29    0.00    0.25    0.00    0.00    0.00    0.00    0.00    0.00   91.46
04:13:14     all    8.61    0.00    0.25    0.00    0.00    0.00    0.00    0.00    0.00   91.14
04:13:15     all    7.02    0.00    0.50    0.00    0.00    0.00    0.00    0.00    0.00   92.48
04:13:16     all    7.56    0.00    0.25    0.00    0.00    0.00    0.00    0.00    0.00   92.19
04:13:17     all    7.54    0.00    0.50    0.00    0.00    0.00    0.00    0.00    0.00   91.96
04:13:18     all    7.81    0.00    0.00    0.00    0.00    0.00    0.00    0.00    0.00   92.19
04:13:19     all    7.50    0.00    0.50    0.00    0.00    0.00    0.00    0.00    0.00   92.00
04:13:20     all    7.83    0.00    0.25    0.00    0.00    0.00    0.00    0.00    0.00   91.92
04:13:21     all    7.48    0.00    0.50    0.25    0.00    0.25    0.00    0.00    0.00   91.52
04:13:22     all    7.79    0.00    0.25    0.00    0.00    0.00    0.00    0.00    0.00   91.96
04:13:23     all    7.77    0.00    0.75    0.00    0.00    0.00    0.00    0.00    0.00   91.48
04:13:24     all    7.81    0.00    0.25    0.00    0.00    0.00    0.00    0.00    0.00   91.94
04:13:25     all    7.58    0.00    0.25    0.00    0.00    0.00    0.00    0.00    0.00   92.17
04:13:26     all    7.75    0.00    0.50    0.00    0.00    0.00    0.00    0.00    0.00   91.75
04:13:27     all    7.32    0.00    0.25    0.00    0.00    0.00    0.00    0.00    0.00   92.42
04:13:28     all    7.58    0.00    0.25    0.00    0.00    0.00    0.00    0.00    0.00   92.17
04:13:29     all    7.54    0.00    0.25    0.00    0.00    0.00    0.00    0.00    0.00   92.21
04:13:30     all    7.52    0.00    0.50    0.00    0.00    0.00    0.00    0.00    0.00   91.98
04:13:31     all    7.02    0.00    0.25    0.00    0.00    0.00    0.00    0.00    0.00   92.73
04:13:32     all    8.04    0.00    0.00    0.50    0.00    0.00    0.00    0.00    0.00   91.46
04:13:33     all    8.25    0.00    0.25    0.00    0.00    0.00    0.00    0.00    0.00   91.50
04:13:34     all    7.29    0.00    0.25    0.00    0.00    0.00    0.00    0.00    0.00   92.46
04:13:35     all    7.79    0.00    0.50    0.00    0.00    0.00    0.00    0.00    0.00   91.71
04:13:36     all    8.54    0.00    1.26    0.00    0.00    0.50    0.00    0.00    0.00   89.70
04:13:37     all    7.52    0.00    0.25    0.00    0.00    0.00    0.00    0.00    0.00   92.23
04:13:38     all    7.81    0.00    0.50    0.00    0.00    0.00    0.00    0.00    0.00   91.69
04:13:39     all    7.58    0.00    0.25    0.00    0.00    0.00    0.00    0.00    0.00   92.17
04:13:40     all    7.56    0.00    0.25    0.00    0.00    0.00    0.00    0.00    0.00   92.19
04:13:41     all    7.52    0.00    0.25    0.00    0.00    0.00    0.00    0.00    0.00   92.23
04:13:42     all    7.58    0.00    0.25    0.00    0.00    0.00    0.00    0.00    0.00   92.17
04:13:43     all    8.04    0.00    0.25    0.00    0.00    0.00    0.00    0.00    0.00   91.71
04:13:44     all    7.52    0.00    0.25    0.25    0.00    0.50    0.00    0.00    0.00   91.48
04:13:45     all    8.02    0.00    1.00    0.25    0.00    0.00    0.00    0.00    0.00   90.73
04:13:46     all    7.52    0.00    0.25    0.25    0.00    0.00    0.00    0.00    0.00   91.98
04:13:47     all    7.77    0.00    0.50    0.00    0.00    0.00    0.00    0.00    0.00   91.73
04:13:48     all    7.32    0.00    0.25    0.00    0.00    0.00    0.00    0.00    0.00   92.42
04:13:49     all    7.54    0.00    0.50    0.00    0.00    0.00    0.00    0.00    0.00   91.96
04:13:50     all    7.29    0.00    0.25    0.00    0.00    0.00    0.00    0.00    0.00   92.46
04:13:51     all    7.83    0.00    0.51    0.00    0.00    0.00    0.00    0.00    0.00   91.67
04:13:52     all    7.29    0.00    0.25    0.00    0.00    0.00    0.00    0.00    0.00   92.46
04:13:53     all    7.05    0.00    0.25    0.00    0.00    0.00    0.00    0.00    0.00   92.70
04:13:54     all    7.29    0.00    0.25    0.00    0.00    0.00    0.00    0.00    0.00   92.46
04:13:55     all    7.30    0.00    0.25    0.00    0.00    0.00    0.00    0.00    0.00   92.44
04:13:56     all    7.77    0.00    0.25    0.00    0.00    0.00    0.00    0.00    0.00   91.98
04:13:57     all    7.52    0.00    0.50    0.50    0.00    0.00    0.00    0.00    0.00   91.48
04:13:58     all    7.50    0.00    0.50    0.00    0.00    0.25    0.00    0.00    0.00   91.75
04:13:59     all    7.04    0.00    0.25    0.00    0.00    0.00    0.00    0.00    0.00   92.71
04:14:00     all    7.05    0.00    0.25    0.00    0.00    0.00    0.00    0.00    0.00   92.70
04:14:01     all    7.56    0.00    0.25    0.00    0.00    0.00    0.00    0.00    0.00   92.19
04:14:02     all    7.29    0.00    0.50    0.00    0.00    0.00    0.00    0.00    0.00   92.21
04:14:03     all    7.79    0.00    0.50    0.00    0.00    0.00    0.00    0.00    0.00   91.71
04:14:04     all    7.75    0.00    0.50    0.00    0.00    0.00    0.00    0.00    0.00   91.75
04:14:05     all    7.05    0.00    0.25    0.00    0.00    0.00    0.00    0.00    0.00   92.70
04:14:06     all    7.29    0.00    0.25    0.00    0.00    0.00    0.00    0.00    0.00   92.46
04:14:07     all    7.02    0.00    0.25    0.00    0.00    0.25    0.00    0.00    0.00   92.48
04:14:08     all    7.54    0.00    0.25    0.25    0.00    0.00    0.00    0.00    0.00   91.96
04:14:09     all    7.56    0.00    0.25    0.00    0.00    0.00    0.00    0.00    0.00   92.19
04:14:10     all    7.27    0.00    0.25    0.00    0.00    0.25    0.00    0.00    0.00   92.23
04:14:11     all    7.07    0.00    0.25    0.00    0.00    0.00    0.00    0.00    0.00   92.68
04:14:12     all    7.54    0.00    0.25    0.00    0.00    0.00    0.00    0.00    0.00   92.21
04:14:13     all    6.75    0.00    0.50    0.00    0.00    0.00    0.00    0.00    0.00   92.75
04:14:14     all    6.80    0.00    0.25    0.00    0.00    0.00    0.00    0.00    0.00   92.95
04:14:15     all    6.80    0.00    0.50    0.00    0.00    0.00    0.00    0.00    0.00   92.70
04:14:16     all    7.29    0.00    0.25    0.00    0.00    0.00    0.00    0.00    0.00   92.46
04:14:17     all    6.75    0.00    0.50    0.00    0.00    0.00    0.00    0.00    0.00   92.75
04:14:18     all    7.07    0.00    0.25    0.00    0.00    0.00    0.00    0.00    0.00   92.68
04:14:19     all    7.50    0.00    0.25    0.00    0.00    0.25    0.00    0.00    0.00   92.00
04:14:20     all    7.29    0.00    0.25    0.25    0.00    0.00    0.00    0.00    0.00   92.21
04:14:21     all    7.32    0.00    0.25    0.00    0.00    0.00    0.00    0.00    0.00   92.42
04:14:22     all    7.54    0.00    0.25    0.00    0.00    0.00    0.00    0.00    0.00   92.21
04:14:23     all    7.27    0.00    0.00    0.00    0.00    0.00    0.00    0.00    0.00   92.73
04:14:24     all    7.04    0.00    0.50    0.00    0.00    0.00    0.00    0.00    0.00   92.46
04:14:25     all    7.29    0.00    0.25    0.00    0.00    0.00    0.00    0.00    0.00   92.46
04:14:26     all    7.29    0.00    0.25    0.25    0.00    0.00    0.00    0.00    0.00   92.21
04:14:27     all    7.07    0.00    0.25    0.00    0.00    0.00    0.00    0.00    0.00   92.68
04:14:28     all    7.04    0.00    0.25    0.00    0.00    0.00    0.00    0.00    0.00   92.71
04:14:29     all    7.27    0.00    0.25    0.00    0.00    0.00    0.00    0.00    0.00   92.48
04:14:30     all    6.78    0.00    0.50    0.00    0.00    0.00    0.00    0.00    0.00   92.71
04:14:31     all    7.07    0.00    0.25    0.00    0.00    0.00    0.00    0.00    0.00   92.68
04:14:32     all    7.00    0.00    0.25    0.25    0.00    0.00    0.00    0.00    0.00   92.50
04:14:33     all    7.79    0.00    0.00    0.00    0.00    0.00    0.00    0.00    0.00   92.21
04:14:34     all    7.29    0.00    0.25    0.00    0.00    0.00    0.00    0.00    0.00   92.46
04:14:35     all    7.04    0.00    0.50    0.00    0.00    0.00    0.00    0.00    0.00   92.46
04:14:36     all    7.77    0.00    1.75    0.00    0.00    0.25    0.00    0.00    0.00   90.23
04:14:37     all    6.82    0.00    0.00    0.00    0.00    0.25    0.00    0.00    0.00   92.93
04:14:38     all    7.52    0.00    0.25    0.25    0.00    0.00    0.00    0.00    0.00   91.98
04:14:39     all    7.05    0.00    0.50    0.00    0.00    0.00    0.00    0.00    0.00   92.44
04:14:40     all    7.77    0.00    0.00    0.00    0.00    0.00    0.00    0.00    0.00   92.23
04:14:41     all    7.05    0.00    0.25    0.00    0.00    0.00    0.00    0.00    0.00   92.70
04:14:42     all    7.52    0.00    0.25    0.00    0.00    0.00    0.00    0.00    0.00   92.23
04:14:43     all    7.02    0.00    0.75    0.25    0.00    0.00    0.00    0.00    0.00   91.98
04:14:44     all    7.29    0.00    0.50    0.00    0.00    0.00    0.00    0.00    0.00   92.21
04:14:45     all    7.54    0.00    0.75    0.00    0.00    0.00    0.00    0.00    0.00   91.71
04:14:46     all    7.54    0.00    0.25    0.00    0.00    0.00    0.00    0.00    0.00   92.21
04:14:47     all    7.27    0.00    0.25    0.00    0.00    0.00    0.00    0.00    0.00   92.48
04:14:48     all    7.81    0.00    0.25    0.00    0.00    0.00    0.00    0.00    0.00   91.94
04:14:49     all    7.50    0.00    0.50    0.00    0.00    0.00    0.00    0.00    0.00   92.00
04:14:50     all    7.30    0.00    0.25    0.00    0.00    0.25    0.00    0.00    0.00   92.19
04:14:51     all    7.79    0.00    0.25    0.00    0.00    0.00    0.00    0.00    0.00   91.96
04:14:52     all    7.05    0.00    0.25    0.00    0.00    0.00    0.00    0.00    0.00   92.70
04:14:53     all    7.00    0.00    0.50    0.50    0.00    0.00    0.00    0.00    0.00   92.00
04:14:54     all    7.30    0.00    0.00    0.00    0.00    0.00    0.00    0.00    0.00   92.70
04:14:55     all    7.27    0.00    0.50    0.00    0.00    0.00    0.00    0.00    0.00   92.23
04:14:56     all    7.04    0.00    0.25    0.00    0.00    0.00    0.00    0.00    0.00   92.71
04:14:57     all    7.52    0.00    0.50    0.00    0.00    0.00    0.00    0.00    0.00   91.98
04:14:58     all    7.34    0.00    0.25    0.00    0.00    0.00    0.00    0.00    0.00   92.41
04:14:59     all    7.25    0.00    0.50    0.00    0.00    0.25    0.00    0.00    0.00   92.00
04:15:00     all    7.54    0.00    0.25    0.00    0.00    0.00    0.00    0.00    0.00   92.21
04:15:01     all    7.56    0.00    0.50    0.00    0.00    0.00    0.00    0.00    0.00   91.94
04:15:02     all    7.81    0.00    0.25    0.00    0.00    0.00    0.00    0.00    0.00   91.94
04:15:03     all    8.29    0.00    0.25    0.00    0.00    0.25    0.00    0.00    0.00   91.21
04:15:04     all    7.77    0.00    0.50    0.00    0.00    0.00    0.00    0.00    0.00   91.73
04:15:05     all    7.77    0.00    0.50    0.25    0.00    0.00    0.00    0.00    0.00   91.48
04:15:06     all    7.54    0.00    0.25    0.00    0.00    0.25    0.00    0.00    0.00   91.96
04:15:07     all    7.52    0.00    0.25    0.00    0.00    0.00    0.00    0.00    0.00   92.23
04:15:08     all    7.30    0.00    0.25    0.00    0.00    0.00    0.00    0.00    0.00   92.44
04:15:09     all    7.32    0.00    0.25    0.00    0.00    0.00    0.00    0.00    0.00   92.42
04:15:10     all    8.00    0.00    0.25    0.00    0.00    0.00    0.00    0.00    0.00   91.75
04:15:11     all    7.56    0.00    0.25    0.00    0.00    0.00    0.00    0.00    0.00   92.19
04:15:12     all    7.27    0.00    0.25    0.00    0.00    0.00    0.00    0.00    0.00   92.48
04:15:13     all    7.34    0.00    0.25    0.00    0.00    0.00    0.00    0.00    0.00   92.41
04:15:14     all    7.05    0.00    0.25    0.00    0.00    0.00    0.00    0.00    0.00   92.70
04:15:15     all    7.23    0.00    0.50    0.25    0.00    0.25    0.00    0.00    0.00   91.77
04:15:16     all    7.07    0.00    0.25    0.00    0.00    0.00    0.00    0.00    0.00   92.68
04:15:17     all    7.29    0.00    0.25    0.00    0.00    0.00    0.00    0.00    0.00   92.46
04:15:18     all    7.29    0.00    0.25    0.00    0.00    0.25    0.00    0.00    0.00   92.21
04:15:19     all    7.02    0.00    0.25    0.00    0.00    0.25    0.00    0.00    0.00   92.48
04:15:20     all    8.04    0.00    0.25    0.00    0.00    0.00    0.00    0.00    0.00   91.71
04:15:21     all    7.00    0.00    0.75    0.50    0.00    0.00    0.00    0.00    0.00   91.75
04:15:22     all    7.48    0.00    0.25    0.00    0.00    0.50    0.00    0.00    0.00   91.77
04:15:23     all    7.29    0.00    0.25    0.00    0.00    0.25    0.00    0.00    0.00   92.21
04:15:24     all    6.80    0.00    0.50    0.00    0.00    0.00    0.00    0.00    0.00   92.70
04:15:25     all    7.50    0.00    0.25    0.00    0.00    0.25    0.00    0.00    0.00   92.00
04:15:26     all    7.54    0.00    0.50    0.00    0.00    0.25    0.00    0.00    0.00   91.71
04:15:27     all    6.80    0.00    0.25    0.00    0.00    0.00    0.00    0.00    0.00   92.95
04:15:28     all    7.54    0.00    0.25    0.00    0.00    0.00    0.00    0.00    0.00   92.21
04:15:29     all    7.05    0.00    0.25    0.00    0.00    0.25    0.00    0.00    0.00   92.44
04:15:30     all    7.25    0.00    0.75    0.00    0.00    0.00    0.00    0.00    0.00   92.00
04:15:31     all    7.56    0.00    0.25    0.25    0.00    0.25    0.00    0.00    0.00   91.69
04:15:32     all    7.27    0.00    0.00    0.25    0.00    0.00    0.00    0.00    0.00   92.48
04:15:33     all    7.54    0.00    0.25    0.00    0.00    0.25    0.00    0.00    0.00   91.96
04:15:34     all    7.50    0.00    0.25    0.00    0.00    0.25    0.00    0.00    0.00   92.00
04:15:35     all    7.54    0.00    0.25    0.00    0.00    0.00    0.00    0.00    0.00   92.21
04:15:36     all    7.77    0.00    1.25    0.25    0.00    0.00    0.00    0.00    0.00   90.73
04:15:37     all    6.57    0.00    0.25    0.00    0.00    0.25    0.00    0.00    0.00   92.93
04:15:38     all    7.05    0.00    0.25    0.00    0.00    0.00    0.00    0.00    0.00   92.70
04:15:39     all    7.04    0.00    0.25    0.00    0.00    0.25    0.00    0.00    0.00   92.46
04:15:40     all    7.29    0.00    0.25    0.00    0.00    0.00    0.00    0.00    0.00   92.46
04:15:41     all    7.56    0.00    0.25    0.00    0.00    0.00    0.00    0.00    0.00   92.19
04:15:42     all    7.98    0.00    0.25    0.00    0.00    0.00    0.00    0.00    0.00   91.77
04:15:43     all    7.29    0.00    0.50    0.00    0.00    0.00    0.00    0.00    0.00   92.21
04:15:44     all    7.02    0.00    0.25    0.00    0.00    0.25    0.00    0.00    0.00   92.48
04:15:45     all    7.87    0.00    0.25    0.00    0.00    0.00    0.00    0.00    0.00   91.88
04:15:46     all    8.04    0.00    0.25    0.00    0.00    0.00    0.00    0.00    0.00   91.71
04:15:47     all    7.79    0.00    0.25    0.00    0.00    0.00    0.00    0.00    0.00   91.96
04:15:48     all    7.52    0.00    0.50    0.25    0.00    0.00    0.00    0.00    0.00   91.73
04:15:49     all    8.00    0.00    0.50    0.00    0.00    0.25    0.00    0.00    0.00   91.25
04:15:50     all    7.81    0.00    0.25    0.00    0.00    0.00    0.00    0.00    0.00   91.94
04:15:51     all    8.00    0.00    0.50    0.00    0.00    0.00    0.00    0.00    0.00   91.50
04:15:52     all    7.56    0.00    0.50    0.00    0.00    0.00    0.00    0.00    0.00   91.94
04:15:53     all    7.29    0.00    0.25    0.00    0.00    0.00    0.00    0.00    0.00   92.46
04:15:54     all    8.06    0.00    0.25    0.00    0.00    0.00    0.00    0.00    0.00   91.69
04:15:55     all    7.27    0.00    0.25    0.00    0.00    0.00    0.00    0.00    0.00   92.48
04:15:56     all    7.04    0.00    0.50    0.00    0.00    0.00    0.00    0.00    0.00   92.46
04:15:57     all    7.04    0.00    0.25    0.00    0.00    0.00    0.00    0.00    0.00   92.71
04:15:58     all    7.52    0.00    0.50    0.00    0.00    0.25    0.00    0.00    0.00   91.73
04:15:59     all    7.05    0.00    0.00    0.00    0.00    0.00    0.00    0.00    0.00   92.95
04:16:00     all    7.27    0.00    0.50    0.25    0.00    0.25    0.00    0.00    0.00   91.73
04:16:01     all    7.27    0.00    0.50    0.00    0.00    0.00    0.00    0.00    0.00   92.23
04:16:02     all    6.53    0.00    0.25    0.00    0.00    0.50    0.00    0.00    0.00   92.71
04:16:03     all    7.27    0.00    0.25    0.00    0.00    0.00    0.00    0.00    0.00   92.48
04:16:04     all    8.04    0.00    0.25    0.00    0.00    0.00    0.00    0.00    0.00   91.71
04:16:05     all    7.75    0.00    0.25    0.25    0.00    0.25    0.00    0.00    0.00   91.50
04:16:06     all    7.54    0.00    0.50    0.25    0.00    0.00    0.00    0.00    0.00   91.71
04:16:07     all    7.27    0.00    0.25    0.00    0.00    0.25    0.00    0.00    0.00   92.23
04:16:08     all    6.84    0.00    0.25    0.00    0.00    0.00    0.00    0.00    0.00   92.91
04:16:09     all    7.52    0.00    0.25    0.00    0.00    0.00    0.00    0.00    0.00   92.23
04:16:10     all    7.29    0.00    0.25    0.00    0.00    0.25    0.00    0.00    0.00   92.21
04:16:11     all    7.04    0.00    0.50    0.00    0.00    0.00    0.00    0.00    0.00   92.46
04:16:12     all    7.05    0.00    0.25    0.25    0.00    0.25    0.00    0.00    0.00   92.19
04:16:13     all    7.30    0.00    0.25    0.00    0.00    0.00    0.00    0.00    0.00   92.44
04:16:14     all    7.25    0.00    0.25    0.00    0.00    0.25    0.00    0.00    0.00   92.25
04:16:15     all    7.48    0.00    0.50    0.00    0.00    0.25    0.00    0.00    0.00   91.77
04:16:16     all    7.05    0.00    0.00    0.00    0.00    0.00    0.00    0.00    0.00   92.95
04:16:17     all    7.04    0.00    0.50    0.00    0.00    0.25    0.00    0.00    0.00   92.21
04:16:18     all    7.32    0.00    0.00    0.00    0.00    0.00    0.00    0.00    0.00   92.68
04:16:19     all    7.27    0.00    0.50    0.00    0.00    0.25    0.00    0.00    0.00   91.98
04:16:20     all    7.52    0.00    0.25    0.00    0.00    0.00    0.00    0.00    0.00   92.23
04:16:21     all    7.23    0.00    0.25    0.00    0.00    0.25    0.00    0.00    0.00   92.27
04:16:22     all    7.30    0.00    0.25    0.25    0.00    0.00    0.00    0.00    0.00   92.19
04:16:23     all    6.78    0.00    0.25    0.00    0.00    0.25    0.00    0.00    0.00   92.71
04:16:24     all    7.56    0.00    0.25    0.25    0.00    0.00    0.00    0.00    0.00   91.94
04:16:25     all    7.71    0.00    0.50    0.00    0.00    0.25    0.00    0.00    0.00   91.54
04:16:26     all    7.81    0.00    0.25    0.00    0.00    0.00    0.00    0.00    0.00   91.94
04:16:27     all    7.83    0.00    0.25    0.25    0.00    0.00    0.00    0.00    0.00   91.67
04:16:28     all    7.77    0.00    0.50    0.75    0.00    0.00    0.00    0.00    0.00   90.98
04:16:29     all    7.48    0.00    0.25    0.00    0.00    0.00    0.00    0.00    0.00   92.27
04:16:30     all    7.05    0.00    0.25    0.00    0.00    0.00    0.00    0.00    0.00   92.70
04:16:31     all    7.34    0.00    0.25    0.00    0.00    0.00    0.00    0.00    0.00   92.41
04:16:32     all    7.29    0.00    0.25    0.00    0.00    0.00    0.00    0.00    0.00   92.46
04:16:33     all    7.54    0.00    0.25    0.00    0.00    0.00    0.00    0.00    0.00   92.21
04:16:34     all    7.07    0.00    0.00    0.00    0.00    0.00    0.00    0.00    0.00   92.93
04:16:35     all    6.77    0.00    0.75    0.00    0.00    0.00    0.00    0.00    0.00   92.48
04:16:36     all    7.79    0.00    1.26    0.00    0.00    0.25    0.00    0.00    0.00   90.70
04:16:37     all    7.30    0.00    0.50    0.00    0.00    0.00    0.00    0.00    0.00   92.19
04:16:38     all    7.27    0.00    0.50    0.00    0.00    0.00    0.00    0.00    0.00   92.23
Average:     all    9.42    0.00    0.42    0.04    0.00    0.18    0.00    0.00    0.00   89.94
