Linux 6.8.0-1064-azure (csb-bench-host-azure) 	08/18/26 	_x86_64_	(4 CPU)

05:14:01     CPU    %usr   %nice    %sys %iowait    %irq   %soft  %steal  %guest  %gnice   %idle
05:14:02     all   87.87    0.00    9.16    0.00    0.00    2.97    0.00    0.00    0.00    0.00
05:14:03     all   93.20    0.00    5.79    0.00    0.00    1.01    0.00    0.00    0.00    0.00
05:14:04     all   91.15    0.00    6.88    0.00    0.00    1.97    0.00    0.00    0.00    0.00
05:14:05     all   94.47    0.00    4.27    0.00    0.00    1.26    0.00    0.00    0.00    0.00
05:14:06     all   95.25    0.00    2.50    0.00    0.00    2.25    0.00    0.00    0.00    0.00
05:14:07     all   94.51    0.00    2.49    0.00    0.00    2.99    0.00    0.00    0.00    0.00
05:14:08     all   94.57    0.00    2.72    0.00    0.00    2.72    0.00    0.00    0.00    0.00
05:14:09     all   94.75    0.00    2.00    0.00    0.00    3.25    0.00    0.00    0.00    0.00
05:14:10     all   94.50    0.00    2.50    0.00    0.00    3.00    0.00    0.00    0.00    0.00
05:14:11     all   94.26    0.00    2.74    0.00    0.00    2.99    0.00    0.00    0.00    0.00
05:14:12     all   94.74    0.00    2.01    0.00    0.00    3.26    0.00    0.00    0.00    0.00
05:14:13     all   94.75    0.00    2.50    0.00    0.00    2.75    0.00    0.00    0.00    0.00
05:14:14     all   94.75    0.00    2.75    0.00    0.00    2.50    0.00    0.00    0.00    0.00
05:14:15     all   94.29    0.00    2.48    0.00    0.00    3.23    0.00    0.00    0.00    0.00
05:14:16     all   94.74    0.00    2.76    0.00    0.00    2.51    0.00    0.00    0.00    0.00
05:14:17     all   94.28    0.00    2.74    0.00    0.00    2.99    0.00    0.00    0.00    0.00
05:14:18     all   94.99    0.00    2.51    0.00    0.00    2.51    0.00    0.00    0.00    0.00
05:14:19     all   94.28    0.00    2.74    0.00    0.00    2.99    0.00    0.00    0.00    0.00
05:14:20     all   94.50    0.00    2.50    0.00    0.00    3.00    0.00    0.00    0.00    0.00
05:14:21     all   94.49    0.00    2.51    0.00    0.00    3.01    0.00    0.00    0.00    0.00
05:14:22     all   94.26    0.00    2.74    0.00    0.00    2.99    0.00    0.00    0.00    0.00
05:14:23     all   94.25    0.00    2.75    0.00    0.00    3.00    0.00    0.00    0.00    0.00
05:14:24     all   94.53    0.00    2.99    0.00    0.00    2.49    0.00    0.00    0.00    0.00
05:14:25     all   94.51    0.00    2.24    0.00    0.00    3.24    0.00    0.00    0.00    0.00
05:14:26     all   95.00    0.00    2.50    0.00    0.00    2.50    0.00    0.00    0.00    0.00
05:14:27     all   94.26    0.00    2.49    0.00    0.00    3.24    0.00    0.00    0.00    0.00
05:14:28     all   94.49    0.00    2.26    0.00    0.00    3.26    0.00    0.00    0.00    0.00
05:14:29     all   93.55    0.00    3.23    0.00    0.00    3.23    0.00    0.00    0.00    0.00
05:14:30     all   94.99    0.00    2.76    0.00    0.00    2.26    0.00    0.00    0.00    0.00
05:14:31     all   93.30    0.00    3.23    0.00    0.00    3.47    0.00    0.00    0.00    0.00
05:14:32     all   94.49    0.00    2.76    0.00    0.00    2.76    0.00    0.00    0.00    0.00
05:14:33     all   94.54    0.00    2.73    0.00    0.00    2.73    0.00    0.00    0.00    0.00
05:14:34     all   95.24    0.00    2.26    0.00    0.00    2.51    0.00    0.00    0.00    0.00
05:14:35     all   94.26    0.00    2.24    0.00    0.00    3.49    0.00    0.00    0.00    0.00
05:14:36     all   93.00    0.00    3.75    0.00    0.00    3.25    0.00    0.00    0.00    0.00
05:14:37     all   94.50    0.00    2.25    0.00    0.00    3.25    0.00    0.00    0.00    0.00
05:14:38     all   94.50    0.00    2.50    0.00    0.00    3.00    0.00    0.00    0.00    0.00
05:14:39     all   94.78    0.00    2.24    0.00    0.00    2.99    0.00    0.00    0.00    0.00
05:14:40     all   94.76    0.00    2.49    0.00    0.00    2.74    0.00    0.00    0.00    0.00
05:14:41     all   94.75    0.00    2.50    0.00    0.00    2.75    0.00    0.00    0.00    0.00
05:14:42     all   94.79    0.00    1.74    0.00    0.00    3.47    0.00    0.00    0.00    0.00
05:14:43     all   95.73    0.00    2.01    0.00    0.00    2.26    0.00    0.00    0.00    0.00
05:14:44     all   94.76    0.00    2.49    0.00    0.00    2.74    0.00    0.00    0.00    0.00
05:14:45     all   94.31    0.00    2.97    0.00    0.00    2.72    0.00    0.00    0.00    0.00
05:14:46     all   94.72    0.00    2.01    0.00    0.00    3.27    0.00    0.00    0.00    0.00
05:14:47     all   93.80    0.00    2.73    0.00    0.00    3.47    0.00    0.00    0.00    0.00
05:14:48     all   93.98    0.00    2.76    0.00    0.00    3.26    0.00    0.00    0.00    0.00
05:14:49     all   95.50    0.00    2.00    0.00    0.00    2.50    0.00    0.00    0.00    0.00
05:14:50     all   93.52    0.00    2.49    0.00    0.00    3.99    0.00    0.00    0.00    0.00
05:14:51     all   95.49    0.00    2.26    0.00    0.00    2.26    0.00    0.00    0.00    0.00
05:14:52     all   93.77    0.00    2.74    0.00    0.00    3.49    0.00    0.00    0.00    0.00
05:14:53     all   94.74    0.00    2.76    0.00    0.00    2.51    0.00    0.00    0.00    0.00
05:14:54     all   94.29    0.00    2.48    0.00    0.00    3.23    0.00    0.00    0.00    0.00
05:14:55     all   94.28    0.00    2.49    0.00    0.00    3.23    0.00    0.00    0.00    0.00
05:14:56     all   93.28    0.00    2.99    0.00    0.00    3.73    0.00    0.00    0.00    0.00
05:14:57     all   93.98    0.00    2.76    0.00    0.00    3.26    0.00    0.00    0.00    0.00
05:14:58     all   95.26    0.00    2.00    0.00    0.00    2.74    0.00    0.00    0.00    0.00
05:14:59     all   93.80    0.00    2.98    0.00    0.00    3.23    0.00    0.00    0.00    0.00
05:15:00     all   93.75    0.00    3.25    0.00    0.00    3.00    0.00    0.00    0.00    0.00
05:15:01     all   93.77    0.00    2.74    0.00    0.00    3.49    0.00    0.00    0.00    0.00
05:15:02     all   94.47    0.00    2.01    0.00    0.00    3.52    0.00    0.00    0.00    0.00
05:15:03     all   94.00    0.00    2.75    0.00    0.00    3.25    0.00    0.00    0.00    0.00
05:15:04     all   94.28    0.00    2.24    0.00    0.00    3.48    0.00    0.00    0.00    0.00
05:15:05     all   94.74    0.00    2.26    0.00    0.00    3.01    0.00    0.00    0.00    0.00
05:15:06     all   93.77    0.00    2.74    0.00    0.00    3.49    0.00    0.00    0.00    0.00
05:15:07     all   94.75    0.00    2.75    0.00    0.00    2.50    0.00    0.00    0.00    0.00
05:15:08     all   95.24    0.00    2.01    0.00    0.00    2.76    0.00    0.00    0.00    0.00
05:15:09     all   93.81    0.00    2.72    0.00    0.00    3.47    0.00    0.00    0.00    0.00
05:15:10     all   94.76    0.00    2.49    0.00    0.00    2.74    0.00    0.00    0.00    0.00
05:15:11     all   94.22    0.00    2.76    0.00    0.00    3.02    0.00    0.00    0.00    0.00
05:15:12     all   94.54    0.00    1.99    0.00    0.00    3.47    0.00    0.00    0.00    0.00
05:15:13     all   94.46    0.00    2.52    0.00    0.00    3.02    0.00    0.00    0.00    0.00
05:15:14     all   94.75    0.00    2.00    0.00    0.00    3.25    0.00    0.00    0.00    0.00
05:15:15     all   94.29    0.00    2.73    0.00    0.00    2.98    0.00    0.00    0.00    0.00
05:15:16     all   95.00    0.00    2.50    0.00    0.00    2.50    0.00    0.00    0.00    0.00
05:15:17     all   94.28    0.00    2.24    0.00    0.00    3.48    0.00    0.00    0.00    0.00
05:15:18     all   94.99    0.00    2.51    0.00    0.00    2.51    0.00    0.00    0.00    0.00
05:15:19     all   95.02    0.00    2.24    0.00    0.00    2.74    0.00    0.00    0.00    0.00
05:15:20     all   94.51    0.00    2.49    0.00    0.00    2.99    0.00    0.00    0.00    0.00
05:15:21     all   94.74    0.00    2.01    0.00    0.00    3.26    0.00    0.00    0.00    0.00
05:15:22     all   94.29    0.00    2.73    0.00    0.00    2.98    0.00    0.00    0.00    0.00
05:15:23     all   94.29    0.00    2.48    0.00    0.00    3.23    0.00    0.00    0.00    0.00
05:15:24     all   94.47    0.00    2.51    0.00    0.00    3.02    0.00    0.00    0.00    0.00
05:15:25     all   94.28    0.00    2.49    0.00    0.00    3.23    0.00    0.00    0.00    0.00
05:15:26     all   95.01    0.00    2.00    0.00    0.00    2.99    0.00    0.00    0.00    0.00
05:15:27     all   94.25    0.00    2.50    0.00    0.00    3.25    0.00    0.00    0.00    0.00
05:15:28     all   93.78    0.00    2.99    0.00    0.00    3.23    0.00    0.00    0.00    0.00
05:15:29     all   95.01    0.00    2.49    0.00    0.00    2.49    0.00    0.00    0.00    0.00
05:15:30     all   94.47    0.00    2.26    0.00    0.00    3.27    0.00    0.00    0.00    0.00
05:15:31     all   94.01    0.00    2.74    0.00    0.00    3.24    0.00    0.00    0.00    0.00
05:15:32     all   94.75    0.00    2.00    0.00    0.00    3.25    0.00    0.00    0.00    0.00
05:15:33     all   94.78    0.00    1.99    0.00    0.00    3.23    0.00    0.00    0.00    0.00
05:15:34     all   94.28    0.00    2.49    0.00    0.00    3.23    0.00    0.00    0.00    0.00
05:15:35     all   94.01    0.00    2.99    0.00    0.00    2.99    0.00    0.00    0.00    0.00
05:15:36     all   93.73    0.00    3.01    0.00    0.00    3.26    0.00    0.00    0.00    0.00
05:15:37     all   94.01    0.00    2.49    0.00    0.00    3.49    0.00    0.00    0.00    0.00
05:15:38     all   94.53    0.00    2.49    0.00    0.00    2.99    0.00    0.00    0.00    0.00
05:15:39     all   94.49    0.00    2.76    0.00    0.00    2.76    0.00    0.00    0.00    0.00
05:15:40     all   93.50    0.00    3.50    0.00    0.00    3.00    0.00    0.00    0.00    0.00
05:15:41     all   93.78    0.00    2.49    0.00    0.00    3.73    0.00    0.00    0.00    0.00
05:15:42     all   93.48    0.00    2.76    0.00    0.00    3.76    0.00    0.00    0.00    0.00
05:15:43     all   94.24    0.00    2.51    0.00    0.00    3.26    0.00    0.00    0.00    0.00
05:15:44     all   94.03    0.00    2.99    0.00    0.00    2.99    0.00    0.00    0.00    0.00
05:15:45     all   94.53    0.00    1.99    0.00    0.00    3.48    0.00    0.00    0.00    0.00
05:15:46     all   94.50    0.00    2.25    0.00    0.00    3.25    0.00    0.00    0.00    0.00
05:15:47     all   95.01    0.00    2.49    0.00    0.00    2.49    0.00    0.00    0.00    0.00
05:15:48     all   94.00    0.00    2.50    0.00    0.00    3.50    0.00    0.00    0.00    0.00
05:15:49     all   95.24    0.00    2.01    0.00    0.00    2.76    0.00    0.00    0.00    0.00
05:15:50     all   93.80    0.00    3.23    0.00    0.00    2.98    0.00    0.00    0.00    0.00
05:15:51     all   94.26    0.00    2.74    0.00    0.00    2.99    0.00    0.00    0.00    0.00
05:15:52     all   94.25    0.00    2.50    0.00    0.00    3.25    0.00    0.00    0.00    0.00
05:15:53     all   94.50    0.00    2.75    0.00    0.00    2.75    0.00    0.00    0.00    0.00
05:15:54     all   95.01    0.00    2.24    0.00    0.00    2.74    0.00    0.00    0.00    0.00
05:15:55     all   95.48    0.00    2.01    0.00    0.00    2.51    0.00    0.00    0.00    0.00
05:15:56     all   94.01    0.00    2.49    0.00    0.00    3.49    0.00    0.00    0.00    0.00
05:15:57     all   94.49    0.00    2.26    0.00    0.00    3.26    0.00    0.00    0.00    0.00
05:15:58     all   93.80    0.00    2.73    0.00    0.00    3.47    0.00    0.00    0.00    0.00
05:15:59     all   93.80    0.00    2.98    0.00    0.00    3.23    0.00    0.00    0.00    0.00
05:16:00     all   94.72    0.00    2.26    0.00    0.00    3.02    0.00    0.00    0.00    0.00
05:16:01     all   94.24    0.00    2.76    0.00    0.00    3.01    0.00    0.00    0.00    0.00
05:16:02     all   94.76    0.00    2.00    0.00    0.00    3.24    0.00    0.00    0.00    0.00
05:16:03     all   94.06    0.00    2.72    0.00    0.00    3.22    0.00    0.00    0.00    0.00
05:16:04     all   93.77    0.00    2.99    0.00    0.00    3.24    0.00    0.00    0.00    0.00
05:16:05     all   94.72    0.00    1.76    0.00    0.00    3.52    0.00    0.00    0.00    0.00
05:16:06     all   94.51    0.00    2.74    0.00    0.00    2.74    0.00    0.00    0.00    0.00
05:16:07     all   94.04    0.00    2.48    0.00    0.00    3.47    0.00    0.00    0.00    0.00
05:16:08     all   94.24    0.00    2.51    0.00    0.00    3.26    0.00    0.00    0.00    0.00
05:16:09     all   94.25    0.00    2.25    0.00    0.00    3.50    0.00    0.00    0.00    0.00
05:16:10     all   93.28    0.00    2.74    0.00    0.00    3.98    0.00    0.00    0.00    0.00
05:16:11     all   94.49    0.00    2.51    0.00    0.00    3.01    0.00    0.00    0.00    0.00
05:16:12     all   94.28    0.00    2.49    0.00    0.00    3.23    0.00    0.00    0.00    0.00
05:16:13     all   95.21    0.00    1.76    0.00    0.00    3.02    0.00    0.00    0.00    0.00
05:16:14     all   93.56    0.00    2.72    0.00    0.00    3.71    0.00    0.00    0.00    0.00
05:16:15     all   95.00    0.00    2.50    0.00    0.00    2.50    0.00    0.00    0.00    0.00
05:16:16     all   94.97    0.00    2.26    0.00    0.00    2.76    0.00    0.00    0.00    0.00
05:16:17     all   94.29    0.00    2.48    0.00    0.00    3.23    0.00    0.00    0.00    0.00
05:16:18     all   94.50    0.00    2.50    0.00    0.00    3.00    0.00    0.00    0.00    0.00
05:16:19     all   94.28    0.00    2.49    0.00    0.00    3.23    0.00    0.00    0.00    0.00
05:16:20     all   94.26    0.00    2.49    0.00    0.00    3.24    0.00    0.00    0.00    0.00
05:16:21     all   95.73    0.00    1.76    0.00    0.00    2.51    0.00    0.00    0.00    0.00
05:16:22     all   93.78    0.00    2.99    0.00    0.00    3.23    0.00    0.00    0.00    0.00
05:16:23     all   94.00    0.00    2.75    0.00    0.00    3.25    0.00    0.00    0.00    0.00
05:16:24     all   94.24    0.00    2.51    0.00    0.00    3.26    0.00    0.00    0.00    0.00
05:16:25     all   94.06    0.00    2.72    0.00    0.00    3.22    0.00    0.00    0.00    0.00
05:16:26     all   95.01    0.00    2.24    0.00    0.00    2.74    0.00    0.00    0.00    0.00
05:16:27     all   94.78    0.00    2.49    0.00    0.00    2.74    0.00    0.00    0.00    0.00
05:16:28     all   94.03    0.00    1.99    0.00    0.00    3.98    0.00    0.00    0.00    0.00
05:16:29     all   94.46    0.00    2.52    0.00    0.00    3.02    0.00    0.00    0.00    0.00
05:16:30     all   94.26    0.00    2.74    0.00    0.00    2.99    0.00    0.00    0.00    0.00
05:16:31     all   93.98    0.00    2.51    0.00    0.00    3.51    0.00    0.00    0.00    0.00
05:16:32     all   94.03    0.00    2.49    0.00    0.00    3.48    0.00    0.00    0.00    0.00
05:16:33     all   94.24    0.00    2.51    0.00    0.00    3.26    0.00    0.00    0.00    0.00
05:16:34     all   94.03    0.00    2.74    0.00    0.00    3.23    0.00    0.00    0.00    0.00
05:16:35     all   93.02    0.00    3.49    0.00    0.00    3.49    0.00    0.00    0.00    0.00
05:16:36     all   94.51    0.00    2.49    0.00    0.00    2.99    0.00    0.00    0.00    0.00
05:16:37     all   94.49    0.00    2.26    0.00    0.00    3.26    0.00    0.00    0.00    0.00
05:16:38     all   93.32    0.00    3.22    0.00    0.00    3.47    0.00    0.00    0.00    0.00
05:16:39     all   94.49    0.00    2.26    0.00    0.00    3.26    0.00    0.00    0.00    0.00
05:16:40     all   94.50    0.00    2.25    0.00    0.00    3.25    0.00    0.00    0.00    0.00
05:16:41     all   95.00    0.00    2.50    0.00    0.00    2.50    0.00    0.00    0.00    0.00
05:16:42     all   94.03    0.00    2.49    0.00    0.00    3.48    0.00    0.00    0.00    0.00
05:16:43     all   94.49    0.00    2.51    0.00    0.00    3.01    0.00    0.00    0.00    0.00
05:16:44     all   93.75    0.00    2.50    0.00    0.00    3.75    0.00    0.00    0.00    0.00
05:16:45     all   94.28    0.00    2.49    0.00    0.00    3.23    0.00    0.00    0.00    0.00
05:16:46     all   93.80    0.00    2.73    0.00    0.00    3.47    0.00    0.00    0.00    0.00
05:16:47     all   94.97    0.00    2.26    0.00    0.00    2.76    0.00    0.00    0.00    0.00
05:16:48     all   93.77    0.00    2.74    0.00    0.00    3.49    0.00    0.00    0.00    0.00
05:16:49     all   95.00    0.00    2.25    0.00    0.00    2.75    0.00    0.00    0.00    0.00
05:16:50     all   93.53    0.00    2.74    0.00    0.00    3.73    0.00    0.00    0.00    0.00
05:16:51     all   94.72    0.00    2.51    0.00    0.00    2.76    0.00    0.00    0.00    0.00
05:16:52     all   94.03    0.00    2.99    0.00    0.00    2.99    0.00    0.00    0.00    0.00
05:16:53     all   94.50    0.00    2.25    0.00    0.00    3.25    0.00    0.00    0.00    0.00
05:16:54     all   94.54    0.00    2.48    0.00    0.00    2.98    0.00    0.00    0.00    0.00
05:16:55     all   94.24    0.00    2.26    0.00    0.00    3.51    0.00    0.00    0.00    0.00
05:16:56     all   94.26    0.00    2.49    0.00    0.00    3.24    0.00    0.00    0.00    0.00
05:16:57     all   94.00    0.00    2.75    0.00    0.00    3.25    0.00    0.00    0.00    0.00
05:16:58     all   94.29    0.00    2.73    0.00    0.00    2.98    0.00    0.00    0.00    0.00
05:16:59     all   94.49    0.00    2.51    0.00    0.00    3.01    0.00    0.00    0.00    0.00
05:17:00     all   94.24    0.00    2.76    0.00    0.00    3.01    0.00    0.00    0.00    0.00
05:17:01     all   93.30    0.00    3.23    0.00    0.00    3.47    0.00    0.00    0.00    0.00
05:17:02     all   93.73    0.00    2.76    0.00    0.00    3.51    0.00    0.00    0.00    0.00
05:17:03     all   94.74    0.00    2.26    0.00    0.00    3.01    0.00    0.00    0.00    0.00
05:17:04     all   94.78    0.00    2.49    0.00    0.00    2.74    0.00    0.00    0.00    0.00
05:17:05     all   94.49    0.00    2.51    0.00    0.00    3.01    0.00    0.00    0.00    0.00
05:17:06     all   94.06    0.00    2.97    0.00    0.00    2.97    0.00    0.00    0.00    0.00
05:17:07     all   94.50    0.00    1.75    0.00    0.00    3.75    0.00    0.00    0.00    0.00
05:17:08     all   94.75    0.00    2.25    0.00    0.00    3.00    0.00    0.00    0.00    0.00
05:17:09     all   94.25    0.00    2.75    0.00    0.00    3.00    0.00    0.00    0.00    0.00
05:17:10     all   94.76    0.00    2.24    0.00    0.00    2.99    0.00    0.00    0.00    0.00
05:17:11     all   94.00    0.00    2.75    0.00    0.00    3.25    0.00    0.00    0.00    0.00
05:17:12     all   94.76    0.00    2.74    0.00    0.00    2.49    0.00    0.00    0.00    0.00
05:17:13     all   94.72    0.00    2.26    0.00    0.00    3.02    0.00    0.00    0.00    0.00
05:17:14     all   94.03    0.00    2.74    0.00    0.00    3.23    0.00    0.00    0.00    0.00
05:17:15     all   94.99    0.00    2.26    0.00    0.00    2.76    0.00    0.00    0.00    0.00
05:17:16     all   93.30    0.00    3.47    0.00    0.00    3.23    0.00    0.00    0.00    0.00
05:17:17     all   94.29    0.00    2.23    0.00    0.00    3.47    0.00    0.00    0.00    0.00
05:17:18     all   93.27    0.00    2.99    0.00    0.00    3.74    0.00    0.00    0.00    0.00
05:17:19     all   95.24    0.00    2.01    0.00    0.00    2.76    0.00    0.00    0.00    0.00
05:17:20     all   94.26    0.00    2.49    0.00    0.00    3.24    0.00    0.00    0.00    0.00
05:17:21     all   94.00    0.00    2.75    0.00    0.00    3.25    0.00    0.00    0.00    0.00
05:17:22     all   95.48    0.00    2.01    0.00    0.00    2.51    0.00    0.00    0.00    0.00
05:17:23     all   94.26    0.00    2.74    0.00    0.00    2.99    0.00    0.00    0.00    0.00
05:17:24     all   93.78    0.00    2.49    0.00    0.00    3.73    0.00    0.00    0.00    0.00
05:17:25     all   94.75    0.00    2.50    0.00    0.00    2.75    0.00    0.00    0.00    0.00
05:17:26     all   94.51    0.00    2.74    0.00    0.00    2.74    0.00    0.00    0.00    0.00
05:17:27     all   94.24    0.00    2.76    0.00    0.00    3.01    0.00    0.00    0.00    0.00
05:17:28     all   93.78    0.00    2.74    0.00    0.00    3.48    0.00    0.00    0.00    0.00
05:17:29     all   95.24    0.00    2.26    0.00    0.00    2.51    0.00    0.00    0.00    0.00
05:17:30     all   93.80    0.00    2.73    0.00    0.00    3.47    0.00    0.00    0.00    0.00
05:17:31     all   94.22    0.00    3.02    0.00    0.00    2.76    0.00    0.00    0.00    0.00
05:17:32     all   93.53    0.00    2.99    0.00    0.00    3.48    0.00    0.00    0.00    0.00
05:17:33     all   93.77    0.00    2.99    0.00    0.00    3.24    0.00    0.00    0.00    0.00
05:17:34     all   94.24    0.00    2.51    0.00    0.00    3.26    0.00    0.00    0.00    0.00
05:17:35     all   93.05    0.00    3.97    0.00    0.00    2.98    0.00    0.00    0.00    0.00
05:17:36     all   94.25    0.00    2.25    0.00    0.00    3.50    0.00    0.00    0.00    0.00
05:17:37     all   94.28    0.00    2.74    0.00    0.00    2.99    0.00    0.00    0.00    0.00
05:17:38     all   94.01    0.00    2.24    0.00    0.00    3.74    0.00    0.00    0.00    0.00
05:17:39     all   94.75    0.00    2.25    0.00    0.00    3.00    0.00    0.00    0.00    0.00
05:17:40     all   93.27    0.00    3.24    0.00    0.00    3.49    0.00    0.00    0.00    0.00
05:17:41     all   94.25    0.00    2.50    0.00    0.00    3.25    0.00    0.00    0.00    0.00
05:17:42     all   95.00    0.00    2.00    0.00    0.00    3.00    0.00    0.00    0.00    0.00
05:17:43     all   94.75    0.00    2.50    0.00    0.00    2.75    0.00    0.00    0.00    0.00
05:17:44     all   94.00    0.00    2.75    0.00    0.00    3.25    0.00    0.00    0.00    0.00
05:17:45     all   95.02    0.00    2.49    0.00    0.00    2.49    0.00    0.00    0.00    0.00
05:17:46     all   93.52    0.00    2.49    0.00    0.00    3.99    0.00    0.00    0.00    0.00
05:17:47     all   94.25    0.00    2.75    0.00    0.00    3.00    0.00    0.00    0.00    0.00
05:17:48     all   94.76    0.00    2.49    0.00    0.00    2.74    0.00    0.00    0.00    0.00
05:17:49     all   93.81    0.00    2.72    0.00    0.00    3.47    0.00    0.00    0.00    0.00
05:17:50     all   95.24    0.00    2.51    0.00    0.00    2.26    0.00    0.00    0.00    0.00
05:17:51     all   94.25    0.00    2.50    0.00    0.00    3.25    0.00    0.00    0.00    0.00
05:17:52     all   94.49    0.00    2.51    0.00    0.00    3.01    0.00    0.00    0.00    0.00
05:17:53     all   94.03    0.00    2.99    0.00    0.00    2.99    0.00    0.00    0.00    0.00
05:17:54     all   94.01    0.00    2.24    0.00    0.00    3.74    0.00    0.00    0.00    0.00
05:17:55     all   94.53    0.00    2.24    0.00    0.00    3.23    0.00    0.00    0.00    0.00
05:17:56     all   94.49    0.00    2.51    0.00    0.00    3.01    0.00    0.00    0.00    0.00
05:17:57     all   93.98    0.00    3.01    0.00    0.00    3.01    0.00    0.00    0.00    0.00
05:17:58     all   94.79    0.00    2.48    0.00    0.00    2.73    0.00    0.00    0.00    0.00
05:17:59     all   94.74    0.00    2.01    0.00    0.00    3.26    0.00    0.00    0.00    0.00
05:18:00     all   93.98    0.00    2.76    0.00    0.00    3.26    0.00    0.00    0.00    0.00
05:18:01     all   94.26    0.00    2.49    0.00    0.00    3.24    0.00    0.00    0.00    0.00
05:18:02     all   94.80    0.00    2.23    0.00    0.00    2.97    0.00    0.00    0.00    0.00
05:18:03     all   95.48    0.00    2.01    0.00    0.00    2.51    0.00    0.00    0.00    0.00
05:18:04     all   94.28    0.00    2.24    0.00    0.00    3.48    0.00    0.00    0.00    0.00
05:18:05     all   94.74    0.00    2.01    0.00    0.00    3.26    0.00    0.00    0.00    0.00
05:18:06     all   94.51    0.00    2.49    0.00    0.00    2.99    0.00    0.00    0.00    0.00
05:18:07     all   93.75    0.00    2.50    0.00    0.00    3.75    0.00    0.00    0.00    0.00
05:18:08     all   94.26    0.00    2.74    0.00    0.00    2.99    0.00    0.00    0.00    0.00
05:18:09     all   95.25    0.00    2.25    0.00    0.00    2.50    0.00    0.00    0.00    0.00
05:18:10     all   93.53    0.00    2.49    0.00    0.00    3.98    0.00    0.00    0.00    0.00
05:18:11     all   94.26    0.00    2.74    0.00    0.00    2.99    0.00    0.00    0.00    0.00
05:18:12     all   95.00    0.00    2.25    0.00    0.00    2.75    0.00    0.00    0.00    0.00
05:18:13     all   94.25    0.00    3.00    0.00    0.00    2.75    0.00    0.00    0.00    0.00
05:18:14     all   94.75    0.00    2.25    0.00    0.00    3.00    0.00    0.00    0.00    0.00
05:18:15     all   94.50    0.00    2.50    0.00    0.00    3.00    0.00    0.00    0.00    0.00
05:18:16     all   94.01    0.00    2.99    0.00    0.00    2.99    0.00    0.00    0.00    0.00
05:18:17     all   94.75    0.00    2.25    0.00    0.00    3.00    0.00    0.00    0.00    0.00
05:18:18     all   93.52    0.00    2.74    0.00    0.00    3.74    0.00    0.00    0.00    0.00
05:18:19     all   94.03    0.00    2.49    0.00    0.00    3.48    0.00    0.00    0.00    0.00
05:18:20     all   93.55    0.00    3.23    0.00    0.00    3.23    0.00    0.00    0.00    0.00
05:18:21     all   95.26    0.00    2.24    0.00    0.00    2.49    0.00    0.00    0.00    0.00
05:18:22     all   94.47    0.00    2.26    0.00    0.00    3.27    0.00    0.00    0.00    0.00
05:18:23     all   93.78    0.00    2.49    0.00    0.00    3.73    0.00    0.00    0.00    0.00
05:18:24     all   94.00    0.00    2.50    0.00    0.00    3.50    0.00    0.00    0.00    0.00
05:18:25     all   94.74    0.00    2.01    0.00    0.00    3.26    0.00    0.00    0.00    0.00
05:18:26     all   94.75    0.00    2.50    0.00    0.00    2.75    0.00    0.00    0.00    0.00
05:18:27     all   94.76    0.00    2.74    0.00    0.00    2.49    0.00    0.00    0.00    0.00
05:18:28     all   93.55    0.00    2.73    0.00    0.00    3.72    0.00    0.00    0.00    0.00
05:18:29     all   94.25    0.00    2.50    0.00    0.00    3.25    0.00    0.00    0.00    0.00
05:18:30     all   94.51    0.00    2.49    0.00    0.00    2.99    0.00    0.00    0.00    0.00
05:18:31     all   95.01    0.00    2.74    0.00    0.00    2.24    0.00    0.00    0.00    0.00
05:18:32     all   94.26    0.00    2.49    0.00    0.00    3.24    0.00    0.00    0.00    0.00
05:18:33     all   94.26    0.00    2.99    0.00    0.00    2.74    0.00    0.00    0.00    0.00
05:18:34     all   94.50    0.00    2.50    0.00    0.00    3.00    0.00    0.00    0.00    0.00
05:18:35     all   92.77    0.00    3.74    0.00    0.00    3.49    0.00    0.00    0.00    0.00
05:18:36     all   94.25    0.00    2.75    0.00    0.00    3.00    0.00    0.00    0.00    0.00
05:18:37     all   94.74    0.00    2.51    0.00    0.00    2.76    0.00    0.00    0.00    0.00
05:18:38     all   93.55    0.00    2.73    0.00    0.00    3.72    0.00    0.00    0.00    0.00
05:18:39     all   94.51    0.00    2.49    0.00    0.00    2.99    0.00    0.00    0.00    0.00
05:18:40     all   93.98    0.00    3.01    0.00    0.00    3.01    0.00    0.00    0.00    0.00
05:18:41     all   94.28    0.00    2.49    0.00    0.00    3.23    0.00    0.00    0.00    0.00
05:18:42     all   94.25    0.00    2.75    0.00    0.00    3.00    0.00    0.00    0.00    0.00
05:18:43     all   94.26    0.00    2.74    0.00    0.00    2.99    0.00    0.00    0.00    0.00
05:18:44     all   94.01    0.00    2.24    0.00    0.00    3.74    0.00    0.00    0.00    0.00
05:18:45     all   93.75    0.00    3.25    0.00    0.00    3.00    0.00    0.00    0.00    0.00
05:18:46     all   94.22    0.00    2.51    0.00    0.00    3.27    0.00    0.00    0.00    0.00
05:18:47     all   94.51    0.00    2.49    0.00    0.00    2.99    0.00    0.00    0.00    0.00
05:18:48     all   94.49    0.00    2.51    0.00    0.00    3.01    0.00    0.00    0.00    0.00
05:18:49     all   94.53    0.00    2.49    0.00    0.00    2.99    0.00    0.00    0.00    0.00
05:18:50     all   94.50    0.00    2.75    0.00    0.00    2.75    0.00    0.00    0.00    0.00
05:18:51     all   94.51    0.00    2.00    0.00    0.00    3.49    0.00    0.00    0.00    0.00
05:18:52     all   93.55    0.00    2.73    0.00    0.00    3.72    0.00    0.00    0.00    0.00
05:18:53     all   94.49    0.00    2.51    0.00    0.00    3.01    0.00    0.00    0.00    0.00
05:18:54     all   94.76    0.00    2.49    0.00    0.00    2.74    0.00    0.00    0.00    0.00
05:18:56     all   95.50    0.00    2.00    0.00    0.00    2.50    0.00    0.00    0.00    0.00
05:18:57     all   93.52    0.00    2.74    0.00    0.00    3.74    0.00    0.00    0.00    0.00
05:18:58     all   94.47    0.00    2.26    0.00    0.00    3.27    0.00    0.00    0.00    0.00
05:18:59     all   94.29    0.00    2.73    0.00    0.00    2.98    0.00    0.00    0.00    0.00
05:19:00     all   94.01    0.00    2.49    0.00    0.00    3.49    0.00    0.00    0.00    0.00
05:19:01     all   93.97    0.00    2.76    0.00    0.00    3.27    0.00    0.00    0.00    0.00
05:19:02     all   94.04    0.00    2.23    0.00    0.00    3.72    0.00    0.00    0.00    0.00
05:19:03     all   94.50    0.00    2.50    0.00    0.00    3.00    0.00    0.00    0.00    0.00
05:19:04     all   93.75    0.00    3.00    0.00    0.00    3.25    0.00    0.00    0.00    0.00
05:19:05     all   94.74    0.00    2.26    0.00    0.00    3.01    0.00    0.00    0.00    0.00
05:19:06     all   94.53    0.00    2.74    0.00    0.00    2.74    0.00    0.00    0.00    0.00
05:19:07     all   94.22    0.00    2.51    0.00    0.00    3.27    0.00    0.00    0.00    0.00
05:19:08     all   94.29    0.00    2.73    0.00    0.00    2.98    0.00    0.00    0.00    0.00
05:19:09     all   94.49    0.00    2.51    0.00    0.00    3.01    0.00    0.00    0.00    0.00
05:19:10     all   94.28    0.00    2.74    0.00    0.00    2.99    0.00    0.00    0.00    0.00
05:19:11     all   94.75    0.00    2.50    0.00    0.00    2.75    0.00    0.00    0.00    0.00
05:19:12     all   94.03    0.00    2.49    0.00    0.00    3.48    0.00    0.00    0.00    0.00
05:19:13     all   93.77    0.00    2.99    0.00    0.00    3.24    0.00    0.00    0.00    0.00
05:19:14     all   94.51    0.00    2.74    0.00    0.00    2.74    0.00    0.00    0.00    0.00
05:19:15     all   94.25    0.00    2.50    0.00    0.00    3.25    0.00    0.00    0.00    0.00
05:19:16     all   94.24    0.00    2.76    0.00    0.00    3.01    0.00    0.00    0.00    0.00
05:19:17     all   94.51    0.00    2.49    0.00    0.00    2.99    0.00    0.00    0.00    0.00
05:19:18     all   94.50    0.00    2.50    0.00    0.00    3.00    0.00    0.00    0.00    0.00
05:19:19     all   94.53    0.00    2.49    0.00    0.00    2.99    0.00    0.00    0.00    0.00
05:19:20     all   93.73    0.00    2.51    0.00    0.00    3.76    0.00    0.00    0.00    0.00
05:19:21     all   94.26    0.00    2.99    0.00    0.00    2.74    0.00    0.00    0.00    0.00
05:19:22     all   94.29    0.00    2.73    0.00    0.00    2.98    0.00    0.00    0.00    0.00
05:19:23     all   95.00    0.00    2.50    0.00    0.00    2.50    0.00    0.00    0.00    0.00
05:19:24     all   94.00    0.00    2.25    0.00    0.00    3.75    0.00    0.00    0.00    0.00
05:19:25     all   94.76    0.00    2.49    0.00    0.00    2.74    0.00    0.00    0.00    0.00
05:19:26     all   94.00    0.00    2.50    0.00    0.00    3.50    0.00    0.00    0.00    0.00
05:19:27     all   94.76    0.00    2.24    0.00    0.00    2.99    0.00    0.00    0.00    0.00
05:19:28     all   93.98    0.00    3.26    0.00    0.00    2.76    0.00    0.00    0.00    0.00
05:19:29     all   94.28    0.00    2.74    0.00    0.00    2.99    0.00    0.00    0.00    0.00
05:19:30     all   94.75    0.00    2.25    0.00    0.00    3.00    0.00    0.00    0.00    0.00
05:19:31     all   94.28    0.00    2.49    0.00    0.00    3.23    0.00    0.00    0.00    0.00
05:19:32     all   94.74    0.00    2.51    0.00    0.00    2.76    0.00    0.00    0.00    0.00
05:19:33     all   94.03    0.00    2.49    0.00    0.00    3.48    0.00    0.00    0.00    0.00
05:19:34     all   94.25    0.00    2.75    0.00    0.00    3.00    0.00    0.00    0.00    0.00
05:19:35     all   94.25    0.00    2.00    0.00    0.00    3.75    0.00    0.00    0.00    0.00
05:19:36     all   92.79    0.00    3.98    0.00    0.00    3.23    0.00    0.00    0.00    0.00
05:19:37     all   94.74    0.00    2.26    0.00    0.00    3.01    0.00    0.00    0.00    0.00
05:19:38     all   93.30    0.00    3.23    0.00    0.00    3.47    0.00    0.00    0.00    0.00
05:19:39     all   94.75    0.00    2.25    0.00    0.00    3.00    0.00    0.00    0.00    0.00
05:19:40     all   94.49    0.00    2.76    0.00    0.00    2.76    0.00    0.00    0.00    0.00
05:19:41     all   94.50    0.00    1.50    0.00    0.00    4.00    0.00    0.00    0.00    0.00
05:19:42     all   94.53    0.00    2.74    0.00    0.00    2.74    0.00    0.00    0.00    0.00
05:19:43     all   93.52    0.00    2.99    0.00    0.00    3.49    0.00    0.00    0.00    0.00
05:19:44     all   94.51    0.00    2.49    0.00    0.00    2.99    0.00    0.00    0.00    0.00
05:19:45     all   93.72    0.00    3.02    0.00    0.00    3.27    0.00    0.00    0.00    0.00
05:19:46     all   93.50    0.00    2.75    0.00    0.00    3.75    0.00    0.00    0.00    0.00
05:19:47     all   93.55    0.00    2.73    0.00    0.00    3.72    0.00    0.00    0.00    0.00
05:19:48     all   94.28    0.00    2.74    0.00    0.00    2.99    0.00    0.00    0.00    0.00
05:19:49     all   94.75    0.00    2.25    0.00    0.00    3.00    0.00    0.00    0.00    0.00
05:19:50     all   94.00    0.00    2.50    0.00    0.00    3.50    0.00    0.00    0.00    0.00
05:19:51     all   93.30    0.00    2.48    0.00    0.00    4.22    0.00    0.00    0.00    0.00
05:19:52     all   94.75    0.00    2.75    0.00    0.00    2.50    0.00    0.00    0.00    0.00
05:19:53     all   94.74    0.00    2.26    0.00    0.00    3.01    0.00    0.00    0.00    0.00
05:19:54     all   94.76    0.00    2.49    0.00    0.00    2.74    0.00    0.00    0.00    0.00
05:19:55     all   94.75    0.00    2.75    0.00    0.00    2.50    0.00    0.00    0.00    0.00
05:19:56     all   95.01    0.00    2.24    0.00    0.00    2.74    0.00    0.00    0.00    0.00
05:19:57     all   94.71    0.00    2.77    0.00    0.00    2.52    0.00    0.00    0.00    0.00
05:19:58     all   94.06    0.00    2.23    0.00    0.00    3.71    0.00    0.00    0.00    0.00
05:19:59     all   94.03    0.00    2.49    0.00    0.00    3.48    0.00    0.00    0.00    0.00
05:20:00     all   94.78    0.00    2.49    0.00    0.00    2.74    0.00    0.00    0.00    0.00
05:20:01     all   94.22    0.00    2.76    0.00    0.00    3.02    0.00    0.00    0.00    0.00
05:20:02     all   93.78    0.00    2.74    0.00    0.00    3.48    0.00    0.00    0.00    0.00
05:20:03     all   94.76    0.00    2.49    0.00    0.00    2.74    0.00    0.00    0.00    0.00
05:20:04     all   94.25    0.00    2.75    0.00    0.00    3.00    0.00    0.00    0.00    0.00
05:20:05     all   94.29    0.00    2.98    0.00    0.00    2.73    0.00    0.00    0.00    0.00
05:20:06     all   94.72    0.00    2.51    0.00    0.00    2.76    0.00    0.00    0.00    0.00
05:20:07     all   93.30    0.00    2.73    0.00    0.00    3.97    0.00    0.00    0.00    0.00
05:20:08     all   94.74    0.00    2.26    0.00    0.00    3.01    0.00    0.00    0.00    0.00
05:20:09     all   93.98    0.00    2.51    0.00    0.00    3.51    0.00    0.00    0.00    0.00
05:20:10     all   93.52    0.00    2.99    0.00    0.00    3.49    0.00    0.00    0.00    0.00
05:20:11     all   94.01    0.00    2.74    0.00    0.00    3.24    0.00    0.00    0.00    0.00
05:20:12     all   95.25    0.00    2.00    0.00    0.00    2.75    0.00    0.00    0.00    0.00
05:20:13     all   94.53    0.00    2.49    0.00    0.00    2.99    0.00    0.00    0.00    0.00
05:20:14     all   94.78    0.00    2.24    0.00    0.00    2.99    0.00    0.00    0.00    0.00
05:20:15     all   94.25    0.00    3.00    0.00    0.00    2.75    0.00    0.00    0.00    0.00
05:20:16     all   95.01    0.00    2.24    0.00    0.00    2.74    0.00    0.00    0.00    0.00
05:20:17     all   94.03    0.00    2.74    0.00    0.00    3.23    0.00    0.00    0.00    0.00
05:20:18     all   93.98    0.00    2.76    0.00    0.00    3.26    0.00    0.00    0.00    0.00
05:20:19     all   94.01    0.00    2.99    0.00    0.00    2.99    0.00    0.00    0.00    0.00
05:20:20     all   94.26    0.00    2.49    0.00    0.00    3.24    0.00    0.00    0.00    0.00
05:20:21     all   94.51    0.00    2.24    0.00    0.00    3.24    0.00    0.00    0.00    0.00
05:20:22     all   94.97    0.00    2.51    0.00    0.00    2.51    0.00    0.00    0.00    0.00
05:20:23     all   93.56    0.00    2.97    0.00    0.00    3.47    0.00    0.00    0.00    0.00
05:20:24     all   94.49    0.00    2.76    0.00    0.00    2.76    0.00    0.00    0.00    0.00
05:20:25     all   94.76    0.00    2.49    0.00    0.00    2.74    0.00    0.00    0.00    0.00
05:20:26     all   93.98    0.00    2.51    0.00    0.00    3.51    0.00    0.00    0.00    0.00
05:20:27     all   94.04    0.00    2.48    0.00    0.00    3.47    0.00    0.00    0.00    0.00
05:20:28     all   94.76    0.00    2.00    0.00    0.00    3.24    0.00    0.00    0.00    0.00
05:20:29     all   94.72    0.00    2.51    0.00    0.00    2.76    0.00    0.00    0.00    0.00
05:20:30     all   93.55    0.00    2.73    0.00    0.00    3.72    0.00    0.00    0.00    0.00
05:20:31     all   94.00    0.00    2.50    0.00    0.00    3.50    0.00    0.00    0.00    0.00
05:20:32     all   94.76    0.00    2.49    0.00    0.00    2.74    0.00    0.00    0.00    0.00
05:20:33     all   94.28    0.00    2.99    0.00    0.00    2.74    0.00    0.00    0.00    0.00
05:20:34     all   94.99    0.00    2.26    0.00    0.00    2.76    0.00    0.00    0.00    0.00
05:20:35     all   94.01    0.00    2.74    0.00    0.00    3.24    0.00    0.00    0.00    0.00
05:20:36     all   92.52    0.00    3.99    0.00    0.00    3.49    0.00    0.00    0.00    0.00
05:20:37     all   94.01    0.00    2.74    0.00    0.00    3.24    0.00    0.00    0.00    0.00
05:20:38     all   94.25    0.00    2.25    0.00    0.00    3.50    0.00    0.00    0.00    0.00
05:20:39     all   95.01    0.00    2.00    0.00    0.00    2.99    0.00    0.00    0.00    0.00
05:20:40     all   93.78    0.00    2.99    0.00    0.00    3.23    0.00    0.00    0.00    0.00
05:20:41     all   94.25    0.00    2.75    0.00    0.00    3.00    0.00    0.00    0.00    0.00
05:20:42     all   95.51    0.00    1.75    0.00    0.00    2.74    0.00    0.00    0.00    0.00
05:20:43     all   94.03    0.00    2.49    0.00    0.00    3.48    0.00    0.00    0.00    0.00
05:20:44     all   94.99    0.00    2.26    0.00    0.00    2.76    0.00    0.00    0.00    0.00
05:20:45     all   94.26    0.00    2.24    0.00    0.00    3.49    0.00    0.00    0.00    0.00
05:20:46     all   93.56    0.00    2.72    0.00    0.00    3.71    0.00    0.00    0.00    0.00
05:20:47     all   95.45    0.00    2.27    0.00    0.00    2.27    0.00    0.00    0.00    0.00
05:20:48     all   93.55    0.00    3.23    0.00    0.00    3.23    0.00    0.00    0.00    0.00
05:20:49     all   94.99    0.00    2.01    0.00    0.00    3.01    0.00    0.00    0.00    0.00
05:20:50     all   94.28    0.00    2.74    0.00    0.00    2.99    0.00    0.00    0.00    0.00
05:20:51     all   94.50    0.00    2.75    0.00    0.00    2.75    0.00    0.00    0.00    0.00
05:20:52     all   94.76    0.00    2.49    0.00    0.00    2.74    0.00    0.00    0.00    0.00
05:20:53     all   94.03    0.00    2.74    0.00    0.00    3.23    0.00    0.00    0.00    0.00
05:20:54     all   94.00    0.00    2.75    0.00    0.00    3.25    0.00    0.00    0.00    0.00
05:20:55     all   94.25    0.00    2.50    0.00    0.00    3.25    0.00    0.00    0.00    0.00
05:20:56     all   94.51    0.00    2.24    0.00    0.00    3.24    0.00    0.00    0.00    0.00
05:20:57     all   94.25    0.00    2.00    0.00    0.00    3.75    0.00    0.00    0.00    0.00
05:20:58     all   94.78    0.00    2.24    0.00    0.00    2.99    0.00    0.00    0.00    0.00
05:20:59     all   94.53    0.00    2.99    0.00    0.00    2.49    0.00    0.00    0.00    0.00
05:21:00     all   94.96    0.00    2.27    0.00    0.00    2.77    0.00    0.00    0.00    0.00
05:21:01     all   94.50    0.00    2.25    0.00    0.00    3.25    0.00    0.00    0.00    0.00
05:21:02     all   93.83    0.00    2.96    0.00    0.00    3.21    0.00    0.00    0.00    0.00
05:21:03     all   93.53    0.00    3.23    0.00    0.00    3.23    0.00    0.00    0.00    0.00
05:21:04     all   94.72    0.00    2.01    0.00    0.00    3.27    0.00    0.00    0.00    0.00
05:21:05     all   94.26    0.00    2.99    0.00    0.00    2.74    0.00    0.00    0.00    0.00
05:21:06     all   95.24    0.00    2.26    0.00    0.00    2.51    0.00    0.00    0.00    0.00
05:21:07     all   93.50    0.00    3.00    0.00    0.00    3.50    0.00    0.00    0.00    0.00
05:21:08     all   93.81    0.00    2.72    0.00    0.00    3.47    0.00    0.00    0.00    0.00
05:21:09     all   94.47    0.00    2.26    0.00    0.00    3.27    0.00    0.00    0.00    0.00
05:21:10     all   94.01    0.00    2.24    0.00    0.00    3.74    0.00    0.00    0.00    0.00
05:21:11     all   94.29    0.00    2.73    0.00    0.00    2.98    0.00    0.00    0.00    0.00
05:21:12     all   93.73    0.00    2.76    0.00    0.00    3.51    0.00    0.00    0.00    0.00
05:21:13     all   94.25    0.00    2.75    0.00    0.00    3.00    0.00    0.00    0.00    0.00
05:21:14     all   94.29    0.00    2.48    0.00    0.00    3.23    0.00    0.00    0.00    0.00
05:21:15     all   93.98    0.00    3.01    0.00    0.00    3.01    0.00    0.00    0.00    0.00
05:21:16     all   93.77    0.00    2.74    0.00    0.00    3.49    0.00    0.00    0.00    0.00
05:21:17     all   93.77    0.00    2.74    0.00    0.00    3.49    0.00    0.00    0.00    0.00
05:21:18     all   94.51    0.00    2.74    0.00    0.00    2.74    0.00    0.00    0.00    0.00
05:21:19     all   94.53    0.00    1.99    0.00    0.00    3.48    0.00    0.00    0.00    0.00
05:21:20     all   94.75    0.00    2.00    0.00    0.00    3.25    0.00    0.00    0.00    0.00
05:21:21     all   94.25    0.00    2.75    0.00    0.00    3.00    0.00    0.00    0.00    0.00
05:21:22     all   94.76    0.00    2.74    0.00    0.00    2.49    0.00    0.00    0.00    0.00
05:21:23     all   94.78    0.00    2.24    0.00    0.00    2.99    0.00    0.00    0.00    0.00
05:21:24     all   94.72    0.00    2.01    0.00    0.00    3.27    0.00    0.00    0.00    0.00
05:21:25     all   94.26    0.00    2.74    0.00    0.00    2.99    0.00    0.00    0.00    0.00
05:21:26     all   94.29    0.00    2.48    0.00    0.00    3.23    0.00    0.00    0.00    0.00
05:21:27     all   94.96    0.00    2.27    0.00    0.00    2.77    0.00    0.00    0.00    0.00
05:21:28     all   93.56    0.00    2.97    0.00    0.00    3.47    0.00    0.00    0.00    0.00
05:21:29     all   94.22    0.00    2.76    0.00    0.00    3.02    0.00    0.00    0.00    0.00
05:21:30     all   93.77    0.00    2.74    0.00    0.00    3.49    0.00    0.00    0.00    0.00
05:21:31     all   94.28    0.00    2.24    0.00    0.00    3.48    0.00    0.00    0.00    0.00
05:21:32     all   94.74    0.00    2.51    0.00    0.00    2.76    0.00    0.00    0.00    0.00
05:21:33     all   94.00    0.00    2.75    0.00    0.00    3.25    0.00    0.00    0.00    0.00
05:21:34     all   93.53    0.00    2.74    0.00    0.00    3.73    0.00    0.00    0.00    0.00
05:21:35     all   94.00    0.00    2.50    0.00    0.00    3.50    0.00    0.00    0.00    0.00
05:21:36     all   93.56    0.00    3.47    0.00    0.00    2.72    0.00    0.00    0.00    0.25
05:21:37     all   94.50    0.00    2.25    0.00    0.00    3.25    0.00    0.00    0.00    0.00
05:21:38     all   94.51    0.00    2.49    0.00    0.00    2.99    0.00    0.00    0.00    0.00
05:21:39     all   94.50    0.00    2.50    0.00    0.00    3.00    0.00    0.00    0.00    0.00
05:21:40     all   94.50    0.00    2.25    0.00    0.00    3.25    0.00    0.00    0.00    0.00
05:21:41     all   94.01    0.00    2.74    0.00    0.00    3.24    0.00    0.00    0.00    0.00
05:21:42     all   93.98    0.00    2.51    0.00    0.00    3.51    0.00    0.00    0.00    0.00
05:21:43     all   93.78    0.00    2.74    0.00    0.00    3.48    0.00    0.00    0.00    0.00
05:21:44     all   94.28    0.00    2.24    0.00    0.00    3.48    0.00    0.00    0.00    0.00
05:21:45     all   95.24    0.00    2.26    0.00    0.00    2.51    0.00    0.00    0.00    0.00
05:21:46     all   93.55    0.00    2.98    0.00    0.00    3.47    0.00    0.00    0.00    0.00
05:21:47     all   93.75    0.00    3.00    0.00    0.00    3.25    0.00    0.00    0.00    0.00
05:21:48     all   94.24    0.00    2.26    0.00    0.00    3.51    0.00    0.00    0.00    0.00
05:21:49     all   93.50    0.00    3.25    0.00    0.00    3.25    0.00    0.00    0.00    0.00
05:21:50     all   94.75    0.00    2.25    0.00    0.00    3.00    0.00    0.00    0.00    0.00
05:21:51     all   94.03    0.00    2.49    0.00    0.00    3.48    0.00    0.00    0.00    0.00
05:21:52     all   94.47    0.00    2.51    0.00    0.00    3.02    0.00    0.00    0.00    0.00
05:21:53     all   93.73    0.00    2.76    0.00    0.00    3.51    0.00    0.00    0.00    0.00
05:21:54     all   93.32    0.00    2.97    0.00    0.00    3.71    0.00    0.00    0.00    0.00
05:21:55     all   94.03    0.00    2.74    0.00    0.00    3.23    0.00    0.00    0.00    0.00
05:21:56     all   94.95    0.00    2.53    0.00    0.00    2.53    0.00    0.00    0.00    0.00
05:21:57     all   94.04    0.00    2.48    0.00    0.00    3.47    0.00    0.00    0.00    0.00
05:21:58     all   94.29    0.00    2.48    0.00    0.00    3.23    0.00    0.00    0.00    0.00
05:21:59     all   95.47    0.00    2.02    0.00    0.00    2.52    0.00    0.00    0.00    0.00
05:22:00     all   94.07    0.00    2.72    0.00    0.00    3.21    0.00    0.00    0.00    0.00
05:22:01     all   94.49    0.00    2.51    0.00    0.00    3.01    0.00    0.00    0.00    0.00
05:22:02     all   94.25    0.00    2.50    0.00    0.00    3.25    0.00    0.00    0.00    0.00
05:22:03     all   94.28    0.00    2.24    0.00    0.00    3.48    0.00    0.00    0.00    0.00
05:22:04     all   95.48    0.00    2.01    0.00    0.00    2.51    0.00    0.00    0.00    0.00
05:22:05     all   94.03    0.00    2.99    0.00    0.00    2.99    0.00    0.00    0.00    0.00
05:22:06     all   94.00    0.00    2.50    0.00    0.00    3.50    0.00    0.00    0.00    0.00
05:22:07     all   93.50    0.00    3.00    0.00    0.00    3.50    0.00    0.00    0.00    0.00
05:22:08     all   94.26    0.00    2.74    0.00    0.00    2.99    0.00    0.00    0.00    0.00
05:22:09     all   94.03    0.00    2.99    0.00    0.00    2.99    0.00    0.00    0.00    0.00
05:22:10     all   94.53    0.00    2.49    0.00    0.00    2.99    0.00    0.00    0.00    0.00
05:22:11     all   95.23    0.00    2.51    0.00    0.00    2.26    0.00    0.00    0.00    0.00
05:22:12     all   95.01    0.00    2.00    0.00    0.00    2.99    0.00    0.00    0.00    0.00
05:22:13     all   93.81    0.00    2.97    0.00    0.00    3.22    0.00    0.00    0.00    0.00
05:22:14     all   94.25    0.00    2.75    0.00    0.00    3.00    0.00    0.00    0.00    0.00
05:22:15     all   94.75    0.00    1.75    0.00    0.00    3.50    0.00    0.00    0.00    0.00
05:22:16     all   94.24    0.00    2.76    0.00    0.00    3.01    0.00    0.00    0.00    0.00
05:22:17     all   94.53    0.00    2.24    0.00    0.00    3.23    0.00    0.00    0.00    0.00
05:22:18     all   93.75    0.00    2.75    0.00    0.00    3.50    0.00    0.00    0.00    0.00
05:22:19     all   94.49    0.00    2.51    0.00    0.00    3.01    0.00    0.00    0.00    0.00
05:22:20     all   94.25    0.00    2.25    0.00    0.00    3.50    0.00    0.00    0.00    0.00
05:22:21     all   94.04    0.00    2.73    0.00    0.00    3.23    0.00    0.00    0.00    0.00
05:22:22     all   94.74    0.00    2.26    0.00    0.00    3.01    0.00    0.00    0.00    0.00
05:22:23     all   94.25    0.00    2.25    0.00    0.00    3.50    0.00    0.00    0.00    0.00
05:22:24     all   94.03    0.00    3.23    0.00    0.00    2.74    0.00    0.00    0.00    0.00
05:22:25     all   95.50    0.00    1.50    0.00    0.00    3.00    0.00    0.00    0.00    0.00
05:22:26     all   94.50    0.00    2.75    0.00    0.00    2.75    0.00    0.00    0.00    0.00
05:22:27     all   94.04    0.00    2.48    0.00    0.00    3.47    0.00    0.00    0.00    0.00
05:22:28     all   94.01    0.00    2.99    0.00    0.00    2.99    0.00    0.00    0.00    0.00
05:22:29     all   93.52    0.00    2.74    0.00    0.00    3.74    0.00    0.00    0.00    0.00
05:22:30     all   94.50    0.00    2.50    0.00    0.00    3.00    0.00    0.00    0.00    0.00
05:22:31     all   94.01    0.00    2.99    0.00    0.00    2.99    0.00    0.00    0.00    0.00
05:22:32     all   93.97    0.00    2.76    0.00    0.00    3.02    0.00    0.00    0.00    0.25
05:22:33     all   91.92    0.00    3.03    0.00    0.00    2.78    0.00    0.00    0.00    2.27
05:22:34     all   92.25    0.00    2.75    0.00    0.00    3.50    0.00    0.00    0.00    1.50
05:22:35     all   93.70    0.00    2.27    0.00    0.00    3.53    0.00    0.00    0.00    0.50
05:22:36     all   92.23    0.00    3.76    0.00    0.00    3.26    0.00    0.00    0.00    0.75
05:22:37     all   93.03    0.00    2.74    0.00    0.00    3.23    0.00    0.00    0.00    1.00
05:22:38     all   93.47    0.00    3.27    0.00    0.00    2.51    0.00    0.00    0.00    0.75
05:22:39     all   91.73    0.00    3.01    0.00    0.00    3.51    0.00    0.00    0.00    1.75
05:22:40     all   92.70    0.00    3.02    0.00    0.00    3.27    0.00    0.00    0.00    1.01
05:22:41     all   92.52    0.00    2.49    0.00    0.00    3.74    0.00    0.00    0.00    1.25
05:22:42     all   91.73    0.00    2.51    0.00    0.00    4.01    0.00    0.00    0.00    1.75
05:22:43     all   93.70    0.00    2.52    0.00    0.00    3.53    0.00    0.00    0.00    0.25
05:22:44     all   93.43    0.00    2.53    0.00    0.00    2.78    0.00    0.00    0.00    1.26
05:22:45     all   93.53    0.00    2.74    0.00    0.00    3.48    0.00    0.00    0.00    0.25
05:22:46     all   92.52    0.00    3.24    0.00    0.00    3.24    0.00    0.00    0.00    1.00
05:22:47     all   93.20    0.00    2.77    0.00    0.00    3.27    0.00    0.00    0.00    0.76
05:22:48     all   93.00    0.00    2.75    0.00    0.00    3.50    0.00    0.00    0.00    0.75
05:22:49     all   92.98    0.00    3.01    0.00    0.00    3.51    0.00    0.00    0.00    0.50
05:22:50     all   92.52    0.00    2.49    0.00    0.00    3.74    0.00    0.00    0.00    1.25
05:22:51     all   92.44    0.00    2.52    0.00    0.00    3.27    0.00    0.00    0.00    1.76
05:22:52     all   91.32    0.00    3.47    0.00    0.00    3.97    0.00    0.00    0.00    1.24
05:22:53     all   91.94    0.00    2.77    0.00    0.00    3.53    0.00    0.00    0.00    1.76
05:22:54     all   93.00    0.00    2.75    0.00    0.00    3.25    0.00    0.00    0.00    1.00
05:22:55     all   93.73    0.00    2.51    0.00    0.00    3.26    0.00    0.00    0.00    0.50
05:22:56     all   92.46    0.00    2.76    0.00    0.00    3.02    0.00    0.00    0.00    1.76
05:22:57     all   91.94    0.00    2.77    0.00    0.00    3.53    0.00    0.00    0.00    1.76
05:22:58     all   92.77    0.00    2.74    0.00    0.00    3.24    0.00    0.00    0.00    1.25
05:22:59     all   93.45    0.00    2.77    0.00    0.00    3.02    0.00    0.00    0.00    0.76
05:23:00     all   93.48    0.00    2.51    0.00    0.00    3.51    0.00    0.00    0.00    0.50
05:23:01     all   91.73    0.00    2.51    0.00    0.00    4.01    0.00    0.00    0.00    1.75
05:23:02     all   93.73    0.00    2.51    0.00    0.00    3.51    0.00    0.00    0.00    0.25
05:23:03     all   93.50    0.00    2.50    0.00    0.00    3.50    0.00    0.00    0.00    0.50
05:23:04     all   92.21    0.00    2.51    0.00    0.00    3.27    0.00    0.00    0.00    2.01
05:23:05     all   92.96    0.00    3.02    0.00    0.00    3.27    0.00    0.00    0.00    0.75
05:23:06     all   91.96    0.00    3.27    0.00    0.00    3.52    0.00    0.00    0.00    1.26
05:23:07     all   92.19    0.00    2.52    0.00    0.00    3.27    0.00    0.00    0.00    2.02
05:23:08     all   93.22    0.00    2.26    0.00    0.00    3.02    0.00    0.00    0.00    1.51
05:23:09     all   92.23    0.00    2.76    0.00    0.00    4.26    0.00    0.00    0.00    0.75
05:23:10     all   93.73    0.00    2.76    0.00    0.00    2.76    0.00    0.00    0.00    0.75
05:23:11     all   91.90    0.00    2.78    0.00    0.00    3.29    0.00    0.00    0.00    2.03
05:23:12     all   92.95    0.00    3.02    0.00    0.00    3.27    0.00    0.00    0.00    0.76
05:23:13     all   92.29    0.00    2.99    0.00    0.00    3.48    0.00    0.00    0.00    1.24
05:23:14     all   93.72    0.00    2.51    0.00    0.00    3.02    0.00    0.00    0.00    0.75
05:23:15     all   91.96    0.00    2.76    0.00    0.00    3.77    0.00    0.00    0.00    1.51
05:23:16     all   92.44    0.00    3.02    0.00    0.00    3.27    0.00    0.00    0.00    1.26
05:23:17     all   91.69    0.00    3.02    0.00    0.00    3.27    0.00    0.00    0.00    2.02
05:23:18     all   92.50    0.00    3.25    0.00    0.00    3.50    0.00    0.00    0.00    0.75
05:23:19     all   92.77    0.00    2.24    0.00    0.00    3.99    0.00    0.00    0.00    1.00
05:23:20     all   93.20    0.00    2.02    0.00    0.00    3.53    0.00    0.00    0.00    1.26
05:23:21     all   92.25    0.00    3.50    0.00    0.00    3.75    0.00    0.00    0.00    0.50
05:23:22     all   93.02    0.00    2.74    0.00    0.00    3.49    0.00    0.00    0.00    0.75
05:23:23     all   93.20    0.00    2.52    0.00    0.00    3.53    0.00    0.00    0.00    0.76
05:23:24     all   91.75    0.00    3.50    0.00    0.00    3.00    0.00    0.00    0.00    1.75
05:23:25     all   91.71    0.00    2.51    0.00    0.00    3.52    0.00    0.00    0.00    2.26
05:23:26     all   93.45    0.00    2.02    0.00    0.00    3.53    0.00    0.00    0.00    1.01
05:23:27     all   90.98    0.00    3.01    0.00    0.00    3.76    0.00    0.00    0.00    2.26
05:23:28     all   92.54    0.00    3.23    0.00    0.00    2.99    0.00    0.00    0.00    1.24
05:23:29     all   92.66    0.00    2.28    0.00    0.00    3.04    0.00    0.00    0.00    2.03
05:23:30     all   92.54    0.00    2.74    0.00    0.00    3.23    0.00    0.00    0.00    1.49
05:23:31     all   91.69    0.00    2.77    0.00    0.00    3.53    0.00    0.00    0.00    2.02
05:23:32     all   93.48    0.00    2.76    0.00    0.00    2.76    0.00    0.00    0.00    1.00
05:23:33     all   92.48    0.00    3.01    0.00    0.00    3.26    0.00    0.00    0.00    1.25
05:23:34     all   92.23    0.00    2.76    0.00    0.00    3.26    0.00    0.00    0.00    1.75
05:23:35     all   93.23    0.00    2.51    0.00    0.00    3.76    0.00    0.00    0.00    0.50
05:23:36     all   92.25    0.00    3.75    0.00    0.00    3.00    0.00    0.00    0.00    1.00
05:23:37     all   91.25    0.00    3.75    0.00    0.00    3.50    0.00    0.00    0.00    1.50
05:23:38     all   93.27    0.00    2.49    0.00    0.00    3.49    0.00    0.00    0.00    0.75
05:23:39     all   93.23    0.00    2.51    0.00    0.00    3.76    0.00    0.00    0.00    0.50
05:23:40     all   94.24    0.00    2.26    0.00    0.00    3.26    0.00    0.00    0.00    0.25
05:23:41     all   93.72    0.00    2.26    0.00    0.00    3.77    0.00    0.00    0.00    0.25
05:23:42     all   92.98    0.00    3.01    0.00    0.00    3.51    0.00    0.00    0.00    0.50
05:23:43     all   93.02    0.00    2.99    0.00    0.00    3.49    0.00    0.00    0.00    0.50
05:23:44     all   93.77    0.00    2.74    0.00    0.00    2.99    0.00    0.00    0.00    0.50
05:23:45     all   93.69    0.00    2.27    0.00    0.00    3.54    0.00    0.00    0.00    0.51
05:23:46     all   92.80    0.00    2.48    0.00    0.00    3.97    0.00    0.00    0.00    0.74
05:23:47     all   93.28    0.00    2.74    0.00    0.00    3.48    0.00    0.00    0.00    0.50
05:23:48     all   92.70    0.00    2.52    0.00    0.00    3.53    0.00    0.00    0.00    1.26
05:23:49     all   92.52    0.00    3.24    0.00    0.00    3.74    0.00    0.00    0.00    0.50
05:23:50     all   92.93    0.00    2.53    0.00    0.00    3.54    0.00    0.00    0.00    1.01
05:23:51     all   92.23    0.00    2.76    0.00    0.00    3.26    0.00    0.00    0.00    1.75
05:23:52     all   93.22    0.00    2.76    0.00    0.00    3.27    0.00    0.00    0.00    0.75
05:23:53     all   92.73    0.00    2.51    0.00    0.00    3.51    0.00    0.00    0.00    1.25
05:23:54     all   92.70    0.00    3.02    0.00    0.00    3.27    0.00    0.00    0.00    1.01
05:23:55     all   93.75    0.00    2.25    0.00    0.00    3.50    0.00    0.00    0.00    0.50
05:23:56     all   92.96    0.00    2.76    0.00    0.00    3.52    0.00    0.00    0.00    0.75
05:23:57     all   92.79    0.00    2.99    0.00    0.00    3.23    0.00    0.00    0.00    1.00
05:23:58     all   91.50    0.00    2.75    0.00    0.00    4.00    0.00    0.00    0.00    1.75
05:23:59     all   93.47    0.00    2.26    0.00    0.00    3.27    0.00    0.00    0.00    1.01
05:24:00     all   92.48    0.00    3.26    0.00    0.00    3.01    0.00    0.00    0.00    1.25
05:24:01     all   92.46    0.00    2.26    0.00    0.00    3.52    0.00    0.00    0.00    1.76
05:24:02     all   65.40    0.00    8.33    0.00    0.00    0.76    0.00    0.00    0.00   25.51
05:24:03     all   89.25    0.00   10.75    0.00    0.00    0.00    0.00    0.00    0.00    0.00
05:24:04     all   93.05    0.00    4.96    0.00    0.00    1.99    0.00    0.00    0.00    0.00
05:24:05     all   95.73    0.00    2.01    0.00    0.00    2.26    0.00    0.00    0.00    0.00
05:24:06     all   95.04    0.00    2.23    0.00    0.00    2.73    0.00    0.00    0.00    0.00
05:24:07     all   94.26    0.00    2.24    0.00    0.00    3.24    0.00    0.00    0.00    0.25
05:24:08     all   94.74    0.00    2.51    0.00    0.00    2.76    0.00    0.00    0.00    0.00
05:24:09     all   95.25    0.00    2.00    0.00    0.00    2.50    0.00    0.00    0.00    0.25
05:24:10     all   94.53    0.00    1.99    0.00    0.00    3.48    0.00    0.00    0.00    0.00
05:24:11     all   94.49    0.00    2.51    0.00    0.00    3.01    0.00    0.00    0.00    0.00
05:24:12     all   95.02    0.00    2.24    0.00    0.00    2.74    0.00    0.00    0.00    0.00
05:24:13     all   94.75    0.00    2.00    0.00    0.00    3.25    0.00    0.00    0.00    0.00
05:24:14     all   95.00    0.00    2.00    0.00    0.00    3.00    0.00    0.00    0.00    0.00
05:24:15     all   94.50    0.00    2.00    0.00    0.00    3.50    0.00    0.00    0.00    0.00
05:24:16     all   94.03    0.00    2.74    0.00    0.00    2.74    0.00    0.00    0.00    0.50
05:24:17     all   94.75    0.00    2.50    0.00    0.00    2.75    0.00    0.00    0.00    0.00
05:24:18     all   94.50    0.00    2.25    0.00    0.00    3.25    0.00    0.00    0.00    0.00
05:24:19     all   94.99    0.00    2.26    0.00    0.00    2.76    0.00    0.00    0.00    0.00
05:24:20     all   94.04    0.00    2.23    0.00    0.00    3.72    0.00    0.00    0.00    0.00
05:24:21     all   95.24    0.00    2.01    0.00    0.00    2.76    0.00    0.00    0.00    0.00
05:24:22     all   95.01    0.00    2.24    0.00    0.00    2.74    0.00    0.00    0.00    0.00
05:24:23     all   94.99    0.00    2.01    0.00    0.00    3.01    0.00    0.00    0.00    0.00
05:24:24     all   94.74    0.00    2.01    0.00    0.00    3.26    0.00    0.00    0.00    0.00
05:24:25     all   94.29    0.00    2.73    0.00    0.00    2.98    0.00    0.00    0.00    0.00
05:24:26     all   94.99    0.00    2.51    0.00    0.00    2.51    0.00    0.00    0.00    0.00
05:24:27     all   94.50    0.00    2.75    0.00    0.00    2.75    0.00    0.00    0.00    0.00
05:24:28     all   94.26    0.00    2.24    0.00    0.00    3.49    0.00    0.00    0.00    0.00
05:24:29     all   86.97    0.00    2.26    0.00    0.00    2.76    0.00    0.00    0.00    8.02
05:24:30     all   94.53    0.00    2.24    0.00    0.00    3.23    0.00    0.00    0.00    0.00
05:24:31     all   94.74    0.00    2.26    0.00    0.00    3.01    0.00    0.00    0.00    0.00
05:24:32     all   94.47    0.00    2.51    0.00    0.00    3.02    0.00    0.00    0.00    0.00
05:24:33     all   94.29    0.00    2.48    0.00    0.00    3.23    0.00    0.00    0.00    0.00
05:24:34     all   94.25    0.00    2.50    0.00    0.00    3.25    0.00    0.00    0.00    0.00
05:24:35     all   95.00    0.00    2.25    0.00    0.00    2.75    0.00    0.00    0.00    0.00
05:24:36     all   92.77    0.00    3.74    0.00    0.00    3.49    0.00    0.00    0.00    0.00
05:24:37     all   95.23    0.00    1.76    0.00    0.00    3.02    0.00    0.00    0.00    0.00
05:24:38     all   94.53    0.00    2.74    0.00    0.00    2.74    0.00    0.00    0.00    0.00
05:24:39     all   94.74    0.00    2.26    0.00    0.00    3.01    0.00    0.00    0.00    0.00
05:24:40     all   93.25    0.00    2.75    0.00    0.00    2.75    0.00    0.00    0.00    1.25
05:24:41     all   94.28    0.00    2.49    0.00    0.00    2.99    0.00    0.00    0.00    0.25
05:24:42     all   94.51    0.00    2.49    0.00    0.00    2.99    0.00    0.00    0.00    0.00
05:24:43     all   94.49    0.00    2.51    0.00    0.00    3.01    0.00    0.00    0.00    0.00
05:24:44     all   94.68    0.00    2.53    0.00    0.00    2.78    0.00    0.00    0.00    0.00
05:24:45     all   94.51    0.00    2.49    0.00    0.00    2.99    0.00    0.00    0.00    0.00
05:24:46     all   94.50    0.00    2.25    0.00    0.00    3.25    0.00    0.00    0.00    0.00
05:24:47     all   95.02    0.00    1.99    0.00    0.00    2.99    0.00    0.00    0.00    0.00
05:24:48     all   94.24    0.00    2.51    0.00    0.00    3.26    0.00    0.00    0.00    0.00
05:24:49     all   94.51    0.00    2.49    0.00    0.00    2.99    0.00    0.00    0.00    0.00
05:24:50     all   95.01    0.00    2.24    0.00    0.00    2.74    0.00    0.00    0.00    0.00
05:24:51     all   95.25    0.00    2.25    0.00    0.00    2.50    0.00    0.00    0.00    0.00
05:24:52     all   94.74    0.00    2.26    0.00    0.00    3.01    0.00    0.00    0.00    0.00
05:24:53     all   94.01    0.00    2.74    0.00    0.00    2.99    0.00    0.00    0.00    0.25
05:24:54     all   94.24    0.00    2.51    0.00    0.00    3.01    0.00    0.00    0.00    0.25
05:24:55     all   94.53    0.00    2.49    0.00    0.00    2.74    0.00    0.00    0.00    0.25
05:24:56     all   94.53    0.00    1.99    0.00    0.00    3.48    0.00    0.00    0.00    0.00
05:24:57     all   93.73    0.00    3.01    0.00    0.00    3.26    0.00    0.00    0.00    0.00
05:24:58     all   95.00    0.00    2.25    0.00    0.00    2.75    0.00    0.00    0.00    0.00
05:24:59     all   94.50    0.00    2.50    0.00    0.00    3.00    0.00    0.00    0.00    0.00
05:25:00     all   94.26    0.00    2.49    0.00    0.00    3.24    0.00    0.00    0.00    0.00
05:25:01     all   88.22    0.00    2.01    0.00    0.00    2.26    0.00    0.00    0.00    7.52
05:25:02     all   95.00    0.00    2.00    0.00    0.00    3.00    0.00    0.00    0.00    0.00
05:25:03     all   95.24    0.00    2.01    0.00    0.00    2.76    0.00    0.00    0.00    0.00
05:25:04     all   94.26    0.00    2.24    0.00    0.00    3.49    0.00    0.00    0.00    0.00
05:25:05     all   95.01    0.00    2.00    0.00    0.00    2.99    0.00    0.00    0.00    0.00
05:25:06     all   94.75    0.00    2.75    0.00    0.00    2.50    0.00    0.00    0.00    0.00
05:25:07     all   94.26    0.00    2.74    0.00    0.00    2.99    0.00    0.00    0.00    0.00
05:25:08     all   94.49    0.00    2.76    0.00    0.00    2.76    0.00    0.00    0.00    0.00
05:25:09     all   93.98    0.00    2.76    0.00    0.00    3.01    0.00    0.00    0.00    0.25
05:25:10     all   94.51    0.00    2.24    0.00    0.00    3.24    0.00    0.00    0.00    0.00
05:25:11     all   94.50    0.00    2.25    0.00    0.00    3.25    0.00    0.00    0.00    0.00
05:25:12     all   94.03    0.00    2.99    0.00    0.00    2.99    0.00    0.00    0.00    0.00
05:25:13     all   95.51    0.00    2.00    0.00    0.00    2.49    0.00    0.00    0.00    0.00
05:25:14     all   94.99    0.00    2.26    0.00    0.00    2.76    0.00    0.00    0.00    0.00
05:25:15     all   94.50    0.00    2.50    0.00    0.00    3.00    0.00    0.00    0.00    0.00
05:25:16     all   95.02    0.00    2.24    0.00    0.00    2.74    0.00    0.00    0.00    0.00
05:25:17     all   95.23    0.00    1.76    0.00    0.00    3.02    0.00    0.00    0.00    0.00
05:25:18     all   95.00    0.00    2.25    0.00    0.00    2.50    0.00    0.00    0.00    0.25
05:25:19     all   95.00    0.00    2.00    0.00    0.00    3.00    0.00    0.00    0.00    0.00
05:25:20     all   93.78    0.00    2.99    0.00    0.00    3.23    0.00    0.00    0.00    0.00
05:25:21     all   94.51    0.00    2.24    0.00    0.00    3.24    0.00    0.00    0.00    0.00
05:25:22     all   94.76    0.00    2.49    0.00    0.00    2.74    0.00    0.00    0.00    0.00
05:25:23     all   94.74    0.00    2.01    0.00    0.00    3.26    0.00    0.00    0.00    0.00
05:25:24     all   94.51    0.00    2.49    0.00    0.00    2.74    0.00    0.00    0.00    0.25
05:25:25     all   95.75    0.00    2.00    0.00    0.00    2.25    0.00    0.00    0.00    0.00
05:25:26     all   94.28    0.00    2.99    0.00    0.00    2.74    0.00    0.00    0.00    0.00
05:25:27     all   94.99    0.00    2.01    0.00    0.00    3.01    0.00    0.00    0.00    0.00
05:25:28     all   94.49    0.00    2.51    0.00    0.00    3.01    0.00    0.00    0.00    0.00
05:25:29     all   93.02    0.00    2.24    0.00    0.00    2.74    0.00    0.00    0.00    2.00
05:25:30     all   95.72    0.00    1.76    0.00    0.00    2.52    0.00    0.00    0.00    0.00
05:25:31     all   94.29    0.00    2.48    0.00    0.00    3.23    0.00    0.00    0.00    0.00
05:25:32     all   95.48    0.00    2.26    0.00    0.00    2.26    0.00    0.00    0.00    0.00
05:25:33     all   94.26    0.00    2.24    0.00    0.00    3.49    0.00    0.00    0.00    0.00
05:25:34     all   94.74    0.00    2.26    0.00    0.00    3.01    0.00    0.00    0.00    0.00
05:25:35     all   94.51    0.00    2.24    0.00    0.00    3.24    0.00    0.00    0.00    0.00
05:25:36     all   93.03    0.00    3.73    0.00    0.00    3.23    0.00    0.00    0.00    0.00
05:25:37     all   94.74    0.00    2.51    0.00    0.00    2.51    0.00    0.00    0.00    0.25
05:25:38     all   94.53    0.00    2.24    0.00    0.00    3.23    0.00    0.00    0.00    0.00
05:25:39     all   94.99    0.00    2.26    0.00    0.00    2.76    0.00    0.00    0.00    0.00
05:25:40     all   95.00    0.00    2.50    0.00    0.00    2.50    0.00    0.00    0.00    0.00
05:25:41     all   93.53    0.00    2.49    0.00    0.00    3.98    0.00    0.00    0.00    0.00
05:25:42     all   94.97    0.00    2.26    0.00    0.00    2.76    0.00    0.00    0.00    0.00
05:25:43     all   94.75    0.00    2.75    0.00    0.00    2.50    0.00    0.00    0.00    0.00
05:25:44     all   94.28    0.00    2.24    0.00    0.00    3.48    0.00    0.00    0.00    0.00
05:25:45     all   95.50    0.00    2.00    0.00    0.00    2.50    0.00    0.00    0.00    0.00
05:25:46     all   94.76    0.00    2.24    0.00    0.00    2.99    0.00    0.00    0.00    0.00
05:25:47     all   94.49    0.00    2.26    0.00    0.00    3.26    0.00    0.00    0.00    0.00
05:25:48     all   94.26    0.00    2.49    0.00    0.00    2.99    0.00    0.00    0.00    0.25
05:25:49     all   94.25    0.00    2.25    0.00    0.00    3.50    0.00    0.00    0.00    0.00
05:25:50     all   95.75    0.00    1.50    0.00    0.00    2.75    0.00    0.00    0.00    0.00
05:25:51     all   94.76    0.00    2.24    0.00    0.00    2.99    0.00    0.00    0.00    0.00
05:25:52     all   94.99    0.00    2.01    0.00    0.00    3.01    0.00    0.00    0.00    0.00
05:25:53     all   95.25    0.00    2.00    0.00    0.00    2.50    0.00    0.00    0.00    0.25
05:25:54     all   94.78    0.00    2.24    0.00    0.00    2.99    0.00    0.00    0.00    0.00
05:25:55     all   93.78    0.00    2.49    0.00    0.00    3.73    0.00    0.00    0.00    0.00
05:25:56     all   94.97    0.00    2.01    0.00    0.00    3.02    0.00    0.00    0.00    0.00
05:25:57     all   94.01    0.00    3.24    0.00    0.00    2.74    0.00    0.00    0.00    0.00
05:25:58     all   95.00    0.00    2.00    0.00    0.00    3.00    0.00    0.00    0.00    0.00
05:25:59     all   95.00    0.00    2.50    0.00    0.00    2.50    0.00    0.00    0.00    0.00
05:26:00     all   93.47    0.00    2.01    0.00    0.00    3.02    0.00    0.00    0.00    1.51
05:26:01     all   90.30    0.00    2.24    0.00    0.00    2.99    0.00    0.00    0.00    4.48
05:26:02     all   94.51    0.00    2.49    0.00    0.00    2.99    0.00    0.00    0.00    0.00
05:26:03     all   95.25    0.00    2.25    0.00    0.00    2.25    0.00    0.00    0.00    0.25
05:26:04     all   94.74    0.00    2.26    0.00    0.00    3.01    0.00    0.00    0.00    0.00
05:26:05     all   93.78    0.00    2.74    0.00    0.00    3.48    0.00    0.00    0.00    0.00
05:26:06     all   94.50    0.00    2.50    0.00    0.00    3.00    0.00    0.00    0.00    0.00
05:26:07     all   93.72    0.00    2.26    0.00    0.00    4.02    0.00    0.00    0.00    0.00
05:26:08     all   94.55    0.00    2.48    0.00    0.00    2.97    0.00    0.00    0.00    0.00
05:26:09     all   94.50    0.00    2.75    0.00    0.00    2.75    0.00    0.00    0.00    0.00
05:26:10     all   94.74    0.00    2.26    0.00    0.00    3.01    0.00    0.00    0.00    0.00
05:26:11     all   94.50    0.00    3.00    0.00    0.00    2.50    0.00    0.00    0.00    0.00
05:26:12     all   94.74    0.00    2.26    0.00    0.00    3.01    0.00    0.00    0.00    0.00
05:26:13     all   94.03    0.00    2.49    0.00    0.00    3.23    0.00    0.00    0.00    0.25
05:26:14     all   95.02    0.00    1.74    0.00    0.00    3.23    0.00    0.00    0.00    0.00
05:26:15     all   94.50    0.00    2.50    0.00    0.00    3.00    0.00    0.00    0.00    0.00
05:26:16     all   95.24    0.00    1.75    0.00    0.00    3.01    0.00    0.00    0.00    0.00
05:26:17     all   94.75    0.00    2.75    0.00    0.00    2.50    0.00    0.00    0.00    0.00
05:26:18     all   94.26    0.00    2.00    0.00    0.00    3.74    0.00    0.00    0.00    0.00
05:26:19     all   94.53    0.00    2.49    0.00    0.00    2.99    0.00    0.00    0.00    0.00
05:26:20     all   95.47    0.00    2.02    0.00    0.00    2.52    0.00    0.00    0.00    0.00
05:26:21     all   95.02    0.00    1.74    0.00    0.00    2.99    0.00    0.00    0.00    0.25
05:26:22     all   94.99    0.00    2.51    0.00    0.00    2.51    0.00    0.00    0.00    0.00
05:26:23     all   95.25    0.00    2.00    0.00    0.00    2.75    0.00    0.00    0.00    0.00
05:26:24     all   94.54    0.00    2.48    0.00    0.00    2.98    0.00    0.00    0.00    0.00
05:26:25     all   95.48    0.00    2.01    0.00    0.00    2.51    0.00    0.00    0.00    0.00
05:26:26     all   94.29    0.00    2.48    0.00    0.00    3.23    0.00    0.00    0.00    0.00
05:26:27     all   95.49    0.00    2.01    0.00    0.00    2.51    0.00    0.00    0.00    0.00
05:26:28     all   95.49    0.00    1.75    0.00    0.00    2.76    0.00    0.00    0.00    0.00
05:26:29     all   93.52    0.00    2.99    0.00    0.00    3.49    0.00    0.00    0.00    0.00
05:26:30     all   94.50    0.00    2.00    0.00    0.00    3.50    0.00    0.00    0.00    0.00
05:26:31     all   95.74    0.00    1.75    0.00    0.00    2.26    0.00    0.00    0.00    0.25
05:26:32     all   91.79    0.00    2.24    0.00    0.00    2.99    0.00    0.00    0.00    2.99
05:26:33     all   93.77    0.00    2.74    0.00    0.00    3.24    0.00    0.00    0.00    0.25
05:26:34     all   94.74    0.00    2.26    0.00    0.00    3.01    0.00    0.00    0.00    0.00
05:26:35     all   94.53    0.00    2.24    0.00    0.00    3.23    0.00    0.00    0.00    0.00
05:26:36     all   92.98    0.00    4.01    0.00    0.00    3.01    0.00    0.00    0.00    0.00
05:26:37     all   95.25    0.00    2.50    0.00    0.00    2.25    0.00    0.00    0.00    0.00
05:26:38     all   94.75    0.00    2.25    0.00    0.00    3.00    0.00    0.00    0.00    0.00
05:26:39     all   94.26    0.00    2.24    0.00    0.00    3.49    0.00    0.00    0.00    0.00
05:26:40     all   94.96    0.00    2.02    0.00    0.00    3.02    0.00    0.00    0.00    0.00
05:26:41     all   94.76    0.00    2.24    0.00    0.00    2.99    0.00    0.00    0.00    0.00
05:26:42     all   94.01    0.00    2.99    0.00    0.00    2.99    0.00    0.00    0.00    0.00
05:26:43     all   94.78    0.00    2.49    0.00    0.00    2.74    0.00    0.00    0.00    0.00
05:26:44     all   94.22    0.00    2.51    0.00    0.00    3.27    0.00    0.00    0.00    0.00
05:26:45     all   94.49    0.00    2.51    0.00    0.00    3.01    0.00    0.00    0.00    0.00
05:26:46     all   94.29    0.00    2.73    0.00    0.00    2.98    0.00    0.00    0.00    0.00
05:26:47     all   94.75    0.00    2.25    0.00    0.00    3.00    0.00    0.00    0.00    0.00
05:26:48     all   94.49    0.00    2.26    0.00    0.00    3.26    0.00    0.00    0.00    0.00
05:26:49     all   95.00    0.00    2.25    0.00    0.00    2.50    0.00    0.00    0.00    0.25
05:26:50     all   94.53    0.00    1.99    0.00    0.00    3.48    0.00    0.00    0.00    0.00
05:26:51     all   94.49    0.00    2.51    0.00    0.00    2.76    0.00    0.00    0.00    0.25
05:26:52     all   94.28    0.00    2.24    0.00    0.00    3.48    0.00    0.00    0.00    0.00
05:26:53     all   94.97    0.00    2.51    0.00    0.00    2.51    0.00    0.00    0.00    0.00
05:26:54     all   96.00    0.00    1.50    0.00    0.00    2.50    0.00    0.00    0.00    0.00
05:26:55     all   93.78    0.00    2.49    0.00    0.00    3.73    0.00    0.00    0.00    0.00
05:26:56     all   95.00    0.00    2.25    0.00    0.00    2.75    0.00    0.00    0.00    0.00
05:26:57     all   94.50    0.00    2.50    0.00    0.00    3.00    0.00    0.00    0.00    0.00
05:26:58     all   94.25    0.00    2.75    0.00    0.00    3.00    0.00    0.00    0.00    0.00
05:26:59     all   94.76    0.00    2.24    0.00    0.00    2.99    0.00    0.00    0.00    0.00
05:27:00     all   95.21    0.00    2.02    0.00    0.00    2.77    0.00    0.00    0.00    0.00
05:27:01     all   94.53    0.00    2.49    0.00    0.00    2.74    0.00    0.00    0.00    0.25
05:27:02     all   95.27    0.00    1.74    0.00    0.00    2.99    0.00    0.00    0.00    0.00
05:27:03     all   94.50    0.00    2.50    0.00    0.00    3.00    0.00    0.00    0.00    0.00
05:27:04     all   94.99    0.00    2.01    0.00    0.00    3.01    0.00    0.00    0.00    0.00
05:27:05     all   94.50    0.00    2.50    0.00    0.00    3.00    0.00    0.00    0.00    0.00
05:27:06     all   94.76    0.00    2.00    0.00    0.00    3.24    0.00    0.00    0.00    0.00
05:27:07     all   94.53    0.00    2.49    0.00    0.00    2.99    0.00    0.00    0.00    0.00
05:27:08     all   94.97    0.00    2.01    0.00    0.00    3.02    0.00    0.00    0.00    0.00
05:27:09     all   94.72    0.00    2.26    0.00    0.00    3.02    0.00    0.00    0.00    0.00
05:27:10     all   94.06    0.00    2.72    0.00    0.00    2.97    0.00    0.00    0.00    0.25
05:27:11     all   94.97    0.00    2.01    0.00    0.00    3.02    0.00    0.00    0.00    0.00
05:27:12     all   94.75    0.00    2.00    0.00    0.00    3.25    0.00    0.00    0.00    0.00
05:27:13     all   94.01    0.00    2.49    0.00    0.00    3.49    0.00    0.00    0.00    0.00
05:27:14     all   95.00    0.00    2.00    0.00    0.00    3.00    0.00    0.00    0.00    0.00
05:27:15     all   95.24    0.00    2.26    0.00    0.00    2.51    0.00    0.00    0.00    0.00
05:27:16     all   93.32    0.00    2.97    0.00    0.00    3.71    0.00    0.00    0.00    0.00
05:27:17     all   95.23    0.00    2.26    0.00    0.00    2.51    0.00    0.00    0.00    0.00
05:27:18     all   95.26    0.00    2.00    0.00    0.00    2.74    0.00    0.00    0.00    0.00
05:27:19     all   95.00    0.00    2.00    0.00    0.00    3.00    0.00    0.00    0.00    0.00
05:27:20     all   94.74    0.00    2.26    0.00    0.00    3.01    0.00    0.00    0.00    0.00
05:27:21     all   94.26    0.00    2.49    0.00    0.00    3.24    0.00    0.00    0.00    0.00
05:27:22     all   94.75    0.00    2.75    0.00    0.00    2.50    0.00    0.00    0.00    0.00
05:27:23     all   94.25    0.00    2.50    0.00    0.00    3.25    0.00    0.00    0.00    0.00
05:27:24     all   94.49    0.00    2.26    0.00    0.00    3.26    0.00    0.00    0.00    0.00
05:27:25     all   94.76    0.00    2.24    0.00    0.00    2.99    0.00    0.00    0.00    0.00
05:27:26     all   94.53    0.00    2.24    0.00    0.00    3.23    0.00    0.00    0.00    0.00
05:27:27     all   94.76    0.00    2.00    0.00    0.00    3.24    0.00    0.00    0.00    0.00
05:27:28     all   94.49    0.00    2.76    0.00    0.00    2.76    0.00    0.00    0.00    0.00
05:27:29     all   94.50    0.00    2.25    0.00    0.00    3.25    0.00    0.00    0.00    0.00
05:27:30     all   94.50    0.00    2.25    0.00    0.00    3.25    0.00    0.00    0.00    0.00
05:27:31     all   94.51    0.00    2.24    0.00    0.00    2.99    0.00    0.00    0.00    0.25
05:27:32     all   94.76    0.00    2.24    0.00    0.00    2.74    0.00    0.00    0.00    0.25
05:27:33     all   94.25    0.00    2.00    0.00    0.00    3.50    0.00    0.00    0.00    0.25
05:27:34     all   93.53    0.00    2.99    0.00    0.00    3.23    0.00    0.00    0.00    0.25
05:27:35     all   95.49    0.00    2.26    0.00    0.00    2.26    0.00    0.00    0.00    0.00
05:27:36     all   93.52    0.00    3.49    0.00    0.00    2.99    0.00    0.00    0.00    0.00
05:27:37     all   95.00    0.00    2.25    0.00    0.00    2.75    0.00    0.00    0.00    0.00
05:27:38     all   95.23    0.00    2.01    0.00    0.00    2.76    0.00    0.00    0.00    0.00
05:27:39     all   94.01    0.00    2.74    0.00    0.00    3.24    0.00    0.00    0.00    0.00
05:27:40     all   94.25    0.00    2.50    0.00    0.00    3.25    0.00    0.00    0.00    0.00
05:27:41     all   93.98    0.00    2.51    0.00    0.00    3.51    0.00    0.00    0.00    0.00
05:27:42     all   94.49    0.00    2.51    0.00    0.00    3.01    0.00    0.00    0.00    0.00
05:27:43     all   95.01    0.00    2.24    0.00    0.00    2.74    0.00    0.00    0.00    0.00
05:27:44     all   94.29    0.00    2.23    0.00    0.00    3.47    0.00    0.00    0.00    0.00
05:27:45     all   94.01    0.00    2.24    0.00    0.00    3.49    0.00    0.00    0.00    0.25
05:27:46     all   94.74    0.00    2.51    0.00    0.00    2.51    0.00    0.00    0.00    0.25
05:27:47     all   94.54    0.00    1.99    0.00    0.00    3.47    0.00    0.00    0.00    0.00
05:27:48     all   94.76    0.00    2.24    0.00    0.00    2.74    0.00    0.00    0.00    0.25
05:27:49     all   94.76    0.00    2.24    0.00    0.00    2.99    0.00    0.00    0.00    0.00
05:27:50     all   95.48    0.00    1.76    0.00    0.00    2.76    0.00    0.00    0.00    0.00
05:27:51     all   94.53    0.00    1.99    0.00    0.00    3.48    0.00    0.00    0.00    0.00
05:27:52     all   94.03    0.00    2.74    0.00    0.00    3.23    0.00    0.00    0.00    0.00
05:27:53     all   94.74    0.00    2.01    0.00    0.00    3.26    0.00    0.00    0.00    0.00
05:27:54     all   94.47    0.00    2.51    0.00    0.00    3.02    0.00    0.00    0.00    0.00
05:27:55     all   94.51    0.00    2.24    0.00    0.00    3.24    0.00    0.00    0.00    0.00
05:27:56     all   94.26    0.00    2.24    0.00    0.00    3.49    0.00    0.00    0.00    0.00
05:27:57     all   94.75    0.00    2.50    0.00    0.00    2.75    0.00    0.00    0.00    0.00
05:27:58     all   94.72    0.00    2.01    0.00    0.00    3.27    0.00    0.00    0.00    0.00
05:27:59     all   94.25    0.00    3.00    0.00    0.00    2.75    0.00    0.00    0.00    0.00
05:28:00     all   95.25    0.00    2.25    0.00    0.00    2.50    0.00    0.00    0.00    0.00
05:28:01     all   94.55    0.00    2.23    0.00    0.00    2.97    0.00    0.00    0.00    0.25
05:28:02     all   95.23    0.00    1.76    0.00    0.00    3.02    0.00    0.00    0.00    0.00
05:28:03     all   95.27    0.00    1.74    0.00    0.00    2.74    0.00    0.00    0.00    0.25
05:28:04     all   94.72    0.00    2.01    0.00    0.00    3.27    0.00    0.00    0.00    0.00
05:28:05     all   94.76    0.00    2.74    0.00    0.00    2.49    0.00    0.00    0.00    0.00
05:28:06     all   94.28    0.00    2.74    0.00    0.00    2.99    0.00    0.00    0.00    0.00
05:28:07     all   94.75    0.00    2.25    0.00    0.00    3.00    0.00    0.00    0.00    0.00
05:28:08     all   94.99    0.00    2.01    0.00    0.00    3.01    0.00    0.00    0.00    0.00
05:28:09     all   93.28    0.00    2.99    0.00    0.00    3.73    0.00    0.00    0.00    0.00
05:28:10     all   95.97    0.00    1.51    0.00    0.00    2.52    0.00    0.00    0.00    0.00
05:28:11     all   94.29    0.00    2.48    0.00    0.00    2.98    0.00    0.00    0.00    0.25
05:28:12     all   94.25    0.00    2.75    0.00    0.00    3.00    0.00    0.00    0.00    0.00
05:28:13     all   94.49    0.00    2.26    0.00    0.00    3.26    0.00    0.00    0.00    0.00
05:28:14     all   94.50    0.00    2.25    0.00    0.00    3.25    0.00    0.00    0.00    0.00
05:28:15     all   94.76    0.00    2.24    0.00    0.00    2.99    0.00    0.00    0.00    0.00
05:28:16     all   94.74    0.00    2.51    0.00    0.00    2.76    0.00    0.00    0.00    0.00
05:28:17     all   94.50    0.00    2.00    0.00    0.00    3.50    0.00    0.00    0.00    0.00
05:28:18     all   94.54    0.00    2.23    0.00    0.00    3.23    0.00    0.00    0.00    0.00
05:28:19     all   94.24    0.00    2.26    0.00    0.00    3.51    0.00    0.00    0.00    0.00
05:28:20     all   94.75    0.00    2.25    0.00    0.00    3.00    0.00    0.00    0.00    0.00
05:28:21     all   94.99    0.00    2.26    0.00    0.00    2.76    0.00    0.00    0.00    0.00
05:28:22     all   95.01    0.00    2.00    0.00    0.00    2.99    0.00    0.00    0.00    0.00
05:28:23     all   94.51    0.00    2.49    0.00    0.00    2.99    0.00    0.00    0.00    0.00
05:28:24     all   95.51    0.00    1.75    0.00    0.00    2.74    0.00    0.00    0.00    0.00
05:28:25     all   94.71    0.00    2.27    0.00    0.00    3.02    0.00    0.00    0.00    0.00
05:28:26     all   94.04    0.00    2.73    0.00    0.00    3.23    0.00    0.00    0.00    0.00
05:28:27     all   94.76    0.00    2.24    0.00    0.00    2.99    0.00    0.00    0.00    0.00
05:28:28     all   95.01    0.00    2.00    0.00    0.00    2.99    0.00    0.00    0.00    0.00
05:28:29     all   92.46    0.00    2.51    0.00    0.00    3.27    0.00    0.00    0.00    1.76
05:28:30     all   94.22    0.00    2.51    0.00    0.00    3.27    0.00    0.00    0.00    0.00
05:28:31     all   94.01    0.00    2.74    0.00    0.00    3.24    0.00    0.00    0.00    0.00
05:28:32     all   94.74    0.00    2.51    0.00    0.00    2.76    0.00    0.00    0.00    0.00
05:28:33     all   93.83    0.00    2.96    0.00    0.00    2.96    0.00    0.00    0.00    0.25
05:28:34     all   94.01    0.00    2.00    0.00    0.00    3.74    0.00    0.00    0.00    0.25
05:28:35     all   94.75    0.00    2.50    0.00    0.00    2.75    0.00    0.00    0.00    0.00
05:28:36     all   93.70    0.00    3.53    0.00    0.00    2.77    0.00    0.00    0.00    0.00
05:28:37     all   94.54    0.00    2.48    0.00    0.00    2.98    0.00    0.00    0.00    0.00
05:28:38     all   95.24    0.00    1.75    0.00    0.00    3.01    0.00    0.00    0.00    0.00
05:28:39     all   94.75    0.00    2.25    0.00    0.00    3.00    0.00    0.00    0.00    0.00
05:28:40     all   94.49    0.00    2.26    0.00    0.00    3.26    0.00    0.00    0.00    0.00
05:28:41     all   95.25    0.00    2.00    0.00    0.00    2.75    0.00    0.00    0.00    0.00
05:28:42     all   94.03    0.00    2.49    0.00    0.00    3.48    0.00    0.00    0.00    0.00
05:28:43     all   94.74    0.00    2.26    0.00    0.00    3.01    0.00    0.00    0.00    0.00
05:28:44     all   94.51    0.00    2.74    0.00    0.00    2.74    0.00    0.00    0.00    0.00
05:28:45     all   94.95    0.00    2.02    0.00    0.00    3.03    0.00    0.00    0.00    0.00
05:28:46     all   93.30    0.00    2.48    0.00    0.00    3.23    0.00    0.00    0.00    0.99
05:28:47     all   94.53    0.00    2.49    0.00    0.00    2.99    0.00    0.00    0.00    0.00
05:28:48     all   94.50    0.00    2.25    0.00    0.00    3.25    0.00    0.00    0.00    0.00
05:28:49     all   94.53    0.00    2.24    0.00    0.00    3.23    0.00    0.00    0.00    0.00
05:28:50     all   94.49    0.00    2.26    0.00    0.00    3.26    0.00    0.00    0.00    0.00
05:28:51     all   94.50    0.00    2.50    0.00    0.00    3.00    0.00    0.00    0.00    0.00
05:28:52     all   95.04    0.00    2.23    0.00    0.00    2.73    0.00    0.00    0.00    0.00
05:28:53     all   94.96    0.00    2.27    0.00    0.00    2.77    0.00    0.00    0.00    0.00
05:28:54     all   94.06    0.00    2.72    0.00    0.00    3.22    0.00    0.00    0.00    0.00
05:28:55     all   95.21    0.00    2.02    0.00    0.00    2.77    0.00    0.00    0.00    0.00
05:28:56     all   94.25    0.00    2.50    0.00    0.00    3.25    0.00    0.00    0.00    0.00
05:28:57     all   94.75    0.00    2.25    0.00    0.00    3.00    0.00    0.00    0.00    0.00
05:28:58     all   94.75    0.00    2.75    0.00    0.00    2.50    0.00    0.00    0.00    0.00
05:28:59     all   94.51    0.00    2.49    0.00    0.00    2.99    0.00    0.00    0.00    0.00
05:29:00     all   94.49    0.00    2.26    0.00    0.00    3.01    0.00    0.00    0.00    0.25
05:29:01     all   95.01    0.00    2.24    0.00    0.00    2.74    0.00    0.00    0.00    0.00
05:29:02     all   95.25    0.00    2.00    0.00    0.00    2.75    0.00    0.00    0.00    0.00
05:29:03     all   94.22    0.00    2.26    0.00    0.00    3.52    0.00    0.00    0.00    0.00
05:29:04     all   94.29    0.00    2.23    0.00    0.00    3.23    0.00    0.00    0.00    0.25
05:29:05     all   94.47    0.00    2.26    0.00    0.00    3.27    0.00    0.00    0.00    0.00
05:29:06     all   94.26    0.00    2.49    0.00    0.00    3.24    0.00    0.00    0.00    0.00
05:29:07     all   94.25    0.00    2.25    0.00    0.00    3.50    0.00    0.00    0.00    0.00
05:29:08     all   93.78    0.00    2.99    0.00    0.00    3.23    0.00    0.00    0.00    0.00
05:29:09     all   95.01    0.00    2.24    0.00    0.00    2.74    0.00    0.00    0.00    0.00
05:29:10     all   94.75    0.00    2.00    0.00    0.00    3.25    0.00    0.00    0.00    0.00
05:29:11     all   94.74    0.00    2.01    0.00    0.00    3.26    0.00    0.00    0.00    0.00
05:29:12     all   94.75    0.00    2.25    0.00    0.00    3.00    0.00    0.00    0.00    0.00
05:29:13     all   95.26    0.00    2.24    0.00    0.00    2.24    0.00    0.00    0.00    0.25
05:29:14     all   94.51    0.00    2.24    0.00    0.00    2.99    0.00    0.00    0.00    0.25
05:29:15     all   94.01    0.00    2.74    0.00    0.00    3.24    0.00    0.00    0.00    0.00
05:29:16     all   94.99    0.00    2.26    0.00    0.00    2.76    0.00    0.00    0.00    0.00
05:29:17     all   94.53    0.00    3.23    0.00    0.00    2.24    0.00    0.00    0.00    0.00
05:29:18     all   94.26    0.00    1.75    0.00    0.00    3.74    0.00    0.00    0.00    0.25
05:29:19     all   93.75    0.00    3.00    0.00    0.00    3.25    0.00    0.00    0.00    0.00
05:29:20     all   94.72    0.00    2.26    0.00    0.00    3.02    0.00    0.00    0.00    0.00
05:29:21     all   93.50    0.00    2.50    0.00    0.00    4.00    0.00    0.00    0.00    0.00
05:29:22     all   94.25    0.00    2.00    0.00    0.00    3.00    0.00    0.00    0.00    0.75
05:29:23     all   95.26    0.00    2.24    0.00    0.00    2.49    0.00    0.00    0.00    0.00
05:29:24     all   93.78    0.00    2.74    0.00    0.00    2.99    0.00    0.00    0.00    0.50
05:29:25     all   95.24    0.00    2.01    0.00    0.00    2.76    0.00    0.00    0.00    0.00
05:29:26     all   94.76    0.00    2.24    0.00    0.00    2.99    0.00    0.00    0.00    0.00
05:29:27     all   95.24    0.00    2.26    0.00    0.00    2.51    0.00    0.00    0.00    0.00
05:29:28     all   93.77    0.00    2.49    0.00    0.00    3.74    0.00    0.00    0.00    0.00
05:29:29     all   93.53    0.00    2.74    0.00    0.00    2.99    0.00    0.00    0.00    0.75
05:29:30     all   94.74    0.00    2.01    0.00    0.00    3.26    0.00    0.00    0.00    0.00
05:29:31     all   94.99    0.00    2.26    0.00    0.00    2.76    0.00    0.00    0.00    0.00
05:29:32     all   95.01    0.00    2.24    0.00    0.00    2.74    0.00    0.00    0.00    0.00
05:29:33     all   94.51    0.00    2.49    0.00    0.00    2.99    0.00    0.00    0.00    0.00
05:29:34     all   94.24    0.00    2.26    0.00    0.00    3.51    0.00    0.00    0.00    0.00
05:29:35     all   94.25    0.00    2.75    0.00    0.00    3.00    0.00    0.00    0.00    0.00
05:29:36     all   92.98    0.00    3.76    0.00    0.00    3.26    0.00    0.00    0.00    0.00
05:29:37     all   94.78    0.00    2.49    0.00    0.00    2.74    0.00    0.00    0.00    0.00
05:29:38     all   94.50    0.00    2.25    0.00    0.00    3.25    0.00    0.00    0.00    0.00
05:29:39     all   95.48    0.00    1.76    0.00    0.00    2.76    0.00    0.00    0.00    0.00
05:29:40     all   94.50    0.00    2.25    0.00    0.00    3.25    0.00    0.00    0.00    0.00
05:29:41     all   94.74    0.00    2.26    0.00    0.00    3.01    0.00    0.00    0.00    0.00
05:29:42     all   94.51    0.00    2.49    0.00    0.00    2.99    0.00    0.00    0.00    0.00
05:29:43     all   95.50    0.00    1.75    0.00    0.00    2.75    0.00    0.00    0.00    0.00
05:29:44     all   94.53    0.00    2.49    0.00    0.00    2.99    0.00    0.00    0.00    0.00
05:29:45     all   94.50    0.00    1.75    0.00    0.00    3.50    0.00    0.00    0.00    0.25
05:29:46     all   94.03    0.00    1.99    0.00    0.00    3.48    0.00    0.00    0.00    0.50
05:29:47     all   95.24    0.00    1.75    0.00    0.00    3.01    0.00    0.00    0.00    0.00
05:29:48     all   94.25    0.00    2.50    0.00    0.00    3.25    0.00    0.00    0.00    0.00
05:29:49     all   95.00    0.00    2.25    0.00    0.00    2.75    0.00    0.00    0.00    0.00
05:29:50     all   94.78    0.00    1.99    0.00    0.00    3.23    0.00    0.00    0.00    0.00
05:29:51     all   95.01    0.00    2.24    0.00    0.00    2.74    0.00    0.00    0.00    0.00
05:29:52     all   95.51    0.00    2.00    0.00    0.00    2.49    0.00    0.00    0.00    0.00
05:29:53     all   95.21    0.00    2.02    0.00    0.00    2.77    0.00    0.00    0.00    0.00
05:29:54     all   93.77    0.00    2.74    0.00    0.00    3.49    0.00    0.00    0.00    0.00
05:29:55     all   94.26    0.00    2.24    0.00    0.00    3.49    0.00    0.00    0.00    0.00
05:29:56     all   95.50    0.00    2.00    0.00    0.00    2.50    0.00    0.00    0.00    0.00
05:29:57     all   94.75    0.00    2.25    0.00    0.00    3.00    0.00    0.00    0.00    0.00
05:29:58     all   94.50    0.00    2.25    0.00    0.00    3.25    0.00    0.00    0.00    0.00
05:29:59     all   94.26    0.00    2.24    0.00    0.00    3.24    0.00    0.00    0.00    0.25
05:30:00     all   95.25    0.00    2.50    0.00    0.00    2.25    0.00    0.00    0.00    0.00
05:30:01     all   93.03    0.00    2.99    0.00    0.00    3.73    0.00    0.00    0.00    0.25
05:30:02     all   94.71    0.00    1.76    0.00    0.00    3.27    0.00    0.00    0.00    0.25
05:30:03     all   94.03    0.00    2.74    0.00    0.00    2.99    0.00    0.00    0.00    0.25
05:30:04     all   95.00    0.00    2.00    0.00    0.00    3.00    0.00    0.00    0.00    0.00
05:30:05     all   94.76    0.00    2.49    0.00    0.00    2.74    0.00    0.00    0.00    0.00
05:30:06     all   94.75    0.00    2.50    0.00    0.00    2.75    0.00    0.00    0.00    0.00
05:30:07     all   95.26    0.00    2.00    0.00    0.00    2.74    0.00    0.00    0.00    0.00
05:30:08     all   94.75    0.00    2.25    0.00    0.00    3.00    0.00    0.00    0.00    0.00
05:30:09     all   94.76    0.00    2.24    0.00    0.00    2.99    0.00    0.00    0.00    0.00
05:30:10     all   95.47    0.00    2.02    0.00    0.00    2.52    0.00    0.00    0.00    0.00
05:30:11     all   94.01    0.00    2.49    0.00    0.00    3.49    0.00    0.00    0.00    0.00
05:30:12     all   94.51    0.00    2.24    0.00    0.00    3.24    0.00    0.00    0.00    0.00
05:30:13     all   94.75    0.00    2.50    0.00    0.00    2.75    0.00    0.00    0.00    0.00
05:30:14     all   94.53    0.00    1.99    0.00    0.00    3.48    0.00    0.00    0.00    0.00
05:30:15     all   95.24    0.00    2.26    0.00    0.00    2.51    0.00    0.00    0.00    0.00
05:30:16     all   94.26    0.00    2.24    0.00    0.00    3.49    0.00    0.00    0.00    0.00
05:30:17     all   95.24    0.00    2.26    0.00    0.00    2.51    0.00    0.00    0.00    0.00
05:30:18     all   94.76    0.00    2.00    0.00    0.00    3.24    0.00    0.00    0.00    0.00
05:30:19     all   94.00    0.00    2.50    0.00    0.00    3.50    0.00    0.00    0.00    0.00
05:30:20     all   94.49    0.00    2.51    0.00    0.00    3.01    0.00    0.00    0.00    0.00
05:30:21     all   95.00    0.00    2.25    0.00    0.00    2.75    0.00    0.00    0.00    0.00
05:30:22     all   95.73    0.00    1.76    0.00    0.00    2.51    0.00    0.00    0.00    0.00
05:30:23     all   94.54    0.00    2.23    0.00    0.00    3.23    0.00    0.00    0.00    0.00
05:30:24     all   95.00    0.00    2.25    0.00    0.00    2.75    0.00    0.00    0.00    0.00
05:30:25     all   94.51    0.00    2.49    0.00    0.00    2.74    0.00    0.00    0.00    0.25
05:30:26     all   94.26    0.00    1.75    0.00    0.00    3.24    0.00    0.00    0.00    0.75
05:30:27     all   95.24    0.00    2.01    0.00    0.00    2.76    0.00    0.00    0.00    0.00
05:30:28     all   94.53    0.00    2.24    0.00    0.00    3.23    0.00    0.00    0.00    0.00
05:30:29     all   92.73    0.00    2.76    0.00    0.00    2.51    0.00    0.00    0.00    2.01
05:30:30     all   95.01    0.00    2.00    0.00    0.00    2.99    0.00    0.00    0.00    0.00
05:30:31     all   94.00    0.00    2.50    0.00    0.00    3.50    0.00    0.00    0.00    0.00
05:30:32     all   94.50    0.00    2.50    0.00    0.00    3.00    0.00    0.00    0.00    0.00
05:30:33     all   94.28    0.00    2.74    0.00    0.00    2.99    0.00    0.00    0.00    0.00
05:30:34     all   95.00    0.00    2.25    0.00    0.00    2.75    0.00    0.00    0.00    0.00
05:30:35     all   93.98    0.00    2.76    0.00    0.00    3.26    0.00    0.00    0.00    0.00
05:30:36     all   95.50    0.00    2.50    0.00    0.00    2.00    0.00    0.00    0.00    0.00
05:30:37     all   94.50    0.00    2.25    0.00    0.00    3.25    0.00    0.00    0.00    0.00
05:30:38     all   94.50    0.00    1.75    0.00    0.00    3.75    0.00    0.00    0.00    0.00
05:30:39     all   94.54    0.00    2.23    0.00    0.00    2.98    0.00    0.00    0.00    0.25
05:30:40     all   94.28    0.00    2.24    0.00    0.00    2.99    0.00    0.00    0.00    0.50
05:30:41     all   94.74    0.00    2.01    0.00    0.00    3.26    0.00    0.00    0.00    0.00
05:30:42     all   94.50    0.00    2.50    0.00    0.00    3.00    0.00    0.00    0.00    0.00
05:30:43     all   94.49    0.00    2.26    0.00    0.00    3.26    0.00    0.00    0.00    0.00
05:30:44     all   94.51    0.00    2.49    0.00    0.00    2.99    0.00    0.00    0.00    0.00
05:30:45     all   94.99    0.00    2.26    0.00    0.00    2.76    0.00    0.00    0.00    0.00
05:30:46     all   94.74    0.00    2.01    0.00    0.00    3.26    0.00    0.00    0.00    0.00
05:30:47     all   94.53    0.00    2.74    0.00    0.00    2.74    0.00    0.00    0.00    0.00
05:30:48     all   94.25    0.00    2.75    0.00    0.00    3.00    0.00    0.00    0.00    0.00
05:30:49     all   94.75    0.00    2.50    0.00    0.00    2.75    0.00    0.00    0.00    0.00
05:30:50     all   94.75    0.00    2.25    0.00    0.00    3.00    0.00    0.00    0.00    0.00
05:30:51     all   94.25    0.00    2.25    0.00    0.00    3.50    0.00    0.00    0.00    0.00
05:30:52     all   94.75    0.00    2.50    0.00    0.00    2.75    0.00    0.00    0.00    0.00
05:30:53     all   95.25    0.00    2.00    0.00    0.00    2.75    0.00    0.00    0.00    0.00
05:30:54     all   94.53    0.00    2.49    0.00    0.00    2.99    0.00    0.00    0.00    0.00
05:30:55     all   94.76    0.00    1.75    0.00    0.00    3.49    0.00    0.00    0.00    0.00
05:30:56     all   94.24    0.00    2.51    0.00    0.00    3.26    0.00    0.00    0.00    0.00
05:30:57     all   95.49    0.00    1.75    0.00    0.00    2.76    0.00    0.00    0.00    0.00
05:30:58     all   95.02    0.00    2.24    0.00    0.00    2.74    0.00    0.00    0.00    0.00
05:30:59     all   94.26    0.00    2.49    0.00    0.00    3.24    0.00    0.00    0.00    0.00
05:31:00     all   94.24    0.00    2.26    0.00    0.00    3.26    0.00    0.00    0.00    0.25
05:31:01     all   95.24    0.00    2.01    0.00    0.00    2.76    0.00    0.00    0.00    0.00
05:31:02     all   94.25    0.00    2.25    0.00    0.00    3.50    0.00    0.00    0.00    0.00
05:31:03     all   95.00    0.00    2.75    0.00    0.00    2.25    0.00    0.00    0.00    0.00
05:31:04     all   94.31    0.00    1.98    0.00    0.00    3.71    0.00    0.00    0.00    0.00
05:31:05     all   94.96    0.00    1.76    0.00    0.00    2.77    0.00    0.00    0.00    0.50
05:31:06     all   94.74    0.00    2.26    0.00    0.00    3.01    0.00    0.00    0.00    0.00
05:31:07     all   90.84    0.00    2.48    0.00    0.00    3.22    0.00    0.00    0.00    3.47
05:31:08     all   94.76    0.00    2.49    0.00    0.00    2.74    0.00    0.00    0.00    0.00
05:31:09     all   94.44    0.00    2.27    0.00    0.00    3.28    0.00    0.00    0.00    0.00
05:31:10     all   94.04    0.00    2.23    0.00    0.00    3.47    0.00    0.00    0.00    0.25
05:31:11     all   94.99    0.00    2.26    0.00    0.00    2.76    0.00    0.00    0.00    0.00
05:31:12     all   95.01    0.00    2.00    0.00    0.00    2.99    0.00    0.00    0.00    0.00
05:31:13     all   94.72    0.00    2.26    0.00    0.00    3.02    0.00    0.00    0.00    0.00
05:31:14     all   94.53    0.00    2.49    0.00    0.00    2.99    0.00    0.00    0.00    0.00
05:31:15     all   94.51    0.00    2.24    0.00    0.00    3.24    0.00    0.00    0.00    0.00
05:31:16     all   95.00    0.00    2.25    0.00    0.00    2.75    0.00    0.00    0.00    0.00
05:31:17     all   94.26    0.00    2.49    0.00    0.00    2.99    0.00    0.00    0.00    0.25
05:31:18     all   94.50    0.00    2.25    0.00    0.00    3.25    0.00    0.00    0.00    0.00
05:31:19     all   94.74    0.00    2.26    0.00    0.00    2.76    0.00    0.00    0.00    0.25
05:31:20     all   94.76    0.00    2.00    0.00    0.00    3.24    0.00    0.00    0.00    0.00
05:31:21     all   94.50    0.00    2.50    0.00    0.00    3.00    0.00    0.00    0.00    0.00
05:31:22     all   95.74    0.00    1.50    0.00    0.00    2.76    0.00    0.00    0.00    0.00
05:31:23     all   94.53    0.00    2.49    0.00    0.00    2.99    0.00    0.00    0.00    0.00
05:31:24     all   95.97    0.00    1.51    0.00    0.00    2.52    0.00    0.00    0.00    0.00
05:31:25     all   94.53    0.00    2.49    0.00    0.00    2.99    0.00    0.00    0.00    0.00
05:31:26     all   94.25    0.00    2.25    0.00    0.00    3.50    0.00    0.00    0.00    0.00
05:31:27     all   94.26    0.00    2.74    0.00    0.00    2.74    0.00    0.00    0.00    0.25
05:31:28     all   94.22    0.00    2.26    0.00    0.00    3.52    0.00    0.00    0.00    0.00
05:31:29     all   94.25    0.00    2.50    0.00    0.00    2.75    0.00    0.00    0.00    0.50
05:31:30     all   94.04    0.00    2.73    0.00    0.00    2.98    0.00    0.00    0.00    0.25
05:31:31     all   94.78    0.00    2.24    0.00    0.00    2.99    0.00    0.00    0.00    0.00
05:31:32     all   95.96    0.00    1.77    0.00    0.00    2.27    0.00    0.00    0.00    0.00
05:31:33     all   94.29    0.00    2.23    0.00    0.00    3.47    0.00    0.00    0.00    0.00
05:31:34     all   95.48    0.00    2.01    0.00    0.00    2.51    0.00    0.00    0.00    0.00
05:31:35     all   93.52    0.00    3.74    0.00    0.00    2.74    0.00    0.00    0.00    0.00
05:31:36     all   94.25    0.00    2.50    0.00    0.00    3.25    0.00    0.00    0.00    0.00
05:31:37     all   94.51    0.00    2.49    0.00    0.00    2.99    0.00    0.00    0.00    0.00
05:31:38     all   95.25    0.00    1.75    0.00    0.00    3.00    0.00    0.00    0.00    0.00
05:31:39     all   94.25    0.00    2.00    0.00    0.00    3.75    0.00    0.00    0.00    0.00
05:31:40     all   94.76    0.00    2.74    0.00    0.00    2.49    0.00    0.00    0.00    0.00
05:31:41     all   95.49    0.00    2.01    0.00    0.00    2.51    0.00    0.00    0.00    0.00
05:31:42     all   94.97    0.00    2.01    0.00    0.00    3.02    0.00    0.00    0.00    0.00
05:31:43     all   94.49    0.00    2.76    0.00    0.00    2.76    0.00    0.00    0.00    0.00
05:31:44     all   93.78    0.00    2.99    0.00    0.00    3.23    0.00    0.00    0.00    0.00
05:31:45     all   94.00    0.00    2.50    0.00    0.00    3.50    0.00    0.00    0.00    0.00
05:31:46     all   94.54    0.00    2.23    0.00    0.00    3.23    0.00    0.00    0.00    0.00
05:31:47     all   93.75    0.00    2.75    0.00    0.00    3.25    0.00    0.00    0.00    0.25
05:31:48     all   95.01    0.00    2.24    0.00    0.00    2.74    0.00    0.00    0.00    0.00
05:31:49     all   95.21    0.00    2.02    0.00    0.00    2.77    0.00    0.00    0.00    0.00
05:31:50     all   95.02    0.00    2.74    0.00    0.00    2.24    0.00    0.00    0.00    0.00
05:31:51     all   94.50    0.00    2.00    0.00    0.00    3.50    0.00    0.00    0.00    0.00
05:31:52     all   95.02    0.00    2.24    0.00    0.00    2.74    0.00    0.00    0.00    0.00
05:31:53     all   94.49    0.00    2.76    0.00    0.00    2.76    0.00    0.00    0.00    0.00
05:31:54     all   94.99    0.00    2.26    0.00    0.00    2.76    0.00    0.00    0.00    0.00
05:31:55     all   95.00    0.00    2.00    0.00    0.00    3.00    0.00    0.00    0.00    0.00
05:31:56     all   94.26    0.00    2.49    0.00    0.00    3.24    0.00    0.00    0.00    0.00
05:31:57     all   94.76    0.00    2.24    0.00    0.00    2.99    0.00    0.00    0.00    0.00
05:31:58     all   95.23    0.00    2.01    0.00    0.00    2.76    0.00    0.00    0.00    0.00
05:31:59     all   94.78    0.00    2.24    0.00    0.00    2.99    0.00    0.00    0.00    0.00
05:32:00     all   94.28    0.00    2.49    0.00    0.00    2.99    0.00    0.00    0.00    0.25
05:32:01     all   95.01    0.00    2.00    0.00    0.00    2.99    0.00    0.00    0.00    0.00
05:32:02     all   95.21    0.00    2.27    0.00    0.00    2.52    0.00    0.00    0.00    0.00
05:32:03     all   94.51    0.00    2.24    0.00    0.00    3.24    0.00    0.00    0.00    0.00
05:32:04     all   94.51    0.00    2.24    0.00    0.00    3.24    0.00    0.00    0.00    0.00
05:32:05     all   94.76    0.00    2.24    0.00    0.00    2.99    0.00    0.00    0.00    0.00
05:32:06     all   94.99    0.00    1.75    0.00    0.00    3.26    0.00    0.00    0.00    0.00
05:32:07     all   90.75    0.00    2.25    0.00    0.00    2.50    0.00    0.00    0.00    4.50
05:32:08     all   94.03    0.00    2.24    0.00    0.00    3.73    0.00    0.00    0.00    0.00
05:32:09     all   94.22    0.00    2.51    0.00    0.00    3.27    0.00    0.00    0.00    0.00
05:32:10     all   95.26    0.00    1.75    0.00    0.00    2.74    0.00    0.00    0.00    0.25
05:32:11     all   94.25    0.00    2.25    0.00    0.00    3.50    0.00    0.00    0.00    0.00
05:32:12     all   94.25    0.00    2.25    0.00    0.00    3.50    0.00    0.00    0.00    0.00
05:32:13     all   95.01    0.00    2.00    0.00    0.00    2.99    0.00    0.00    0.00    0.00
05:32:14     all   94.47    0.00    3.02    0.00    0.00    2.51    0.00    0.00    0.00    0.00
05:32:15     all   93.03    0.00    2.74    0.00    0.00    3.23    0.00    0.00    0.00    1.00
05:32:16     all   94.26    0.00    2.24    0.00    0.00    3.24    0.00    0.00    0.00    0.25
05:32:17     all   94.99    0.00    2.01    0.00    0.00    3.01    0.00    0.00    0.00    0.00
05:32:18     all   94.26    0.00    2.74    0.00    0.00    2.99    0.00    0.00    0.00    0.00
05:32:19     all   94.22    0.00    2.51    0.00    0.00    3.27    0.00    0.00    0.00    0.00
05:32:20     all   94.50    0.00    2.50    0.00    0.00    3.00    0.00    0.00    0.00    0.00
05:32:21     all   94.03    0.00    2.24    0.00    0.00    3.73    0.00    0.00    0.00    0.00
05:32:22     all   95.01    0.00    2.49    0.00    0.00    2.49    0.00    0.00    0.00    0.00
05:32:23     all   94.51    0.00    2.49    0.00    0.00    2.99    0.00    0.00    0.00    0.00
05:32:24     all   94.99    0.00    2.26    0.00    0.00    2.76    0.00    0.00    0.00    0.00
05:32:25     all   94.25    0.00    2.50    0.00    0.00    3.25    0.00    0.00    0.00    0.00
05:32:26     all   95.23    0.00    2.26    0.00    0.00    2.51    0.00    0.00    0.00    0.00
05:32:27     all   93.58    0.00    2.72    0.00    0.00    3.70    0.00    0.00    0.00    0.00
05:32:28     all   94.47    0.00    2.01    0.00    0.00    3.52    0.00    0.00    0.00    0.00
05:32:29     all   91.48    0.00    2.26    0.00    0.00    3.26    0.00    0.00    0.00    3.01
05:32:30     all   94.26    0.00    2.74    0.00    0.00    2.99    0.00    0.00    0.00    0.00
05:32:31     all   95.27    0.00    1.99    0.00    0.00    2.74    0.00    0.00    0.00    0.00
05:32:32     all   94.49    0.00    2.76    0.00    0.00    2.76    0.00    0.00    0.00    0.00
05:32:33     all   94.75    0.00    2.25    0.00    0.00    3.00    0.00    0.00    0.00    0.00
05:32:34     all   94.51    0.00    2.00    0.00    0.00    3.49    0.00    0.00    0.00    0.00
05:32:35     all   93.73    0.00    3.51    0.00    0.00    2.76    0.00    0.00    0.00    0.00
05:32:36     all   94.29    0.00    1.99    0.00    0.00    3.47    0.00    0.00    0.00    0.25
05:32:37     all   94.53    0.00    2.49    0.00    0.00    2.99    0.00    0.00    0.00    0.00
05:32:38     all   94.71    0.00    1.76    0.00    0.00    3.53    0.00    0.00    0.00    0.00
05:32:39     all   94.04    0.00    2.73    0.00    0.00    3.23    0.00    0.00    0.00    0.00
05:32:40     all   95.24    0.00    2.01    0.00    0.00    2.76    0.00    0.00    0.00    0.00
05:32:41     all   94.25    0.00    2.75    0.00    0.00    3.00    0.00    0.00    0.00    0.00
05:32:42     all   94.28    0.00    1.99    0.00    0.00    3.73    0.00    0.00    0.00    0.00
05:32:43     all   94.75    0.00    2.50    0.00    0.00    2.75    0.00    0.00    0.00    0.00
05:32:44     all   95.45    0.00    1.77    0.00    0.00    2.78    0.00    0.00    0.00    0.00
05:32:45     all   94.79    0.00    2.23    0.00    0.00    2.73    0.00    0.00    0.00    0.25
05:32:46     all   94.72    0.00    2.51    0.00    0.00    2.76    0.00    0.00    0.00    0.00
05:32:47     all   94.78    0.00    1.99    0.00    0.00    3.23    0.00    0.00    0.00    0.00
05:32:48     all   95.01    0.00    2.24    0.00    0.00    2.74    0.00    0.00    0.00    0.00
05:32:49     all   94.75    0.00    2.50    0.00    0.00    2.75    0.00    0.00    0.00    0.00
05:32:50     all   95.00    0.00    1.75    0.00    0.00    3.25    0.00    0.00    0.00    0.00
05:32:51     all   94.26    0.00    2.74    0.00    0.00    2.99    0.00    0.00    0.00    0.00
05:32:52     all   94.99    0.00    2.01    0.00    0.00    3.01    0.00    0.00    0.00    0.00
05:32:53     all   93.80    0.00    2.98    0.00    0.00    3.23    0.00    0.00    0.00    0.00
05:32:54     all   94.49    0.00    2.01    0.00    0.00    3.51    0.00    0.00    0.00    0.00
05:32:55     all   94.51    0.00    2.24    0.00    0.00    3.24    0.00    0.00    0.00    0.00
05:32:56     all   94.26    0.00    2.24    0.00    0.00    3.49    0.00    0.00    0.00    0.00
05:32:57     all   94.71    0.00    2.27    0.00    0.00    3.02    0.00    0.00    0.00    0.00
05:32:58     all   94.28    0.00    2.49    0.00    0.00    2.99    0.00    0.00    0.00    0.25
05:32:59     all   94.75    0.00    2.00    0.00    0.00    3.25    0.00    0.00    0.00    0.00
05:33:00     all   94.78    0.00    1.99    0.00    0.00    2.99    0.00    0.00    0.00    0.25
05:33:01     all   94.76    0.00    2.49    0.00    0.00    2.74    0.00    0.00    0.00    0.00
05:33:02     all   94.97    0.00    2.01    0.00    0.00    3.02    0.00    0.00    0.00    0.00
05:33:03     all   94.24    0.00    3.01    0.00    0.00    2.76    0.00    0.00    0.00    0.00
05:33:04     all   93.80    0.00    1.99    0.00    0.00    3.97    0.00    0.00    0.00    0.25
05:33:05     all   94.47    0.00    2.51    0.00    0.00    3.02    0.00    0.00    0.00    0.00
05:33:06     all   95.00    0.00    2.25    0.00    0.00    2.75    0.00    0.00    0.00    0.00
05:33:07     all   92.23    0.00    2.01    0.00    0.00    3.01    0.00    0.00    0.00    2.76
05:33:08     all   94.29    0.00    2.48    0.00    0.00    3.23    0.00    0.00    0.00    0.00
05:33:09     all   94.72    0.00    2.51    0.00    0.00    2.51    0.00    0.00    0.00    0.25
05:33:10     all   94.03    0.00    2.49    0.00    0.00    3.48    0.00    0.00    0.00    0.00
05:33:11     all   95.24    0.00    2.01    0.00    0.00    2.76    0.00    0.00    0.00    0.00
05:33:12     all   94.26    0.00    2.49    0.00    0.00    3.24    0.00    0.00    0.00    0.00
05:33:13     all   94.74    0.00    2.01    0.00    0.00    3.01    0.00    0.00    0.00    0.25
05:33:14     all   94.78    0.00    1.99    0.00    0.00    3.23    0.00    0.00    0.00    0.00
05:33:15     all   94.26    0.00    2.24    0.00    0.00    3.24    0.00    0.00    0.00    0.25
05:33:16     all   94.51    0.00    2.24    0.00    0.00    3.24    0.00    0.00    0.00    0.00
05:33:17     all   95.23    0.00    1.76    0.00    0.00    3.02    0.00    0.00    0.00    0.00
05:33:18     all   94.76    0.00    2.49    0.00    0.00    2.74    0.00    0.00    0.00    0.00
05:33:19     all   95.23    0.00    2.26    0.00    0.00    2.51    0.00    0.00    0.00    0.00
05:33:20     all   94.51    0.00    2.24    0.00    0.00    3.24    0.00    0.00    0.00    0.00
05:33:21     all   94.76    0.00    2.74    0.00    0.00    2.49    0.00    0.00    0.00    0.00
05:33:22     all   94.75    0.00    2.00    0.00    0.00    3.25    0.00    0.00    0.00    0.00
05:33:23     all   94.01    0.00    2.24    0.00    0.00    3.74    0.00    0.00    0.00    0.00
05:33:24     all   95.00    0.00    2.50    0.00    0.00    2.50    0.00    0.00    0.00    0.00
05:33:25     all   93.77    0.00    2.74    0.00    0.00    3.49    0.00    0.00    0.00    0.00
05:33:26     all   94.74    0.00    2.51    0.00    0.00    2.76    0.00    0.00    0.00    0.00
05:33:27     all   94.25    0.00    2.75    0.00    0.00    3.00    0.00    0.00    0.00    0.00
05:33:28     all   95.00    0.00    2.25    0.00    0.00    2.75    0.00    0.00    0.00    0.00
05:33:29     all   93.02    0.00    2.00    0.00    0.00    2.49    0.00    0.00    0.00    2.49
05:33:30     all   94.50    0.00    2.50    0.00    0.00    3.00    0.00    0.00    0.00    0.00
05:33:31     all   94.75    0.00    1.75    0.00    0.00    3.50    0.00    0.00    0.00    0.00
05:33:32     all   94.50    0.00    2.00    0.00    0.00    3.50    0.00    0.00    0.00    0.00
05:33:33     all   95.00    0.00    2.25    0.00    0.00    2.75    0.00    0.00    0.00    0.00
05:33:34     all   94.74    0.00    2.01    0.00    0.00    3.26    0.00    0.00    0.00    0.00
05:33:35     all   92.75    0.00    4.00    0.00    0.00    3.25    0.00    0.00    0.00    0.00
05:33:36     all   94.03    0.00    2.74    0.00    0.00    3.23    0.00    0.00    0.00    0.00
05:33:37     all   94.72    0.00    2.26    0.00    0.00    3.02    0.00    0.00    0.00    0.00
05:33:38     all   95.00    0.00    2.50    0.00    0.00    2.50    0.00    0.00    0.00    0.00
05:33:39     all   94.54    0.00    2.23    0.00    0.00    3.23    0.00    0.00    0.00    0.00
05:33:40     all   94.74    0.00    1.75    0.00    0.00    3.51    0.00    0.00    0.00    0.00
05:33:41     all   95.01    0.00    2.24    0.00    0.00    2.74    0.00    0.00    0.00    0.00
05:33:42     all   94.75    0.00    2.25    0.00    0.00    3.00    0.00    0.00    0.00    0.00
05:33:43     all   94.01    0.00    2.49    0.00    0.00    3.49    0.00    0.00    0.00    0.00
05:33:44     all   94.74    0.00    2.26    0.00    0.00    3.01    0.00    0.00    0.00    0.00
05:33:45     all   94.97    0.00    2.26    0.00    0.00    2.76    0.00    0.00    0.00    0.00
05:33:46     all   94.53    0.00    2.24    0.00    0.00    3.23    0.00    0.00    0.00    0.00
05:33:47     all   94.49    0.00    2.51    0.00    0.00    3.01    0.00    0.00    0.00    0.00
05:33:48     all   94.28    0.00    2.49    0.00    0.00    3.23    0.00    0.00    0.00    0.00
05:33:49     all   94.99    0.00    2.01    0.00    0.00    3.01    0.00    0.00    0.00    0.00
05:33:50     all   94.54    0.00    2.23    0.00    0.00    3.23    0.00    0.00    0.00    0.00
05:33:51     all   94.47    0.00    2.26    0.00    0.00    3.27    0.00    0.00    0.00    0.00
05:33:52     all   94.26    0.00    2.00    0.00    0.00    3.24    0.00    0.00    0.00    0.50
05:33:53     all   94.53    0.00    2.49    0.00    0.00    2.99    0.00    0.00    0.00    0.00
05:33:54     all   92.96    0.00    2.51    0.00    0.00    3.02    0.00    0.00    0.00    1.51
05:33:55     all   94.25    0.00    2.25    0.00    0.00    3.50    0.00    0.00    0.00    0.00
05:33:56     all   94.50    0.00    3.00    0.00    0.00    2.50    0.00    0.00    0.00    0.00
05:33:57     all   95.00    0.00    2.00    0.00    0.00    3.00    0.00    0.00    0.00    0.00
05:33:58     all   94.99    0.00    2.26    0.00    0.00    2.76    0.00    0.00    0.00    0.00
05:33:59     all   94.51    0.00    2.00    0.00    0.00    3.49    0.00    0.00    0.00    0.00
05:34:00     all   94.99    0.00    1.75    0.00    0.00    3.01    0.00    0.00    0.00    0.25
05:34:01     all   94.53    0.00    2.49    0.00    0.00    2.99    0.00    0.00    0.00    0.00
05:34:02     all   35.77    0.00    3.53    0.00    0.00    1.01    0.00    0.00    0.00   59.70
Average:     all   94.23    0.00    2.48    0.00    0.00    3.08    0.00    0.00    0.00    0.21
