Linux 6.8.0-1064-azure (csb-bench-host-azure) 	08/19/26 	_x86_64_	(4 CPU)

19:50:43     CPU    %usr   %nice    %sys %iowait    %irq   %soft  %steal  %guest  %gnice   %idle
19:50:44     all   91.29    0.00    5.22    0.00    0.00    3.48    0.00    0.00    0.00    0.00
19:50:45     all   88.53    0.00    8.48    0.00    0.00    2.99    0.00    0.00    0.00    0.00
19:50:46     all   91.52    0.00    6.48    0.00    0.00    2.00    0.00    0.00    0.00    0.00
19:50:47     all   91.98    0.00    6.02    0.00    0.00    2.01    0.00    0.00    0.00    0.00
19:50:48     all   91.73    0.00    6.52    0.00    0.00    1.75    0.00    0.00    0.00    0.00
19:50:49     all   91.04    0.00    6.97    0.00    0.00    1.99    0.00    0.00    0.00    0.00
19:50:50     all   92.79    0.00    5.72    0.00    0.00    1.49    0.00    0.00    0.00    0.00
19:50:51     all   93.78    0.00    4.98    0.00    0.00    1.24    0.00    0.00    0.00    0.00
19:50:52     all   92.25    0.00    4.75    0.00    0.00    3.00    0.00    0.00    0.00    0.00
19:50:53     all   91.52    0.00    5.49    0.00    0.00    2.99    0.00    0.00    0.00    0.00
19:50:54     all   91.50    0.00    4.75    0.00    0.00    3.75    0.00    0.00    0.00    0.00
19:50:55     all   92.04    0.00    5.22    0.00    0.00    2.74    0.00    0.00    0.00    0.00
19:50:56     all   91.46    0.00    4.77    0.00    0.00    3.77    0.00    0.00    0.00    0.00
19:50:57     all   91.02    0.00    5.24    0.00    0.00    3.74    0.00    0.00    0.00    0.00
19:50:58     all   91.29    0.00    5.22    0.00    0.00    3.48    0.00    0.00    0.00    0.00
19:50:59     all   91.75    0.00    5.50    0.00    0.00    2.75    0.00    0.00    0.00    0.00
19:51:00     all   91.73    0.00    5.26    0.00    0.00    3.01    0.00    0.00    0.00    0.00
19:51:01     all   90.86    0.00    5.43    0.00    0.00    3.70    0.00    0.00    0.00    0.00
19:51:02     all   91.75    0.00    5.25    0.00    0.00    3.00    0.00    0.00    0.00    0.00
19:51:03     all   92.23    0.00    4.51    0.00    0.00    3.26    0.00    0.00    0.00    0.00
19:51:04     all   92.04    0.00    5.22    0.00    0.00    2.74    0.00    0.00    0.00    0.00
19:51:05     all   91.04    0.00    5.47    0.00    0.00    3.48    0.00    0.00    0.00    0.00
19:51:06     all   92.23    0.00    4.76    0.00    0.00    3.01    0.00    0.00    0.00    0.00
19:51:07     all   91.81    0.00    4.96    0.00    0.00    3.23    0.00    0.00    0.00    0.00
19:51:08     all   92.25    0.00    4.75    0.00    0.00    3.00    0.00    0.00    0.00    0.00
19:51:09     all   92.52    0.00    4.74    0.00    0.00    2.74    0.00    0.00    0.00    0.00
19:51:10     all   92.00    0.00    4.50    0.00    0.00    3.50    0.00    0.00    0.00    0.00
19:51:11     all   91.29    0.00    4.98    0.00    0.00    3.73    0.00    0.00    0.00    0.00
19:51:12     all   91.98    0.00    4.76    0.00    0.00    3.26    0.00    0.00    0.00    0.00
19:51:13     all   91.77    0.00    4.74    0.00    0.00    3.49    0.00    0.00    0.00    0.00
19:51:14     all   92.02    0.00    4.49    0.00    0.00    3.49    0.00    0.00    0.00    0.00
19:51:15     all   91.77    0.00    4.99    0.00    0.00    3.24    0.00    0.00    0.00    0.00
19:51:16     all   91.29    0.00    4.48    0.00    0.00    4.23    0.00    0.00    0.00    0.00
19:51:17     all   91.98    0.00    5.01    0.00    0.00    3.01    0.00    0.00    0.00    0.00
19:51:18     all   91.00    0.00    5.50    0.00    0.00    3.50    0.00    0.00    0.00    0.00
19:51:19     all   91.54    0.00    5.47    0.00    0.00    2.99    0.00    0.00    0.00    0.00
19:51:20     all   91.98    0.00    4.76    0.00    0.00    3.26    0.00    0.00    0.00    0.00
19:51:21     all   91.54    0.00    5.22    0.00    0.00    3.23    0.00    0.00    0.00    0.00
19:51:22     all   91.27    0.00    5.24    0.00    0.00    3.49    0.00    0.00    0.00    0.00
19:51:23     all   92.23    0.00    4.26    0.00    0.00    3.51    0.00    0.00    0.00    0.00
19:51:24     all   91.75    0.00    5.25    0.00    0.00    3.00    0.00    0.00    0.00    0.00
19:51:25     all   92.27    0.00    4.74    0.00    0.00    2.99    0.00    0.00    0.00    0.00
19:51:26     all   92.29    0.00    4.73    0.00    0.00    2.99    0.00    0.00    0.00    0.00
19:51:27     all   90.59    0.00    5.69    0.00    0.00    3.71    0.00    0.00    0.00    0.00
19:51:28     all   91.98    0.00    5.01    0.00    0.00    3.01    0.00    0.00    0.00    0.00
19:51:29     all   92.29    0.00    4.73    0.00    0.00    2.99    0.00    0.00    0.00    0.00
19:51:30     all   92.71    0.00    4.02    0.00    0.00    3.27    0.00    0.00    0.00    0.00
19:51:31     all   90.80    0.00    5.22    0.00    0.00    3.98    0.00    0.00    0.00    0.00
19:51:32     all   91.77    0.00    4.99    0.00    0.00    3.24    0.00    0.00    0.00    0.00
19:51:33     all   92.23    0.00    4.76    0.00    0.00    3.01    0.00    0.00    0.00    0.00
19:51:34     all   91.79    0.00    4.73    0.00    0.00    3.48    0.00    0.00    0.00    0.00
19:51:35     all   91.52    0.00    5.24    0.00    0.00    3.24    0.00    0.00    0.00    0.00
19:51:36     all   90.75    0.00    5.50    0.00    0.00    3.75    0.00    0.00    0.00    0.00
19:51:37     all   92.29    0.00    5.22    0.00    0.00    2.49    0.00    0.00    0.00    0.00
19:51:38     all   91.02    0.00    5.24    0.00    0.00    3.74    0.00    0.00    0.00    0.00
19:51:39     all   90.02    0.00    6.73    0.00    0.00    2.99    0.00    0.00    0.00    0.25
19:51:40     all   91.54    0.00    4.73    0.00    0.00    3.73    0.00    0.00    0.00    0.00
19:51:41     all   91.94    0.00    5.29    0.00    0.00    2.77    0.00    0.00    0.00    0.00
19:51:42     all   90.82    0.00    5.71    0.00    0.00    3.47    0.00    0.00    0.00    0.00
19:51:43     all   91.02    0.00    5.49    0.00    0.00    3.49    0.00    0.00    0.00    0.00
19:51:44     all   91.96    0.00    4.27    0.00    0.00    3.77    0.00    0.00    0.00    0.00
19:51:45     all   91.83    0.00    5.20    0.00    0.00    2.97    0.00    0.00    0.00    0.00
19:51:46     all   91.96    0.00    5.28    0.00    0.00    2.76    0.00    0.00    0.00    0.00
19:51:47     all   92.12    0.00    4.93    0.00    0.00    2.96    0.00    0.00    0.00    0.00
19:51:48     all   91.75    0.00    5.00    0.00    0.00    3.25    0.00    0.00    0.00    0.00
19:51:49     all   92.25    0.00    4.50    0.00    0.00    3.25    0.00    0.00    0.00    0.00
19:51:50     all   91.32    0.00    5.21    0.00    0.00    3.47    0.00    0.00    0.00    0.00
19:51:51     all   91.75    0.00    5.00    0.00    0.00    3.25    0.00    0.00    0.00    0.00
19:51:52     all   91.27    0.00    4.99    0.00    0.00    3.74    0.00    0.00    0.00    0.00
19:51:53     all   92.50    0.00    4.50    0.00    0.00    3.00    0.00    0.00    0.00    0.00
19:51:54     all   91.07    0.00    4.96    0.00    0.00    3.97    0.00    0.00    0.00    0.00
19:51:55     all   91.52    0.00    4.99    0.00    0.00    3.49    0.00    0.00    0.00    0.00
19:51:56     all   92.50    0.00    4.25    0.00    0.00    3.25    0.00    0.00    0.00    0.00
19:51:57     all   91.52    0.00    5.24    0.00    0.00    3.24    0.00    0.00    0.00    0.00
19:51:58     all   92.27    0.00    4.49    0.00    0.00    3.24    0.00    0.00    0.00    0.00
19:51:59     all   92.50    0.00    4.25    0.00    0.00    3.25    0.00    0.00    0.00    0.00
19:52:00     all   91.27    0.00    5.74    0.00    0.00    2.99    0.00    0.00    0.00    0.00
19:52:01     all   91.52    0.00    4.99    0.00    0.00    3.49    0.00    0.00    0.00    0.00
19:52:02     all   91.27    0.00    5.74    0.00    0.00    2.99    0.00    0.00    0.00    0.00
19:52:03     all   92.25    0.00    4.75    0.00    0.00    3.00    0.00    0.00    0.00    0.00
19:52:04     all   91.09    0.00    5.69    0.00    0.00    3.22    0.00    0.00    0.00    0.00
19:52:05     all   92.00    0.00    4.75    0.00    0.00    3.25    0.00    0.00    0.00    0.00
19:52:06     all   91.98    0.00    5.01    0.00    0.00    3.01    0.00    0.00    0.00    0.00
19:52:07     all   90.57    0.00    5.96    0.00    0.00    3.47    0.00    0.00    0.00    0.00
19:52:08     all   91.98    0.00    4.76    0.00    0.00    3.26    0.00    0.00    0.00    0.00
19:52:09     all   92.02    0.00    4.74    0.00    0.00    3.24    0.00    0.00    0.00    0.00
19:52:10     all   91.73    0.00    5.01    0.00    0.00    3.26    0.00    0.00    0.00    0.00
19:52:11     all   91.02    0.00    5.24    0.00    0.00    3.74    0.00    0.00    0.00    0.00
19:52:12     all   91.73    0.00    5.01    0.00    0.00    3.26    0.00    0.00    0.00    0.00
19:52:13     all   92.29    0.00    4.98    0.00    0.00    2.74    0.00    0.00    0.00    0.00
19:52:14     all   91.27    0.00    5.74    0.00    0.00    2.99    0.00    0.00    0.00    0.00
19:52:15     all   91.79    0.00    4.73    0.00    0.00    3.48    0.00    0.00    0.00    0.00
19:52:16     all   92.19    0.00    4.79    0.00    0.00    3.02    0.00    0.00    0.00    0.00
19:52:17     all   91.07    0.00    5.21    0.00    0.00    3.72    0.00    0.00    0.00    0.00
19:52:18     all   90.80    0.00    5.97    0.00    0.00    3.23    0.00    0.00    0.00    0.00
19:52:19     all   91.27    0.00    5.24    0.00    0.00    3.49    0.00    0.00    0.00    0.00
19:52:20     all   91.98    0.00    4.51    0.00    0.00    3.51    0.00    0.00    0.00    0.00
19:52:21     all   91.52    0.00    5.24    0.00    0.00    3.24    0.00    0.00    0.00    0.00
19:52:22     all   92.02    0.00    4.74    0.00    0.00    3.24    0.00    0.00    0.00    0.00
19:52:23     all   91.56    0.00    5.46    0.00    0.00    2.98    0.00    0.00    0.00    0.00
19:52:24     all   91.75    0.00    4.50    0.00    0.00    3.75    0.00    0.00    0.00    0.00
19:52:25     all   91.50    0.00    4.75    0.00    0.00    3.75    0.00    0.00    0.00    0.00
19:52:26     all   91.52    0.00    5.24    0.00    0.00    3.24    0.00    0.00    0.00    0.00
19:52:27     all   91.77    0.00    4.74    0.00    0.00    3.49    0.00    0.00    0.00    0.00
19:52:28     all   91.29    0.00    5.47    0.00    0.00    3.23    0.00    0.00    0.00    0.00
19:52:29     all   92.23    0.00    4.76    0.00    0.00    3.01    0.00    0.00    0.00    0.00
19:52:30     all   91.54    0.00    5.22    0.00    0.00    3.23    0.00    0.00    0.00    0.00
19:52:31     all   91.56    0.00    5.21    0.00    0.00    3.23    0.00    0.00    0.00    0.00
19:52:32     all   91.54    0.00    4.98    0.00    0.00    3.48    0.00    0.00    0.00    0.00
19:52:33     all   91.75    0.00    4.75    0.00    0.00    3.50    0.00    0.00    0.00    0.00
19:52:34     all   91.83    0.00    4.95    0.00    0.00    3.22    0.00    0.00    0.00    0.00
19:52:35     all   92.46    0.00    4.77    0.00    0.00    2.76    0.00    0.00    0.00    0.00
19:52:36     all   92.00    0.00    4.75    0.00    0.00    3.25    0.00    0.00    0.00    0.00
19:52:37     all   92.73    0.00    4.26    0.00    0.00    3.01    0.00    0.00    0.00    0.00
19:52:38     all   91.69    0.00    5.62    0.00    0.00    2.69    0.00    0.00    0.00    0.00
19:52:39     all   89.83    0.00    6.45    0.00    0.00    3.72    0.00    0.00    0.00    0.00
19:52:40     all   91.73    0.00    5.01    0.00    0.00    3.26    0.00    0.00    0.00    0.00
19:52:41     all   91.50    0.00    5.25    0.00    0.00    3.25    0.00    0.00    0.00    0.00
19:52:42     all   91.27    0.00    5.49    0.00    0.00    3.24    0.00    0.00    0.00    0.00
19:52:43     all   92.75    0.00    4.50    0.00    0.00    2.75    0.00    0.00    0.00    0.00
19:52:44     all   91.75    0.00    5.25    0.00    0.00    3.00    0.00    0.00    0.00    0.00
19:52:45     all   92.00    0.00    4.75    0.00    0.00    3.25    0.00    0.00    0.00    0.00
19:52:46     all   91.75    0.00    5.25    0.00    0.00    3.00    0.00    0.00    0.00    0.00
19:52:47     all   91.07    0.00    5.21    0.00    0.00    3.72    0.00    0.00    0.00    0.00
19:52:48     all   91.77    0.00    5.49    0.00    0.00    2.74    0.00    0.00    0.00    0.00
19:52:49     all   91.96    0.00    4.52    0.00    0.00    3.52    0.00    0.00    0.00    0.00
19:52:50     all   91.85    0.00    4.69    0.00    0.00    3.46    0.00    0.00    0.00    0.00
19:52:51     all   91.85    0.00    4.94    0.00    0.00    3.21    0.00    0.00    0.00    0.00
19:52:52     all   90.82    0.00    5.46    0.00    0.00    3.72    0.00    0.00    0.00    0.00
19:52:53     all   91.98    0.00    5.01    0.00    0.00    3.01    0.00    0.00    0.00    0.00
19:52:54     all   92.00    0.00    4.75    0.00    0.00    3.25    0.00    0.00    0.00    0.00
19:52:55     all   92.00    0.00    4.75    0.00    0.00    3.25    0.00    0.00    0.00    0.00
19:52:56     all   91.77    0.00    4.99    0.00    0.00    3.24    0.00    0.00    0.00    0.00
19:52:57     all   91.32    0.00    5.46    0.00    0.00    3.23    0.00    0.00    0.00    0.00
19:52:58     all   91.77    0.00    5.24    0.00    0.00    2.99    0.00    0.00    0.00    0.00
19:52:59     all   92.23    0.00    4.76    0.00    0.00    3.01    0.00    0.00    0.00    0.00
19:53:00     all   91.60    0.00    4.94    0.00    0.00    3.46    0.00    0.00    0.00    0.00
19:53:01     all   91.73    0.00    5.01    0.00    0.00    3.26    0.00    0.00    0.00    0.00
19:53:02     all   92.02    0.00    4.74    0.00    0.00    3.24    0.00    0.00    0.00    0.00
19:53:03     all   92.25    0.00    4.75    0.00    0.00    3.00    0.00    0.00    0.00    0.00
19:53:04     all   91.56    0.00    5.46    0.00    0.00    2.98    0.00    0.00    0.00    0.00
19:53:05     all   91.75    0.00    4.75    0.00    0.00    3.25    0.00    0.00    0.00    0.25
19:53:06     all   91.96    0.00    5.03    0.00    0.00    3.02    0.00    0.00    0.00    0.00
19:53:07     all   91.81    0.00    4.96    0.00    0.00    3.23    0.00    0.00    0.00    0.00
19:53:08     all   92.31    0.00    4.71    0.00    0.00    2.98    0.00    0.00    0.00    0.00
19:53:09     all   91.98    0.00    5.01    0.00    0.00    3.01    0.00    0.00    0.00    0.00
19:53:10     all   91.02    0.00    5.24    0.00    0.00    3.74    0.00    0.00    0.00    0.00
19:53:11     all   91.50    0.00    5.25    0.00    0.00    3.25    0.00    0.00    0.00    0.00
19:53:12     all   91.52    0.00    5.24    0.00    0.00    3.24    0.00    0.00    0.00    0.00
19:53:13     all   91.52    0.00    4.99    0.00    0.00    3.49    0.00    0.00    0.00    0.00
19:53:14     all   93.00    0.00    4.25    0.00    0.00    2.75    0.00    0.00    0.00    0.00
19:53:15     all   91.50    0.00    5.25    0.00    0.00    3.25    0.00    0.00    0.00    0.00
19:53:16     all   91.07    0.00    5.71    0.00    0.00    3.23    0.00    0.00    0.00    0.00
19:53:17     all   92.02    0.00    4.74    0.00    0.00    3.24    0.00    0.00    0.00    0.00
19:53:18     all   91.54    0.00    5.72    0.00    0.00    2.74    0.00    0.00    0.00    0.00
19:53:19     all   92.04    0.00    4.73    0.00    0.00    3.23    0.00    0.00    0.00    0.00
19:53:20     all   91.56    0.00    5.21    0.00    0.00    3.23    0.00    0.00    0.00    0.00
19:53:21     all   92.46    0.00    4.52    0.00    0.00    3.02    0.00    0.00    0.00    0.00
19:53:22     all   91.00    0.00    5.50    0.00    0.00    3.50    0.00    0.00    0.00    0.00
19:53:23     all   91.32    0.00    5.46    0.00    0.00    3.23    0.00    0.00    0.00    0.00
19:53:24     all   91.50    0.00    5.25    0.00    0.00    3.25    0.00    0.00    0.00    0.00
19:53:25     all   92.48    0.00    4.76    0.00    0.00    2.76    0.00    0.00    0.00    0.00
19:53:26     all   91.34    0.00    5.45    0.00    0.00    3.22    0.00    0.00    0.00    0.00
19:53:27     all   92.02    0.00    4.74    0.00    0.00    3.24    0.00    0.00    0.00    0.00
19:53:28     all   92.54    0.00    4.48    0.00    0.00    2.99    0.00    0.00    0.00    0.00
19:53:29     all   89.22    0.00    7.52    0.25    0.00    3.01    0.00    0.00    0.00    0.00
19:53:30     all   90.30    0.00    6.47    0.00    0.00    3.23    0.00    0.00    0.00    0.00
19:53:31     all   91.07    0.00    5.21    0.00    0.00    3.47    0.00    0.00    0.00    0.25
19:53:32     all   91.81    0.00    4.96    0.00    0.00    3.23    0.00    0.00    0.00    0.00
19:53:33     all   92.50    0.00    4.75    0.00    0.00    2.75    0.00    0.00    0.00    0.00
19:53:34     all   92.04    0.00    4.73    0.00    0.00    3.23    0.00    0.00    0.00    0.00
19:53:35     all   91.48    0.00    5.01    0.00    0.00    3.51    0.00    0.00    0.00    0.00
19:53:36     all   92.31    0.00    4.71    0.00    0.00    2.98    0.00    0.00    0.00    0.00
19:53:37     all   91.75    0.00    5.25    0.00    0.00    3.00    0.00    0.00    0.00    0.00
19:53:38     all   92.52    0.00    4.74    0.00    0.00    2.74    0.00    0.00    0.00    0.00
19:53:39     all   90.20    0.00    6.53    0.00    0.00    3.27    0.00    0.00    0.00    0.00
19:53:40     all   91.54    0.00    5.47    0.00    0.00    2.99    0.00    0.00    0.00    0.00
19:53:41     all   92.27    0.00    4.49    0.00    0.00    3.24    0.00    0.00    0.00    0.00
19:53:42     all   91.32    0.00    4.96    0.00    0.00    3.72    0.00    0.00    0.00    0.00
19:53:43     all   91.41    0.00    5.30    0.00    0.00    3.28    0.00    0.00    0.00    0.00
19:53:44     all   91.32    0.00    5.21    0.00    0.00    3.47    0.00    0.00    0.00    0.00
19:53:45     all   92.04    0.00    4.73    0.00    0.00    3.23    0.00    0.00    0.00    0.00
19:53:46     all   92.25    0.00    4.75    0.00    0.00    3.00    0.00    0.00    0.00    0.00
19:53:47     all   91.50    0.00    5.25    0.00    0.00    3.25    0.00    0.00    0.00    0.00
19:53:48     all   91.02    0.00    4.99    0.00    0.00    3.99    0.00    0.00    0.00    0.00
19:53:49     all   91.46    0.00    5.28    0.00    0.00    3.27    0.00    0.00    0.00    0.00
19:53:50     all   91.52    0.00    4.99    0.00    0.00    3.49    0.00    0.00    0.00    0.00
19:53:51     all   91.77    0.00    5.24    0.00    0.00    2.99    0.00    0.00    0.00    0.00
19:53:52     all   91.81    0.00    5.21    0.00    0.00    2.98    0.00    0.00    0.00    0.00
19:53:53     all   91.23    0.00    4.76    0.00    0.00    4.01    0.00    0.00    0.00    0.00
19:53:54     all   91.77    0.00    5.24    0.00    0.00    2.74    0.00    0.00    0.00    0.25
19:53:55     all   90.75    0.00    5.50    0.00    0.00    3.75    0.00    0.00    0.00    0.00
19:53:56     all   91.25    0.00    5.25    0.00    0.00    3.50    0.00    0.00    0.00    0.00
19:53:57     all   91.54    0.00    5.47    0.00    0.00    2.99    0.00    0.00    0.00    0.00
19:53:58     all   91.75    0.00    5.00    0.00    0.00    3.25    0.00    0.00    0.00    0.00
19:53:59     all   91.73    0.00    5.26    0.00    0.00    3.01    0.00    0.00    0.00    0.00
19:54:00     all   92.31    0.00    4.71    0.00    0.00    2.98    0.00    0.00    0.00    0.00
19:54:01     all   92.25    0.00    5.00    0.00    0.00    2.75    0.00    0.00    0.00    0.00
19:54:02     all   92.48    0.00    4.76    0.00    0.00    2.76    0.00    0.00    0.00    0.00
19:54:03     all   92.54    0.00    4.73    0.00    0.00    2.74    0.00    0.00    0.00    0.00
19:54:04     all   91.34    0.00    5.20    0.00    0.00    3.47    0.00    0.00    0.00    0.00
19:54:05     all   91.73    0.00    5.26    0.00    0.00    3.01    0.00    0.00    0.00    0.00
19:54:06     all   91.34    0.00    5.45    0.00    0.00    3.22    0.00    0.00    0.00    0.00
19:54:07     all   90.82    0.00    4.96    0.00    0.00    3.47    0.00    0.00    0.00    0.74
19:54:08     all   91.50    0.00    5.25    0.00    0.00    3.25    0.00    0.00    0.00    0.00
19:54:09     all   91.83    0.00    4.95    0.00    0.00    3.22    0.00    0.00    0.00    0.00
19:54:10     all   92.46    0.00    4.77    0.00    0.00    2.76    0.00    0.00    0.00    0.00
19:54:11     all   91.77    0.00    5.24    0.00    0.00    2.99    0.00    0.00    0.00    0.00
19:54:12     all   90.80    0.00    5.22    0.00    0.00    3.98    0.00    0.00    0.00    0.00
19:54:13     all   91.50    0.00    5.25    0.00    0.00    3.25    0.00    0.00    0.00    0.00
19:54:14     all   91.54    0.00    4.98    0.00    0.00    3.48    0.00    0.00    0.00    0.00
19:54:15     all   92.98    0.00    4.26    0.00    0.00    2.76    0.00    0.00    0.00    0.00
19:54:16     all   91.56    0.00    5.21    0.00    0.00    3.23    0.00    0.00    0.00    0.00
19:54:17     all   91.27    0.00    5.49    0.00    0.00    3.24    0.00    0.00    0.00    0.00
19:54:18     all   92.00    0.00    4.75    0.00    0.00    3.25    0.00    0.00    0.00    0.00
19:54:19     all   92.31    0.00    4.96    0.00    0.00    2.73    0.00    0.00    0.00    0.00
19:54:20     all   91.50    0.00    5.25    0.00    0.00    3.25    0.00    0.00    0.00    0.00
19:54:21     all   91.83    0.00    4.46    0.00    0.00    3.71    0.00    0.00    0.00    0.00
19:54:22     all   91.23    0.00    5.76    0.00    0.00    3.01    0.00    0.00    0.00    0.00
19:54:23     all   92.04    0.00    4.73    0.00    0.00    3.23    0.00    0.00    0.00    0.00
19:54:24     all   91.73    0.00    5.01    0.00    0.00    3.26    0.00    0.00    0.00    0.00
19:54:25     all   91.02    0.00    5.24    0.00    0.00    3.74    0.00    0.00    0.00    0.00
19:54:26     all   92.29    0.00    4.73    0.00    0.00    2.99    0.00    0.00    0.00    0.00
19:54:27     all   92.21    0.00    4.77    0.00    0.00    3.02    0.00    0.00    0.00    0.00
19:54:28     all   91.32    0.00    4.96    0.00    0.00    3.72    0.00    0.00    0.00    0.00
19:54:29     all   92.00    0.00    4.75    0.00    0.00    3.25    0.00    0.00    0.00    0.00
19:54:30     all   92.29    0.00    4.98    0.00    0.00    2.74    0.00    0.00    0.00    0.00
19:54:31     all   91.77    0.00    4.49    0.00    0.00    3.74    0.00    0.00    0.00    0.00
19:54:32     all   92.23    0.00    5.01    0.00    0.00    2.76    0.00    0.00    0.00    0.00
19:54:33     all   91.77    0.00    4.99    0.00    0.00    3.24    0.00    0.00    0.00    0.00
19:54:34     all   91.52    0.00    5.74    0.00    0.00    2.74    0.00    0.00    0.00    0.00
19:54:35     all   91.63    0.00    4.93    0.00    0.00    3.45    0.00    0.00    0.00    0.00
19:54:36     all   93.00    0.00    4.00    0.00    0.00    3.00    0.00    0.00    0.00    0.00
19:54:37     all   91.02    0.00    5.49    0.00    0.00    3.49    0.00    0.00    0.00    0.00
19:54:38     all   92.29    0.00    4.98    0.00    0.00    2.74    0.00    0.00    0.00    0.00
19:54:39     all   89.28    0.00    7.23    0.00    0.00    3.24    0.00    0.00    0.00    0.25
19:54:40     all   91.21    0.00    5.53    0.00    0.00    3.27    0.00    0.00    0.00    0.00
19:54:41     all   92.06    0.00    4.71    0.00    0.00    3.23    0.00    0.00    0.00    0.00
19:54:42     all   92.02    0.00    4.99    0.00    0.00    2.99    0.00    0.00    0.00    0.00
19:54:43     all   91.77    0.00    4.99    0.00    0.00    3.24    0.00    0.00    0.00    0.00
19:54:44     all   92.23    0.00    4.51    0.00    0.00    3.26    0.00    0.00    0.00    0.00
19:54:45     all   91.32    0.00    5.21    0.00    0.00    3.47    0.00    0.00    0.00    0.00
19:54:46     all   91.07    0.00    5.46    0.00    0.00    3.47    0.00    0.00    0.00    0.00
19:54:47     all   91.75    0.00    5.00    0.00    0.00    3.25    0.00    0.00    0.00    0.00
19:54:48     all   91.25    0.00    5.50    0.00    0.00    3.25    0.00    0.00    0.00    0.00
19:54:49     all   91.32    0.00    5.46    0.00    0.00    3.23    0.00    0.00    0.00    0.00
19:54:50     all   92.77    0.00    4.74    0.00    0.00    2.49    0.00    0.00    0.00    0.00
19:54:51     all   92.02    0.00    4.99    0.00    0.00    2.99    0.00    0.00    0.00    0.00
19:54:52     all   92.21    0.00    4.52    0.00    0.00    3.27    0.00    0.00    0.00    0.00
19:54:53     all   91.02    0.00    5.49    0.00    0.00    3.49    0.00    0.00    0.00    0.00
19:54:54     all   91.60    0.00    5.19    0.00    0.00    3.21    0.00    0.00    0.00    0.00
19:54:55     all   91.50    0.00    5.00    0.00    0.00    3.50    0.00    0.00    0.00    0.00
19:54:56     all   91.75    0.00    5.00    0.00    0.00    3.25    0.00    0.00    0.00    0.00
19:54:57     all   91.98    0.00    4.51    0.00    0.00    3.51    0.00    0.00    0.00    0.00
19:54:58     all   91.75    0.00    5.00    0.00    0.00    3.25    0.00    0.00    0.00    0.00
19:54:59     all   91.77    0.00    5.24    0.00    0.00    2.99    0.00    0.00    0.00    0.00
19:55:00     all   92.25    0.00    4.50    0.00    0.00    3.25    0.00    0.00    0.00    0.00
19:55:01     all   91.29    0.00    5.22    0.00    0.00    3.48    0.00    0.00    0.00    0.00
19:55:02     all   91.50    0.00    5.00    0.00    0.00    3.50    0.00    0.00    0.00    0.00
19:55:03     all   91.75    0.00    5.50    0.00    0.00    2.75    0.00    0.00    0.00    0.00
19:55:04     all   90.75    0.00    5.00    0.00    0.00    4.25    0.00    0.00    0.00    0.00
19:55:05     all   92.25    0.00    5.00    0.00    0.00    2.75    0.00    0.00    0.00    0.00
19:55:06     all   91.11    0.00    5.43    0.00    0.00    3.46    0.00    0.00    0.00    0.00
19:55:07     all   91.73    0.00    5.01    0.00    0.00    3.26    0.00    0.00    0.00    0.00
19:55:08     all   92.27    0.00    4.74    0.00    0.00    2.99    0.00    0.00    0.00    0.00
19:55:09     all   91.81    0.00    4.96    0.00    0.00    3.23    0.00    0.00    0.00    0.00
19:55:10     all   91.07    0.00    4.96    0.00    0.00    3.97    0.00    0.00    0.00    0.00
19:55:11     all   91.27    0.00    5.24    0.00    0.00    3.49    0.00    0.00    0.00    0.00
19:55:12     all   92.25    0.00    4.75    0.00    0.00    3.00    0.00    0.00    0.00    0.00
19:55:13     all   91.40    0.00    5.41    0.00    0.00    3.19    0.00    0.00    0.00    0.00
19:55:14     all   92.25    0.00    4.75    0.00    0.00    3.00    0.00    0.00    0.00    0.00
19:55:15     all   92.54    0.00    4.48    0.00    0.00    2.99    0.00    0.00    0.00    0.00
19:55:16     all   91.77    0.00    4.99    0.00    0.00    3.24    0.00    0.00    0.00    0.00
19:55:17     all   91.54    0.00    5.47    0.00    0.00    2.99    0.00    0.00    0.00    0.00
19:55:18     all   92.02    0.00    4.74    0.00    0.00    3.24    0.00    0.00    0.00    0.00
19:55:19     all   92.25    0.00    5.25    0.00    0.00    2.50    0.00    0.00    0.00    0.00
19:55:20     all   91.79    0.00    4.73    0.00    0.00    3.48    0.00    0.00    0.00    0.00
19:55:21     all   91.21    0.00    5.28    0.00    0.00    3.52    0.00    0.00    0.00    0.00
19:55:22     all   91.07    0.00    5.71    0.00    0.00    3.23    0.00    0.00    0.00    0.00
19:55:23     all   91.29    0.00    5.22    0.00    0.00    3.48    0.00    0.00    0.00    0.00
19:55:24     all   90.80    0.00    5.72    0.00    0.00    3.48    0.00    0.00    0.00    0.00
19:55:25     all   91.71    0.00    5.53    0.00    0.00    2.76    0.00    0.00    0.00    0.00
19:55:26     all   92.00    0.00    4.50    0.00    0.00    3.50    0.00    0.00    0.00    0.00
19:55:27     all   91.29    0.00    5.47    0.00    0.00    3.23    0.00    0.00    0.00    0.00
19:55:28     all   91.75    0.00    5.50    0.00    0.00    2.75    0.00    0.00    0.00    0.00
19:55:29     all   91.29    0.00    4.98    0.00    0.00    3.73    0.00    0.00    0.00    0.00
19:55:30     all   92.00    0.00    5.50    0.00    0.00    2.50    0.00    0.00    0.00    0.00
19:55:31     all   91.77    0.00    4.74    0.00    0.00    3.49    0.00    0.00    0.00    0.00
19:55:32     all   92.29    0.00    4.73    0.00    0.00    2.99    0.00    0.00    0.00    0.00
19:55:33     all   90.80    0.00    5.22    0.00    0.00    3.98    0.00    0.00    0.00    0.00
19:55:34     all   91.27    0.00    5.24    0.00    0.00    3.49    0.00    0.00    0.00    0.00
19:55:35     all   92.50    0.00    4.50    0.00    0.00    3.00    0.00    0.00    0.00    0.00
19:55:36     all   92.08    0.00    4.95    0.00    0.00    2.97    0.00    0.00    0.00    0.00
19:55:37     all   92.23    0.00    4.26    0.00    0.00    3.51    0.00    0.00    0.00    0.00
19:55:38     all   90.00    0.00    6.50    0.00    0.00    3.50    0.00    0.00    0.00    0.00
19:55:39     all   91.50    0.00    5.50    0.00    0.00    3.00    0.00    0.00    0.00    0.00
19:55:40     all   91.46    0.00    5.53    0.00    0.00    3.02    0.00    0.00    0.00    0.00
19:55:41     all   91.32    0.00    5.21    0.00    0.00    3.47    0.00    0.00    0.00    0.00
19:55:42     all   92.48    0.00    4.76    0.00    0.00    2.76    0.00    0.00    0.00    0.00
19:55:43     all   92.52    0.00    4.24    0.00    0.00    3.24    0.00    0.00    0.00    0.00
19:55:44     all   92.48    0.00    4.76    0.00    0.00    2.76    0.00    0.00    0.00    0.00
19:55:45     all   91.77    0.00    5.49    0.00    0.00    2.74    0.00    0.00    0.00    0.00
19:55:46     all   92.02    0.00    4.74    0.00    0.00    3.24    0.00    0.00    0.00    0.00
19:55:47     all   91.07    0.00    5.71    0.00    0.00    3.23    0.00    0.00    0.00    0.00
19:55:48     all   92.25    0.00    4.50    0.00    0.00    3.25    0.00    0.00    0.00    0.00
19:55:49     all   91.77    0.00    5.49    0.00    0.00    2.74    0.00    0.00    0.00    0.00
19:55:50     all   91.50    0.00    5.25    0.00    0.00    3.25    0.00    0.00    0.00    0.00
19:55:51     all   91.52    0.00    5.24    0.00    0.00    3.24    0.00    0.00    0.00    0.00
19:55:52     all   92.27    0.00    4.74    0.00    0.00    2.99    0.00    0.00    0.00    0.00
19:55:53     all   92.02    0.00    4.99    0.00    0.00    2.99    0.00    0.00    0.00    0.00
19:55:54     all   91.75    0.00    4.75    0.00    0.00    3.50    0.00    0.00    0.00    0.00
19:55:55     all   91.98    0.00    5.01    0.00    0.00    3.01    0.00    0.00    0.00    0.00
19:55:56     all   91.81    0.00    4.96    0.00    0.00    3.23    0.00    0.00    0.00    0.00
19:55:57     all   92.00    0.00    4.25    0.00    0.00    3.75    0.00    0.00    0.00    0.00
19:55:58     all   91.29    0.00    5.22    0.00    0.00    3.48    0.00    0.00    0.00    0.00
19:55:59     all   91.00    0.00    5.50    0.00    0.00    3.50    0.00    0.00    0.00    0.00
19:56:00     all   91.54    0.00    4.98    0.00    0.00    3.48    0.00    0.00    0.00    0.00
19:56:01     all   92.50    0.00    4.50    0.00    0.00    3.00    0.00    0.00    0.00    0.00
19:56:02     all   91.29    0.00    4.73    0.00    0.00    3.98    0.00    0.00    0.00    0.00
19:56:03     all   91.96    0.00    4.77    0.00    0.00    3.27    0.00    0.00    0.00    0.00
19:56:04     all   91.52    0.00    5.24    0.00    0.00    3.24    0.00    0.00    0.00    0.00
19:56:05     all   90.27    0.00    5.99    0.00    0.00    3.74    0.00    0.00    0.00    0.00
19:56:06     all   92.50    0.00    5.00    0.00    0.00    2.50    0.00    0.00    0.00    0.00
19:56:07     all   92.02    0.00    5.24    0.00    0.00    2.74    0.00    0.00    0.00    0.00
19:56:08     all   91.50    0.00    5.25    0.00    0.00    3.25    0.00    0.00    0.00    0.00
19:56:09     all   92.56    0.00    4.47    0.00    0.00    2.98    0.00    0.00    0.00    0.00
19:56:10     all   91.32    0.00    5.46    0.00    0.00    3.23    0.00    0.00    0.00    0.00
19:56:11     all   91.52    0.00    5.24    0.00    0.00    3.24    0.00    0.00    0.00    0.00
19:56:12     all   92.00    0.00    4.75    0.00    0.00    3.25    0.00    0.00    0.00    0.00
19:56:13     all   92.48    0.00    4.76    0.00    0.00    2.76    0.00    0.00    0.00    0.00
19:56:14     all   91.02    0.00    5.24    0.00    0.00    3.74    0.00    0.00    0.00    0.00
19:56:15     all   92.02    0.00    4.74    0.00    0.00    3.24    0.00    0.00    0.00    0.00
19:56:16     all   91.27    0.00    5.24    0.00    0.00    3.49    0.00    0.00    0.00    0.00
19:56:17     all   93.22    0.00    4.27    0.00    0.00    2.51    0.00    0.00    0.00    0.00
19:56:18     all   91.36    0.00    4.94    0.00    0.00    3.70    0.00    0.00    0.00    0.00
19:56:19     all   92.50    0.00    4.75    0.00    0.00    2.75    0.00    0.00    0.00    0.00
19:56:20     all   91.27    0.00    5.24    0.00    0.00    3.49    0.00    0.00    0.00    0.00
19:56:21     all   91.73    0.00    5.26    0.00    0.00    3.01    0.00    0.00    0.00    0.00
19:56:22     all   91.77    0.00    4.99    0.00    0.00    3.24    0.00    0.00    0.00    0.00
19:56:23     all   91.77    0.00    4.99    0.00    0.00    3.24    0.00    0.00    0.00    0.00
19:56:24     all   91.27    0.00    5.24    0.00    0.00    3.49    0.00    0.00    0.00    0.00
19:56:25     all   92.00    0.00    4.75    0.00    0.00    3.25    0.00    0.00    0.00    0.00
19:56:26     all   91.54    0.00    4.98    0.00    0.00    3.48    0.00    0.00    0.00    0.00
19:56:27     all   91.81    0.00    5.21    0.00    0.00    2.98    0.00    0.00    0.00    0.00
19:56:28     all   91.96    0.00    5.03    0.00    0.00    3.02    0.00    0.00    0.00    0.00
19:56:29     all   91.56    0.00    5.21    0.00    0.00    3.23    0.00    0.00    0.00    0.00
19:56:30     all   91.50    0.00    5.25    0.00    0.00    3.25    0.00    0.00    0.00    0.00
19:56:31     all   91.87    0.00    5.17    0.00    0.00    2.96    0.00    0.00    0.00    0.00
19:56:32     all   91.73    0.00    5.26    0.00    0.00    3.01    0.00    0.00    0.00    0.00
19:56:33     all   91.02    0.00    5.99    0.00    0.00    2.99    0.00    0.00    0.00    0.00
19:56:34     all   92.79    0.00    4.48    0.00    0.00    2.74    0.00    0.00    0.00    0.00
19:56:35     all   91.29    0.00    4.73    0.00    0.00    3.98    0.00    0.00    0.00    0.00
19:56:36     all   92.19    0.00    4.53    0.00    0.00    3.27    0.00    0.00    0.00    0.00
19:56:37     all   92.50    0.00    4.75    0.00    0.00    2.75    0.00    0.00    0.00    0.00
19:56:38     all   90.07    0.00    6.70    0.00    0.00    3.23    0.00    0.00    0.00    0.00
19:56:39     all   91.25    0.00    5.50    0.00    0.00    3.25    0.00    0.00    0.00    0.00
19:56:40     all   91.79    0.00    4.48    0.00    0.00    3.73    0.00    0.00    0.00    0.00
19:56:41     all   92.00    0.00    5.25    0.00    0.00    2.75    0.00    0.00    0.00    0.00
19:56:42     all   91.56    0.00    4.96    0.00    0.00    3.47    0.00    0.00    0.00    0.00
19:56:43     all   92.25    0.00    4.75    0.00    0.00    3.00    0.00    0.00    0.00    0.00
19:56:44     all   91.75    0.00    4.75    0.00    0.00    3.50    0.00    0.00    0.00    0.00
19:56:45     all   91.50    0.00    5.50    0.00    0.00    3.00    0.00    0.00    0.00    0.00
19:56:46     all   92.02    0.00    4.99    0.00    0.00    2.99    0.00    0.00    0.00    0.00
19:56:47     all   91.27    0.00    5.24    0.00    0.00    3.49    0.00    0.00    0.00    0.00
19:56:48     all   91.75    0.00    5.25    0.00    0.00    3.00    0.00    0.00    0.00    0.00
19:56:49     all   91.54    0.00    5.22    0.00    0.00    3.23    0.00    0.00    0.00    0.00
19:56:50     all   91.77    0.00    4.74    0.00    0.00    3.49    0.00    0.00    0.00    0.00
19:56:51     all   92.35    0.00    4.44    0.00    0.00    3.21    0.00    0.00    0.00    0.00
19:56:52     all   91.25    0.00    5.00    0.00    0.00    3.75    0.00    0.00    0.00    0.00
19:56:53     all   91.50    0.00    5.25    0.00    0.00    3.25    0.00    0.00    0.00    0.00
19:56:54     all   91.96    0.00    4.52    0.00    0.00    3.52    0.00    0.00    0.00    0.00
19:56:55     all   91.81    0.00    5.21    0.00    0.00    2.98    0.00    0.00    0.00    0.00
19:56:56     all   91.77    0.00    5.24    0.00    0.00    2.99    0.00    0.00    0.00    0.00
19:56:57     all   92.23    0.00    4.51    0.00    0.00    3.26    0.00    0.00    0.00    0.00
19:56:58     all   92.02    0.00    4.74    0.00    0.00    3.24    0.00    0.00    0.00    0.00
19:56:59     all   91.54    0.00    5.47    0.00    0.00    2.99    0.00    0.00    0.00    0.00
19:57:00     all   91.52    0.00    4.99    0.00    0.00    3.49    0.00    0.00    0.00    0.00
19:57:01     all   92.02    0.00    4.74    0.00    0.00    3.24    0.00    0.00    0.00    0.00
19:57:02     all   90.80    0.00    5.47    0.00    0.00    3.73    0.00    0.00    0.00    0.00
19:57:03     all   92.04    0.00    5.22    0.00    0.00    2.74    0.00    0.00    0.00    0.00
19:57:04     all   91.25    0.00    5.50    0.00    0.00    3.25    0.00    0.00    0.00    0.00
19:57:05     all   92.50    0.00    4.25    0.00    0.00    3.25    0.00    0.00    0.00    0.00
19:57:06     all   90.84    0.00    5.94    0.00    0.00    3.22    0.00    0.00    0.00    0.00
19:57:08     all   91.63    0.00    5.17    0.00    0.00    3.20    0.00    0.00    0.00    0.00
19:57:09     all   92.17    0.00    5.30    0.00    0.00    2.53    0.00    0.00    0.00    0.00
19:57:10     all   91.54    0.00    4.73    0.00    0.00    3.73    0.00    0.00    0.00    0.00
19:57:11     all   91.56    0.00    5.21    0.00    0.00    3.23    0.00    0.00    0.00    0.00
19:57:12     all   92.00    0.00    5.00    0.00    0.00    3.00    0.00    0.00    0.00    0.00
19:57:13     all   91.04    0.00    5.22    0.00    0.00    3.73    0.00    0.00    0.00    0.00
19:57:14     all   92.98    0.00    4.26    0.00    0.00    2.76    0.00    0.00    0.00    0.00
19:57:15     all   90.57    0.00    6.20    0.00    0.00    3.23    0.00    0.00    0.00    0.00
19:57:16     all   91.77    0.00    4.99    0.00    0.00    3.24    0.00    0.00    0.00    0.00
19:57:17     all   92.27    0.00    4.99    0.00    0.00    2.74    0.00    0.00    0.00    0.00
19:57:18     all   91.75    0.00    5.00    0.00    0.00    3.25    0.00    0.00    0.00    0.00
19:57:19     all   91.52    0.00    4.99    0.00    0.00    3.49    0.00    0.00    0.00    0.00
19:57:20     all   92.23    0.00    4.76    0.00    0.00    3.01    0.00    0.00    0.00    0.00
19:57:21     all   92.56    0.00    4.96    0.00    0.00    2.48    0.00    0.00    0.00    0.00
19:57:22     all   91.50    0.00    5.00    0.00    0.00    3.50    0.00    0.00    0.00    0.00
19:57:23     all   91.50    0.00    5.00    0.00    0.00    3.50    0.00    0.00    0.00    0.00
19:57:24     all   91.50    0.00    5.50    0.00    0.00    3.00    0.00    0.00    0.00    0.00
19:57:25     all   91.29    0.00    4.98    0.00    0.00    3.73    0.00    0.00    0.00    0.00
19:57:26     all   92.52    0.00    4.49    0.00    0.00    2.99    0.00    0.00    0.00    0.00
19:57:27     all   92.52    0.00    4.74    0.00    0.00    2.74    0.00    0.00    0.00    0.00
19:57:28     all   91.50    0.00    5.25    0.00    0.00    3.25    0.00    0.00    0.00    0.00
19:57:29     all   91.75    0.00    5.25    0.00    0.00    3.00    0.00    0.00    0.00    0.00
19:57:30     all   92.23    0.00    4.76    0.00    0.00    3.01    0.00    0.00    0.00    0.00
19:57:31     all   91.79    0.00    4.98    0.00    0.00    3.23    0.00    0.00    0.00    0.00
19:57:32     all   92.02    0.00    4.74    0.00    0.00    3.24    0.00    0.00    0.00    0.00
19:57:33     all   90.77    0.00    5.49    0.00    0.00    3.74    0.00    0.00    0.00    0.00
19:57:34     all   91.50    0.00    5.25    0.00    0.00    3.25    0.00    0.00    0.00    0.00
19:57:35     all   91.27    0.00    5.24    0.00    0.00    3.49    0.00    0.00    0.00    0.00
19:57:36     all   91.00    0.00    5.75    0.00    0.00    3.25    0.00    0.00    0.00    0.00
19:57:37     all   91.27    0.00    4.99    0.00    0.00    3.74    0.00    0.00    0.00    0.00
19:57:38     all   91.04    0.00    5.47    0.00    0.00    3.48    0.00    0.00    0.00    0.00
19:57:39     all   90.07    0.00    6.45    0.00    0.00    3.23    0.00    0.00    0.00    0.25
19:57:40     all   92.96    0.00    4.27    0.00    0.00    2.76    0.00    0.00    0.00    0.00
19:57:41     all   91.85    0.00    5.19    0.00    0.00    2.96    0.00    0.00    0.00    0.00
19:57:42     all   91.75    0.00    4.75    0.00    0.00    3.50    0.00    0.00    0.00    0.00
19:57:43     all   91.32    0.00    5.46    0.00    0.00    3.23    0.00    0.00    0.00    0.00
19:57:44     all   91.27    0.00    4.99    0.00    0.00    3.74    0.00    0.00    0.00    0.00
19:57:45     all   91.25    0.00    5.50    0.00    0.00    3.25    0.00    0.00    0.00    0.00
19:57:46     all   92.50    0.00    4.50    0.00    0.00    3.00    0.00    0.00    0.00    0.00
19:57:47     all   90.82    0.00    5.46    0.00    0.00    3.72    0.00    0.00    0.00    0.00
19:57:48     all   91.75    0.00    5.00    0.00    0.00    3.25    0.00    0.00    0.00    0.00
19:57:49     all   92.02    0.00    4.74    0.00    0.00    3.24    0.00    0.00    0.00    0.00
19:57:50     all   91.98    0.00    5.01    0.00    0.00    3.01    0.00    0.00    0.00    0.00
19:57:51     all   91.54    0.00    4.98    0.00    0.00    3.48    0.00    0.00    0.00    0.00
19:57:52     all   91.27    0.00    5.74    0.00    0.00    2.99    0.00    0.00    0.00    0.00
19:57:53     all   92.52    0.00    4.24    0.00    0.00    3.24    0.00    0.00    0.00    0.00
19:57:54     all   91.52    0.00    5.24    0.00    0.00    3.24    0.00    0.00    0.00    0.00
19:57:55     all   91.52    0.00    5.24    0.00    0.00    3.24    0.00    0.00    0.00    0.00
19:57:56     all   91.96    0.00    5.28    0.00    0.00    2.76    0.00    0.00    0.00    0.00
19:57:57     all   91.11    0.00    5.43    0.00    0.00    3.46    0.00    0.00    0.00    0.00
19:57:58     all   91.52    0.00    4.74    0.00    0.00    3.74    0.00    0.00    0.00    0.00
19:57:59     all   92.08    0.00    5.45    0.00    0.00    2.48    0.00    0.00    0.00    0.00
19:58:00     all   92.21    0.00    4.77    0.00    0.00    3.02    0.00    0.00    0.00    0.00
19:58:01     all   92.33    0.00    4.70    0.00    0.00    2.97    0.00    0.00    0.00    0.00
19:58:02     all   91.00    0.00    5.00    0.00    0.00    4.00    0.00    0.00    0.00    0.00
19:58:03     all   91.54    0.00    5.47    0.00    0.00    2.99    0.00    0.00    0.00    0.00
19:58:04     all   92.77    0.00    4.74    0.00    0.00    2.49    0.00    0.00    0.00    0.00
19:58:05     all   91.50    0.00    5.00    0.00    0.00    3.50    0.00    0.00    0.00    0.00
19:58:06     all   91.73    0.00    4.51    0.00    0.00    3.76    0.00    0.00    0.00    0.00
19:58:07     all   91.54    0.00    4.98    0.00    0.00    3.48    0.00    0.00    0.00    0.00
19:58:08     all   91.46    0.00    5.03    0.00    0.00    3.52    0.00    0.00    0.00    0.00
19:58:09     all   91.79    0.00    4.98    0.00    0.00    3.23    0.00    0.00    0.00    0.00
19:58:10     all   91.02    0.00    5.74    0.00    0.00    3.24    0.00    0.00    0.00    0.00
19:58:11     all   90.52    0.00    5.74    0.00    0.00    3.74    0.00    0.00    0.00    0.00
19:58:12     all   92.04    0.00    4.48    0.00    0.00    3.48    0.00    0.00    0.00    0.00
19:58:13     all   92.21    0.00    5.03    0.00    0.00    2.76    0.00    0.00    0.00    0.00
19:58:14     all   92.00    0.00    5.00    0.00    0.00    3.00    0.00    0.00    0.00    0.00
19:58:15     all   91.77    0.00    5.24    0.00    0.00    2.99    0.00    0.00    0.00    0.00
19:58:16     all   91.29    0.00    5.22    0.00    0.00    3.48    0.00    0.00    0.00    0.00
19:58:17     all   92.27    0.00    4.74    0.00    0.00    2.99    0.00    0.00    0.00    0.00
19:58:18     all   91.98    0.00    4.76    0.00    0.00    3.26    0.00    0.00    0.00    0.00
19:58:19     all   91.29    0.00    4.98    0.00    0.00    3.73    0.00    0.00    0.00    0.00
19:58:20     all   91.23    0.00    5.26    0.00    0.00    3.51    0.00    0.00    0.00    0.00
19:58:21     all   91.52    0.00    5.49    0.00    0.00    2.99    0.00    0.00    0.00    0.00
19:58:22     all   91.34    0.00    4.95    0.00    0.00    3.71    0.00    0.00    0.00    0.00
19:58:23     all   92.73    0.00    4.26    0.00    0.00    3.01    0.00    0.00    0.00    0.00
19:58:24     all   91.32    0.00    5.21    0.00    0.00    3.47    0.00    0.00    0.00    0.00
19:58:25     all   91.73    0.00    5.01    0.00    0.00    3.26    0.00    0.00    0.00    0.00
19:58:26     all   92.02    0.00    5.24    0.00    0.00    2.74    0.00    0.00    0.00    0.00
19:58:27     all   92.04    0.00    4.98    0.00    0.00    2.99    0.00    0.00    0.00    0.00
19:58:28     all   91.50    0.00    5.00    0.00    0.00    3.50    0.00    0.00    0.00    0.00
19:58:29     all   91.75    0.00    5.00    0.00    0.00    3.25    0.00    0.00    0.00    0.00
19:58:30     all   92.00    0.00    5.00    0.00    0.00    3.00    0.00    0.00    0.00    0.00
19:58:31     all   92.02    0.00    4.49    0.00    0.00    3.49    0.00    0.00    0.00    0.00
19:58:32     all   91.52    0.00    4.99    0.00    0.00    3.49    0.00    0.00    0.00    0.00
19:58:33     all   91.73    0.00    5.51    0.00    0.00    2.76    0.00    0.00    0.00    0.00
19:58:34     all   92.02    0.00    4.74    0.00    0.00    3.24    0.00    0.00    0.00    0.00
19:58:35     all   91.25    0.00    5.50    0.00    0.00    3.25    0.00    0.00    0.00    0.00
19:58:36     all   91.04    0.00    5.72    0.00    0.00    3.23    0.00    0.00    0.00    0.00
19:58:37     all   92.73    0.00    4.76    0.00    0.00    2.51    0.00    0.00    0.00    0.00
19:58:38     all   92.23    0.00    5.01    0.00    0.00    2.76    0.00    0.00    0.00    0.00
19:58:39     all   90.30    0.00    6.22    0.00    0.00    3.48    0.00    0.00    0.00    0.00
19:58:40     all   91.77    0.00    5.49    0.00    0.00    2.74    0.00    0.00    0.00    0.00
19:58:41     all   91.75    0.00    5.25    0.00    0.00    3.00    0.00    0.00    0.00    0.00
19:58:42     all   91.04    0.00    5.72    0.00    0.00    3.23    0.00    0.00    0.00    0.00
19:58:43     all   92.77    0.00    3.74    0.00    0.00    3.49    0.00    0.00    0.00    0.00
19:58:44     all   91.50    0.00    5.00    0.00    0.00    3.50    0.00    0.00    0.00    0.00
19:58:45     all   92.46    0.00    4.77    0.00    0.00    2.76    0.00    0.00    0.00    0.00
19:58:46     all   91.58    0.00    5.20    0.00    0.00    3.22    0.00    0.00    0.00    0.00
19:58:47     all   92.27    0.00    4.74    0.00    0.00    2.99    0.00    0.00    0.00    0.00
19:58:48     all   91.79    0.00    5.47    0.00    0.00    2.74    0.00    0.00    0.00    0.00
19:58:49     all   92.21    0.00    5.03    0.00    0.00    2.76    0.00    0.00    0.00    0.00
19:58:50     all   91.54    0.00    4.98    0.00    0.00    3.48    0.00    0.00    0.00    0.00
19:58:51     all   91.79    0.00    4.98    0.00    0.00    3.23    0.00    0.00    0.00    0.00
19:58:52     all   91.52    0.00    4.99    0.00    0.00    3.49    0.00    0.00    0.00    0.00
19:58:53     all   92.04    0.00    4.98    0.00    0.00    2.99    0.00    0.00    0.00    0.00
19:58:54     all   91.98    0.00    4.76    0.00    0.00    3.26    0.00    0.00    0.00    0.00
19:58:55     all   91.36    0.00    5.19    0.00    0.00    3.46    0.00    0.00    0.00    0.00
19:58:56     all   91.25    0.00    6.00    0.00    0.00    2.75    0.00    0.00    0.00    0.00
19:58:57     all   91.75    0.00    5.00    0.00    0.00    3.25    0.00    0.00    0.00    0.00
19:58:58     all   91.52    0.00    4.99    0.00    0.00    3.49    0.00    0.00    0.00    0.00
19:58:59     all   92.04    0.00    4.98    0.00    0.00    2.99    0.00    0.00    0.00    0.00
19:59:00     all   91.27    0.00    4.74    0.00    0.00    3.99    0.00    0.00    0.00    0.00
19:59:01     all   92.52    0.00    4.74    0.00    0.00    2.74    0.00    0.00    0.00    0.00
19:59:02     all   91.50    0.00    5.00    0.00    0.00    3.50    0.00    0.00    0.00    0.00
19:59:03     all   91.02    0.00    5.24    0.00    0.00    3.74    0.00    0.00    0.00    0.00
19:59:04     all   92.04    0.00    4.98    0.00    0.00    2.99    0.00    0.00    0.00    0.00
19:59:05     all   92.98    0.00    4.26    0.00    0.00    2.76    0.00    0.00    0.00    0.00
19:59:06     all   91.77    0.00    4.99    0.00    0.00    3.24    0.00    0.00    0.00    0.00
19:59:07     all   92.00    0.00    5.25    0.00    0.00    2.75    0.00    0.00    0.00    0.00
19:59:08     all   91.27    0.00    5.49    0.00    0.00    3.24    0.00    0.00    0.00    0.00
19:59:09     all   91.54    0.00    5.22    0.00    0.00    3.23    0.00    0.00    0.00    0.00
19:59:10     all   91.25    0.00    5.25    0.00    0.00    3.50    0.00    0.00    0.00    0.00
19:59:11     all   91.98    0.00    4.76    0.00    0.00    3.26    0.00    0.00    0.00    0.00
19:59:12     all   91.79    0.00    5.47    0.00    0.00    2.74    0.00    0.00    0.00    0.00
19:59:13     all   92.00    0.00    5.50    0.00    0.00    2.50    0.00    0.00    0.00    0.00
19:59:14     all   91.79    0.00    4.48    0.00    0.00    3.73    0.00    0.00    0.00    0.00
19:59:15     all   93.00    0.00    4.00    0.00    0.00    3.00    0.00    0.00    0.00    0.00
19:59:16     all   91.56    0.00    4.71    0.00    0.00    3.72    0.00    0.00    0.00    0.00
19:59:17     all   92.23    0.00    4.76    0.00    0.00    3.01    0.00    0.00    0.00    0.00
19:59:18     all   92.04    0.00    3.98    0.00    0.00    3.98    0.00    0.00    0.00    0.00
19:59:19     all   93.02    0.00    4.49    0.00    0.00    2.49    0.00    0.00    0.00    0.00
19:59:20     all   92.96    0.00    3.77    0.00    0.00    3.27    0.00    0.00    0.00    0.00
19:59:21     all   91.32    0.00    4.96    0.00    0.00    3.72    0.00    0.00    0.00    0.00
19:59:22     all   92.23    0.00    5.01    0.00    0.00    2.76    0.00    0.00    0.00    0.00
19:59:23     all   92.23    0.00    4.51    0.00    0.00    3.26    0.00    0.00    0.00    0.00
19:59:24     all   92.48    0.00    4.51    0.00    0.00    3.01    0.00    0.00    0.00    0.00
19:59:25     all   92.04    0.00    4.23    0.00    0.00    3.73    0.00    0.00    0.00    0.00
19:59:26     all   92.04    0.00    4.73    0.00    0.00    3.23    0.00    0.00    0.00    0.00
19:59:27     all   93.47    0.00    3.27    0.00    0.00    3.27    0.00    0.00    0.00    0.00
19:59:28     all   93.02    0.00    3.74    0.00    0.00    3.24    0.00    0.00    0.00    0.00
19:59:29     all   93.25    0.00    4.00    0.00    0.00    2.75    0.00    0.00    0.00    0.00
19:59:30     all   92.23    0.00    4.01    0.00    0.00    3.76    0.00    0.00    0.00    0.00
19:59:31     all   93.03    0.00    3.98    0.00    0.00    2.99    0.00    0.00    0.00    0.00
19:59:32     all   92.50    0.00    4.25    0.00    0.00    3.25    0.00    0.00    0.00    0.00
19:59:33     all   92.98    0.00    4.26    0.00    0.00    2.76    0.00    0.00    0.00    0.00
19:59:34     all   92.06    0.00    4.47    0.00    0.00    3.47    0.00    0.00    0.00    0.00
19:59:35     all   92.46    0.00    4.52    0.00    0.00    3.02    0.00    0.00    0.00    0.00
19:59:36     all   93.00    0.00    3.50    0.00    0.00    3.50    0.00    0.00    0.00    0.00
19:59:37     all   91.77    0.00    4.99    0.00    0.00    3.24    0.00    0.00    0.00    0.00
19:59:38     all   92.29    0.00    4.23    0.00    0.00    3.48    0.00    0.00    0.00    0.00
19:59:39     all   91.29    0.00    5.22    0.00    0.00    3.23    0.00    0.00    0.00    0.25
19:59:40     all   91.25    0.00    5.00    0.00    0.00    3.75    0.00    0.00    0.00    0.00
19:59:41     all   92.54    0.00    4.48    0.00    0.00    2.99    0.00    0.00    0.00    0.00
19:59:42     all   91.96    0.00    4.52    0.00    0.00    3.52    0.00    0.00    0.00    0.00
19:59:43     all   92.04    0.00    4.23    0.00    0.00    3.48    0.00    0.00    0.00    0.25
19:59:44     all   92.54    0.00    4.73    0.00    0.00    2.49    0.00    0.00    0.00    0.25
19:59:45     all   92.23    0.00    4.01    0.00    0.00    3.76    0.00    0.00    0.00    0.00
19:59:46     all   92.02    0.00    4.74    0.00    0.00    3.24    0.00    0.00    0.00    0.00
19:59:47     all   91.77    0.00    4.99    0.00    0.00    3.24    0.00    0.00    0.00    0.00
19:59:48     all   93.23    0.00    3.01    0.00    0.00    3.76    0.00    0.00    0.00    0.00
19:59:49     all   92.02    0.00    4.99    0.00    0.00    2.99    0.00    0.00    0.00    0.00
19:59:50     all   92.75    0.00    4.25    0.00    0.00    3.00    0.00    0.00    0.00    0.00
19:59:51     all   92.54    0.00    4.23    0.00    0.00    3.23    0.00    0.00    0.00    0.00
19:59:52     all   93.23    0.00    4.01    0.00    0.00    2.76    0.00    0.00    0.00    0.00
19:59:53     all   91.50    0.00    4.75    0.00    0.00    3.50    0.00    0.00    0.00    0.25
19:59:54     all   92.54    0.00    4.23    0.00    0.00    3.23    0.00    0.00    0.00    0.00
19:59:55     all   93.25    0.00    4.00    0.00    0.00    2.75    0.00    0.00    0.00    0.00
19:59:56     all   91.54    0.00    4.48    0.00    0.00    3.98    0.00    0.00    0.00    0.00
19:59:57     all   92.25    0.00    4.75    0.00    0.00    3.00    0.00    0.00    0.00    0.00
19:59:58     all   92.96    0.00    3.77    0.00    0.00    3.27    0.00    0.00    0.00    0.00
19:59:59     all   92.52    0.00    4.49    0.00    0.00    2.99    0.00    0.00    0.00    0.00
20:00:00     all   92.52    0.00    3.99    0.00    0.00    3.49    0.00    0.00    0.00    0.00
20:00:01     all   92.73    0.00    4.51    0.00    0.00    2.76    0.00    0.00    0.00    0.00
20:00:02     all   92.75    0.00    3.75    0.00    0.00    3.50    0.00    0.00    0.00    0.00
20:00:03     all   91.56    0.00    4.71    0.00    0.00    3.23    0.00    0.00    0.00    0.50
20:00:04     all   92.73    0.00    4.26    0.00    0.00    3.01    0.00    0.00    0.00    0.00
20:00:05     all   91.34    0.00    4.95    0.00    0.00    3.71    0.00    0.00    0.00    0.00
20:00:06     all   93.45    0.00    3.53    0.00    0.00    3.02    0.00    0.00    0.00    0.00
20:00:07     all   92.54    0.00    4.23    0.00    0.00    3.23    0.00    0.00    0.00    0.00
20:00:08     all   93.05    0.00    4.22    0.00    0.00    2.73    0.00    0.00    0.00    0.00
20:00:09     all   93.72    0.00    3.52    0.00    0.00    2.76    0.00    0.00    0.00    0.00
20:00:10     all   92.50    0.00    3.75    0.00    0.00    3.75    0.00    0.00    0.00    0.00
20:00:11     all   91.52    0.00    4.74    0.00    0.00    3.74    0.00    0.00    0.00    0.00
20:00:12     all   92.00    0.00    4.25    0.00    0.00    3.75    0.00    0.00    0.00    0.00
20:00:13     all   92.77    0.00    4.24    0.00    0.00    2.99    0.00    0.00    0.00    0.00
20:00:14     all   92.00    0.00    5.00    0.00    0.00    3.00    0.00    0.00    0.00    0.00
20:00:15     all   92.54    0.00    4.23    0.00    0.00    3.23    0.00    0.00    0.00    0.00
20:00:16     all   92.98    0.00    3.51    0.00    0.00    3.51    0.00    0.00    0.00    0.00
20:00:17     all   92.50    0.00    4.25    0.00    0.00    3.25    0.00    0.00    0.00    0.00
20:00:18     all   92.02    0.00    4.49    0.00    0.00    3.49    0.00    0.00    0.00    0.00
20:00:19     all   92.98    0.00    4.01    0.00    0.00    3.01    0.00    0.00    0.00    0.00
20:00:20     all   92.04    0.00    4.73    0.00    0.00    3.23    0.00    0.00    0.00    0.00
20:00:21     all   92.48    0.00    4.26    0.00    0.00    3.26    0.00    0.00    0.00    0.00
20:00:22     all   92.56    0.00    3.97    0.00    0.00    3.47    0.00    0.00    0.00    0.00
20:00:23     all   92.98    0.00    4.26    0.00    0.00    2.76    0.00    0.00    0.00    0.00
20:00:24     all   92.48    0.00    4.26    0.00    0.00    3.26    0.00    0.00    0.00    0.00
20:00:25     all   93.03    0.00    3.73    0.00    0.00    3.23    0.00    0.00    0.00    0.00
20:00:26     all   92.02    0.00    4.74    0.00    0.00    3.24    0.00    0.00    0.00    0.00
20:00:27     all   92.75    0.00    4.00    0.00    0.00    3.25    0.00    0.00    0.00    0.00
20:00:28     all   92.02    0.00    4.49    0.00    0.00    3.49    0.00    0.00    0.00    0.00
20:00:29     all   92.79    0.00    3.98    0.00    0.00    3.23    0.00    0.00    0.00    0.00
20:00:30     all   91.98    0.00    4.76    0.00    0.00    3.26    0.00    0.00    0.00    0.00
20:00:31     all   92.29    0.00    4.73    0.00    0.00    2.99    0.00    0.00    0.00    0.00
20:00:32     all   93.27    0.00    3.74    0.00    0.00    2.99    0.00    0.00    0.00    0.00
20:00:33     all   91.96    0.00    4.27    0.00    0.00    3.77    0.00    0.00    0.00    0.00
20:00:34     all   92.31    0.00    4.47    0.00    0.00    3.23    0.00    0.00    0.00    0.00
20:00:35     all   92.98    0.00    4.26    0.00    0.00    2.76    0.00    0.00    0.00    0.00
20:00:36     all   93.03    0.00    3.73    0.00    0.00    3.23    0.00    0.00    0.00    0.00
20:00:37     all   92.02    0.00    4.99    0.00    0.00    2.99    0.00    0.00    0.00    0.00
20:00:38     all   92.21    0.00    4.27    0.00    0.00    3.52    0.00    0.00    0.00    0.00
20:00:39     all   91.48    0.00    5.51    0.00    0.00    3.01    0.00    0.00    0.00    0.00
20:00:40     all   92.54    0.00    4.48    0.00    0.00    2.99    0.00    0.00    0.00    0.00
20:00:41     all   91.81    0.00    4.71    0.00    0.00    3.47    0.00    0.00    0.00    0.00
20:00:42     all   92.98    0.00    4.01    0.00    0.00    3.01    0.00    0.00    0.00    0.00
20:00:43     all   93.25    0.00    4.25    0.00    0.00    2.50    0.00    0.00    0.00    0.00
20:00:44     all   70.32    0.00    8.48    0.00    0.00    1.50    0.00    0.00    0.00   19.70
20:00:45     all   90.02    0.00    9.98    0.00    0.00    0.00    0.00    0.00    0.00    0.00
20:00:46     all   93.02    0.00    6.73    0.00    0.00    0.25    0.00    0.00    0.00    0.00
20:00:47     all   96.25    0.00    3.25    0.00    0.00    0.50    0.00    0.00    0.00    0.00
20:00:48     all   91.75    0.00    4.75    0.00    0.00    3.50    0.00    0.00    0.00    0.00
20:00:49     all   92.73    0.00    4.26    0.00    0.00    3.01    0.00    0.00    0.00    0.00
20:00:50     all   92.80    0.00    3.47    0.00    0.00    3.72    0.00    0.00    0.00    0.00
20:00:51     all   91.75    0.00    5.00    0.00    0.00    3.25    0.00    0.00    0.00    0.00
20:00:52     all   92.31    0.00    3.47    0.00    0.00    3.97    0.00    0.00    0.00    0.25
20:00:53     all   91.98    0.00    4.01    0.00    0.00    4.01    0.00    0.00    0.00    0.00
20:00:54     all   93.50    0.00    3.50    0.00    0.00    3.00    0.00    0.00    0.00    0.00
20:00:55     all   91.98    0.00    4.01    0.00    0.00    4.01    0.00    0.00    0.00    0.00
20:00:56     all   92.77    0.00    3.24    0.00    0.00    3.99    0.00    0.00    0.00    0.00
20:00:57     all   92.25    0.00    4.00    0.00    0.00    3.75    0.00    0.00    0.00    0.00
20:00:58     all   93.25    0.00    3.25    0.00    0.00    3.50    0.00    0.00    0.00    0.00
20:00:59     all   92.31    0.00    3.97    0.00    0.00    3.72    0.00    0.00    0.00    0.00
20:01:00     all   91.77    0.00    4.49    0.00    0.00    3.74    0.00    0.00    0.00    0.00
20:01:01     all   93.00    0.00    3.75    0.00    0.00    3.25    0.00    0.00    0.00    0.00
20:01:02     all   93.47    0.00    3.52    0.00    0.00    3.02    0.00    0.00    0.00    0.00
20:01:03     all   91.83    0.00    4.46    0.00    0.00    3.71    0.00    0.00    0.00    0.00
20:01:04     all   92.73    0.00    3.76    0.00    0.00    3.51    0.00    0.00    0.00    0.00
20:01:05     all   92.54    0.00    3.98    0.00    0.00    3.48    0.00    0.00    0.00    0.00
20:01:06     all   92.00    0.00    4.50    0.00    0.00    3.50    0.00    0.00    0.00    0.00
20:01:07     all   92.29    0.00    4.23    0.00    0.00    3.48    0.00    0.00    0.00    0.00
20:01:08     all   91.96    0.00    4.52    0.00    0.00    3.52    0.00    0.00    0.00    0.00
20:01:09     all   92.77    0.00    3.74    0.00    0.00    3.49    0.00    0.00    0.00    0.00
20:01:10     all   92.27    0.00    4.24    0.00    0.00    3.49    0.00    0.00    0.00    0.00
20:01:11     all   91.96    0.00    4.02    0.00    0.00    4.02    0.00    0.00    0.00    0.00
20:01:12     all   91.81    0.00    4.47    0.00    0.00    3.72    0.00    0.00    0.00    0.00
20:01:13     all   92.25    0.00    4.25    0.00    0.00    3.50    0.00    0.00    0.00    0.00
20:01:14     all   93.00    0.00    3.75    0.00    0.00    3.25    0.00    0.00    0.00    0.00
20:01:15     all   92.50    0.00    4.25    0.00    0.00    3.25    0.00    0.00    0.00    0.00
20:01:16     all   92.29    0.00    3.73    0.00    0.00    3.98    0.00    0.00    0.00    0.00
20:01:17     all   92.27    0.00    4.49    0.00    0.00    3.24    0.00    0.00    0.00    0.00
20:01:18     all   92.27    0.00    3.99    0.00    0.00    3.74    0.00    0.00    0.00    0.00
20:01:19     all   92.27    0.00    4.24    0.00    0.00    3.49    0.00    0.00    0.00    0.00
20:01:20     all   92.50    0.00    4.25    0.00    0.00    3.25    0.00    0.00    0.00    0.00
20:01:21     all   92.25    0.00    4.50    0.00    0.00    3.25    0.00    0.00    0.00    0.00
20:01:22     all   92.27    0.00    4.24    0.00    0.00    3.49    0.00    0.00    0.00    0.00
20:01:23     all   93.00    0.00    3.50    0.00    0.00    3.50    0.00    0.00    0.00    0.00
20:01:24     all   92.04    0.00    4.23    0.00    0.00    3.73    0.00    0.00    0.00    0.00
20:01:25     all   92.71    0.00    3.52    0.00    0.00    3.77    0.00    0.00    0.00    0.00
20:01:26     all   91.77    0.00    4.24    0.00    0.00    3.99    0.00    0.00    0.00    0.00
20:01:27     all   92.50    0.00    4.25    0.00    0.00    3.25    0.00    0.00    0.00    0.00
20:01:28     all   92.00    0.00    4.50    0.00    0.00    3.50    0.00    0.00    0.00    0.00
20:01:29     all   92.00    0.00    5.00    0.00    0.00    3.00    0.00    0.00    0.00    0.00
20:01:30     all   92.75    0.00    3.75    0.00    0.00    3.50    0.00    0.00    0.00    0.00
20:01:31     all   92.29    0.00    3.98    0.00    0.00    3.73    0.00    0.00    0.00    0.00
20:01:32     all   93.00    0.00    3.50    0.00    0.00    3.50    0.00    0.00    0.00    0.00
20:01:33     all   92.00    0.00    4.50    0.00    0.00    3.50    0.00    0.00    0.00    0.00
20:01:34     all   92.77    0.00    3.99    0.00    0.00    2.99    0.00    0.00    0.00    0.25
20:01:35     all   91.09    0.00    4.46    0.00    0.00    4.46    0.00    0.00    0.00    0.00
20:01:36     all   92.95    0.00    3.78    0.00    0.00    3.27    0.00    0.00    0.00    0.00
20:01:37     all   92.29    0.00    3.73    0.00    0.00    3.98    0.00    0.00    0.00    0.00
20:01:38     all   93.02    0.00    3.74    0.00    0.00    3.24    0.00    0.00    0.00    0.00
20:01:39     all   92.02    0.00    4.99    0.00    0.00    2.99    0.00    0.00    0.00    0.00
20:01:40     all   91.77    0.00    4.74    0.00    0.00    3.49    0.00    0.00    0.00    0.00
20:01:41     all   92.48    0.00    4.51    0.00    0.00    3.01    0.00    0.00    0.00    0.00
20:01:42     all   92.52    0.00    3.74    0.00    0.00    3.74    0.00    0.00    0.00    0.00
20:01:43     all   92.73    0.00    3.76    0.00    0.00    3.51    0.00    0.00    0.00    0.00
20:01:44     all   92.48    0.00    4.01    0.00    0.00    3.51    0.00    0.00    0.00    0.00
20:01:45     all   92.56    0.00    3.97    0.00    0.00    3.47    0.00    0.00    0.00    0.00
20:01:46     all   92.50    0.00    4.25    0.00    0.00    3.25    0.00    0.00    0.00    0.00
20:01:47     all   92.98    0.00    3.51    0.00    0.00    3.51    0.00    0.00    0.00    0.00
20:01:48     all   92.02    0.00    4.24    0.00    0.00    3.74    0.00    0.00    0.00    0.00
20:01:49     all   92.80    0.00    3.72    0.00    0.00    3.47    0.00    0.00    0.00    0.00
20:01:50     all   91.77    0.00    3.99    0.00    0.00    4.24    0.00    0.00    0.00    0.00
20:01:51     all   92.27    0.00    4.49    0.00    0.00    3.24    0.00    0.00    0.00    0.00
20:01:52     all   92.52    0.00    3.49    0.00    0.00    3.99    0.00    0.00    0.00    0.00
20:01:53     all   93.25    0.00    4.00    0.00    0.00    2.75    0.00    0.00    0.00    0.00
20:01:54     all   92.23    0.00    4.26    0.00    0.00    3.51    0.00    0.00    0.00    0.00
20:01:55     all   93.05    0.00    3.47    0.00    0.00    3.47    0.00    0.00    0.00    0.00
20:01:56     all   92.48    0.00    3.76    0.00    0.00    3.76    0.00    0.00    0.00    0.00
20:01:57     all   92.71    0.00    4.02    0.00    0.00    3.27    0.00    0.00    0.00    0.00
20:01:58     all   92.56    0.00    3.97    0.00    0.00    3.47    0.00    0.00    0.00    0.00
20:01:59     all   92.25    0.00    4.25    0.00    0.00    3.50    0.00    0.00    0.00    0.00
20:02:00     all   92.48    0.00    4.01    0.00    0.00    3.51    0.00    0.00    0.00    0.00
20:02:01     all   91.81    0.00    4.22    0.00    0.00    3.97    0.00    0.00    0.00    0.00
20:02:02     all   92.73    0.00    4.01    0.00    0.00    3.26    0.00    0.00    0.00    0.00
20:02:03     all   92.04    0.00    4.23    0.00    0.00    3.73    0.00    0.00    0.00    0.00
20:02:04     all   93.00    0.00    4.00    0.00    0.00    3.00    0.00    0.00    0.00    0.00
20:02:05     all   92.50    0.00    3.75    0.00    0.00    3.75    0.00    0.00    0.00    0.00
20:02:06     all   92.71    0.00    3.77    0.00    0.00    3.52    0.00    0.00    0.00    0.00
20:02:07     all   91.75    0.00    4.75    0.00    0.00    3.50    0.00    0.00    0.00    0.00
20:02:08     all   92.52    0.00    3.74    0.00    0.00    3.74    0.00    0.00    0.00    0.00
20:02:09     all   91.79    0.00    3.98    0.00    0.00    4.23    0.00    0.00    0.00    0.00
20:02:10     all   92.71    0.00    3.77    0.00    0.00    3.52    0.00    0.00    0.00    0.00
20:02:11     all   91.81    0.00    3.97    0.00    0.00    4.22    0.00    0.00    0.00    0.00
20:02:12     all   92.73    0.00    4.01    0.00    0.00    3.26    0.00    0.00    0.00    0.00
20:02:13     all   92.04    0.00    4.23    0.00    0.00    3.73    0.00    0.00    0.00    0.00
20:02:14     all   92.00    0.00    4.25    0.00    0.00    3.75    0.00    0.00    0.00    0.00
20:02:15     all   92.48    0.00    3.76    0.00    0.00    3.76    0.00    0.00    0.00    0.00
20:02:16     all   92.73    0.00    4.01    0.00    0.00    3.26    0.00    0.00    0.00    0.00
20:02:17     all   92.54    0.00    3.73    0.00    0.00    3.73    0.00    0.00    0.00    0.00
20:02:18     all   92.77    0.00    3.99    0.00    0.00    3.24    0.00    0.00    0.00    0.00
20:02:19     all   92.50    0.00    3.75    0.00    0.00    3.75    0.00    0.00    0.00    0.00
20:02:20     all   91.56    0.00    4.71    0.00    0.00    3.72    0.00    0.00    0.00    0.00
20:02:21     all   93.45    0.00    3.53    0.00    0.00    3.02    0.00    0.00    0.00    0.00
20:02:22     all   91.98    0.00    4.26    0.00    0.00    3.76    0.00    0.00    0.00    0.00
20:02:23     all   91.54    0.00    3.98    0.00    0.00    4.23    0.00    0.00    0.00    0.25
20:02:24     all   93.25    0.00    3.75    0.00    0.00    3.00    0.00    0.00    0.00    0.00
20:02:25     all   92.31    0.00    3.97    0.00    0.00    3.72    0.00    0.00    0.00    0.00
20:02:26     all   91.98    0.00    4.26    0.00    0.00    3.76    0.00    0.00    0.00    0.00
20:02:27     all   92.50    0.00    3.75    0.00    0.00    3.75    0.00    0.00    0.00    0.00
20:02:28     all   92.98    0.00    4.01    0.00    0.00    3.01    0.00    0.00    0.00    0.00
20:02:29     all   93.53    0.00    3.23    0.00    0.00    3.23    0.00    0.00    0.00    0.00
20:02:30     all   92.27    0.00    3.99    0.00    0.00    3.74    0.00    0.00    0.00    0.00
20:02:31     all   93.72    0.00    3.02    0.00    0.00    3.27    0.00    0.00    0.00    0.00
20:02:32     all   92.04    0.00    3.98    0.00    0.00    3.98    0.00    0.00    0.00    0.00
20:02:33     all   91.77    0.00    4.24    0.00    0.00    3.99    0.00    0.00    0.00    0.00
20:02:34     all   92.27    0.00    3.74    0.00    0.00    3.99    0.00    0.00    0.00    0.00
20:02:35     all   92.56    0.00    4.22    0.00    0.00    3.23    0.00    0.00    0.00    0.00
20:02:36     all   91.98    0.00    4.26    0.00    0.00    3.76    0.00    0.00    0.00    0.00
20:02:37     all   92.77    0.00    3.99    0.00    0.00    3.24    0.00    0.00    0.00    0.00
20:02:38     all   93.00    0.00    3.75    0.00    0.00    3.25    0.00    0.00    0.00    0.00
20:02:39     all   90.82    0.00    5.21    0.00    0.00    3.97    0.00    0.00    0.00    0.00
20:02:40     all   92.00    0.00    4.00    0.00    0.00    4.00    0.00    0.00    0.00    0.00
20:02:41     all   93.02    0.00    3.74    0.00    0.00    3.24    0.00    0.00    0.00    0.00
20:02:42     all   92.25    0.00    4.00    0.00    0.00    3.75    0.00    0.00    0.00    0.00
20:02:43     all   92.77    0.00    3.74    0.00    0.00    3.49    0.00    0.00    0.00    0.00
20:02:44     all   91.77    0.00    3.99    0.00    0.00    4.24    0.00    0.00    0.00    0.00
20:02:45     all   92.52    0.00    3.74    0.00    0.00    3.74    0.00    0.00    0.00    0.00
20:02:46     all   91.79    0.00    3.73    0.00    0.00    4.48    0.00    0.00    0.00    0.00
20:02:47     all   91.96    0.00    4.02    0.00    0.00    4.02    0.00    0.00    0.00    0.00
20:02:48     all   91.81    0.00    4.47    0.00    0.00    3.72    0.00    0.00    0.00    0.00
20:02:49     all   93.45    0.00    3.53    0.00    0.00    3.02    0.00    0.00    0.00    0.00
20:02:50     all   91.58    0.00    4.46    0.00    0.00    3.96    0.00    0.00    0.00    0.00
20:02:51     all   92.70    0.00    4.03    0.00    0.00    3.27    0.00    0.00    0.00    0.00
20:02:52     all   92.52    0.00    3.99    0.00    0.00    3.49    0.00    0.00    0.00    0.00
20:02:53     all   91.79    0.00    4.48    0.00    0.00    3.73    0.00    0.00    0.00    0.00
20:02:54     all   92.52    0.00    3.74    0.00    0.00    3.74    0.00    0.00    0.00    0.00
20:02:55     all   92.48    0.00    3.51    0.00    0.00    4.01    0.00    0.00    0.00    0.00
20:02:56     all   91.56    0.00    4.47    0.00    0.00    3.97    0.00    0.00    0.00    0.00
20:02:57     all   92.25    0.00    4.00    0.00    0.00    3.75    0.00    0.00    0.00    0.00
20:02:58     all   92.73    0.00    3.51    0.00    0.00    3.76    0.00    0.00    0.00    0.00
20:02:59     all   93.00    0.00    3.50    0.00    0.00    3.50    0.00    0.00    0.00    0.00
20:03:00     all   92.79    0.00    3.98    0.00    0.00    3.23    0.00    0.00    0.00    0.00
20:03:01     all   91.04    0.00    4.73    0.00    0.00    4.23    0.00    0.00    0.00    0.00
20:03:02     all   93.00    0.00    3.50    0.00    0.00    3.50    0.00    0.00    0.00    0.00
20:03:03     all   91.79    0.00    4.48    0.00    0.00    3.73    0.00    0.00    0.00    0.00
20:03:04     all   93.22    0.00    3.77    0.00    0.00    3.02    0.00    0.00    0.00    0.00
20:03:05     all   93.02    0.00    3.49    0.00    0.00    3.49    0.00    0.00    0.00    0.00
20:03:06     all   92.75    0.00    3.25    0.00    0.00    4.00    0.00    0.00    0.00    0.00
20:03:07     all   92.52    0.00    3.99    0.00    0.00    3.49    0.00    0.00    0.00    0.00
20:03:08     all   92.96    0.00    4.02    0.00    0.00    3.02    0.00    0.00    0.00    0.00
20:03:09     all   92.29    0.00    4.23    0.00    0.00    3.48    0.00    0.00    0.00    0.00
20:03:10     all   92.48    0.00    3.51    0.00    0.00    4.01    0.00    0.00    0.00    0.00
20:03:11     all   92.04    0.00    4.48    0.00    0.00    3.48    0.00    0.00    0.00    0.00
20:03:12     all   92.52    0.00    3.99    0.00    0.00    3.49    0.00    0.00    0.00    0.00
20:03:13     all   92.44    0.00    4.53    0.00    0.00    3.02    0.00    0.00    0.00    0.00
20:03:14     all   91.79    0.00    3.98    0.00    0.00    4.23    0.00    0.00    0.00    0.00
20:03:15     all   93.02    0.00    3.74    0.00    0.00    3.24    0.00    0.00    0.00    0.00
20:03:16     all   92.25    0.00    4.00    0.00    0.00    3.75    0.00    0.00    0.00    0.00
20:03:17     all   92.25    0.00    4.00    0.00    0.00    3.75    0.00    0.00    0.00    0.00
20:03:18     all   93.00    0.00    3.75    0.00    0.00    3.25    0.00    0.00    0.00    0.00
20:03:19     all   91.98    0.00    4.51    0.00    0.00    3.51    0.00    0.00    0.00    0.00
20:03:20     all   91.81    0.00    4.47    0.00    0.00    3.72    0.00    0.00    0.00    0.00
20:03:21     all   92.80    0.00    3.72    0.00    0.00    3.47    0.00    0.00    0.00    0.00
20:03:22     all   92.23    0.00    4.01    0.00    0.00    3.76    0.00    0.00    0.00    0.00
20:03:23     all   91.79    0.00    4.23    0.00    0.00    3.98    0.00    0.00    0.00    0.00
20:03:24     all   92.29    0.00    4.23    0.00    0.00    3.48    0.00    0.00    0.00    0.00
20:03:25     all   92.25    0.00    4.50    0.00    0.00    3.25    0.00    0.00    0.00    0.00
20:03:26     all   92.00    0.00    4.00    0.00    0.00    4.00    0.00    0.00    0.00    0.00
20:03:27     all   92.75    0.00    3.75    0.00    0.00    3.50    0.00    0.00    0.00    0.00
20:03:28     all   92.00    0.00    4.25    0.00    0.00    3.75    0.00    0.00    0.00    0.00
20:03:29     all   92.80    0.00    3.97    0.00    0.00    3.23    0.00    0.00    0.00    0.00
20:03:30     all   92.71    0.00    3.77    0.00    0.00    3.52    0.00    0.00    0.00    0.00
20:03:31     all   92.25    0.00    4.25    0.00    0.00    3.50    0.00    0.00    0.00    0.00
20:03:32     all   92.77    0.00    3.49    0.00    0.00    3.74    0.00    0.00    0.00    0.00
20:03:33     all   92.75    0.00    4.00    0.00    0.00    3.00    0.00    0.00    0.00    0.25
20:03:34     all   91.83    0.00    4.70    0.00    0.00    3.47    0.00    0.00    0.00    0.00
20:03:35     all   92.21    0.00    4.27    0.00    0.00    3.52    0.00    0.00    0.00    0.00
20:03:36     all   92.04    0.00    4.23    0.00    0.00    3.73    0.00    0.00    0.00    0.00
20:03:37     all   92.04    0.00    3.98    0.00    0.00    3.98    0.00    0.00    0.00    0.00
20:03:38     all   92.19    0.00    4.53    0.00    0.00    3.27    0.00    0.00    0.00    0.00
20:03:39     all   91.04    0.00    5.22    0.00    0.00    3.48    0.00    0.00    0.00    0.25
20:03:40     all   92.79    0.00    3.73    0.00    0.00    3.48    0.00    0.00    0.00    0.00
20:03:41     all   93.22    0.00    3.27    0.00    0.00    3.52    0.00    0.00    0.00    0.00
20:03:42     all   92.06    0.00    4.47    0.00    0.00    3.47    0.00    0.00    0.00    0.00
20:03:43     all   91.73    0.00    5.26    0.00    0.00    3.01    0.00    0.00    0.00    0.00
20:03:44     all   92.27    0.00    3.99    0.00    0.00    3.74    0.00    0.00    0.00    0.00
20:03:45     all   93.52    0.00    3.74    0.00    0.00    2.74    0.00    0.00    0.00    0.00
20:03:46     all   91.77    0.00    4.74    0.00    0.00    3.49    0.00    0.00    0.00    0.00
20:03:47     all   93.50    0.00    3.25    0.00    0.00    3.25    0.00    0.00    0.00    0.00
20:03:48     all   92.00    0.00    4.25    0.00    0.00    3.75    0.00    0.00    0.00    0.00
20:03:49     all   92.00    0.00    4.50    0.00    0.00    3.50    0.00    0.00    0.00    0.00
20:03:50     all   92.73    0.00    3.51    0.00    0.00    3.76    0.00    0.00    0.00    0.00
20:03:51     all   93.03    0.00    3.48    0.00    0.00    3.48    0.00    0.00    0.00    0.00
20:03:52     all   92.00    0.00    4.00    0.00    0.00    4.00    0.00    0.00    0.00    0.00
20:03:53     all   92.52    0.00    4.24    0.00    0.00    3.24    0.00    0.00    0.00    0.00
20:03:54     all   92.98    0.00    3.51    0.00    0.00    3.51    0.00    0.00    0.00    0.00
20:03:55     all   92.77    0.00    3.49    0.00    0.00    3.74    0.00    0.00    0.00    0.00
20:03:56     all   92.71    0.00    3.77    0.00    0.00    3.52    0.00    0.00    0.00    0.00
20:03:57     all   92.33    0.00    3.71    0.00    0.00    3.96    0.00    0.00    0.00    0.00
20:03:58     all   92.23    0.00    3.51    0.00    0.00    4.26    0.00    0.00    0.00    0.00
20:03:59     all   92.27    0.00    3.99    0.00    0.00    3.74    0.00    0.00    0.00    0.00
20:04:00     all   93.02    0.00    3.49    0.00    0.00    3.49    0.00    0.00    0.00    0.00
20:04:01     all   93.23    0.00    3.51    0.00    0.00    3.26    0.00    0.00    0.00    0.00
20:04:02     all   91.98    0.00    4.01    0.00    0.00    4.01    0.00    0.00    0.00    0.00
20:04:03     all   91.83    0.00    4.46    0.00    0.00    3.71    0.00    0.00    0.00    0.00
20:04:04     all   92.73    0.00    3.76    0.00    0.00    3.51    0.00    0.00    0.00    0.00
20:04:05     all   92.48    0.00    3.51    0.00    0.00    4.01    0.00    0.00    0.00    0.00
20:04:06     all   92.02    0.00    4.24    0.00    0.00    3.74    0.00    0.00    0.00    0.00
20:04:07     all   92.04    0.00    3.98    0.00    0.00    3.98    0.00    0.00    0.00    0.00
20:04:08     all   92.29    0.00    3.98    0.00    0.00    3.73    0.00    0.00    0.00    0.00
20:04:09     all   92.75    0.00    3.50    0.00    0.00    3.75    0.00    0.00    0.00    0.00
20:04:10     all   92.75    0.00    3.75    0.00    0.00    3.50    0.00    0.00    0.00    0.00
20:04:11     all   92.04    0.00    3.73    0.00    0.00    4.23    0.00    0.00    0.00    0.00
20:04:12     all   92.25    0.00    3.75    0.00    0.00    4.00    0.00    0.00    0.00    0.00
20:04:13     all   93.00    0.00    3.25    0.00    0.00    3.75    0.00    0.00    0.00    0.00
20:04:14     all   92.00    0.00    4.25    0.00    0.00    3.75    0.00    0.00    0.00    0.00
20:04:15     all   92.75    0.00    3.75    0.00    0.00    3.50    0.00    0.00    0.00    0.00
20:04:16     all   92.52    0.00    3.74    0.00    0.00    3.74    0.00    0.00    0.00    0.00
20:04:17     all   93.00    0.00    3.50    0.00    0.00    3.50    0.00    0.00    0.00    0.00
20:04:18     all   92.27    0.00    4.24    0.00    0.00    3.49    0.00    0.00    0.00    0.00
20:04:19     all   92.73    0.00    3.01    0.00    0.00    4.26    0.00    0.00    0.00    0.00
20:04:20     all   91.79    0.00    4.73    0.00    0.00    3.48    0.00    0.00    0.00    0.00
20:04:21     all   92.50    0.00    4.25    0.00    0.00    3.25    0.00    0.00    0.00    0.00
20:04:22     all   92.29    0.00    4.48    0.00    0.00    3.23    0.00    0.00    0.00    0.00
20:04:23     all   93.00    0.00    3.75    0.00    0.00    3.25    0.00    0.00    0.00    0.00
20:04:24     all   92.71    0.00    3.77    0.00    0.00    3.52    0.00    0.00    0.00    0.00
20:04:25     all   92.80    0.00    3.72    0.00    0.00    3.47    0.00    0.00    0.00    0.00
20:04:26     all   93.52    0.00    2.99    0.00    0.00    3.49    0.00    0.00    0.00    0.00
20:04:27     all   92.27    0.00    4.24    0.00    0.00    3.49    0.00    0.00    0.00    0.00
20:04:28     all   92.98    0.00    3.51    0.00    0.00    3.51    0.00    0.00    0.00    0.00
20:04:29     all   91.79    0.00    4.48    0.00    0.00    3.73    0.00    0.00    0.00    0.00
20:04:30     all   92.75    0.00    3.50    0.00    0.00    3.75    0.00    0.00    0.00    0.00
20:04:31     all   92.75    0.00    3.75    0.00    0.00    3.50    0.00    0.00    0.00    0.00
20:04:32     all   92.27    0.00    3.99    0.00    0.00    3.74    0.00    0.00    0.00    0.00
20:04:33     all   92.46    0.00    3.77    0.00    0.00    3.77    0.00    0.00    0.00    0.00
20:04:34     all   91.58    0.00    4.46    0.00    0.00    3.96    0.00    0.00    0.00    0.00
20:04:35     all   93.70    0.00    3.27    0.00    0.00    3.02    0.00    0.00    0.00    0.00
20:04:36     all   92.52    0.00    3.99    0.00    0.00    3.49    0.00    0.00    0.00    0.00
20:04:37     all   92.04    0.00    4.23    0.00    0.00    3.73    0.00    0.00    0.00    0.00
20:04:38     all   91.73    0.00    4.76    0.00    0.00    3.51    0.00    0.00    0.00    0.00
20:04:39     all   91.79    0.00    4.23    0.00    0.00    3.73    0.00    0.00    0.00    0.25
20:04:40     all   92.80    0.00    3.72    0.00    0.00    3.47    0.00    0.00    0.00    0.00
20:04:41     all   93.00    0.00    3.50    0.00    0.00    3.50    0.00    0.00    0.00    0.00
20:04:42     all   92.29    0.00    4.23    0.00    0.00    3.48    0.00    0.00    0.00    0.00
20:04:43     all   92.48    0.00    4.01    0.00    0.00    3.51    0.00    0.00    0.00    0.00
20:04:44     all   93.02    0.00    3.49    0.00    0.00    3.49    0.00    0.00    0.00    0.00
20:04:45     all   93.02    0.00    3.74    0.00    0.00    3.24    0.00    0.00    0.00    0.00
20:04:46     all   92.77    0.00    3.74    0.00    0.00    3.49    0.00    0.00    0.00    0.00
20:04:47     all   92.27    0.00    4.24    0.00    0.00    3.49    0.00    0.00    0.00    0.00
20:04:48     all   92.77    0.00    3.49    0.00    0.00    3.74    0.00    0.00    0.00    0.00
20:04:49     all   92.46    0.00    4.27    0.00    0.00    3.27    0.00    0.00    0.00    0.00
20:04:50     all   92.75    0.00    3.75    0.00    0.00    3.50    0.00    0.00    0.00    0.00
20:04:51     all   92.52    0.00    3.74    0.00    0.00    3.74    0.00    0.00    0.00    0.00
20:04:52     all   92.00    0.00    4.25    0.00    0.00    3.75    0.00    0.00    0.00    0.00
20:04:53     all   92.06    0.00    4.71    0.00    0.00    3.23    0.00    0.00    0.00    0.00
20:04:54     all   92.95    0.00    3.53    0.00    0.00    3.53    0.00    0.00    0.00    0.00
20:04:55     all   91.58    0.00    3.96    0.00    0.00    4.46    0.00    0.00    0.00    0.00
20:04:56     all   92.48    0.00    4.01    0.00    0.00    3.51    0.00    0.00    0.00    0.00
20:04:57     all   92.04    0.00    4.23    0.00    0.00    3.73    0.00    0.00    0.00    0.00
20:04:58     all   93.53    0.00    3.48    0.00    0.00    2.99    0.00    0.00    0.00    0.00
20:04:59     all   92.75    0.00    3.25    0.00    0.00    4.00    0.00    0.00    0.00    0.00
20:05:00     all   92.52    0.00    3.99    0.00    0.00    3.49    0.00    0.00    0.00    0.00
20:05:01     all   92.79    0.00    3.48    0.00    0.00    3.73    0.00    0.00    0.00    0.00
20:05:02     all   91.71    0.00    4.52    0.00    0.00    3.77    0.00    0.00    0.00    0.00
20:05:03     all   92.04    0.00    4.48    0.00    0.00    3.48    0.00    0.00    0.00    0.00
20:05:04     all   92.98    0.00    3.76    0.00    0.00    3.26    0.00    0.00    0.00    0.00
20:05:05     all   92.23    0.00    4.26    0.00    0.00    3.51    0.00    0.00    0.00    0.00
20:05:06     all   92.52    0.00    3.74    0.00    0.00    3.74    0.00    0.00    0.00    0.00
20:05:07     all   92.75    0.00    4.00    0.00    0.00    3.25    0.00    0.00    0.00    0.00
20:05:08     all   92.27    0.00    3.99    0.00    0.00    3.74    0.00    0.00    0.00    0.00
20:05:09     all   92.27    0.00    3.99    0.00    0.00    3.74    0.00    0.00    0.00    0.00
20:05:10     all   92.35    0.00    3.46    0.00    0.00    4.20    0.00    0.00    0.00    0.00
20:05:11     all   92.25    0.00    3.50    0.00    0.00    4.25    0.00    0.00    0.00    0.00
20:05:12     all   92.98    0.00    3.76    0.00    0.00    3.26    0.00    0.00    0.00    0.00
20:05:13     all   92.57    0.00    3.96    0.00    0.00    3.47    0.00    0.00    0.00    0.00
20:05:14     all   92.54    0.00    3.98    0.00    0.00    3.48    0.00    0.00    0.00    0.00
20:05:15     all   92.25    0.00    3.75    0.00    0.00    4.00    0.00    0.00    0.00    0.00
20:05:16     all   93.02    0.00    3.74    0.00    0.00    3.24    0.00    0.00    0.00    0.00
20:05:17     all   91.98    0.00    4.26    0.00    0.00    3.76    0.00    0.00    0.00    0.00
20:05:18     all   93.25    0.00    3.50    0.00    0.00    3.25    0.00    0.00    0.00    0.00
20:05:19     all   92.79    0.00    3.98    0.00    0.00    3.23    0.00    0.00    0.00    0.00
20:05:20     all   92.00    0.00    4.00    0.00    0.00    4.00    0.00    0.00    0.00    0.00
20:05:21     all   92.54    0.00    3.73    0.00    0.00    3.73    0.00    0.00    0.00    0.00
20:05:22     all   93.02    0.00    3.74    0.00    0.00    3.24    0.00    0.00    0.00    0.00
20:05:23     all   92.75    0.00    4.00    0.00    0.00    3.25    0.00    0.00    0.00    0.00
20:05:24     all   92.04    0.00    3.98    0.00    0.00    3.98    0.00    0.00    0.00    0.00
20:05:25     all   92.77    0.00    3.74    0.00    0.00    3.49    0.00    0.00    0.00    0.00
20:05:26     all   92.73    0.00    4.01    0.00    0.00    3.26    0.00    0.00    0.00    0.00
20:05:27     all   92.54    0.00    3.98    0.00    0.00    3.48    0.00    0.00    0.00    0.00
20:05:28     all   92.73    0.00    3.76    0.00    0.00    3.51    0.00    0.00    0.00    0.00
20:05:29     all   93.28    0.00    3.23    0.00    0.00    3.48    0.00    0.00    0.00    0.00
20:05:30     all   92.48    0.00    4.01    0.00    0.00    3.51    0.00    0.00    0.00    0.00
20:05:31     all   92.27    0.00    3.74    0.00    0.00    3.99    0.00    0.00    0.00    0.00
20:05:32     all   92.77    0.00    3.99    0.00    0.00    3.24    0.00    0.00    0.00    0.00
20:05:33     all   92.48    0.00    4.01    0.00    0.00    3.51    0.00    0.00    0.00    0.00
20:05:34     all   92.27    0.00    4.49    0.00    0.00    3.24    0.00    0.00    0.00    0.00
20:05:35     all   92.29    0.00    3.98    0.00    0.00    3.73    0.00    0.00    0.00    0.00
20:05:36     all   93.48    0.00    3.01    0.00    0.00    3.51    0.00    0.00    0.00    0.00
20:05:37     all   91.77    0.00    3.99    0.00    0.00    4.24    0.00    0.00    0.00    0.00
20:05:38     all   90.98    0.00    5.26    0.00    0.00    3.76    0.00    0.00    0.00    0.00
20:05:39     all   92.50    0.00    4.00    0.00    0.00    3.50    0.00    0.00    0.00    0.00
20:05:40     all   93.02    0.00    3.99    0.00    0.00    2.99    0.00    0.00    0.00    0.00
20:05:41     all   92.25    0.00    4.00    0.00    0.00    3.75    0.00    0.00    0.00    0.00
20:05:42     all   92.59    0.00    3.95    0.00    0.00    3.21    0.00    0.00    0.00    0.25
20:05:43     all   92.77    0.00    3.74    0.00    0.00    3.49    0.00    0.00    0.00    0.00
20:05:44     all   92.75    0.00    3.50    0.00    0.00    3.75    0.00    0.00    0.00    0.00
20:05:45     all   91.81    0.00    3.97    0.00    0.00    4.22    0.00    0.00    0.00    0.00
20:05:46     all   92.95    0.00    3.78    0.00    0.00    3.27    0.00    0.00    0.00    0.00
20:05:47     all   92.54    0.00    3.98    0.00    0.00    3.48    0.00    0.00    0.00    0.00
20:05:48     all   92.73    0.00    3.51    0.00    0.00    3.76    0.00    0.00    0.00    0.00
20:05:49     all   92.56    0.00    3.97    0.00    0.00    3.47    0.00    0.00    0.00    0.00
20:05:50     all   92.56    0.00    3.72    0.00    0.00    3.72    0.00    0.00    0.00    0.00
20:05:51     all   92.73    0.00    4.26    0.00    0.00    3.01    0.00    0.00    0.00    0.00
20:05:52     all   92.52    0.00    3.74    0.00    0.00    3.74    0.00    0.00    0.00    0.00
20:05:53     all   92.46    0.00    4.27    0.00    0.00    3.27    0.00    0.00    0.00    0.00
20:05:54     all   92.08    0.00    3.96    0.00    0.00    3.96    0.00    0.00    0.00    0.00
20:05:55     all   93.47    0.00    3.52    0.00    0.00    3.02    0.00    0.00    0.00    0.00
20:05:56     all   92.52    0.00    3.99    0.00    0.00    3.49    0.00    0.00    0.00    0.00
20:05:57     all   93.03    0.00    3.48    0.00    0.00    3.48    0.00    0.00    0.00    0.00
20:05:58     all   92.46    0.00    3.77    0.00    0.00    3.77    0.00    0.00    0.00    0.00
20:05:59     all   91.79    0.00    4.48    0.00    0.00    3.73    0.00    0.00    0.00    0.00
20:06:00     all   92.75    0.00    3.00    0.00    0.00    4.25    0.00    0.00    0.00    0.00
20:06:01     all   92.04    0.00    4.23    0.00    0.00    3.73    0.00    0.00    0.00    0.00
20:06:02     all   93.00    0.00    3.75    0.00    0.00    3.25    0.00    0.00    0.00    0.00
20:06:03     all   92.79    0.00    3.23    0.00    0.00    3.98    0.00    0.00    0.00    0.00
20:06:04     all   93.22    0.00    3.77    0.00    0.00    3.02    0.00    0.00    0.00    0.00
20:06:05     all   92.31    0.00    4.22    0.00    0.00    3.47    0.00    0.00    0.00    0.00
20:06:06     all   92.29    0.00    4.23    0.00    0.00    3.48    0.00    0.00    0.00    0.00
20:06:07     all   92.48    0.00    3.76    0.00    0.00    3.76    0.00    0.00    0.00    0.00
20:06:08     all   92.50    0.00    4.00    0.00    0.00    3.50    0.00    0.00    0.00    0.00
20:06:09     all   91.77    0.00    4.49    0.00    0.00    3.74    0.00    0.00    0.00    0.00
20:06:10     all   92.73    0.00    4.26    0.00    0.00    3.01    0.00    0.00    0.00    0.00
20:06:11     all   92.77    0.00    3.49    0.00    0.00    3.49    0.00    0.00    0.00    0.25
20:06:12     all   91.29    0.00    4.98    0.00    0.00    3.73    0.00    0.00    0.00    0.00
20:06:13     all   92.00    0.00    3.75    0.00    0.00    4.25    0.00    0.00    0.00    0.00
20:06:14     all   91.98    0.00    4.51    0.00    0.00    3.51    0.00    0.00    0.00    0.00
20:06:15     all   92.06    0.00    4.71    0.00    0.00    3.23    0.00    0.00    0.00    0.00
20:06:16     all   92.73    0.00    3.26    0.00    0.00    4.01    0.00    0.00    0.00    0.00
20:06:17     all   92.50    0.00    4.00    0.00    0.00    3.50    0.00    0.00    0.00    0.00
20:06:18     all   92.27    0.00    4.74    0.00    0.00    2.99    0.00    0.00    0.00    0.00
20:06:19     all   92.52    0.00    4.24    0.00    0.00    3.24    0.00    0.00    0.00    0.00
20:06:20     all   92.21    0.00    4.52    0.00    0.00    3.27    0.00    0.00    0.00    0.00
20:06:21     all   92.29    0.00    3.98    0.00    0.00    3.73    0.00    0.00    0.00    0.00
20:06:22     all   92.25    0.00    4.00    0.00    0.00    3.75    0.00    0.00    0.00    0.00
20:06:23     all   92.50    0.00    3.75    0.00    0.00    3.75    0.00    0.00    0.00    0.00
20:06:24     all   92.02    0.00    4.74    0.00    0.00    3.24    0.00    0.00    0.00    0.00
20:06:25     all   92.31    0.00    3.72    0.00    0.00    3.97    0.00    0.00    0.00    0.00
20:06:26     all   93.00    0.00    3.50    0.00    0.00    3.50    0.00    0.00    0.00    0.00
20:06:27     all   92.71    0.00    3.77    0.00    0.00    3.52    0.00    0.00    0.00    0.00
20:06:28     all   92.31    0.00    3.97    0.00    0.00    3.72    0.00    0.00    0.00    0.00
20:06:29     all   92.50    0.00    3.50    0.00    0.00    4.00    0.00    0.00    0.00    0.00
20:06:30     all   92.06    0.00    3.72    0.00    0.00    4.22    0.00    0.00    0.00    0.00
20:06:31     all   92.73    0.00    3.76    0.00    0.00    3.51    0.00    0.00    0.00    0.00
20:06:32     all   92.75    0.00    4.00    0.00    0.00    3.25    0.00    0.00    0.00    0.00
20:06:33     all   91.79    0.00    3.98    0.00    0.00    4.23    0.00    0.00    0.00    0.00
20:06:34     all   92.73    0.00    3.76    0.00    0.00    3.51    0.00    0.00    0.00    0.00
20:06:35     all   91.77    0.00    4.49    0.00    0.00    3.74    0.00    0.00    0.00    0.00
20:06:36     all   93.03    0.00    3.48    0.00    0.00    3.48    0.00    0.00    0.00    0.00
20:06:37     all   92.27    0.00    4.24    0.00    0.00    3.49    0.00    0.00    0.00    0.00
20:06:38     all   90.98    0.00    5.51    0.00    0.00    3.51    0.00    0.00    0.00    0.00
20:06:39     all   92.33    0.00    3.71    0.00    0.00    3.96    0.00    0.00    0.00    0.00
20:06:40     all   92.23    0.00    4.01    0.00    0.00    3.76    0.00    0.00    0.00    0.00
20:06:41     all   92.77    0.00    3.74    0.00    0.00    3.49    0.00    0.00    0.00    0.00
20:06:42     all   92.27    0.00    4.24    0.00    0.00    3.49    0.00    0.00    0.00    0.00
20:06:43     all   92.23    0.00    4.51    0.00    0.00    3.26    0.00    0.00    0.00    0.00
20:06:44     all   92.02    0.00    4.24    0.00    0.00    3.74    0.00    0.00    0.00    0.00
20:06:45     all   92.46    0.00    4.27    0.00    0.00    3.27    0.00    0.00    0.00    0.00
20:06:46     all   92.52    0.00    3.74    0.00    0.00    3.74    0.00    0.00    0.00    0.00
20:06:47     all   91.81    0.00    4.96    0.00    0.00    3.23    0.00    0.00    0.00    0.00
20:06:48     all   92.29    0.00    3.98    0.00    0.00    3.73    0.00    0.00    0.00    0.00
20:06:49     all   93.00    0.00    3.25    0.00    0.00    3.75    0.00    0.00    0.00    0.00
20:06:50     all   92.98    0.00    3.76    0.00    0.00    3.26    0.00    0.00    0.00    0.00
20:06:51     all   93.02    0.00    3.74    0.00    0.00    3.24    0.00    0.00    0.00    0.00
20:06:52     all   92.25    0.00    4.25    0.00    0.00    3.50    0.00    0.00    0.00    0.00
20:06:53     all   92.80    0.00    3.72    0.00    0.00    3.47    0.00    0.00    0.00    0.00
20:06:54     all   92.46    0.00    4.02    0.00    0.00    3.52    0.00    0.00    0.00    0.00
20:06:55     all   91.83    0.00    4.70    0.00    0.00    3.47    0.00    0.00    0.00    0.00
20:06:56     all   92.79    0.00    3.73    0.00    0.00    3.48    0.00    0.00    0.00    0.00
20:06:57     all   93.00    0.00    3.50    0.00    0.00    3.50    0.00    0.00    0.00    0.00
20:06:58     all   92.52    0.00    4.24    0.00    0.00    3.24    0.00    0.00    0.00    0.00
20:06:59     all   92.77    0.00    3.74    0.00    0.00    3.49    0.00    0.00    0.00    0.00
20:07:00     all   91.56    0.00    4.47    0.00    0.00    3.97    0.00    0.00    0.00    0.00
20:07:01     all   92.75    0.00    4.00    0.00    0.00    3.25    0.00    0.00    0.00    0.00
20:07:02     all   91.98    0.00    4.01    0.00    0.00    4.01    0.00    0.00    0.00    0.00
20:07:03     all   92.31    0.00    4.22    0.00    0.00    3.47    0.00    0.00    0.00    0.00
20:07:04     all   92.00    0.00    4.00    0.00    0.00    4.00    0.00    0.00    0.00    0.00
20:07:05     all   93.23    0.00    3.51    0.00    0.00    3.26    0.00    0.00    0.00    0.00
20:07:06     all   92.29    0.00    3.98    0.00    0.00    3.73    0.00    0.00    0.00    0.00
20:07:07     all   91.96    0.00    5.03    0.00    0.00    3.02    0.00    0.00    0.00    0.00
20:07:08     all   93.28    0.00    3.73    0.00    0.00    2.99    0.00    0.00    0.00    0.00
20:07:09     all   92.04    0.00    4.23    0.00    0.00    3.73    0.00    0.00    0.00    0.00
20:07:10     all   92.29    0.00    3.98    0.00    0.00    3.48    0.00    0.00    0.00    0.25
20:07:11     all   92.25    0.00    3.75    0.00    0.00    4.00    0.00    0.00    0.00    0.00
20:07:12     all   92.25    0.00    4.00    0.00    0.00    3.75    0.00    0.00    0.00    0.00
20:07:13     all   92.48    0.00    4.26    0.00    0.00    3.26    0.00    0.00    0.00    0.00
20:07:14     all   92.77    0.00    3.99    0.00    0.00    3.24    0.00    0.00    0.00    0.00
20:07:15     all   92.77    0.00    3.99    0.00    0.00    3.24    0.00    0.00    0.00    0.00
20:07:16     all   91.79    0.00    4.98    0.00    0.00    3.23    0.00    0.00    0.00    0.00
20:07:17     all   91.75    0.00    3.75    0.00    0.00    4.50    0.00    0.00    0.00    0.00
20:07:18     all   93.05    0.00    3.47    0.00    0.00    3.47    0.00    0.00    0.00    0.00
20:07:19     all   91.98    0.00    4.01    0.00    0.00    4.01    0.00    0.00    0.00    0.00
20:07:21     all   92.57    0.00    3.71    0.00    0.00    3.71    0.00    0.00    0.00    0.00
20:07:22     all   93.23    0.00    3.26    0.00    0.00    3.51    0.00    0.00    0.00    0.00
20:07:23     all   92.96    0.00    4.02    0.00    0.00    3.02    0.00    0.00    0.00    0.00
20:07:24     all   92.77    0.00    4.24    0.00    0.00    2.99    0.00    0.00    0.00    0.00
20:07:25     all   92.73    0.00    3.51    0.00    0.00    3.76    0.00    0.00    0.00    0.00
20:07:26     all   92.54    0.00    3.73    0.00    0.00    3.73    0.00    0.00    0.00    0.00
20:07:27     all   92.23    0.00    4.51    0.00    0.00    3.26    0.00    0.00    0.00    0.00
20:07:28     all   92.06    0.00    4.22    0.00    0.00    3.72    0.00    0.00    0.00    0.00
20:07:29     all   92.50    0.00    3.50    0.00    0.00    4.00    0.00    0.00    0.00    0.00
20:07:30     all   92.27    0.00    3.99    0.00    0.00    3.74    0.00    0.00    0.00    0.00
20:07:31     all   92.96    0.00    3.77    0.00    0.00    3.27    0.00    0.00    0.00    0.00
20:07:32     all   92.27    0.00    3.99    0.00    0.00    3.74    0.00    0.00    0.00    0.00
20:07:33     all   92.75    0.00    4.00    0.00    0.00    3.25    0.00    0.00    0.00    0.00
20:07:34     all   93.23    0.00    3.76    0.00    0.00    3.01    0.00    0.00    0.00    0.00
20:07:35     all   92.04    0.00    4.23    0.00    0.00    3.73    0.00    0.00    0.00    0.00
20:07:36     all   92.75    0.00    3.75    0.00    0.00    3.50    0.00    0.00    0.00    0.00
20:07:37     all   92.77    0.00    3.74    0.00    0.00    3.49    0.00    0.00    0.00    0.00
20:07:38     all   92.27    0.00    4.24    0.00    0.00    3.49    0.00    0.00    0.00    0.00
20:07:39     all   90.30    0.00    5.22    0.00    0.00    4.23    0.00    0.00    0.00    0.25
20:07:40     all   93.72    0.00    3.27    0.00    0.00    3.02    0.00    0.00    0.00    0.00
20:07:41     all   91.60    0.00    4.69    0.00    0.00    3.70    0.00    0.00    0.00    0.00
20:07:42     all   92.71    0.00    4.02    0.00    0.00    3.27    0.00    0.00    0.00    0.00
20:07:43     all   92.50    0.00    3.75    0.00    0.00    3.75    0.00    0.00    0.00    0.00
20:07:44     all   92.75    0.00    3.75    0.00    0.00    3.50    0.00    0.00    0.00    0.00
20:07:45     all   92.52    0.00    3.99    0.00    0.00    3.49    0.00    0.00    0.00    0.00
20:07:46     all   92.48    0.00    4.26    0.00    0.00    3.26    0.00    0.00    0.00    0.00
20:07:47     all   92.08    0.00    4.21    0.00    0.00    3.71    0.00    0.00    0.00    0.00
20:07:48     all   92.73    0.00    4.01    0.00    0.00    3.26    0.00    0.00    0.00    0.00
20:07:49     all   92.77    0.00    3.49    0.00    0.00    3.74    0.00    0.00    0.00    0.00
20:07:50     all   93.00    0.00    4.00    0.00    0.00    3.00    0.00    0.00    0.00    0.00
20:07:51     all   93.05    0.00    3.23    0.00    0.00    3.72    0.00    0.00    0.00    0.00
20:07:52     all   92.50    0.00    4.25    0.00    0.00    3.25    0.00    0.00    0.00    0.00
20:07:53     all   92.52    0.00    4.24    0.00    0.00    3.24    0.00    0.00    0.00    0.00
20:07:54     all   92.46    0.00    3.52    0.00    0.00    4.02    0.00    0.00    0.00    0.00
20:07:55     all   92.77    0.00    3.74    0.00    0.00    3.49    0.00    0.00    0.00    0.00
20:07:56     all   92.27    0.00    3.74    0.00    0.00    3.99    0.00    0.00    0.00    0.00
20:07:57     all   92.52    0.00    3.74    0.00    0.00    3.74    0.00    0.00    0.00    0.00
20:07:58     all   91.50    0.00    4.25    0.00    0.00    4.25    0.00    0.00    0.00    0.00
20:07:59     all   92.52    0.00    3.74    0.00    0.00    3.74    0.00    0.00    0.00    0.00
20:08:00     all   93.25    0.00    3.25    0.00    0.00    3.50    0.00    0.00    0.00    0.00
20:08:01     all   92.29    0.00    4.23    0.00    0.00    3.48    0.00    0.00    0.00    0.00
20:08:02     all   92.98    0.00    3.76    0.00    0.00    3.26    0.00    0.00    0.00    0.00
20:08:03     all   92.29    0.00    4.23    0.00    0.00    3.48    0.00    0.00    0.00    0.00
20:08:04     all   93.00    0.00    3.50    0.00    0.00    3.50    0.00    0.00    0.00    0.00
20:08:05     all   92.77    0.00    3.99    0.00    0.00    3.24    0.00    0.00    0.00    0.00
20:08:06     all   92.27    0.00    3.99    0.00    0.00    3.74    0.00    0.00    0.00    0.00
20:08:07     all   93.47    0.00    3.52    0.00    0.00    3.02    0.00    0.00    0.00    0.00
20:08:08     all   92.79    0.00    3.48    0.00    0.00    3.73    0.00    0.00    0.00    0.00
20:08:09     all   92.27    0.00    4.49    0.00    0.00    3.24    0.00    0.00    0.00    0.00
20:08:10     all   92.73    0.00    4.01    0.00    0.00    3.26    0.00    0.00    0.00    0.00
20:08:11     all   92.54    0.00    3.98    0.00    0.00    3.48    0.00    0.00    0.00    0.00
20:08:12     all   93.00    0.00    3.50    0.00    0.00    3.50    0.00    0.00    0.00    0.00
20:08:13     all   92.29    0.00    3.98    0.00    0.00    3.73    0.00    0.00    0.00    0.00
20:08:14     all   92.73    0.00    3.76    0.00    0.00    3.51    0.00    0.00    0.00    0.00
20:08:15     all   92.27    0.00    4.24    0.00    0.00    3.49    0.00    0.00    0.00    0.00
20:08:16     all   93.02    0.00    4.24    0.00    0.00    2.74    0.00    0.00    0.00    0.00
20:08:17     all   92.46    0.00    4.02    0.00    0.00    3.52    0.00    0.00    0.00    0.00
20:08:18     all   92.56    0.00    3.72    0.00    0.00    3.72    0.00    0.00    0.00    0.00
20:08:19     all   92.48    0.00    4.01    0.00    0.00    3.51    0.00    0.00    0.00    0.00
20:08:20     all   92.33    0.00    4.21    0.00    0.00    3.47    0.00    0.00    0.00    0.00
20:08:21     all   92.02    0.00    4.24    0.00    0.00    3.74    0.00    0.00    0.00    0.00
20:08:22     all   92.27    0.00    4.49    0.00    0.00    3.24    0.00    0.00    0.00    0.00
20:08:23     all   92.27    0.00    3.99    0.00    0.00    3.74    0.00    0.00    0.00    0.00
20:08:24     all   92.48    0.00    4.26    0.00    0.00    3.26    0.00    0.00    0.00    0.00
20:08:25     all   92.75    0.00    3.50    0.00    0.00    3.75    0.00    0.00    0.00    0.00
20:08:26     all   92.77    0.00    3.49    0.00    0.00    3.74    0.00    0.00    0.00    0.00
20:08:27     all   92.27    0.00    3.74    0.00    0.00    3.99    0.00    0.00    0.00    0.00
20:08:28     all   92.27    0.00    3.99    0.00    0.00    3.74    0.00    0.00    0.00    0.00
20:08:29     all   92.23    0.00    3.76    0.00    0.00    4.01    0.00    0.00    0.00    0.00
20:08:30     all   92.25    0.00    4.25    0.00    0.00    3.50    0.00    0.00    0.00    0.00
20:08:31     all   92.52    0.00    3.74    0.00    0.00    3.74    0.00    0.00    0.00    0.00
20:08:32     all   91.77    0.00    4.24    0.00    0.00    3.99    0.00    0.00    0.00    0.00
20:08:33     all   91.75    0.00    4.75    0.00    0.00    3.50    0.00    0.00    0.00    0.00
20:08:34     all   92.54    0.00    3.73    0.00    0.00    3.73    0.00    0.00    0.00    0.00
20:08:35     all   92.00    0.00    4.00    0.00    0.00    4.00    0.00    0.00    0.00    0.00
20:08:36     all   91.02    0.00    4.74    0.00    0.00    4.24    0.00    0.00    0.00    0.00
20:08:37     all   93.00    0.00    3.50    0.00    0.00    3.50    0.00    0.00    0.00    0.00
20:08:38     all   92.04    0.00    3.98    0.00    0.00    3.98    0.00    0.00    0.00    0.00
20:08:39     all   90.95    0.00    5.03    0.00    0.00    4.02    0.00    0.00    0.00    0.00
20:08:40     all   93.00    0.00    3.50    0.00    0.00    3.50    0.00    0.00    0.00    0.00
20:08:41     all   92.02    0.00    3.74    0.00    0.00    4.24    0.00    0.00    0.00    0.00
20:08:42     all   93.02    0.00    4.24    0.00    0.00    2.74    0.00    0.00    0.00    0.00
20:08:43     all   92.73    0.00    3.76    0.00    0.00    3.51    0.00    0.00    0.00    0.00
20:08:44     all   92.04    0.00    3.98    0.00    0.00    3.98    0.00    0.00    0.00    0.00
20:08:45     all   92.27    0.00    4.24    0.00    0.00    3.49    0.00    0.00    0.00    0.00
20:08:46     all   91.27    0.00    4.49    0.00    0.00    4.24    0.00    0.00    0.00    0.00
20:08:47     all   93.53    0.00    3.73    0.00    0.00    2.74    0.00    0.00    0.00    0.00
20:08:48     all   92.04    0.00    3.73    0.00    0.00    4.23    0.00    0.00    0.00    0.00
20:08:49     all   93.25    0.00    3.50    0.00    0.00    3.25    0.00    0.00    0.00    0.00
20:08:50     all   92.31    0.00    3.72    0.00    0.00    3.97    0.00    0.00    0.00    0.00
20:08:51     all   93.72    0.00    3.52    0.00    0.00    2.76    0.00    0.00    0.00    0.00
20:08:52     all   92.50    0.00    3.50    0.00    0.00    4.00    0.00    0.00    0.00    0.00
20:08:53     all   92.04    0.00    3.98    0.00    0.00    3.98    0.00    0.00    0.00    0.00
20:08:54     all   92.02    0.00    4.74    0.00    0.00    3.24    0.00    0.00    0.00    0.00
20:08:55     all   92.46    0.00    3.52    0.00    0.00    4.02    0.00    0.00    0.00    0.00
20:08:56     all   91.81    0.00    4.22    0.00    0.00    3.97    0.00    0.00    0.00    0.00
20:08:57     all   93.00    0.00    3.50    0.00    0.00    3.50    0.00    0.00    0.00    0.00
20:08:58     all   92.23    0.00    4.26    0.00    0.00    3.51    0.00    0.00    0.00    0.00
20:08:59     all   92.75    0.00    3.75    0.00    0.00    3.50    0.00    0.00    0.00    0.00
20:09:00     all   91.83    0.00    3.96    0.00    0.00    4.21    0.00    0.00    0.00    0.00
20:09:01     all   92.73    0.00    4.51    0.00    0.00    2.76    0.00    0.00    0.00    0.00
20:09:02     all   92.50    0.00    3.75    0.00    0.00    3.75    0.00    0.00    0.00    0.00
20:09:03     all   92.00    0.00    4.50    0.00    0.00    3.50    0.00    0.00    0.00    0.00
20:09:04     all   92.57    0.00    4.46    0.00    0.00    2.97    0.00    0.00    0.00    0.00
20:09:05     all   92.48    0.00    4.01    0.00    0.00    3.51    0.00    0.00    0.00    0.00
20:09:06     all   92.06    0.00    3.97    0.00    0.00    3.97    0.00    0.00    0.00    0.00
20:09:07     all   92.98    0.00    3.51    0.00    0.00    3.51    0.00    0.00    0.00    0.00
20:09:08     all   92.23    0.00    4.26    0.00    0.00    3.51    0.00    0.00    0.00    0.00
20:09:09     all   91.79    0.00    4.73    0.00    0.00    3.48    0.00    0.00    0.00    0.00
20:09:10     all   91.50    0.00    4.00    0.00    0.00    4.50    0.00    0.00    0.00    0.00
20:09:11     all   92.50    0.00    4.00    0.00    0.00    3.50    0.00    0.00    0.00    0.00
20:09:12     all   92.52    0.00    3.74    0.00    0.00    3.74    0.00    0.00    0.00    0.00
20:09:13     all   92.54    0.00    4.23    0.00    0.00    3.23    0.00    0.00    0.00    0.00
20:09:14     all   91.75    0.00    4.50    0.00    0.00    3.75    0.00    0.00    0.00    0.00
20:09:15     all   92.52    0.00    3.99    0.00    0.00    3.49    0.00    0.00    0.00    0.00
20:09:16     all   92.73    0.00    4.01    0.00    0.00    3.26    0.00    0.00    0.00    0.00
20:09:17     all   91.52    0.00    4.49    0.00    0.00    3.99    0.00    0.00    0.00    0.00
20:09:18     all   92.77    0.00    3.74    0.00    0.00    3.49    0.00    0.00    0.00    0.00
20:09:19     all   92.77    0.00    3.99    0.00    0.00    3.24    0.00    0.00    0.00    0.00
20:09:20     all   93.23    0.00    3.76    0.00    0.00    3.01    0.00    0.00    0.00    0.00
20:09:21     all   93.02    0.00    3.99    0.00    0.00    2.99    0.00    0.00    0.00    0.00
20:09:22     all   92.00    0.00    4.50    0.00    0.00    3.50    0.00    0.00    0.00    0.00
20:09:23     all   91.56    0.00    4.47    0.00    0.00    3.97    0.00    0.00    0.00    0.00
20:09:24     all   92.77    0.00    4.24    0.00    0.00    2.99    0.00    0.00    0.00    0.00
20:09:25     all   92.50    0.00    3.75    0.00    0.00    3.75    0.00    0.00    0.00    0.00
20:09:26     all   91.75    0.00    4.75    0.00    0.00    3.50    0.00    0.00    0.00    0.00
20:09:27     all   92.52    0.00    3.99    0.00    0.00    3.49    0.00    0.00    0.00    0.00
20:09:28     all   92.79    0.00    3.73    0.00    0.00    3.48    0.00    0.00    0.00    0.00
20:09:29     all   92.46    0.00    4.27    0.00    0.00    3.27    0.00    0.00    0.00    0.00
20:09:30     all   92.29    0.00    4.23    0.00    0.00    3.48    0.00    0.00    0.00    0.00
20:09:31     all   93.25    0.00    3.50    0.00    0.00    3.25    0.00    0.00    0.00    0.00
20:09:32     all   93.00    0.00    3.75    0.00    0.00    3.25    0.00    0.00    0.00    0.00
20:09:33     all   92.79    0.00    3.98    0.00    0.00    3.23    0.00    0.00    0.00    0.00
20:09:34     all   92.23    0.00    4.26    0.00    0.00    3.51    0.00    0.00    0.00    0.00
20:09:35     all   92.54    0.00    4.23    0.00    0.00    3.23    0.00    0.00    0.00    0.00
20:09:36     all   92.98    0.00    3.76    0.00    0.00    3.26    0.00    0.00    0.00    0.00
20:09:37     all   92.50    0.00    4.00    0.00    0.00    3.50    0.00    0.00    0.00    0.00
20:09:38     all   92.02    0.00    4.24    0.00    0.00    3.74    0.00    0.00    0.00    0.00
20:09:39     all   91.02    0.00    4.99    0.00    0.00    3.99    0.00    0.00    0.00    0.00
20:09:40     all   93.02    0.00    3.74    0.00    0.00    3.24    0.00    0.00    0.00    0.00
20:09:41     all   92.96    0.00    4.27    0.00    0.00    2.76    0.00    0.00    0.00    0.00
20:09:42     all   91.79    0.00    3.98    0.00    0.00    4.23    0.00    0.00    0.00    0.00
20:09:43     all   92.52    0.00    3.99    0.00    0.00    3.49    0.00    0.00    0.00    0.00
20:09:44     all   92.98    0.00    3.76    0.00    0.00    3.26    0.00    0.00    0.00    0.00
20:09:45     all   93.02    0.00    3.49    0.00    0.00    3.49    0.00    0.00    0.00    0.00
20:09:46     all   92.31    0.00    3.97    0.00    0.00    3.72    0.00    0.00    0.00    0.00
20:09:47     all   91.75    0.00    4.00    0.00    0.00    4.25    0.00    0.00    0.00    0.00
20:09:48     all   92.54    0.00    3.98    0.00    0.00    3.48    0.00    0.00    0.00    0.00
20:09:49     all   93.47    0.00    4.02    0.00    0.00    2.51    0.00    0.00    0.00    0.00
20:09:50     all   93.03    0.00    3.48    0.00    0.00    3.48    0.00    0.00    0.00    0.00
20:09:51     all   92.77    0.00    3.99    0.00    0.00    3.24    0.00    0.00    0.00    0.00
20:09:52     all   92.29    0.00    3.98    0.00    0.00    3.73    0.00    0.00    0.00    0.00
20:09:53     all   92.50    0.00    4.00    0.00    0.00    3.50    0.00    0.00    0.00    0.00
20:09:54     all   92.27    0.00    3.49    0.00    0.00    3.99    0.00    0.00    0.00    0.25
20:09:55     all   92.04    0.00    3.98    0.00    0.00    3.98    0.00    0.00    0.00    0.00
20:09:56     all   92.00    0.00    4.25    0.00    0.00    3.75    0.00    0.00    0.00    0.00
20:09:57     all   92.73    0.00    3.26    0.00    0.00    4.01    0.00    0.00    0.00    0.00
20:09:58     all   91.75    0.00    4.50    0.00    0.00    3.75    0.00    0.00    0.00    0.00
20:09:59     all   92.57    0.00    3.96    0.00    0.00    3.47    0.00    0.00    0.00    0.00
20:10:00     all   93.00    0.00    3.50    0.00    0.00    3.50    0.00    0.00    0.00    0.00
20:10:01     all   92.52    0.00    4.24    0.00    0.00    3.24    0.00    0.00    0.00    0.00
20:10:02     all   92.21    0.00    4.52    0.00    0.00    3.27    0.00    0.00    0.00    0.00
20:10:03     all   92.52    0.00    3.24    0.00    0.00    4.24    0.00    0.00    0.00    0.00
20:10:04     all   92.29    0.00    4.23    0.00    0.00    3.48    0.00    0.00    0.00    0.00
20:10:05     all   92.77    0.00    4.24    0.00    0.00    2.99    0.00    0.00    0.00    0.00
20:10:06     all   92.50    0.00    3.75    0.00    0.00    3.75    0.00    0.00    0.00    0.00
20:10:07     all   92.00    0.00    4.50    0.00    0.00    3.50    0.00    0.00    0.00    0.00
20:10:08     all   92.23    0.00    4.26    0.00    0.00    3.51    0.00    0.00    0.00    0.00
20:10:09     all   92.73    0.00    4.26    0.00    0.00    3.01    0.00    0.00    0.00    0.00
20:10:10     all   92.33    0.00    3.47    0.00    0.00    4.21    0.00    0.00    0.00    0.00
20:10:11     all   92.00    0.00    4.00    0.00    0.00    4.00    0.00    0.00    0.00    0.00
20:10:12     all   93.22    0.00    3.77    0.00    0.00    3.02    0.00    0.00    0.00    0.00
20:10:13     all   92.54    0.00    3.48    0.00    0.00    3.98    0.00    0.00    0.00    0.00
20:10:14     all   93.02    0.00    3.99    0.00    0.00    2.99    0.00    0.00    0.00    0.00
20:10:15     all   93.00    0.00    4.00    0.00    0.00    3.00    0.00    0.00    0.00    0.00
20:10:16     all   92.52    0.00    3.74    0.00    0.00    3.74    0.00    0.00    0.00    0.00
20:10:17     all   92.56    0.00    3.72    0.00    0.00    3.72    0.00    0.00    0.00    0.00
20:10:18     all   92.70    0.00    3.78    0.00    0.00    3.53    0.00    0.00    0.00    0.00
20:10:19     all   92.31    0.00    4.22    0.00    0.00    3.47    0.00    0.00    0.00    0.00
20:10:20     all   92.98    0.00    3.76    0.00    0.00    3.26    0.00    0.00    0.00    0.00
20:10:21     all   91.83    0.00    3.71    0.00    0.00    4.46    0.00    0.00    0.00    0.00
20:10:22     all   92.52    0.00    4.24    0.00    0.00    3.24    0.00    0.00    0.00    0.00
20:10:23     all   92.52    0.00    3.49    0.00    0.00    3.99    0.00    0.00    0.00    0.00
20:10:24     all   92.23    0.00    4.01    0.00    0.00    3.76    0.00    0.00    0.00    0.00
20:10:25     all   92.54    0.00    3.23    0.00    0.00    4.23    0.00    0.00    0.00    0.00
20:10:26     all   92.71    0.00    3.77    0.00    0.00    3.52    0.00    0.00    0.00    0.00
20:10:27     all   92.54    0.00    3.98    0.00    0.00    3.48    0.00    0.00    0.00    0.00
20:10:28     all   92.04    0.00    3.98    0.00    0.00    3.98    0.00    0.00    0.00    0.00
20:10:29     all   93.20    0.00    4.03    0.00    0.00    2.77    0.00    0.00    0.00    0.00
20:10:30     all   91.79    0.00    4.23    0.00    0.00    3.98    0.00    0.00    0.00    0.00
20:10:31     all   92.73    0.00    4.26    0.00    0.00    3.01    0.00    0.00    0.00    0.00
20:10:32     all   92.02    0.00    4.24    0.00    0.00    3.74    0.00    0.00    0.00    0.00
20:10:33     all   92.77    0.00    3.49    0.00    0.00    3.74    0.00    0.00    0.00    0.00
20:10:34     all   91.50    0.00    4.75    0.00    0.00    3.75    0.00    0.00    0.00    0.00
20:10:35     all   92.52    0.00    3.99    0.00    0.00    3.49    0.00    0.00    0.00    0.00
20:10:36     all   92.29    0.00    3.98    0.00    0.00    3.73    0.00    0.00    0.00    0.00
20:10:37     all   91.27    0.00    4.24    0.00    0.00    4.49    0.00    0.00    0.00    0.00
20:10:38     all   92.23    0.00    4.26    0.00    0.00    3.51    0.00    0.00    0.00    0.00
20:10:39     all   91.52    0.00    4.74    0.00    0.00    3.49    0.00    0.00    0.00    0.25
20:10:40     all   92.73    0.00    4.01    0.00    0.00    3.26    0.00    0.00    0.00    0.00
20:10:41     all   91.81    0.00    4.47    0.00    0.00    3.72    0.00    0.00    0.00    0.00
20:10:42     all   92.71    0.00    3.52    0.00    0.00    3.77    0.00    0.00    0.00    0.00
20:10:43     all   93.55    0.00    3.23    0.00    0.00    3.23    0.00    0.00    0.00    0.00
20:10:44     all   92.04    0.00    4.23    0.00    0.00    3.73    0.00    0.00    0.00    0.00
20:10:45     all   18.34    0.00    3.27    0.25    0.00    0.25    0.00    0.00    0.00   77.89
Average:     all   92.05    0.00    4.49    0.00    0.00    3.38    0.00    0.00    0.00    0.09
