Linux 6.8.0-1064-azure (csb-bench-host-azure) 	08/17/26 	_x86_64_	(4 CPU)

21:14:13     CPU    %usr   %nice    %sys %iowait    %irq   %soft  %steal  %guest  %gnice   %idle
21:14:14     all   93.63    0.00    2.70    0.00    0.00    3.68    0.00    0.00    0.00    0.00
21:14:15     all   93.55    0.00    4.22    0.00    0.00    2.23    0.00    0.00    0.00    0.00
21:14:16     all   91.48    0.00    6.02    0.00    0.00    2.51    0.00    0.00    0.00    0.00
21:14:17     all   90.64    0.00    6.40    0.00    0.00    2.96    0.00    0.00    0.00    0.00
21:14:18     all   90.07    0.00    8.44    0.00    0.00    1.49    0.00    0.00    0.00    0.00
21:14:19     all   89.53    0.00    8.98    0.00    0.00    1.50    0.00    0.00    0.00    0.00
21:14:20     all   92.40    0.00    6.13    0.00    0.00    1.47    0.00    0.00    0.00    0.00
21:14:21     all   92.44    0.00    6.55    0.00    0.00    1.01    0.00    0.00    0.00    0.00
21:14:22     all   92.16    0.00    6.37    0.00    0.00    1.47    0.00    0.00    0.00    0.00
21:14:23     all   93.20    0.00    5.29    0.00    0.00    1.51    0.00    0.00    0.00    0.00
21:14:24     all   92.36    0.00    6.40    0.00    0.00    1.23    0.00    0.00    0.00    0.00
21:14:25     all   93.52    0.00    5.49    0.00    0.00    1.00    0.00    0.00    0.00    0.00
21:14:26     all   90.95    0.00    7.33    0.00    0.00    1.71    0.00    0.00    0.00    0.00
21:14:27     all   93.23    0.00    5.76    0.00    0.00    1.00    0.00    0.00    0.00    0.00
21:14:28     all   92.56    0.00    6.20    0.00    0.00    1.24    0.00    0.00    0.00    0.00
21:14:29     all   92.57    0.00    5.94    0.00    0.00    1.49    0.00    0.00    0.00    0.00
21:14:30     all   91.81    0.00    6.45    0.00    0.00    1.74    0.00    0.00    0.00    0.00
21:14:31     all   93.97    0.00    4.52    0.00    0.00    1.51    0.00    0.00    0.00    0.00
21:14:32     all   93.80    0.00    4.47    0.00    0.00    1.74    0.00    0.00    0.00    0.00
21:14:33     all   94.81    0.00    3.21    0.00    0.00    1.98    0.00    0.00    0.00    0.00
21:14:34     all   95.98    0.00    2.51    0.00    0.00    1.51    0.00    0.00    0.00    0.00
21:14:35     all   92.52    0.00    4.24    0.00    0.00    3.24    0.00    0.00    0.00    0.00
21:14:36     all   94.54    0.00    2.48    0.00    0.00    2.98    0.00    0.00    0.00    0.00
21:14:37     all   94.80    0.00    2.72    0.00    0.00    2.48    0.00    0.00    0.00    0.00
21:14:38     all   94.31    0.00    2.48    0.00    0.00    3.22    0.00    0.00    0.00    0.00
21:14:39     all   94.28    0.00    2.74    0.00    0.00    2.99    0.00    0.00    0.00    0.00
21:14:40     all   94.49    0.00    2.76    0.00    0.00    2.76    0.00    0.00    0.00    0.00
21:14:41     all   93.64    0.00    2.69    0.00    0.00    3.67    0.00    0.00    0.00    0.00
21:14:42     all   94.76    0.00    2.74    0.00    0.00    2.49    0.00    0.00    0.00    0.00
21:14:43     all   94.21    0.00    2.27    0.00    0.00    3.53    0.00    0.00    0.00    0.00
21:14:44     all   94.81    0.00    2.72    0.00    0.00    2.47    0.00    0.00    0.00    0.00
21:14:45     all   93.77    0.00    2.99    0.00    0.00    3.24    0.00    0.00    0.00    0.00
21:14:46     all   94.26    0.00    2.49    0.00    0.00    3.24    0.00    0.00    0.00    0.00
21:14:47     all   94.13    0.00    2.93    0.00    0.00    2.93    0.00    0.00    0.00    0.00
21:14:48     all   94.01    0.00    2.99    0.00    0.00    2.99    0.00    0.00    0.00    0.00
21:14:49     all   95.02    0.00    2.49    0.00    0.00    2.49    0.00    0.00    0.00    0.00
21:14:50     all   95.05    0.00    2.23    0.00    0.00    2.72    0.00    0.00    0.00    0.00
21:14:51     all   94.24    0.00    2.76    0.00    0.00    3.01    0.00    0.00    0.00    0.00
21:14:52     all   94.53    0.00    2.74    0.00    0.00    2.74    0.00    0.00    0.00    0.00
21:14:53     all   94.33    0.00    2.96    0.00    0.00    2.71    0.00    0.00    0.00    0.00
21:14:54     all   94.09    0.00    2.71    0.00    0.00    3.20    0.00    0.00    0.00    0.00
21:14:55     all   94.25    0.00    2.50    0.00    0.00    3.25    0.00    0.00    0.00    0.00
21:14:56     all   95.48    0.00    2.26    0.00    0.00    2.26    0.00    0.00    0.00    0.00
21:14:57     all   93.60    0.00    2.96    0.00    0.00    3.45    0.00    0.00    0.00    0.00
21:14:58     all   95.24    0.00    2.51    0.00    0.00    2.26    0.00    0.00    0.00    0.00
21:14:59     all   94.84    0.00    2.70    0.00    0.00    2.46    0.00    0.00    0.00    0.00
21:15:00     all   94.50    0.00    2.50    0.00    0.00    3.00    0.00    0.00    0.00    0.00
21:15:01     all   94.29    0.00    2.73    0.00    0.00    2.98    0.00    0.00    0.00    0.00
21:15:02     all   94.01    0.00    2.74    0.00    0.00    3.24    0.00    0.00    0.00    0.00
21:15:03     all   94.31    0.00    2.72    0.00    0.00    2.97    0.00    0.00    0.00    0.00
21:15:04     all   94.53    0.00    2.74    0.00    0.00    2.74    0.00    0.00    0.00    0.00
21:15:05     all   93.52    0.00    3.24    0.00    0.00    3.24    0.00    0.00    0.00    0.00
21:15:06     all   94.26    0.00    2.24    0.00    0.00    3.49    0.00    0.00    0.00    0.00
21:15:07     all   95.07    0.00    2.46    0.00    0.00    2.46    0.00    0.00    0.00    0.00
21:15:08     all   94.51    0.00    2.24    0.00    0.00    3.24    0.00    0.00    0.00    0.00
21:15:09     all   94.54    0.00    2.48    0.00    0.00    2.98    0.00    0.00    0.00    0.00
21:15:10     all   93.80    0.00    2.73    0.00    0.00    3.47    0.00    0.00    0.00    0.00
21:15:11     all   94.47    0.00    2.26    0.00    0.00    3.27    0.00    0.00    0.00    0.00
21:15:12     all   94.62    0.00    2.69    0.00    0.00    2.69    0.00    0.00    0.00    0.00
21:15:13     all   94.80    0.00    2.23    0.00    0.00    2.97    0.00    0.00    0.00    0.00
21:15:14     all   94.75    0.00    2.75    0.00    0.00    2.50    0.00    0.00    0.00    0.00
21:15:15     all   94.49    0.00    2.76    0.00    0.00    2.76    0.00    0.00    0.00    0.00
21:15:16     all   94.29    0.00    2.73    0.00    0.00    2.98    0.00    0.00    0.00    0.00
21:15:17     all   95.09    0.00    2.46    0.00    0.00    2.46    0.00    0.00    0.00    0.00
21:15:18     all   94.28    0.00    2.74    0.00    0.00    2.99    0.00    0.00    0.00    0.00
21:15:19     all   94.24    0.00    2.76    0.00    0.00    3.01    0.00    0.00    0.00    0.00
21:15:20     all   93.56    0.00    2.97    0.00    0.00    3.47    0.00    0.00    0.00    0.00
21:15:21     all   94.28    0.00    2.74    0.00    0.00    2.99    0.00    0.00    0.00    0.00
21:15:22     all   94.26    0.00    2.74    0.00    0.00    2.99    0.00    0.00    0.00    0.00
21:15:23     all   94.26    0.00    2.99    0.00    0.00    2.74    0.00    0.00    0.00    0.00
21:15:24     all   94.32    0.00    2.47    0.00    0.00    3.21    0.00    0.00    0.00    0.00
21:15:25     all   93.84    0.00    2.96    0.00    0.00    3.20    0.00    0.00    0.00    0.00
21:15:26     all   94.76    0.00    2.99    0.00    0.00    2.24    0.00    0.00    0.00    0.00
21:15:27     all   94.09    0.00    2.46    0.00    0.00    3.45    0.00    0.00    0.00    0.00
21:15:28     all   95.50    0.00    2.00    0.00    0.00    2.50    0.00    0.00    0.00    0.00
21:15:29     all   93.66    0.00    2.93    0.00    0.00    3.41    0.00    0.00    0.00    0.00
21:15:30     all   94.49    0.00    2.26    0.00    0.00    3.26    0.00    0.00    0.00    0.00
21:15:31     all   93.56    0.00    3.22    0.00    0.00    3.22    0.00    0.00    0.00    0.00
21:15:32     all   94.49    0.00    2.26    0.00    0.00    3.26    0.00    0.00    0.00    0.00
21:15:33     all   94.06    0.00    2.97    0.00    0.00    2.97    0.00    0.00    0.00    0.00
21:15:34     all   93.81    0.00    3.22    0.00    0.00    2.97    0.00    0.00    0.00    0.00
21:15:35     all   93.27    0.00    3.74    0.00    0.00    2.99    0.00    0.00    0.00    0.00
21:15:36     all   93.78    0.00    2.74    0.00    0.00    3.48    0.00    0.00    0.00    0.00
21:15:37     all   94.01    0.00    2.99    0.00    0.00    2.99    0.00    0.00    0.00    0.00
21:15:38     all   94.09    0.00    2.71    0.00    0.00    3.20    0.00    0.00    0.00    0.00
21:15:39     all   94.97    0.00    2.51    0.00    0.00    2.51    0.00    0.00    0.00    0.00
21:15:40     all   94.06    0.00    2.72    0.00    0.00    3.22    0.00    0.00    0.00    0.00
21:15:41     all   94.75    0.00    2.75    0.00    0.00    2.50    0.00    0.00    0.00    0.00
21:15:42     all   94.10    0.00    2.95    0.00    0.00    2.95    0.00    0.00    0.00    0.00
21:15:43     all   94.97    0.00    2.26    0.00    0.00    2.76    0.00    0.00    0.00    0.00
21:15:44     all   94.32    0.00    2.72    0.00    0.00    2.96    0.00    0.00    0.00    0.00
21:15:45     all   94.57    0.00    2.47    0.00    0.00    2.96    0.00    0.00    0.00    0.00
21:15:46     all   94.01    0.00    2.74    0.00    0.00    3.24    0.00    0.00    0.00    0.00
21:15:47     all   94.63    0.00    2.20    0.00    0.00    3.17    0.00    0.00    0.00    0.00
21:15:48     all   94.51    0.00    2.74    0.00    0.00    2.74    0.00    0.00    0.00    0.00
21:15:49     all   93.73    0.00    3.26    0.00    0.00    3.01    0.00    0.00    0.00    0.00
21:15:50     all   94.55    0.00    2.72    0.00    0.00    2.72    0.00    0.00    0.00    0.00
21:15:51     all   93.78    0.00    2.74    0.00    0.00    3.48    0.00    0.00    0.00    0.00
21:15:52     all   93.58    0.00    3.21    0.00    0.00    3.21    0.00    0.00    0.00    0.00
21:15:53     all   93.98    0.00    3.26    0.00    0.00    2.76    0.00    0.00    0.00    0.00
21:15:54     all   94.31    0.00    2.72    0.00    0.00    2.97    0.00    0.00    0.00    0.00
21:15:55     all   95.24    0.00    1.75    0.00    0.00    3.01    0.00    0.00    0.00    0.00
21:15:56     all   93.58    0.00    3.46    0.00    0.00    2.96    0.00    0.00    0.00    0.00
21:15:57     all   94.25    0.00    2.50    0.00    0.00    3.25    0.00    0.00    0.00    0.00
21:15:58     all   93.80    0.00    2.98    0.00    0.00    3.23    0.00    0.00    0.00    0.00
21:15:59     all   95.02    0.00    1.99    0.00    0.00    2.99    0.00    0.00    0.00    0.00
21:16:00     all   93.78    0.00    3.48    0.00    0.00    2.74    0.00    0.00    0.00    0.00
21:16:01     all   95.01    0.00    2.24    0.00    0.00    2.74    0.00    0.00    0.00    0.00
21:16:02     all   94.07    0.00    2.72    0.00    0.00    3.21    0.00    0.00    0.00    0.00
21:16:03     all   94.28    0.00    2.49    0.00    0.00    3.23    0.00    0.00    0.00    0.00
21:16:04     all   94.04    0.00    2.73    0.00    0.00    3.23    0.00    0.00    0.00    0.00
21:16:05     all   93.81    0.00    3.22    0.00    0.00    2.97    0.00    0.00    0.00    0.00
21:16:06     all   94.32    0.00    2.47    0.00    0.00    3.21    0.00    0.00    0.00    0.00
21:16:07     all   94.01    0.00    2.99    0.00    0.00    2.99    0.00    0.00    0.00    0.00
21:16:08     all   93.80    0.00    2.73    0.00    0.00    3.47    0.00    0.00    0.00    0.00
21:16:09     all   94.24    0.00    2.51    0.00    0.00    3.26    0.00    0.00    0.00    0.00
21:16:10     all   94.57    0.00    2.47    0.00    0.00    2.96    0.00    0.00    0.00    0.00
21:16:12     all   94.04    0.00    2.73    0.00    0.00    3.23    0.00    0.00    0.00    0.00
21:16:13     all   93.53    0.00    2.99    0.00    0.00    3.48    0.00    0.00    0.00    0.00
21:16:14     all   94.53    0.00    2.74    0.00    0.00    2.74    0.00    0.00    0.00    0.00
21:16:15     all   95.02    0.00    2.24    0.00    0.00    2.74    0.00    0.00    0.00    0.00
21:16:16     all   94.32    0.00    2.72    0.00    0.00    2.96    0.00    0.00    0.00    0.00
21:16:17     all   93.77    0.00    2.99    0.00    0.00    3.24    0.00    0.00    0.00    0.00
21:16:18     all   94.54    0.00    2.73    0.00    0.00    2.73    0.00    0.00    0.00    0.00
21:16:19     all   93.78    0.00    2.74    0.00    0.00    3.48    0.00    0.00    0.00    0.00
21:16:20     all   94.54    0.00    2.48    0.00    0.00    2.98    0.00    0.00    0.00    0.00
21:16:21     all   93.87    0.00    2.70    0.00    0.00    3.43    0.00    0.00    0.00    0.00
21:16:22     all   93.98    0.00    3.01    0.00    0.00    3.01    0.00    0.00    0.00    0.00
21:16:23     all   95.00    0.00    1.75    0.00    0.00    3.25    0.00    0.00    0.00    0.00
21:16:24     all   94.28    0.00    2.74    0.00    0.00    2.99    0.00    0.00    0.00    0.00
21:16:25     all   93.09    0.00    3.21    0.00    0.00    3.70    0.00    0.00    0.00    0.00
21:16:26     all   94.76    0.00    2.24    0.00    0.00    2.99    0.00    0.00    0.00    0.00
21:16:27     all   94.51    0.00    2.49    0.00    0.00    2.99    0.00    0.00    0.00    0.00
21:16:28     all   94.54    0.00    2.73    0.00    0.00    2.73    0.00    0.00    0.00    0.00
21:16:29     all   94.07    0.00    2.72    0.00    0.00    3.21    0.00    0.00    0.00    0.00
21:16:30     all   94.26    0.00    2.74    0.00    0.00    2.99    0.00    0.00    0.00    0.00
21:16:31     all   94.75    0.00    2.25    0.00    0.00    3.00    0.00    0.00    0.00    0.00
21:16:32     all   94.29    0.00    2.98    0.00    0.00    2.73    0.00    0.00    0.00    0.00
21:16:33     all   94.32    0.00    2.96    0.00    0.00    2.72    0.00    0.00    0.00    0.00
21:16:34     all   94.79    0.00    2.48    0.00    0.00    2.73    0.00    0.00    0.00    0.00
21:16:35     all   94.00    0.00    3.00    0.00    0.00    3.00    0.00    0.00    0.00    0.00
21:16:36     all   92.57    0.00    4.46    0.00    0.00    2.97    0.00    0.00    0.00    0.00
21:16:37     all   94.24    0.00    2.76    0.00    0.00    3.01    0.00    0.00    0.00    0.00
21:16:38     all   94.54    0.00    2.48    0.00    0.00    2.98    0.00    0.00    0.00    0.00
21:16:39     all   94.38    0.00    2.44    0.00    0.00    3.18    0.00    0.00    0.00    0.00
21:16:40     all   94.04    0.00    2.73    0.00    0.00    3.23    0.00    0.00    0.00    0.00
21:16:41     all   94.49    0.00    2.76    0.00    0.00    2.76    0.00    0.00    0.00    0.00
21:16:42     all   94.07    0.00    2.47    0.00    0.00    3.46    0.00    0.00    0.00    0.00
21:16:43     all   93.98    0.00    2.51    0.00    0.00    3.51    0.00    0.00    0.00    0.00
21:16:44     all   94.07    0.00    2.96    0.00    0.00    2.96    0.00    0.00    0.00    0.00
21:16:45     all   95.01    0.00    2.00    0.00    0.00    2.99    0.00    0.00    0.00    0.00
21:16:46     all   93.80    0.00    2.73    0.00    0.00    3.47    0.00    0.00    0.00    0.00
21:16:47     all   94.80    0.00    2.48    0.00    0.00    2.72    0.00    0.00    0.00    0.00
21:16:48     all   93.78    0.00    2.99    0.00    0.00    3.23    0.00    0.00    0.00    0.00
21:16:49     all   94.33    0.00    2.71    0.00    0.00    2.96    0.00    0.00    0.00    0.00
21:16:50     all   94.28    0.00    2.49    0.00    0.00    3.23    0.00    0.00    0.00    0.00
21:16:51     all   94.51    0.00    2.74    0.00    0.00    2.74    0.00    0.00    0.00    0.00
21:16:52     all   95.54    0.00    2.23    0.00    0.00    2.23    0.00    0.00    0.00    0.00
21:16:53     all   93.81    0.00    2.72    0.00    0.00    3.47    0.00    0.00    0.00    0.00
21:16:54     all   94.03    0.00    2.99    0.00    0.00    2.99    0.00    0.00    0.00    0.00
21:16:55     all   94.47    0.00    2.51    0.00    0.00    3.02    0.00    0.00    0.00    0.00
21:16:56     all   93.83    0.00    2.72    0.00    0.00    3.46    0.00    0.00    0.00    0.00
21:16:57     all   94.01    0.00    2.99    0.00    0.00    2.99    0.00    0.00    0.00    0.00
21:16:58     all   94.00    0.00    2.25    0.00    0.00    3.75    0.00    0.00    0.00    0.00
21:16:59     all   94.39    0.00    2.68    0.00    0.00    2.93    0.00    0.00    0.00    0.00
21:17:00     all   94.81    0.00    2.22    0.00    0.00    2.96    0.00    0.00    0.00    0.00
21:17:01     all   94.06    0.00    2.97    0.00    0.00    2.97    0.00    0.00    0.00    0.00
21:17:02     all   94.50    0.00    2.75    0.00    0.00    2.75    0.00    0.00    0.00    0.00
21:17:03     all   94.28    0.00    2.99    0.00    0.00    2.74    0.00    0.00    0.00    0.00
21:17:04     all   94.26    0.00    2.49    0.00    0.00    3.24    0.00    0.00    0.00    0.00
21:17:05     all   94.50    0.00    2.50    0.00    0.00    3.00    0.00    0.00    0.00    0.00
21:17:06     all   94.00    0.00    3.00    0.00    0.00    3.00    0.00    0.00    0.00    0.00
21:17:07     all   94.54    0.00    2.48    0.00    0.00    2.98    0.00    0.00    0.00    0.00
21:17:08     all   93.89    0.00    2.69    0.00    0.00    3.42    0.00    0.00    0.00    0.00
21:17:09     all   94.24    0.00    2.76    0.00    0.00    3.01    0.00    0.00    0.00    0.00
21:17:10     all   94.83    0.00    2.71    0.00    0.00    2.46    0.00    0.00    0.00    0.00
21:17:11     all   93.55    0.00    2.73    0.00    0.00    3.72    0.00    0.00    0.00    0.00
21:17:12     all   94.53    0.00    2.74    0.00    0.00    2.74    0.00    0.00    0.00    0.00
21:17:13     all   94.76    0.00    2.24    0.00    0.00    2.99    0.00    0.00    0.00    0.00
21:17:14     all   94.28    0.00    2.49    0.00    0.00    3.23    0.00    0.00    0.00    0.00
21:17:15     all   94.04    0.00    2.73    0.00    0.00    3.23    0.00    0.00    0.00    0.00
21:17:16     all   95.05    0.00    2.23    0.00    0.00    2.72    0.00    0.00    0.00    0.00
21:17:17     all   93.81    0.00    2.48    0.00    0.00    3.71    0.00    0.00    0.00    0.00
21:17:18     all   93.30    0.00    3.23    0.00    0.00    3.47    0.00    0.00    0.00    0.00
21:17:19     all   94.72    0.00    2.51    0.00    0.00    2.76    0.00    0.00    0.00    0.00
21:17:20     all   94.53    0.00    2.24    0.00    0.00    3.23    0.00    0.00    0.00    0.00
21:17:21     all   93.87    0.00    2.94    0.00    0.00    3.19    0.00    0.00    0.00    0.00
21:17:22     all   93.78    0.00    2.99    0.00    0.00    3.23    0.00    0.00    0.00    0.00
21:17:23     all   94.01    0.00    2.74    0.00    0.00    3.24    0.00    0.00    0.00    0.00
21:17:24     all   94.31    0.00    2.72    0.00    0.00    2.97    0.00    0.00    0.00    0.00
21:17:25     all   93.83    0.00    2.96    0.00    0.00    3.21    0.00    0.00    0.00    0.00
21:17:26     all   94.97    0.00    2.76    0.00    0.00    2.26    0.00    0.00    0.00    0.00
21:17:27     all   94.62    0.00    2.44    0.00    0.00    2.93    0.00    0.00    0.00    0.00
21:17:28     all   94.99    0.00    2.51    0.00    0.00    2.51    0.00    0.00    0.00    0.00
21:17:29     all   93.23    0.00    3.01    0.00    0.00    3.76    0.00    0.00    0.00    0.00
21:17:30     all   94.13    0.00    2.44    0.00    0.00    3.42    0.00    0.00    0.00    0.00
21:17:31     all   94.47    0.00    2.76    0.00    0.00    2.76    0.00    0.00    0.00    0.00
21:17:32     all   94.28    0.00    2.49    0.00    0.00    3.23    0.00    0.00    0.00    0.00
21:17:33     all   94.21    0.00    2.27    0.00    0.00    3.53    0.00    0.00    0.00    0.00
21:17:34     all   94.80    0.00    2.72    0.00    0.00    2.48    0.00    0.00    0.00    0.00
21:17:35     all   92.91    0.00    3.67    0.00    0.00    3.42    0.00    0.00    0.00    0.00
21:17:36     all   93.77    0.00    2.49    0.00    0.00    3.74    0.00    0.00    0.00    0.00
21:17:37     all   93.52    0.00    3.24    0.00    0.00    3.24    0.00    0.00    0.00    0.00
21:17:38     all   93.80    0.00    2.98    0.00    0.00    3.23    0.00    0.00    0.00    0.00
21:17:39     all   95.04    0.00    2.48    0.00    0.00    2.48    0.00    0.00    0.00    0.00
21:17:40     all   94.53    0.00    2.74    0.00    0.00    2.74    0.00    0.00    0.00    0.00
21:17:41     all   94.61    0.00    1.72    0.00    0.00    3.68    0.00    0.00    0.00    0.00
21:17:42     all   94.49    0.00    2.76    0.00    0.00    2.76    0.00    0.00    0.00    0.00
21:17:43     all   94.25    0.00    3.00    0.00    0.00    2.75    0.00    0.00    0.00    0.00
21:17:44     all   94.55    0.00    2.23    0.00    0.00    3.22    0.00    0.00    0.00    0.00
21:17:45     all   93.81    0.00    3.22    0.00    0.00    2.97    0.00    0.00    0.00    0.00
21:17:46     all   94.75    0.00    2.50    0.00    0.00    2.75    0.00    0.00    0.00    0.00
21:17:47     all   94.55    0.00    2.48    0.00    0.00    2.97    0.00    0.00    0.00    0.00
21:17:48     all   94.06    0.00    2.48    0.00    0.00    3.47    0.00    0.00    0.00    0.00
21:17:49     all   94.76    0.00    2.49    0.00    0.00    2.74    0.00    0.00    0.00    0.00
21:17:50     all   94.99    0.00    2.51    0.00    0.00    2.51    0.00    0.00    0.00    0.00
21:17:51     all   93.58    0.00    2.72    0.00    0.00    3.70    0.00    0.00    0.00    0.00
21:17:52     all   95.04    0.00    1.99    0.00    0.00    2.98    0.00    0.00    0.00    0.00
21:17:53     all   94.04    0.00    2.98    0.00    0.00    2.98    0.00    0.00    0.00    0.00
21:17:54     all   94.32    0.00    2.96    0.00    0.00    2.72    0.00    0.00    0.00    0.00
21:17:55     all   94.28    0.00    2.49    0.00    0.00    3.23    0.00    0.00    0.00    0.00
21:17:56     all   94.04    0.00    2.98    0.00    0.00    2.98    0.00    0.00    0.00    0.00
21:17:57     all   94.76    0.00    2.24    0.00    0.00    2.99    0.00    0.00    0.00    0.00
21:17:58     all   94.06    0.00    2.97    0.00    0.00    2.97    0.00    0.00    0.00    0.00
21:17:59     all   94.99    0.00    2.51    0.00    0.00    2.51    0.00    0.00    0.00    0.00
21:18:00     all   92.87    0.00    3.44    0.00    0.00    3.69    0.00    0.00    0.00    0.00
21:18:01     all   94.75    0.00    2.50    0.00    0.00    2.75    0.00    0.00    0.00    0.00
21:18:02     all   93.78    0.00    2.99    0.00    0.00    3.23    0.00    0.00    0.00    0.00
21:18:03     all   94.28    0.00    2.74    0.00    0.00    2.99    0.00    0.00    0.00    0.00
21:18:04     all   94.04    0.00    2.73    0.00    0.00    3.23    0.00    0.00    0.00    0.00
21:18:05     all   94.78    0.00    2.74    0.00    0.00    2.49    0.00    0.00    0.00    0.00
21:18:06     all   94.51    0.00    2.49    0.00    0.00    2.99    0.00    0.00    0.00    0.00
21:18:07     all   94.29    0.00    2.98    0.00    0.00    2.73    0.00    0.00    0.00    0.00
21:18:08     all   94.29    0.00    1.99    0.00    0.00    3.72    0.00    0.00    0.00    0.00
21:18:09     all   94.54    0.00    2.48    0.00    0.00    2.98    0.00    0.00    0.00    0.00
21:18:10     all   94.51    0.00    2.24    0.00    0.00    3.24    0.00    0.00    0.00    0.00
21:18:11     all   94.31    0.00    2.72    0.00    0.00    2.97    0.00    0.00    0.00    0.00
21:18:12     all   93.83    0.00    3.46    0.00    0.00    2.72    0.00    0.00    0.00    0.00
21:18:13     all   94.24    0.00    2.51    0.00    0.00    3.26    0.00    0.00    0.00    0.00
21:18:14     all   95.00    0.00    2.50    0.00    0.00    2.50    0.00    0.00    0.00    0.00
21:18:15     all   94.10    0.00    2.46    0.00    0.00    3.44    0.00    0.00    0.00    0.00
21:18:16     all   94.54    0.00    2.73    0.00    0.00    2.73    0.00    0.00    0.00    0.00
21:18:17     all   94.01    0.00    2.74    0.00    0.00    3.24    0.00    0.00    0.00    0.00
21:18:18     all   95.06    0.00    2.22    0.00    0.00    2.72    0.00    0.00    0.00    0.00
21:18:19     all   94.00    0.00    3.00    0.00    0.00    3.00    0.00    0.00    0.00    0.00
21:18:20     all   94.07    0.00    2.72    0.00    0.00    3.21    0.00    0.00    0.00    0.00
21:18:21     all   94.01    0.00    3.24    0.00    0.00    2.74    0.00    0.00    0.00    0.00
21:18:22     all   94.50    0.00    2.25    0.00    0.00    3.25    0.00    0.00    0.00    0.00
21:18:23     all   94.04    0.00    2.73    0.00    0.00    3.23    0.00    0.00    0.00    0.00
21:18:24     all   93.53    0.00    3.23    0.00    0.00    3.23    0.00    0.00    0.00    0.00
21:18:25     all   94.06    0.00    2.72    0.00    0.00    3.22    0.00    0.00    0.00    0.00
21:18:26     all   94.29    0.00    2.48    0.00    0.00    3.23    0.00    0.00    0.00    0.00
21:18:27     all   93.78    0.00    3.23    0.00    0.00    2.99    0.00    0.00    0.00    0.00
21:18:28     all   94.33    0.00    2.71    0.00    0.00    2.96    0.00    0.00    0.00    0.00
21:18:29     all   94.78    0.00    2.74    0.00    0.00    2.49    0.00    0.00    0.00    0.00
21:18:30     all   94.57    0.00    2.47    0.00    0.00    2.96    0.00    0.00    0.00    0.00
21:18:31     all   94.01    0.00    2.74    0.00    0.00    3.24    0.00    0.00    0.00    0.00
21:18:32     all   93.80    0.00    2.98    0.00    0.00    3.23    0.00    0.00    0.00    0.00
21:18:33     all   94.59    0.00    2.70    0.00    0.00    2.70    0.00    0.00    0.00    0.00
21:18:34     all   94.50    0.00    2.50    0.00    0.00    3.00    0.00    0.00    0.00    0.00
21:18:35     all   92.79    0.00    4.23    0.00    0.00    2.74    0.00    0.00    0.00    0.25
21:18:36     all   93.83    0.00    2.96    0.00    0.00    3.21    0.00    0.00    0.00    0.00
21:18:37     all   94.22    0.00    2.26    0.00    0.00    3.52    0.00    0.00    0.00    0.00
21:18:38     all   94.31    0.00    2.72    0.00    0.00    2.97    0.00    0.00    0.00    0.00
21:18:39     all   94.50    0.00    3.00    0.00    0.00    2.50    0.00    0.00    0.00    0.00
21:18:40     all   93.35    0.00    2.96    0.00    0.00    3.69    0.00    0.00    0.00    0.00
21:18:41     all   94.01    0.00    2.74    0.00    0.00    3.24    0.00    0.00    0.00    0.00
21:18:42     all   95.25    0.00    1.75    0.00    0.00    3.00    0.00    0.00    0.00    0.00
21:18:44     all   94.16    0.00    2.68    0.00    0.00    3.16    0.00    0.00    0.00    0.00
21:18:45     all   94.99    0.00    2.26    0.00    0.00    2.76    0.00    0.00    0.00    0.00
21:18:46     all   94.06    0.00    2.97    0.00    0.00    2.97    0.00    0.00    0.00    0.00
21:18:47     all   94.29    0.00    2.73    0.00    0.00    2.98    0.00    0.00    0.00    0.00
21:18:48     all   95.00    0.00    2.25    0.00    0.00    2.75    0.00    0.00    0.00    0.00
21:18:49     all   94.53    0.00    2.99    0.00    0.00    2.49    0.00    0.00    0.00    0.00
21:18:50     all   94.07    0.00    2.96    0.00    0.00    2.96    0.00    0.00    0.00    0.00
21:18:51     all   94.74    0.00    2.51    0.00    0.00    2.76    0.00    0.00    0.00    0.00
21:18:52     all   94.55    0.00    2.48    0.00    0.00    2.97    0.00    0.00    0.00    0.00
21:18:53     all   94.28    0.00    2.99    0.00    0.00    2.74    0.00    0.00    0.00    0.00
21:18:54     all   93.55    0.00    2.98    0.00    0.00    3.47    0.00    0.00    0.00    0.00
21:18:55     all   93.63    0.00    3.43    0.00    0.00    2.94    0.00    0.00    0.00    0.00
21:18:56     all   93.75    0.00    2.75    0.00    0.00    3.50    0.00    0.00    0.00    0.00
21:18:57     all   94.26    0.00    2.24    0.00    0.00    3.49    0.00    0.00    0.00    0.00
21:18:58     all   94.54    0.00    2.48    0.00    0.00    2.98    0.00    0.00    0.00    0.00
21:18:59     all   93.83    0.00    2.96    0.00    0.00    3.21    0.00    0.00    0.00    0.00
21:19:00     all   94.50    0.00    2.50    0.00    0.00    3.00    0.00    0.00    0.00    0.00
21:19:01     all   94.06    0.00    2.72    0.00    0.00    3.22    0.00    0.00    0.00    0.00
21:19:02     all   93.78    0.00    2.49    0.00    0.00    3.73    0.00    0.00    0.00    0.00
21:19:03     all   94.57    0.00    2.72    0.00    0.00    2.72    0.00    0.00    0.00    0.00
21:19:04     all   94.25    0.00    2.75    0.00    0.00    3.00    0.00    0.00    0.00    0.00
21:19:05     all   94.32    0.00    2.72    0.00    0.00    2.96    0.00    0.00    0.00    0.00
21:19:06     all   93.77    0.00    2.74    0.00    0.00    3.49    0.00    0.00    0.00    0.00
21:19:07     all   95.04    0.00    2.48    0.00    0.00    2.48    0.00    0.00    0.00    0.00
21:19:08     all   93.61    0.00    2.95    0.00    0.00    3.44    0.00    0.00    0.00    0.00
21:19:09     all   94.74    0.00    2.51    0.00    0.00    2.76    0.00    0.00    0.00    0.00
21:19:10     all   93.55    0.00    2.98    0.00    0.00    3.47    0.00    0.00    0.00    0.00
21:19:11     all   93.81    0.00    3.22    0.00    0.00    2.97    0.00    0.00    0.00    0.00
21:19:12     all   94.51    0.00    2.24    0.00    0.00    3.24    0.00    0.00    0.00    0.00
21:19:13     all   93.33    0.00    3.21    0.00    0.00    3.46    0.00    0.00    0.00    0.00
21:19:14     all   94.54    0.00    2.73    0.00    0.00    2.73    0.00    0.00    0.00    0.00
21:19:15     all   94.99    0.00    2.51    0.00    0.00    2.51    0.00    0.00    0.00    0.00
21:19:16     all   93.78    0.00    2.49    0.00    0.00    3.73    0.00    0.00    0.00    0.00
21:19:17     all   94.01    0.00    2.99    0.00    0.00    2.99    0.00    0.00    0.00    0.00
21:19:18     all   93.98    0.00    2.51    0.00    0.00    3.51    0.00    0.00    0.00    0.00
21:19:19     all   93.83    0.00    2.72    0.00    0.00    3.46    0.00    0.00    0.00    0.00
21:19:20     all   93.78    0.00    2.74    0.00    0.00    3.48    0.00    0.00    0.00    0.00
21:19:21     all   93.92    0.00    2.68    0.00    0.00    3.41    0.00    0.00    0.00    0.00
21:19:22     all   94.75    0.00    2.50    0.00    0.00    2.75    0.00    0.00    0.00    0.00
21:19:23     all   94.26    0.00    2.24    0.00    0.00    3.49    0.00    0.00    0.00    0.00
21:19:24     all   93.75    0.00    3.00    0.00    0.00    3.25    0.00    0.00    0.00    0.00
21:19:25     all   94.57    0.00    2.22    0.00    0.00    3.21    0.00    0.00    0.00    0.00
21:19:26     all   94.01    0.00    2.49    0.00    0.00    3.49    0.00    0.00    0.00    0.00
21:19:27     all   94.31    0.00    2.48    0.00    0.00    3.22    0.00    0.00    0.00    0.00
21:19:28     all   94.50    0.00    2.50    0.00    0.00    3.00    0.00    0.00    0.00    0.00
21:19:29     all   93.78    0.00    2.49    0.00    0.00    3.73    0.00    0.00    0.00    0.00
21:19:30     all   94.54    0.00    2.48    0.00    0.00    2.98    0.00    0.00    0.00    0.00
21:19:31     all   93.58    0.00    2.72    0.00    0.00    3.70    0.00    0.00    0.00    0.00
21:19:32     all   94.47    0.00    2.26    0.00    0.00    3.27    0.00    0.00    0.00    0.00
21:19:33     all   93.56    0.00    3.47    0.00    0.00    2.97    0.00    0.00    0.00    0.00
21:19:34     all   94.33    0.00    2.22    0.00    0.00    3.45    0.00    0.00    0.00    0.00
21:19:35     all   93.53    0.00    3.73    0.00    0.00    2.74    0.00    0.00    0.00    0.00
21:19:36     all   93.83    0.00    2.72    0.00    0.00    3.46    0.00    0.00    0.00    0.00
21:19:37     all   93.52    0.00    2.99    0.00    0.00    3.49    0.00    0.00    0.00    0.00
21:19:38     all   95.01    0.00    2.24    0.00    0.00    2.74    0.00    0.00    0.00    0.00
21:19:39     all   94.03    0.00    3.23    0.00    0.00    2.74    0.00    0.00    0.00    0.00
21:19:40     all   93.78    0.00    2.99    0.00    0.00    3.23    0.00    0.00    0.00    0.00
21:19:41     all   94.51    0.00    2.74    0.00    0.00    2.74    0.00    0.00    0.00    0.00
21:19:42     all   94.29    0.00    2.48    0.00    0.00    3.23    0.00    0.00    0.00    0.00
21:19:43     all   93.87    0.00    2.70    0.00    0.00    3.43    0.00    0.00    0.00    0.00
21:19:44     all   93.48    0.00    3.26    0.00    0.00    3.26    0.00    0.00    0.00    0.00
21:19:45     all   94.55    0.00    2.72    0.00    0.00    2.72    0.00    0.00    0.00    0.00
21:19:46     all   94.78    0.00    2.24    0.00    0.00    2.99    0.00    0.00    0.00    0.00
21:19:47     all   94.26    0.00    2.99    0.00    0.00    2.74    0.00    0.00    0.00    0.00
21:19:48     all   93.81    0.00    2.97    0.00    0.00    3.22    0.00    0.00    0.00    0.00
21:19:49     all   94.26    0.00    2.49    0.00    0.00    3.24    0.00    0.00    0.00    0.00
21:19:50     all   94.07    0.00    2.72    0.00    0.00    3.21    0.00    0.00    0.00    0.00
21:19:51     all   94.10    0.00    2.70    0.00    0.00    3.19    0.00    0.00    0.00    0.00
21:19:52     all   94.25    0.00    2.75    0.00    0.00    3.00    0.00    0.00    0.00    0.00
21:19:53     all   94.97    0.00    2.51    0.00    0.00    2.51    0.00    0.00    0.00    0.00
21:19:54     all   93.53    0.00    2.99    0.00    0.00    3.48    0.00    0.00    0.00    0.00
21:19:55     all   94.07    0.00    2.96    0.00    0.00    2.96    0.00    0.00    0.00    0.00
21:19:56     all   94.07    0.00    2.47    0.00    0.00    3.46    0.00    0.00    0.00    0.00
21:19:57     all   94.50    0.00    2.75    0.00    0.00    2.75    0.00    0.00    0.00    0.00
21:19:58     all   94.58    0.00    2.46    0.00    0.00    2.96    0.00    0.00    0.00    0.00
21:19:59     all   94.50    0.00    2.75    0.00    0.00    2.75    0.00    0.00    0.00    0.00
21:20:00     all   94.49    0.00    2.76    0.00    0.00    2.76    0.00    0.00    0.00    0.00
21:20:01     all   94.59    0.00    2.70    0.00    0.00    2.70    0.00    0.00    0.00    0.00
21:20:02     all   94.04    0.00    2.73    0.00    0.00    3.23    0.00    0.00    0.00    0.00
21:20:03     all   93.75    0.00    3.00    0.00    0.00    3.25    0.00    0.00    0.00    0.00
21:20:04     all   94.35    0.00    2.46    0.00    0.00    3.19    0.00    0.00    0.00    0.00
21:20:05     all   94.96    0.00    2.52    0.00    0.00    2.52    0.00    0.00    0.00    0.00
21:20:06     all   94.07    0.00    2.47    0.00    0.00    3.46    0.00    0.00    0.00    0.00
21:20:07     all   94.26    0.00    2.99    0.00    0.00    2.74    0.00    0.00    0.00    0.00
21:20:08     all   94.29    0.00    2.48    0.00    0.00    3.23    0.00    0.00    0.00    0.00
21:20:09     all   94.07    0.00    2.72    0.00    0.00    3.21    0.00    0.00    0.00    0.00
21:20:10     all   94.28    0.00    2.99    0.00    0.00    2.74    0.00    0.00    0.00    0.00
21:20:11     all   93.98    0.00    2.26    0.00    0.00    3.76    0.00    0.00    0.00    0.00
21:20:12     all   94.58    0.00    2.96    0.00    0.00    2.46    0.00    0.00    0.00    0.00
21:20:13     all   94.28    0.00    2.74    0.00    0.00    2.99    0.00    0.00    0.00    0.00
21:20:14     all   93.80    0.00    3.23    0.00    0.00    2.98    0.00    0.00    0.00    0.00
21:20:15     all   94.71    0.00    1.76    0.00    0.00    3.53    0.00    0.00    0.00    0.00
21:20:16     all   93.87    0.00    2.94    0.00    0.00    3.19    0.00    0.00    0.00    0.00
21:20:17     all   93.58    0.00    3.21    0.00    0.00    3.21    0.00    0.00    0.00    0.00
21:20:18     all   94.78    0.00    2.49    0.00    0.00    2.74    0.00    0.00    0.00    0.00
21:20:19     all   94.51    0.00    2.49    0.00    0.00    2.99    0.00    0.00    0.00    0.00
21:20:20     all   93.80    0.00    3.23    0.00    0.00    2.98    0.00    0.00    0.00    0.00
21:20:21     all   95.23    0.00    2.01    0.00    0.00    2.76    0.00    0.00    0.00    0.00
21:20:22     all   94.07    0.00    2.22    0.00    0.00    3.70    0.00    0.00    0.00    0.00
21:20:23     all   94.31    0.00    2.97    0.00    0.00    2.72    0.00    0.00    0.00    0.00
21:20:24     all   94.04    0.00    3.23    0.00    0.00    2.73    0.00    0.00    0.00    0.00
21:20:25     all   94.26    0.00    2.74    0.00    0.00    2.99    0.00    0.00    0.00    0.00
21:20:26     all   94.79    0.00    2.73    0.00    0.00    2.48    0.00    0.00    0.00    0.00
21:20:27     all   93.75    0.00    2.75    0.00    0.00    3.50    0.00    0.00    0.00    0.00
21:20:28     all   94.80    0.00    2.48    0.00    0.00    2.72    0.00    0.00    0.00    0.00
21:20:29     all   93.83    0.00    2.96    0.00    0.00    3.21    0.00    0.00    0.00    0.00
21:20:30     all   94.26    0.00    2.99    0.00    0.00    2.74    0.00    0.00    0.00    0.00
21:20:31     all   94.57    0.00    2.22    0.00    0.00    3.21    0.00    0.00    0.00    0.00
21:20:32     all   94.51    0.00    2.24    0.00    0.00    3.24    0.00    0.00    0.00    0.00
21:20:33     all   94.04    0.00    2.73    0.00    0.00    3.23    0.00    0.00    0.00    0.00
21:20:34     all   93.77    0.00    2.99    0.00    0.00    3.24    0.00    0.00    0.00    0.00
21:20:35     all   92.52    0.00    4.49    0.00    0.00    2.99    0.00    0.00    0.00    0.00
21:20:36     all   94.09    0.00    2.46    0.00    0.00    3.45    0.00    0.00    0.00    0.00
21:20:37     all   93.50    0.00    2.75    0.00    0.00    3.75    0.00    0.00    0.00    0.00
21:20:38     all   95.01    0.00    2.74    0.00    0.00    2.24    0.00    0.00    0.00    0.00
21:20:39     all   93.33    0.00    2.96    0.00    0.00    3.70    0.00    0.00    0.00    0.00
21:20:40     all   94.03    0.00    2.99    0.00    0.00    2.99    0.00    0.00    0.00    0.00
21:20:41     all   94.58    0.00    2.22    0.00    0.00    3.20    0.00    0.00    0.00    0.00
21:20:42     all   94.00    0.00    2.75    0.00    0.00    3.25    0.00    0.00    0.00    0.00
21:20:43     all   94.31    0.00    2.48    0.00    0.00    3.22    0.00    0.00    0.00    0.00
21:20:44     all   94.01    0.00    3.24    0.00    0.00    2.74    0.00    0.00    0.00    0.00
21:20:45     all   93.80    0.00    2.73    0.00    0.00    3.47    0.00    0.00    0.00    0.00
21:20:46     all   95.76    0.00    1.75    0.00    0.00    2.49    0.00    0.00    0.00    0.00
21:20:47     all   93.30    0.00    3.23    0.00    0.00    3.47    0.00    0.00    0.00    0.00
21:20:48     all   93.80    0.00    2.98    0.00    0.00    3.23    0.00    0.00    0.00    0.00
21:20:49     all   94.54    0.00    2.48    0.00    0.00    2.98    0.00    0.00    0.00    0.00
21:20:50     all   94.03    0.00    2.74    0.00    0.00    3.23    0.00    0.00    0.00    0.00
21:20:51     all   94.54    0.00    2.73    0.00    0.00    2.73    0.00    0.00    0.00    0.00
21:20:52     all   94.50    0.00    2.25    0.00    0.00    3.25    0.00    0.00    0.00    0.00
21:20:53     all   94.75    0.00    2.50    0.00    0.00    2.75    0.00    0.00    0.00    0.00
21:20:54     all   93.86    0.00    2.46    0.00    0.00    3.69    0.00    0.00    0.00    0.00
21:20:55     all   94.97    0.00    2.51    0.00    0.00    2.51    0.00    0.00    0.00    0.00
21:20:56     all   93.75    0.00    3.00    0.00    0.00    3.25    0.00    0.00    0.00    0.00
21:20:57     all   93.86    0.00    2.95    0.00    0.00    3.19    0.00    0.00    0.00    0.00
21:20:58     all   94.76    0.00    2.24    0.00    0.00    2.99    0.00    0.00    0.00    0.00
21:20:59     all   94.99    0.00    2.26    0.00    0.00    2.76    0.00    0.00    0.00    0.00
21:21:00     all   94.78    0.00    2.49    0.00    0.00    2.74    0.00    0.00    0.00    0.00
21:21:01     all   94.04    0.00    2.23    0.00    0.00    3.72    0.00    0.00    0.00    0.00
21:21:02     all   94.28    0.00    2.74    0.00    0.00    2.99    0.00    0.00    0.00    0.00
21:21:03     all   94.03    0.00    2.74    0.00    0.00    3.23    0.00    0.00    0.00    0.00
21:21:04     all   94.59    0.00    2.70    0.00    0.00    2.70    0.00    0.00    0.00    0.00
21:21:05     all   94.78    0.00    2.74    0.00    0.00    2.49    0.00    0.00    0.00    0.00
21:21:06     all   94.04    0.00    2.48    0.00    0.00    3.47    0.00    0.00    0.00    0.00
21:21:07     all   94.51    0.00    2.49    0.00    0.00    2.99    0.00    0.00    0.00    0.00
21:21:08     all   93.58    0.00    2.96    0.00    0.00    3.46    0.00    0.00    0.00    0.00
21:21:09     all   94.49    0.00    2.26    0.00    0.00    3.26    0.00    0.00    0.00    0.00
21:21:10     all   94.78    0.00    2.49    0.00    0.00    2.74    0.00    0.00    0.00    0.00
21:21:11     all   95.06    0.00    2.72    0.00    0.00    2.22    0.00    0.00    0.00    0.00
21:21:12     all   94.31    0.00    2.23    0.00    0.00    3.47    0.00    0.00    0.00    0.00
21:21:13     all   93.98    0.00    2.76    0.00    0.00    3.26    0.00    0.00    0.00    0.00
21:21:14     all   93.60    0.00    2.71    0.00    0.00    3.69    0.00    0.00    0.00    0.00
21:21:15     all   94.75    0.00    2.50    0.00    0.00    2.75    0.00    0.00    0.00    0.00
21:21:16     all   94.00    0.00    2.25    0.00    0.00    3.75    0.00    0.00    0.00    0.00
21:21:17     all   94.55    0.00    1.98    0.00    0.00    3.47    0.00    0.00    0.00    0.00
21:21:18     all   94.54    0.00    2.48    0.00    0.00    2.98    0.00    0.00    0.00    0.00
21:21:19     all   94.76    0.00    2.24    0.00    0.00    2.99    0.00    0.00    0.00    0.00
21:21:20     all   94.01    0.00    2.74    0.00    0.00    3.24    0.00    0.00    0.00    0.00
21:21:21     all   94.04    0.00    2.98    0.00    0.00    2.98    0.00    0.00    0.00    0.00
21:21:22     all   94.75    0.00    2.00    0.00    0.00    3.25    0.00    0.00    0.00    0.00
21:21:23     all   93.81    0.00    2.48    0.00    0.00    3.71    0.00    0.00    0.00    0.00
21:21:25     all   94.29    0.00    2.73    0.00    0.00    2.98    0.00    0.00    0.00    0.00
21:21:26     all   93.60    0.00    2.71    0.00    0.00    3.69    0.00    0.00    0.00    0.00
21:21:27     all   93.28    0.00    3.23    0.00    0.00    3.48    0.00    0.00    0.00    0.00
21:21:28     all   94.49    0.00    2.76    0.00    0.00    2.76    0.00    0.00    0.00    0.00
21:21:29     all   94.25    0.00    2.75    0.00    0.00    3.00    0.00    0.00    0.00    0.00
21:21:30     all   94.10    0.00    2.70    0.00    0.00    3.19    0.00    0.00    0.00    0.00
21:21:31     all   94.25    0.00    2.25    0.00    0.00    3.50    0.00    0.00    0.00    0.00
21:21:32     all   94.29    0.00    2.98    0.00    0.00    2.73    0.00    0.00    0.00    0.00
21:21:33     all   94.25    0.00    2.75    0.00    0.00    3.00    0.00    0.00    0.00    0.00
21:21:34     all   93.83    0.00    2.47    0.00    0.00    3.70    0.00    0.00    0.00    0.00
21:21:35     all   94.75    0.00    2.50    0.00    0.00    2.75    0.00    0.00    0.00    0.00
21:21:36     all   92.54    0.00    3.73    0.00    0.00    3.73    0.00    0.00    0.00    0.00
21:21:37     all   94.76    0.00    2.49    0.00    0.00    2.74    0.00    0.00    0.00    0.00
21:21:38     all   93.83    0.00    2.72    0.00    0.00    3.46    0.00    0.00    0.00    0.00
21:21:39     all   94.29    0.00    2.73    0.00    0.00    2.98    0.00    0.00    0.00    0.00
21:21:40     all   94.29    0.00    2.48    0.00    0.00    3.23    0.00    0.00    0.00    0.00
21:21:41     all   94.96    0.00    2.27    0.00    0.00    2.77    0.00    0.00    0.00    0.00
21:21:42     all   94.13    0.00    2.69    0.00    0.00    3.18    0.00    0.00    0.00    0.00
21:21:43     all   94.50    0.00    2.25    0.00    0.00    3.25    0.00    0.00    0.00    0.00
21:21:44     all   94.06    0.00    3.22    0.00    0.00    2.72    0.00    0.00    0.00    0.00
21:21:45     all   94.00    0.00    2.50    0.00    0.00    3.50    0.00    0.00    0.00    0.00
21:21:46     all   94.03    0.00    2.74    0.00    0.00    3.23    0.00    0.00    0.00    0.00
21:21:47     all   95.05    0.00    2.23    0.00    0.00    2.72    0.00    0.00    0.00    0.00
21:21:48     all   94.59    0.00    2.46    0.00    0.00    2.95    0.00    0.00    0.00    0.00
21:21:49     all   94.24    0.00    2.51    0.00    0.00    3.26    0.00    0.00    0.00    0.00
21:21:50     all   94.50    0.00    2.50    0.00    0.00    3.00    0.00    0.00    0.00    0.00
21:21:51     all   93.67    0.00    2.43    0.00    0.00    3.89    0.00    0.00    0.00    0.00
21:21:52     all   94.46    0.00    2.27    0.00    0.00    3.27    0.00    0.00    0.00    0.00
21:21:53     all   94.29    0.00    2.73    0.00    0.00    2.98    0.00    0.00    0.00    0.00
21:21:54     all   93.80    0.00    2.73    0.00    0.00    3.47    0.00    0.00    0.00    0.00
21:21:55     all   94.26    0.00    2.99    0.00    0.00    2.74    0.00    0.00    0.00    0.00
21:21:56     all   93.53    0.00    2.74    0.00    0.00    3.73    0.00    0.00    0.00    0.00
21:21:57     all   94.28    0.00    1.99    0.00    0.00    3.73    0.00    0.00    0.00    0.00
21:21:58     all   94.80    0.00    2.72    0.00    0.00    2.48    0.00    0.00    0.00    0.00
21:21:59     all   93.27    0.00    2.99    0.00    0.00    3.74    0.00    0.00    0.00    0.00
21:22:00     all   95.01    0.00    2.49    0.00    0.00    2.49    0.00    0.00    0.00    0.00
21:22:01     all   93.33    0.00    2.96    0.00    0.00    3.70    0.00    0.00    0.00    0.00
21:22:02     all   94.76    0.00    2.49    0.00    0.00    2.74    0.00    0.00    0.00    0.00
21:22:03     all   94.10    0.00    2.70    0.00    0.00    3.19    0.00    0.00    0.00    0.00
21:22:04     all   94.51    0.00    2.74    0.00    0.00    2.74    0.00    0.00    0.00    0.00
21:22:05     all   94.01    0.00    2.24    0.00    0.00    3.74    0.00    0.00    0.00    0.00
21:22:06     all   94.50    0.00    2.50    0.00    0.00    3.00    0.00    0.00    0.00    0.00
21:22:07     all   94.04    0.00    2.98    0.00    0.00    2.98    0.00    0.00    0.00    0.00
21:22:08     all   94.09    0.00    2.46    0.00    0.00    3.45    0.00    0.00    0.00    0.00
21:22:09     all   94.29    0.00    2.23    0.00    0.00    3.47    0.00    0.00    0.00    0.00
21:22:10     all   94.76    0.00    2.99    0.00    0.00    2.24    0.00    0.00    0.00    0.00
21:22:11     all   94.03    0.00    2.24    0.00    0.00    3.73    0.00    0.00    0.00    0.00
21:22:12     all   94.79    0.00    2.73    0.00    0.00    2.48    0.00    0.00    0.00    0.00
21:22:13     all   94.25    0.00    2.25    0.00    0.00    3.50    0.00    0.00    0.00    0.00
21:22:14     all   93.66    0.00    3.17    0.00    0.00    3.17    0.00    0.00    0.00    0.00
21:22:15     all   94.74    0.00    2.26    0.00    0.00    3.01    0.00    0.00    0.00    0.00
21:22:16     all   94.47    0.00    2.76    0.00    0.00    2.76    0.00    0.00    0.00    0.00
21:22:17     all   94.15    0.00    2.68    0.00    0.00    3.17    0.00    0.00    0.00    0.00
21:22:18     all   94.97    0.00    2.26    0.00    0.00    2.76    0.00    0.00    0.00    0.00
21:22:19     all   93.40    0.00    2.93    0.00    0.00    3.67    0.00    0.00    0.00    0.00
21:22:20     all   93.30    0.00    2.98    0.00    0.00    3.72    0.00    0.00    0.00    0.00
21:22:21     all   94.00    0.00    3.00    0.00    0.00    3.00    0.00    0.00    0.00    0.00
21:22:22     all   94.74    0.00    2.51    0.00    0.00    2.76    0.00    0.00    0.00    0.00
21:22:23     all   94.54    0.00    2.23    0.00    0.00    3.23    0.00    0.00    0.00    0.00
21:22:24     all   93.53    0.00    3.23    0.00    0.00    3.23    0.00    0.00    0.00    0.00
21:22:25     all   94.09    0.00    2.71    0.00    0.00    3.20    0.00    0.00    0.00    0.00
21:22:26     all   94.29    0.00    2.73    0.00    0.00    2.98    0.00    0.00    0.00    0.00
21:22:27     all   94.00    0.00    3.00    0.00    0.00    3.00    0.00    0.00    0.00    0.00
21:22:28     all   94.00    0.00    2.50    0.00    0.00    3.50    0.00    0.00    0.00    0.00
21:22:29     all   94.80    0.00    2.48    0.00    0.00    2.72    0.00    0.00    0.00    0.00
21:22:30     all   93.55    0.00    2.98    0.00    0.00    3.47    0.00    0.00    0.00    0.00
21:22:31     all   94.49    0.00    2.76    0.00    0.00    2.76    0.00    0.00    0.00    0.00
21:22:32     all   94.40    0.00    2.68    0.00    0.00    2.92    0.00    0.00    0.00    0.00
21:22:33     all   94.72    0.00    2.51    0.00    0.00    2.76    0.00    0.00    0.00    0.00
21:22:34     all   94.50    0.00    2.75    0.00    0.00    2.75    0.00    0.00    0.00    0.00
21:22:35     all   93.03    0.00    3.73    0.00    0.00    3.23    0.00    0.00    0.00    0.00
21:22:36     all   94.55    0.00    2.48    0.00    0.00    2.97    0.00    0.00    0.00    0.00
21:22:37     all   94.00    0.00    3.00    0.00    0.00    3.00    0.00    0.00    0.00    0.00
21:22:38     all   94.79    0.00    2.48    0.00    0.00    2.73    0.00    0.00    0.00    0.00
21:22:39     all   94.58    0.00    2.46    0.00    0.00    2.96    0.00    0.00    0.00    0.00
21:22:40     all   94.03    0.00    2.74    0.00    0.00    3.23    0.00    0.00    0.00    0.00
21:22:41     all   94.75    0.00    2.50    0.00    0.00    2.75    0.00    0.00    0.00    0.00
21:22:42     all   94.10    0.00    3.19    0.00    0.00    2.70    0.00    0.00    0.00    0.00
21:22:43     all   94.99    0.00    2.01    0.00    0.00    3.01    0.00    0.00    0.00    0.00
21:22:44     all   94.32    0.00    2.47    0.00    0.00    3.21    0.00    0.00    0.00    0.00
21:22:45     all   93.77    0.00    2.74    0.00    0.00    3.49    0.00    0.00    0.00    0.00
21:22:46     all   94.49    0.00    2.51    0.00    0.00    3.01    0.00    0.00    0.00    0.00
21:22:47     all   94.54    0.00    2.73    0.00    0.00    2.73    0.00    0.00    0.00    0.00
21:22:48     all   95.74    0.00    2.01    0.00    0.00    2.26    0.00    0.00    0.00    0.00
21:22:49     all   94.25    0.00    2.75    0.00    0.00    3.00    0.00    0.00    0.00    0.00
21:22:50     all   93.80    0.00    3.23    0.00    0.00    2.98    0.00    0.00    0.00    0.00
21:22:51     all   94.24    0.00    2.51    0.00    0.00    3.26    0.00    0.00    0.00    0.00
21:22:52     all   94.76    0.00    2.24    0.00    0.00    2.99    0.00    0.00    0.00    0.00
21:22:53     all   94.31    0.00    2.48    0.00    0.00    3.22    0.00    0.00    0.00    0.00
21:22:54     all   93.81    0.00    2.72    0.00    0.00    3.47    0.00    0.00    0.00    0.00
21:22:55     all   94.50    0.00    2.50    0.00    0.00    3.00    0.00    0.00    0.00    0.00
21:22:56     all   95.75    0.00    2.25    0.00    0.00    2.00    0.00    0.00    0.00    0.00
21:22:57     all   94.03    0.00    2.74    0.00    0.00    3.23    0.00    0.00    0.00    0.00
21:22:58     all   95.02    0.00    2.24    0.00    0.00    2.74    0.00    0.00    0.00    0.00
21:22:59     all   94.28    0.00    2.99    0.00    0.00    2.74    0.00    0.00    0.00    0.00
21:23:00     all   94.99    0.00    2.26    0.00    0.00    2.76    0.00    0.00    0.00    0.00
21:23:01     all   94.50    0.00    2.75    0.00    0.00    2.75    0.00    0.00    0.00    0.00
21:23:02     all   94.78    0.00    2.49    0.00    0.00    2.74    0.00    0.00    0.00    0.00
21:23:03     all   95.02    0.00    1.99    0.00    0.00    2.99    0.00    0.00    0.00    0.00
21:23:04     all   94.53    0.00    2.99    0.00    0.00    2.49    0.00    0.00    0.00    0.00
21:23:05     all   93.75    0.00    2.75    0.00    0.00    3.50    0.00    0.00    0.00    0.00
21:23:06     all   94.76    0.00    2.49    0.00    0.00    2.74    0.00    0.00    0.00    0.00
21:23:07     all   94.26    0.00    2.49    0.00    0.00    3.24    0.00    0.00    0.00    0.00
21:23:08     all   94.26    0.00    2.99    0.00    0.00    2.74    0.00    0.00    0.00    0.00
21:23:09     all   94.26    0.00    2.49    0.00    0.00    3.24    0.00    0.00    0.00    0.00
21:23:10     all   94.29    0.00    2.98    0.00    0.00    2.73    0.00    0.00    0.00    0.00
21:23:11     all   94.78    0.00    2.24    0.00    0.00    2.99    0.00    0.00    0.00    0.00
21:23:12     all   94.28    0.00    2.49    0.00    0.00    3.23    0.00    0.00    0.00    0.00
21:23:13     all   95.29    0.00    2.48    0.00    0.00    2.23    0.00    0.00    0.00    0.00
21:23:14     all   94.49    0.00    2.26    0.00    0.00    3.26    0.00    0.00    0.00    0.00
21:23:15     all   94.53    0.00    2.99    0.00    0.00    2.49    0.00    0.00    0.00    0.00
21:23:16     all   94.50    0.00    2.25    0.00    0.00    3.25    0.00    0.00    0.00    0.00
21:23:17     all   94.50    0.00    2.75    0.00    0.00    2.75    0.00    0.00    0.00    0.00
21:23:18     all   94.07    0.00    2.72    0.00    0.00    3.21    0.00    0.00    0.00    0.00
21:23:19     all   94.25    0.00    2.75    0.00    0.00    3.00    0.00    0.00    0.00    0.00
21:23:20     all   94.99    0.00    2.01    0.00    0.00    3.01    0.00    0.00    0.00    0.00
21:23:21     all   94.03    0.00    2.49    0.00    0.00    3.48    0.00    0.00    0.00    0.00
21:23:22     all   94.03    0.00    2.99    0.00    0.00    2.99    0.00    0.00    0.00    0.00
21:23:23     all   94.74    0.00    2.51    0.00    0.00    2.76    0.00    0.00    0.00    0.00
21:23:24     all   94.53    0.00    2.49    0.00    0.00    2.99    0.00    0.00    0.00    0.00
21:23:25     all   94.03    0.00    2.74    0.00    0.00    3.23    0.00    0.00    0.00    0.00
21:23:26     all   93.78    0.00    2.99    0.00    0.00    3.23    0.00    0.00    0.00    0.00
21:23:27     all   94.25    0.00    2.50    0.00    0.00    3.25    0.00    0.00    0.00    0.00
21:23:28     all   93.56    0.00    3.22    0.00    0.00    3.22    0.00    0.00    0.00    0.00
21:23:29     all   94.96    0.00    2.27    0.00    0.00    2.77    0.00    0.00    0.00    0.00
21:23:30     all   95.02    0.00    2.24    0.00    0.00    2.74    0.00    0.00    0.00    0.00
21:23:31     all   94.28    0.00    2.74    0.00    0.00    2.99    0.00    0.00    0.00    0.00
21:23:32     all   94.29    0.00    2.73    0.00    0.00    2.98    0.00    0.00    0.00    0.00
21:23:33     all   94.74    0.00    2.51    0.00    0.00    2.76    0.00    0.00    0.00    0.00
21:23:34     all   94.53    0.00    2.99    0.00    0.00    2.49    0.00    0.00    0.00    0.00
21:23:35     all   93.28    0.00    3.73    0.00    0.00    2.99    0.00    0.00    0.00    0.00
21:23:36     all   94.51    0.00    2.74    0.00    0.00    2.74    0.00    0.00    0.00    0.00
21:23:37     all   94.29    0.00    2.48    0.00    0.00    3.23    0.00    0.00    0.00    0.00
21:23:38     all   94.74    0.00    2.51    0.00    0.00    2.76    0.00    0.00    0.00    0.00
21:23:39     all   94.07    0.00    3.21    0.00    0.00    2.72    0.00    0.00    0.00    0.00
21:23:40     all   95.25    0.00    2.00    0.00    0.00    2.75    0.00    0.00    0.00    0.00
21:23:41     all   94.03    0.00    2.49    0.00    0.00    3.48    0.00    0.00    0.00    0.00
21:23:42     all   94.03    0.00    2.99    0.00    0.00    2.99    0.00    0.00    0.00    0.00
21:23:43     all   94.75    0.00    2.50    0.00    0.00    2.75    0.00    0.00    0.00    0.00
21:23:44     all   94.29    0.00    2.73    0.00    0.00    2.98    0.00    0.00    0.00    0.00
21:23:45     all   94.00    0.00    2.75    0.00    0.00    3.25    0.00    0.00    0.00    0.00
21:23:46     all   94.26    0.00    2.99    0.00    0.00    2.74    0.00    0.00    0.00    0.00
21:23:47     all   94.24    0.00    3.01    0.00    0.00    2.76    0.00    0.00    0.00    0.00
21:23:48     all   94.28    0.00    2.49    0.00    0.00    3.23    0.00    0.00    0.00    0.00
21:23:49     all   94.51    0.00    2.49    0.00    0.00    2.99    0.00    0.00    0.00    0.00
21:23:50     all   94.76    0.00    2.24    0.00    0.00    2.99    0.00    0.00    0.00    0.00
21:23:51     all   94.97    0.00    2.51    0.00    0.00    2.51    0.00    0.00    0.00    0.00
21:23:52     all   94.07    0.00    2.22    0.00    0.00    3.70    0.00    0.00    0.00    0.00
21:23:53     all   95.00    0.00    3.00    0.00    0.00    2.00    0.00    0.00    0.00    0.00
21:23:54     all   94.54    0.00    2.23    0.00    0.00    3.23    0.00    0.00    0.00    0.00
21:23:55     all   94.76    0.00    2.49    0.00    0.00    2.74    0.00    0.00    0.00    0.00
21:23:56     all   93.98    0.00    2.76    0.00    0.00    3.26    0.00    0.00    0.00    0.00
21:23:57     all   93.05    0.00    2.73    0.00    0.00    4.22    0.00    0.00    0.00    0.00
21:23:58     all   94.03    0.00    2.74    0.00    0.00    3.23    0.00    0.00    0.00    0.00
21:23:59     all   94.97    0.00    2.51    0.00    0.00    2.51    0.00    0.00    0.00    0.00
21:24:00     all   93.14    0.00    3.43    0.00    0.00    3.43    0.00    0.00    0.00    0.00
21:24:01     all   94.26    0.00    2.74    0.00    0.00    2.99    0.00    0.00    0.00    0.00
21:24:02     all   94.26    0.00    2.74    0.00    0.00    2.99    0.00    0.00    0.00    0.00
21:24:03     all   93.48    0.00    3.51    0.00    0.00    3.01    0.00    0.00    0.00    0.00
21:24:04     all   93.52    0.00    2.74    0.00    0.00    3.74    0.00    0.00    0.00    0.00
21:24:05     all   94.76    0.00    2.00    0.00    0.00    3.24    0.00    0.00    0.00    0.00
21:24:06     all   95.00    0.00    2.25    0.00    0.00    2.75    0.00    0.00    0.00    0.00
21:24:07     all   94.78    0.00    2.24    0.00    0.00    2.99    0.00    0.00    0.00    0.00
21:24:08     all   94.25    0.00    2.75    0.00    0.00    3.00    0.00    0.00    0.00    0.00
21:24:09     all   94.28    0.00    2.49    0.00    0.00    3.23    0.00    0.00    0.00    0.00
21:24:10     all   93.60    0.00    2.96    0.00    0.00    3.45    0.00    0.00    0.00    0.00
21:24:11     all   94.24    0.00    2.51    0.00    0.00    3.26    0.00    0.00    0.00    0.00
21:24:12     all   94.74    0.00    2.51    0.00    0.00    2.76    0.00    0.00    0.00    0.00
21:24:13     all   94.03    0.00    2.74    0.00    0.00    3.23    0.00    0.00    0.00    0.00
21:24:14     all   94.04    0.00    2.48    0.00    0.00    3.47    0.00    0.00    0.00    0.00
21:24:15     all   50.75    0.00   21.14    0.00    0.00    0.00    0.00    0.00    0.00   28.11
21:24:16     all   86.75    0.00   13.25    0.00    0.00    0.00    0.00    0.00    0.00    0.00
21:24:17     all   90.80    0.00    9.20    0.00    0.00    0.00    0.00    0.00    0.00    0.00
21:24:18     all   91.75    0.00    8.25    0.00    0.00    0.00    0.00    0.00    0.00    0.00
21:24:19     all   90.75    0.00    9.25    0.00    0.00    0.00    0.00    0.00    0.00    0.00
21:24:20     all   90.57    0.00    9.43    0.00    0.00    0.00    0.00    0.00    0.00    0.00
21:24:21     all   91.25    0.00    8.75    0.00    0.00    0.00    0.00    0.00    0.00    0.00
21:24:22     all   93.03    0.00    6.47    0.00    0.00    0.50    0.00    0.00    0.00    0.00
21:24:23     all   95.75    0.00    3.25    0.00    0.00    1.00    0.00    0.00    0.00    0.00
21:24:24     all   93.02    0.00    3.49    0.00    0.00    3.49    0.00    0.00    0.00    0.00
21:24:25     all   94.50    0.00    2.75    0.00    0.00    2.75    0.00    0.00    0.00    0.00
21:24:26     all   93.03    0.00    3.48    0.00    0.00    3.48    0.00    0.00    0.00    0.00
21:24:27     all   94.03    0.00    2.74    0.00    0.00    3.23    0.00    0.00    0.00    0.00
21:24:28     all   94.04    0.00    2.73    0.00    0.00    3.23    0.00    0.00    0.00    0.00
21:24:29     all   93.98    0.00    2.76    0.00    0.00    3.26    0.00    0.00    0.00    0.00
21:24:30     all   95.30    0.00    1.98    0.00    0.00    2.72    0.00    0.00    0.00    0.00
21:24:31     all   94.24    0.00    2.76    0.00    0.00    3.01    0.00    0.00    0.00    0.00
21:24:32     all   95.50    0.00    2.25    0.00    0.00    2.25    0.00    0.00    0.00    0.00
21:24:33     all   94.49    0.00    2.26    0.00    0.00    3.26    0.00    0.00    0.00    0.00
21:24:34     all   93.81    0.00    2.97    0.00    0.00    3.22    0.00    0.00    0.00    0.00
21:24:35     all   92.77    0.00    3.99    0.00    0.00    3.24    0.00    0.00    0.00    0.00
21:24:36     all   95.49    0.00    2.01    0.00    0.00    2.51    0.00    0.00    0.00    0.00
21:24:37     all   94.10    0.00    2.46    0.00    0.00    3.44    0.00    0.00    0.00    0.00
21:24:38     all   94.25    0.00    2.50    0.00    0.00    3.25    0.00    0.00    0.00    0.00
21:24:39     all   94.01    0.00    2.49    0.00    0.00    3.49    0.00    0.00    0.00    0.00
21:24:40     all   94.29    0.00    2.73    0.00    0.00    2.98    0.00    0.00    0.00    0.00
21:24:41     all   94.00    0.00    2.75    0.00    0.00    3.25    0.00    0.00    0.00    0.00
21:24:42     all   95.02    0.00    1.74    0.00    0.00    3.23    0.00    0.00    0.00    0.00
21:24:43     all   94.25    0.00    2.50    0.00    0.00    3.25    0.00    0.00    0.00    0.00
21:24:44     all   94.26    0.00    2.24    0.00    0.00    3.49    0.00    0.00    0.00    0.00
21:24:45     all   94.75    0.00    2.75    0.00    0.00    2.50    0.00    0.00    0.00    0.00
21:24:46     all   93.55    0.00    2.98    0.00    0.00    3.47    0.00    0.00    0.00    0.00
21:24:47     all   94.25    0.00    2.00    0.00    0.00    3.75    0.00    0.00    0.00    0.00
21:24:48     all   93.80    0.00    2.73    0.00    0.00    3.47    0.00    0.00    0.00    0.00
21:24:49     all   94.99    0.00    1.75    0.00    0.00    3.26    0.00    0.00    0.00    0.00
21:24:50     all   93.56    0.00    2.72    0.00    0.00    3.71    0.00    0.00    0.00    0.00
21:24:51     all   94.25    0.00    2.25    0.00    0.00    3.50    0.00    0.00    0.00    0.00
21:24:52     all   93.83    0.00    2.72    0.00    0.00    3.46    0.00    0.00    0.00    0.00
21:24:53     all   94.74    0.00    2.01    0.00    0.00    3.26    0.00    0.00    0.00    0.00
21:24:54     all   94.25    0.00    2.75    0.00    0.00    3.00    0.00    0.00    0.00    0.00
21:24:55     all   94.51    0.00    2.49    0.00    0.00    2.99    0.00    0.00    0.00    0.00
21:24:56     all   93.78    0.00    2.74    0.00    0.00    3.48    0.00    0.00    0.00    0.00
21:24:57     all   94.76    0.00    1.75    0.00    0.00    3.49    0.00    0.00    0.00    0.00
21:24:58     all   94.29    0.00    2.23    0.00    0.00    3.47    0.00    0.00    0.00    0.00
21:24:59     all   94.97    0.00    2.26    0.00    0.00    2.76    0.00    0.00    0.00    0.00
21:25:00     all   93.53    0.00    2.74    0.00    0.00    3.73    0.00    0.00    0.00    0.00
21:25:01     all   93.78    0.00    2.74    0.00    0.00    3.48    0.00    0.00    0.00    0.00
21:25:02     all   94.28    0.00    2.49    0.00    0.00    3.23    0.00    0.00    0.00    0.00
21:25:03     all   94.47    0.00    2.26    0.00    0.00    3.27    0.00    0.00    0.00    0.00
21:25:04     all   93.58    0.00    2.96    0.00    0.00    3.46    0.00    0.00    0.00    0.00
21:25:05     all   94.51    0.00    2.99    0.00    0.00    2.49    0.00    0.00    0.00    0.00
21:25:06     all   93.52    0.00    2.74    0.00    0.00    3.74    0.00    0.00    0.00    0.00
21:25:07     all   94.54    0.00    2.48    0.00    0.00    2.98    0.00    0.00    0.00    0.00
21:25:08     all   94.99    0.00    2.26    0.00    0.00    2.76    0.00    0.00    0.00    0.00
21:25:09     all   94.24    0.00    2.01    0.00    0.00    3.76    0.00    0.00    0.00    0.00
21:25:10     all   93.80    0.00    2.98    0.00    0.00    3.23    0.00    0.00    0.00    0.00
21:25:11     all   94.01    0.00    2.24    0.00    0.00    3.74    0.00    0.00    0.00    0.00
21:25:12     all   94.28    0.00    2.49    0.00    0.00    3.23    0.00    0.00    0.00    0.00
21:25:13     all   94.47    0.00    2.01    0.00    0.00    3.52    0.00    0.00    0.00    0.00
21:25:14     all   94.51    0.00    2.24    0.00    0.00    3.24    0.00    0.00    0.00    0.00
21:25:15     all   94.25    0.00    2.75    0.00    0.00    3.00    0.00    0.00    0.00    0.00
21:25:16     all   94.07    0.00    2.72    0.00    0.00    3.21    0.00    0.00    0.00    0.00
21:25:17     all   93.81    0.00    2.48    0.00    0.00    3.71    0.00    0.00    0.00    0.00
21:25:18     all   94.00    0.00    2.50    0.00    0.00    3.50    0.00    0.00    0.00    0.00
21:25:19     all   94.47    0.00    2.51    0.00    0.00    3.02    0.00    0.00    0.00    0.00
21:25:20     all   94.53    0.00    2.24    0.00    0.00    3.23    0.00    0.00    0.00    0.00
21:25:22     all   94.04    0.00    2.98    0.00    0.00    2.98    0.00    0.00    0.00    0.00
21:25:23     all   94.75    0.00    2.25    0.00    0.00    3.00    0.00    0.00    0.00    0.00
21:25:24     all   94.51    0.00    2.49    0.00    0.00    2.99    0.00    0.00    0.00    0.00
21:25:25     all   94.26    0.00    2.24    0.00    0.00    3.49    0.00    0.00    0.00    0.00
21:25:26     all   94.01    0.00    2.74    0.00    0.00    3.24    0.00    0.00    0.00    0.00
21:25:27     all   94.53    0.00    2.24    0.00    0.00    3.23    0.00    0.00    0.00    0.00
21:25:28     all   94.26    0.00    2.24    0.00    0.00    3.49    0.00    0.00    0.00    0.00
21:25:29     all   94.28    0.00    2.74    0.00    0.00    2.99    0.00    0.00    0.00    0.00
21:25:30     all   93.52    0.00    2.99    0.00    0.00    3.49    0.00    0.00    0.00    0.00
21:25:31     all   93.80    0.00    2.48    0.00    0.00    3.72    0.00    0.00    0.00    0.00
21:25:32     all   95.01    0.00    2.24    0.00    0.00    2.74    0.00    0.00    0.00    0.00
21:25:33     all   94.25    0.00    2.25    0.00    0.00    3.50    0.00    0.00    0.00    0.00
21:25:34     all   94.51    0.00    2.74    0.00    0.00    2.74    0.00    0.00    0.00    0.00
21:25:35     all   94.51    0.00    2.24    0.00    0.00    3.24    0.00    0.00    0.00    0.00
21:25:36     all   93.27    0.00    4.24    0.00    0.00    2.49    0.00    0.00    0.00    0.00
21:25:37     all   94.01    0.00    2.74    0.00    0.00    3.24    0.00    0.00    0.00    0.00
21:25:38     all   95.00    0.00    2.25    0.00    0.00    2.75    0.00    0.00    0.00    0.00
21:25:39     all   94.12    0.00    2.94    0.00    0.00    2.94    0.00    0.00    0.00    0.00
21:25:40     all   94.99    0.00    2.51    0.00    0.00    2.51    0.00    0.00    0.00    0.00
21:25:41     all   94.22    0.00    2.76    0.00    0.00    3.02    0.00    0.00    0.00    0.00
21:25:42     all   94.28    0.00    2.49    0.00    0.00    3.23    0.00    0.00    0.00    0.00
21:25:43     all   93.52    0.00    2.24    0.00    0.00    4.24    0.00    0.00    0.00    0.00
21:25:44     all   94.25    0.00    3.00    0.00    0.00    2.75    0.00    0.00    0.00    0.00
21:25:45     all   94.29    0.00    2.73    0.00    0.00    2.98    0.00    0.00    0.00    0.00
21:25:46     all   94.50    0.00    2.50    0.00    0.00    3.00    0.00    0.00    0.00    0.00
21:25:47     all   93.58    0.00    2.72    0.00    0.00    3.70    0.00    0.00    0.00    0.00
21:25:48     all   94.74    0.00    2.51    0.00    0.00    2.76    0.00    0.00    0.00    0.00
21:25:49     all   93.78    0.00    2.74    0.00    0.00    3.48    0.00    0.00    0.00    0.00
21:25:50     all   94.29    0.00    2.23    0.00    0.00    3.47    0.00    0.00    0.00    0.00
21:25:51     all   93.28    0.00    3.23    0.00    0.00    3.48    0.00    0.00    0.00    0.00
21:25:52     all   93.97    0.00    3.02    0.00    0.00    3.02    0.00    0.00    0.00    0.00
21:25:53     all   94.03    0.00    2.49    0.00    0.00    3.48    0.00    0.00    0.00    0.00
21:25:54     all   94.29    0.00    2.73    0.00    0.00    2.98    0.00    0.00    0.00    0.00
21:25:55     all   94.25    0.00    2.75    0.00    0.00    3.00    0.00    0.00    0.00    0.00
21:25:56     all   94.26    0.00    2.49    0.00    0.00    3.24    0.00    0.00    0.00    0.00
21:25:57     all   94.28    0.00    2.74    0.00    0.00    2.99    0.00    0.00    0.00    0.00
21:25:58     all   93.75    0.00    3.25    0.00    0.00    3.00    0.00    0.00    0.00    0.00
21:25:59     all   94.25    0.00    2.75    0.00    0.00    3.00    0.00    0.00    0.00    0.00
21:26:00     all   94.06    0.00    2.72    0.00    0.00    3.22    0.00    0.00    0.00    0.00
21:26:01     all   94.22    0.00    2.76    0.00    0.00    3.02    0.00    0.00    0.00    0.00
21:26:02     all   93.03    0.00    3.23    0.00    0.00    3.73    0.00    0.00    0.00    0.00
21:26:03     all   94.31    0.00    2.97    0.00    0.00    2.72    0.00    0.00    0.00    0.00
21:26:04     all   94.01    0.00    2.74    0.00    0.00    3.24    0.00    0.00    0.00    0.00
21:26:05     all   94.25    0.00    2.75    0.00    0.00    3.00    0.00    0.00    0.00    0.00
21:26:06     all   93.78    0.00    2.99    0.00    0.00    3.23    0.00    0.00    0.00    0.00
21:26:07     all   94.97    0.00    2.26    0.00    0.00    2.76    0.00    0.00    0.00    0.00
21:26:08     all   93.55    0.00    2.98    0.00    0.00    3.47    0.00    0.00    0.00    0.00
21:26:09     all   93.30    0.00    2.98    0.00    0.00    3.72    0.00    0.00    0.00    0.00
21:26:10     all   94.97    0.00    2.26    0.00    0.00    2.76    0.00    0.00    0.00    0.00
21:26:11     all   93.81    0.00    2.72    0.00    0.00    3.47    0.00    0.00    0.00    0.00
21:26:12     all   94.01    0.00    2.49    0.00    0.00    3.49    0.00    0.00    0.00    0.00
21:26:13     all   94.50    0.00    2.75    0.00    0.00    2.75    0.00    0.00    0.00    0.00
21:26:14     all   94.01    0.00    2.99    0.00    0.00    2.99    0.00    0.00    0.00    0.00
21:26:15     all   93.07    0.00    3.47    0.00    0.00    3.47    0.00    0.00    0.00    0.00
21:26:16     all   94.24    0.00    2.26    0.00    0.00    3.51    0.00    0.00    0.00    0.00
21:26:17     all   93.77    0.00    2.99    0.00    0.00    3.24    0.00    0.00    0.00    0.00
21:26:18     all   95.01    0.00    2.00    0.00    0.00    2.99    0.00    0.00    0.00    0.00
21:26:19     all   93.30    0.00    3.23    0.00    0.00    3.47    0.00    0.00    0.00    0.00
21:26:20     all   94.50    0.00    2.50    0.00    0.00    3.00    0.00    0.00    0.00    0.00
21:26:21     all   94.01    0.00    2.24    0.00    0.00    3.74    0.00    0.00    0.00    0.00
21:26:22     all   93.52    0.00    2.99    0.00    0.00    3.49    0.00    0.00    0.00    0.00
21:26:23     all   93.27    0.00    3.49    0.00    0.00    3.24    0.00    0.00    0.00    0.00
21:26:24     all   94.49    0.00    2.26    0.00    0.00    3.26    0.00    0.00    0.00    0.00
21:26:25     all   93.78    0.00    2.99    0.00    0.00    3.23    0.00    0.00    0.00    0.00
21:26:26     all   94.06    0.00    2.72    0.00    0.00    3.22    0.00    0.00    0.00    0.00
21:26:27     all   93.23    0.00    3.26    0.00    0.00    3.51    0.00    0.00    0.00    0.00
21:26:28     all   93.58    0.00    2.72    0.00    0.00    3.70    0.00    0.00    0.00    0.00
21:26:29     all   94.00    0.00    2.50    0.00    0.00    3.50    0.00    0.00    0.00    0.00
21:26:30     all   93.50    0.00    3.25    0.00    0.00    3.25    0.00    0.00    0.00    0.00
21:26:31     all   94.51    0.00    2.00    0.00    0.00    3.49    0.00    0.00    0.00    0.00
21:26:32     all   94.50    0.00    2.25    0.00    0.00    3.25    0.00    0.00    0.00    0.00
21:26:33     all   93.32    0.00    2.97    0.00    0.00    3.71    0.00    0.00    0.00    0.00
21:26:34     all   94.49    0.00    2.51    0.00    0.00    3.01    0.00    0.00    0.00    0.00
21:26:35     all   94.26    0.00    2.99    0.00    0.00    2.74    0.00    0.00    0.00    0.00
21:26:36     all   92.31    0.00    3.97    0.00    0.00    3.47    0.00    0.00    0.00    0.25
21:26:37     all   94.25    0.00    2.50    0.00    0.00    3.25    0.00    0.00    0.00    0.00
21:26:38     all   94.28    0.00    2.49    0.00    0.00    3.23    0.00    0.00    0.00    0.00
21:26:39     all   93.28    0.00    2.74    0.00    0.00    3.98    0.00    0.00    0.00    0.00
21:26:40     all   93.48    0.00    3.01    0.00    0.00    3.51    0.00    0.00    0.00    0.00
21:26:41     all   94.51    0.00    2.49    0.00    0.00    2.99    0.00    0.00    0.00    0.00
21:26:42     all   92.79    0.00    3.23    0.00    0.00    3.98    0.00    0.00    0.00    0.00
21:26:43     all   94.75    0.00    2.50    0.00    0.00    2.75    0.00    0.00    0.00    0.00
21:26:44     all   94.07    0.00    2.72    0.00    0.00    3.21    0.00    0.00    0.00    0.00
21:26:45     all   94.26    0.00    2.00    0.00    0.00    3.74    0.00    0.00    0.00    0.00
21:26:46     all   94.22    0.00    2.76    0.00    0.00    3.02    0.00    0.00    0.00    0.00
21:26:47     all   94.26    0.00    2.49    0.00    0.00    3.24    0.00    0.00    0.00    0.00
21:26:48     all   93.78    0.00    3.23    0.00    0.00    2.99    0.00    0.00    0.00    0.00
21:26:49     all   94.25    0.00    2.75    0.00    0.00    3.00    0.00    0.00    0.00    0.00
21:26:50     all   93.75    0.00    2.25    0.00    0.00    4.00    0.00    0.00    0.00    0.00
21:26:51     all   93.52    0.00    3.24    0.00    0.00    3.24    0.00    0.00    0.00    0.00
21:26:52     all   93.55    0.00    2.98    0.00    0.00    3.47    0.00    0.00    0.00    0.00
21:26:53     all   93.32    0.00    2.97    0.00    0.00    3.71    0.00    0.00    0.00    0.00
21:26:54     all   93.73    0.00    3.01    0.00    0.00    3.26    0.00    0.00    0.00    0.00
21:26:55     all   95.50    0.00    2.25    0.00    0.00    2.25    0.00    0.00    0.00    0.00
21:26:56     all   94.49    0.00    2.51    0.00    0.00    3.01    0.00    0.00    0.00    0.00
21:26:57     all   93.07    0.00    3.22    0.00    0.00    3.71    0.00    0.00    0.00    0.00
21:26:58     all   94.28    0.00    2.49    0.00    0.00    3.23    0.00    0.00    0.00    0.00
21:26:59     all   94.00    0.00    2.75    0.00    0.00    3.25    0.00    0.00    0.00    0.00
21:27:00     all   93.81    0.00    2.72    0.00    0.00    3.47    0.00    0.00    0.00    0.00
21:27:01     all   93.52    0.00    2.99    0.00    0.00    3.49    0.00    0.00    0.00    0.00
21:27:02     all   94.01    0.00    2.49    0.00    0.00    3.49    0.00    0.00    0.00    0.00
21:27:03     all   94.51    0.00    2.24    0.00    0.00    3.24    0.00    0.00    0.00    0.00
21:27:04     all   95.02    0.00    2.74    0.00    0.00    2.24    0.00    0.00    0.00    0.00
21:27:05     all   94.01    0.00    2.49    0.00    0.00    3.49    0.00    0.00    0.00    0.00
21:27:06     all   94.26    0.00    2.74    0.00    0.00    2.99    0.00    0.00    0.00    0.00
21:27:07     all   94.25    0.00    2.50    0.00    0.00    3.25    0.00    0.00    0.00    0.00
21:27:08     all   93.33    0.00    3.21    0.00    0.00    3.46    0.00    0.00    0.00    0.00
21:27:09     all   93.77    0.00    2.49    0.00    0.00    3.74    0.00    0.00    0.00    0.00
21:27:10     all   93.55    0.00    2.98    0.00    0.00    3.47    0.00    0.00    0.00    0.00
21:27:11     all   93.53    0.00    2.99    0.00    0.00    3.48    0.00    0.00    0.00    0.00
21:27:12     all   94.49    0.00    2.51    0.00    0.00    3.01    0.00    0.00    0.00    0.00
21:27:13     all   94.03    0.00    1.99    0.00    0.00    3.98    0.00    0.00    0.00    0.00
21:27:14     all   94.99    0.00    2.01    0.00    0.00    3.01    0.00    0.00    0.00    0.00
21:27:15     all   94.04    0.00    2.48    0.00    0.00    3.47    0.00    0.00    0.00    0.00
21:27:16     all   94.01    0.00    2.99    0.00    0.00    2.99    0.00    0.00    0.00    0.00
21:27:17     all   94.99    0.00    2.01    0.00    0.00    3.01    0.00    0.00    0.00    0.00
21:27:18     all   93.80    0.00    2.98    0.00    0.00    3.23    0.00    0.00    0.00    0.00
21:27:19     all   93.77    0.00    2.49    0.00    0.00    3.74    0.00    0.00    0.00    0.00
21:27:20     all   93.83    0.00    2.72    0.00    0.00    3.46    0.00    0.00    0.00    0.00
21:27:21     all   94.49    0.00    2.26    0.00    0.00    3.26    0.00    0.00    0.00    0.00
21:27:22     all   93.53    0.00    2.99    0.00    0.00    3.48    0.00    0.00    0.00    0.00
21:27:23     all   94.01    0.00    2.49    0.00    0.00    3.49    0.00    0.00    0.00    0.00
21:27:24     all   94.01    0.00    2.74    0.00    0.00    3.24    0.00    0.00    0.00    0.00
21:27:25     all   93.50    0.00    3.25    0.00    0.00    3.25    0.00    0.00    0.00    0.00
21:27:26     all   93.53    0.00    2.99    0.00    0.00    3.48    0.00    0.00    0.00    0.00
21:27:27     all   94.24    0.00    2.51    0.00    0.00    3.26    0.00    0.00    0.00    0.00
21:27:28     all   92.54    0.00    2.99    0.00    0.00    4.48    0.00    0.00    0.00    0.00
21:27:29     all   93.83    0.00    3.21    0.00    0.00    2.96    0.00    0.00    0.00    0.00
21:27:30     all   93.72    0.00    2.76    0.00    0.00    3.52    0.00    0.00    0.00    0.00
21:27:31     all   93.78    0.00    2.49    0.00    0.00    3.73    0.00    0.00    0.00    0.00
21:27:32     all   92.75    0.00    4.00    0.00    0.00    3.25    0.00    0.00    0.00    0.00
21:27:33     all   94.28    0.00    2.24    0.00    0.00    3.48    0.00    0.00    0.00    0.00
21:27:34     all   93.02    0.00    3.49    0.00    0.00    3.49    0.00    0.00    0.00    0.00
21:27:35     all   92.25    0.00    4.25    0.00    0.00    3.50    0.00    0.00    0.00    0.00
21:27:36     all   93.77    0.00    2.99    0.00    0.00    3.24    0.00    0.00    0.00    0.00
21:27:37     all   94.01    0.00    2.99    0.00    0.00    2.99    0.00    0.00    0.00    0.00
21:27:38     all   94.03    0.00    2.49    0.00    0.00    3.48    0.00    0.00    0.00    0.00
21:27:39     all   94.28    0.00    2.49    0.00    0.00    3.23    0.00    0.00    0.00    0.00
21:27:40     all   94.06    0.00    2.97    0.00    0.00    2.97    0.00    0.00    0.00    0.00
21:27:41     all   93.72    0.00    2.51    0.00    0.00    3.77    0.00    0.00    0.00    0.00
21:27:42     all   94.03    0.00    2.99    0.00    0.00    2.99    0.00    0.00    0.00    0.00
21:27:43     all   94.51    0.00    2.24    0.00    0.00    3.24    0.00    0.00    0.00    0.00
21:27:44     all   93.80    0.00    2.48    0.00    0.00    3.72    0.00    0.00    0.00    0.00
21:27:45     all   94.51    0.00    2.24    0.00    0.00    3.24    0.00    0.00    0.00    0.00
21:27:46     all   93.52    0.00    2.49    0.00    0.00    3.99    0.00    0.00    0.00    0.00
21:27:47     all   94.75    0.00    2.50    0.00    0.00    2.75    0.00    0.00    0.00    0.00
21:27:48     all   94.51    0.00    2.74    0.00    0.00    2.74    0.00    0.00    0.00    0.00
21:27:49     all   93.80    0.00    2.48    0.00    0.00    3.72    0.00    0.00    0.00    0.00
21:27:50     all   94.28    0.00    2.49    0.00    0.00    3.23    0.00    0.00    0.00    0.00
21:27:51     all   93.75    0.00    2.50    0.00    0.00    3.75    0.00    0.00    0.00    0.00
21:27:52     all   93.56    0.00    2.97    0.00    0.00    3.47    0.00    0.00    0.00    0.00
21:27:53     all   94.25    0.00    2.50    0.00    0.00    3.25    0.00    0.00    0.00    0.00
21:27:54     all   94.03    0.00    2.99    0.00    0.00    2.99    0.00    0.00    0.00    0.00
21:27:55     all   95.24    0.00    1.75    0.00    0.00    3.01    0.00    0.00    0.00    0.00
21:27:56     all   93.28    0.00    2.74    0.00    0.00    3.98    0.00    0.00    0.00    0.00
21:27:57     all   93.98    0.00    2.01    0.00    0.00    4.01    0.00    0.00    0.00    0.00
21:27:58     all   93.77    0.00    2.99    0.00    0.00    3.24    0.00    0.00    0.00    0.00
21:27:59     all   93.27    0.00    2.99    0.00    0.00    3.74    0.00    0.00    0.00    0.00
21:28:00     all   93.75    0.00    2.75    0.00    0.00    3.50    0.00    0.00    0.00    0.00
21:28:01     all   93.73    0.00    2.51    0.00    0.00    3.76    0.00    0.00    0.00    0.00
21:28:02     all   93.80    0.00    2.73    0.00    0.00    3.47    0.00    0.00    0.00    0.00
21:28:03     all   93.78    0.00    2.74    0.00    0.00    3.48    0.00    0.00    0.00    0.00
21:28:04     all   94.04    0.00    2.48    0.00    0.00    3.47    0.00    0.00    0.00    0.00
21:28:05     all   93.48    0.00    3.01    0.00    0.00    3.51    0.00    0.00    0.00    0.00
21:28:06     all   93.52    0.00    2.74    0.00    0.00    3.74    0.00    0.00    0.00    0.00
21:28:07     all   94.50    0.00    2.75    0.00    0.00    2.75    0.00    0.00    0.00    0.00
21:28:08     all   93.81    0.00    2.72    0.00    0.00    3.47    0.00    0.00    0.00    0.00
21:28:09     all   93.77    0.00    2.99    0.00    0.00    3.24    0.00    0.00    0.00    0.00
21:28:10     all   93.75    0.00    2.50    0.00    0.00    3.75    0.00    0.00    0.00    0.00
21:28:11     all   94.26    0.00    2.49    0.00    0.00    3.24    0.00    0.00    0.00    0.00
21:28:12     all   93.78    0.00    2.49    0.00    0.00    3.73    0.00    0.00    0.00    0.00
21:28:13     all   94.28    0.00    2.49    0.00    0.00    3.23    0.00    0.00    0.00    0.00
21:28:14     all   94.25    0.00    2.75    0.00    0.00    3.00    0.00    0.00    0.00    0.00
21:28:15     all   94.04    0.00    2.48    0.00    0.00    3.47    0.00    0.00    0.00    0.00
21:28:16     all   95.25    0.00    1.75    0.00    0.00    3.00    0.00    0.00    0.00    0.00
21:28:17     all   93.10    0.00    3.20    0.00    0.00    3.69    0.00    0.00    0.00    0.00
21:28:18     all   93.28    0.00    2.74    0.00    0.00    3.98    0.00    0.00    0.00    0.00
21:28:19     all   93.50    0.00    3.00    0.00    0.00    3.50    0.00    0.00    0.00    0.00
21:28:20     all   94.75    0.00    2.25    0.00    0.00    3.00    0.00    0.00    0.00    0.00
21:28:21     all   93.32    0.00    2.97    0.00    0.00    3.71    0.00    0.00    0.00    0.00
21:28:22     all   93.77    0.00    3.24    0.00    0.00    2.99    0.00    0.00    0.00    0.00
21:28:23     all   94.00    0.00    2.50    0.00    0.00    3.50    0.00    0.00    0.00    0.00
21:28:24     all   93.53    0.00    2.74    0.00    0.00    3.73    0.00    0.00    0.00    0.00
21:28:25     all   94.26    0.00    2.49    0.00    0.00    3.24    0.00    0.00    0.00    0.00
21:28:26     all   94.03    0.00    2.49    0.00    0.00    3.48    0.00    0.00    0.00    0.00
21:28:27     all   94.01    0.00    2.49    0.00    0.00    3.49    0.00    0.00    0.00    0.00
21:28:28     all   94.25    0.00    2.75    0.00    0.00    3.00    0.00    0.00    0.00    0.00
21:28:29     all   93.52    0.00    2.99    0.00    0.00    3.49    0.00    0.00    0.00    0.00
21:28:30     all   94.01    0.00    2.74    0.00    0.00    3.24    0.00    0.00    0.00    0.00
21:28:31     all   94.31    0.00    2.48    0.00    0.00    3.22    0.00    0.00    0.00    0.00
21:28:32     all   94.53    0.00    1.99    0.00    0.00    3.48    0.00    0.00    0.00    0.00
21:28:33     all   94.50    0.00    2.50    0.00    0.00    3.00    0.00    0.00    0.00    0.00
21:28:34     all   94.25    0.00    2.50    0.00    0.00    3.25    0.00    0.00    0.00    0.00
21:28:35     all   92.98    0.00    3.76    0.00    0.00    3.26    0.00    0.00    0.00    0.00
21:28:36     all   94.03    0.00    2.99    0.00    0.00    2.99    0.00    0.00    0.00    0.00
21:28:37     all   94.29    0.00    2.48    0.00    0.00    3.23    0.00    0.00    0.00    0.00
21:28:38     all   94.47    0.00    2.01    0.00    0.00    3.52    0.00    0.00    0.00    0.00
21:28:39     all   94.00    0.00    2.50    0.00    0.00    3.50    0.00    0.00    0.00    0.00
21:28:40     all   94.04    0.00    2.23    0.00    0.00    3.72    0.00    0.00    0.00    0.00
21:28:41     all   93.53    0.00    2.74    0.00    0.00    3.73    0.00    0.00    0.00    0.00
21:28:42     all   94.49    0.00    2.51    0.00    0.00    3.01    0.00    0.00    0.00    0.00
21:28:43     all   93.50    0.00    3.00    0.00    0.00    3.50    0.00    0.00    0.00    0.00
21:28:44     all   94.99    0.00    2.26    0.00    0.00    2.76    0.00    0.00    0.00    0.00
21:28:45     all   93.80    0.00    2.73    0.00    0.00    3.47    0.00    0.00    0.00    0.00
21:28:46     all   94.51    0.00    2.49    0.00    0.00    2.99    0.00    0.00    0.00    0.00
21:28:47     all   93.83    0.00    2.96    0.00    0.00    3.21    0.00    0.00    0.00    0.00
21:28:48     all   94.01    0.00    2.00    0.00    0.00    3.99    0.00    0.00    0.00    0.00
21:28:49     all   94.22    0.00    2.51    0.00    0.00    3.27    0.00    0.00    0.00    0.00
21:28:50     all   94.83    0.00    2.22    0.00    0.00    2.96    0.00    0.00    0.00    0.00
21:28:51     all   94.75    0.00    2.25    0.00    0.00    3.00    0.00    0.00    0.00    0.00
21:28:52     all   93.77    0.00    2.74    0.00    0.00    3.49    0.00    0.00    0.00    0.00
21:28:53     all   94.74    0.00    2.01    0.00    0.00    3.26    0.00    0.00    0.00    0.00
21:28:54     all   93.55    0.00    2.98    0.00    0.00    3.47    0.00    0.00    0.00    0.00
21:28:55     all   94.53    0.00    2.49    0.00    0.00    2.99    0.00    0.00    0.00    0.00
21:28:56     all   93.80    0.00    2.48    0.00    0.00    3.72    0.00    0.00    0.00    0.00
21:28:57     all   94.78    0.00    2.49    0.00    0.00    2.74    0.00    0.00    0.00    0.00
21:28:58     all   93.73    0.00    2.76    0.00    0.00    3.51    0.00    0.00    0.00    0.00
21:28:59     all   94.00    0.00    2.75    0.00    0.00    3.25    0.00    0.00    0.00    0.00
21:29:00     all   94.03    0.00    2.74    0.00    0.00    3.23    0.00    0.00    0.00    0.00
21:29:01     all   94.26    0.00    2.74    0.00    0.00    2.99    0.00    0.00    0.00    0.00
21:29:02     all   93.03    0.00    3.23    0.00    0.00    3.73    0.00    0.00    0.00    0.00
21:29:03     all   93.30    0.00    3.23    0.00    0.00    3.47    0.00    0.00    0.00    0.00
21:29:04     all   93.78    0.00    2.74    0.00    0.00    3.48    0.00    0.00    0.00    0.00
21:29:05     all   93.77    0.00    2.74    0.00    0.00    3.49    0.00    0.00    0.00    0.00
21:29:06     all   94.49    0.00    2.51    0.00    0.00    3.01    0.00    0.00    0.00    0.00
21:29:07     all   94.03    0.00    2.49    0.00    0.00    3.48    0.00    0.00    0.00    0.00
21:29:08     all   94.01    0.00    2.99    0.00    0.00    2.99    0.00    0.00    0.00    0.00
21:29:09     all   94.25    0.00    2.75    0.00    0.00    3.00    0.00    0.00    0.00    0.00
21:29:10     all   93.80    0.00    2.73    0.00    0.00    3.47    0.00    0.00    0.00    0.00
21:29:11     all   93.28    0.00    2.99    0.00    0.00    3.73    0.00    0.00    0.00    0.00
21:29:12     all   93.95    0.00    2.77    0.00    0.00    3.27    0.00    0.00    0.00    0.00
21:29:13     all   93.83    0.00    2.96    0.00    0.00    3.21    0.00    0.00    0.00    0.00
21:29:14     all   94.74    0.00    2.01    0.00    0.00    3.26    0.00    0.00    0.00    0.00
21:29:15     all   93.55    0.00    2.73    0.00    0.00    3.72    0.00    0.00    0.00    0.00
21:29:16     all   93.53    0.00    3.23    0.00    0.00    3.23    0.00    0.00    0.00    0.00
21:29:17     all   94.49    0.00    2.26    0.00    0.00    3.26    0.00    0.00    0.00    0.00
21:29:18     all   94.07    0.00    2.96    0.00    0.00    2.96    0.00    0.00    0.00    0.00
21:29:19     all   94.74    0.00    2.26    0.00    0.00    3.01    0.00    0.00    0.00    0.00
21:29:20     all   93.78    0.00    2.99    0.00    0.00    3.23    0.00    0.00    0.00    0.00
21:29:21     all   93.75    0.00    3.00    0.00    0.00    3.25    0.00    0.00    0.00    0.00
21:29:22     all   94.53    0.00    2.74    0.00    0.00    2.74    0.00    0.00    0.00    0.00
21:29:23     all   93.28    0.00    2.99    0.00    0.00    3.73    0.00    0.00    0.00    0.00
21:29:24     all   94.50    0.00    2.00    0.00    0.00    3.50    0.00    0.00    0.00    0.00
21:29:25     all   94.00    0.00    2.50    0.00    0.00    3.50    0.00    0.00    0.00    0.00
21:29:26     all   93.81    0.00    2.97    0.00    0.00    3.22    0.00    0.00    0.00    0.00
21:29:27     all   94.51    0.00    2.49    0.00    0.00    2.99    0.00    0.00    0.00    0.00
21:29:28     all   94.01    0.00    2.74    0.00    0.00    3.24    0.00    0.00    0.00    0.00
21:29:29     all   94.25    0.00    2.25    0.00    0.00    3.50    0.00    0.00    0.00    0.00
21:29:30     all   94.53    0.00    2.49    0.00    0.00    2.99    0.00    0.00    0.00    0.00
21:29:31     all   94.25    0.00    2.75    0.00    0.00    3.00    0.00    0.00    0.00    0.00
21:29:32     all   94.53    0.00    2.49    0.00    0.00    2.99    0.00    0.00    0.00    0.00
21:29:33     all   93.80    0.00    2.73    0.00    0.00    3.47    0.00    0.00    0.00    0.00
21:29:34     all   94.24    0.00    2.76    0.00    0.00    3.01    0.00    0.00    0.00    0.00
21:29:35     all   92.25    0.00    4.25    0.00    0.00    3.50    0.00    0.00    0.00    0.00
21:29:36     all   94.10    0.00    2.95    0.00    0.00    2.95    0.00    0.00    0.00    0.00
21:29:37     all   94.71    0.00    2.27    0.00    0.00    3.02    0.00    0.00    0.00    0.00
21:29:38     all   94.04    0.00    2.73    0.00    0.00    3.23    0.00    0.00    0.00    0.00
21:29:39     all   93.52    0.00    2.99    0.00    0.00    3.49    0.00    0.00    0.00    0.00
21:29:40     all   93.80    0.00    2.73    0.00    0.00    3.47    0.00    0.00    0.00    0.00
21:29:41     all   94.53    0.00    2.24    0.00    0.00    3.23    0.00    0.00    0.00    0.00
21:29:42     all   94.01    0.00    2.74    0.00    0.00    3.24    0.00    0.00    0.00    0.00
21:29:43     all   94.50    0.00    2.75    0.00    0.00    2.75    0.00    0.00    0.00    0.00
21:29:44     all   94.25    0.00    2.00    0.00    0.00    3.75    0.00    0.00    0.00    0.00
21:29:45     all   94.00    0.00    3.00    0.00    0.00    3.00    0.00    0.00    0.00    0.00
21:29:46     all   94.03    0.00    2.74    0.00    0.00    3.23    0.00    0.00    0.00    0.00
21:29:47     all   94.28    0.00    2.24    0.00    0.00    3.48    0.00    0.00    0.00    0.00
21:29:48     all   93.50    0.00    3.00    0.00    0.00    3.50    0.00    0.00    0.00    0.00
21:29:49     all   94.00    0.00    2.25    0.00    0.00    3.75    0.00    0.00    0.00    0.00
21:29:50     all   93.05    0.00    3.23    0.00    0.00    3.72    0.00    0.00    0.00    0.00
21:29:51     all   94.01    0.00    2.74    0.00    0.00    3.24    0.00    0.00    0.00    0.00
21:29:52     all   94.28    0.00    2.74    0.00    0.00    2.99    0.00    0.00    0.00    0.00
21:29:53     all   93.75    0.00    2.50    0.00    0.00    3.75    0.00    0.00    0.00    0.00
21:29:54     all   94.51    0.00    2.49    0.00    0.00    2.99    0.00    0.00    0.00    0.00
21:29:55     all   93.78    0.00    2.74    0.00    0.00    3.48    0.00    0.00    0.00    0.00
21:29:56     all   93.48    0.00    3.01    0.00    0.00    3.51    0.00    0.00    0.00    0.00
21:29:57     all   94.04    0.00    2.73    0.00    0.00    3.23    0.00    0.00    0.00    0.00
21:29:58     all   94.28    0.00    2.49    0.00    0.00    3.23    0.00    0.00    0.00    0.00
21:29:59     all   93.28    0.00    2.49    0.00    0.00    4.23    0.00    0.00    0.00    0.00
21:30:00     all   94.29    0.00    2.73    0.00    0.00    2.98    0.00    0.00    0.00    0.00
21:30:01     all   92.57    0.00    3.47    0.00    0.00    3.71    0.00    0.00    0.00    0.25
21:30:02     all   93.80    0.00    2.73    0.00    0.00    3.47    0.00    0.00    0.00    0.00
21:30:03     all   93.52    0.00    2.74    0.00    0.00    3.74    0.00    0.00    0.00    0.00
21:30:04     all   93.75    0.00    3.25    0.00    0.00    3.00    0.00    0.00    0.00    0.00
21:30:05     all   94.47    0.00    2.26    0.00    0.00    3.27    0.00    0.00    0.00    0.00
21:30:06     all   93.10    0.00    3.20    0.00    0.00    3.69    0.00    0.00    0.00    0.00
21:30:07     all   93.77    0.00    2.99    0.00    0.00    3.24    0.00    0.00    0.00    0.00
21:30:08     all   92.98    0.00    3.01    0.00    0.00    4.01    0.00    0.00    0.00    0.00
21:30:09     all   93.77    0.00    2.99    0.00    0.00    3.24    0.00    0.00    0.00    0.00
21:30:10     all   93.60    0.00    2.71    0.00    0.00    3.69    0.00    0.00    0.00    0.00
21:30:11     all   94.26    0.00    2.74    0.00    0.00    2.99    0.00    0.00    0.00    0.00
21:30:12     all   94.50    0.00    2.25    0.00    0.00    3.25    0.00    0.00    0.00    0.00
21:30:13     all   94.03    0.00    2.74    0.00    0.00    3.23    0.00    0.00    0.00    0.00
21:30:14     all   94.51    0.00    2.49    0.00    0.00    2.99    0.00    0.00    0.00    0.00
21:30:15     all   94.49    0.00    2.51    0.00    0.00    3.01    0.00    0.00    0.00    0.00
21:30:16     all   93.32    0.00    3.71    0.00    0.00    2.97    0.00    0.00    0.00    0.00
21:30:17     all   94.50    0.00    2.00    0.00    0.00    3.50    0.00    0.00    0.00    0.00
21:30:18     all   93.78    0.00    2.99    0.00    0.00    3.23    0.00    0.00    0.00    0.00
21:30:19     all   93.75    0.00    2.75    0.00    0.00    3.50    0.00    0.00    0.00    0.00
21:30:20     all   93.81    0.00    2.72    0.00    0.00    3.47    0.00    0.00    0.00    0.00
21:30:21     all   94.22    0.00    2.26    0.00    0.00    3.52    0.00    0.00    0.00    0.00
21:30:22     all   93.09    0.00    3.46    0.00    0.00    3.46    0.00    0.00    0.00    0.00
21:30:23     all   93.50    0.00    2.50    0.00    0.00    4.00    0.00    0.00    0.00    0.00
21:30:24     all   93.73    0.00    3.01    0.00    0.00    3.26    0.00    0.00    0.00    0.00
21:30:25     all   94.49    0.00    2.26    0.00    0.00    3.26    0.00    0.00    0.00    0.00
21:30:26     all   93.32    0.00    2.72    0.00    0.00    3.96    0.00    0.00    0.00    0.00
21:30:27     all   94.50    0.00    2.50    0.00    0.00    3.00    0.00    0.00    0.00    0.00
21:30:28     all   93.07    0.00    3.47    0.00    0.00    3.47    0.00    0.00    0.00    0.00
21:30:29     all   94.71    0.00    2.27    0.00    0.00    3.02    0.00    0.00    0.00    0.00
21:30:30     all   93.84    0.00    2.96    0.00    0.00    3.20    0.00    0.00    0.00    0.00
21:30:31     all   94.24    0.00    2.51    0.00    0.00    3.26    0.00    0.00    0.00    0.00
21:30:32     all   94.49    0.00    2.76    0.00    0.00    2.76    0.00    0.00    0.00    0.00
21:30:34     all   93.84    0.00    2.71    0.00    0.00    3.45    0.00    0.00    0.00    0.00
21:30:35     all   94.79    0.00    2.48    0.00    0.00    2.73    0.00    0.00    0.00    0.00
21:30:36     all   92.95    0.00    3.78    0.00    0.00    3.27    0.00    0.00    0.00    0.00
21:30:37     all   93.55    0.00    2.98    0.00    0.00    3.47    0.00    0.00    0.00    0.00
21:30:38     all   93.78    0.00    2.74    0.00    0.00    3.48    0.00    0.00    0.00    0.00
21:30:39     all   94.24    0.00    2.51    0.00    0.00    3.26    0.00    0.00    0.00    0.00
21:30:40     all   92.57    0.00    3.47    0.00    0.00    3.96    0.00    0.00    0.00    0.00
21:30:41     all   94.49    0.00    2.26    0.00    0.00    3.26    0.00    0.00    0.00    0.00
21:30:42     all   94.28    0.00    2.74    0.00    0.00    2.99    0.00    0.00    0.00    0.00
21:30:43     all   94.50    0.00    2.25    0.00    0.00    3.25    0.00    0.00    0.00    0.00
21:30:44     all   93.25    0.00    3.00    0.00    0.00    3.75    0.00    0.00    0.00    0.00
21:30:45     all   93.56    0.00    3.22    0.00    0.00    3.22    0.00    0.00    0.00    0.00
21:30:46     all   93.78    0.00    2.99    0.00    0.00    3.23    0.00    0.00    0.00    0.00
21:30:47     all   94.22    0.00    2.51    0.00    0.00    3.27    0.00    0.00    0.00    0.00
21:30:48     all   93.28    0.00    2.99    0.00    0.00    3.73    0.00    0.00    0.00    0.00
21:30:49     all   94.51    0.00    2.49    0.00    0.00    2.99    0.00    0.00    0.00    0.00
21:30:50     all   93.53    0.00    2.99    0.00    0.00    3.48    0.00    0.00    0.00    0.00
21:30:51     all   93.55    0.00    2.98    0.00    0.00    3.47    0.00    0.00    0.00    0.00
21:30:52     all   93.53    0.00    3.23    0.00    0.00    3.23    0.00    0.00    0.00    0.00
21:30:53     all   94.47    0.00    2.01    0.00    0.00    3.52    0.00    0.00    0.00    0.00
21:30:54     all   93.81    0.00    2.97    0.00    0.00    3.22    0.00    0.00    0.00    0.00
21:30:55     all   94.47    0.00    2.51    0.00    0.00    3.02    0.00    0.00    0.00    0.00
21:30:56     all   93.98    0.00    2.51    0.00    0.00    3.51    0.00    0.00    0.00    0.00
21:30:57     all   94.04    0.00    2.73    0.00    0.00    3.23    0.00    0.00    0.00    0.00
21:30:58     all   93.50    0.00    2.75    0.00    0.00    3.75    0.00    0.00    0.00    0.00
21:30:59     all   93.80    0.00    2.73    0.00    0.00    3.47    0.00    0.00    0.00    0.00
21:31:00     all   93.98    0.00    2.26    0.00    0.00    3.76    0.00    0.00    0.00    0.00
21:31:01     all   94.28    0.00    2.99    0.00    0.00    2.74    0.00    0.00    0.00    0.00
21:31:02     all   94.25    0.00    2.50    0.00    0.00    3.25    0.00    0.00    0.00    0.00
21:31:03     all   94.26    0.00    2.49    0.00    0.00    3.24    0.00    0.00    0.00    0.00
21:31:04     all   93.52    0.00    3.24    0.00    0.00    3.24    0.00    0.00    0.00    0.00
21:31:05     all   93.30    0.00    2.98    0.00    0.00    3.72    0.00    0.00    0.00    0.00
21:31:06     all   93.75    0.00    2.75    0.00    0.00    3.50    0.00    0.00    0.00    0.00
21:31:07     all   94.26    0.00    2.74    0.00    0.00    2.99    0.00    0.00    0.00    0.00
21:31:08     all   93.77    0.00    2.99    0.00    0.00    3.24    0.00    0.00    0.00    0.00
21:31:09     all   94.51    0.00    2.49    0.00    0.00    2.99    0.00    0.00    0.00    0.00
21:31:10     all   93.98    0.00    3.01    0.00    0.00    3.01    0.00    0.00    0.00    0.00
21:31:11     all   93.53    0.00    2.74    0.00    0.00    3.73    0.00    0.00    0.00    0.00
21:31:12     all   94.00    0.00    3.00    0.00    0.00    3.00    0.00    0.00    0.00    0.00
21:31:13     all   94.53    0.00    2.74    0.00    0.00    2.74    0.00    0.00    0.00    0.00
21:31:14     all   93.30    0.00    3.72    0.00    0.00    2.98    0.00    0.00    0.00    0.00
21:31:15     all   94.50    0.00    2.25    0.00    0.00    3.25    0.00    0.00    0.00    0.00
21:31:16     all   93.53    0.00    2.74    0.00    0.00    3.73    0.00    0.00    0.00    0.00
21:31:17     all   93.77    0.00    2.49    0.00    0.00    3.74    0.00    0.00    0.00    0.00
21:31:18     all   94.74    0.00    2.26    0.00    0.00    3.01    0.00    0.00    0.00    0.00
21:31:19     all   93.05    0.00    3.23    0.00    0.00    3.72    0.00    0.00    0.00    0.00
21:31:20     all   93.73    0.00    2.51    0.00    0.00    3.76    0.00    0.00    0.00    0.00
21:31:21     all   94.06    0.00    2.72    0.00    0.00    3.22    0.00    0.00    0.00    0.00
21:31:22     all   94.26    0.00    2.74    0.00    0.00    2.99    0.00    0.00    0.00    0.00
21:31:23     all   93.03    0.00    2.99    0.00    0.00    3.98    0.00    0.00    0.00    0.00
21:31:24     all   93.77    0.00    2.74    0.00    0.00    3.49    0.00    0.00    0.00    0.00
21:31:25     all   93.98    0.00    2.76    0.00    0.00    3.26    0.00    0.00    0.00    0.00
21:31:26     all   93.98    0.00    3.26    0.00    0.00    2.76    0.00    0.00    0.00    0.00
21:31:27     all   93.56    0.00    2.97    0.00    0.00    3.47    0.00    0.00    0.00    0.00
21:31:28     all   94.00    0.00    2.75    0.00    0.00    3.25    0.00    0.00    0.00    0.00
21:31:29     all   94.00    0.00    2.50    0.00    0.00    3.50    0.00    0.00    0.00    0.00
21:31:30     all   94.29    0.00    2.48    0.00    0.00    3.23    0.00    0.00    0.00    0.00
21:31:31     all   94.00    0.00    2.50    0.00    0.00    3.50    0.00    0.00    0.00    0.00
21:31:32     all   93.53    0.00    2.74    0.00    0.00    3.73    0.00    0.00    0.00    0.00
21:31:33     all   94.50    0.00    2.75    0.00    0.00    2.75    0.00    0.00    0.00    0.00
21:31:34     all   94.28    0.00    2.74    0.00    0.00    2.99    0.00    0.00    0.00    0.00
21:31:35     all   93.27    0.00    2.99    0.00    0.00    3.74    0.00    0.00    0.00    0.00
21:31:36     all   92.29    0.00    4.23    0.00    0.00    3.48    0.00    0.00    0.00    0.00
21:31:37     all   94.04    0.00    2.48    0.00    0.00    3.47    0.00    0.00    0.00    0.00
21:31:38     all   94.01    0.00    2.99    0.00    0.00    2.99    0.00    0.00    0.00    0.00
21:31:39     all   93.73    0.00    2.51    0.00    0.00    3.76    0.00    0.00    0.00    0.00
21:31:40     all   94.29    0.00    2.23    0.00    0.00    3.47    0.00    0.00    0.00    0.00
21:31:41     all   93.33    0.00    2.96    0.00    0.00    3.70    0.00    0.00    0.00    0.00
21:31:42     all   93.75    0.00    2.50    0.00    0.00    3.75    0.00    0.00    0.00    0.00
21:31:43     all   93.98    0.00    2.51    0.00    0.00    3.51    0.00    0.00    0.00    0.00
21:31:44     all   93.78    0.00    2.49    0.00    0.00    3.73    0.00    0.00    0.00    0.00
21:31:45     all   94.01    0.00    2.99    0.00    0.00    2.99    0.00    0.00    0.00    0.00
21:31:46     all   94.51    0.00    2.49    0.00    0.00    2.99    0.00    0.00    0.00    0.00
21:31:47     all   93.53    0.00    2.74    0.00    0.00    3.73    0.00    0.00    0.00    0.00
21:31:48     all   93.50    0.00    3.00    0.00    0.00    3.50    0.00    0.00    0.00    0.00
21:31:49     all   94.04    0.00    2.98    0.00    0.00    2.98    0.00    0.00    0.00    0.00
21:31:50     all   93.78    0.00    2.74    0.00    0.00    3.48    0.00    0.00    0.00    0.00
21:31:51     all   93.77    0.00    2.74    0.00    0.00    3.49    0.00    0.00    0.00    0.00
21:31:52     all   93.77    0.00    2.74    0.00    0.00    3.49    0.00    0.00    0.00    0.00
21:31:53     all   94.29    0.00    2.48    0.00    0.00    3.23    0.00    0.00    0.00    0.00
21:31:54     all   94.22    0.00    2.76    0.00    0.00    3.02    0.00    0.00    0.00    0.00
21:31:55     all   93.55    0.00    2.98    0.00    0.00    3.47    0.00    0.00    0.00    0.00
21:31:56     all   94.03    0.00    2.74    0.00    0.00    3.23    0.00    0.00    0.00    0.00
21:31:57     all   95.00    0.00    2.25    0.00    0.00    2.75    0.00    0.00    0.00    0.00
21:31:58     all   94.06    0.00    2.48    0.00    0.00    3.47    0.00    0.00    0.00    0.00
21:31:59     all   93.75    0.00    2.50    0.00    0.00    3.75    0.00    0.00    0.00    0.00
21:32:00     all   93.75    0.00    2.50    0.00    0.00    3.75    0.00    0.00    0.00    0.00
21:32:01     all   94.04    0.00    2.73    0.00    0.00    3.23    0.00    0.00    0.00    0.00
21:32:02     all   93.83    0.00    2.96    0.00    0.00    3.21    0.00    0.00    0.00    0.00
21:32:03     all   94.00    0.00    2.75    0.00    0.00    3.25    0.00    0.00    0.00    0.00
21:32:04     all   94.00    0.00    3.00    0.00    0.00    3.00    0.00    0.00    0.00    0.00
21:32:05     all   93.75    0.00    2.75    0.00    0.00    3.50    0.00    0.00    0.00    0.00
21:32:06     all   93.77    0.00    2.99    0.00    0.00    3.24    0.00    0.00    0.00    0.00
21:32:07     all   93.56    0.00    2.72    0.00    0.00    3.71    0.00    0.00    0.00    0.00
21:32:08     all   94.28    0.00    2.74    0.00    0.00    2.99    0.00    0.00    0.00    0.00
21:32:09     all   93.50    0.00    2.75    0.00    0.00    3.75    0.00    0.00    0.00    0.00
21:32:10     all   93.50    0.00    3.00    0.00    0.00    3.50    0.00    0.00    0.00    0.00
21:32:11     all   93.02    0.00    3.49    0.00    0.00    3.49    0.00    0.00    0.00    0.00
21:32:12     all   94.50    0.00    2.00    0.00    0.00    3.50    0.00    0.00    0.00    0.00
21:32:13     all   94.03    0.00    2.49    0.00    0.00    3.48    0.00    0.00    0.00    0.00
21:32:14     all   93.78    0.00    2.74    0.00    0.00    3.48    0.00    0.00    0.00    0.00
21:32:15     all   94.50    0.00    2.25    0.00    0.00    3.25    0.00    0.00    0.00    0.00
21:32:16     all   94.04    0.00    2.73    0.00    0.00    3.23    0.00    0.00    0.00    0.00
21:32:17     all   94.00    0.00    3.00    0.00    0.00    3.00    0.00    0.00    0.00    0.00
21:32:18     all   93.75    0.00    2.75    0.00    0.00    3.50    0.00    0.00    0.00    0.00
21:32:19     all   94.51    0.00    2.49    0.00    0.00    2.99    0.00    0.00    0.00    0.00
21:32:20     all   93.03    0.00    2.99    0.00    0.00    3.98    0.00    0.00    0.00    0.00
21:32:21     all   94.75    0.00    2.00    0.00    0.00    3.25    0.00    0.00    0.00    0.00
21:32:22     all   94.26    0.00    2.49    0.00    0.00    3.24    0.00    0.00    0.00    0.00
21:32:23     all   93.81    0.00    2.23    0.00    0.00    3.96    0.00    0.00    0.00    0.00
21:32:24     all   94.53    0.00    2.99    0.00    0.00    2.49    0.00    0.00    0.00    0.00
21:32:25     all   94.49    0.00    2.51    0.00    0.00    3.01    0.00    0.00    0.00    0.00
21:32:26     all   94.25    0.00    2.50    0.00    0.00    3.25    0.00    0.00    0.00    0.00
21:32:27     all   93.80    0.00    2.48    0.00    0.00    3.72    0.00    0.00    0.00    0.00
21:32:28     all   93.73    0.00    2.51    0.00    0.00    3.76    0.00    0.00    0.00    0.00
21:32:29     all   93.83    0.00    2.96    0.00    0.00    3.21    0.00    0.00    0.00    0.00
21:32:30     all   93.75    0.00    2.75    0.00    0.00    3.50    0.00    0.00    0.00    0.00
21:32:31     all   93.53    0.00    2.99    0.00    0.00    3.48    0.00    0.00    0.00    0.00
21:32:32     all   93.75    0.00    2.50    0.00    0.00    3.75    0.00    0.00    0.00    0.00
21:32:33     all   93.50    0.00    2.75    0.00    0.00    3.75    0.00    0.00    0.00    0.00
21:32:34     all   94.00    0.00    2.75    0.00    0.00    3.25    0.00    0.00    0.00    0.00
21:32:35     all   92.57    0.00    3.71    0.00    0.00    3.71    0.00    0.00    0.00    0.00
21:32:36     all   93.30    0.00    2.73    0.00    0.00    3.72    0.00    0.00    0.00    0.25
21:32:37     all   93.75    0.00    2.50    0.00    0.00    3.75    0.00    0.00    0.00    0.00
21:32:38     all   94.01    0.00    2.74    0.00    0.00    3.24    0.00    0.00    0.00    0.00
21:32:39     all   94.03    0.00    2.74    0.00    0.00    3.23    0.00    0.00    0.00    0.00
21:32:40     all   94.03    0.00    2.74    0.00    0.00    3.23    0.00    0.00    0.00    0.00
21:32:41     all   94.51    0.00    2.49    0.00    0.00    2.99    0.00    0.00    0.00    0.00
21:32:42     all   93.53    0.00    2.99    0.00    0.00    3.48    0.00    0.00    0.00    0.00
21:32:43     all   94.49    0.00    2.76    0.00    0.00    2.76    0.00    0.00    0.00    0.00
21:32:44     all   93.78    0.00    2.24    0.00    0.00    3.98    0.00    0.00    0.00    0.00
21:32:45     all   94.29    0.00    2.98    0.00    0.00    2.73    0.00    0.00    0.00    0.00
21:32:46     all   94.03    0.00    2.24    0.00    0.00    3.73    0.00    0.00    0.00    0.00
21:32:47     all   93.50    0.00    3.25    0.00    0.00    3.25    0.00    0.00    0.00    0.00
21:32:48     all   93.53    0.00    2.74    0.00    0.00    3.73    0.00    0.00    0.00    0.00
21:32:49     all   94.75    0.00    2.25    0.00    0.00    3.00    0.00    0.00    0.00    0.00
21:32:50     all   94.03    0.00    2.49    0.00    0.00    3.48    0.00    0.00    0.00    0.00
21:32:51     all   94.22    0.00    3.02    0.00    0.00    2.76    0.00    0.00    0.00    0.00
21:32:52     all   92.86    0.00    3.20    0.00    0.00    3.94    0.00    0.00    0.00    0.00
21:32:53     all   94.50    0.00    2.50    0.00    0.00    3.00    0.00    0.00    0.00    0.00
21:32:54     all   93.53    0.00    2.74    0.00    0.00    3.73    0.00    0.00    0.00    0.00
21:32:55     all   94.76    0.00    2.24    0.00    0.00    2.99    0.00    0.00    0.00    0.00
21:32:56     all   94.50    0.00    2.50    0.00    0.00    3.00    0.00    0.00    0.00    0.00
21:32:57     all   93.73    0.00    2.26    0.00    0.00    4.01    0.00    0.00    0.00    0.00
21:32:58     all   93.60    0.00    2.71    0.00    0.00    3.69    0.00    0.00    0.00    0.00
21:32:59     all   94.00    0.00    2.50    0.00    0.00    3.50    0.00    0.00    0.00    0.00
21:33:00     all   94.00    0.00    2.75    0.00    0.00    3.25    0.00    0.00    0.00    0.00
21:33:01     all   93.52    0.00    3.24    0.00    0.00    3.24    0.00    0.00    0.00    0.00
21:33:02     all   94.47    0.00    2.26    0.00    0.00    3.27    0.00    0.00    0.00    0.00
21:33:03     all   93.32    0.00    2.97    0.00    0.00    3.71    0.00    0.00    0.00    0.00
21:33:04     all   93.28    0.00    3.73    0.00    0.00    2.99    0.00    0.00    0.00    0.00
21:33:05     all   94.28    0.00    2.49    0.00    0.00    3.23    0.00    0.00    0.00    0.00
21:33:06     all   93.73    0.00    3.01    0.00    0.00    3.26    0.00    0.00    0.00    0.00
21:33:07     all   93.98    0.00    2.51    0.00    0.00    3.51    0.00    0.00    0.00    0.00
21:33:08     all   94.28    0.00    2.49    0.00    0.00    3.23    0.00    0.00    0.00    0.00
21:33:09     all   92.82    0.00    3.47    0.00    0.00    3.71    0.00    0.00    0.00    0.00
21:33:10     all   93.78    0.00    3.23    0.00    0.00    2.99    0.00    0.00    0.00    0.00
21:33:11     all   94.04    0.00    2.48    0.00    0.00    3.47    0.00    0.00    0.00    0.00
21:33:12     all   94.54    0.00    2.23    0.00    0.00    3.23    0.00    0.00    0.00    0.00
21:33:13     all   94.50    0.00    2.25    0.00    0.00    3.25    0.00    0.00    0.00    0.00
21:33:14     all   93.28    0.00    3.23    0.00    0.00    3.48    0.00    0.00    0.00    0.00
21:33:15     all   93.48    0.00    3.01    0.00    0.00    3.51    0.00    0.00    0.00    0.00
21:33:16     all   94.29    0.00    2.23    0.00    0.00    3.47    0.00    0.00    0.00    0.00
21:33:17     all   93.78    0.00    2.74    0.00    0.00    3.48    0.00    0.00    0.00    0.00
21:33:18     all   93.80    0.00    3.23    0.00    0.00    2.98    0.00    0.00    0.00    0.00
21:33:19     all   93.72    0.00    2.26    0.00    0.00    4.02    0.00    0.00    0.00    0.00
21:33:20     all   93.07    0.00    2.97    0.00    0.00    3.96    0.00    0.00    0.00    0.00
21:33:21     all   94.75    0.00    2.50    0.00    0.00    2.75    0.00    0.00    0.00    0.00
21:33:22     all   94.28    0.00    2.49    0.00    0.00    3.23    0.00    0.00    0.00    0.00
21:33:23     all   94.50    0.00    2.25    0.00    0.00    3.25    0.00    0.00    0.00    0.00
21:33:24     all   93.78    0.00    2.99    0.00    0.00    3.23    0.00    0.00    0.00    0.00
21:33:25     all   94.03    0.00    2.49    0.00    0.00    3.48    0.00    0.00    0.00    0.00
21:33:26     all   94.26    0.00    2.49    0.00    0.00    3.24    0.00    0.00    0.00    0.00
21:33:27     all   94.47    0.00    2.51    0.00    0.00    3.02    0.00    0.00    0.00    0.00
21:33:28     all   93.55    0.00    2.98    0.00    0.00    3.47    0.00    0.00    0.00    0.00
21:33:29     all   94.26    0.00    2.49    0.00    0.00    3.24    0.00    0.00    0.00    0.00
21:33:30     all   94.03    0.00    2.74    0.00    0.00    3.23    0.00    0.00    0.00    0.00
21:33:31     all   94.31    0.00    2.48    0.00    0.00    3.22    0.00    0.00    0.00    0.00
21:33:32     all   93.50    0.00    2.50    0.00    0.00    4.00    0.00    0.00    0.00    0.00
21:33:33     all   94.26    0.00    2.99    0.00    0.00    2.74    0.00    0.00    0.00    0.00
21:33:34     all   94.25    0.00    2.50    0.00    0.00    3.25    0.00    0.00    0.00    0.00
21:33:35     all   92.52    0.00    3.99    0.00    0.00    3.49    0.00    0.00    0.00    0.00
21:33:36     all   93.98    0.00    2.51    0.00    0.00    3.51    0.00    0.00    0.00    0.00
21:33:37     all   94.29    0.00    2.98    0.00    0.00    2.73    0.00    0.00    0.00    0.00
21:33:38     all   94.50    0.00    2.25    0.00    0.00    3.25    0.00    0.00    0.00    0.00
21:33:39     all   94.32    0.00    2.47    0.00    0.00    3.21    0.00    0.00    0.00    0.00
21:33:40     all   94.49    0.00    2.51    0.00    0.00    3.01    0.00    0.00    0.00    0.00
21:33:41     all   94.26    0.00    2.49    0.00    0.00    3.24    0.00    0.00    0.00    0.00
21:33:42     all   94.03    0.00    2.74    0.00    0.00    3.23    0.00    0.00    0.00    0.00
21:33:43     all   94.25    0.00    2.50    0.00    0.00    3.25    0.00    0.00    0.00    0.00
21:33:44     all   94.49    0.00    2.26    0.00    0.00    3.26    0.00    0.00    0.00    0.00
21:33:45     all   93.53    0.00    2.74    0.00    0.00    3.73    0.00    0.00    0.00    0.00
21:33:46     all   92.84    0.00    3.21    0.00    0.00    3.95    0.00    0.00    0.00    0.00
21:33:47     all   94.47    0.00    3.02    0.00    0.00    2.51    0.00    0.00    0.00    0.00
21:33:48     all   94.01    0.00    2.74    0.00    0.00    3.24    0.00    0.00    0.00    0.00
21:33:49     all   93.78    0.00    2.49    0.00    0.00    3.73    0.00    0.00    0.00    0.00
21:33:50     all   94.03    0.00    2.74    0.00    0.00    3.23    0.00    0.00    0.00    0.00
21:33:51     all   93.77    0.00    2.74    0.00    0.00    3.49    0.00    0.00    0.00    0.00
21:33:52     all   94.50    0.00    2.75    0.00    0.00    2.75    0.00    0.00    0.00    0.00
21:33:53     all   93.55    0.00    2.98    0.00    0.00    3.47    0.00    0.00    0.00    0.00
21:33:54     all   94.24    0.00    2.01    0.00    0.00    3.76    0.00    0.00    0.00    0.00
21:33:55     all   93.78    0.00    2.99    0.00    0.00    3.23    0.00    0.00    0.00    0.00
21:33:56     all   92.79    0.00    3.48    0.00    0.00    3.73    0.00    0.00    0.00    0.00
21:33:57     all   94.21    0.00    2.27    0.00    0.00    3.53    0.00    0.00    0.00    0.00
21:33:58     all   93.55    0.00    2.73    0.00    0.00    3.72    0.00    0.00    0.00    0.00
21:33:59     all   94.99    0.00    2.51    0.00    0.00    2.51    0.00    0.00    0.00    0.00
21:34:00     all   94.01    0.00    2.49    0.00    0.00    3.49    0.00    0.00    0.00    0.00
21:34:01     all   93.58    0.00    2.47    0.00    0.00    3.95    0.00    0.00    0.00    0.00
21:34:02     all   94.78    0.00    2.24    0.00    0.00    2.99    0.00    0.00    0.00    0.00
21:34:03     all   93.75    0.00    2.75    0.00    0.00    3.50    0.00    0.00    0.00    0.00
21:34:04     all   93.27    0.00    3.24    0.00    0.00    3.49    0.00    0.00    0.00    0.00
21:34:05     all   94.04    0.00    2.73    0.00    0.00    3.23    0.00    0.00    0.00    0.00
21:34:06     all   94.50    0.00    2.25    0.00    0.00    3.25    0.00    0.00    0.00    0.00
21:34:07     all   94.25    0.00    2.50    0.00    0.00    3.25    0.00    0.00    0.00    0.00
21:34:08     all   94.51    0.00    2.99    0.00    0.00    2.49    0.00    0.00    0.00    0.00
21:34:09     all   93.80    0.00    2.48    0.00    0.00    3.72    0.00    0.00    0.00    0.00
21:34:10     all   93.75    0.00    3.25    0.00    0.00    3.00    0.00    0.00    0.00    0.00
21:34:11     all   94.26    0.00    2.74    0.00    0.00    2.99    0.00    0.00    0.00    0.00
21:34:12     all   93.05    0.00    3.47    0.00    0.00    3.47    0.00    0.00    0.00    0.00
21:34:13     all   93.78    0.00    2.99    0.00    0.00    3.23    0.00    0.00    0.00    0.00
21:34:14     all   94.50    0.00    2.00    0.00    0.00    3.50    0.00    0.00    0.00    0.00
21:34:15     all   68.34    0.00   10.55    0.00    0.00    2.26    0.00    0.00    0.00   18.84
21:34:16     all    7.71    0.00    0.25    0.00    0.00    0.00    0.00    0.00    0.00   92.04
21:34:17     all    1.25    0.00    0.25    0.00    0.00    0.00    0.00    0.00    0.00   98.50
21:34:18     all    1.25    0.00    0.00    0.25    0.00    0.00    0.00    0.00    0.00   98.50
Average:     all   93.79    0.00    2.79    0.00    0.00    3.13    0.00    0.00    0.00    0.28
