Linux 6.8.0-1064-azure (csb-bench-host-azure) 	08/18/26 	_x86_64_	(4 CPU)

04:49:55     CPU    %usr   %nice    %sys %iowait    %irq   %soft  %steal  %guest  %gnice   %idle
04:49:56     all   19.50    0.00    1.25    0.00    0.00    0.75    0.00    0.00    0.00   78.50
04:49:57     all   13.18    0.00    1.24    0.00    0.00    0.50    0.00    0.00    0.00   85.07
04:49:58     all   12.56    0.00    0.50    0.00    0.00    0.75    0.00    0.00    0.00   86.18
04:49:59     all   13.16    0.00    0.25    0.00    0.00    0.51    0.00    0.00    0.00   86.08
04:50:00     all   11.78    0.00    0.50    0.00    0.00    0.75    0.00    0.00    0.00   86.97
04:50:01     all   13.28    0.00    1.00    0.25    0.00    0.50    0.00    0.00    0.00   84.96
04:50:02     all   12.53    0.00    0.50    0.00    0.00    1.00    0.00    0.00    0.00   85.96
04:50:03     all   13.22    0.00    0.50    0.00    0.00    0.75    0.00    0.00    0.00   85.54
04:50:04     all   13.03    0.00    0.50    0.00    0.00    0.50    0.00    0.00    0.00   85.96
04:50:05     all   12.78    0.00    0.25    0.00    0.00    1.00    0.00    0.00    0.00   85.96
04:50:06     all   12.09    0.00    0.50    0.25    0.00    0.25    0.00    0.00    0.00   86.90
04:50:07     all   12.06    0.00    0.50    0.00    0.00    0.75    0.00    0.00    0.00   86.68
04:50:08     all   12.06    0.00    0.50    0.00    0.00    0.75    0.00    0.00    0.00   86.68
04:50:09     all   11.94    0.00    0.50    0.25    0.00    1.00    0.00    0.00    0.00   86.32
04:50:10     all   12.06    0.00    0.50    0.00    0.00    0.25    0.00    0.00    0.00   87.19
04:50:11     all   12.00    0.00    0.50    0.00    0.00    1.00    0.00    0.00    0.00   86.50
04:50:12     all   12.34    0.00    0.25    0.00    0.00    0.50    0.00    0.00    0.00   86.90
04:50:13     all   12.00    0.00    0.50    0.00    0.00    0.75    0.00    0.00    0.00   86.75
04:50:14     all   12.00    0.00    0.50    0.00    0.00    0.50    0.00    0.00    0.00   87.00
04:50:15     all   12.28    0.00    0.50    0.00    0.00    0.75    0.00    0.00    0.00   86.47
04:50:16     all   12.03    0.00    0.25    0.00    0.00    0.75    0.00    0.00    0.00   86.97
04:50:17     all   12.59    0.00    0.25    0.00    0.00    0.50    0.00    0.00    0.00   86.65
04:50:18     all   12.03    0.00    1.00    0.25    0.00    0.50    0.00    0.00    0.00   86.22
04:50:19     all   12.03    0.00    0.25    0.00    0.00    0.75    0.00    0.00    0.00   86.97
04:50:20     all   12.37    0.00    0.25    0.00    0.00    0.51    0.00    0.00    0.00   86.87
04:50:21     all   12.53    0.00    0.50    0.00    0.00    0.25    0.00    0.00    0.00   86.72
04:50:22     all   11.78    0.00    0.75    0.00    0.00    0.75    0.00    0.00    0.00   86.72
04:50:23     all   12.19    0.00    0.75    0.00    0.00    1.24    0.00    0.00    0.00   85.82
04:50:24     all   12.85    0.00    0.25    0.00    0.00    0.50    0.00    0.00    0.00   86.40
04:50:25     all   11.81    0.00    0.50    0.00    0.00    0.50    0.00    0.00    0.00   87.19
04:50:26     all   12.47    0.00    0.50    0.00    0.00    0.75    0.00    0.00    0.00   86.28
04:50:27     all   12.75    0.00    0.50    0.00    0.00    0.75    0.00    0.00    0.00   86.00
04:50:28     all   12.00    0.00    0.75    0.00    0.00    1.00    0.00    0.00    0.00   86.25
04:50:29     all   12.75    0.00    0.00    0.00    0.00    0.50    0.00    0.00    0.00   86.75
04:50:30     all   12.28    0.00    0.75    0.50    0.00    0.50    0.00    0.00    0.00   85.96
04:50:31     all   11.34    0.00    0.50    0.00    0.00    0.76    0.00    0.00    0.00   87.41
04:50:32     all   12.22    0.00    0.75    0.00    0.00    0.75    0.00    0.00    0.00   86.28
04:50:33     all   11.84    0.00    0.25    0.00    0.00    0.76    0.00    0.00    0.00   87.15
04:50:34     all   12.00    0.00    0.50    0.00    0.00    0.50    0.00    0.00    0.00   87.00
04:50:35     all   12.94    0.00    1.24    0.00    0.00    0.75    0.00    0.00    0.00   85.07
04:50:36     all   12.59    0.00    1.01    0.25    0.00    0.25    0.00    0.00    0.00   85.89
04:50:37     all   12.31    0.00    0.25    0.00    0.00    0.75    0.00    0.00    0.00   86.68
04:50:38     all   12.06    0.00    0.25    0.00    0.00    1.01    0.00    0.00    0.00   86.68
04:50:39     all   12.25    0.00    0.75    0.00    0.00    0.75    0.00    0.00    0.00   86.25
04:50:40     all   12.34    0.00    0.25    0.00    0.00    0.25    0.00    0.00    0.00   87.15
04:50:41     all   12.53    0.00    0.50    0.00    0.00    0.75    0.00    0.00    0.00   86.22
04:50:42     all   12.31    0.00    0.50    0.00    0.00    1.01    0.00    0.00    0.00   86.18
04:50:43     all   11.75    0.00    0.75    0.00    0.00    0.75    0.00    0.00    0.00   86.75
04:50:44     all   12.06    0.00    0.50    0.00    0.00    0.50    0.00    0.00    0.00   86.93
04:50:45     all   12.09    0.00    0.50    0.00    0.00    0.76    0.00    0.00    0.00   86.65
04:50:46     all   11.56    0.00    0.75    0.00    0.00    0.75    0.00    0.00    0.00   86.93
04:50:47     all   12.00    0.00    0.25    0.00    0.00    1.00    0.00    0.00    0.00   86.75
04:50:48     all   11.72    0.00    0.75    0.50    0.00    0.50    0.00    0.00    0.00   86.53
04:50:49     all   12.78    0.00    0.50    0.00    0.00    0.75    0.00    0.00    0.00   85.96
04:50:50     all   12.00    0.00    0.50    0.00    0.00    1.00    0.00    0.00    0.00   86.50
04:50:51     all   12.78    0.00    0.50    0.00    0.00    0.25    0.00    0.00    0.00   86.47
04:50:52     all   13.25    0.00    0.25    0.00    0.00    0.75    0.00    0.00    0.00   85.75
04:50:53     all   12.34    0.00    0.50    0.00    0.00    0.76    0.00    0.00    0.00   86.40
04:50:54     all   12.75    0.00    0.50    0.00    0.00    0.75    0.00    0.00    0.00   86.00
04:50:55     all   12.00    0.00    0.75    0.00    0.00    1.00    0.00    0.00    0.00   86.25
04:50:56     all   11.75    0.00    0.25    0.00    0.00    1.25    0.00    0.00    0.00   86.75
04:50:57     all   12.85    0.00    0.50    0.00    0.00    0.50    0.00    0.00    0.00   86.15
04:50:58     all   12.22    0.00    0.75    0.00    0.00    1.00    0.00    0.00    0.00   86.03
04:50:59     all   12.59    0.00    0.50    0.00    0.00    0.50    0.00    0.00    0.00   86.40
04:51:00     all   12.81    0.00    0.25    0.25    0.00    0.50    0.00    0.00    0.00   86.18
04:51:01     all   12.59    0.00    0.76    0.00    0.00    0.25    0.00    0.00    0.00   86.40
04:51:02     all   12.72    0.00    0.50    0.00    0.00    1.00    0.00    0.00    0.00   85.79
04:51:03     all   12.81    0.00    0.50    0.00    0.00    0.50    0.00    0.00    0.00   86.18
04:51:04     all   12.85    0.00    0.25    0.00    0.00    0.25    0.00    0.00    0.00   86.65
04:51:05     all   12.31    0.00    0.75    0.00    0.00    0.75    0.00    0.00    0.00   86.18
04:51:06     all   12.53    0.00    0.50    0.00    0.00    0.50    0.00    0.00    0.00   86.47
04:51:07     all   12.28    0.00    0.50    0.00    0.00    0.50    0.00    0.00    0.00   86.72
04:51:08     all   12.75    0.00    0.50    0.00    0.00    0.50    0.00    0.00    0.00   86.25
04:51:09     all   12.28    0.00    0.50    0.00    0.00    0.75    0.00    0.00    0.00   86.47
04:51:10     all   12.56    0.00    0.00    0.25    0.00    0.25    0.00    0.00    0.00   86.93
04:51:11     all   12.00    0.00    0.75    0.25    0.00    0.75    0.00    0.00    0.00   86.25
04:51:12     all   12.22    0.00    0.75    0.00    0.00    1.00    0.00    0.00    0.00   86.03
04:51:13     all   12.31    0.00    0.25    0.00    0.00    0.25    0.00    0.00    0.00   87.19
04:51:14     all   12.34    0.00    0.76    0.00    0.00    0.50    0.00    0.00    0.00   86.40
04:51:15     all   12.94    0.00    0.25    0.00    0.00    1.00    0.00    0.00    0.00   85.82
04:51:16     all   12.91    0.00    0.76    0.00    0.00    0.51    0.00    0.00    0.00   85.82
04:51:17     all   12.94    0.00    0.25    0.00    0.00    1.00    0.00    0.00    0.00   85.82
04:51:18     all   13.35    0.00    0.25    0.00    0.00    0.50    0.00    0.00    0.00   85.89
04:51:19     all   12.47    0.00    0.75    0.00    0.00    1.00    0.00    0.00    0.00   85.79
04:51:20     all   12.28    0.00    0.50    0.00    0.00    0.75    0.00    0.00    0.00   86.47
04:51:21     all   12.28    0.00    0.25    0.00    0.00    0.75    0.00    0.00    0.00   86.72
04:51:22     all   13.00    0.00    0.50    0.25    0.00    0.25    0.00    0.00    0.00   86.00
04:51:23     all   12.00    0.00    1.00    0.00    0.00    1.00    0.00    0.00    0.00   86.00
04:51:24     all   12.47    0.00    0.50    0.00    0.00    0.75    0.00    0.00    0.00   86.28
04:51:25     all   12.25    0.00    0.50    0.00    0.00    1.00    0.00    0.00    0.00   86.25
04:51:26     all   12.03    0.00    0.50    0.25    0.00    0.50    0.00    0.00    0.00   86.72
04:51:27     all   12.50    0.00    0.50    0.00    0.00    0.75    0.00    0.00    0.00   86.25
04:51:28     all   12.09    0.00    0.76    0.00    0.00    0.50    0.00    0.00    0.00   86.65
04:51:29     all   12.12    0.00    0.25    0.00    0.00    0.51    0.00    0.00    0.00   87.12
04:51:30     all   12.19    0.00    1.00    0.00    0.00    0.50    0.00    0.00    0.00   86.32
04:51:31     all   12.31    0.00    0.25    0.00    0.00    0.50    0.00    0.00    0.00   86.93
04:51:32     all   12.03    0.00    0.75    0.00    0.00    0.75    0.00    0.00    0.00   86.47
04:51:33     all   12.78    0.00    0.75    0.00    0.00    0.50    0.00    0.00    0.00   85.96
04:51:34     all   12.78    0.00    0.25    0.25    0.00    0.75    0.00    0.00    0.00   85.96
04:51:35     all   13.00    0.00    1.00    0.00    0.00    0.75    0.00    0.00    0.00   85.25
04:51:36     all   12.78    0.00    1.25    0.00    0.00    0.75    0.00    0.00    0.00   85.21
04:51:37     all   12.31    0.00    0.50    0.00    0.00    0.50    0.00    0.00    0.00   86.68
04:51:38     all   12.25    0.00    0.50    0.00    0.00    0.75    0.00    0.00    0.00   86.50
04:51:39     all   12.50    0.00    0.75    0.25    0.00    0.75    0.00    0.00    0.00   85.75
04:51:40     all   13.00    0.00    0.25    0.00    0.00    0.75    0.00    0.00    0.00   86.00
04:51:41     all   11.81    0.00    0.75    0.00    0.00    0.75    0.00    0.00    0.00   86.68
04:51:42     all   13.25    0.00    0.50    0.00    0.00    0.50    0.00    0.00    0.00   85.75
04:51:43     all   12.53    0.00    0.50    0.00    0.00    0.75    0.00    0.00    0.00   86.22
04:51:44     all   12.06    0.00    0.50    0.00    0.00    0.50    0.00    0.00    0.00   86.93
04:51:45     all   12.03    0.00    0.50    0.00    0.00    0.50    0.00    0.00    0.00   86.97
04:51:46     all   11.78    0.00    0.50    0.00    0.00    0.75    0.00    0.00    0.00   86.97
04:51:47     all   12.28    0.00    0.75    0.00    0.00    0.25    0.00    0.00    0.00   86.72
04:51:48     all   12.41    0.00    0.51    0.00    0.00    0.25    0.00    0.00    0.00   86.84
04:51:49     all   12.53    0.00    0.25    0.25    0.00    0.75    0.00    0.00    0.00   86.22
04:51:50     all   11.97    0.00    1.00    0.00    0.00    0.50    0.00    0.00    0.00   86.53
04:51:51     all   12.85    0.00    0.50    0.25    0.00    0.50    0.00    0.00    0.00   85.89
04:51:52     all   12.28    0.00    0.50    0.00    0.00    1.00    0.00    0.00    0.00   86.22
04:51:53     all   11.91    0.00    0.50    0.25    0.00    0.99    0.00    0.00    0.00   86.35
04:51:54     all   12.28    0.00    0.50    0.00    0.00    0.75    0.00    0.00    0.00   86.47
04:51:55     all   12.03    0.00    0.75    0.00    0.00    0.50    0.00    0.00    0.00   86.72
04:51:56     all   12.28    0.00    0.25    0.00    0.00    1.00    0.00    0.00    0.00   86.47
04:51:57     all   12.00    0.00    0.50    0.00    0.00    1.00    0.00    0.00    0.00   86.50
04:51:58     all   12.19    0.00    0.75    0.00    0.00    0.75    0.00    0.00    0.00   86.32
04:51:59     all   11.87    0.00    0.51    0.25    0.00    0.76    0.00    0.00    0.00   86.62
04:52:00     all   12.69    0.00    0.75    0.00    0.00    1.24    0.00    0.00    0.00   85.32
04:52:01     all   12.62    0.00    0.74    0.00    0.00    0.99    0.00    0.00    0.00   85.64
04:52:02     all   12.31    0.00    0.25    0.00    0.00    0.75    0.00    0.00    0.00   86.68
04:52:03     all   11.75    0.00    0.50    0.00    0.00    1.00    0.00    0.00    0.00   86.75
04:52:04     all   12.50    0.00    0.50    0.00    0.00    0.75    0.00    0.00    0.00   86.25
04:52:05     all   13.64    0.00    0.51    0.00    0.00    0.51    0.00    0.00    0.00   85.35
04:52:06     all   12.50    0.00    0.75    0.00    0.00    0.75    0.00    0.00    0.00   86.00
04:52:07     all   12.28    0.00    0.75    0.00    0.00    0.50    0.00    0.00    0.00   86.47
04:52:08     all   12.63    0.00    0.51    0.00    0.00    0.25    0.00    0.00    0.00   86.62
04:52:09     all   13.72    0.00    0.50    0.00    0.00    0.75    0.00    0.00    0.00   85.04
04:52:10     all   12.59    0.00    0.50    0.00    0.00    0.50    0.00    0.00    0.00   86.40
04:52:11     all   12.22    0.00    0.75    0.00    0.00    1.00    0.00    0.00    0.00   86.03
04:52:12     all   13.28    0.00    0.75    0.00    0.00    0.50    0.00    0.00    0.00   85.46
04:52:13     all   11.78    0.00    0.25    0.00    0.00    0.75    0.00    0.00    0.00   87.22
04:52:14     all   12.28    0.00    0.50    0.00    0.00    0.50    0.00    0.00    0.00   86.72
04:52:15     all   12.09    0.00    0.50    0.00    0.00    0.76    0.00    0.00    0.00   86.65
04:52:16     all   12.31    0.00    0.25    0.50    0.00    0.50    0.00    0.00    0.00   86.43
04:52:17     all   12.03    0.00    0.50    0.00    0.00    0.25    0.00    0.00    0.00   87.22
04:52:18     all   12.31    0.00    0.50    0.00    0.00    0.50    0.00    0.00    0.00   86.68
04:52:19     all   12.28    0.00    0.25    0.00    0.00    1.00    0.00    0.00    0.00   86.47
04:52:20     all   12.72    0.00    1.00    0.00    0.00    0.50    0.00    0.00    0.00   85.79
04:52:21     all   12.03    0.00    0.25    0.25    0.00    1.00    0.00    0.00    0.00   86.47
04:52:22     all   12.44    0.00    0.50    0.00    0.00    1.00    0.00    0.00    0.00   86.07
04:52:23     all   11.75    0.00    0.75    0.00    0.00    1.00    0.00    0.00    0.00   86.50
04:52:24     all   12.85    0.00    0.25    0.00    0.00    0.50    0.00    0.00    0.00   86.40
04:52:25     all   12.28    0.00    0.50    0.00    0.00    0.75    0.00    0.00    0.00   86.47
04:52:26     all   12.44    0.00    0.50    0.25    0.00    1.00    0.00    0.00    0.00   85.82
04:52:27     all   12.03    0.00    0.50    0.00    0.00    0.75    0.00    0.00    0.00   86.72
04:52:28     all   12.25    0.00    0.50    0.00    0.00    1.00    0.00    0.00    0.00   86.25
04:52:29     all   12.28    0.00    0.50    0.00    0.00    0.25    0.00    0.00    0.00   86.97
04:52:30     all   12.25    0.00    0.75    0.00    0.00    1.00    0.00    0.00    0.00   86.00
04:52:31     all   12.25    0.00    0.50    0.25    0.00    0.75    0.00    0.00    0.00   86.25
04:52:32     all   12.22    0.00    0.50    0.00    0.00    0.75    0.00    0.00    0.00   86.53
04:52:33     all   12.56    0.00    0.25    0.00    0.00    0.75    0.00    0.00    0.00   86.43
04:52:34     all   12.44    0.00    0.75    0.00    0.00    1.24    0.00    0.00    0.00   85.57
04:52:35     all   13.53    0.00    1.00    0.00    0.00    0.50    0.00    0.00    0.00   84.96
04:52:36     all   13.22    0.00    1.25    0.00    0.00    1.00    0.00    0.00    0.00   84.54
04:52:37     all   12.97    0.00    0.50    0.00    0.00    0.50    0.00    0.00    0.00   86.03
04:52:38     all   12.34    0.00    0.25    0.00    0.00    1.01    0.00    0.00    0.00   86.40
04:52:39     all   12.22    0.00    0.75    0.00    0.00    1.25    0.00    0.00    0.00   85.79
04:52:40     all   12.47    0.00    0.75    0.00    0.00    1.00    0.00    0.00    0.00   85.79
04:52:41     all   11.97    0.00    1.00    0.25    0.00    1.00    0.00    0.00    0.00   85.79
04:52:42     all   12.56    0.00    0.25    0.00    0.00    0.50    0.00    0.00    0.00   86.68
04:52:43     all   12.37    0.00    0.51    0.00    0.00    0.25    0.00    0.00    0.00   86.87
04:52:44     all   12.31    0.00    0.50    0.00    0.00    0.75    0.00    0.00    0.00   86.43
04:52:45     all   13.00    0.00    0.25    0.00    0.00    0.50    0.00    0.00    0.00   86.25
04:52:46     all   12.44    0.00    0.50    0.00    0.00    1.00    0.00    0.00    0.00   86.07
04:52:47     all   12.72    0.00    0.75    0.00    0.00    1.00    0.00    0.00    0.00   85.54
04:52:48     all   12.56    0.00    0.25    0.25    0.00    0.75    0.00    0.00    0.00   86.18
04:52:49     all   12.50    0.00    0.50    0.00    0.00    0.50    0.00    0.00    0.00   86.50
04:52:50     all   12.63    0.00    0.51    0.00    0.00    0.00    0.00    0.00    0.00   86.87
04:52:51     all   12.50    0.00    0.50    0.00    0.00    0.75    0.00    0.00    0.00   86.25
04:52:52     all   12.37    0.00    0.25    0.00    0.00    0.51    0.00    0.00    0.00   86.87
04:52:53     all   12.78    0.00    0.75    0.50    0.00    0.25    0.00    0.00    0.00   85.71
04:52:54     all   12.31    0.00    0.25    0.00    0.00    1.01    0.00    0.00    0.00   86.43
04:52:55     all   12.53    0.00    0.75    0.00    0.00    0.25    0.00    0.00    0.00   86.47
04:52:56     all   12.75    0.00    0.50    0.00    0.00    0.50    0.00    0.00    0.00   86.25
04:52:57     all   11.81    0.00    0.50    0.00    0.00    0.75    0.00    0.00    0.00   86.93
04:52:58     all   12.72    0.00    0.50    0.00    0.00    0.50    0.00    0.00    0.00   86.28
04:52:59     all   12.34    0.00    0.50    0.00    0.00    0.76    0.00    0.00    0.00   86.40
04:53:00     all   12.19    0.00    1.24    0.00    0.00    1.00    0.00    0.00    0.00   85.57
04:53:01     all   12.28    0.00    0.50    0.00    0.00    0.50    0.00    0.00    0.00   86.72
04:53:02     all   12.31    0.00    0.50    0.00    0.00    0.25    0.00    0.00    0.00   86.93
04:53:03     all   12.50    0.00    0.50    0.00    0.00    0.50    0.00    0.00    0.00   86.50
04:53:04     all   12.59    0.00    0.25    0.00    0.00    0.50    0.00    0.00    0.00   86.65
04:53:05     all   12.75    0.00    0.75    0.25    0.00    0.75    0.00    0.00    0.00   85.50
04:53:06     all   12.53    0.00    0.50    0.00    0.00    0.50    0.00    0.00    0.00   86.47
04:53:07     all   12.28    0.00    0.50    0.00    0.00    1.00    0.00    0.00    0.00   86.22
04:53:08     all   12.28    0.00    0.50    0.00    0.00    1.00    0.00    0.00    0.00   86.22
04:53:09     all   13.00    0.00    0.75    0.00    0.00    0.50    0.00    0.00    0.00   85.75
04:53:10     all   12.50    0.00    0.50    0.00    0.00    1.00    0.00    0.00    0.00   86.00
04:53:11     all   12.28    0.00    0.50    0.00    0.00    0.75    0.00    0.00    0.00   86.47
04:53:12     all   12.37    0.00    0.51    0.00    0.00    0.25    0.00    0.00    0.00   86.87
04:53:13     all   12.09    0.00    0.25    0.00    0.00    0.50    0.00    0.00    0.00   87.15
04:53:14     all   12.75    0.00    0.50    0.00    0.00    0.75    0.00    0.00    0.00   86.00
04:53:15     all   12.09    0.00    0.50    0.00    0.00    0.25    0.00    0.00    0.00   87.15
04:53:16     all   11.84    0.00    0.25    0.00    0.00    0.50    0.00    0.00    0.00   87.41
04:53:17     all   12.22    0.00    0.75    0.50    0.00    0.75    0.00    0.00    0.00   85.79
04:53:18     all   12.28    0.00    0.75    0.00    0.00    0.50    0.00    0.00    0.00   86.47
04:53:19     all   12.37    0.00    0.25    0.00    0.00    0.25    0.00    0.00    0.00   87.12
04:53:20     all   12.28    0.00    0.50    0.00    0.00    0.75    0.00    0.00    0.00   86.47
04:53:21     all   13.03    0.00    0.25    0.00    0.00    0.50    0.00    0.00    0.00   86.22
04:53:22     all   12.63    0.00    0.76    0.00    0.00    0.25    0.00    0.00    0.00   86.36
04:53:23     all   12.50    0.00    0.50    0.00    0.00    0.75    0.00    0.00    0.00   86.25
04:53:24     all   13.03    0.00    0.50    0.00    0.00    0.50    0.00    0.00    0.00   85.96
04:53:25     all   11.84    0.00    0.25    0.00    0.00    0.76    0.00    0.00    0.00   87.15
04:53:26     all   12.53    0.00    0.50    0.00    0.00    0.75    0.00    0.00    0.00   86.22
04:53:27     all   12.90    0.00    0.74    0.25    0.00    0.50    0.00    0.00    0.00   85.61
04:53:28     all   12.28    0.00    0.25    0.00    0.00    1.00    0.00    0.00    0.00   86.47
04:53:29     all   12.53    0.00    0.50    0.00    0.00    0.75    0.00    0.00    0.00   86.22
04:53:30     all   12.84    0.00    0.74    0.00    0.00    1.23    0.00    0.00    0.00   85.19
04:53:31     all   11.87    0.00    0.51    0.00    0.00    0.51    0.00    0.00    0.00   87.12
04:53:32     all   12.00    0.00    0.50    0.00    0.00    1.00    0.00    0.00    0.00   86.50
04:53:33     all   11.84    0.00    0.50    0.00    0.00    0.50    0.00    0.00    0.00   87.15
04:53:34     all   12.22    0.00    1.00    0.00    0.00    0.75    0.00    0.00    0.00   86.03
04:53:35     all   13.07    0.00    1.26    0.00    0.00    0.75    0.00    0.00    0.00   84.92
04:53:36     all   12.31    0.00    0.75    0.00    0.00    0.75    0.00    0.00    0.00   86.18
04:53:37     all   12.00    0.00    0.50    0.00    0.00    0.75    0.00    0.00    0.00   86.75
04:53:38     all   12.31    0.00    0.50    0.00    0.00    0.50    0.00    0.00    0.00   86.68
04:53:39     all   12.25    0.00    0.75    0.00    0.00    0.50    0.00    0.00    0.00   86.50
04:53:40     all   12.31    0.00    0.50    0.00    0.00    0.50    0.00    0.00    0.00   86.68
04:53:41     all   12.25    0.00    0.50    0.00    0.00    0.50    0.00    0.00    0.00   86.75
04:53:42     all   13.47    0.00    0.75    0.00    0.00    0.75    0.00    0.00    0.00   85.04
04:53:43     all   12.09    0.00    0.00    0.00    0.00    0.50    0.00    0.00    0.00   87.41
04:53:44     all   12.00    0.00    0.50    0.00    0.00    0.75    0.00    0.00    0.00   86.75
04:53:45     all   12.03    0.00    0.75    0.00    0.00    0.75    0.00    0.00    0.00   86.47
04:53:46     all   12.34    0.00    0.25    0.00    0.00    0.25    0.00    0.00    0.00   87.15
04:53:47     all   12.44    0.00    0.50    0.00    0.00    1.00    0.00    0.00    0.00   86.07
04:53:48     all   12.31    0.00    0.50    0.00    0.00    0.75    0.00    0.00    0.00   86.43
04:53:49     all   12.53    0.00    0.50    0.00    0.00    0.50    0.00    0.00    0.00   86.47
04:53:50     all   12.53    0.00    0.50    0.25    0.00    0.50    0.00    0.00    0.00   86.22
04:53:51     all   12.06    0.00    0.25    0.00    0.00    1.01    0.00    0.00    0.00   86.68
04:53:52     all   12.75    0.00    0.50    0.00    0.00    0.75    0.00    0.00    0.00   86.00
04:53:53     all   12.03    0.00    0.25    0.00    0.00    0.75    0.00    0.00    0.00   86.97
04:53:54     all   12.44    0.00    0.75    0.00    0.00    1.24    0.00    0.00    0.00   85.57
04:53:55     all   12.28    0.00    0.75    0.25    0.00    0.75    0.00    0.00    0.00   85.96
04:53:56     all   12.44    0.00    0.50    0.00    0.00    1.24    0.00    0.00    0.00   85.82
04:53:57     all   12.09    0.00    0.50    0.00    0.00    0.76    0.00    0.00    0.00   86.65
04:53:58     all   12.72    0.00    0.50    0.00    0.00    1.25    0.00    0.00    0.00   85.54
04:53:59     all   12.56    0.00    0.75    0.00    0.00    0.75    0.00    0.00    0.00   85.93
04:54:00     all   12.53    0.00    0.25    0.00    0.00    0.50    0.00    0.00    0.00   86.72
04:54:01     all   12.72    0.00    0.75    0.25    0.00    0.75    0.00    0.00    0.00   85.54
04:54:02     all   12.22    0.00    0.75    0.00    0.00    1.00    0.00    0.00    0.00   86.03
04:54:03     all   12.78    0.00    0.00    0.00    0.00    0.75    0.00    0.00    0.00   86.47
04:54:04     all   13.25    0.00    0.75    0.00    0.00    1.00    0.00    0.00    0.00   85.00
04:54:05     all   12.69    0.00    0.75    0.00    0.00    0.75    0.00    0.00    0.00   85.82
04:54:06     all   12.85    0.00    0.25    0.00    0.00    0.25    0.00    0.00    0.00   86.65
04:54:07     all   12.50    0.00    0.50    0.25    0.00    0.75    0.00    0.00    0.00   86.00
04:54:08     all   12.56    0.00    0.50    0.00    0.00    0.75    0.00    0.00    0.00   86.18
04:54:09     all   12.25    0.00    0.50    0.00    0.00    0.75    0.00    0.00    0.00   86.50
04:54:10     all   12.53    0.00    0.25    0.00    0.00    0.75    0.00    0.00    0.00   86.47
04:54:11     all   12.06    0.00    0.50    0.00    0.00    0.50    0.00    0.00    0.00   86.93
04:54:12     all   13.10    0.00    0.25    0.00    0.00    0.50    0.00    0.00    0.00   86.15
04:54:13     all   12.19    0.00    0.75    0.25    0.00    0.50    0.00    0.00    0.00   86.32
04:54:14     all   12.72    0.00    0.50    0.00    0.00    1.50    0.00    0.00    0.00   85.29
04:54:15     all   12.06    0.00    0.50    0.00    0.00    0.50    0.00    0.00    0.00   86.93
04:54:16     all   12.53    0.00    0.25    0.00    0.00    1.00    0.00    0.00    0.00   86.22
04:54:17     all   12.03    0.00    0.50    0.00    0.00    0.50    0.00    0.00    0.00   86.97
04:54:18     all   12.00    0.00    0.50    0.00    0.00    0.75    0.00    0.00    0.00   86.75
04:54:19     all   12.56    0.00    0.25    0.00    0.00    0.75    0.00    0.00    0.00   86.43
04:54:20     all   12.47    0.00    0.75    0.00    0.00    1.00    0.00    0.00    0.00   85.79
04:54:21     all   12.50    0.00    0.50    0.00    0.00    1.00    0.00    0.00    0.00   86.00
04:54:22     all   12.50    0.00    0.50    0.00    0.00    0.75    0.00    0.00    0.00   86.25
04:54:23     all   12.53    0.00    0.25    0.00    0.00    1.00    0.00    0.00    0.00   86.22
04:54:24     all   12.75    0.00    0.50    0.25    0.00    0.50    0.00    0.00    0.00   86.00
04:54:25     all   12.50    0.00    0.25    0.00    0.00    0.75    0.00    0.00    0.00   86.50
04:54:26     all   12.44    0.00    0.75    0.00    0.00    1.00    0.00    0.00    0.00   85.82
04:54:27     all   12.25    0.00    0.50    0.00    0.00    1.00    0.00    0.00    0.00   86.25
04:54:28     all   12.75    0.00    0.25    0.00    0.00    0.75    0.00    0.00    0.00   86.25
04:54:29     all   12.03    0.00    0.50    0.00    0.00    1.00    0.00    0.00    0.00   86.47
04:54:30     all   12.34    0.00    0.00    0.00    0.00    1.01    0.00    0.00    0.00   86.65
04:54:31     all   12.00    0.00    1.00    0.00    0.00    0.50    0.00    0.00    0.00   86.50
04:54:32     all   11.31    0.00    0.50    0.00    0.00    0.75    0.00    0.00    0.00   87.44
04:54:33     all   12.44    0.00    0.50    0.00    0.00    0.75    0.00    0.00    0.00   86.32
04:54:34     all   12.25    0.00    0.75    0.50    0.00    0.50    0.00    0.00    0.00   86.00
04:54:35     all   12.53    0.00    1.00    0.00    0.00    1.00    0.00    0.00    0.00   85.46
04:54:36     all   12.94    0.00    1.00    0.00    0.00    1.00    0.00    0.00    0.00   85.07
04:54:37     all   12.25    0.00    0.50    0.00    0.00    0.75    0.00    0.00    0.00   86.50
04:54:38     all   11.78    0.00    0.75    0.00    0.00    0.75    0.00    0.00    0.00   86.72
04:54:39     all   12.06    0.00    0.50    0.25    0.00    0.50    0.00    0.00    0.00   86.68
04:54:40     all   12.47    0.00    0.50    0.00    0.00    1.00    0.00    0.00    0.00   86.03
04:54:41     all   12.56    0.00    0.50    0.00    0.00    0.00    0.00    0.00    0.00   86.93
04:54:42     all   11.97    0.00    0.75    0.00    0.00    0.75    0.00    0.00    0.00   86.53
04:54:43     all   11.53    0.00    0.75    0.00    0.00    0.75    0.00    0.00    0.00   86.97
04:54:44     all   12.12    0.00    0.25    0.00    0.00    0.51    0.00    0.00    0.00   87.12
04:54:45     all   11.72    0.00    0.25    0.00    0.00    1.25    0.00    0.00    0.00   86.78
04:54:46     all   12.25    0.00    0.50    0.00    0.00    1.25    0.00    0.00    0.00   86.00
04:54:47     all   12.00    0.00    0.50    0.00    0.00    0.75    0.00    0.00    0.00   86.75
04:54:48     all   12.06    0.00    0.25    0.00    0.00    0.50    0.00    0.00    0.00   87.19
04:54:49     all   11.75    0.00    0.50    0.25    0.00    1.00    0.00    0.00    0.00   86.50
04:54:50     all   11.81    0.00    0.50    0.00    0.00    0.50    0.00    0.00    0.00   87.19
04:54:51     all   12.03    0.00    0.50    0.00    0.00    0.75    0.00    0.00    0.00   86.72
04:54:52     all   12.50    0.00    0.50    0.00    0.00    1.00    0.00    0.00    0.00   86.00
04:54:53     all   12.50    0.00    0.50    0.00    0.00    1.00    0.00    0.00    0.00   86.00
04:54:54     all   12.53    0.00    0.50    0.00    0.00    0.50    0.00    0.00    0.00   86.47
04:54:55     all   12.31    0.00    0.50    0.00    0.00    0.75    0.00    0.00    0.00   86.43
04:54:56     all   12.22    0.00    0.50    0.00    0.00    1.00    0.00    0.00    0.00   86.28
04:54:57     all   11.84    0.00    0.25    0.25    0.00    0.50    0.00    0.00    0.00   87.15
04:54:58     all   12.41    0.00    0.74    0.00    0.00    0.99    0.00    0.00    0.00   85.86
04:54:59     all   12.75    0.00    0.50    0.00    0.00    0.75    0.00    0.00    0.00   86.00
04:55:00     all   13.10    0.00    0.25    0.00    0.00    0.76    0.00    0.00    0.00   85.89
04:55:01     all   13.28    0.00    0.75    0.50    0.00    0.75    0.00    0.00    0.00   84.71
04:55:02     all   12.90    0.00    0.74    0.00    0.00    0.99    0.00    0.00    0.00   85.36
04:55:03     all   12.78    0.00    0.00    0.00    0.00    1.00    0.00    0.00    0.00   86.22
04:55:04     all   12.50    0.00    0.75    0.00    0.00    0.75    0.00    0.00    0.00   86.00
04:55:05     all   12.25    0.00    0.25    0.00    0.00    1.00    0.00    0.00    0.00   86.50
04:55:06     all   12.97    0.00    1.00    0.25    0.00    0.75    0.00    0.00    0.00   85.04
04:55:07     all   12.25    0.00    0.50    0.00    0.00    1.25    0.00    0.00    0.00   86.00
04:55:08     all   12.22    0.00    0.50    0.00    0.00    0.75    0.00    0.00    0.00   86.53
04:55:09     all   12.09    0.00    0.50    0.00    0.00    0.76    0.00    0.00    0.00   86.65
04:55:10     all   12.75    0.00    0.50    0.00    0.00    0.75    0.00    0.00    0.00   86.00
04:55:11     all   12.47    0.00    0.50    0.00    0.00    1.25    0.00    0.00    0.00   85.79
04:55:12     all   12.78    0.00    0.75    0.00    0.00    0.50    0.00    0.00    0.00   85.96
04:55:13     all   12.47    0.00    0.50    0.00    0.00    0.75    0.00    0.00    0.00   86.28
04:55:14     all   12.97    0.00    0.50    0.00    0.00    1.25    0.00    0.00    0.00   85.29
04:55:15     all   11.84    0.00    0.50    0.00    0.00    0.50    0.00    0.00    0.00   87.15
04:55:16     all   11.56    0.00    0.50    0.00    0.00    0.75    0.00    0.00    0.00   87.19
04:55:17     all   11.53    0.00    0.50    0.00    0.00    0.75    0.00    0.00    0.00   87.22
04:55:18     all   11.97    0.00    0.75    0.50    0.00    1.00    0.00    0.00    0.00   85.79
04:55:19     all   12.12    0.00    0.76    0.00    0.00    0.25    0.00    0.00    0.00   86.87
04:55:20     all   12.47    0.00    0.50    0.00    0.00    1.25    0.00    0.00    0.00   85.79
04:55:21     all   12.72    0.00    0.50    0.00    0.00    0.50    0.00    0.00    0.00   86.28
04:55:22     all   12.37    0.00    0.51    0.00    0.00    0.76    0.00    0.00    0.00   86.36
04:55:23     all   12.50    0.00    0.50    0.00    0.00    1.00    0.00    0.00    0.00   86.00
04:55:24     all   12.28    0.00    0.75    0.00    0.00    0.75    0.00    0.00    0.00   86.22
04:55:25     all   12.19    0.00    0.25    0.00    0.00    1.24    0.00    0.00    0.00   86.32
04:55:26     all   12.25    0.00    0.50    0.00    0.00    0.75    0.00    0.00    0.00   86.50
04:55:27     all   12.78    0.00    0.50    0.00    0.00    0.50    0.00    0.00    0.00   86.22
04:55:28     all   11.53    0.00    0.25    0.00    0.00    0.75    0.00    0.00    0.00   87.47
04:55:29     all   12.03    0.00    1.00    0.25    0.00    0.75    0.00    0.00    0.00   85.96
04:55:30     all   12.03    0.00    0.50    0.00    0.00    0.75    0.00    0.00    0.00   86.72
04:55:31     all   12.31    0.00    0.25    0.00    0.00    0.75    0.00    0.00    0.00   86.68
04:55:32     all   12.06    0.00    0.75    0.00    0.00    0.50    0.00    0.00    0.00   86.68
04:55:33     all   12.28    0.00    0.25    0.00    0.00    0.75    0.00    0.00    0.00   86.72
04:55:34     all   12.09    0.00    0.50    0.00    0.00    0.50    0.00    0.00    0.00   86.90
04:55:35     all   12.94    0.00    1.49    0.00    0.00    1.24    0.00    0.00    0.00   84.33
04:55:36     all   12.03    0.00    0.75    0.00    0.00    1.00    0.00    0.00    0.00   86.22
04:55:37     all   12.12    0.00    0.25    0.00    0.00    0.25    0.00    0.00    0.00   87.37
04:55:38     all   12.28    0.00    0.50    0.00    0.00    0.50    0.00    0.00    0.00   86.72
04:55:39     all   12.37    0.00    0.51    0.00    0.00    0.00    0.00    0.00    0.00   87.12
04:55:40     all   12.31    0.00    0.25    0.00    0.00    0.50    0.00    0.00    0.00   86.93
04:55:41     all   12.53    0.00    0.50    0.25    0.00    0.75    0.00    0.00    0.00   85.96
04:55:42     all   12.09    0.00    0.50    0.00    0.00    0.50    0.00    0.00    0.00   86.90
04:55:43     all   12.53    0.00    0.75    0.00    0.00    0.75    0.00    0.00    0.00   85.96
04:55:44     all   12.78    0.00    0.25    0.00    0.00    0.50    0.00    0.00    0.00   86.47
04:55:45     all   13.00    0.00    0.50    0.00    0.00    0.75    0.00    0.00    0.00   85.75
04:55:46     all   12.50    0.00    0.25    0.00    0.00    0.75    0.00    0.00    0.00   86.50
04:55:47     all   12.03    0.00    0.50    0.50    0.00    0.75    0.00    0.00    0.00   86.22
04:55:48     all   12.59    0.00    0.25    0.00    0.00    0.50    0.00    0.00    0.00   86.65
04:55:49     all   11.72    0.00    0.75    0.00    0.00    1.25    0.00    0.00    0.00   86.28
04:55:50     all   12.31    0.00    0.50    0.00    0.00    0.50    0.00    0.00    0.00   86.68
04:55:51     all   12.69    0.00    0.50    0.00    0.00    1.00    0.00    0.00    0.00   85.82
04:55:52     all   12.22    0.00    0.50    0.00    0.00    0.75    0.00    0.00    0.00   86.53
04:55:53     all   12.31    0.00    0.50    0.00    0.00    0.75    0.00    0.00    0.00   86.43
04:55:54     all   12.56    0.00    0.25    0.00    0.00    0.50    0.00    0.00    0.00   86.68
04:55:55     all   12.06    0.00    0.50    0.00    0.00    1.01    0.00    0.00    0.00   86.43
04:55:56     all   11.97    0.00    0.50    0.00    0.00    0.75    0.00    0.00    0.00   86.78
04:55:57     all   12.34    0.00    0.50    0.00    0.00    0.50    0.00    0.00    0.00   86.65
04:55:58     all   11.97    0.00    0.75    0.00    0.00    0.75    0.00    0.00    0.00   86.53
04:55:59     all   12.22    0.00    0.75    0.25    0.00    0.75    0.00    0.00    0.00   86.03
04:56:00     all   13.32    0.00    0.25    0.00    0.00    0.50    0.00    0.00    0.00   85.93
04:56:01     all   12.25    0.00    0.50    0.00    0.00    0.50    0.00    0.00    0.00   86.75
04:56:02     all   12.31    0.00    0.50    0.00    0.00    0.50    0.00    0.00    0.00   86.68
04:56:03     all   12.25    0.00    0.50    0.00    0.00    1.25    0.00    0.00    0.00   86.00
04:56:04     all   12.25    0.00    0.75    0.25    0.00    0.25    0.00    0.00    0.00   86.50
04:56:05     all   12.75    0.00    0.50    0.00    0.00    0.50    0.00    0.00    0.00   86.25
04:56:06     all   11.65    0.00    0.51    0.00    0.00    0.51    0.00    0.00    0.00   87.34
04:56:07     all   12.25    0.00    0.50    0.00    0.00    1.00    0.00    0.00    0.00   86.25
04:56:08     all   12.72    0.00    0.50    0.00    0.00    0.75    0.00    0.00    0.00   86.03
04:56:09     all   12.56    0.00    0.50    0.50    0.00    0.25    0.00    0.00    0.00   86.18
04:56:10     all   12.53    0.00    0.75    0.00    0.00    1.00    0.00    0.00    0.00   85.71
04:56:11     all   13.03    0.00    0.25    0.00    0.00    0.25    0.00    0.00    0.00   86.47
04:56:12     all   12.53    0.00    0.50    0.00    0.00    0.50    0.00    0.00    0.00   86.47
04:56:13     all   12.25    0.00    0.75    0.00    0.00    0.75    0.00    0.00    0.00   86.25
04:56:14     all   12.22    0.00    0.50    0.00    0.00    1.00    0.00    0.00    0.00   86.28
04:56:15     all   12.34    0.00    0.25    0.00    0.00    0.50    0.00    0.00    0.00   86.90
04:56:16     all   12.25    0.00    0.50    0.00    0.00    0.75    0.00    0.00    0.00   86.50
04:56:17     all   12.00    0.00    0.25    0.00    0.00    0.75    0.00    0.00    0.00   87.00
04:56:18     all   11.34    0.00    0.76    0.00    0.00    0.76    0.00    0.00    0.00   87.15
04:56:19     all   12.69    0.00    0.50    0.25    0.00    1.00    0.00    0.00    0.00   85.57
04:56:20     all   12.09    0.00    0.76    0.00    0.00    0.50    0.00    0.00    0.00   86.65
04:56:21     all   12.56    0.00    0.25    0.00    0.00    0.25    0.00    0.00    0.00   86.93
04:56:22     all   12.78    0.00    0.25    0.00    0.00    0.50    0.00    0.00    0.00   86.47
04:56:23     all   12.59    0.00    0.99    0.00    0.00    1.23    0.00    0.00    0.00   85.19
04:56:24     all   12.28    0.00    0.75    0.00    0.00    1.00    0.00    0.00    0.00   85.96
04:56:25     all   11.59    0.00    0.50    0.00    0.00    0.50    0.00    0.00    0.00   87.41
04:56:26     all   12.03    0.00    0.50    0.00    0.00    0.75    0.00    0.00    0.00   86.72
04:56:27     all   12.12    0.00    0.51    0.00    0.00    0.51    0.00    0.00    0.00   86.87
04:56:28     all   12.00    0.00    0.75    0.00    0.00    1.00    0.00    0.00    0.00   86.25
04:56:29     all   12.75    0.00    0.50    0.00    0.00    0.50    0.00    0.00    0.00   86.25
04:56:30     all   12.22    0.00    0.75    0.00    0.00    0.75    0.00    0.00    0.00   86.28
04:56:31     all   11.59    0.00    0.25    0.00    0.00    0.76    0.00    0.00    0.00   87.41
04:56:32     all   12.22    0.00    0.50    0.00    0.00    1.00    0.00    0.00    0.00   86.28
04:56:33     all   12.03    0.00    0.50    0.00    0.00    0.25    0.00    0.00    0.00   87.22
04:56:34     all   11.36    0.00    0.00    0.00    0.00    0.51    0.00    0.00    0.00   88.13
04:56:35     all   12.56    0.00    1.26    0.25    0.00    0.50    0.00    0.00    0.00   85.43
04:56:36     all   13.57    0.00    1.51    0.00    0.00    0.25    0.00    0.00    0.00   84.67
04:56:37     all   12.03    0.00    0.25    0.00    0.00    0.75    0.00    0.00    0.00   86.97
04:56:38     all   12.06    0.00    0.75    0.00    0.00    0.50    0.00    0.00    0.00   86.68
04:56:39     all   12.31    0.00    0.50    0.00    0.00    0.50    0.00    0.00    0.00   86.68
04:56:40     all   12.28    0.00    0.25    0.00    0.00    1.25    0.00    0.00    0.00   86.22
04:56:41     all   12.44    0.00    0.75    0.25    0.00    0.75    0.00    0.00    0.00   85.82
04:56:42     all   11.84    0.00    0.50    0.00    0.00    0.50    0.00    0.00    0.00   87.15
04:56:43     all   12.06    0.00    0.50    0.00    0.00    0.75    0.00    0.00    0.00   86.68
04:56:44     all   12.78    0.00    0.50    0.00    0.00    0.50    0.00    0.00    0.00   86.22
04:56:45     all   12.59    0.00    0.25    0.00    0.00    0.76    0.00    0.00    0.00   86.40
04:56:46     all   12.72    0.00    0.25    0.25    0.00    1.00    0.00    0.00    0.00   85.79
04:56:47     all   12.47    0.00    0.50    0.00    0.00    1.00    0.00    0.00    0.00   86.03
04:56:48     all   12.78    0.00    0.25    0.00    0.00    0.75    0.00    0.00    0.00   86.22
04:56:49     all   12.25    0.00    0.50    0.00    0.00    0.75    0.00    0.00    0.00   86.50
04:56:50     all   12.81    0.00    0.50    0.00    0.00    0.75    0.00    0.00    0.00   85.93
04:56:51     all   12.31    0.00    0.50    0.00    0.00    0.50    0.00    0.00    0.00   86.68
04:56:52     all   11.81    0.00    0.25    0.00    0.00    0.50    0.00    0.00    0.00   87.44
04:56:53     all   11.50    0.00    0.50    0.00    0.00    1.25    0.00    0.00    0.00   86.75
04:56:54     all   12.06    0.00    0.50    0.00    0.00    0.25    0.00    0.00    0.00   87.19
04:56:55     all   11.97    0.00    0.50    0.00    0.00    1.00    0.00    0.00    0.00   86.53
04:56:56     all   12.50    0.00    0.50    0.50    0.00    0.50    0.00    0.00    0.00   86.00
04:56:57     all   11.81    0.00    0.50    0.00    0.00    0.75    0.00    0.00    0.00   86.93
04:56:58     all   12.22    0.00    0.75    0.00    0.00    0.75    0.00    0.00    0.00   86.28
04:56:59     all   11.81    0.00    0.50    0.00    0.00    0.50    0.00    0.00    0.00   87.19
04:57:00     all   12.12    0.00    0.25    0.00    0.00    0.51    0.00    0.00    0.00   87.12
04:57:01     all   11.75    0.00    0.50    0.00    0.00    0.75    0.00    0.00    0.00   87.00
04:57:02     all   12.59    0.00    0.50    0.00    0.00    0.25    0.00    0.00    0.00   86.65
04:57:03     all   11.59    0.00    0.25    0.00    0.00    0.76    0.00    0.00    0.00   87.41
04:57:04     all   12.41    0.00    0.74    0.00    0.00    0.99    0.00    0.00    0.00   85.86
04:57:05     all   12.09    0.00    0.25    0.00    0.00    0.25    0.00    0.00    0.00   87.41
04:57:06     all   12.47    0.00    1.00    0.00    0.00    1.00    0.00    0.00    0.00   85.54
04:57:07     all   12.34    0.00    0.50    0.00    0.00    0.50    0.00    0.00    0.00   86.65
04:57:08     all   11.50    0.00    0.25    0.25    0.00    1.00    0.00    0.00    0.00   87.00
04:57:09     all   11.75    0.00    0.50    0.00    0.00    0.75    0.00    0.00    0.00   87.00
04:57:10     all   12.28    0.00    0.50    0.00    0.00    0.75    0.00    0.00    0.00   86.47
04:57:11     all   12.06    0.00    0.75    0.00    0.00    0.50    0.00    0.00    0.00   86.68
04:57:12     all   12.75    0.00    0.50    0.00    0.00    1.00    0.00    0.00    0.00   85.75
04:57:13     all   12.25    0.00    0.50    0.00    0.00    0.75    0.00    0.00    0.00   86.50
04:57:14     all   12.59    0.00    0.25    0.25    0.00    0.76    0.00    0.00    0.00   86.15
04:57:15     all   12.56    0.00    0.75    0.00    0.00    0.50    0.00    0.00    0.00   86.18
04:57:16     all   12.31    0.00    0.50    0.00    0.00    0.50    0.00    0.00    0.00   86.68
04:57:17     all   12.85    0.00    0.25    0.00    0.00    0.25    0.00    0.00    0.00   86.65
04:57:18     all   12.09    0.00    0.50    0.00    0.00    0.25    0.00    0.00    0.00   87.15
04:57:19     all   11.72    0.00    0.75    0.00    0.00    1.00    0.00    0.00    0.00   86.53
04:57:20     all   12.12    0.00    0.25    0.00    0.00    0.25    0.00    0.00    0.00   87.37
04:57:21     all   11.36    0.00    0.51    0.00    0.00    0.76    0.00    0.00    0.00   87.37
04:57:22     all   12.22    0.00    0.75    0.00    0.00    0.75    0.00    0.00    0.00   86.28
04:57:23     all   12.56    0.00    0.25    0.00    0.00    0.50    0.00    0.00    0.00   86.68
04:57:24     all   12.22    0.00    0.50    0.00    0.00    1.00    0.00    0.00    0.00   86.28
04:57:25     all   11.62    0.00    0.51    0.00    0.00    0.51    0.00    0.00    0.00   87.37
04:57:26     all   11.50    0.00    0.50    0.50    0.00    0.75    0.00    0.00    0.00   86.75
04:57:27     all   12.06    0.00    0.25    0.00    0.00    0.75    0.00    0.00    0.00   86.93
04:57:28     all   12.12    0.00    0.76    0.00    0.00    0.25    0.00    0.00    0.00   86.87
04:57:29     all   11.81    0.00    0.25    0.00    0.00    0.50    0.00    0.00    0.00   87.44
04:57:30     all   12.22    0.00    0.50    0.00    0.00    0.50    0.00    0.00    0.00   86.78
04:57:31     all   12.09    0.00    0.25    0.00    0.00    0.76    0.00    0.00    0.00   86.90
04:57:32     all   12.34    0.00    0.50    0.00    0.00    0.50    0.00    0.00    0.00   86.65
04:57:33     all   11.81    0.00    0.50    0.00    0.00    0.50    0.00    0.00    0.00   87.19
04:57:34     all   11.59    0.00    0.25    0.00    0.00    0.76    0.00    0.00    0.00   87.41
04:57:35     all   13.00    0.00    1.75    0.00    0.00    0.50    0.00    0.00    0.00   84.75
04:57:36     all   12.06    0.00    0.75    0.25    0.00    0.75    0.00    0.00    0.00   86.18
04:57:37     all   12.59    0.00    0.50    0.00    0.00    0.25    0.00    0.00    0.00   86.65
04:57:38     all   12.78    0.00    0.25    0.00    0.00    0.25    0.00    0.00    0.00   86.72
04:57:39     all   12.00    0.00    0.50    0.00    0.00    0.75    0.00    0.00    0.00   86.75
04:57:40     all   12.03    0.00    0.75    0.00    0.00    0.50    0.00    0.00    0.00   86.72
04:57:41     all   12.22    0.00    0.50    0.25    0.00    0.75    0.00    0.00    0.00   86.28
04:57:42     all   12.03    0.00    0.50    0.00    0.00    0.50    0.00    0.00    0.00   86.97
04:57:43     all   12.56    0.00    0.25    0.00    0.00    0.50    0.00    0.00    0.00   86.68
04:57:44     all   12.25    0.00    0.50    0.00    0.00    1.00    0.00    0.00    0.00   86.25
04:57:45     all   12.47    0.00    0.25    0.00    0.00    1.00    0.00    0.00    0.00   86.28
04:57:46     all   12.28    0.00    0.50    0.00    0.00    0.75    0.00    0.00    0.00   86.47
04:57:47     all   12.28    0.00    0.50    0.00    0.00    0.75    0.00    0.00    0.00   86.47
04:57:48     all   12.47    0.00    0.50    0.00    0.00    0.75    0.00    0.00    0.00   86.28
04:57:49     all   12.56    0.00    0.25    0.00    0.00    0.75    0.00    0.00    0.00   86.43
04:57:50     all   12.28    0.00    0.50    0.00    0.00    0.75    0.00    0.00    0.00   86.47
04:57:51     all   12.19    0.00    0.50    0.00    0.00    1.00    0.00    0.00    0.00   86.32
04:57:52     all   12.28    0.00    0.50    0.00    0.00    0.75    0.00    0.00    0.00   86.47
04:57:53     all   12.06    0.00    0.25    0.00    0.00    1.01    0.00    0.00    0.00   86.68
04:57:54     all   12.44    0.00    0.75    0.00    0.00    0.75    0.00    0.00    0.00   86.07
04:57:55     all   12.37    0.00    0.25    0.00    0.00    0.51    0.00    0.00    0.00   86.87
04:57:56     all   12.12    0.00    0.51    0.00    0.00    0.25    0.00    0.00    0.00   87.12
04:57:57     all   12.38    0.00    0.50    0.00    0.00    1.49    0.00    0.00    0.00   85.64
04:57:58     all   12.31    0.00    0.25    0.00    0.00    0.50    0.00    0.00    0.00   86.93
04:57:59     all   12.09    0.00    0.25    0.25    0.00    0.25    0.00    0.00    0.00   87.15
04:58:00     all   12.97    0.00    0.50    0.00    0.00    1.00    0.00    0.00    0.00   85.54
04:58:01     all   12.28    0.00    0.50    0.00    0.00    1.00    0.00    0.00    0.00   86.22
04:58:02     all   12.53    0.00    0.25    0.00    0.00    0.25    0.00    0.00    0.00   86.97
04:58:03     all   12.31    0.00    0.50    0.00    0.00    0.50    0.00    0.00    0.00   86.68
04:58:04     all   12.28    0.00    0.75    0.25    0.00    0.50    0.00    0.00    0.00   86.22
04:58:05     all   12.75    0.00    0.50    0.00    0.00    1.00    0.00    0.00    0.00   85.75
04:58:06     all   11.75    0.00    0.50    0.00    0.00    0.75    0.00    0.00    0.00   87.00
04:58:07     all   12.03    0.00    0.50    0.00    0.00    0.75    0.00    0.00    0.00   86.72
04:58:08     all   12.41    0.00    0.50    0.00    0.00    1.24    0.00    0.00    0.00   85.86
04:58:09     all   11.84    0.00    0.25    0.00    0.00    0.76    0.00    0.00    0.00   87.15
04:58:10     all   12.90    0.00    0.50    0.50    0.00    0.74    0.00    0.00    0.00   85.36
04:58:11     all   12.47    0.00    0.50    0.00    0.00    1.00    0.00    0.00    0.00   86.03
04:58:12     all   12.12    0.00    0.25    0.00    0.00    0.51    0.00    0.00    0.00   87.12
04:58:13     all   12.22    0.00    0.75    0.00    0.00    1.25    0.00    0.00    0.00   85.79
04:58:14     all   12.31    0.00    0.75    0.00    0.00    0.25    0.00    0.00    0.00   86.68
04:58:15     all   12.56    0.00    0.75    0.00    0.00    0.50    0.00    0.00    0.00   86.18
04:58:16     all   12.81    0.00    0.25    0.00    0.00    0.50    0.00    0.00    0.00   86.43
04:58:17     all   11.72    0.00    0.75    0.00    0.00    1.00    0.00    0.00    0.00   86.53
04:58:18     all   11.39    0.00    0.25    0.00    0.00    0.51    0.00    0.00    0.00   87.85
04:58:19     all   12.50    0.00    0.25    0.00    0.00    0.75    0.00    0.00    0.00   86.50
04:58:20     all   12.50    0.00    0.50    0.00    0.00    0.50    0.00    0.00    0.00   86.50
04:58:21     all   12.28    0.00    0.75    0.00    0.00    0.50    0.00    0.00    0.00   86.47
04:58:22     all   11.75    0.00    0.50    0.00    0.00    1.00    0.00    0.00    0.00   86.75
04:58:23     all   11.75    0.00    1.00    0.00    0.00    0.75    0.00    0.00    0.00   86.50
04:58:24     all   12.09    0.00    0.50    0.00    0.00    0.76    0.00    0.00    0.00   86.65
04:58:25     all   11.84    0.00    0.50    0.00    0.00    0.50    0.00    0.00    0.00   87.15
04:58:26     all    6.97    0.00    0.25    0.50    0.00    0.50    0.00    0.00    0.00   91.79
04:58:27     all    5.79    0.00    0.00    0.00    0.00    0.00    0.00    0.00    0.00   94.21
04:58:28     all    6.00    0.00    0.50    0.00    0.00    0.50    0.00    0.00    0.00   93.00
04:58:29     all    6.47    0.00    0.25    0.00    0.00    0.50    0.00    0.00    0.00   92.79
04:58:30     all    6.02    0.00    0.25    0.00    0.00    0.00    0.00    0.00    0.00   93.73
04:58:31     all    6.27    0.00    0.25    0.25    0.00    0.50    0.00    0.00    0.00   92.73
04:58:32     all    5.78    0.00    0.25    0.00    0.00    0.25    0.00    0.00    0.00   93.72
04:58:33     all    5.75    0.00    0.25    0.00    0.00    0.50    0.00    0.00    0.00   93.50
04:58:34     all    5.50    0.00    0.25    0.00    0.00    0.50    0.00    0.00    0.00   93.75
04:58:35     all    6.03    0.00    1.51    0.00    0.00    0.25    0.00    0.00    0.00   92.21
04:58:36     all    6.28    0.00    0.50    0.00    0.00    0.00    0.00    0.00    0.00   93.22
04:58:37     all    6.27    0.00    0.25    0.00    0.00    0.25    0.00    0.00    0.00   93.23
04:58:38     all    6.03    0.00    0.25    0.00    0.00    0.25    0.00    0.00    0.00   93.47
04:58:39     all    5.78    0.00    0.50    0.00    0.00    0.25    0.00    0.00    0.00   93.47
04:58:40     all    6.30    0.00    0.00    0.00    0.00    0.25    0.00    0.00    0.00   93.45
04:58:41     all    5.47    0.00    0.50    0.50    0.00    0.50    0.00    0.00    0.00   93.03
04:58:42     all    6.02    0.00    0.00    0.00    0.00    0.50    0.00    0.00    0.00   93.48
04:58:43     all    6.02    0.00    0.25    0.00    0.00    0.50    0.00    0.00    0.00   93.23
04:58:44     all    6.02    0.00    0.25    0.00    0.00    0.25    0.00    0.00    0.00   93.48
04:58:45     all    5.76    0.00    0.25    0.00    0.00    0.50    0.00    0.00    0.00   93.48
04:58:46     all    5.76    0.00    0.25    0.00    0.00    0.75    0.00    0.00    0.00   93.23
04:58:47     all    5.75    0.00    0.25    0.25    0.00    0.25    0.00    0.00    0.00   93.50
04:58:48     all    6.02    0.00    0.25    0.00    0.00    0.50    0.00    0.00    0.00   93.23
04:58:49     all    5.75    0.00    0.50    0.00    0.00    0.25    0.00    0.00    0.00   93.50
04:58:50     all    5.76    0.00    0.25    0.00    0.00    0.50    0.00    0.00    0.00   93.48
04:58:51     all    6.02    0.00    0.25    0.25    0.00    0.25    0.00    0.00    0.00   93.23
04:58:52     all    6.00    0.00    0.25    0.00    0.00    0.50    0.00    0.00    0.00   93.25
04:58:53     all    6.23    0.00    0.25    0.00    0.00    0.50    0.00    0.00    0.00   93.02
04:58:54     all    6.03    0.00    0.00    0.00    0.00    0.50    0.00    0.00    0.00   93.47
04:58:55     all    5.78    0.00    0.25    0.00    0.00    0.50    0.00    0.00    0.00   93.47
04:58:56     all    6.02    0.00    0.25    0.00    0.00    0.25    0.00    0.00    0.00   93.48
04:58:57     all    6.25    0.00    0.50    0.00    0.00    0.25    0.00    0.00    0.00   93.00
04:58:58     all    6.50    0.00    0.25    0.00    0.00    0.25    0.00    0.00    0.00   93.00
04:58:59     all    5.75    0.00    0.00    0.00    0.00    0.75    0.00    0.00    0.00   93.50
04:59:00     all    5.78    0.00    0.25    0.00    0.00    0.25    0.00    0.00    0.00   93.72
04:59:01     all    6.52    0.00    0.50    0.00    0.00    0.25    0.00    0.00    0.00   92.73
04:59:02     all    5.76    0.00    0.25    0.00    0.00    0.50    0.00    0.00    0.00   93.48
04:59:03     all    6.52    0.00    0.00    0.25    0.00    0.25    0.00    0.00    0.00   92.98
04:59:04     all    6.25    0.00    0.50    0.00    0.00    0.25    0.00    0.00    0.00   93.00
04:59:05     all    6.30    0.00    0.25    0.00    0.00    0.25    0.00    0.00    0.00   93.20
04:59:06     all    6.30    0.00    0.00    0.00    0.00    0.00    0.00    0.00    0.00   93.70
04:59:07     all    6.48    0.00    0.25    0.00    0.00    0.50    0.00    0.00    0.00   92.77
04:59:08     all    6.03    0.00    0.50    0.25    0.00    0.00    0.00    0.00    0.00   93.22
04:59:09     all    6.28    0.00    0.25    0.00    0.00    0.25    0.00    0.00    0.00   93.22
04:59:10     all    6.75    0.00    0.00    0.00    0.00    0.25    0.00    0.00    0.00   93.00
04:59:11     all    6.28    0.00    0.25    0.00    0.00    0.25    0.00    0.00    0.00   93.22
04:59:12     all    6.28    0.00    0.25    0.00    0.00    0.25    0.00    0.00    0.00   93.22
04:59:13     all    6.03    0.00    0.75    0.00    0.00    0.00    0.00    0.00    0.00   93.22
04:59:14     all    6.27    0.00    0.00    0.25    0.00    0.25    0.00    0.00    0.00   93.23
04:59:15     all    6.02    0.00    0.50    0.00    0.00    0.25    0.00    0.00    0.00   93.23
04:59:16     all    6.27    0.00    0.25    0.00    0.00    0.25    0.00    0.00    0.00   93.23
04:59:17     all    6.31    0.00    0.25    0.00    0.00    0.00    0.00    0.00    0.00   93.43
04:59:18     all    6.27    0.00    0.25    0.00    0.00    0.25    0.00    0.00    0.00   93.23
04:59:19     all    6.03    0.00    0.25    0.00    0.00    0.25    0.00    0.00    0.00   93.47
04:59:20     all    6.30    0.00    0.00    0.00    0.00    0.25    0.00    0.00    0.00   93.45
04:59:21     all    6.28    0.00    0.25    0.00    0.00    0.25    0.00    0.00    0.00   93.22
04:59:22     all    6.48    0.00    0.50    0.00    0.00    0.25    0.00    0.00    0.00   92.77
04:59:23     all    6.28    0.00    0.25    0.00    0.00    0.25    0.00    0.00    0.00   93.22
04:59:24     all    6.02    0.00    0.25    0.25    0.00    0.25    0.00    0.00    0.00   93.23
04:59:25     all    6.28    0.00    0.00    0.00    0.00    0.50    0.00    0.00    0.00   93.22
04:59:26     all    6.00    0.00    0.50    0.25    0.00    0.25    0.00    0.00    0.00   93.00
04:59:27     all    6.25    0.00    0.25    0.00    0.00    0.25    0.00    0.00    0.00   93.25
04:59:28     all    6.05    0.00    0.50    0.00    0.00    0.25    0.00    0.00    0.00   93.20
04:59:29     all    6.30    0.00    0.00    0.00    0.00    0.25    0.00    0.00    0.00   93.45
04:59:30     all    5.53    0.00    0.50    0.00    0.00    0.25    0.00    0.00    0.00   93.72
04:59:31     all    6.27    0.00    0.25    0.00    0.00    0.25    0.00    0.00    0.00   93.23
04:59:32     all    6.52    0.00    0.25    0.00    0.00    0.25    0.00    0.00    0.00   92.98
04:59:33     all    6.03    0.00    0.25    0.00    0.00    0.25    0.00    0.00    0.00   93.47
04:59:34     all    6.02    0.00    0.25    0.00    0.00    0.25    0.00    0.00    0.00   93.48
04:59:35     all    6.73    0.00    1.75    0.00    0.00    0.50    0.00    0.00    0.00   91.02
04:59:36     all    6.05    0.00    0.25    0.00    0.00    0.00    0.00    0.00    0.00   93.70
04:59:37     all    6.23    0.00    0.50    0.50    0.00    0.25    0.00    0.00    0.00   92.52
04:59:38     all    6.25    0.00    0.25    0.00    0.00    0.50    0.00    0.00    0.00   93.00
04:59:39     all    5.81    0.00    0.00    0.00    0.00    0.25    0.00    0.00    0.00   93.94
04:59:40     all    5.76    0.00    0.25    0.00    0.00    0.25    0.00    0.00    0.00   93.73
04:59:41     all    5.49    0.00    0.75    0.00    0.00    0.50    0.00    0.00    0.00   93.27
04:59:42     all    6.53    0.00    0.00    0.00    0.00    0.25    0.00    0.00    0.00   93.22
04:59:43     all    6.05    0.00    0.25    0.00    0.00    0.25    0.00    0.00    0.00   93.45
04:59:44     all    5.74    0.00    0.50    0.00    0.00    0.50    0.00    0.00    0.00   93.27
04:59:45     all    6.02    0.00    0.25    0.00    0.00    0.50    0.00    0.00    0.00   93.23
04:59:46     all    6.02    0.00    0.25    0.00    0.00    0.25    0.00    0.00    0.00   93.48
04:59:47     all    5.79    0.00    0.25    0.00    0.00    0.25    0.00    0.00    0.00   93.70
04:59:48     all    6.25    0.00    0.50    0.25    0.00    0.50    0.00    0.00    0.00   92.50
04:59:49     all    6.02    0.00    0.25    0.00    0.00    0.25    0.00    0.00    0.00   93.48
04:59:50     all    5.76    0.00    0.25    0.00    0.00    0.25    0.00    0.00    0.00   93.73
04:59:51     all    6.03    0.00    0.25    0.00    0.00    0.25    0.00    0.00    0.00   93.47
04:59:52     all    5.75    0.00    0.25    0.00    0.00    0.50    0.00    0.00    0.00   93.50
04:59:53     all    5.56    0.00    0.25    0.00    0.00    0.25    0.00    0.00    0.00   93.94
04:59:54     all    5.99    0.00    0.50    0.25    0.00    0.25    0.00    0.00    0.00   93.02
04:59:55     all    5.78    0.00    0.25    0.00    0.00    0.25    0.00    0.00    0.00   93.72
04:59:56     all   12.78    0.00    1.75    0.00    0.00    0.25    0.00    0.00    0.00   85.21
04:59:57     all    7.56    0.00    0.25    0.00    0.00    0.00    0.00    0.00    0.00   92.19
04:59:58     all    7.77    0.00    0.25    0.00    0.00    0.00    0.00    0.00    0.00   91.98
04:59:59     all    7.75    0.00    0.50    0.00    0.00    0.25    0.00    0.00    0.00   91.50
05:00:00     all    7.32    0.00    0.25    0.25    0.00    0.00    0.00    0.00    0.00   92.17
05:00:01     all    8.61    0.00    0.51    0.25    0.00    0.25    0.00    0.00    0.00   90.38
05:00:02     all    8.27    0.00    0.25    0.00    0.00    0.00    0.00    0.00    0.00   91.48
05:00:03     all    8.52    0.00    0.25    0.00    0.00    0.00    0.00    0.00    0.00   91.23
05:00:04     all    8.75    0.00    0.75    0.00    0.00    0.00    0.00    0.00    0.00   90.50
05:00:05     all    8.06    0.00    0.25    0.00    0.00    0.00    0.00    0.00    0.00   91.69
05:00:06     all    8.04    0.00    0.25    0.00    0.00    0.00    0.00    0.00    0.00   91.71
05:00:07     all    8.06    0.00    0.50    0.25    0.00    0.00    0.00    0.00    0.00   91.18
05:00:08     all    8.29    0.00    0.25    0.00    0.00    0.00    0.00    0.00    0.00   91.46
05:00:09     all    8.04    0.00    0.25    0.00    0.00    0.00    0.00    0.00    0.00   91.71
05:00:10     all    8.02    0.00    0.50    0.00    0.00    0.00    0.00    0.00    0.00   91.48
05:00:11     all    7.81    0.00    0.25    0.00    0.00    0.00    0.00    0.00    0.00   91.94
05:00:12     all    8.02    0.00    0.50    0.25    0.00    0.25    0.00    0.00    0.00   90.98
05:00:13     all    8.52    0.00    0.25    0.00    0.00    0.00    0.00    0.00    0.00   91.23
05:00:14     all    8.77    0.00    0.50    0.00    0.00    0.00    0.00    0.00    0.00   90.73
05:00:15     all    8.56    0.00    0.25    0.00    0.00    0.00    0.00    0.00    0.00   91.18
05:00:16     all    8.02    0.00    0.50    0.00    0.00    0.25    0.00    0.00    0.00   91.23
05:00:17     all    8.54    0.00    0.25    0.25    0.00    0.00    0.00    0.00    0.00   90.95
05:00:18     all    8.29    0.00    0.50    0.00    0.00    0.00    0.00    0.00    0.00   91.21
05:00:19     all    8.52    0.00    0.75    0.00    0.00    0.00    0.00    0.00    0.00   90.73
05:00:20     all    8.31    0.00    0.25    0.00    0.00    0.00    0.00    0.00    0.00   91.44
05:00:21     all    8.04    0.00    0.25    0.25    0.00    0.00    0.00    0.00    0.00   91.46
05:00:22     all    8.54    0.00    0.25    0.00    0.00    0.00    0.00    0.00    0.00   91.21
05:00:23     all    8.29    0.00    0.50    0.00    0.00    0.00    0.00    0.00    0.00   91.21
05:00:24     all    8.59    0.00    0.25    0.00    0.00    0.00    0.00    0.00    0.00   91.16
05:00:25     all    8.75    0.00    0.50    0.00    0.00    0.00    0.00    0.00    0.00   90.75
05:00:26     all    8.52    0.00    0.25    0.00    0.00    0.00    0.00    0.00    0.00   91.23
05:00:27     all    9.05    0.00    0.50    0.00    0.00    0.25    0.00    0.00    0.00   90.20
05:00:28     all    8.79    0.00    0.25    0.00    0.00    0.25    0.00    0.00    0.00   90.70
05:00:29     all    8.54    0.00    0.50    0.25    0.00    0.00    0.00    0.00    0.00   90.70
05:00:30     all    8.04    0.00    0.25    0.00    0.00    0.00    0.00    0.00    0.00   91.71
05:00:31     all    8.56    0.00    0.25    0.00    0.00    0.00    0.00    0.00    0.00   91.18
05:00:32     all    8.48    0.00    0.50    0.00    0.00    0.25    0.00    0.00    0.00   90.77
05:00:33     all    8.31    0.00    0.25    0.00    0.00    0.25    0.00    0.00    0.00   91.18
05:00:34     all    8.04    0.00    0.50    0.00    0.00    0.00    0.00    0.00    0.00   91.46
05:00:35     all    9.00    0.00    1.25    0.25    0.00    0.25    0.00    0.00    0.00   89.25
05:00:36     all    8.56    0.00    0.25    0.00    0.00    0.00    0.00    0.00    0.00   91.18
05:00:37     all    8.06    0.00    0.50    0.00    0.00    0.00    0.00    0.00    0.00   91.44
05:00:38     all    8.25    0.00    0.25    0.00    0.00    0.25    0.00    0.00    0.00   91.25
05:00:39     all    8.29    0.00    0.25    0.25    0.00    0.00    0.00    0.00    0.00   91.21
05:00:40     all    8.52    0.00    0.25    0.00    0.00    0.00    0.00    0.00    0.00   91.23
05:00:41     all    7.83    0.00    0.25    0.00    0.00    0.00    0.00    0.00    0.00   91.92
05:00:42     all    8.52    0.00    0.50    0.00    0.00    0.00    0.00    0.00    0.00   90.98
05:00:43     all    8.56    0.00    0.25    0.00    0.00    0.00    0.00    0.00    0.00   91.18
05:00:44     all    8.08    0.00    0.25    0.00    0.00    0.00    0.00    0.00    0.00   91.67
05:00:45     all    8.54    0.00    0.25    0.00    0.00    0.25    0.00    0.00    0.00   90.95
05:00:46     all    8.54    0.00    0.25    0.00    0.00    0.00    0.00    0.00    0.00   91.21
05:00:47     all    8.27    0.00    0.75    0.00    0.00    0.00    0.00    0.00    0.00   90.98
05:00:48     all    8.56    0.00    0.25    0.00    0.00    0.00    0.00    0.00    0.00   91.18
05:00:49     all    8.98    0.00    0.25    0.25    0.00    0.25    0.00    0.00    0.00   90.27
05:00:50     all    8.29    0.00    0.25    0.00    0.00    0.00    0.00    0.00    0.00   91.46
05:00:51     all    7.81    0.00    0.25    0.00    0.00    0.00    0.00    0.00    0.00   91.94
05:00:52     all    7.75    0.00    0.50    0.00    0.00    0.25    0.00    0.00    0.00   91.50
05:00:53     all    7.77    0.00    0.50    0.00    0.00    0.00    0.00    0.00    0.00   91.73
05:00:54     all    7.54    0.00    0.25    0.00    0.00    0.00    0.00    0.00    0.00   92.21
05:00:55     all    8.06    0.00    0.50    0.25    0.00    0.00    0.00    0.00    0.00   91.18
05:00:56     all    7.81    0.00    0.25    0.00    0.00    0.00    0.00    0.00    0.00   91.94
05:00:57     all    8.29    0.00    0.25    0.00    0.00    0.00    0.00    0.00    0.00   91.46
05:00:58     all    8.27    0.00    0.25    0.00    0.00    0.00    0.00    0.00    0.00   91.48
05:00:59     all    8.04    0.00    0.50    0.00    0.00    0.00    0.00    0.00    0.00   91.46
05:01:00     all    8.04    0.00    0.25    0.50    0.00    0.25    0.00    0.00    0.00   90.95
05:01:01     all    7.81    0.00    0.25    0.00    0.00    0.00    0.00    0.00    0.00   91.94
05:01:02     all    7.81    0.00    0.00    0.00    0.00    0.00    0.00    0.00    0.00   92.19
05:01:03     all    8.52    0.00    0.25    0.00    0.00    0.00    0.00    0.00    0.00   91.23
05:01:04     all    8.48    0.00    0.75    0.00    0.00    0.00    0.00    0.00    0.00   90.77
05:01:05     all    8.33    0.00    0.25    0.25    0.00    0.00    0.00    0.00    0.00   91.16
05:01:06     all    8.27    0.00    0.50    0.00    0.00    0.25    0.00    0.00    0.00   90.98
05:01:07     all    8.79    0.00    0.25    0.00    0.00    0.00    0.00    0.00    0.00   90.95
05:01:08     all    8.02    0.00    0.25    0.00    0.00    0.25    0.00    0.00    0.00   91.48
05:01:09     all    7.81    0.00    0.25    0.00    0.00    0.00    0.00    0.00    0.00   91.94
05:01:10     all    8.02    0.00    0.50    0.25    0.00    0.00    0.00    0.00    0.00   91.23
05:01:11     all    8.25    0.00    0.50    0.00    0.00    0.00    0.00    0.00    0.00   91.25
05:01:12     all    8.31    0.00    0.25    0.00    0.00    0.00    0.00    0.00    0.00   91.44
05:01:13     all    8.31    0.00    0.25    0.00    0.00    0.00    0.00    0.00    0.00   91.44
05:01:14     all    8.02    0.00    0.25    0.00    0.00    0.00    0.00    0.00    0.00   91.73
05:01:15     all    8.29    0.00    0.25    0.25    0.00    0.00    0.00    0.00    0.00   91.21
05:01:16     all    8.04    0.00    0.50    0.00    0.00    0.00    0.00    0.00    0.00   91.46
05:01:17     all    8.04    0.00    0.25    0.00    0.00    0.00    0.00    0.00    0.00   91.71
05:01:18     all    8.04    0.00    0.25    0.00    0.00    0.00    0.00    0.00    0.00   91.71
05:01:19     all    7.83    0.00    0.51    0.00    0.00    0.00    0.00    0.00    0.00   91.67
05:01:20     all    7.54    0.00    0.25    0.00    0.00    0.00    0.00    0.00    0.00   92.21
05:01:21     all    7.81    0.00    0.25    0.00    0.00    0.00    0.00    0.00    0.00   91.94
05:01:22     all    7.77    0.00    0.50    0.00    0.00    0.00    0.00    0.00    0.00   91.73
05:01:23     all    7.79    0.00    0.25    0.00    0.00    0.00    0.00    0.00    0.00   91.96
05:01:24     all    8.04    0.00    0.50    0.00    0.00    0.00    0.00    0.00    0.00   91.46
05:01:25     all    8.27    0.00    0.25    0.00    0.00    0.00    0.00    0.00    0.00   91.48
05:01:26     all    7.59    0.00    0.25    0.00    0.00    0.00    0.00    0.00    0.00   92.15
05:01:27     all    8.02    0.00    0.50    0.00    0.00    0.00    0.00    0.00    0.00   91.48
05:01:28     all    7.56    0.00    0.25    0.00    0.00    0.00    0.00    0.00    0.00   92.19
05:01:29     all    8.35    0.00    0.25    0.00    0.00    0.00    0.00    0.00    0.00   91.39
05:01:30     all    7.50    0.00    0.50    0.00    0.00    0.00    0.00    0.00    0.00   92.00
05:01:31     all    7.81    0.00    0.50    0.00    0.00    0.00    0.00    0.00    0.00   91.69
05:01:32     all    7.79    0.00    0.25    0.00    0.00    0.25    0.00    0.00    0.00   91.71
05:01:33     all    7.54    0.00    0.50    0.25    0.00    0.00    0.00    0.00    0.00   91.71
05:01:34     all    8.56    0.00    0.25    0.00    0.00    0.00    0.00    0.00    0.00   91.18
05:01:35     all    8.52    0.00    1.50    0.00    0.00    0.00    0.00    0.00    0.00   89.97
05:01:36     all    8.02    0.00    0.50    0.00    0.00    0.00    0.00    0.00    0.00   91.48
05:01:37     all    8.02    0.00    0.25    0.00    0.00    0.25    0.00    0.00    0.00   91.48
05:01:38     all    7.83    0.00    0.25    0.00    0.00    0.00    0.00    0.00    0.00   91.92
05:01:39     all    8.27    0.00    0.25    0.25    0.00    0.00    0.00    0.00    0.00   91.23
05:01:40     all    7.75    0.00    0.50    0.00    0.00    0.00    0.00    0.00    0.00   91.75
05:01:41     all    7.29    0.00    0.00    0.00    0.00    0.00    0.00    0.00    0.00   92.71
05:01:42     all    7.79    0.00    0.25    0.00    0.00    0.00    0.00    0.00    0.00   91.96
05:01:43     all    8.77    0.00    0.50    0.00    0.00    0.00    0.00    0.00    0.00   90.73
05:01:44     all    8.56    0.00    0.25    0.25    0.00    0.00    0.00    0.00    0.00   90.93
05:01:45     all    8.27    0.00    0.50    0.00    0.00    0.00    0.00    0.00    0.00   91.23
05:01:46     all    8.52    0.00    0.50    0.00    0.00    0.00    0.00    0.00    0.00   90.98
05:01:47     all    8.56    0.00    0.25    0.00    0.00    0.00    0.00    0.00    0.00   91.18
05:01:48     all    8.29    0.00    0.50    0.00    0.00    0.00    0.00    0.00    0.00   91.21
05:01:49     all    7.83    0.00    0.25    0.00    0.00    0.00    0.00    0.00    0.00   91.92
05:01:50     all    8.04    0.00    0.50    0.00    0.00    0.00    0.00    0.00    0.00   91.46
05:01:51     all    8.54    0.00    0.50    0.00    0.00    0.00    0.00    0.00    0.00   90.95
05:01:52     all    8.31    0.00    0.25    0.00    0.00    0.00    0.00    0.00    0.00   91.44
05:01:53     all    8.52    0.00    0.25    0.00    0.00    0.25    0.00    0.00    0.00   90.98
05:01:54     all    7.50    0.00    0.25    0.50    0.00    0.00    0.00    0.00    0.00   91.75
05:01:55     all    7.54    0.00    0.75    0.00    0.00    0.00    0.00    0.00    0.00   91.71
05:01:56     all    8.06    0.00    0.25    0.00    0.00    0.00    0.00    0.00    0.00   91.69
05:01:57     all    8.56    0.00    0.25    0.00    0.00    0.00    0.00    0.00    0.00   91.18
05:01:58     all    8.82    0.00    0.25    0.00    0.00    0.00    0.00    0.00    0.00   90.93
05:01:59     all    9.02    0.00    0.50    0.00    0.00    0.00    0.00    0.00    0.00   90.48
05:02:00     all    8.25    0.00    0.75    0.25    0.00    0.00    0.00    0.00    0.00   90.75
05:02:01     all    8.33    0.00    0.00    0.00    0.00    0.00    0.00    0.00    0.00   91.67
05:02:02     all    9.25    0.00    0.50    0.00    0.00    0.00    0.00    0.00    0.00   90.25
05:02:03     all    8.08    0.00    0.25    0.00    0.00    0.00    0.00    0.00    0.00   91.67
05:02:04     all    8.31    0.00    0.25    0.00    0.00    0.00    0.00    0.00    0.00   91.44
05:02:05     all    8.82    0.00    0.50    0.00    0.00    0.00    0.00    0.00    0.00   90.68
05:02:06     all    8.54    0.00    0.25    0.25    0.00    0.00    0.00    0.00    0.00   90.95
05:02:07     all    8.54    0.00    0.25    0.00    0.00    0.25    0.00    0.00    0.00   90.95
05:02:08     all    8.54    0.00    0.25    0.00    0.00    0.00    0.00    0.00    0.00   91.21
05:02:09     all    8.56    0.00    0.25    0.00    0.00    0.00    0.00    0.00    0.00   91.18
05:02:10     all    8.27    0.00    0.25    0.00    0.00    0.25    0.00    0.00    0.00   91.23
05:02:11     all    8.56    0.00    0.50    0.00    0.00    0.00    0.00    0.00    0.00   90.93
05:02:12     all    8.06    0.00    0.50    0.00    0.00    0.00    0.00    0.00    0.00   91.44
05:02:13     all    8.52    0.00    0.25    0.00    0.00    0.00    0.00    0.00    0.00   91.23
05:02:14     all    8.59    0.00    0.51    0.00    0.00    0.00    0.00    0.00    0.00   90.91
05:02:15     all    9.02    0.00    0.50    0.00    0.00    0.00    0.00    0.00    0.00   90.48
05:02:16     all    8.29    0.00    0.25    0.50    0.00    0.00    0.00    0.00    0.00   90.95
05:02:17     all    8.52    0.00    0.25    0.00    0.00    0.00    0.00    0.00    0.00   91.23
05:02:18     all    9.30    0.00    0.25    0.00    0.00    0.00    0.00    0.00    0.00   90.45
05:02:19     all    9.02    0.00    0.50    0.00    0.00    0.00    0.00    0.00    0.00   90.48
05:02:20     all    9.07    0.00    0.25    0.00    0.00    0.00    0.00    0.00    0.00   90.68
05:02:21     all    8.29    0.00    0.50    0.00    0.00    0.00    0.00    0.00    0.00   91.21
05:02:22     all    8.77    0.00    0.50    0.00    0.00    0.25    0.00    0.00    0.00   90.48
05:02:23     all    8.56    0.00    0.00    0.00    0.00    0.00    0.00    0.00    0.00   91.44
05:02:24     all    8.54    0.00    0.50    0.00    0.00    0.00    0.00    0.00    0.00   90.95
05:02:25     all    8.31    0.00    0.50    0.00    0.00    0.00    0.00    0.00    0.00   91.18
05:02:26     all    8.29    0.00    0.25    0.25    0.00    0.00    0.00    0.00    0.00   91.21
05:02:27     all    8.79    0.00    0.25    0.00    0.00    0.00    0.00    0.00    0.00   90.95
05:02:28     all    8.31    0.00    0.25    0.00    0.00    0.00    0.00    0.00    0.00   91.44
05:02:29     all    8.75    0.00    0.50    0.00    0.00    0.00    0.00    0.00    0.00   90.75
05:02:30     all    8.54    0.00    0.25    0.00    0.00    0.00    0.00    0.00    0.00   91.21
05:02:31     all    8.06    0.00    0.50    0.00    0.00    0.25    0.00    0.00    0.00   91.18
05:02:32     all    8.56    0.00    0.25    0.00    0.00    0.00    0.00    0.00    0.00   91.18
05:02:33     all    8.25    0.00    0.75    0.00    0.00    0.00    0.00    0.00    0.00   91.00
05:02:34     all    8.04    0.00    0.25    0.00    0.00    0.00    0.00    0.00    0.00   91.71
05:02:35     all    8.77    0.00    1.50    0.00    0.00    0.25    0.00    0.00    0.00   89.47
05:02:36     all    8.56    0.00    0.25    0.25    0.00    0.00    0.00    0.00    0.00   90.93
05:02:37     all    8.54    0.00    0.25    0.00    0.00    0.00    0.00    0.00    0.00   91.21
05:02:38     all    8.54    0.00    0.25    0.00    0.00    0.00    0.00    0.00    0.00   91.21
05:02:39     all    8.31    0.00    0.50    0.00    0.00    0.00    0.00    0.00    0.00   91.18
05:02:40     all    8.04    0.00    0.25    0.00    0.00    0.00    0.00    0.00    0.00   91.71
05:02:41     all    6.78    0.00    0.25    0.00    0.00    0.25    0.00    0.00    0.00   92.71
05:02:42     all    8.33    0.00    0.00    0.00    0.00    0.00    0.00    0.00    0.00   91.67
05:02:43     all    8.52    0.00    0.25    0.00    0.00    0.00    0.00    0.00    0.00   91.23
05:02:44     all    8.31    0.00    0.50    0.00    0.00    0.00    0.00    0.00    0.00   91.18
05:02:45     all    8.54    0.00    0.50    0.00    0.00    0.00    0.00    0.00    0.00   90.95
05:02:46     all    8.27    0.00    0.50    0.00    0.00    0.00    0.00    0.00    0.00   91.23
05:02:47     all    8.06    0.00    0.25    0.50    0.00    0.00    0.00    0.00    0.00   91.18
05:02:48     all    8.31    0.00    0.25    0.00    0.00    0.00    0.00    0.00    0.00   91.44
05:02:49     all    7.79    0.00    0.25    0.00    0.00    0.00    0.00    0.00    0.00   91.96
05:02:50     all    8.54    0.00    0.25    0.00    0.00    0.00    0.00    0.00    0.00   91.21
05:02:51     all    8.79    0.00    0.50    0.00    0.00    0.00    0.00    0.00    0.00   90.70
05:02:52     all    7.83    0.00    0.25    0.00    0.00    0.25    0.00    0.00    0.00   91.67
05:02:53     all    8.52    0.00    0.25    0.00    0.00    0.00    0.00    0.00    0.00   91.23
05:02:54     all    8.08    0.00    0.00    0.00    0.00    0.00    0.00    0.00    0.00   91.92
05:02:55     all    9.05    0.00    0.25    0.00    0.00    0.00    0.00    0.00    0.00   90.70
05:02:56     all    8.04    0.00    0.50    0.00    0.00    0.00    0.00    0.00    0.00   91.46
05:02:57     all    8.56    0.00    0.00    0.25    0.00    0.00    0.00    0.00    0.00   91.18
05:02:58     all    8.02    0.00    0.50    0.00    0.00    0.00    0.00    0.00    0.00   91.48
05:02:59     all    7.81    0.00    0.50    0.00    0.00    0.00    0.00    0.00    0.00   91.69
05:03:00     all    8.27    0.00    0.25    0.00    0.00    0.00    0.00    0.00    0.00   91.48
05:03:01     all    8.08    0.00    0.25    0.00    0.00    0.25    0.00    0.00    0.00   91.41
05:03:02     all    8.25    0.00    0.75    0.00    0.00    0.00    0.00    0.00    0.00   91.00
05:03:03     all    8.02    0.00    0.75    0.00    0.00    0.00    0.00    0.00    0.00   91.23
05:03:04     all    8.31    0.00    0.25    0.00    0.00    0.00    0.00    0.00    0.00   91.44
05:03:05     all    8.54    0.00    0.25    0.00    0.00    0.25    0.00    0.00    0.00   90.95
05:03:06     all    8.82    0.00    0.25    0.00    0.00    0.00    0.00    0.00    0.00   90.93
05:03:07     all    8.75    0.00    0.50    0.50    0.00    0.00    0.00    0.00    0.00   90.25
05:03:08     all    8.06    0.00    0.25    0.00    0.00    0.00    0.00    0.00    0.00   91.69
05:03:09     all    8.06    0.00    0.25    0.00    0.00    0.00    0.00    0.00    0.00   91.69
05:03:10     all    8.27    0.00    0.50    0.00    0.00    0.25    0.00    0.00    0.00   90.98
05:03:11     all    8.31    0.00    0.00    0.00    0.00    0.00    0.00    0.00    0.00   91.69
05:03:12     all    7.81    0.00    0.25    0.25    0.00    0.00    0.00    0.00    0.00   91.69
05:03:13     all    8.00    0.00    0.50    0.00    0.00    0.25    0.00    0.00    0.00   91.25
05:03:14     all    8.29    0.00    0.25    0.00    0.00    0.00    0.00    0.00    0.00   91.46
05:03:15     all    7.83    0.00    0.00    0.00    0.00    0.00    0.00    0.00    0.00   92.17
05:03:16     all    8.59    0.00    0.25    0.00    0.00    0.00    0.00    0.00    0.00   91.16
05:03:17     all    8.27    0.00    0.50    0.25    0.00    0.00    0.00    0.00    0.00   90.98
05:03:18     all    8.04    0.00    0.50    0.00    0.00    0.00    0.00    0.00    0.00   91.46
05:03:19     all    8.33    0.00    0.25    0.00    0.00    0.00    0.00    0.00    0.00   91.41
05:03:20     all    8.52    0.00    0.50    0.00    0.00    0.00    0.00    0.00    0.00   90.98
05:03:21     all    8.31    0.00    0.25    0.00    0.00    0.00    0.00    0.00    0.00   91.44
05:03:22     all    8.08    0.00    0.51    0.00    0.00    0.00    0.00    0.00    0.00   91.41
05:03:23     all    8.52    0.00    0.50    0.00    0.00    0.00    0.00    0.00    0.00   90.98
05:03:24     all    8.79    0.00    0.50    0.00    0.00    0.00    0.00    0.00    0.00   90.70
05:03:25     all    8.54    0.00    0.25    0.00    0.00    0.00    0.00    0.00    0.00   91.21
05:03:26     all    8.77    0.00    0.25    0.00    0.00    0.00    0.00    0.00    0.00   90.98
05:03:27     all    8.33    0.00    0.25    0.00    0.00    0.00    0.00    0.00    0.00   91.41
05:03:28     all    7.77    0.00    0.25    0.25    0.00    0.25    0.00    0.00    0.00   91.48
05:03:29     all    9.02    0.00    0.25    0.00    0.00    0.00    0.00    0.00    0.00   90.73
05:03:30     all    9.07    0.00    0.25    0.00    0.00    0.00    0.00    0.00    0.00   90.68
05:03:31     all    8.54    0.00    0.50    0.00    0.00    0.00    0.00    0.00    0.00   90.95
05:03:32     all    8.82    0.00    0.25    0.00    0.00    0.00    0.00    0.00    0.00   90.93
05:03:33     all    9.05    0.00    0.50    0.00    0.00    0.00    0.00    0.00    0.00   90.45
05:03:34     all    8.56    0.00    0.25    0.25    0.00    0.00    0.00    0.00    0.00   90.93
05:03:35     all    9.57    0.00    1.26    0.00    0.00    0.25    0.00    0.00    0.00   88.92
05:03:36     all    9.02    0.00    0.50    0.00    0.00    0.25    0.00    0.00    0.00   90.23
05:03:37     all    9.05    0.00    0.25    0.00    0.00    0.00    0.00    0.00    0.00   90.70
05:03:38     all    9.32    0.00    0.00    0.00    0.00    0.00    0.00    0.00    0.00   90.68
05:03:39     all    9.05    0.00    0.25    0.00    0.00    0.00    0.00    0.00    0.00   90.70
05:03:40     all    8.52    0.00    0.75    0.25    0.00    0.25    0.00    0.00    0.00   90.23
05:03:41     all    7.04    0.00    0.25    0.00    0.00    0.25    0.00    0.00    0.00   92.46
05:03:42     all    8.33    0.00    0.25    0.00    0.00    0.00    0.00    0.00    0.00   91.41
05:03:43     all    8.29    0.00    0.50    0.00    0.00    0.00    0.00    0.00    0.00   91.21
05:03:44     all    8.79    0.00    0.50    0.00    0.00    0.00    0.00    0.00    0.00   90.70
05:03:45     all    9.07    0.00    0.25    0.00    0.00    0.00    0.00    0.00    0.00   90.68
05:03:46     all    8.59    0.00    0.25    0.00    0.00    0.00    0.00    0.00    0.00   91.16
05:03:47     all    8.77    0.00    0.25    0.00    0.00    0.00    0.00    0.00    0.00   90.98
05:03:48     all    8.82    0.00    0.50    0.00    0.00    0.00    0.00    0.00    0.00   90.68
05:03:49     all    9.02    0.00    0.25    0.00    0.00    0.00    0.00    0.00    0.00   90.73
05:03:50     all    9.27    0.00    0.50    0.25    0.00    0.00    0.00    0.00    0.00   89.97
05:03:51     all    9.00    0.00    0.25    0.00    0.00    0.25    0.00    0.00    0.00   90.50
05:03:52     all    8.56    0.00    0.50    0.00    0.00    0.00    0.00    0.00    0.00   90.93
05:03:53     all    8.56    0.00    0.25    0.00    0.00    0.25    0.00    0.00    0.00   90.93
05:03:54     all    8.79    0.00    0.50    0.00    0.00    0.00    0.00    0.00    0.00   90.70
05:03:55     all    8.77    0.00    0.25    0.25    0.00    0.25    0.00    0.00    0.00   90.48
05:03:56     all    8.86    0.00    0.25    0.00    0.00    0.00    0.00    0.00    0.00   90.89
05:03:57     all    8.77    0.00    0.25    0.00    0.00    0.25    0.00    0.00    0.00   90.73
05:03:58     all    8.31    0.00    0.50    0.00    0.00    0.00    0.00    0.00    0.00   91.18
05:03:59     all    8.56    0.00    0.25    0.00    0.00    0.25    0.00    0.00    0.00   90.93
05:04:00     all    9.23    0.00    0.50    0.00    0.00    0.00    0.00    0.00    0.00   90.27
05:04:01     all    9.02    0.00    0.25    0.25    0.00    0.25    0.00    0.00    0.00   90.23
05:04:02     all    8.79    0.00    0.00    0.00    0.00    0.50    0.00    0.00    0.00   90.70
05:04:03     all    8.31    0.00    0.25    0.00    0.00    0.00    0.00    0.00    0.00   91.44
05:04:04     all    8.77    0.00    0.50    0.00    0.00    0.25    0.00    0.00    0.00   90.48
05:04:05     all    8.79    0.00    0.25    0.00    0.00    0.25    0.00    0.00    0.00   90.70
05:04:06     all    8.59    0.00    0.25    0.00    0.00    0.00    0.00    0.00    0.00   91.16
05:04:07     all    8.31    0.00    0.25    0.00    0.00    0.25    0.00    0.00    0.00   91.18
05:04:08     all    8.29    0.00    0.50    0.00    0.00    0.25    0.00    0.00    0.00   90.95
05:04:09     all    8.54    0.00    0.50    0.00    0.00    0.00    0.00    0.00    0.00   90.95
05:04:10     all    9.05    0.00    0.50    0.00    0.00    0.00    0.00    0.00    0.00   90.45
05:04:11     all    9.05    0.00    0.00    0.00    0.00    0.00    0.00    0.00    0.00   90.95
05:04:12     all    8.82    0.00    0.25    0.00    0.00    0.00    0.00    0.00    0.00   90.93
05:04:13     all    9.05    0.00    0.25    0.00    0.00    0.00    0.00    0.00    0.00   90.70
05:04:14     all    9.00    0.00    0.50    0.00    0.00    0.25    0.00    0.00    0.00   90.25
05:04:15     all    8.56    0.00    0.25    0.00    0.00    0.00    0.00    0.00    0.00   91.18
05:04:16     all    9.30    0.00    0.25    0.00    0.00    0.00    0.00    0.00    0.00   90.45
05:04:17     all    8.79    0.00    0.50    0.00    0.00    0.00    0.00    0.00    0.00   90.70
05:04:18     all    8.79    0.00    0.50    0.00    0.00    0.00    0.00    0.00    0.00   90.70
05:04:19     all    8.50    0.00    0.50    0.50    0.00    0.25    0.00    0.00    0.00   90.25
05:04:20     all    9.32    0.00    0.00    0.00    0.00    0.25    0.00    0.00    0.00   90.43
05:04:21     all    8.50    0.00    0.75    0.00    0.00    0.00    0.00    0.00    0.00   90.75
05:04:22     all    8.27    0.00    0.50    0.00    0.00    0.25    0.00    0.00    0.00   90.98
05:04:23     all    8.79    0.00    0.25    0.00    0.00    0.25    0.00    0.00    0.00   90.70
05:04:24     all    8.84    0.00    0.25    0.00    0.00    0.00    0.00    0.00    0.00   90.91
05:04:25     all    8.29    0.00    0.25    0.25    0.00    0.25    0.00    0.00    0.00   90.95
05:04:26     all    9.25    0.00    0.25    0.00    0.00    0.00    0.00    0.00    0.00   90.50
05:04:27     all    8.84    0.00    0.25    0.00    0.00    0.00    0.00    0.00    0.00   90.91
05:04:28     all    8.52    0.00    0.25    0.00    0.00    0.25    0.00    0.00    0.00   90.98
05:04:29     all    8.33    0.00    0.51    0.00    0.00    0.00    0.00    0.00    0.00   91.16
05:04:30     all    8.82    0.00    0.25    0.00    0.00    0.25    0.00    0.00    0.00   90.68
05:04:31     all    8.82    0.00    0.50    0.00    0.00    0.00    0.00    0.00    0.00   90.68
05:04:32     all    8.54    0.00    0.25    0.00    0.00    0.25    0.00    0.00    0.00   90.95
05:04:33     all    8.54    0.00    0.50    0.00    0.00    0.00    0.00    0.00    0.00   90.95
05:04:34     all    9.27    0.00    0.50    0.00    0.00    0.00    0.00    0.00    0.00   90.23
05:04:35     all    8.86    0.00    1.01    0.00    0.00    0.25    0.00    0.00    0.00   89.87
05:04:36     all    8.77    0.00    0.50    0.00    0.00    0.00    0.00    0.00    0.00   90.73
05:04:37     all    8.52    0.00    0.25    0.50    0.00    0.00    0.00    0.00    0.00   90.73
05:04:38     all    8.79    0.00    0.25    0.00    0.00    0.25    0.00    0.00    0.00   90.70
05:04:39     all    8.54    0.00    0.25    0.00    0.00    0.00    0.00    0.00    0.00   91.21
05:04:40     all    8.54    0.00    0.50    0.00    0.00    0.25    0.00    0.00    0.00   90.70
05:04:41     all    7.81    0.00    0.00    0.00    0.00    0.00    0.00    0.00    0.00   92.19
05:04:42     all    8.33    0.00    0.51    0.00    0.00    0.00    0.00    0.00    0.00   91.16
05:04:43     all    8.75    0.00    0.25    0.00    0.00    0.25    0.00    0.00    0.00   90.75
05:04:44     all    8.59    0.00    0.51    0.00    0.00    0.00    0.00    0.00    0.00   90.91
05:04:45     all    8.73    0.00    0.50    0.00    0.00    0.50    0.00    0.00    0.00   90.27
05:04:46     all    8.56    0.00    0.25    0.00    0.00    0.25    0.00    0.00    0.00   90.93
05:04:47     all    8.04    0.00    0.50    0.00    0.00    0.00    0.00    0.00    0.00   91.46
05:04:48     all    8.50    0.00    0.25    0.50    0.00    0.25    0.00    0.00    0.00   90.50
05:04:49     all    9.05    0.00    0.50    0.00    0.00    0.00    0.00    0.00    0.00   90.45
05:04:50     all    8.79    0.00    0.25    0.00    0.00    0.25    0.00    0.00    0.00   90.70
05:04:51     all    8.29    0.00    0.50    0.00    0.00    0.25    0.00    0.00    0.00   90.95
05:04:52     all    9.27    0.00    0.50    0.00    0.00    0.00    0.00    0.00    0.00   90.23
05:04:53     all    9.07    0.00    0.25    0.00    0.00    0.00    0.00    0.00    0.00   90.68
05:04:54     all    8.84    0.00    0.25    0.00    0.00    0.25    0.00    0.00    0.00   90.66
05:04:55     all    9.05    0.00    0.00    0.00    0.00    0.00    0.00    0.00    0.00   90.95
05:04:56     all    9.55    0.00    0.50    0.00    0.00    0.00    0.00    0.00    0.00   89.95
05:04:57     all    8.79    0.00    0.50    0.00    0.00    0.25    0.00    0.00    0.00   90.45
05:04:58     all    8.61    0.00    0.25    0.00    0.00    0.00    0.00    0.00    0.00   91.14
05:04:59     all    8.56    0.00    0.25    0.25    0.00    0.25    0.00    0.00    0.00   90.68
05:05:00     all    8.02    0.00    0.50    0.00    0.00    0.25    0.00    0.00    0.00   91.23
05:05:01     all    8.25    0.00    0.75    0.25    0.00    0.25    0.00    0.00    0.00   90.50
05:05:02     all    8.86    0.00    0.25    0.00    0.00    0.00    0.00    0.00    0.00   90.89
05:05:03     all    9.02    0.00    0.50    0.00    0.00    0.25    0.00    0.00    0.00   90.23
05:05:04     all    9.09    0.00    0.25    0.00    0.00    0.00    0.00    0.00    0.00   90.66
05:05:05     all    9.02    0.00    0.25    0.00    0.00    0.00    0.00    0.00    0.00   90.73
05:05:06     all    8.61    0.00    0.25    0.25    0.00    0.00    0.00    0.00    0.00   90.89
05:05:07     all    8.79    0.00    0.25    0.00    0.00    0.00    0.00    0.00    0.00   90.95
05:05:08     all    8.77    0.00    0.50    0.00    0.00    0.00    0.00    0.00    0.00   90.73
05:05:09     all    8.77    0.00    0.75    0.00    0.00    0.00    0.00    0.00    0.00   90.48
05:05:10     all    8.31    0.00    0.25    0.00    0.00    0.00    0.00    0.00    0.00   91.44
05:05:11     all    8.59    0.00    0.25    0.00    0.00    0.00    0.00    0.00    0.00   91.16
05:05:12     all    8.27    0.00    0.75    0.25    0.00    0.00    0.00    0.00    0.00   90.73
05:05:13     all    9.27    0.00    0.25    0.00    0.00    0.00    0.00    0.00    0.00   90.48
05:05:14     all    9.09    0.00    0.25    0.00    0.00    0.00    0.00    0.00    0.00   90.66
05:05:15     all    9.05    0.00    0.25    0.00    0.00    0.00    0.00    0.00    0.00   90.70
05:05:16     all    9.05    0.00    0.50    0.00    0.00    0.00    0.00    0.00    0.00   90.45
05:05:17     all    8.56    0.00    0.25    0.00    0.00    0.00    0.00    0.00    0.00   91.18
05:05:18     all    8.77    0.00    0.50    0.50    0.00    0.00    0.00    0.00    0.00   90.23
05:05:19     all    8.79    0.00    0.25    0.00    0.00    0.00    0.00    0.00    0.00   90.95
05:05:20     all    8.59    0.00    0.25    0.00    0.00    0.00    0.00    0.00    0.00   91.16
05:05:21     all    8.79    0.00    0.50    0.00    0.00    0.00    0.00    0.00    0.00   90.70
05:05:22     all    8.54    0.00    0.25    0.00    0.00    0.25    0.00    0.00    0.00   90.95
05:05:23     all    9.05    0.00    0.25    0.00    0.00    0.00    0.00    0.00    0.00   90.70
05:05:24     all    8.33    0.00    0.51    0.00    0.00    0.00    0.00    0.00    0.00   91.16
05:05:25     all    8.56    0.00    0.25    0.00    0.00    0.00    0.00    0.00    0.00   91.18
05:05:26     all    8.79    0.00    0.25    0.00    0.00    0.00    0.00    0.00    0.00   90.95
05:05:27     all    9.00    0.00    0.50    0.00    0.00    0.00    0.00    0.00    0.00   90.50
05:05:28     all    8.79    0.00    0.50    0.00    0.00    0.25    0.00    0.00    0.00   90.45
05:05:29     all    8.56    0.00    0.50    0.00    0.00    0.00    0.00    0.00    0.00   90.93
05:05:30     all    8.56    0.00    0.25    0.25    0.00    0.00    0.00    0.00    0.00   90.93
05:05:31     all    9.05    0.00    0.25    0.00    0.00    0.00    0.00    0.00    0.00   90.70
05:05:32     all    8.82    0.00    0.25    0.00    0.00    0.00    0.00    0.00    0.00   90.93
05:05:33     all    7.54    0.00    0.25    0.00    0.00    0.00    0.00    0.00    0.00   92.21
05:05:34     all    8.08    0.00    0.51    0.00    0.00    0.00    0.00    0.00    0.00   91.41
05:05:35     all    8.79    0.00    1.51    0.00    0.00    0.25    0.00    0.00    0.00   89.45
05:05:36     all    8.27    0.00    0.50    0.25    0.00    0.00    0.00    0.00    0.00   90.98
05:05:37     all    8.31    0.00    0.25    0.00    0.00    0.00    0.00    0.00    0.00   91.44
05:05:38     all    8.79    0.00    0.25    0.25    0.00    0.00    0.00    0.00    0.00   90.70
05:05:39     all    8.31    0.00    0.25    0.00    0.00    0.00    0.00    0.00    0.00   91.44
05:05:40     all    8.29    0.00    0.25    0.00    0.00    0.00    0.00    0.00    0.00   91.46
05:05:41     all    8.56    0.00    0.25    0.00    0.00    0.00    0.00    0.00    0.00   91.18
05:05:42     all    8.56    0.00    0.25    0.00    0.00    0.00    0.00    0.00    0.00   91.18
05:05:43     all    8.56    0.00    0.50    0.00    0.00    0.00    0.00    0.00    0.00   90.93
05:05:44     all    8.56    0.00    0.25    0.00    0.00    0.00    0.00    0.00    0.00   91.18
05:05:45     all    8.31    0.00    0.25    0.00    0.00    0.00    0.00    0.00    0.00   91.44
05:05:46     all    8.52    0.00    0.25    0.00    0.00    0.00    0.00    0.00    0.00   91.23
05:05:47     all    8.29    0.00    0.25    0.00    0.00    0.00    0.00    0.00    0.00   91.46
05:05:48     all    8.31    0.00    0.50    0.25    0.00    0.00    0.00    0.00    0.00   90.93
05:05:49     all    8.79    0.00    0.50    0.00    0.00    0.25    0.00    0.00    0.00   90.45
05:05:50     all    9.25    0.00    0.50    0.00    0.00    0.00    0.00    0.00    0.00   90.25
05:05:51     all    9.05    0.00    0.25    0.00    0.00    0.00    0.00    0.00    0.00   90.70
05:05:52     all    8.79    0.00    0.25    0.00    0.00    0.25    0.00    0.00    0.00   90.70
05:05:53     all    8.59    0.00    0.25    0.00    0.00    0.00    0.00    0.00    0.00   91.16
05:05:54     all    8.52    0.00    0.50    0.00    0.00    0.00    0.00    0.00    0.00   90.98
05:05:55     all    8.82    0.00    0.25    0.00    0.00    0.00    0.00    0.00    0.00   90.93
05:05:56     all    8.82    0.00    0.25    0.00    0.00    0.00    0.00    0.00    0.00   90.93
05:05:57     all    9.07    0.00    0.25    0.00    0.00    0.00    0.00    0.00    0.00   90.68
05:05:58     all    8.79    0.00    0.25    0.00    0.00    0.00    0.00    0.00    0.00   90.95
05:05:59     all    8.52    0.00    0.25    0.00    0.00    0.50    0.00    0.00    0.00   90.73
05:06:00     all    9.05    0.00    0.25    0.00    0.00    0.25    0.00    0.00    0.00   90.45
05:06:01     all    8.25    0.00    0.75    0.00    0.00    0.00    0.00    0.00    0.00   91.00
05:06:02     all    8.06    0.00    0.25    0.00    0.00    0.25    0.00    0.00    0.00   91.44
05:06:03     all    8.79    0.00    0.25    0.00    0.00    0.00    0.00    0.00    0.00   90.95
05:06:04     all    8.27    0.00    0.25    0.50    0.00    0.00    0.00    0.00    0.00   90.98
05:06:05     all    8.56    0.00    0.25    0.00    0.00    0.25    0.00    0.00    0.00   90.93
05:06:06     all    8.31    0.00    0.50    0.00    0.00    0.00    0.00    0.00    0.00   91.18
05:06:07     all    8.54    0.00    0.25    0.00    0.00    0.00    0.00    0.00    0.00   91.21
05:06:08     all    7.56    0.00    0.76    0.00    0.00    0.00    0.00    0.00    0.00   91.69
05:06:09     all    8.54    0.00    0.50    0.00    0.00    0.00    0.00    0.00    0.00   90.95
05:06:10     all    9.27    0.00    0.00    0.25    0.00    0.00    0.00    0.00    0.00   90.48
05:06:11     all    8.56    0.00    0.25    0.00    0.00    0.00    0.00    0.00    0.00   91.18
05:06:12     all    8.52    0.00    0.25    0.00    0.00    0.25    0.00    0.00    0.00   90.98
05:06:13     all    8.79    0.00    0.50    0.00    0.00    0.00    0.00    0.00    0.00   90.70
05:06:14     all    8.52    0.00    0.50    0.00    0.00    0.00    0.00    0.00    0.00   90.98
05:06:15     all    9.07    0.00    0.25    0.00    0.00    0.00    0.00    0.00    0.00   90.68
05:06:16     all    8.54    0.00    0.50    0.25    0.00    0.00    0.00    0.00    0.00   90.70
05:06:17     all    8.56    0.00    0.25    0.00    0.00    0.00    0.00    0.00    0.00   91.18
05:06:18     all    9.02    0.00    0.25    0.00    0.00    0.25    0.00    0.00    0.00   90.48
05:06:19     all    8.77    0.00    0.50    0.00    0.00    0.00    0.00    0.00    0.00   90.73
05:06:20     all    8.79    0.00    0.25    0.00    0.00    0.00    0.00    0.00    0.00   90.95
05:06:21     all    8.33    0.00    0.00    0.00    0.00    0.25    0.00    0.00    0.00   91.41
05:06:22     all    8.27    0.00    0.50    0.00    0.00    0.00    0.00    0.00    0.00   91.23
05:06:23     all    9.07    0.00    0.25    0.00    0.00    0.00    0.00    0.00    0.00   90.68
05:06:24     all    9.55    0.00    0.25    0.00    0.00    0.00    0.00    0.00    0.00   90.20
05:06:25     all    9.30    0.00    0.50    0.00    0.00    0.00    0.00    0.00    0.00   90.20
05:06:26     all    8.82    0.00    0.50    0.00    0.00    0.00    0.00    0.00    0.00   90.68
05:06:27     all    9.07    0.00    0.25    0.00    0.00    0.00    0.00    0.00    0.00   90.68
05:06:28     all    8.79    0.00    0.25    0.00    0.00    0.00    0.00    0.00    0.00   90.95
05:06:29     all    8.06    0.00    0.25    0.00    0.00    0.00    0.00    0.00    0.00   91.69
05:06:30     all    8.56    0.00    0.50    0.00    0.00    0.00    0.00    0.00    0.00   90.93
05:06:31     all    8.54    0.00    0.50    0.00    0.00    0.00    0.00    0.00    0.00   90.95
05:06:32     all    8.31    0.00    0.50    0.50    0.00    0.00    0.00    0.00    0.00   90.68
05:06:33     all    9.27    0.00    0.50    0.00    0.00    0.00    0.00    0.00    0.00   90.23
05:06:34     all    8.56    0.00    0.25    0.00    0.00    0.00    0.00    0.00    0.00   91.18
05:06:35     all    8.56    0.00    1.51    0.00    0.00    0.25    0.00    0.00    0.00   89.67
05:06:36     all    9.02    0.00    0.50    0.00    0.00    0.00    0.00    0.00    0.00   90.48
05:06:37     all    8.31    0.00    0.25    0.25    0.00    0.00    0.00    0.00    0.00   91.18
05:06:38     all    8.82    0.00    0.50    0.00    0.00    0.00    0.00    0.00    0.00   90.68
05:06:39     all    8.59    0.00    0.25    0.00    0.00    0.00    0.00    0.00    0.00   91.16
05:06:40     all    8.77    0.00    0.25    0.00    0.00    0.00    0.00    0.00    0.00   90.98
05:06:41     all    8.82    0.00    0.50    0.00    0.00    0.00    0.00    0.00    0.00   90.68
05:06:42     all    8.82    0.00    0.50    0.25    0.00    0.00    0.00    0.00    0.00   90.43
05:06:43     all    9.07    0.00    0.25    0.00    0.00    0.00    0.00    0.00    0.00   90.68
05:06:44     all    9.05    0.00    0.50    0.00    0.00    0.00    0.00    0.00    0.00   90.45
05:06:45     all    9.27    0.00    0.25    0.00    0.00    0.25    0.00    0.00    0.00   90.23
05:06:46     all    8.59    0.00    0.51    0.00    0.00    0.00    0.00    0.00    0.00   90.91
05:06:47     all    9.02    0.00    0.25    0.25    0.00    0.00    0.00    0.00    0.00   90.48
05:06:48     all    8.56    0.00    0.50    0.00    0.00    0.00    0.00    0.00    0.00   90.93
05:06:49     all    8.31    0.00    0.25    0.00    0.00    0.00    0.00    0.00    0.00   91.44
05:06:50     all    8.79    0.00    0.25    0.00    0.00    0.00    0.00    0.00    0.00   90.95
05:06:51     all    9.32    0.00    0.50    0.00    0.00    0.00    0.00    0.00    0.00   90.18
05:06:52     all    8.59    0.00    0.51    0.00    0.00    0.25    0.00    0.00    0.00   90.66
05:06:53     all    8.82    0.00    0.25    0.00    0.00    0.00    0.00    0.00    0.00   90.93
05:06:54     all    9.27    0.00    0.25    0.00    0.00    0.00    0.00    0.00    0.00   90.48
05:06:55     all    8.79    0.00    0.25    0.00    0.00    0.00    0.00    0.00    0.00   90.95
05:06:56     all    9.09    0.00    0.25    0.00    0.00    0.00    0.00    0.00    0.00   90.66
05:06:57     all    8.79    0.00    0.50    0.00    0.00    0.00    0.00    0.00    0.00   90.70
05:06:58     all    8.77    0.00    0.50    0.50    0.00    0.00    0.00    0.00    0.00   90.23
05:06:59     all    9.07    0.00    0.25    0.00    0.00    0.00    0.00    0.00    0.00   90.68
05:07:00     all    8.82    0.00    0.25    0.00    0.00    0.00    0.00    0.00    0.00   90.93
05:07:01     all    9.02    0.00    0.50    0.00    0.00    0.00    0.00    0.00    0.00   90.48
05:07:02     all    8.54    0.00    0.25    0.00    0.00    0.00    0.00    0.00    0.00   91.21
05:07:03     all    8.84    0.00    0.51    0.00    0.00    0.00    0.00    0.00    0.00   90.66
05:07:04     all    8.77    0.00    0.50    0.00    0.00    0.00    0.00    0.00    0.00   90.73
05:07:05     all    9.34    0.00    0.00    0.00    0.00    0.00    0.00    0.00    0.00   90.66
05:07:06     all    8.56    0.00    0.50    0.00    0.00    0.00    0.00    0.00    0.00   90.93
05:07:07     all    9.07    0.00    0.25    0.00    0.00    0.00    0.00    0.00    0.00   90.68
05:07:08     all    8.29    0.00    0.50    0.00    0.00    0.00    0.00    0.00    0.00   91.21
05:07:09     all    8.08    0.00    0.25    0.00    0.00    0.00    0.00    0.00    0.00   91.67
05:07:10     all    8.79    0.00    0.50    0.00    0.00    0.00    0.00    0.00    0.00   90.70
05:07:11     all    9.05    0.00    0.50    0.00    0.00    0.00    0.00    0.00    0.00   90.45
05:07:12     all    8.31    0.00    0.25    0.00    0.00    0.25    0.00    0.00    0.00   91.18
05:07:13     all    9.00    0.00    0.25    0.25    0.00    0.00    0.00    0.00    0.00   90.50
05:07:14     all    8.06    0.00    0.50    0.00    0.00    0.00    0.00    0.00    0.00   91.44
05:07:15     all    8.56    0.00    0.50    0.00    0.00    0.00    0.00    0.00    0.00   90.93
05:07:16     all    9.02    0.00    0.50    0.25    0.00    0.25    0.00    0.00    0.00   89.97
05:07:17     all    8.54    0.00    0.25    0.00    0.00    0.00    0.00    0.00    0.00   91.21
05:07:18     all    8.29    0.00    0.25    0.00    0.00    0.25    0.00    0.00    0.00   91.21
05:07:19     all    8.27    0.00    0.50    0.00    0.00    0.25    0.00    0.00    0.00   90.98
05:07:20     all    8.29    0.00    0.25    0.00    0.00    0.25    0.00    0.00    0.00   91.21
05:07:21     all    7.83    0.00    0.25    0.00    0.00    0.00    0.00    0.00    0.00   91.92
05:07:22     all    8.31    0.00    0.25    0.00    0.00    0.25    0.00    0.00    0.00   91.18
05:07:23     all    7.83    0.00    0.51    0.00    0.00    0.00    0.00    0.00    0.00   91.67
05:07:24     all    7.52    0.00    0.50    0.00    0.00    0.25    0.00    0.00    0.00   91.73
05:07:25     all    9.05    0.00    0.25    0.00    0.00    0.00    0.00    0.00    0.00   90.70
05:07:26     all    8.54    0.00    0.50    0.00    0.00    0.00    0.00    0.00    0.00   90.95
05:07:27     all    8.29    0.00    0.50    0.25    0.00    0.00    0.00    0.00    0.00   90.95
05:07:28     all    8.08    0.00    0.25    0.00    0.00    0.00    0.00    0.00    0.00   91.67
05:07:29     all    8.82    0.00    0.25    0.00    0.00    0.00    0.00    0.00    0.00   90.93
05:07:30     all    8.59    0.00    0.25    0.00    0.00    0.00    0.00    0.00    0.00   91.16
05:07:31     all    8.29    0.00    0.25    0.00    0.00    0.00    0.00    0.00    0.00   91.46
05:07:32     all    8.29    0.00    0.25    0.25    0.00    0.00    0.00    0.00    0.00   91.21
05:07:33     all    8.54    0.00    0.25    0.00    0.00    0.00    0.00    0.00    0.00   91.21
05:07:34     all    8.29    0.00    0.50    0.00    0.00    0.00    0.00    0.00    0.00   91.21
05:07:35     all    9.02    0.00    1.50    0.00    0.00    0.50    0.00    0.00    0.00   88.97
05:07:36     all    8.79    0.00    0.00    0.00    0.00    0.00    0.00    0.00    0.00   91.21
05:07:37     all    7.58    0.00    0.25    0.00    0.00    0.25    0.00    0.00    0.00   91.92
05:07:38     all    8.52    0.00    0.50    0.50    0.00    0.00    0.00    0.00    0.00   90.48
05:07:39     all    8.54    0.00    0.25    0.00    0.00    0.50    0.00    0.00    0.00   90.70
05:07:40     all    8.29    0.00    0.25    0.00    0.00    0.00    0.00    0.00    0.00   91.46
05:07:41     all    8.31    0.00    0.25    0.00    0.00    0.25    0.00    0.00    0.00   91.18
05:07:42     all    8.54    0.00    0.25    0.00    0.00    0.00    0.00    0.00    0.00   91.21
05:07:43     all    8.82    0.00    0.25    0.00    0.00    0.25    0.00    0.00    0.00   90.68
05:07:44     all    8.31    0.00    0.50    0.00    0.00    0.00    0.00    0.00    0.00   91.18
05:07:45     all    8.52    0.00    0.75    0.00    0.00    0.25    0.00    0.00    0.00   90.48
05:07:46     all    8.75    0.00    0.50    0.00    0.00    0.00    0.00    0.00    0.00   90.75
05:07:47     all    8.79    0.00    0.25    0.00    0.00    0.25    0.00    0.00    0.00   90.70
05:07:48     all    8.56    0.00    0.25    0.00    0.00    0.00    0.00    0.00    0.00   91.18
05:07:49     all    7.79    0.00    0.25    0.00    0.00    0.25    0.00    0.00    0.00   91.71
05:07:50     all    7.79    0.00    0.50    0.25    0.00    0.25    0.00    0.00    0.00   91.21
05:07:51     all    8.02    0.00    0.50    0.00    0.00    0.00    0.00    0.00    0.00   91.48
05:07:52     all    8.06    0.00    0.25    0.00    0.00    0.25    0.00    0.00    0.00   91.44
05:07:53     all    8.29    0.00    0.25    0.00    0.00    0.00    0.00    0.00    0.00   91.46
05:07:54     all    7.52    0.00    0.25    0.00    0.00    0.25    0.00    0.00    0.00   91.98
05:07:55     all    8.02    0.00    0.50    0.00    0.00    0.25    0.00    0.00    0.00   91.23
05:07:56     all    7.81    0.00    0.25    0.00    0.00    0.00    0.00    0.00    0.00   91.94
05:07:57     all    7.54    0.00    0.25    0.00    0.00    0.25    0.00    0.00    0.00   91.96
05:07:58     all    8.06    0.00    0.25    0.00    0.00    0.00    0.00    0.00    0.00   91.69
05:07:59     all    8.79    0.00    0.50    0.00    0.00    0.50    0.00    0.00    0.00   90.20
05:08:00     all    9.07    0.00    0.25    0.00    0.00    0.00    0.00    0.00    0.00   90.68
05:08:01     all    7.27    0.00    0.50    0.25    0.00    0.00    0.00    0.00    0.00   91.98
05:08:02     all    8.73    0.00    0.00    0.00    0.00    0.25    0.00    0.00    0.00   91.02
05:08:03     all    8.31    0.00    0.50    0.00    0.00    0.00    0.00    0.00    0.00   91.18
05:08:04     all    8.77    0.00    0.50    0.00    0.00    0.25    0.00    0.00    0.00   90.48
05:08:05     all    8.84    0.00    0.25    0.00    0.00    0.25    0.00    0.00    0.00   90.66
05:08:06     all    8.46    0.00    0.25    0.00    0.00    0.25    0.00    0.00    0.00   91.04
05:08:07     all    6.08    0.00    0.25    0.00    0.00    0.00    0.00    0.00    0.00   93.67
05:08:08     all    8.04    0.00    0.25    0.00    0.00    0.25    0.00    0.00    0.00   91.46
05:08:09     all    9.02    0.00    0.25    0.00    0.00    0.25    0.00    0.00    0.00   90.48
05:08:10     all    8.52    0.00    0.50    0.00    0.00    0.00    0.00    0.00    0.00   90.98
05:08:11     all    8.52    0.00    0.25    0.00    0.00    0.25    0.00    0.00    0.00   90.98
05:08:12     all    7.07    0.00    0.25    0.76    0.00    0.00    0.00    0.00    0.00   91.92
05:08:13     all    7.52    0.00    0.25    0.00    0.00    0.00    0.00    0.00    0.00   92.23
05:08:14     all    8.29    0.00    0.50    0.00    0.00    0.25    0.00    0.00    0.00   90.95
05:08:15     all    8.04    0.00    0.50    0.00    0.00    0.25    0.00    0.00    0.00   91.21
05:08:16     all    8.02    0.00    0.50    0.00    0.00    0.00    0.00    0.00    0.00   91.48
05:08:17     all    7.30    0.00    0.25    0.00    0.00    0.25    0.00    0.00    0.00   92.19
05:08:18     all    8.02    0.00    0.25    0.25    0.00    0.00    0.00    0.00    0.00   91.48
05:08:19     all    7.81    0.00    0.25    0.00    0.00    0.25    0.00    0.00    0.00   91.69
05:08:20     all    7.79    0.00    0.50    0.00    0.00    0.00    0.00    0.00    0.00   91.71
05:08:21     all    8.54    0.00    0.25    0.00    0.00    0.25    0.00    0.00    0.00   90.95
05:08:22     all    8.52    0.00    0.25    0.00    0.00    0.25    0.00    0.00    0.00   90.98
05:08:23     all    8.25    0.00    0.25    0.00    0.00    0.25    0.00    0.00    0.00   91.25
05:08:24     all    8.02    0.00    0.50    0.25    0.00    0.25    0.00    0.00    0.00   90.98
05:08:25     all    8.33    0.00    0.25    0.00    0.00    0.00    0.00    0.00    0.00   91.41
05:08:26     all    8.06    0.00    0.25    0.00    0.00    0.25    0.00    0.00    0.00   91.44
05:08:27     all    7.52    0.00    0.50    0.00    0.00    0.00    0.00    0.00    0.00   91.98
05:08:28     all    7.27    0.00    0.00    0.00    0.00    0.25    0.00    0.00    0.00   92.48
05:08:29     all    7.56    0.00    0.50    0.25    0.00    0.00    0.00    0.00    0.00   91.69
05:08:30     all    8.08    0.00    0.25    0.00    0.00    0.25    0.00    0.00    0.00   91.41
05:08:31     all    8.77    0.00    0.25    0.00    0.00    0.00    0.00    0.00    0.00   90.98
05:08:32     all    8.54    0.00    0.25    0.00    0.00    0.00    0.00    0.00    0.00   91.21
05:08:33     all    9.02    0.00    0.25    0.00    0.00    0.25    0.00    0.00    0.00   90.48
05:08:34     all    8.77    0.00    0.50    0.00    0.00    0.00    0.00    0.00    0.00   90.73
05:08:35     all    8.06    0.00    1.76    0.00    0.00    0.25    0.00    0.00    0.00   89.92
05:08:36     all    8.77    0.00    0.25    0.00    0.00    0.00    0.00    0.00    0.00   90.98
05:08:37     all    8.04    0.00    0.50    0.00    0.00    0.00    0.00    0.00    0.00   91.46
05:08:38     all    8.04    0.00    0.25    0.00    0.00    0.00    0.00    0.00    0.00   91.71
05:08:39     all    8.02    0.00    0.25    0.00    0.00    0.50    0.00    0.00    0.00   91.23
05:08:40     all    8.02    0.00    0.50    0.00    0.00    0.25    0.00    0.00    0.00   91.23
05:08:41     all    7.79    0.00    0.50    0.25    0.00    0.25    0.00    0.00    0.00   91.21
05:08:42     all    8.08    0.00    0.25    0.00    0.00    0.00    0.00    0.00    0.00   91.67
05:08:43     all    8.04    0.00    0.00    0.00    0.00    0.25    0.00    0.00    0.00   91.71
05:08:44     all    8.27    0.00    0.50    0.00    0.00    0.00    0.00    0.00    0.00   91.23
05:08:45     all    8.52    0.00    0.25    0.00    0.00    0.25    0.00    0.00    0.00   90.98
05:08:46     all    7.54    0.00    0.25    0.25    0.00    0.25    0.00    0.00    0.00   91.71
05:08:47     all    8.06    0.00    0.50    0.00    0.00    0.00    0.00    0.00    0.00   91.44
05:08:48     all    7.79    0.00    0.25    0.00    0.00    0.25    0.00    0.00    0.00   91.71
05:08:49     all    7.81    0.00    0.50    0.00    0.00    0.00    0.00    0.00    0.00   91.69
05:08:50     all    7.50    0.00    0.50    0.00    0.00    0.25    0.00    0.00    0.00   91.75
05:08:51     all    8.52    0.00    0.00    0.25    0.00    0.25    0.00    0.00    0.00   90.98
05:08:52     all    8.25    0.00    0.50    0.00    0.00    0.25    0.00    0.00    0.00   91.00
05:08:53     all    8.08    0.00    0.00    0.00    0.00    0.00    0.00    0.00    0.00   91.92
05:08:54     all    8.04    0.00    0.50    0.00    0.00    0.00    0.00    0.00    0.00   91.46
05:08:55     all    7.81    0.00    0.25    0.00    0.00    0.25    0.00    0.00    0.00   91.69
05:08:56     all    8.27    0.00    0.25    0.00    0.00    0.00    0.00    0.00    0.00   91.48
05:08:57     all    8.31    0.00    0.25    0.00    0.00    0.25    0.00    0.00    0.00   91.18
05:08:58     all    7.81    0.00    0.25    0.00    0.00    0.00    0.00    0.00    0.00   91.94
05:08:59     all    7.81    0.00    0.25    0.00    0.00    0.25    0.00    0.00    0.00   91.69
05:09:00     all    8.25    0.00    0.50    0.00    0.00    0.00    0.00    0.00    0.00   91.25
05:09:01     all    7.81    0.00    0.25    0.00    0.00    0.00    0.00    0.00    0.00   91.94
05:09:02     all    7.77    0.00    0.50    0.25    0.00    0.25    0.00    0.00    0.00   91.23
05:09:03     all    8.52    0.00    0.25    0.00    0.00    0.00    0.00    0.00    0.00   91.23
05:09:04     all    8.27    0.00    0.50    0.00    0.00    0.25    0.00    0.00    0.00   90.98
05:09:05     all    8.08    0.00    0.25    0.00    0.00    0.00    0.00    0.00    0.00   91.67
05:09:06     all    8.27    0.00    0.25    0.00    0.00    0.50    0.00    0.00    0.00   90.98
05:09:07     all    8.52    0.00    0.25    0.00    0.00    0.00    0.00    0.00    0.00   91.23
05:09:08     all    8.56    0.00    0.25    0.00    0.00    0.00    0.00    0.00    0.00   91.18
05:09:09     all    8.29    0.00    0.50    0.00    0.00    0.00    0.00    0.00    0.00   91.21
05:09:10     all    8.27    0.00    0.25    0.00    0.00    0.00    0.00    0.00    0.00   91.48
05:09:11     all    8.06    0.00    0.50    0.00    0.00    0.00    0.00    0.00    0.00   91.44
05:09:12     all    8.56    0.00    0.25    0.00    0.00    0.00    0.00    0.00    0.00   91.18
05:09:13     all    8.08    0.00    0.25    0.00    0.00    0.00    0.00    0.00    0.00   91.67
05:09:14     all    8.25    0.00    0.25    0.50    0.00    0.00    0.00    0.00    0.00   91.00
05:09:15     all    8.33    0.00    0.25    0.00    0.00    0.00    0.00    0.00    0.00   91.41
05:09:16     all    7.83    0.00    0.51    0.00    0.00    0.00    0.00    0.00    0.00   91.67
05:09:17     all    8.48    0.00    0.50    0.00    0.00    0.00    0.00    0.00    0.00   91.02
05:09:18     all    8.00    0.00    0.25    0.00    0.00    0.25    0.00    0.00    0.00   91.50
05:09:19     all    7.56    0.00    0.25    0.00    0.00    0.25    0.00    0.00    0.00   91.94
05:09:20     all    7.52    0.00    0.50    0.50    0.00    0.00    0.00    0.00    0.00   91.48
05:09:21     all    7.81    0.00    0.25    0.00    0.00    0.00    0.00    0.00    0.00   91.94
05:09:22     all    8.04    0.00    0.25    0.00    0.00    0.00    0.00    0.00    0.00   91.71
05:09:23     all    8.29    0.00    0.25    0.00    0.00    0.25    0.00    0.00    0.00   91.21
05:09:24     all    8.08    0.00    0.25    0.00    0.00    0.25    0.00    0.00    0.00   91.41
05:09:25     all    7.54    0.00    0.50    0.00    0.00    0.25    0.00    0.00    0.00   91.71
05:09:26     all    7.79    0.00    0.25    0.00    0.00    0.00    0.00    0.00    0.00   91.96
05:09:27     all    8.08    0.00    0.00    0.00    0.00    0.25    0.00    0.00    0.00   91.67
05:09:28     all    8.27    0.00    0.50    0.00    0.00    0.00    0.00    0.00    0.00   91.23
05:09:29     all    7.56    0.00    0.25    0.00    0.00    0.25    0.00    0.00    0.00   91.94
05:09:30     all    7.79    0.00    0.25    0.00    0.00    0.25    0.00    0.00    0.00   91.71
05:09:31     all    7.56    0.00    0.50    0.25    0.00    0.00    0.00    0.00    0.00   91.69
05:09:32     all    7.81    0.00    0.25    0.00    0.00    0.25    0.00    0.00    0.00   91.69
05:09:33     all    8.04    0.00    0.50    0.00    0.00    0.00    0.00    0.00    0.00   91.46
05:09:34     all    8.02    0.00    0.25    0.00    0.00    0.25    0.00    0.00    0.00   91.48
05:09:35     all    8.79    0.00    1.51    0.00    0.00    0.25    0.00    0.00    0.00   89.45
05:09:36     all    8.27    0.00    0.50    0.00    0.00    0.00    0.00    0.00    0.00   91.23
05:09:37     all    8.29    0.00    0.25    0.00    0.00    0.00    0.00    0.00    0.00   91.46
05:09:38     all    8.33    0.00    0.25    0.00    0.00    0.00    0.00    0.00    0.00   91.41
05:09:39     all    8.06    0.00    0.25    0.00    0.00    0.00    0.00    0.00    0.00   91.69
05:09:40     all    8.04    0.00    0.25    0.00    0.00    0.00    0.00    0.00    0.00   91.71
05:09:41     all    7.79    0.00    0.25    0.00    0.00    0.25    0.00    0.00    0.00   91.71
05:09:42     all    8.06    0.00    0.50    0.00    0.00    0.00    0.00    0.00    0.00   91.44
05:09:43     all    8.04    0.00    0.25    0.25    0.00    0.00    0.00    0.00    0.00   91.46
05:09:44     all    8.02    0.00    0.25    0.00    0.00    0.00    0.00    0.00    0.00   91.73
05:09:45     all    8.10    0.00    0.25    0.00    0.00    0.00    0.00    0.00    0.00   91.65
05:09:46     all    8.27    0.00    0.25    0.00    0.00    0.00    0.00    0.00    0.00   91.48
05:09:47     all    7.73    0.00    1.00    0.00    0.00    0.00    0.00    0.00    0.00   91.27
05:09:48     all    8.54    0.00    0.25    0.00    0.00    0.00    0.00    0.00    0.00   91.21
05:09:49     all    8.02    0.00    0.25    0.25    0.00    0.25    0.00    0.00    0.00   91.23
05:09:50     all    7.59    0.00    0.25    0.00    0.00    0.00    0.00    0.00    0.00   92.15
05:09:51     all    8.02    0.00    0.25    0.00    0.00    0.00    0.00    0.00    0.00   91.73
05:09:52     all    8.06    0.00    0.25    0.00    0.00    0.00    0.00    0.00    0.00   91.69
05:09:53     all    8.08    0.00    0.25    0.00    0.00    0.00    0.00    0.00    0.00   91.67
05:09:54     all    7.77    0.00    0.25    0.00    0.00    0.00    0.00    0.00    0.00   91.98
05:09:55     all    7.81    0.00    0.25    0.25    0.00    0.00    0.00    0.00    0.00   91.69
Average:     all    9.92    0.00    0.43    0.04    0.00    0.36    0.00    0.00    0.00   89.26
