Linux 6.8.0-1064-azure (csb-bench-host-azure) 	08/17/26 	_x86_64_	(4 CPU)

21:38:25     CPU    %usr   %nice    %sys %iowait    %irq   %soft  %steal  %guest  %gnice   %idle
21:38:26     all   89.68    0.00    8.85    0.00    0.00    1.47    0.00    0.00    0.00    0.00
21:38:27     all   92.98    0.00    6.02    0.00    0.00    1.00    0.00    0.00    0.00    0.00
21:38:28     all   92.31    0.00    6.20    0.00    0.00    1.49    0.00    0.00    0.00    0.00
21:38:29     all   93.52    0.00    5.24    0.00    0.00    1.25    0.00    0.00    0.00    0.00
21:38:30     all   94.47    0.00    2.76    0.00    0.00    2.76    0.00    0.00    0.00    0.00
21:38:31     all   93.81    0.00    3.22    0.00    0.00    2.97    0.00    0.00    0.00    0.00
21:38:32     all   94.50    0.00    3.00    0.00    0.00    2.50    0.00    0.00    0.00    0.00
21:38:33     all   94.49    0.00    2.51    0.00    0.00    3.01    0.00    0.00    0.00    0.00
21:38:34     all   94.00    0.00    2.75    0.00    0.00    3.25    0.00    0.00    0.00    0.00
21:38:35     all   94.51    0.00    2.99    0.00    0.00    2.49    0.00    0.00    0.00    0.00
21:38:36     all   93.23    0.00    4.01    0.00    0.00    2.76    0.00    0.00    0.00    0.00
21:38:37     all   94.03    0.00    2.74    0.00    0.00    3.23    0.00    0.00    0.00    0.00
21:38:38     all   94.24    0.00    2.51    0.00    0.00    3.26    0.00    0.00    0.00    0.00
21:38:39     all   94.28    0.00    2.49    0.00    0.00    3.23    0.00    0.00    0.00    0.00
21:38:40     all   94.26    0.00    2.99    0.00    0.00    2.74    0.00    0.00    0.00    0.00
21:38:41     all   94.51    0.00    2.24    0.00    0.00    3.24    0.00    0.00    0.00    0.00
21:38:42     all   94.25    0.00    2.75    0.00    0.00    3.00    0.00    0.00    0.00    0.00
21:38:43     all   94.50    0.00    2.75    0.00    0.00    2.75    0.00    0.00    0.00    0.00
21:38:44     all   94.76    0.00    2.24    0.00    0.00    2.99    0.00    0.00    0.00    0.00
21:38:45     all   94.49    0.00    2.76    0.00    0.00    2.76    0.00    0.00    0.00    0.00
21:38:46     all   95.01    0.00    2.49    0.00    0.00    2.49    0.00    0.00    0.00    0.00
21:38:47     all   94.51    0.00    2.49    0.00    0.00    2.99    0.00    0.00    0.00    0.00
21:38:48     all   94.25    0.00    2.50    0.00    0.00    3.25    0.00    0.00    0.00    0.00
21:38:49     all   94.76    0.00    2.24    0.00    0.00    2.99    0.00    0.00    0.00    0.00
21:38:50     all   94.25    0.00    3.00    0.00    0.00    2.75    0.00    0.00    0.00    0.00
21:38:51     all   95.26    0.00    1.75    0.00    0.00    2.99    0.00    0.00    0.00    0.00
21:38:52     all   95.23    0.00    2.26    0.00    0.00    2.51    0.00    0.00    0.00    0.00
21:38:53     all   94.06    0.00    2.72    0.00    0.00    3.22    0.00    0.00    0.00    0.00
21:38:54     all   95.47    0.00    2.02    0.00    0.00    2.52    0.00    0.00    0.00    0.00
21:38:55     all   94.78    0.00    2.49    0.00    0.00    2.74    0.00    0.00    0.00    0.00
21:38:56     all   94.74    0.00    2.76    0.00    0.00    2.51    0.00    0.00    0.00    0.00
21:38:57     all   94.26    0.00    2.99    0.00    0.00    2.74    0.00    0.00    0.00    0.00
21:38:58     all   94.53    0.00    2.74    0.00    0.00    2.74    0.00    0.00    0.00    0.00
21:38:59     all   93.78    0.00    2.74    0.00    0.00    3.48    0.00    0.00    0.00    0.00
21:39:00     all   94.99    0.00    2.51    0.00    0.00    2.51    0.00    0.00    0.00    0.00
21:39:01     all   93.52    0.00    3.74    0.00    0.00    2.74    0.00    0.00    0.00    0.00
21:39:02     all   94.28    0.00    2.49    0.00    0.00    3.23    0.00    0.00    0.00    0.00
21:39:03     all   94.26    0.00    2.99    0.00    0.00    2.74    0.00    0.00    0.00    0.00
21:39:04     all   93.50    0.00    2.75    0.00    0.00    3.75    0.00    0.00    0.00    0.00
21:39:05     all   94.01    0.00    2.74    0.00    0.00    3.24    0.00    0.00    0.00    0.00
21:39:06     all   94.01    0.00    2.99    0.00    0.00    2.99    0.00    0.00    0.00    0.00
21:39:07     all   95.73    0.00    2.01    0.00    0.00    2.26    0.00    0.00    0.00    0.00
21:39:08     all   94.29    0.00    2.73    0.00    0.00    2.98    0.00    0.00    0.00    0.00
21:39:09     all   94.24    0.00    2.51    0.00    0.00    3.26    0.00    0.00    0.00    0.00
21:39:10     all   93.81    0.00    2.72    0.00    0.00    3.47    0.00    0.00    0.00    0.00
21:39:11     all   94.01    0.00    2.74    0.00    0.00    3.24    0.00    0.00    0.00    0.00
21:39:12     all   93.72    0.00    3.27    0.00    0.00    3.02    0.00    0.00    0.00    0.00
21:39:13     all   94.75    0.00    2.50    0.00    0.00    2.75    0.00    0.00    0.00    0.00
21:39:14     all   93.56    0.00    2.97    0.00    0.00    3.47    0.00    0.00    0.00    0.00
21:39:15     all   94.72    0.00    2.51    0.00    0.00    2.76    0.00    0.00    0.00    0.00
21:39:16     all   95.24    0.00    2.01    0.00    0.00    2.76    0.00    0.00    0.00    0.00
21:39:17     all   94.03    0.00    2.99    0.00    0.00    2.99    0.00    0.00    0.00    0.00
21:39:18     all   95.23    0.00    2.26    0.00    0.00    2.51    0.00    0.00    0.00    0.00
21:39:19     all   94.80    0.00    1.98    0.00    0.00    3.22    0.00    0.00    0.00    0.00
21:39:20     all   94.49    0.00    2.51    0.00    0.00    3.01    0.00    0.00    0.00    0.00
21:39:21     all   95.25    0.00    2.50    0.00    0.00    2.25    0.00    0.00    0.00    0.00
21:39:22     all   94.24    0.00    2.76    0.00    0.00    3.01    0.00    0.00    0.00    0.00
21:39:23     all   94.49    0.00    2.51    0.00    0.00    3.01    0.00    0.00    0.00    0.00
21:39:24     all   94.32    0.00    2.96    0.00    0.00    2.72    0.00    0.00    0.00    0.00
21:39:25     all   94.50    0.00    2.25    0.00    0.00    3.25    0.00    0.00    0.00    0.00
21:39:26     all   94.49    0.00    2.51    0.00    0.00    3.01    0.00    0.00    0.00    0.00
21:39:27     all   93.78    0.00    2.99    0.00    0.00    3.23    0.00    0.00    0.00    0.00
21:39:28     all   94.74    0.00    2.76    0.00    0.00    2.51    0.00    0.00    0.00    0.00
21:39:29     all   94.80    0.00    2.23    0.00    0.00    2.97    0.00    0.00    0.00    0.00
21:39:30     all   94.96    0.00    2.02    0.00    0.00    3.02    0.00    0.00    0.00    0.00
21:39:31     all   94.00    0.00    2.25    0.00    0.00    3.75    0.00    0.00    0.00    0.00
21:39:32     all   93.78    0.00    2.74    0.00    0.00    3.48    0.00    0.00    0.00    0.00
21:39:33     all   94.49    0.00    2.51    0.00    0.00    3.01    0.00    0.00    0.00    0.00
21:39:34     all   94.51    0.00    2.49    0.00    0.00    2.99    0.00    0.00    0.00    0.00
21:39:35     all   94.75    0.00    2.25    0.00    0.00    3.00    0.00    0.00    0.00    0.00
21:39:36     all   93.27    0.00    3.99    0.00    0.00    2.74    0.00    0.00    0.00    0.00
21:39:37     all   94.76    0.00    2.74    0.00    0.00    2.49    0.00    0.00    0.00    0.00
21:39:38     all   94.53    0.00    2.99    0.00    0.00    2.49    0.00    0.00    0.00    0.00
21:39:39     all   95.02    0.00    1.74    0.00    0.00    3.23    0.00    0.00    0.00    0.00
21:39:40     all   94.72    0.00    2.51    0.00    0.00    2.76    0.00    0.00    0.00    0.00
21:39:41     all   94.07    0.00    3.21    0.00    0.00    2.72    0.00    0.00    0.00    0.00
21:39:42     all   94.25    0.00    2.75    0.00    0.00    3.00    0.00    0.00    0.00    0.00
21:39:43     all   94.97    0.00    2.51    0.00    0.00    2.51    0.00    0.00    0.00    0.00
21:39:44     all   93.56    0.00    3.22    0.00    0.00    3.22    0.00    0.00    0.00    0.00
21:39:45     all   94.75    0.00    2.75    0.00    0.00    2.50    0.00    0.00    0.00    0.00
21:39:46     all   94.49    0.00    3.01    0.00    0.00    2.51    0.00    0.00    0.00    0.00
21:39:47     all   94.03    0.00    2.99    0.00    0.00    2.99    0.00    0.00    0.00    0.00
21:39:48     all   94.76    0.00    2.24    0.00    0.00    2.99    0.00    0.00    0.00    0.00
21:39:49     all   94.72    0.00    2.76    0.00    0.00    2.51    0.00    0.00    0.00    0.00
21:39:50     all   94.79    0.00    2.48    0.00    0.00    2.73    0.00    0.00    0.00    0.00
21:39:51     all   94.74    0.00    2.26    0.00    0.00    3.01    0.00    0.00    0.00    0.00
21:39:52     all   93.52    0.00    3.24    0.00    0.00    3.24    0.00    0.00    0.00    0.00
21:39:53     all   94.97    0.00    1.76    0.00    0.00    3.27    0.00    0.00    0.00    0.00
21:39:54     all   94.00    0.00    3.00    0.00    0.00    3.00    0.00    0.00    0.00    0.00
21:39:55     all   94.78    0.00    2.24    0.00    0.00    2.99    0.00    0.00    0.00    0.00
21:39:56     all   94.76    0.00    2.49    0.00    0.00    2.74    0.00    0.00    0.00    0.00
21:39:57     all   94.01    0.00    2.74    0.00    0.00    3.24    0.00    0.00    0.00    0.00
21:39:58     all   94.04    0.00    2.98    0.00    0.00    2.98    0.00    0.00    0.00    0.00
21:39:59     all   93.98    0.00    3.01    0.00    0.00    3.01    0.00    0.00    0.00    0.00
21:40:00     all   95.00    0.00    2.00    0.00    0.00    3.00    0.00    0.00    0.00    0.00
21:40:01     all   93.78    0.00    3.48    0.00    0.00    2.74    0.00    0.00    0.00    0.00
21:40:02     all   95.26    0.00    2.24    0.00    0.00    2.49    0.00    0.00    0.00    0.00
21:40:03     all   93.52    0.00    3.24    0.00    0.00    3.24    0.00    0.00    0.00    0.00
21:40:04     all   94.00    0.00    3.25    0.00    0.00    2.75    0.00    0.00    0.00    0.00
21:40:05     all   94.26    0.00    2.74    0.00    0.00    2.99    0.00    0.00    0.00    0.00
21:40:06     all   94.00    0.00    2.50    0.00    0.00    3.50    0.00    0.00    0.00    0.00
21:40:07     all   94.26    0.00    2.49    0.00    0.00    3.24    0.00    0.00    0.00    0.00
21:40:08     all   93.77    0.00    2.99    0.00    0.00    3.24    0.00    0.00    0.00    0.00
21:40:09     all   95.76    0.00    1.75    0.00    0.00    2.49    0.00    0.00    0.00    0.00
21:40:10     all   94.25    0.00    2.75    0.00    0.00    3.00    0.00    0.00    0.00    0.00
21:40:11     all   94.28    0.00    2.74    0.00    0.00    2.99    0.00    0.00    0.00    0.00
21:40:12     all   94.25    0.00    3.00    0.00    0.00    2.75    0.00    0.00    0.00    0.00
21:40:13     all   95.00    0.00    2.00    0.00    0.00    3.00    0.00    0.00    0.00    0.00
21:40:14     all   94.51    0.00    2.74    0.00    0.00    2.74    0.00    0.00    0.00    0.00
21:40:15     all   94.99    0.00    2.26    0.00    0.00    2.76    0.00    0.00    0.00    0.00
21:40:16     all   94.53    0.00    2.74    0.00    0.00    2.74    0.00    0.00    0.00    0.00
21:40:17     all   94.25    0.00    2.25    0.00    0.00    3.50    0.00    0.00    0.00    0.00
21:40:18     all   94.76    0.00    2.24    0.00    0.00    2.99    0.00    0.00    0.00    0.00
21:40:19     all   94.75    0.00    2.25    0.00    0.00    3.00    0.00    0.00    0.00    0.00
21:40:20     all   94.50    0.00    2.75    0.00    0.00    2.75    0.00    0.00    0.00    0.00
21:40:21     all   93.75    0.00    3.25    0.00    0.00    3.00    0.00    0.00    0.00    0.00
21:40:22     all   94.51    0.00    2.49    0.00    0.00    2.99    0.00    0.00    0.00    0.00
21:40:23     all   94.99    0.00    2.01    0.00    0.00    3.01    0.00    0.00    0.00    0.00
21:40:24     all   94.26    0.00    2.24    0.00    0.00    3.49    0.00    0.00    0.00    0.00
21:40:25     all   94.25    0.00    2.50    0.00    0.00    3.25    0.00    0.00    0.00    0.00
21:40:26     all   94.78    0.00    2.99    0.00    0.00    2.24    0.00    0.00    0.00    0.00
21:40:27     all   94.26    0.00    2.49    0.00    0.00    3.24    0.00    0.00    0.00    0.00
21:40:28     all   94.26    0.00    2.74    0.00    0.00    2.99    0.00    0.00    0.00    0.00
21:40:29     all   94.51    0.00    2.49    0.00    0.00    2.99    0.00    0.00    0.00    0.00
21:40:30     all   94.50    0.00    2.75    0.00    0.00    2.75    0.00    0.00    0.00    0.00
21:40:31     all   94.72    0.00    2.26    0.00    0.00    3.02    0.00    0.00    0.00    0.00
21:40:32     all   94.06    0.00    3.22    0.00    0.00    2.72    0.00    0.00    0.00    0.00
21:40:33     all   95.50    0.00    2.25    0.00    0.00    2.25    0.00    0.00    0.00    0.00
21:40:34     all   94.75    0.00    2.25    0.00    0.00    3.00    0.00    0.00    0.00    0.00
21:40:35     all   94.25    0.00    3.50    0.00    0.00    2.25    0.00    0.00    0.00    0.00
21:40:36     all   94.01    0.00    2.99    0.00    0.00    2.99    0.00    0.00    0.00    0.00
21:40:37     all   94.01    0.00    2.49    0.00    0.00    3.49    0.00    0.00    0.00    0.00
21:40:38     all   95.24    0.00    2.51    0.00    0.00    2.26    0.00    0.00    0.00    0.00
21:40:39     all   94.26    0.00    2.24    0.00    0.00    3.49    0.00    0.00    0.00    0.00
21:40:40     all   94.26    0.00    2.74    0.00    0.00    2.99    0.00    0.00    0.00    0.00
21:40:41     all   94.03    0.00    2.99    0.00    0.00    2.99    0.00    0.00    0.00    0.00
21:40:42     all   94.74    0.00    2.26    0.00    0.00    3.01    0.00    0.00    0.00    0.00
21:40:43     all   94.53    0.00    2.49    0.00    0.00    2.99    0.00    0.00    0.00    0.00
21:40:44     all   94.24    0.00    2.76    0.00    0.00    3.01    0.00    0.00    0.00    0.00
21:40:45     all   95.51    0.00    2.00    0.00    0.00    2.49    0.00    0.00    0.00    0.00
21:40:46     all   94.78    0.00    2.49    0.00    0.00    2.74    0.00    0.00    0.00    0.00
21:40:47     all   94.72    0.00    2.26    0.00    0.00    3.02    0.00    0.00    0.00    0.00
21:40:48     all   93.50    0.00    2.50    0.00    0.00    4.00    0.00    0.00    0.00    0.00
21:40:49     all   94.03    0.00    2.49    0.00    0.00    3.48    0.00    0.00    0.00    0.00
21:40:50     all   94.74    0.00    2.26    0.00    0.00    3.01    0.00    0.00    0.00    0.00
21:40:51     all   94.74    0.00    2.76    0.00    0.00    2.51    0.00    0.00    0.00    0.00
21:40:52     all   94.07    0.00    2.47    0.00    0.00    3.46    0.00    0.00    0.00    0.00
21:40:53     all   95.23    0.00    2.51    0.00    0.00    2.26    0.00    0.00    0.00    0.00
21:40:54     all   93.80    0.00    2.98    0.00    0.00    3.23    0.00    0.00    0.00    0.00
21:40:55     all   94.26    0.00    2.49    0.00    0.00    3.24    0.00    0.00    0.00    0.00
21:40:56     all   95.21    0.00    2.27    0.00    0.00    2.52    0.00    0.00    0.00    0.00
21:40:57     all   94.03    0.00    2.99    0.00    0.00    2.99    0.00    0.00    0.00    0.00
21:40:58     all   94.54    0.00    2.73    0.00    0.00    2.73    0.00    0.00    0.00    0.00
21:40:59     all   94.99    0.00    2.51    0.00    0.00    2.51    0.00    0.00    0.00    0.00
21:41:00     all   94.06    0.00    2.72    0.00    0.00    3.22    0.00    0.00    0.00    0.00
21:41:01     all   94.99    0.00    2.01    0.00    0.00    3.01    0.00    0.00    0.00    0.00
21:41:02     all   95.25    0.00    2.25    0.00    0.00    2.50    0.00    0.00    0.00    0.00
21:41:03     all   94.76    0.00    2.49    0.00    0.00    2.74    0.00    0.00    0.00    0.00
21:41:04     all   94.99    0.00    2.26    0.00    0.00    2.76    0.00    0.00    0.00    0.00
21:41:05     all   94.76    0.00    2.24    0.00    0.00    2.99    0.00    0.00    0.00    0.00
21:41:06     all   94.26    0.00    2.74    0.00    0.00    2.99    0.00    0.00    0.00    0.00
21:41:07     all   94.00    0.00    2.50    0.00    0.00    3.50    0.00    0.00    0.00    0.00
21:41:08     all   93.32    0.00    3.22    0.00    0.00    3.47    0.00    0.00    0.00    0.00
21:41:09     all   94.96    0.00    2.52    0.00    0.00    2.52    0.00    0.00    0.00    0.00
21:41:10     all   94.28    0.00    2.49    0.00    0.00    2.99    0.00    0.00    0.00    0.25
21:41:11     all   95.00    0.00    2.00    0.00    0.00    3.00    0.00    0.00    0.00    0.00
21:41:12     all   94.26    0.00    2.00    0.00    0.00    3.74    0.00    0.00    0.00    0.00
21:41:13     all   93.77    0.00    2.99    0.00    0.00    3.24    0.00    0.00    0.00    0.00
21:41:14     all   94.49    0.00    2.51    0.00    0.00    3.01    0.00    0.00    0.00    0.00
21:41:15     all   94.79    0.00    2.48    0.00    0.00    2.73    0.00    0.00    0.00    0.00
21:41:16     all   93.72    0.00    3.02    0.00    0.00    3.27    0.00    0.00    0.00    0.00
21:41:17     all   94.53    0.00    2.74    0.00    0.00    2.74    0.00    0.00    0.00    0.00
21:41:18     all   95.01    0.00    2.00    0.00    0.00    2.99    0.00    0.00    0.00    0.00
21:41:19     all   94.01    0.00    2.99    0.00    0.00    2.99    0.00    0.00    0.00    0.00
21:41:20     all   94.51    0.00    2.74    0.00    0.00    2.74    0.00    0.00    0.00    0.00
21:41:21     all   94.26    0.00    2.74    0.00    0.00    2.99    0.00    0.00    0.00    0.00
21:41:22     all   94.00    0.00    2.75    0.00    0.00    3.25    0.00    0.00    0.00    0.00
21:41:23     all   94.74    0.00    2.51    0.00    0.00    2.76    0.00    0.00    0.00    0.00
21:41:24     all   94.51    0.00    2.49    0.00    0.00    2.99    0.00    0.00    0.00    0.00
21:41:25     all   94.49    0.00    2.51    0.00    0.00    3.01    0.00    0.00    0.00    0.00
21:41:26     all   94.25    0.00    2.75    0.00    0.00    3.00    0.00    0.00    0.00    0.00
21:41:27     all   94.53    0.00    2.49    0.00    0.00    2.99    0.00    0.00    0.00    0.00
21:41:28     all   94.00    0.00    2.75    0.00    0.00    3.25    0.00    0.00    0.00    0.00
21:41:29     all   94.04    0.00    2.48    0.00    0.00    3.47    0.00    0.00    0.00    0.00
21:41:30     all   94.99    0.00    2.76    0.00    0.00    2.26    0.00    0.00    0.00    0.00
21:41:31     all   94.00    0.00    3.00    0.00    0.00    3.00    0.00    0.00    0.00    0.00
21:41:32     all   94.49    0.00    2.76    0.00    0.00    2.76    0.00    0.00    0.00    0.00
21:41:33     all   94.99    0.00    2.26    0.00    0.00    2.76    0.00    0.00    0.00    0.00
21:41:34     all   93.56    0.00    2.97    0.00    0.00    3.47    0.00    0.00    0.00    0.00
21:41:35     all   93.73    0.00    3.51    0.00    0.00    2.76    0.00    0.00    0.00    0.00
21:41:36     all   94.50    0.00    2.25    0.00    0.00    3.25    0.00    0.00    0.00    0.00
21:41:37     all   94.29    0.00    2.48    0.00    0.00    3.23    0.00    0.00    0.00    0.00
21:41:38     all   94.76    0.00    2.49    0.00    0.00    2.74    0.00    0.00    0.00    0.00
21:41:39     all   95.00    0.00    2.00    0.00    0.00    3.00    0.00    0.00    0.00    0.00
21:41:40     all   94.49    0.00    2.51    0.00    0.00    3.01    0.00    0.00    0.00    0.00
21:41:41     all   94.03    0.00    2.99    0.00    0.00    2.99    0.00    0.00    0.00    0.00
21:41:42     all   94.24    0.00    2.51    0.00    0.00    3.26    0.00    0.00    0.00    0.00
21:41:43     all   94.76    0.00    2.49    0.00    0.00    2.74    0.00    0.00    0.00    0.00
21:41:44     all   94.76    0.00    2.00    0.00    0.00    3.24    0.00    0.00    0.00    0.00
21:41:45     all   94.74    0.00    2.76    0.00    0.00    2.51    0.00    0.00    0.00    0.00
21:41:46     all   95.01    0.00    2.24    0.00    0.00    2.74    0.00    0.00    0.00    0.00
21:41:47     all   94.76    0.00    2.49    0.00    0.00    2.74    0.00    0.00    0.00    0.00
21:41:48     all   94.28    0.00    3.23    0.00    0.00    2.49    0.00    0.00    0.00    0.00
21:41:49     all   94.28    0.00    2.99    0.00    0.00    2.74    0.00    0.00    0.00    0.00
21:41:50     all   94.75    0.00    2.25    0.00    0.00    3.00    0.00    0.00    0.00    0.00
21:41:51     all   94.31    0.00    2.23    0.00    0.00    3.47    0.00    0.00    0.00    0.00
21:41:52     all   94.96    0.00    2.27    0.00    0.00    2.77    0.00    0.00    0.00    0.00
21:41:53     all   94.28    0.00    2.99    0.00    0.00    2.74    0.00    0.00    0.00    0.00
21:41:54     all   94.24    0.00    2.76    0.00    0.00    3.01    0.00    0.00    0.00    0.00
21:41:55     all   95.00    0.00    2.50    0.00    0.00    2.50    0.00    0.00    0.00    0.00
21:41:56     all   95.50    0.00    2.25    0.00    0.00    2.25    0.00    0.00    0.00    0.00
21:41:57     all   94.26    0.00    2.99    0.00    0.00    2.74    0.00    0.00    0.00    0.00
21:41:58     all   94.04    0.00    2.48    0.00    0.00    3.47    0.00    0.00    0.00    0.00
21:41:59     all   94.22    0.00    3.02    0.00    0.00    2.76    0.00    0.00    0.00    0.00
21:42:00     all   95.25    0.00    2.00    0.00    0.00    2.75    0.00    0.00    0.00    0.00
21:42:01     all   94.51    0.00    2.49    0.00    0.00    2.99    0.00    0.00    0.00    0.00
21:42:02     all   94.97    0.00    2.26    0.00    0.00    2.76    0.00    0.00    0.00    0.00
21:42:03     all   94.78    0.00    2.24    0.00    0.00    2.99    0.00    0.00    0.00    0.00
21:42:04     all   94.28    0.00    2.49    0.00    0.00    3.23    0.00    0.00    0.00    0.00
21:42:05     all   94.99    0.00    2.01    0.00    0.00    3.01    0.00    0.00    0.00    0.00
21:42:06     all   93.81    0.00    3.22    0.00    0.00    2.97    0.00    0.00    0.00    0.00
21:42:07     all   94.47    0.00    2.76    0.00    0.00    2.76    0.00    0.00    0.00    0.00
21:42:08     all   94.32    0.00    2.96    0.00    0.00    2.72    0.00    0.00    0.00    0.00
21:42:09     all   95.00    0.00    2.75    0.00    0.00    2.25    0.00    0.00    0.00    0.00
21:42:10     all   94.99    0.00    1.75    0.00    0.00    3.26    0.00    0.00    0.00    0.00
21:42:11     all   94.75    0.00    2.75    0.00    0.00    2.50    0.00    0.00    0.00    0.00
21:42:12     all   95.49    0.00    2.26    0.00    0.00    2.26    0.00    0.00    0.00    0.00
21:42:13     all   94.03    0.00    2.74    0.00    0.00    3.23    0.00    0.00    0.00    0.00
21:42:14     all   94.46    0.00    2.27    0.00    0.00    3.27    0.00    0.00    0.00    0.00
21:42:15     all   95.04    0.00    2.23    0.00    0.00    2.73    0.00    0.00    0.00    0.00
21:42:16     all   94.51    0.00    2.74    0.00    0.00    2.74    0.00    0.00    0.00    0.00
21:42:17     all   95.00    0.00    2.50    0.00    0.00    2.50    0.00    0.00    0.00    0.00
21:42:18     all   94.26    0.00    2.74    0.00    0.00    2.99    0.00    0.00    0.00    0.00
21:42:19     all   93.80    0.00    2.98    0.00    0.00    3.23    0.00    0.00    0.00    0.00
21:42:20     all   94.75    0.00    2.25    0.00    0.00    3.00    0.00    0.00    0.00    0.00
21:42:21     all   95.25    0.00    2.25    0.00    0.00    2.50    0.00    0.00    0.00    0.00
21:42:22     all   94.51    0.00    2.24    0.00    0.00    3.24    0.00    0.00    0.00    0.00
21:42:23     all   94.51    0.00    2.99    0.00    0.00    2.49    0.00    0.00    0.00    0.00
21:42:24     all   95.00    0.00    2.75    0.00    0.00    2.25    0.00    0.00    0.00    0.00
21:42:25     all   95.00    0.00    2.25    0.00    0.00    2.75    0.00    0.00    0.00    0.00
21:42:26     all   94.78    0.00    2.24    0.00    0.00    2.99    0.00    0.00    0.00    0.00
21:42:27     all   95.01    0.00    2.24    0.00    0.00    2.74    0.00    0.00    0.00    0.00
21:42:28     all   95.47    0.00    2.27    0.00    0.00    2.27    0.00    0.00    0.00    0.00
21:42:29     all   95.02    0.00    2.49    0.00    0.00    2.49    0.00    0.00    0.00    0.00
21:42:30     all   94.29    0.00    2.23    0.00    0.00    3.47    0.00    0.00    0.00    0.00
21:42:31     all   94.97    0.00    2.51    0.00    0.00    2.51    0.00    0.00    0.00    0.00
21:42:32     all   94.51    0.00    2.49    0.00    0.00    2.99    0.00    0.00    0.00    0.00
21:42:33     all   93.81    0.00    3.22    0.00    0.00    2.97    0.00    0.00    0.00    0.00
21:42:34     all   94.50    0.00    2.75    0.00    0.00    2.75    0.00    0.00    0.00    0.00
21:42:35     all   93.47    0.00    3.77    0.00    0.00    2.76    0.00    0.00    0.00    0.00
21:42:36     all   93.81    0.00    3.22    0.00    0.00    2.97    0.00    0.00    0.00    0.00
21:42:37     all   95.21    0.00    2.02    0.00    0.00    2.77    0.00    0.00    0.00    0.00
21:42:38     all   94.54    0.00    2.73    0.00    0.00    2.73    0.00    0.00    0.00    0.00
21:42:39     all   94.00    0.00    2.75    0.00    0.00    3.25    0.00    0.00    0.00    0.00
21:42:40     all   94.76    0.00    2.49    0.00    0.00    2.74    0.00    0.00    0.00    0.00
21:42:41     all   94.00    0.00    3.00    0.00    0.00    3.00    0.00    0.00    0.00    0.00
21:42:42     all   94.75    0.00    2.75    0.00    0.00    2.50    0.00    0.00    0.00    0.00
21:42:43     all   95.01    0.00    2.49    0.00    0.00    2.49    0.00    0.00    0.00    0.00
21:42:44     all   94.26    0.00    2.74    0.00    0.00    2.99    0.00    0.00    0.00    0.00
21:42:45     all   95.00    0.00    2.00    0.00    0.00    3.00    0.00    0.00    0.00    0.00
21:42:46     all   94.51    0.00    2.74    0.00    0.00    2.74    0.00    0.00    0.00    0.00
21:42:47     all   94.50    0.00    2.50    0.00    0.00    3.00    0.00    0.00    0.00    0.00
21:42:48     all   94.75    0.00    2.50    0.00    0.00    2.75    0.00    0.00    0.00    0.00
21:42:49     all   95.24    0.00    2.01    0.00    0.00    2.76    0.00    0.00    0.00    0.00
21:42:50     all   95.02    0.00    2.24    0.00    0.00    2.74    0.00    0.00    0.00    0.00
21:42:51     all   94.25    0.00    2.50    0.00    0.00    3.25    0.00    0.00    0.00    0.00
21:42:52     all   94.04    0.00    2.73    0.00    0.00    3.23    0.00    0.00    0.00    0.00
21:42:53     all   94.74    0.00    2.26    0.00    0.00    3.01    0.00    0.00    0.00    0.00
21:42:54     all   94.74    0.00    2.51    0.00    0.00    2.76    0.00    0.00    0.00    0.00
21:42:55     all   94.03    0.00    2.74    0.00    0.00    3.23    0.00    0.00    0.00    0.00
21:42:56     all   94.28    0.00    2.49    0.00    0.00    3.23    0.00    0.00    0.00    0.00
21:42:57     all   94.03    0.00    2.74    0.00    0.00    3.23    0.00    0.00    0.00    0.00
21:42:58     all   93.77    0.00    2.74    0.00    0.00    3.49    0.00    0.00    0.00    0.00
21:42:59     all   94.25    0.00    2.25    0.00    0.00    3.50    0.00    0.00    0.00    0.00
21:43:00     all   93.75    0.00    3.00    0.00    0.00    3.25    0.00    0.00    0.00    0.00
21:43:01     all   94.51    0.00    2.49    0.00    0.00    2.99    0.00    0.00    0.00    0.00
21:43:02     all   94.72    0.00    2.51    0.00    0.00    2.76    0.00    0.00    0.00    0.00
21:43:03     all   94.26    0.00    2.99    0.00    0.00    2.74    0.00    0.00    0.00    0.00
21:43:04     all   94.26    0.00    2.49    0.00    0.00    3.24    0.00    0.00    0.00    0.00
21:43:05     all   94.00    0.00    2.25    0.00    0.00    3.75    0.00    0.00    0.00    0.00
21:43:06     all   95.50    0.00    2.25    0.00    0.00    2.25    0.00    0.00    0.00    0.00
21:43:07     all   94.03    0.00    2.49    0.00    0.00    3.48    0.00    0.00    0.00    0.00
21:43:08     all   94.51    0.00    2.74    0.00    0.00    2.74    0.00    0.00    0.00    0.00
21:43:09     all   95.01    0.00    2.00    0.00    0.00    2.99    0.00    0.00    0.00    0.00
21:43:10     all   94.49    0.00    2.76    0.00    0.00    2.76    0.00    0.00    0.00    0.00
21:43:11     all   94.75    0.00    2.25    0.00    0.00    3.00    0.00    0.00    0.00    0.00
21:43:12     all   94.50    0.00    2.75    0.00    0.00    2.75    0.00    0.00    0.00    0.00
21:43:13     all   94.04    0.00    2.73    0.00    0.00    3.23    0.00    0.00    0.00    0.00
21:43:14     all   94.49    0.00    2.51    0.00    0.00    3.01    0.00    0.00    0.00    0.00
21:43:15     all   94.74    0.00    2.26    0.00    0.00    3.01    0.00    0.00    0.00    0.00
21:43:16     all   94.04    0.00    2.98    0.00    0.00    2.98    0.00    0.00    0.00    0.00
21:43:17     all   94.78    0.00    2.24    0.00    0.00    2.99    0.00    0.00    0.00    0.00
21:43:18     all   94.71    0.00    2.52    0.00    0.00    2.77    0.00    0.00    0.00    0.00
21:43:19     all   94.28    0.00    2.99    0.00    0.00    2.74    0.00    0.00    0.00    0.00
21:43:20     all   95.01    0.00    2.49    0.00    0.00    2.49    0.00    0.00    0.00    0.00
21:43:21     all   95.50    0.00    2.00    0.00    0.00    2.50    0.00    0.00    0.00    0.00
21:43:22     all   94.24    0.00    2.51    0.00    0.00    3.26    0.00    0.00    0.00    0.00
21:43:23     all   94.04    0.00    2.73    0.00    0.00    3.23    0.00    0.00    0.00    0.00
21:43:24     all   94.47    0.00    2.26    0.00    0.00    3.27    0.00    0.00    0.00    0.00
21:43:25     all   93.80    0.00    2.73    0.00    0.00    3.47    0.00    0.00    0.00    0.00
21:43:26     all   94.47    0.00    2.51    0.00    0.00    3.02    0.00    0.00    0.00    0.00
21:43:27     all   94.78    0.00    2.74    0.00    0.00    2.49    0.00    0.00    0.00    0.00
21:43:28     all   94.97    0.00    2.01    0.00    0.00    3.02    0.00    0.00    0.00    0.00
21:43:29     all   94.03    0.00    2.49    0.00    0.00    3.48    0.00    0.00    0.00    0.00
21:43:30     all   93.77    0.00    2.99    0.00    0.00    3.24    0.00    0.00    0.00    0.00
21:43:31     all   94.26    0.00    2.49    0.00    0.00    3.24    0.00    0.00    0.00    0.00
21:43:32     all   94.49    0.00    2.01    0.00    0.00    3.51    0.00    0.00    0.00    0.00
21:43:33     all   94.75    0.00    2.50    0.00    0.00    2.75    0.00    0.00    0.00    0.00
21:43:34     all   93.80    0.00    2.73    0.00    0.00    3.47    0.00    0.00    0.00    0.00
21:43:35     all   93.48    0.00    3.76    0.00    0.00    2.76    0.00    0.00    0.00    0.00
21:43:36     all   94.29    0.00    2.98    0.00    0.00    2.73    0.00    0.00    0.00    0.00
21:43:37     all   95.49    0.00    2.26    0.00    0.00    2.26    0.00    0.00    0.00    0.00
21:43:38     all   94.78    0.00    2.24    0.00    0.00    2.99    0.00    0.00    0.00    0.00
21:43:39     all   95.24    0.00    2.01    0.00    0.00    2.76    0.00    0.00    0.00    0.00
21:43:40     all   94.04    0.00    2.98    0.00    0.00    2.98    0.00    0.00    0.00    0.00
21:43:41     all   94.03    0.00    2.99    0.00    0.00    2.99    0.00    0.00    0.00    0.00
21:43:42     all   94.29    0.00    2.98    0.00    0.00    2.73    0.00    0.00    0.00    0.00
21:43:43     all   95.21    0.00    1.76    0.00    0.00    3.02    0.00    0.00    0.00    0.00
21:43:44     all   94.03    0.00    2.99    0.00    0.00    2.99    0.00    0.00    0.00    0.00
21:43:45     all   94.50    0.00    2.50    0.00    0.00    3.00    0.00    0.00    0.00    0.00
21:43:46     all   94.50    0.00    2.00    0.00    0.00    3.50    0.00    0.00    0.00    0.00
21:43:47     all   93.80    0.00    2.73    0.00    0.00    3.47    0.00    0.00    0.00    0.00
21:43:48     all   94.72    0.00    2.26    0.00    0.00    3.02    0.00    0.00    0.00    0.00
21:43:49     all   94.53    0.00    2.49    0.00    0.00    2.99    0.00    0.00    0.00    0.00
21:43:50     all   94.49    0.00    2.51    0.00    0.00    3.01    0.00    0.00    0.00    0.00
21:43:51     all   93.78    0.00    2.99    0.00    0.00    3.23    0.00    0.00    0.00    0.00
21:43:52     all   94.01    0.00    2.74    0.00    0.00    3.24    0.00    0.00    0.00    0.00
21:43:53     all   95.01    0.00    2.49    0.00    0.00    2.49    0.00    0.00    0.00    0.00
21:43:54     all   94.54    0.00    2.23    0.00    0.00    3.23    0.00    0.00    0.00    0.00
21:43:55     all   94.50    0.00    2.75    0.00    0.00    2.75    0.00    0.00    0.00    0.00
21:43:56     all   94.00    0.00    2.50    0.00    0.00    3.50    0.00    0.00    0.00    0.00
21:43:57     all   95.02    0.00    1.99    0.00    0.00    2.99    0.00    0.00    0.00    0.00
21:43:58     all   94.78    0.00    2.74    0.00    0.00    2.49    0.00    0.00    0.00    0.00
21:43:59     all   94.26    0.00    2.74    0.00    0.00    2.99    0.00    0.00    0.00    0.00
21:44:00     all   93.98    0.00    3.01    0.00    0.00    3.01    0.00    0.00    0.00    0.00
21:44:01     all   94.74    0.00    2.26    0.00    0.00    3.01    0.00    0.00    0.00    0.00
21:44:02     all   93.52    0.00    3.24    0.00    0.00    3.24    0.00    0.00    0.00    0.00
21:44:03     all   94.76    0.00    2.49    0.00    0.00    2.74    0.00    0.00    0.00    0.00
21:44:04     all   94.53    0.00    2.74    0.00    0.00    2.74    0.00    0.00    0.00    0.00
21:44:05     all   94.51    0.00    2.49    0.00    0.00    2.99    0.00    0.00    0.00    0.00
21:44:06     all   94.49    0.00    2.51    0.00    0.00    3.01    0.00    0.00    0.00    0.00
21:44:07     all   94.75    0.00    2.50    0.00    0.00    2.75    0.00    0.00    0.00    0.00
21:44:08     all   94.29    0.00    2.98    0.00    0.00    2.73    0.00    0.00    0.00    0.00
21:44:09     all   94.97    0.00    2.01    0.00    0.00    3.02    0.00    0.00    0.00    0.00
21:44:10     all   93.80    0.00    2.98    0.00    0.00    3.23    0.00    0.00    0.00    0.00
21:44:11     all   95.00    0.00    2.25    0.00    0.00    2.75    0.00    0.00    0.00    0.00
21:44:12     all   94.75    0.00    2.25    0.00    0.00    3.00    0.00    0.00    0.00    0.00
21:44:13     all   93.83    0.00    2.96    0.00    0.00    3.21    0.00    0.00    0.00    0.00
21:44:14     all   94.24    0.00    2.76    0.00    0.00    3.01    0.00    0.00    0.00    0.00
21:44:15     all   94.72    0.00    2.51    0.00    0.00    2.76    0.00    0.00    0.00    0.00
21:44:16     all   94.28    0.00    2.74    0.00    0.00    2.99    0.00    0.00    0.00    0.00
21:44:17     all   94.50    0.00    2.00    0.00    0.00    3.50    0.00    0.00    0.00    0.00
21:44:18     all   93.78    0.00    3.23    0.00    0.00    2.99    0.00    0.00    0.00    0.00
21:44:19     all   94.74    0.00    2.26    0.00    0.00    3.01    0.00    0.00    0.00    0.00
21:44:20     all   94.25    0.00    3.00    0.00    0.00    2.75    0.00    0.00    0.00    0.00
21:44:21     all   94.28    0.00    2.49    0.00    0.00    3.23    0.00    0.00    0.00    0.00
21:44:22     all   94.24    0.00    2.76    0.00    0.00    3.01    0.00    0.00    0.00    0.00
21:44:23     all   93.77    0.00    2.99    0.00    0.00    3.24    0.00    0.00    0.00    0.00
21:44:24     all   94.00    0.00    3.25    0.00    0.00    2.75    0.00    0.00    0.00    0.00
21:44:25     all   93.80    0.00    2.23    0.00    0.00    3.97    0.00    0.00    0.00    0.00
21:44:26     all   94.25    0.00    2.75    0.00    0.00    3.00    0.00    0.00    0.00    0.00
21:44:27     all   94.00    0.00    3.00    0.00    0.00    3.00    0.00    0.00    0.00    0.00
21:44:28     all   93.80    0.00    2.98    0.00    0.00    3.23    0.00    0.00    0.00    0.00
21:44:29     all   94.25    0.00    2.50    0.00    0.00    3.25    0.00    0.00    0.00    0.00
21:44:30     all   94.74    0.00    2.51    0.00    0.00    2.76    0.00    0.00    0.00    0.00
21:44:31     all   94.06    0.00    2.72    0.00    0.00    3.22    0.00    0.00    0.00    0.00
21:44:32     all   94.24    0.00    2.51    0.00    0.00    3.26    0.00    0.00    0.00    0.00
21:44:33     all   94.25    0.00    3.00    0.00    0.00    2.75    0.00    0.00    0.00    0.00
21:44:34     all   95.00    0.00    2.25    0.00    0.00    2.75    0.00    0.00    0.00    0.00
21:44:35     all   92.54    0.00    3.73    0.00    0.00    3.73    0.00    0.00    0.00    0.00
21:44:36     all   94.97    0.00    2.51    0.00    0.00    2.51    0.00    0.00    0.00    0.00
21:44:37     all   94.04    0.00    2.48    0.00    0.00    3.47    0.00    0.00    0.00    0.00
21:44:38     all   94.25    0.00    3.25    0.00    0.00    2.50    0.00    0.00    0.00    0.00
21:44:39     all   94.26    0.00    2.74    0.00    0.00    2.99    0.00    0.00    0.00    0.00
21:44:40     all   94.01    0.00    3.24    0.00    0.00    2.74    0.00    0.00    0.00    0.00
21:44:41     all   94.99    0.00    2.01    0.00    0.00    3.01    0.00    0.00    0.00    0.00
21:44:42     all   94.51    0.00    2.74    0.00    0.00    2.74    0.00    0.00    0.00    0.00
21:44:43     all   93.75    0.00    2.75    0.00    0.00    3.50    0.00    0.00    0.00    0.00
21:44:44     all   93.78    0.00    2.49    0.00    0.00    3.73    0.00    0.00    0.00    0.00
21:44:45     all   94.26    0.00    2.99    0.00    0.00    2.74    0.00    0.00    0.00    0.00
21:44:46     all   93.77    0.00    2.74    0.00    0.00    3.49    0.00    0.00    0.00    0.00
21:44:47     all   94.51    0.00    2.24    0.00    0.00    3.24    0.00    0.00    0.00    0.00
21:44:48     all   95.45    0.00    2.02    0.00    0.00    2.53    0.00    0.00    0.00    0.00
21:44:49     all   94.76    0.00    2.49    0.00    0.00    2.74    0.00    0.00    0.00    0.00
21:44:50     all   94.31    0.00    2.72    0.00    0.00    2.97    0.00    0.00    0.00    0.00
21:44:51     all   94.00    0.00    2.75    0.00    0.00    3.25    0.00    0.00    0.00    0.00
21:44:52     all   94.01    0.00    2.49    0.00    0.00    3.49    0.00    0.00    0.00    0.00
21:44:53     all   95.01    0.00    2.74    0.00    0.00    2.24    0.00    0.00    0.00    0.00
21:44:54     all   94.25    0.00    2.25    0.00    0.00    3.50    0.00    0.00    0.00    0.00
21:44:55     all   94.29    0.00    2.73    0.00    0.00    2.98    0.00    0.00    0.00    0.00
21:44:56     all   94.49    0.00    2.76    0.00    0.00    2.76    0.00    0.00    0.00    0.00
21:44:57     all   94.78    0.00    2.24    0.00    0.00    2.99    0.00    0.00    0.00    0.00
21:44:58     all   95.23    0.00    2.51    0.00    0.00    2.26    0.00    0.00    0.00    0.00
21:44:59     all   94.03    0.00    2.49    0.00    0.00    3.48    0.00    0.00    0.00    0.00
21:45:00     all   94.51    0.00    2.74    0.00    0.00    2.74    0.00    0.00    0.00    0.00
21:45:01     all   94.71    0.00    2.27    0.00    0.00    3.02    0.00    0.00    0.00    0.00
21:45:02     all   94.04    0.00    2.98    0.00    0.00    2.98    0.00    0.00    0.00    0.00
21:45:03     all   94.79    0.00    2.73    0.00    0.00    2.48    0.00    0.00    0.00    0.00
21:45:04     all   94.03    0.00    2.74    0.00    0.00    3.23    0.00    0.00    0.00    0.00
21:45:05     all   94.51    0.00    2.49    0.00    0.00    2.99    0.00    0.00    0.00    0.00
21:45:06     all   93.98    0.00    2.51    0.00    0.00    3.51    0.00    0.00    0.00    0.00
21:45:07     all   94.78    0.00    2.24    0.00    0.00    2.99    0.00    0.00    0.00    0.00
21:45:08     all   95.23    0.00    1.76    0.00    0.00    3.02    0.00    0.00    0.00    0.00
21:45:09     all   94.25    0.00    2.75    0.00    0.00    3.00    0.00    0.00    0.00    0.00
21:45:10     all   94.04    0.00    2.48    0.00    0.00    3.47    0.00    0.00    0.00    0.00
21:45:11     all   94.99    0.00    2.76    0.00    0.00    2.26    0.00    0.00    0.00    0.00
21:45:12     all   93.77    0.00    2.99    0.00    0.00    3.24    0.00    0.00    0.00    0.00
21:45:13     all   95.01    0.00    2.49    0.00    0.00    2.49    0.00    0.00    0.00    0.00
21:45:14     all   94.49    0.00    2.26    0.00    0.00    3.26    0.00    0.00    0.00    0.00
21:45:15     all   94.25    0.00    2.50    0.00    0.00    3.25    0.00    0.00    0.00    0.00
21:45:16     all   93.80    0.00    2.73    0.00    0.00    3.47    0.00    0.00    0.00    0.00
21:45:17     all   94.49    0.00    2.51    0.00    0.00    3.01    0.00    0.00    0.00    0.00
21:45:18     all   94.50    0.00    3.00    0.00    0.00    2.50    0.00    0.00    0.00    0.00
21:45:19     all   94.26    0.00    2.74    0.00    0.00    2.99    0.00    0.00    0.00    0.00
21:45:20     all   94.50    0.00    3.00    0.00    0.00    2.50    0.00    0.00    0.00    0.00
21:45:21     all   94.50    0.00    2.50    0.00    0.00    3.00    0.00    0.00    0.00    0.00
21:45:22     all   94.51    0.00    2.49    0.00    0.00    2.99    0.00    0.00    0.00    0.00
21:45:23     all   95.02    0.00    2.49    0.00    0.00    2.49    0.00    0.00    0.00    0.00
21:45:24     all   94.01    0.00    2.24    0.00    0.00    3.74    0.00    0.00    0.00    0.00
21:45:25     all   94.99    0.00    2.51    0.00    0.00    2.51    0.00    0.00    0.00    0.00
21:45:26     all   93.81    0.00    2.72    0.00    0.00    3.47    0.00    0.00    0.00    0.00
21:45:27     all   95.19    0.00    2.03    0.00    0.00    2.78    0.00    0.00    0.00    0.00
21:45:28     all   94.54    0.00    2.73    0.00    0.00    2.73    0.00    0.00    0.00    0.00
21:45:29     all   94.26    0.00    2.49    0.00    0.00    3.24    0.00    0.00    0.00    0.00
21:45:30     all   94.76    0.00    2.00    0.00    0.00    3.24    0.00    0.00    0.00    0.00
21:45:31     all   94.25    0.00    2.50    0.00    0.00    3.25    0.00    0.00    0.00    0.00
21:45:32     all   94.01    0.00    2.74    0.00    0.00    3.24    0.00    0.00    0.00    0.00
21:45:33     all   94.74    0.00    2.26    0.00    0.00    3.01    0.00    0.00    0.00    0.00
21:45:34     all   94.28    0.00    2.99    0.00    0.00    2.74    0.00    0.00    0.00    0.00
21:45:35     all   93.23    0.00    3.51    0.00    0.00    3.26    0.00    0.00    0.00    0.00
21:45:36     all   93.81    0.00    2.97    0.00    0.00    3.22    0.00    0.00    0.00    0.00
21:45:37     all   94.75    0.00    2.75    0.00    0.00    2.50    0.00    0.00    0.00    0.00
21:45:38     all   95.24    0.00    2.01    0.00    0.00    2.76    0.00    0.00    0.00    0.00
21:45:39     all   93.98    0.00    3.01    0.00    0.00    3.01    0.00    0.00    0.00    0.00
21:45:40     all   95.04    0.00    2.23    0.00    0.00    2.73    0.00    0.00    0.00    0.00
21:45:41     all   93.98    0.00    3.26    0.00    0.00    2.76    0.00    0.00    0.00    0.00
21:45:42     all   94.00    0.00    2.75    0.00    0.00    3.25    0.00    0.00    0.00    0.00
21:45:43     all   94.75    0.00    2.00    0.00    0.00    3.25    0.00    0.00    0.00    0.00
21:45:44     all   93.80    0.00    3.23    0.00    0.00    2.98    0.00    0.00    0.00    0.00
21:45:45     all   94.76    0.00    2.24    0.00    0.00    2.99    0.00    0.00    0.00    0.00
21:45:46     all   94.97    0.00    2.26    0.00    0.00    2.76    0.00    0.00    0.00    0.00
21:45:47     all   94.78    0.00    2.24    0.00    0.00    2.99    0.00    0.00    0.00    0.00
21:45:48     all   94.25    0.00    3.00    0.00    0.00    2.75    0.00    0.00    0.00    0.00
21:45:49     all   94.51    0.00    2.74    0.00    0.00    2.74    0.00    0.00    0.00    0.00
21:45:50     all   94.78    0.00    2.99    0.00    0.00    2.24    0.00    0.00    0.00    0.00
21:45:51     all   94.47    0.00    2.26    0.00    0.00    3.27    0.00    0.00    0.00    0.00
21:45:52     all   94.07    0.00    2.96    0.00    0.00    2.96    0.00    0.00    0.00    0.00
21:45:53     all   94.74    0.00    2.26    0.00    0.00    3.01    0.00    0.00    0.00    0.00
21:45:54     all   94.47    0.00    2.76    0.00    0.00    2.76    0.00    0.00    0.00    0.00
21:45:55     all   94.29    0.00    2.73    0.00    0.00    2.98    0.00    0.00    0.00    0.00
21:45:56     all   94.26    0.00    2.24    0.00    0.00    3.49    0.00    0.00    0.00    0.00
21:45:57     all   93.50    0.00    3.00    0.00    0.00    3.50    0.00    0.00    0.00    0.00
21:45:58     all   94.03    0.00    2.49    0.00    0.00    3.48    0.00    0.00    0.00    0.00
21:45:59     all   95.00    0.00    2.50    0.00    0.00    2.50    0.00    0.00    0.00    0.00
21:46:00     all   95.02    0.00    2.49    0.00    0.00    2.49    0.00    0.00    0.00    0.00
21:46:01     all   95.27    0.00    1.99    0.00    0.00    2.74    0.00    0.00    0.00    0.00
21:46:02     all   94.74    0.00    2.51    0.00    0.00    2.76    0.00    0.00    0.00    0.00
21:46:03     all   94.00    0.00    2.50    0.00    0.00    3.50    0.00    0.00    0.00    0.00
21:46:04     all   94.51    0.00    2.99    0.00    0.00    2.49    0.00    0.00    0.00    0.00
21:46:05     all   94.99    0.00    1.75    0.00    0.00    3.26    0.00    0.00    0.00    0.00
21:46:06     all   94.53    0.00    2.49    0.00    0.00    2.99    0.00    0.00    0.00    0.00
21:46:07     all   94.01    0.00    2.74    0.00    0.00    3.24    0.00    0.00    0.00    0.00
21:46:08     all   94.50    0.00    2.75    0.00    0.00    2.75    0.00    0.00    0.00    0.00
21:46:09     all   94.54    0.00    2.48    0.00    0.00    2.98    0.00    0.00    0.00    0.00
21:46:10     all   94.75    0.00    2.50    0.00    0.00    2.75    0.00    0.00    0.00    0.00
21:46:11     all   94.51    0.00    2.74    0.00    0.00    2.74    0.00    0.00    0.00    0.00
21:46:12     all   94.01    0.00    2.49    0.00    0.00    3.49    0.00    0.00    0.00    0.00
21:46:13     all   94.78    0.00    2.49    0.00    0.00    2.74    0.00    0.00    0.00    0.00
21:46:14     all   94.72    0.00    2.76    0.00    0.00    2.51    0.00    0.00    0.00    0.00
21:46:15     all   94.75    0.00    2.50    0.00    0.00    2.75    0.00    0.00    0.00    0.00
21:46:16     all   95.24    0.00    2.26    0.00    0.00    2.51    0.00    0.00    0.00    0.00
21:46:17     all   94.76    0.00    2.24    0.00    0.00    2.99    0.00    0.00    0.00    0.00
21:46:18     all   94.79    0.00    1.99    0.00    0.00    3.23    0.00    0.00    0.00    0.00
21:46:19     all   94.26    0.00    3.24    0.00    0.00    2.49    0.00    0.00    0.00    0.00
21:46:20     all   94.53    0.00    2.74    0.00    0.00    2.74    0.00    0.00    0.00    0.00
21:46:21     all   94.74    0.00    2.26    0.00    0.00    3.01    0.00    0.00    0.00    0.00
21:46:22     all   94.28    0.00    2.74    0.00    0.00    2.99    0.00    0.00    0.00    0.00
21:46:23     all   94.72    0.00    2.51    0.00    0.00    2.76    0.00    0.00    0.00    0.00
21:46:24     all   94.06    0.00    2.48    0.00    0.00    3.47    0.00    0.00    0.00    0.00
21:46:25     all   94.71    0.00    2.27    0.00    0.00    3.02    0.00    0.00    0.00    0.00
21:46:26     all   93.58    0.00    3.21    0.00    0.00    3.21    0.00    0.00    0.00    0.00
21:46:27     all   94.97    0.00    1.76    0.00    0.00    3.27    0.00    0.00    0.00    0.00
21:46:28     all   93.80    0.00    2.73    0.00    0.00    3.47    0.00    0.00    0.00    0.00
21:46:29     all   94.03    0.00    2.99    0.00    0.00    2.99    0.00    0.00    0.00    0.00
21:46:30     all   94.26    0.00    2.49    0.00    0.00    3.24    0.00    0.00    0.00    0.00
21:46:31     all   94.49    0.00    2.51    0.00    0.00    3.01    0.00    0.00    0.00    0.00
21:46:32     all   94.74    0.00    2.01    0.00    0.00    3.26    0.00    0.00    0.00    0.00
21:46:33     all   94.03    0.00    3.23    0.00    0.00    2.74    0.00    0.00    0.00    0.00
21:46:34     all   94.00    0.00    3.00    0.00    0.00    3.00    0.00    0.00    0.00    0.00
21:46:35     all   92.79    0.00    3.98    0.00    0.00    3.23    0.00    0.00    0.00    0.00
21:46:36     all   94.74    0.00    2.51    0.00    0.00    2.76    0.00    0.00    0.00    0.00
21:46:37     all   94.03    0.00    2.99    0.00    0.00    2.99    0.00    0.00    0.00    0.00
21:46:38     all   93.73    0.00    3.01    0.00    0.00    3.26    0.00    0.00    0.00    0.00
21:46:39     all   94.51    0.00    2.49    0.00    0.00    2.99    0.00    0.00    0.00    0.00
21:46:40     all   94.03    0.00    2.74    0.00    0.00    3.23    0.00    0.00    0.00    0.00
21:46:41     all   93.50    0.00    2.75    0.00    0.00    3.75    0.00    0.00    0.00    0.00
21:46:42     all   94.50    0.00    2.75    0.00    0.00    2.75    0.00    0.00    0.00    0.00
21:46:43     all   95.25    0.00    2.50    0.00    0.00    2.25    0.00    0.00    0.00    0.00
21:46:44     all   94.76    0.00    2.49    0.00    0.00    2.74    0.00    0.00    0.00    0.00
21:46:45     all   94.78    0.00    1.99    0.00    0.00    3.23    0.00    0.00    0.00    0.00
21:46:46     all   94.25    0.00    3.25    0.00    0.00    2.50    0.00    0.00    0.00    0.00
21:46:47     all   95.75    0.00    2.00    0.00    0.00    2.25    0.00    0.00    0.00    0.00
21:46:48     all   94.01    0.00    2.49    0.00    0.00    3.49    0.00    0.00    0.00    0.00
21:46:49     all   94.25    0.00    2.75    0.00    0.00    3.00    0.00    0.00    0.00    0.00
21:46:50     all   93.83    0.00    2.96    0.00    0.00    3.21    0.00    0.00    0.00    0.00
21:46:51     all   94.74    0.00    2.26    0.00    0.00    3.01    0.00    0.00    0.00    0.00
21:46:52     all   94.50    0.00    2.75    0.00    0.00    2.75    0.00    0.00    0.00    0.00
21:46:53     all   94.24    0.00    3.01    0.00    0.00    2.76    0.00    0.00    0.00    0.00
21:46:54     all   95.01    0.00    2.49    0.00    0.00    2.49    0.00    0.00    0.00    0.00
21:46:55     all   93.53    0.00    2.24    0.00    0.00    3.73    0.00    0.00    0.00    0.50
21:46:56     all   93.00    0.00    3.00    0.00    0.00    3.75    0.00    0.00    0.00    0.25
21:46:57     all   93.77    0.00    2.49    0.00    0.00    2.99    0.00    0.00    0.00    0.75
21:46:58     all   93.45    0.00    2.77    0.00    0.00    3.53    0.00    0.00    0.00    0.25
21:46:59     all   92.73    0.00    3.26    0.00    0.00    3.51    0.00    0.00    0.00    0.50
21:47:00     all   93.02    0.00    3.24    0.00    0.00    3.49    0.00    0.00    0.00    0.25
21:47:01     all   94.70    0.00    2.27    0.00    0.00    2.78    0.00    0.00    0.00    0.25
21:47:02     all   93.30    0.00    2.98    0.00    0.00    3.23    0.00    0.00    0.00    0.50
21:47:03     all   94.74    0.00    2.26    0.00    0.00    3.01    0.00    0.00    0.00    0.00
21:47:04     all   93.77    0.00    2.99    0.00    0.00    3.24    0.00    0.00    0.00    0.00
21:47:05     all   93.47    0.00    2.76    0.00    0.00    3.77    0.00    0.00    0.00    0.00
21:47:06     all   93.75    0.00    2.50    0.00    0.00    3.25    0.00    0.00    0.00    0.50
21:47:07     all   93.27    0.00    2.74    0.00    0.00    3.49    0.00    0.00    0.00    0.50
21:47:08     all   92.50    0.00    3.00    0.00    0.00    3.75    0.00    0.00    0.00    0.75
21:47:09     all   92.96    0.00    2.76    0.00    0.00    3.27    0.00    0.00    0.00    1.01
21:47:10     all   93.95    0.00    3.02    0.00    0.00    2.27    0.00    0.00    0.00    0.76
21:47:11     all   93.53    0.00    2.49    0.00    0.00    2.99    0.00    0.00    0.00    1.00
21:47:12     all   93.95    0.00    2.77    0.00    0.00    3.27    0.00    0.00    0.00    0.00
21:47:13     all   92.77    0.00    2.99    0.00    0.00    3.74    0.00    0.00    0.00    0.50
21:47:14     all   94.21    0.00    2.52    0.00    0.00    3.27    0.00    0.00    0.00    0.00
21:47:15     all   93.02    0.00    2.99    0.00    0.00    3.49    0.00    0.00    0.00    0.50
21:47:16     all   93.25    0.00    2.75    0.00    0.00    3.50    0.00    0.00    0.00    0.50
21:47:17     all   94.47    0.00    2.26    0.00    0.00    3.27    0.00    0.00    0.00    0.00
21:47:18     all   92.79    0.00    2.99    0.00    0.00    3.98    0.00    0.00    0.00    0.25
21:47:19     all   94.22    0.00    2.26    0.00    0.00    3.27    0.00    0.00    0.00    0.25
21:47:20     all   93.73    0.00    2.51    0.00    0.00    3.76    0.00    0.00    0.00    0.00
21:47:21     all   93.75    0.00    2.75    0.00    0.00    3.25    0.00    0.00    0.00    0.25
21:47:22     all   93.53    0.00    2.74    0.00    0.00    3.23    0.00    0.00    0.00    0.50
21:47:23     all   93.02    0.00    2.74    0.00    0.00    3.99    0.00    0.00    0.00    0.25
21:47:24     all   94.00    0.00    2.75    0.00    0.00    2.75    0.00    0.00    0.00    0.50
21:47:25     all   94.46    0.00    2.52    0.00    0.00    3.02    0.00    0.00    0.00    0.00
21:47:26     all   93.52    0.00    2.74    0.00    0.00    3.24    0.00    0.00    0.00    0.50
21:47:27     all   93.22    0.00    3.27    0.00    0.00    3.52    0.00    0.00    0.00    0.00
21:47:28     all   93.03    0.00    2.99    0.00    0.00    3.23    0.00    0.00    0.00    0.75
21:47:29     all   93.98    0.00    2.51    0.00    0.00    3.51    0.00    0.00    0.00    0.00
21:47:30     all   94.44    0.00    2.27    0.00    0.00    3.03    0.00    0.00    0.00    0.25
21:47:31     all   92.84    0.00    2.96    0.00    0.00    3.95    0.00    0.00    0.00    0.25
21:47:32     all   94.44    0.00    2.53    0.00    0.00    2.78    0.00    0.00    0.00    0.25
21:47:33     all   93.50    0.00    2.25    0.00    0.00    3.25    0.00    0.00    0.00    1.00
21:47:34     all   93.50    0.00    2.75    0.00    0.00    3.50    0.00    0.00    0.00    0.25
21:47:35     all   92.71    0.00    3.77    0.00    0.00    3.27    0.00    0.00    0.00    0.25
21:47:36     all   93.30    0.00    3.47    0.00    0.00    2.98    0.00    0.00    0.00    0.25
21:47:37     all   94.25    0.00    2.25    0.00    0.00    3.25    0.00    0.00    0.00    0.25
21:47:38     all   93.98    0.00    2.51    0.00    0.00    3.51    0.00    0.00    0.00    0.00
21:47:39     all   93.95    0.00    2.77    0.00    0.00    3.27    0.00    0.00    0.00    0.00
21:47:40     all   93.28    0.00    2.99    0.00    0.00    3.23    0.00    0.00    0.00    0.50
21:47:41     all   93.02    0.00    2.99    0.00    0.00    3.74    0.00    0.00    0.00    0.25
21:47:42     all   93.50    0.00    2.75    0.00    0.00    3.50    0.00    0.00    0.00    0.25
21:47:43     all   93.97    0.00    2.76    0.00    0.00    3.27    0.00    0.00    0.00    0.00
21:47:44     all   93.28    0.00    2.99    0.00    0.00    3.23    0.00    0.00    0.00    0.50
21:47:45     all   93.98    0.00    2.76    0.00    0.00    3.26    0.00    0.00    0.00    0.00
21:47:46     all   93.97    0.00    2.51    0.00    0.00    3.27    0.00    0.00    0.00    0.25
21:47:47     all   93.75    0.00    2.25    0.00    0.00    3.75    0.00    0.00    0.00    0.25
21:47:48     all   94.24    0.00    2.76    0.00    0.00    3.01    0.00    0.00    0.00    0.00
21:47:49     all   93.30    0.00    2.73    0.00    0.00    3.72    0.00    0.00    0.00    0.25
21:47:50     all   92.96    0.00    2.51    0.00    0.00    3.77    0.00    0.00    0.00    0.75
21:47:51     all   93.77    0.00    2.49    0.00    0.00    3.49    0.00    0.00    0.00    0.25
21:47:52     all   93.47    0.00    2.76    0.00    0.00    3.52    0.00    0.00    0.00    0.25
21:47:53     all   93.97    0.00    2.51    0.00    0.00    2.76    0.00    0.00    0.00    0.75
21:47:54     all   92.23    0.00    3.26    0.00    0.00    4.26    0.00    0.00    0.00    0.25
21:47:55     all   93.25    0.00    2.75    0.00    0.00    3.50    0.00    0.00    0.00    0.50
21:47:56     all   94.01    0.00    2.24    0.00    0.00    3.49    0.00    0.00    0.00    0.25
21:47:57     all   94.21    0.00    2.52    0.00    0.00    3.02    0.00    0.00    0.00    0.25
21:47:58     all   91.58    0.00    3.47    0.00    0.00    4.46    0.00    0.00    0.00    0.50
21:47:59     all   93.18    0.00    2.78    0.00    0.00    3.28    0.00    0.00    0.00    0.76
21:48:00     all   93.23    0.00    3.26    0.00    0.00    3.26    0.00    0.00    0.00    0.25
21:48:01     all   92.31    0.00    3.23    0.00    0.00    3.47    0.00    0.00    0.00    0.99
21:48:02     all   93.72    0.00    2.76    0.00    0.00    3.27    0.00    0.00    0.00    0.25
21:48:03     all   93.75    0.00    2.25    0.00    0.00    3.25    0.00    0.00    0.00    0.75
21:48:04     all   93.47    0.00    3.02    0.00    0.00    3.27    0.00    0.00    0.00    0.25
21:48:05     all   93.75    0.00    2.25    0.00    0.00    3.25    0.00    0.00    0.00    0.75
21:48:06     all   93.45    0.00    3.02    0.00    0.00    3.27    0.00    0.00    0.00    0.25
21:48:07     all   92.80    0.00    2.23    0.00    0.00    4.22    0.00    0.00    0.00    0.74
21:48:08     all   92.98    0.00    2.76    0.00    0.00    3.76    0.00    0.00    0.00    0.50
21:48:09     all   93.52    0.00    2.49    0.00    0.00    3.49    0.00    0.00    0.00    0.50
21:48:10     all   93.50    0.00    2.50    0.00    0.00    3.75    0.00    0.00    0.00    0.25
21:48:11     all   94.49    0.00    2.51    0.00    0.00    3.01    0.00    0.00    0.00    0.00
21:48:12     all   94.96    0.00    2.27    0.00    0.00    2.77    0.00    0.00    0.00    0.00
21:48:13     all   94.26    0.00    2.74    0.00    0.00    2.74    0.00    0.00    0.00    0.25
21:48:14     all   94.22    0.00    2.51    0.00    0.00    3.02    0.00    0.00    0.00    0.25
21:48:15     all   93.53    0.00    2.99    0.00    0.00    3.23    0.00    0.00    0.00    0.25
21:48:16     all   94.71    0.00    2.27    0.00    0.00    3.02    0.00    0.00    0.00    0.00
21:48:17     all   94.00    0.00    2.75    0.00    0.00    3.25    0.00    0.00    0.00    0.00
21:48:18     all   94.50    0.00    2.50    0.00    0.00    2.50    0.00    0.00    0.00    0.50
21:48:19     all   94.00    0.00    2.25    0.00    0.00    3.50    0.00    0.00    0.00    0.25
21:48:20     all   93.03    0.00    3.23    0.00    0.00    3.48    0.00    0.00    0.00    0.25
21:48:21     all   93.72    0.00    2.76    0.00    0.00    3.27    0.00    0.00    0.00    0.25
21:48:22     all   93.72    0.00    2.76    0.00    0.00    3.27    0.00    0.00    0.00    0.25
21:48:23     all   93.78    0.00    2.24    0.00    0.00    3.73    0.00    0.00    0.00    0.25
21:48:24     all   93.25    0.00    3.25    0.00    0.00    3.50    0.00    0.00    0.00    0.00
21:48:25     all   65.01    0.00    9.68    0.00    0.00    0.99    0.00    0.00    0.00   24.32
21:48:26     all   90.52    0.00    9.48    0.00    0.00    0.00    0.00    0.00    0.00    0.00
21:48:27     all   94.22    0.00    4.77    0.00    0.00    1.01    0.00    0.00    0.00    0.00
21:48:28     all   94.26    0.00    2.49    0.00    0.00    3.24    0.00    0.00    0.00    0.00
21:48:29     all   95.25    0.00    1.75    0.00    0.00    3.00    0.00    0.00    0.00    0.00
21:48:30     all   94.76    0.00    2.24    0.00    0.00    2.99    0.00    0.00    0.00    0.00
21:48:31     all   94.50    0.00    2.25    0.00    0.00    3.25    0.00    0.00    0.00    0.00
21:48:32     all   95.25    0.00    2.00    0.00    0.00    2.75    0.00    0.00    0.00    0.00
21:48:33     all   94.99    0.00    1.75    0.00    0.00    3.26    0.00    0.00    0.00    0.00
21:48:34     all   94.76    0.00    2.49    0.00    0.00    2.74    0.00    0.00    0.00    0.00
21:48:35     all   93.52    0.00    3.24    0.00    0.00    3.24    0.00    0.00    0.00    0.00
21:48:36     all   95.00    0.00    2.00    0.00    0.00    3.00    0.00    0.00    0.00    0.00
21:48:37     all   94.76    0.00    2.00    0.00    0.00    3.24    0.00    0.00    0.00    0.00
21:48:38     all   94.74    0.00    2.26    0.00    0.00    3.01    0.00    0.00    0.00    0.00
21:48:39     all   95.49    0.00    1.75    0.00    0.00    2.76    0.00    0.00    0.00    0.00
21:48:40     all   92.33    0.00    2.23    0.00    0.00    3.22    0.00    0.00    0.00    2.23
21:48:41     all   95.24    0.00    2.01    0.00    0.00    2.76    0.00    0.00    0.00    0.00
21:48:42     all   95.24    0.00    2.01    0.00    0.00    2.76    0.00    0.00    0.00    0.00
21:48:43     all   94.50    0.00    2.50    0.00    0.00    3.00    0.00    0.00    0.00    0.00
21:48:44     all   95.51    0.00    1.75    0.00    0.00    2.74    0.00    0.00    0.00    0.00
21:48:45     all   87.94    0.00    1.76    0.00    0.00    2.51    0.00    0.00    0.00    7.79
21:48:46     all   94.75    0.00    2.25    0.00    0.00    3.00    0.00    0.00    0.00    0.00
21:48:47     all   94.26    0.00    2.24    0.00    0.00    3.49    0.00    0.00    0.00    0.00
21:48:49     all   95.25    0.00    2.00    0.00    0.00    2.75    0.00    0.00    0.00    0.00
21:48:50     all   94.75    0.00    1.75    0.00    0.00    3.50    0.00    0.00    0.00    0.00
21:48:51     all   94.76    0.00    2.24    0.00    0.00    2.99    0.00    0.00    0.00    0.00
21:48:52     all   94.50    0.00    2.50    0.00    0.00    3.00    0.00    0.00    0.00    0.00
21:48:53     all   95.73    0.00    2.01    0.00    0.00    2.26    0.00    0.00    0.00    0.00
21:48:54     all   94.03    0.00    2.74    0.00    0.00    3.23    0.00    0.00    0.00    0.00
21:48:55     all   95.49    0.00    1.75    0.00    0.00    2.76    0.00    0.00    0.00    0.00
21:48:56     all   94.74    0.00    2.01    0.00    0.00    3.26    0.00    0.00    0.00    0.00
21:48:57     all   94.26    0.00    2.74    0.00    0.00    2.99    0.00    0.00    0.00    0.00
21:48:58     all   94.75    0.00    2.75    0.00    0.00    2.25    0.00    0.00    0.00    0.25
21:48:59     all   95.25    0.00    2.25    0.00    0.00    2.50    0.00    0.00    0.00    0.00
21:49:00     all   93.80    0.00    2.23    0.00    0.00    3.72    0.00    0.00    0.00    0.25
21:49:01     all   94.53    0.00    2.24    0.00    0.00    3.23    0.00    0.00    0.00    0.00
21:49:02     all   95.48    0.00    2.26    0.00    0.00    2.26    0.00    0.00    0.00    0.00
21:49:03     all   94.28    0.00    2.49    0.00    0.00    3.23    0.00    0.00    0.00    0.00
21:49:04     all   94.51    0.00    2.49    0.00    0.00    2.99    0.00    0.00    0.00    0.00
21:49:05     all   94.97    0.00    1.76    0.00    0.00    3.02    0.00    0.00    0.00    0.25
21:49:06     all   92.77    0.00    2.00    0.00    0.00    2.74    0.00    0.00    0.00    2.49
21:49:07     all   94.99    0.00    1.75    0.00    0.00    3.26    0.00    0.00    0.00    0.00
21:49:08     all   93.28    0.00    1.99    0.00    0.00    2.99    0.00    0.00    0.00    1.74
21:49:09     all   95.48    0.00    2.26    0.00    0.00    2.26    0.00    0.00    0.00    0.00
21:49:10     all   94.78    0.00    1.99    0.00    0.00    3.23    0.00    0.00    0.00    0.00
21:49:11     all   95.00    0.00    1.75    0.00    0.00    3.25    0.00    0.00    0.00    0.00
21:49:12     all   95.24    0.00    2.01    0.00    0.00    2.76    0.00    0.00    0.00    0.00
21:49:13     all   94.53    0.00    2.24    0.00    0.00    3.23    0.00    0.00    0.00    0.00
21:49:14     all   87.59    0.00    2.23    0.00    0.00    2.48    0.00    0.00    0.00    7.69
21:49:15     all   95.00    0.00    2.00    0.00    0.00    2.75    0.00    0.00    0.00    0.25
21:49:16     all   95.48    0.00    2.01    0.00    0.00    2.51    0.00    0.00    0.00    0.00
21:49:17     all   95.49    0.00    1.75    0.00    0.00    2.76    0.00    0.00    0.00    0.00
21:49:18     all   94.76    0.00    2.74    0.00    0.00    2.49    0.00    0.00    0.00    0.00
21:49:19     all   94.00    0.00    1.75    0.00    0.00    4.25    0.00    0.00    0.00    0.00
21:49:20     all   95.02    0.00    1.99    0.00    0.00    2.99    0.00    0.00    0.00    0.00
21:49:21     all   95.00    0.00    2.25    0.00    0.00    2.75    0.00    0.00    0.00    0.00
21:49:22     all   94.50    0.00    2.50    0.00    0.00    3.00    0.00    0.00    0.00    0.00
21:49:23     all   94.01    0.00    2.49    0.00    0.00    3.49    0.00    0.00    0.00    0.00
21:49:24     all   94.97    0.00    2.26    0.00    0.00    2.76    0.00    0.00    0.00    0.00
21:49:25     all   94.75    0.00    2.25    0.00    0.00    3.00    0.00    0.00    0.00    0.00
21:49:26     all   94.55    0.00    2.72    0.00    0.00    2.72    0.00    0.00    0.00    0.00
21:49:27     all   90.93    0.00    2.27    0.00    0.00    3.02    0.00    0.00    0.00    3.78
21:49:28     all   95.26    0.00    1.75    0.00    0.00    2.99    0.00    0.00    0.00    0.00
21:49:29     all   93.75    0.00    2.75    0.00    0.00    3.50    0.00    0.00    0.00    0.00
21:49:30     all   94.99    0.00    1.75    0.00    0.00    3.26    0.00    0.00    0.00    0.00
21:49:31     all   94.03    0.00    2.49    0.00    0.00    3.48    0.00    0.00    0.00    0.00
21:49:32     all   94.74    0.00    2.26    0.00    0.00    2.76    0.00    0.00    0.00    0.25
21:49:33     all   94.31    0.00    1.98    0.00    0.00    3.71    0.00    0.00    0.00    0.00
21:49:34     all   95.24    0.00    2.01    0.00    0.00    2.76    0.00    0.00    0.00    0.00
21:49:35     all   93.53    0.00    2.24    0.00    0.00    3.98    0.00    0.00    0.00    0.25
21:49:36     all   91.73    0.00    3.51    0.00    0.00    2.76    0.00    0.00    0.00    2.01
21:49:37     all   95.48    0.00    2.76    0.00    0.00    1.76    0.00    0.00    0.00    0.00
21:49:38     all   94.74    0.00    2.01    0.00    0.00    3.26    0.00    0.00    0.00    0.00
21:49:39     all   94.04    0.00    2.48    0.00    0.00    3.47    0.00    0.00    0.00    0.00
21:49:40     all   95.00    0.00    2.25    0.00    0.00    2.75    0.00    0.00    0.00    0.00
21:49:41     all   94.01    0.00    2.74    0.00    0.00    3.24    0.00    0.00    0.00    0.00
21:49:42     all   94.75    0.00    2.00    0.00    0.00    3.25    0.00    0.00    0.00    0.00
21:49:43     all   95.50    0.00    1.75    0.00    0.00    2.75    0.00    0.00    0.00    0.00
21:49:44     all   95.01    0.00    2.00    0.00    0.00    2.99    0.00    0.00    0.00    0.00
21:49:45     all   95.00    0.00    2.00    0.00    0.00    3.00    0.00    0.00    0.00    0.00
21:49:46     all   88.69    0.00    1.76    0.00    0.00    2.76    0.00    0.00    0.00    6.78
21:49:47     all   94.78    0.00    1.99    0.00    0.00    3.23    0.00    0.00    0.00    0.00
21:49:48     all   94.54    0.00    2.23    0.00    0.00    3.23    0.00    0.00    0.00    0.00
21:49:49     all   94.75    0.00    2.50    0.00    0.00    2.75    0.00    0.00    0.00    0.00
21:49:50     all   95.73    0.00    1.26    0.00    0.00    3.02    0.00    0.00    0.00    0.00
21:49:51     all   93.78    0.00    2.49    0.00    0.00    3.73    0.00    0.00    0.00    0.00
21:49:52     all   94.50    0.00    2.50    0.00    0.00    3.00    0.00    0.00    0.00    0.00
21:49:53     all   94.76    0.00    2.00    0.00    0.00    3.24    0.00    0.00    0.00    0.00
21:49:54     all   95.24    0.00    2.01    0.00    0.00    2.76    0.00    0.00    0.00    0.00
21:49:55     all   93.73    0.00    3.26    0.00    0.00    2.76    0.00    0.00    0.00    0.25
21:49:56     all   94.53    0.00    2.24    0.00    0.00    3.23    0.00    0.00    0.00    0.00
21:49:57     all   95.25    0.00    2.00    0.00    0.00    2.75    0.00    0.00    0.00    0.00
21:49:58     all   94.01    0.00    2.49    0.00    0.00    3.49    0.00    0.00    0.00    0.00
21:49:59     all   95.51    0.00    2.00    0.00    0.00    2.49    0.00    0.00    0.00    0.00
21:50:00     all   94.99    0.00    2.01    0.00    0.00    3.01    0.00    0.00    0.00    0.00
21:50:01     all   94.76    0.00    2.49    0.00    0.00    2.74    0.00    0.00    0.00    0.00
21:50:02     all   95.49    0.00    1.75    0.00    0.00    2.76    0.00    0.00    0.00    0.00
21:50:03     all   94.75    0.00    2.25    0.00    0.00    3.00    0.00    0.00    0.00    0.00
21:50:04     all   94.28    0.00    2.49    0.00    0.00    3.23    0.00    0.00    0.00    0.00
21:50:05     all   94.49    0.00    2.76    0.00    0.00    2.76    0.00    0.00    0.00    0.00
21:50:06     all   95.04    0.00    2.23    0.00    0.00    2.73    0.00    0.00    0.00    0.00
21:50:07     all   95.49    0.00    1.75    0.00    0.00    2.76    0.00    0.00    0.00    0.00
21:50:08     all   94.50    0.00    2.50    0.00    0.00    3.00    0.00    0.00    0.00    0.00
21:50:09     all   94.50    0.00    2.75    0.00    0.00    2.75    0.00    0.00    0.00    0.00
21:50:10     all   94.99    0.00    1.25    0.00    0.00    3.76    0.00    0.00    0.00    0.00
21:50:11     all   94.29    0.00    2.23    0.00    0.00    3.23    0.00    0.00    0.00    0.25
21:50:12     all   94.25    0.00    2.25    0.00    0.00    3.50    0.00    0.00    0.00    0.00
21:50:13     all   94.99    0.00    1.75    0.00    0.00    3.26    0.00    0.00    0.00    0.00
21:50:14     all   94.28    0.00    2.24    0.00    0.00    3.48    0.00    0.00    0.00    0.00
21:50:15     all   95.24    0.00    2.26    0.00    0.00    2.51    0.00    0.00    0.00    0.00
21:50:16     all   94.75    0.00    2.00    0.00    0.00    3.25    0.00    0.00    0.00    0.00
21:50:17     all   94.26    0.00    2.49    0.00    0.00    3.24    0.00    0.00    0.00    0.00
21:50:18     all   95.00    0.00    2.00    0.00    0.00    3.00    0.00    0.00    0.00    0.00
21:50:19     all   94.99    0.00    2.26    0.00    0.00    2.76    0.00    0.00    0.00    0.00
21:50:20     all   94.26    0.00    2.49    0.00    0.00    3.24    0.00    0.00    0.00    0.00
21:50:21     all   95.00    0.00    2.25    0.00    0.00    2.75    0.00    0.00    0.00    0.00
21:50:22     all   94.75    0.00    2.25    0.00    0.00    3.00    0.00    0.00    0.00    0.00
21:50:23     all   94.53    0.00    1.99    0.00    0.00    3.48    0.00    0.00    0.00    0.00
21:50:24     all   95.72    0.00    1.76    0.00    0.00    2.52    0.00    0.00    0.00    0.00
21:50:25     all   94.53    0.00    2.74    0.00    0.00    2.74    0.00    0.00    0.00    0.00
21:50:26     all   95.72    0.00    1.51    0.00    0.00    2.77    0.00    0.00    0.00    0.00
21:50:27     all   85.40    0.00    2.72    0.00    0.00    2.48    0.00    0.00    0.00    9.41
21:50:28     all   94.78    0.00    2.24    0.00    0.00    2.99    0.00    0.00    0.00    0.00
21:50:29     all   94.97    0.00    2.01    0.00    0.00    3.02    0.00    0.00    0.00    0.00
21:50:30     all   95.01    0.00    2.24    0.00    0.00    2.74    0.00    0.00    0.00    0.00
21:50:31     all   95.00    0.00    1.50    0.00    0.00    3.25    0.00    0.00    0.00    0.25
21:50:32     all   95.01    0.00    2.24    0.00    0.00    2.74    0.00    0.00    0.00    0.00
21:50:33     all   94.75    0.00    2.25    0.00    0.00    3.00    0.00    0.00    0.00    0.00
21:50:34     all   94.74    0.00    2.26    0.00    0.00    3.01    0.00    0.00    0.00    0.00
21:50:35     all   94.29    0.00    2.48    0.00    0.00    2.98    0.00    0.00    0.00    0.25
21:50:36     all   93.27    0.00    3.74    0.00    0.00    2.99    0.00    0.00    0.00    0.00
21:50:37     all   95.49    0.00    2.01    0.00    0.00    2.51    0.00    0.00    0.00    0.00
21:50:38     all   94.51    0.00    2.24    0.00    0.00    3.24    0.00    0.00    0.00    0.00
21:50:39     all   94.76    0.00    2.00    0.00    0.00    3.24    0.00    0.00    0.00    0.00
21:50:40     all   93.72    0.00    3.02    0.00    0.00    3.27    0.00    0.00    0.00    0.00
21:50:41     all   93.98    0.00    2.51    0.00    0.00    3.51    0.00    0.00    0.00    0.00
21:50:42     all   94.79    0.00    2.73    0.00    0.00    2.48    0.00    0.00    0.00    0.00
21:50:43     all   94.24    0.00    2.51    0.00    0.00    3.26    0.00    0.00    0.00    0.00
21:50:44     all   92.29    0.00    2.24    0.00    0.00    2.74    0.00    0.00    0.00    2.74
21:50:45     all   93.25    0.00    2.25    0.00    0.00    3.00    0.00    0.00    0.00    1.50
21:50:46     all   87.19    0.00    2.01    0.00    0.00    2.76    0.00    0.00    0.00    8.04
21:50:47     all   95.23    0.00    2.01    0.00    0.00    2.76    0.00    0.00    0.00    0.00
21:50:48     all   94.53    0.00    2.24    0.00    0.00    3.23    0.00    0.00    0.00    0.00
21:50:49     all   95.23    0.00    2.26    0.00    0.00    2.51    0.00    0.00    0.00    0.00
21:50:50     all   95.00    0.00    2.00    0.00    0.00    3.00    0.00    0.00    0.00    0.00
21:50:51     all   95.02    0.00    1.74    0.00    0.00    3.23    0.00    0.00    0.00    0.00
21:50:52     all   95.02    0.00    1.99    0.00    0.00    2.99    0.00    0.00    0.00    0.00
21:50:53     all   95.00    0.00    2.50    0.00    0.00    2.50    0.00    0.00    0.00    0.00
21:50:54     all   95.23    0.00    1.76    0.00    0.00    3.02    0.00    0.00    0.00    0.00
21:50:55     all   94.53    0.00    2.24    0.00    0.00    3.23    0.00    0.00    0.00    0.00
21:50:56     all   94.53    0.00    2.24    0.00    0.00    3.23    0.00    0.00    0.00    0.00
21:50:57     all   95.50    0.00    2.00    0.00    0.00    2.50    0.00    0.00    0.00    0.00
21:50:58     all   95.49    0.00    2.01    0.00    0.00    2.51    0.00    0.00    0.00    0.00
21:50:59     all   94.53    0.00    2.49    0.00    0.00    2.74    0.00    0.00    0.00    0.25
21:51:00     all   95.26    0.00    2.00    0.00    0.00    2.74    0.00    0.00    0.00    0.00
21:51:01     all   94.49    0.00    2.51    0.00    0.00    3.01    0.00    0.00    0.00    0.00
21:51:02     all   94.25    0.00    2.00    0.00    0.00    3.75    0.00    0.00    0.00    0.00
21:51:03     all   94.79    0.00    2.48    0.00    0.00    2.73    0.00    0.00    0.00    0.00
21:51:04     all   95.21    0.00    2.02    0.00    0.00    2.77    0.00    0.00    0.00    0.00
21:51:05     all   94.74    0.00    2.76    0.00    0.00    2.51    0.00    0.00    0.00    0.00
21:51:06     all   94.06    0.00    2.48    0.00    0.00    3.47    0.00    0.00    0.00    0.00
21:51:07     all   95.48    0.00    1.76    0.00    0.00    2.76    0.00    0.00    0.00    0.00
21:51:08     all   94.54    0.00    2.48    0.00    0.00    2.98    0.00    0.00    0.00    0.00
21:51:09     all   94.50    0.00    2.75    0.00    0.00    2.75    0.00    0.00    0.00    0.00
21:51:10     all   95.23    0.00    1.51    0.00    0.00    3.27    0.00    0.00    0.00    0.00
21:51:11     all   95.04    0.00    2.48    0.00    0.00    2.48    0.00    0.00    0.00    0.00
21:51:12     all   94.97    0.00    2.51    0.00    0.00    2.51    0.00    0.00    0.00    0.00
21:51:13     all   93.80    0.00    2.73    0.00    0.00    3.47    0.00    0.00    0.00    0.00
21:51:14     all   94.76    0.00    2.49    0.00    0.00    2.74    0.00    0.00    0.00    0.00
21:51:15     all   94.21    0.00    2.27    0.00    0.00    3.53    0.00    0.00    0.00    0.00
21:51:16     all   95.53    0.00    1.99    0.00    0.00    2.48    0.00    0.00    0.00    0.00
21:51:17     all   95.48    0.00    1.76    0.00    0.00    2.76    0.00    0.00    0.00    0.00
21:51:18     all   94.79    0.00    1.99    0.00    0.00    3.23    0.00    0.00    0.00    0.00
21:51:19     all   95.21    0.00    2.27    0.00    0.00    2.52    0.00    0.00    0.00    0.00
21:51:20     all   94.26    0.00    2.49    0.00    0.00    3.24    0.00    0.00    0.00    0.00
21:51:21     all   95.02    0.00    2.24    0.00    0.00    2.74    0.00    0.00    0.00    0.00
21:51:22     all   94.49    0.00    2.51    0.00    0.00    3.01    0.00    0.00    0.00    0.00
21:51:23     all   94.76    0.00    2.24    0.00    0.00    2.99    0.00    0.00    0.00    0.00
21:51:24     all   95.00    0.00    2.00    0.00    0.00    3.00    0.00    0.00    0.00    0.00
21:51:25     all   95.48    0.00    1.76    0.00    0.00    2.76    0.00    0.00    0.00    0.00
21:51:26     all   95.50    0.00    2.00    0.00    0.00    2.50    0.00    0.00    0.00    0.00
21:51:27     all   90.07    0.00    2.48    0.00    0.00    2.98    0.00    0.00    0.00    4.47
21:51:28     all   94.76    0.00    1.75    0.00    0.00    3.49    0.00    0.00    0.00    0.00
21:51:29     all   94.74    0.00    2.76    0.00    0.00    2.51    0.00    0.00    0.00    0.00
21:51:30     all   95.02    0.00    1.74    0.00    0.00    3.23    0.00    0.00    0.00    0.00
21:51:31     all   95.00    0.00    2.00    0.00    0.00    3.00    0.00    0.00    0.00    0.00
21:51:32     all   95.00    0.00    2.00    0.00    0.00    3.00    0.00    0.00    0.00    0.00
21:51:33     all   94.50    0.00    2.25    0.00    0.00    3.25    0.00    0.00    0.00    0.00
21:51:34     all   94.28    0.00    2.49    0.00    0.00    3.23    0.00    0.00    0.00    0.00
21:51:35     all   95.47    0.00    1.76    0.00    0.00    2.77    0.00    0.00    0.00    0.00
21:51:36     all   93.02    0.00    3.49    0.00    0.00    2.74    0.00    0.00    0.00    0.75
21:51:37     all   93.75    0.00    2.50    0.00    0.00    3.75    0.00    0.00    0.00    0.00
21:51:38     all   95.01    0.00    2.24    0.00    0.00    2.74    0.00    0.00    0.00    0.00
21:51:39     all   95.25    0.00    2.00    0.00    0.00    2.75    0.00    0.00    0.00    0.00
21:51:40     all   94.50    0.00    2.25    0.00    0.00    2.75    0.00    0.00    0.00    0.50
21:51:41     all   94.50    0.00    2.50    0.00    0.00    3.00    0.00    0.00    0.00    0.00
21:51:42     all   94.99    0.00    2.01    0.00    0.00    3.01    0.00    0.00    0.00    0.00
21:51:43     all   94.54    0.00    1.74    0.00    0.00    3.72    0.00    0.00    0.00    0.00
21:51:44     all   94.49    0.00    2.51    0.00    0.00    3.01    0.00    0.00    0.00    0.00
21:51:45     all   95.00    0.00    2.00    0.00    0.00    2.75    0.00    0.00    0.00    0.25
21:51:46     all   92.19    0.00    2.02    0.00    0.00    3.02    0.00    0.00    0.00    2.77
21:51:47     all   94.07    0.00    2.22    0.00    0.00    3.46    0.00    0.00    0.00    0.25
21:51:48     all   94.75    0.00    2.25    0.00    0.00    3.00    0.00    0.00    0.00    0.00
21:51:49     all   95.00    0.00    2.00    0.00    0.00    3.00    0.00    0.00    0.00    0.00
21:51:50     all   95.24    0.00    2.51    0.00    0.00    2.26    0.00    0.00    0.00    0.00
21:51:51     all   94.54    0.00    1.99    0.00    0.00    3.47    0.00    0.00    0.00    0.00
21:51:52     all   94.97    0.00    2.01    0.00    0.00    3.02    0.00    0.00    0.00    0.00
21:51:53     all   94.54    0.00    2.48    0.00    0.00    2.73    0.00    0.00    0.00    0.25
21:51:54     all   94.78    0.00    1.99    0.00    0.00    3.23    0.00    0.00    0.00    0.00
21:51:55     all   95.00    0.00    1.75    0.00    0.00    3.25    0.00    0.00    0.00    0.00
21:51:56     all   95.21    0.00    2.27    0.00    0.00    2.52    0.00    0.00    0.00    0.00
21:51:57     all   93.78    0.00    2.99    0.00    0.00    3.23    0.00    0.00    0.00    0.00
21:51:58     all   95.00    0.00    2.25    0.00    0.00    2.75    0.00    0.00    0.00    0.00
21:51:59     all   95.50    0.00    2.00    0.00    0.00    2.50    0.00    0.00    0.00    0.00
21:52:00     all   95.23    0.00    1.76    0.00    0.00    3.02    0.00    0.00    0.00    0.00
21:52:01     all   94.03    0.00    2.74    0.00    0.00    3.23    0.00    0.00    0.00    0.00
21:52:02     all   94.50    0.00    2.50    0.00    0.00    3.00    0.00    0.00    0.00    0.00
21:52:03     all   94.01    0.00    2.74    0.00    0.00    3.24    0.00    0.00    0.00    0.00
21:52:04     all   93.75    0.00    2.25    0.00    0.00    3.00    0.00    0.00    0.00    1.00
21:52:05     all   95.24    0.00    2.01    0.00    0.00    2.76    0.00    0.00    0.00    0.00
21:52:06     all   95.02    0.00    1.74    0.00    0.00    3.23    0.00    0.00    0.00    0.00
21:52:07     all   95.25    0.00    1.75    0.00    0.00    3.00    0.00    0.00    0.00    0.00
21:52:08     all   95.23    0.00    2.01    0.00    0.00    2.76    0.00    0.00    0.00    0.00
21:52:09     all   94.74    0.00    2.51    0.00    0.00    2.76    0.00    0.00    0.00    0.00
21:52:10     all   95.02    0.00    2.24    0.00    0.00    2.74    0.00    0.00    0.00    0.00
21:52:11     all   95.00    0.00    2.00    0.00    0.00    3.00    0.00    0.00    0.00    0.00
21:52:12     all   94.53    0.00    2.49    0.00    0.00    2.99    0.00    0.00    0.00    0.00
21:52:13     all   95.02    0.00    1.99    0.00    0.00    2.99    0.00    0.00    0.00    0.00
21:52:14     all   94.99    0.00    2.51    0.00    0.00    2.51    0.00    0.00    0.00    0.00
21:52:15     all   94.49    0.00    2.51    0.00    0.00    3.01    0.00    0.00    0.00    0.00
21:52:16     all   95.01    0.00    2.24    0.00    0.00    2.74    0.00    0.00    0.00    0.00
21:52:17     all   94.50    0.00    2.25    0.00    0.00    3.25    0.00    0.00    0.00    0.00
21:52:18     all   94.76    0.00    2.24    0.00    0.00    2.99    0.00    0.00    0.00    0.00
21:52:19     all   94.50    0.00    2.00    0.00    0.00    3.25    0.00    0.00    0.00    0.25
21:52:20     all   94.75    0.00    2.25    0.00    0.00    3.00    0.00    0.00    0.00    0.00
21:52:21     all   95.26    0.00    1.75    0.00    0.00    2.99    0.00    0.00    0.00    0.00
21:52:22     all   94.26    0.00    2.24    0.00    0.00    3.49    0.00    0.00    0.00    0.00
21:52:23     all   94.76    0.00    2.24    0.00    0.00    2.99    0.00    0.00    0.00    0.00
21:52:24     all   94.99    0.00    2.01    0.00    0.00    3.01    0.00    0.00    0.00    0.00
21:52:25     all   95.25    0.00    2.00    0.00    0.00    2.75    0.00    0.00    0.00    0.00
21:52:26     all   94.76    0.00    2.24    0.00    0.00    2.99    0.00    0.00    0.00    0.00
21:52:27     all   95.47    0.00    1.76    0.00    0.00    2.77    0.00    0.00    0.00    0.00
21:52:28     all   94.50    0.00    2.50    0.00    0.00    3.00    0.00    0.00    0.00    0.00
21:52:29     all   94.54    0.00    2.48    0.00    0.00    2.98    0.00    0.00    0.00    0.00
21:52:30     all   94.04    0.00    2.23    0.00    0.00    3.72    0.00    0.00    0.00    0.00
21:52:31     all   95.23    0.00    1.76    0.00    0.00    3.02    0.00    0.00    0.00    0.00
21:52:32     all   95.01    0.00    2.24    0.00    0.00    2.74    0.00    0.00    0.00    0.00
21:52:33     all   95.21    0.00    1.51    0.00    0.00    3.27    0.00    0.00    0.00    0.00
21:52:34     all   93.03    0.00    2.24    0.00    0.00    2.99    0.00    0.00    0.00    1.74
21:52:35     all   94.29    0.00    2.48    0.00    0.00    3.23    0.00    0.00    0.00    0.00
21:52:36     all   92.44    0.00    3.02    0.00    0.00    3.27    0.00    0.00    0.00    1.26
21:52:37     all   94.26    0.00    2.49    0.00    0.00    2.74    0.00    0.00    0.00    0.50
21:52:38     all   94.74    0.00    1.25    0.00    0.00    3.26    0.00    0.00    0.00    0.75
21:52:39     all   94.74    0.00    2.26    0.00    0.00    3.01    0.00    0.00    0.00    0.00
21:52:40     all   94.28    0.00    2.24    0.00    0.00    3.48    0.00    0.00    0.00    0.00
21:52:41     all   94.74    0.00    2.51    0.00    0.00    2.76    0.00    0.00    0.00    0.00
21:52:42     all   95.27    0.00    1.74    0.00    0.00    2.99    0.00    0.00    0.00    0.00
21:52:43     all   95.21    0.00    2.02    0.00    0.00    2.77    0.00    0.00    0.00    0.00
21:52:44     all   93.80    0.00    2.73    0.00    0.00    3.47    0.00    0.00    0.00    0.00
21:52:45     all   93.78    0.00    2.49    0.00    0.00    3.48    0.00    0.00    0.00    0.25
21:52:46     all   94.24    0.00    3.01    0.00    0.00    2.76    0.00    0.00    0.00    0.00
21:52:47     all   94.75    0.00    2.00    0.00    0.00    3.25    0.00    0.00    0.00    0.00
21:52:48     all   95.51    0.00    1.75    0.00    0.00    2.74    0.00    0.00    0.00    0.00
21:52:49     all   94.47    0.00    2.76    0.00    0.00    2.76    0.00    0.00    0.00    0.00
21:52:50     all   94.99    0.00    2.01    0.00    0.00    3.01    0.00    0.00    0.00    0.00
21:52:51     all   93.80    0.00    2.23    0.00    0.00    3.97    0.00    0.00    0.00    0.00
21:52:52     all   95.23    0.00    2.26    0.00    0.00    2.51    0.00    0.00    0.00    0.00
21:52:53     all   94.00    0.00    2.75    0.00    0.00    3.25    0.00    0.00    0.00    0.00
21:52:54     all   95.49    0.00    1.50    0.00    0.00    3.01    0.00    0.00    0.00    0.00
21:52:55     all   94.51    0.00    2.24    0.00    0.00    3.24    0.00    0.00    0.00    0.00
21:52:56     all   95.01    0.00    2.24    0.00    0.00    2.74    0.00    0.00    0.00    0.00
21:52:57     all   94.75    0.00    2.50    0.00    0.00    2.75    0.00    0.00    0.00    0.00
21:52:58     all   95.25    0.00    2.00    0.00    0.00    2.75    0.00    0.00    0.00    0.00
21:52:59     all   94.51    0.00    2.24    0.00    0.00    2.99    0.00    0.00    0.00    0.25
21:53:00     all   94.76    0.00    2.24    0.00    0.00    2.99    0.00    0.00    0.00    0.00
21:53:01     all   94.25    0.00    2.75    0.00    0.00    2.75    0.00    0.00    0.00    0.25
21:53:02     all   93.52    0.00    2.74    0.00    0.00    3.74    0.00    0.00    0.00    0.00
21:53:03     all   95.73    0.00    2.26    0.00    0.00    2.01    0.00    0.00    0.00    0.00
21:53:04     all   95.26    0.00    2.00    0.00    0.00    2.74    0.00    0.00    0.00    0.00
21:53:05     all   94.26    0.00    2.99    0.00    0.00    2.74    0.00    0.00    0.00    0.00
21:53:06     all   94.97    0.00    2.01    0.00    0.00    3.02    0.00    0.00    0.00    0.00
21:53:07     all   94.26    0.00    2.49    0.00    0.00    3.24    0.00    0.00    0.00    0.00
21:53:08     all   95.00    0.00    2.00    0.00    0.00    3.00    0.00    0.00    0.00    0.00
21:53:09     all   95.27    0.00    1.74    0.00    0.00    2.74    0.00    0.00    0.00    0.25
21:53:10     all   94.51    0.00    2.24    0.00    0.00    3.24    0.00    0.00    0.00    0.00
21:53:11     all   94.50    0.00    2.25    0.00    0.00    3.25    0.00    0.00    0.00    0.00
21:53:12     all   95.01    0.00    2.00    0.00    0.00    2.99    0.00    0.00    0.00    0.00
21:53:13     all   95.25    0.00    2.00    0.00    0.00    2.50    0.00    0.00    0.00    0.25
21:53:14     all   95.00    0.00    2.25    0.00    0.00    2.75    0.00    0.00    0.00    0.00
21:53:15     all   94.76    0.00    2.24    0.00    0.00    2.99    0.00    0.00    0.00    0.00
21:53:16     all   94.51    0.00    1.75    0.00    0.00    3.74    0.00    0.00    0.00    0.00
21:53:17     all   94.50    0.00    2.25    0.00    0.00    3.25    0.00    0.00    0.00    0.00
21:53:18     all   94.78    0.00    2.24    0.00    0.00    2.74    0.00    0.00    0.00    0.25
21:53:19     all   95.23    0.00    1.76    0.00    0.00    3.02    0.00    0.00    0.00    0.00
21:53:20     all   95.50    0.00    1.50    0.00    0.00    3.00    0.00    0.00    0.00    0.00
21:53:21     all   95.26    0.00    2.00    0.00    0.00    2.49    0.00    0.00    0.00    0.25
21:53:22     all   94.26    0.00    2.24    0.00    0.00    3.49    0.00    0.00    0.00    0.00
21:53:23     all   95.25    0.00    2.50    0.00    0.00    2.25    0.00    0.00    0.00    0.00
21:53:24     all   94.49    0.00    2.26    0.00    0.00    3.26    0.00    0.00    0.00    0.00
21:53:25     all   94.78    0.00    2.49    0.00    0.00    2.74    0.00    0.00    0.00    0.00
21:53:26     all   95.72    0.00    1.76    0.00    0.00    2.52    0.00    0.00    0.00    0.00
21:53:27     all   91.04    0.00    2.24    0.00    0.00    3.48    0.00    0.00    0.00    3.23
21:53:28     all   94.74    0.00    2.51    0.00    0.00    2.76    0.00    0.00    0.00    0.00
21:53:29     all   94.26    0.00    2.49    0.00    0.00    3.24    0.00    0.00    0.00    0.00
21:53:30     all   95.99    0.00    1.50    0.00    0.00    2.51    0.00    0.00    0.00    0.00
21:53:31     all   94.28    0.00    2.49    0.00    0.00    3.23    0.00    0.00    0.00    0.00
21:53:32     all   94.75    0.00    2.50    0.00    0.00    2.75    0.00    0.00    0.00    0.00
21:53:33     all   94.74    0.00    1.75    0.00    0.00    3.51    0.00    0.00    0.00    0.00
21:53:34     all   94.49    0.00    2.26    0.00    0.00    3.26    0.00    0.00    0.00    0.00
21:53:35     all   94.03    0.00    2.74    0.00    0.00    3.23    0.00    0.00    0.00    0.00
21:53:36     all   92.77    0.00    3.49    0.00    0.00    3.74    0.00    0.00    0.00    0.00
21:53:37     all   94.25    0.00    2.50    0.00    0.00    3.25    0.00    0.00    0.00    0.00
21:53:38     all   95.00    0.00    2.00    0.00    0.00    3.00    0.00    0.00    0.00    0.00
21:53:39     all   94.24    0.00    2.76    0.00    0.00    3.01    0.00    0.00    0.00    0.00
21:53:40     all   94.51    0.00    2.00    0.00    0.00    3.49    0.00    0.00    0.00    0.00
21:53:41     all   94.50    0.00    2.25    0.00    0.00    3.00    0.00    0.00    0.00    0.25
21:53:42     all   94.54    0.00    2.23    0.00    0.00    3.23    0.00    0.00    0.00    0.00
21:53:43     all   94.97    0.00    2.26    0.00    0.00    2.76    0.00    0.00    0.00    0.00
21:53:44     all   94.74    0.00    2.26    0.00    0.00    2.76    0.00    0.00    0.00    0.25
21:53:45     all   94.53    0.00    2.49    0.00    0.00    2.99    0.00    0.00    0.00    0.00
21:53:46     all   94.25    0.00    2.50    0.00    0.00    3.00    0.00    0.00    0.00    0.25
21:53:47     all   94.76    0.00    1.75    0.00    0.00    3.49    0.00    0.00    0.00    0.00
21:53:48     all   93.80    0.00    2.73    0.00    0.00    3.47    0.00    0.00    0.00    0.00
21:53:49     all   95.48    0.00    2.01    0.00    0.00    2.51    0.00    0.00    0.00    0.00
21:53:50     all   95.00    0.00    2.50    0.00    0.00    2.50    0.00    0.00    0.00    0.00
21:53:51     all   94.99    0.00    1.50    0.00    0.00    3.51    0.00    0.00    0.00    0.00
21:53:52     all   95.04    0.00    2.48    0.00    0.00    2.48    0.00    0.00    0.00    0.00
21:53:53     all   94.72    0.00    2.26    0.00    0.00    3.02    0.00    0.00    0.00    0.00
21:53:54     all   94.25    0.00    2.25    0.00    0.00    3.00    0.00    0.00    0.00    0.50
21:53:55     all   94.72    0.00    2.01    0.00    0.00    3.27    0.00    0.00    0.00    0.00
21:53:56     all   94.01    0.00    2.74    0.00    0.00    2.74    0.00    0.00    0.00    0.50
21:53:57     all   94.29    0.00    2.23    0.00    0.00    3.47    0.00    0.00    0.00    0.00
21:53:58     all   94.25    0.00    2.50    0.00    0.00    3.25    0.00    0.00    0.00    0.00
21:53:59     all   95.25    0.00    2.50    0.00    0.00    2.25    0.00    0.00    0.00    0.00
21:54:00     all   94.99    0.00    2.01    0.00    0.00    3.01    0.00    0.00    0.00    0.00
21:54:01     all   94.51    0.00    2.49    0.00    0.00    2.99    0.00    0.00    0.00    0.00
21:54:02     all   94.51    0.00    2.24    0.00    0.00    3.24    0.00    0.00    0.00    0.00
21:54:03     all   94.72    0.00    2.51    0.00    0.00    2.76    0.00    0.00    0.00    0.00
21:54:04     all   95.01    0.00    1.75    0.00    0.00    3.24    0.00    0.00    0.00    0.00
21:54:05     all   94.50    0.00    2.25    0.00    0.00    3.00    0.00    0.00    0.00    0.25
21:54:06     all   94.76    0.00    2.24    0.00    0.00    2.74    0.00    0.00    0.00    0.25
21:54:07     all   95.01    0.00    2.24    0.00    0.00    2.74    0.00    0.00    0.00    0.00
21:54:08     all   95.47    0.00    1.76    0.00    0.00    2.77    0.00    0.00    0.00    0.00
21:54:09     all   94.03    0.00    2.74    0.00    0.00    3.23    0.00    0.00    0.00    0.00
21:54:10     all   96.24    0.00    1.25    0.00    0.00    2.51    0.00    0.00    0.00    0.00
21:54:11     all   94.28    0.00    2.49    0.00    0.00    2.99    0.00    0.00    0.00    0.25
21:54:12     all   95.74    0.00    1.75    0.00    0.00    2.51    0.00    0.00    0.00    0.00
21:54:13     all   94.01    0.00    2.49    0.00    0.00    3.49    0.00    0.00    0.00    0.00
21:54:14     all   95.00    0.00    2.00    0.00    0.00    3.00    0.00    0.00    0.00    0.00
21:54:15     all   94.51    0.00    2.24    0.00    0.00    3.24    0.00    0.00    0.00    0.00
21:54:16     all   95.49    0.00    1.50    0.00    0.00    3.01    0.00    0.00    0.00    0.00
21:54:17     all   95.51    0.00    2.00    0.00    0.00    2.49    0.00    0.00    0.00    0.00
21:54:18     all   93.77    0.00    2.24    0.00    0.00    2.49    0.00    0.00    0.00    1.50
21:54:19     all   94.74    0.00    1.75    0.00    0.00    2.76    0.00    0.00    0.00    0.75
21:54:20     all   94.01    0.00    2.49    0.00    0.00    3.49    0.00    0.00    0.00    0.00
21:54:21     all   94.46    0.00    2.02    0.00    0.00    3.27    0.00    0.00    0.00    0.25
21:54:22     all   94.79    0.00    2.23    0.00    0.00    2.98    0.00    0.00    0.00    0.00
21:54:23     all   94.25    0.00    2.50    0.00    0.00    3.25    0.00    0.00    0.00    0.00
21:54:24     all   94.72    0.00    2.26    0.00    0.00    3.02    0.00    0.00    0.00    0.00
21:54:25     all   94.04    0.00    2.23    0.00    0.00    3.72    0.00    0.00    0.00    0.00
21:54:26     all   95.73    0.00    2.01    0.00    0.00    2.26    0.00    0.00    0.00    0.00
21:54:27     all   87.78    0.00    2.24    0.00    0.00    3.24    0.00    0.00    0.00    6.73
21:54:28     all   95.75    0.00    1.75    0.00    0.00    2.50    0.00    0.00    0.00    0.00
21:54:29     all   94.00    0.00    2.50    0.00    0.00    3.50    0.00    0.00    0.00    0.00
21:54:30     all   94.51    0.00    2.00    0.00    0.00    3.49    0.00    0.00    0.00    0.00
21:54:31     all   94.78    0.00    2.49    0.00    0.00    2.74    0.00    0.00    0.00    0.00
21:54:32     all   95.71    0.00    1.52    0.00    0.00    2.78    0.00    0.00    0.00    0.00
21:54:33     all   95.26    0.00    2.00    0.00    0.00    2.74    0.00    0.00    0.00    0.00
21:54:34     all   94.03    0.00    2.74    0.00    0.00    3.23    0.00    0.00    0.00    0.00
21:54:35     all   94.00    0.00    2.50    0.00    0.00    3.50    0.00    0.00    0.00    0.00
21:54:36     all   94.26    0.00    2.49    0.00    0.00    2.99    0.00    0.00    0.00    0.25
21:54:37     all   94.26    0.00    2.74    0.00    0.00    2.99    0.00    0.00    0.00    0.00
21:54:38     all   94.75    0.00    2.00    0.00    0.00    3.25    0.00    0.00    0.00    0.00
21:54:39     all   94.51    0.00    2.24    0.00    0.00    3.24    0.00    0.00    0.00    0.00
21:54:40     all   95.73    0.00    1.51    0.00    0.00    2.76    0.00    0.00    0.00    0.00
21:54:41     all   94.28    0.00    2.49    0.00    0.00    2.74    0.00    0.00    0.00    0.50
21:54:42     all   95.48    0.00    1.76    0.00    0.00    2.76    0.00    0.00    0.00    0.00
21:54:43     all   94.76    0.00    2.24    0.00    0.00    2.99    0.00    0.00    0.00    0.00
21:54:44     all   95.00    0.00    1.75    0.00    0.00    3.25    0.00    0.00    0.00    0.00
21:54:45     all   94.00    0.00    2.50    0.00    0.00    3.50    0.00    0.00    0.00    0.00
21:54:46     all   94.51    0.00    2.24    0.00    0.00    2.99    0.00    0.00    0.00    0.25
21:54:47     all   94.24    0.00    2.51    0.00    0.00    3.26    0.00    0.00    0.00    0.00
21:54:48     all   95.00    0.00    2.25    0.00    0.00    2.75    0.00    0.00    0.00    0.00
21:54:49     all   95.00    0.00    2.25    0.00    0.00    2.75    0.00    0.00    0.00    0.00
21:54:50     all   94.99    0.00    2.01    0.00    0.00    3.01    0.00    0.00    0.00    0.00
21:54:51     all   94.26    0.00    2.49    0.00    0.00    3.24    0.00    0.00    0.00    0.00
21:54:52     all   94.97    0.00    1.51    0.00    0.00    3.27    0.00    0.00    0.00    0.25
21:54:53     all   93.58    0.00    2.72    0.00    0.00    3.70    0.00    0.00    0.00    0.00
21:54:54     all   95.71    0.00    2.02    0.00    0.00    2.27    0.00    0.00    0.00    0.00
21:54:55     all   94.28    0.00    2.74    0.00    0.00    2.99    0.00    0.00    0.00    0.00
21:54:56     all   95.00    0.00    2.25    0.00    0.00    2.75    0.00    0.00    0.00    0.00
21:54:57     all   94.76    0.00    2.00    0.00    0.00    3.24    0.00    0.00    0.00    0.00
21:54:58     all   94.74    0.00    2.26    0.00    0.00    2.76    0.00    0.00    0.00    0.25
21:54:59     all   95.26    0.00    1.75    0.00    0.00    2.99    0.00    0.00    0.00    0.00
21:55:00     all   94.26    0.00    2.74    0.00    0.00    2.99    0.00    0.00    0.00    0.00
21:55:01     all   94.51    0.00    2.49    0.00    0.00    2.99    0.00    0.00    0.00    0.00
21:55:02     all   94.75    0.00    2.00    0.00    0.00    3.25    0.00    0.00    0.00    0.00
21:55:03     all   95.24    0.00    2.01    0.00    0.00    2.76    0.00    0.00    0.00    0.00
21:55:04     all   94.28    0.00    2.74    0.00    0.00    2.99    0.00    0.00    0.00    0.00
21:55:05     all   94.97    0.00    2.01    0.00    0.00    3.02    0.00    0.00    0.00    0.00
21:55:06     all   94.53    0.00    2.24    0.00    0.00    2.99    0.00    0.00    0.00    0.25
21:55:07     all   94.00    0.00    2.50    0.00    0.00    3.50    0.00    0.00    0.00    0.00
21:55:08     all   94.97    0.00    2.26    0.00    0.00    2.76    0.00    0.00    0.00    0.00
21:55:09     all   94.78    0.00    2.24    0.00    0.00    2.99    0.00    0.00    0.00    0.00
21:55:10     all   94.74    0.00    2.51    0.00    0.00    2.76    0.00    0.00    0.00    0.00
21:55:11     all   94.03    0.00    1.99    0.00    0.00    3.98    0.00    0.00    0.00    0.00
21:55:12     all   94.46    0.00    2.52    0.00    0.00    2.27    0.00    0.00    0.00    0.76
21:55:13     all   94.29    0.00    2.23    0.00    0.00    3.23    0.00    0.00    0.00    0.25
21:55:14     all   93.95    0.00    2.52    0.00    0.00    3.53    0.00    0.00    0.00    0.00
21:55:15     all   94.03    0.00    1.99    0.00    0.00    2.99    0.00    0.00    0.00    1.00
21:55:16     all   95.24    0.00    1.75    0.00    0.00    2.76    0.00    0.00    0.00    0.25
21:55:17     all   93.75    0.00    2.50    0.00    0.00    3.25    0.00    0.00    0.00    0.50
21:55:18     all   94.51    0.00    2.24    0.00    0.00    3.24    0.00    0.00    0.00    0.00
21:55:19     all   94.99    0.00    2.01    0.00    0.00    3.01    0.00    0.00    0.00    0.00
21:55:20     all   94.75    0.00    2.25    0.00    0.00    3.00    0.00    0.00    0.00    0.00
21:55:21     all   95.00    0.00    2.25    0.00    0.00    2.75    0.00    0.00    0.00    0.00
21:55:22     all   94.04    0.00    2.23    0.00    0.00    3.72    0.00    0.00    0.00    0.00
21:55:23     all   95.00    0.00    2.00    0.00    0.00    3.00    0.00    0.00    0.00    0.00
21:55:24     all   94.01    0.00    2.74    0.00    0.00    3.24    0.00    0.00    0.00    0.00
21:55:25     all   94.99    0.00    2.26    0.00    0.00    2.76    0.00    0.00    0.00    0.00
21:55:26     all   95.26    0.00    1.75    0.00    0.00    2.99    0.00    0.00    0.00    0.00
21:55:27     all   93.53    0.00    2.74    0.00    0.00    2.99    0.00    0.00    0.00    0.75
21:55:28     all   95.49    0.00    1.75    0.00    0.00    2.76    0.00    0.00    0.00    0.00
21:55:29     all   94.49    0.00    2.01    0.00    0.00    3.51    0.00    0.00    0.00    0.00
21:55:30     all   95.01    0.00    2.24    0.00    0.00    2.49    0.00    0.00    0.00    0.25
21:55:31     all   94.29    0.00    2.48    0.00    0.00    3.23    0.00    0.00    0.00    0.00
21:55:32     all   94.76    0.00    2.24    0.00    0.00    2.99    0.00    0.00    0.00    0.00
21:55:33     all   94.24    0.00    2.76    0.00    0.00    3.01    0.00    0.00    0.00    0.00
21:55:34     all   95.01    0.00    2.00    0.00    0.00    2.99    0.00    0.00    0.00    0.00
21:55:35     all   94.24    0.00    2.76    0.00    0.00    3.01    0.00    0.00    0.00    0.00
21:55:36     all   94.03    0.00    2.99    0.00    0.00    2.99    0.00    0.00    0.00    0.00
21:55:37     all   94.97    0.00    2.26    0.00    0.00    2.76    0.00    0.00    0.00    0.00
21:55:38     all   94.53    0.00    2.49    0.00    0.00    2.99    0.00    0.00    0.00    0.00
21:55:39     all   94.24    0.00    2.51    0.00    0.00    3.26    0.00    0.00    0.00    0.00
21:55:40     all   95.00    0.00    2.00    0.00    0.00    3.00    0.00    0.00    0.00    0.00
21:55:41     all   95.00    0.00    2.00    0.00    0.00    3.00    0.00    0.00    0.00    0.00
21:55:42     all   94.74    0.00    2.51    0.00    0.00    2.76    0.00    0.00    0.00    0.00
21:55:43     all   94.53    0.00    2.24    0.00    0.00    3.23    0.00    0.00    0.00    0.00
21:55:44     all   95.98    0.00    1.51    0.00    0.00    2.51    0.00    0.00    0.00    0.00
21:55:45     all   95.01    0.00    2.24    0.00    0.00    2.74    0.00    0.00    0.00    0.00
21:55:46     all   94.75    0.00    2.25    0.00    0.00    3.00    0.00    0.00    0.00    0.00
21:55:47     all   94.78    0.00    1.99    0.00    0.00    3.23    0.00    0.00    0.00    0.00
21:55:48     all   94.01    0.00    2.99    0.00    0.00    2.99    0.00    0.00    0.00    0.00
21:55:49     all   94.25    0.00    2.25    0.00    0.00    3.50    0.00    0.00    0.00    0.00
21:55:50     all   94.24    0.00    2.26    0.00    0.00    3.51    0.00    0.00    0.00    0.00
21:55:51     all   94.51    0.00    2.24    0.00    0.00    3.24    0.00    0.00    0.00    0.00
21:55:52     all   95.75    0.00    2.00    0.00    0.00    2.25    0.00    0.00    0.00    0.00
21:55:53     all   94.76    0.00    2.49    0.00    0.00    2.74    0.00    0.00    0.00    0.00
21:55:54     all   94.78    0.00    2.49    0.00    0.00    2.74    0.00    0.00    0.00    0.00
21:55:55     all   94.49    0.00    2.26    0.00    0.00    3.26    0.00    0.00    0.00    0.00
21:55:56     all   94.99    0.00    2.01    0.00    0.00    3.01    0.00    0.00    0.00    0.00
21:55:57     all   94.01    0.00    2.99    0.00    0.00    2.99    0.00    0.00    0.00    0.00
21:55:58     all   94.75    0.00    2.00    0.00    0.00    3.25    0.00    0.00    0.00    0.00
21:55:59     all   95.23    0.00    2.26    0.00    0.00    2.51    0.00    0.00    0.00    0.00
21:56:00     all   94.54    0.00    2.48    0.00    0.00    2.98    0.00    0.00    0.00    0.00
21:56:01     all   93.77    0.00    2.74    0.00    0.00    3.49    0.00    0.00    0.00    0.00
21:56:02     all   94.99    0.00    1.50    0.00    0.00    3.26    0.00    0.00    0.00    0.25
21:56:03     all   93.98    0.00    2.26    0.00    0.00    2.76    0.00    0.00    0.00    1.00
21:56:04     all   94.76    0.00    2.00    0.00    0.00    2.99    0.00    0.00    0.00    0.25
21:56:05     all   95.24    0.00    2.26    0.00    0.00    2.51    0.00    0.00    0.00    0.00
21:56:06     all   93.02    0.00    2.99    0.00    0.00    2.74    0.00    0.00    0.00    1.25
21:56:07     all   94.24    0.00    2.76    0.00    0.00    3.01    0.00    0.00    0.00    0.00
21:56:08     all   93.05    0.00    2.73    0.00    0.00    3.72    0.00    0.00    0.00    0.50
21:56:09     all   95.24    0.00    2.26    0.00    0.00    2.51    0.00    0.00    0.00    0.00
21:56:10     all   94.74    0.00    2.01    0.00    0.00    3.26    0.00    0.00    0.00    0.00
21:56:11     all   95.25    0.00    2.50    0.00    0.00    2.25    0.00    0.00    0.00    0.00
21:56:12     all   94.26    0.00    2.00    0.00    0.00    3.74    0.00    0.00    0.00    0.00
21:56:13     all   94.49    0.00    2.51    0.00    0.00    3.01    0.00    0.00    0.00    0.00
21:56:14     all   95.00    0.00    2.00    0.00    0.00    3.00    0.00    0.00    0.00    0.00
21:56:15     all   95.76    0.00    1.75    0.00    0.00    2.49    0.00    0.00    0.00    0.00
21:56:16     all   94.51    0.00    2.24    0.00    0.00    3.24    0.00    0.00    0.00    0.00
21:56:17     all   95.49    0.00    1.75    0.00    0.00    2.76    0.00    0.00    0.00    0.00
21:56:18     all   94.26    0.00    2.24    0.00    0.00    3.49    0.00    0.00    0.00    0.00
21:56:19     all   94.51    0.00    2.24    0.00    0.00    3.24    0.00    0.00    0.00    0.00
21:56:20     all   95.75    0.00    2.00    0.00    0.00    2.25    0.00    0.00    0.00    0.00
21:56:21     all   94.50    0.00    2.25    0.00    0.00    3.25    0.00    0.00    0.00    0.00
21:56:22     all   94.03    0.00    2.49    0.00    0.00    3.48    0.00    0.00    0.00    0.00
21:56:23     all   95.24    0.00    1.75    0.00    0.00    3.01    0.00    0.00    0.00    0.00
21:56:24     all   94.51    0.00    2.24    0.00    0.00    3.24    0.00    0.00    0.00    0.00
21:56:25     all   94.54    0.00    2.23    0.00    0.00    3.23    0.00    0.00    0.00    0.00
21:56:26     all   95.23    0.00    2.01    0.00    0.00    2.76    0.00    0.00    0.00    0.00
21:56:27     all   87.03    0.00    2.24    0.00    0.00    2.24    0.00    0.00    0.00    8.48
21:56:28     all   95.00    0.00    2.50    0.00    0.00    2.50    0.00    0.00    0.00    0.00
21:56:29     all   94.74    0.00    2.51    0.00    0.00    2.76    0.00    0.00    0.00    0.00
21:56:30     all   94.29    0.00    1.99    0.00    0.00    3.72    0.00    0.00    0.00    0.00
21:56:31     all   94.24    0.00    2.26    0.00    0.00    3.51    0.00    0.00    0.00    0.00
21:56:32     all   95.73    0.00    2.01    0.00    0.00    2.26    0.00    0.00    0.00    0.00
21:56:33     all   94.01    0.00    2.99    0.00    0.00    2.99    0.00    0.00    0.00    0.00
21:56:34     all   94.78    0.00    2.24    0.00    0.00    2.99    0.00    0.00    0.00    0.00
21:56:35     all   93.73    0.00    3.51    0.00    0.00    2.76    0.00    0.00    0.00    0.00
21:56:36     all   95.00    0.00    2.25    0.00    0.00    2.75    0.00    0.00    0.00    0.00
21:56:37     all   94.72    0.00    2.26    0.00    0.00    3.02    0.00    0.00    0.00    0.00
21:56:38     all   94.04    0.00    2.73    0.00    0.00    3.23    0.00    0.00    0.00    0.00
21:56:39     all   95.73    0.00    1.76    0.00    0.00    2.51    0.00    0.00    0.00    0.00
21:56:40     all   94.76    0.00    2.24    0.00    0.00    2.99    0.00    0.00    0.00    0.00
21:56:41     all   94.28    0.00    2.49    0.00    0.00    3.23    0.00    0.00    0.00    0.00
21:56:42     all   95.73    0.00    2.26    0.00    0.00    2.01    0.00    0.00    0.00    0.00
21:56:43     all   94.25    0.00    2.00    0.00    0.00    3.75    0.00    0.00    0.00    0.00
21:56:44     all   95.02    0.00    1.99    0.00    0.00    2.74    0.00    0.00    0.00    0.25
21:56:45     all   94.76    0.00    2.24    0.00    0.00    2.99    0.00    0.00    0.00    0.00
21:56:46     all   94.99    0.00    2.01    0.00    0.00    2.76    0.00    0.00    0.00    0.25
21:56:47     all   95.00    0.00    2.50    0.00    0.00    2.50    0.00    0.00    0.00    0.00
21:56:48     all   94.03    0.00    2.49    0.00    0.00    3.48    0.00    0.00    0.00    0.00
21:56:49     all   94.28    0.00    2.49    0.00    0.00    3.23    0.00    0.00    0.00    0.00
21:56:50     all   94.74    0.00    2.51    0.00    0.00    2.76    0.00    0.00    0.00    0.00
21:56:51     all   94.75    0.00    2.25    0.00    0.00    3.00    0.00    0.00    0.00    0.00
21:56:52     all   94.75    0.00    2.50    0.00    0.00    2.75    0.00    0.00    0.00    0.00
21:56:53     all   94.51    0.00    2.49    0.00    0.00    2.99    0.00    0.00    0.00    0.00
21:56:54     all   95.25    0.00    2.50    0.00    0.00    2.25    0.00    0.00    0.00    0.00
21:56:55     all   94.26    0.00    2.24    0.00    0.00    3.49    0.00    0.00    0.00    0.00
21:56:56     all   94.46    0.00    2.27    0.00    0.00    3.27    0.00    0.00    0.00    0.00
21:56:57     all   94.55    0.00    1.98    0.00    0.00    3.47    0.00    0.00    0.00    0.00
21:56:58     all   95.23    0.00    2.01    0.00    0.00    2.51    0.00    0.00    0.00    0.25
21:56:59     all   94.01    0.00    2.00    0.00    0.00    3.24    0.00    0.00    0.00    0.75
21:57:00     all   92.75    0.00    2.25    0.00    0.00    2.50    0.00    0.00    0.00    2.50
21:57:01     all   94.24    0.00    2.26    0.00    0.00    3.26    0.00    0.00    0.00    0.25
21:57:02     all   95.25    0.00    2.25    0.00    0.00    2.50    0.00    0.00    0.00    0.00
21:57:03     all   94.54    0.00    2.48    0.00    0.00    2.73    0.00    0.00    0.00    0.25
21:57:04     all   95.23    0.00    2.01    0.00    0.00    2.76    0.00    0.00    0.00    0.00
21:57:05     all   94.79    0.00    2.48    0.00    0.00    2.73    0.00    0.00    0.00    0.00
21:57:06     all   94.72    0.00    2.26    0.00    0.00    2.76    0.00    0.00    0.00    0.25
21:57:07     all   95.76    0.00    2.24    0.00    0.00    2.00    0.00    0.00    0.00    0.00
21:57:08     all   95.01    0.00    2.24    0.00    0.00    2.74    0.00    0.00    0.00    0.00
21:57:09     all   94.76    0.00    2.24    0.00    0.00    2.99    0.00    0.00    0.00    0.00
21:57:10     all   95.00    0.00    2.00    0.00    0.00    3.00    0.00    0.00    0.00    0.00
21:57:11     all   95.24    0.00    1.75    0.00    0.00    3.01    0.00    0.00    0.00    0.00
21:57:12     all   94.76    0.00    2.49    0.00    0.00    2.74    0.00    0.00    0.00    0.00
21:57:13     all   95.26    0.00    2.00    0.00    0.00    2.74    0.00    0.00    0.00    0.00
21:57:14     all   94.54    0.00    2.23    0.00    0.00    3.23    0.00    0.00    0.00    0.00
21:57:15     all   95.23    0.00    2.01    0.00    0.00    2.76    0.00    0.00    0.00    0.00
21:57:16     all   95.00    0.00    2.25    0.00    0.00    2.75    0.00    0.00    0.00    0.00
21:57:17     all   95.01    0.00    2.00    0.00    0.00    2.99    0.00    0.00    0.00    0.00
21:57:18     all   95.47    0.00    2.27    0.00    0.00    2.27    0.00    0.00    0.00    0.00
21:57:19     all   95.04    0.00    1.99    0.00    0.00    2.73    0.00    0.00    0.00    0.25
21:57:20     all   94.99    0.00    2.01    0.00    0.00    3.01    0.00    0.00    0.00    0.00
21:57:21     all   95.00    0.00    2.25    0.00    0.00    2.75    0.00    0.00    0.00    0.00
21:57:22     all   94.53    0.00    1.99    0.00    0.00    3.48    0.00    0.00    0.00    0.00
21:57:23     all   95.24    0.00    2.01    0.00    0.00    2.76    0.00    0.00    0.00    0.00
21:57:24     all   95.00    0.00    2.00    0.00    0.00    3.00    0.00    0.00    0.00    0.00
21:57:25     all   94.51    0.00    2.24    0.00    0.00    3.24    0.00    0.00    0.00    0.00
21:57:26     all   94.75    0.00    2.50    0.00    0.00    2.75    0.00    0.00    0.00    0.00
21:57:27     all   89.53    0.00    1.75    0.00    0.00    3.24    0.00    0.00    0.00    5.49
21:57:28     all   94.76    0.00    2.49    0.00    0.00    2.74    0.00    0.00    0.00    0.00
21:57:29     all   94.99    0.00    2.01    0.00    0.00    3.01    0.00    0.00    0.00    0.00
21:57:30     all   94.53    0.00    2.49    0.00    0.00    2.99    0.00    0.00    0.00    0.00
21:57:31     all   95.98    0.00    1.76    0.00    0.00    2.26    0.00    0.00    0.00    0.00
21:57:32     all   95.51    0.00    1.75    0.00    0.00    2.74    0.00    0.00    0.00    0.00
21:57:33     all   94.01    0.00    2.99    0.00    0.00    2.74    0.00    0.00    0.00    0.25
21:57:34     all   94.26    0.00    2.49    0.00    0.00    3.24    0.00    0.00    0.00    0.00
21:57:35     all   93.25    0.00    3.50    0.00    0.00    3.00    0.00    0.00    0.00    0.25
21:57:36     all   94.76    0.00    2.00    0.00    0.00    3.24    0.00    0.00    0.00    0.00
21:57:37     all   94.28    0.00    2.74    0.00    0.00    2.99    0.00    0.00    0.00    0.00
21:57:38     all   95.50    0.00    1.50    0.00    0.00    3.00    0.00    0.00    0.00    0.00
21:57:39     all   95.01    0.00    2.00    0.00    0.00    2.99    0.00    0.00    0.00    0.00
21:57:40     all   95.48    0.00    1.76    0.00    0.00    2.76    0.00    0.00    0.00    0.00
21:57:41     all   94.51    0.00    2.24    0.00    0.00    3.24    0.00    0.00    0.00    0.00
21:57:42     all   94.50    0.00    2.00    0.00    0.00    3.25    0.00    0.00    0.00    0.25
21:57:43     all   94.50    0.00    2.50    0.00    0.00    3.00    0.00    0.00    0.00    0.00
21:57:44     all   93.77    0.00    2.74    0.00    0.00    3.49    0.00    0.00    0.00    0.00
21:57:45     all   94.25    0.00    2.50    0.00    0.00    3.25    0.00    0.00    0.00    0.00
21:57:46     all   94.97    0.00    2.01    0.00    0.00    3.02    0.00    0.00    0.00    0.00
21:57:47     all   94.06    0.00    2.48    0.00    0.00    3.47    0.00    0.00    0.00    0.00
21:57:48     all   95.71    0.00    2.27    0.00    0.00    2.02    0.00    0.00    0.00    0.00
21:57:49     all   94.28    0.00    2.24    0.00    0.00    3.48    0.00    0.00    0.00    0.00
21:57:50     all   95.00    0.00    2.00    0.00    0.00    3.00    0.00    0.00    0.00    0.00
21:57:51     all   94.99    0.00    2.01    0.00    0.00    3.01    0.00    0.00    0.00    0.00
21:57:52     all   94.54    0.00    2.48    0.00    0.00    2.98    0.00    0.00    0.00    0.00
21:57:53     all   95.73    0.00    2.01    0.00    0.00    2.26    0.00    0.00    0.00    0.00
21:57:54     all   95.02    0.00    2.49    0.00    0.00    2.49    0.00    0.00    0.00    0.00
21:57:55     all   94.99    0.00    2.01    0.00    0.00    3.01    0.00    0.00    0.00    0.00
21:57:56     all   93.52    0.00    2.49    0.00    0.00    3.74    0.00    0.00    0.00    0.25
21:57:57     all   94.25    0.00    2.25    0.00    0.00    3.50    0.00    0.00    0.00    0.00
21:57:58     all   95.26    0.00    2.24    0.00    0.00    2.49    0.00    0.00    0.00    0.00
21:57:59     all   94.50    0.00    2.00    0.00    0.00    3.50    0.00    0.00    0.00    0.00
21:58:00     all   94.79    0.00    1.99    0.00    0.00    3.23    0.00    0.00    0.00    0.00
21:58:01     all   95.72    0.00    1.76    0.00    0.00    2.52    0.00    0.00    0.00    0.00
21:58:02     all   94.26    0.00    2.24    0.00    0.00    3.49    0.00    0.00    0.00    0.00
21:58:03     all   94.50    0.00    2.25    0.00    0.00    3.25    0.00    0.00    0.00    0.00
21:58:04     all   94.75    0.00    2.50    0.00    0.00    2.75    0.00    0.00    0.00    0.00
21:58:05     all   94.75    0.00    2.25    0.00    0.00    3.00    0.00    0.00    0.00    0.00
21:58:06     all   94.75    0.00    2.00    0.00    0.00    2.75    0.00    0.00    0.00    0.50
21:58:07     all   93.75    0.00    2.50    0.00    0.00    3.50    0.00    0.00    0.00    0.25
21:58:08     all   94.76    0.00    2.49    0.00    0.00    2.49    0.00    0.00    0.00    0.25
21:58:09     all   94.03    0.00    2.74    0.00    0.00    2.99    0.00    0.00    0.00    0.25
21:58:10     all   94.99    0.00    1.75    0.00    0.00    3.26    0.00    0.00    0.00    0.00
21:58:11     all   94.51    0.00    2.49    0.00    0.00    2.99    0.00    0.00    0.00    0.00
21:58:12     all   94.24    0.00    2.01    0.00    0.00    3.76    0.00    0.00    0.00    0.00
21:58:13     all   95.00    0.00    2.50    0.00    0.00    2.50    0.00    0.00    0.00    0.00
21:58:14     all   95.24    0.00    1.75    0.00    0.00    3.01    0.00    0.00    0.00    0.00
21:58:15     all   94.51    0.00    2.49    0.00    0.00    2.99    0.00    0.00    0.00    0.00
21:58:16     all   94.99    0.00    2.26    0.00    0.00    2.76    0.00    0.00    0.00    0.00
21:58:17     all   95.23    0.00    2.01    0.00    0.00    2.76    0.00    0.00    0.00    0.00
21:58:18     all   94.04    0.00    2.98    0.00    0.00    2.98    0.00    0.00    0.00    0.00
21:58:19     all   95.25    0.00    2.00    0.00    0.00    2.75    0.00    0.00    0.00    0.00
21:58:20     all   95.01    0.00    2.24    0.00    0.00    2.74    0.00    0.00    0.00    0.00
21:58:21     all   94.74    0.00    2.26    0.00    0.00    3.01    0.00    0.00    0.00    0.00
21:58:22     all   94.78    0.00    1.99    0.00    0.00    3.23    0.00    0.00    0.00    0.00
21:58:23     all   94.25    0.00    2.50    0.00    0.00    3.25    0.00    0.00    0.00    0.00
21:58:24     all   95.48    0.00    1.51    0.00    0.00    3.02    0.00    0.00    0.00    0.00
21:58:25     all   95.02    0.00    2.49    0.00    0.00    2.49    0.00    0.00    0.00    0.00
21:58:26     all   32.91    0.00    3.52    0.00    0.00    1.01    0.00    0.00    0.00   62.56
Average:     all   94.36    0.00    2.45    0.00    0.00    2.99    0.00    0.00    0.00    0.20
