Linux 6.8.0-1062-azure (csb-bench-host-azure) 	08/05/26 	_x86_64_	(4 CPU)

16:08:23     CPU    %usr   %nice    %sys %iowait    %irq   %soft  %steal  %guest  %gnice   %idle
16:08:24     all    1.26    0.00    1.01   96.98    0.00    0.00    0.00    0.00    0.00    0.75
16:08:25     all    0.75    0.00    0.25   98.75    0.00    0.25    0.00    0.00    0.00    0.00
16:08:26     all    0.75    0.00    0.50   98.49    0.00    0.25    0.00    0.00    0.00    0.00
16:08:27     all    0.75    0.00    0.50   98.75    0.00    0.00    0.00    0.00    0.00    0.00
16:08:28     all    0.51    0.00    0.00   99.24    0.00    0.25    0.00    0.00    0.00    0.00
16:08:29     all    0.25    0.00    0.25   99.49    0.00    0.00    0.00    0.00    0.00    0.00
16:08:30     all    0.75    0.00    0.75   98.25    0.00    0.25    0.00    0.00    0.00    0.00
16:08:31     all    0.51    0.00    0.00   99.49    0.00    0.00    0.00    0.00    0.00    0.00
16:08:32     all    0.50    0.00    0.50   98.99    0.00    0.00    0.00    0.00    0.00    0.00
16:08:33     all    1.00    0.00    0.50   98.25    0.00    0.25    0.00    0.00    0.00    0.00
16:08:34     all    0.51    0.00    0.00   99.49    0.00    0.00    0.00    0.00    0.00    0.00
16:08:35     all    0.75    0.00    0.25   98.75    0.00    0.25    0.00    0.00    0.00    0.00
16:08:36     all    0.50    0.00    0.75   98.49    0.00    0.25    0.00    0.00    0.00    0.00
16:08:37     all    1.00    0.00    0.25   98.75    0.00    0.00    0.00    0.00    0.00    0.00
16:08:38     all    1.00    0.00    0.50   98.25    0.00    0.25    0.00    0.00    0.00    0.00
16:08:39     all    0.51    0.00    0.25   99.24    0.00    0.00    0.00    0.00    0.00    0.00
16:08:40     all    1.00    0.00    0.75   98.01    0.00    0.25    0.00    0.00    0.00    0.00
16:08:41     all    0.51    0.00    0.00   99.49    0.00    0.00    0.00    0.00    0.00    0.00
16:08:42     all    1.00    0.00    0.50   98.51    0.00    0.00    0.00    0.00    0.00    0.00
16:08:43     all    0.50    0.00    0.50   98.74    0.00    0.25    0.00    0.00    0.00    0.00
16:08:44     all    1.00    0.00    0.50   98.25    0.00    0.25    0.00    0.00    0.00    0.00
16:08:45     all    0.75    0.00    0.25   98.99    0.00    0.00    0.00    0.00    0.00    0.00
16:08:46     all    0.75    0.00    0.50   98.50    0.00    0.25    0.00    0.00    0.00    0.00
16:08:47     all    0.51    0.00    0.00   99.49    0.00    0.00    0.00    0.00    0.00    0.00
16:08:48     all    0.75    0.00    0.50   98.50    0.00    0.25    0.00    0.00    0.00    0.00
16:08:49     all    0.51    0.00    0.25   99.24    0.00    0.00    0.00    0.00    0.00    0.00
16:08:50     all    1.00    0.00    0.75   98.25    0.00    0.00    0.00    0.00    0.00    0.00
16:08:51     all    0.50    0.00    0.25   98.99    0.00    0.25    0.00    0.00    0.00    0.00
16:08:52     all    1.25    0.00    0.50   98.25    0.00    0.00    0.00    0.00    0.00    0.00
16:08:53     all    1.00    0.00    0.25   98.50    0.00    0.25    0.00    0.00    0.00    0.00
16:08:54     all    0.25    0.00    0.76   98.99    0.00    0.00    0.00    0.00    0.00    0.00
16:08:55     all    0.75    0.00    0.25   98.99    0.00    0.00    0.00    0.00    0.00    0.00
16:08:56     all    0.75    0.00    0.50   98.49    0.00    0.25    0.00    0.00    0.00    0.00
16:08:57     all    0.50    0.00    0.75   98.75    0.00    0.00    0.00    0.00    0.00    0.00
16:08:58     all    1.01    0.00    0.25   98.74    0.00    0.00    0.00    0.00    0.00    0.00
16:08:59     all    0.25    0.00    0.50   98.99    0.00    0.25    0.00    0.00    0.00    0.00
16:09:00     all    1.25    0.00    0.25   98.50    0.00    0.00    0.00    0.00    0.00    0.00
16:09:01     all    0.50    0.00    0.50   98.99    0.00    0.00    0.00    0.00    0.00    0.00
16:09:02     all    0.75    0.00    0.25   98.75    0.00    0.25    0.00    0.00    0.00    0.00
16:09:03     all    0.50    0.00    0.25   98.99    0.00    0.25    0.00    0.00    0.00    0.00
16:09:04     all    1.00    0.00    0.50   98.50    0.00    0.00    0.00    0.00    0.00    0.00
16:09:05     all    0.25    0.00    0.50   98.99    0.00    0.25    0.00    0.00    0.00    0.00
16:09:06     all    1.00    0.00    0.50   98.50    0.00    0.00    0.00    0.00    0.00    0.00
16:09:07     all    1.00    0.00    1.00   96.52    0.00    0.25    0.00    0.00    0.00    1.24
16:09:08     all    0.51    0.00    0.25   98.99    0.00    0.25    0.00    0.00    0.00    0.00
16:09:09     all    0.50    0.00    0.50   99.00    0.00    0.00    0.00    0.00    0.00    0.00
16:09:10     all    0.75    0.00    0.50   98.50    0.00    0.25    0.00    0.00    0.00    0.00
16:09:11     all    0.51    0.00    0.25   99.24    0.00    0.00    0.00    0.00    0.00    0.00
16:09:12     all    1.00    0.00    0.50   98.50    0.00    0.00    0.00    0.00    0.00    0.00
16:09:13     all    0.75    0.00    0.50   98.50    0.00    0.25    0.00    0.00    0.00    0.00
16:09:14     all    0.51    0.00    0.00   99.49    0.00    0.00    0.00    0.00    0.00    0.00
16:09:15     all    0.75    0.00    0.75   98.26    0.00    0.25    0.00    0.00    0.00    0.00
16:09:16     all    0.76    0.00    0.25   98.99    0.00    0.00    0.00    0.00    0.00    0.00
16:09:17     all    0.75    0.00    0.50   98.49    0.00    0.25    0.00    0.00    0.00    0.00
16:09:18     all    1.00    0.00    0.25   98.50    0.00    0.25    0.00    0.00    0.00    0.00
16:09:19     all    0.75    0.00    0.50   98.74    0.00    0.00    0.00    0.00    0.00    0.00
16:09:20     all    0.51    0.00    0.76   98.74    0.00    0.00    0.00    0.00    0.00    0.00
16:09:21     all    1.00    0.00    0.00   98.75    0.00    0.25    0.00    0.00    0.00    0.00
16:09:22     all    1.01    0.00    1.26   97.49    0.00    0.25    0.00    0.00    0.00    0.00
16:09:23     all    0.50    0.00    0.25   98.99    0.00    0.25    0.00    0.00    0.00    0.00
16:09:24     all    1.00    0.00    0.50   83.46    0.00    0.00    0.00    0.00    0.00   15.04
16:09:25     all    0.50    0.00    0.50   58.79    0.00    0.00    0.00    0.00    0.00   40.20
16:09:26     all    0.76    0.00    0.76   28.86    0.00    0.00    0.00    0.00    0.00   69.62
16:09:27     all    0.51    0.00    1.26   25.76    0.00    0.00    0.00    0.00    0.00   72.47
16:09:28     all    0.51    0.00    0.76   25.76    0.00    0.00    0.00    0.00    0.00   72.98
16:09:29     all    0.25    0.00    1.01   25.82    0.00    0.00    0.00    0.00    0.00   72.91
16:09:30     all    0.75    0.00    1.25   24.44    0.00    0.00    0.00    0.00    0.00   73.57
16:09:31     all    0.51    0.00    0.76   24.05    0.00    0.00    0.00    0.00    0.00   74.68
16:09:32     all    0.50    0.00    1.26   23.62    0.00    0.00    0.00    0.00    0.00   74.62
16:09:33     all    0.50    0.00    1.00   23.81    0.00    0.00    0.00    0.00    0.00   74.69
16:09:34     all    0.50    0.00    1.01   23.93    0.00    0.00    0.00    0.00    0.00   74.56
16:09:35     all    0.50    0.00    0.76   23.68    0.00    0.00    0.00    0.00    0.00   75.06
16:09:36     all    0.76    0.00    1.01   23.74    0.00    0.25    0.00    0.00    0.00   74.24
16:09:37     all    0.50    0.00    1.00   23.81    0.00    0.00    0.00    0.00    0.00   74.69
16:09:38     all    1.00    0.00    1.00   23.56    0.00    0.00    0.00    0.00    0.00   74.44
16:09:39     all    0.50    0.00    1.25   23.81    0.00    0.00    0.00    0.00    0.00   74.44
16:09:40     all    0.25    0.00    0.76   23.86    0.00    0.00    0.00    0.00    0.00   75.13
16:09:41     all    0.50    0.00    1.01   24.18    0.00    0.00    0.00    0.00    0.00   74.31
16:09:42     all    0.25    0.00    0.76   24.05    0.00    0.00    0.00    0.00    0.00   74.94
16:09:43     all    0.50    0.00    1.26   23.87    0.00    0.00    0.00    0.00    0.00   74.37
16:09:44     all    1.01    0.00    0.25   23.74    0.00    0.00    0.00    0.00    0.00   75.00
16:09:45     all    0.50    0.00    1.25   23.94    0.00    0.00    0.00    0.00    0.00   74.31
16:09:46     all    0.25    0.00    1.26   23.68    0.00    0.00    0.00    0.00    0.00   74.81
16:09:47     all    0.76    0.00    1.01   23.68    0.00    0.00    0.00    0.00    0.00   74.56
16:09:48     all    0.25    0.00    0.51   24.30    0.00    0.00    0.00    0.00    0.00   74.94
16:09:49     all    0.76    0.00    1.26   23.43    0.00    0.00    0.00    0.00    0.00   74.56
16:09:50     all    0.50    0.00    1.01   23.68    0.00    0.00    0.00    0.00    0.00   74.81
16:09:51     all    0.50    0.00    1.50   23.81    0.00    0.00    0.00    0.00    0.00   74.19
16:09:52     all    0.50    0.00    1.01   23.68    0.00    0.00    0.00    0.00    0.00   74.81
16:09:53     all    0.50    0.00    0.76   24.18    0.00    0.00    0.00    0.00    0.00   74.56
16:09:54     all    0.51    0.00    1.01   23.74    0.00    0.00    0.00    0.00    0.00   74.75
16:09:55     all    0.25    0.00    0.76   23.80    0.00    0.00    0.00    0.00    0.00   75.19
16:09:56     all    0.75    0.00    1.25   23.56    0.00    0.00    0.00    0.00    0.00   74.44
16:09:57     all    0.51    0.00    0.51   23.92    0.00    0.00    0.00    0.00    0.00   75.06
16:09:58     all    1.00    0.00    1.74   23.38    0.00    0.00    0.00    0.00    0.00   73.88
16:09:59     all    0.00    0.00    0.76   23.86    0.00    0.00    0.00    0.00    0.00   75.38
16:10:00     all    0.00    0.00    0.51   24.49    0.00    0.00    0.00    0.00    0.00   75.00
16:10:01     all    1.01    0.00    0.76   23.74    0.00    0.00    0.00    0.00    0.00   74.49
16:10:02     all    0.25    0.00    1.01   23.99    0.00    0.00    0.00    0.00    0.00   74.75
16:10:03     all    1.00    0.00    1.50   23.50    0.00    0.25    0.00    0.00    0.00   73.75
16:10:04     all    0.50    0.00    0.75   23.87    0.00    0.00    0.00    0.00    0.00   74.87
16:10:05     all    0.50    0.00    0.50   23.93    0.00    0.00    0.00    0.00    0.00   75.06
16:10:06     all    0.76    0.00    1.26   23.93    0.00    0.25    0.00    0.00    0.00   73.80
16:10:07     all    0.00    0.00    1.01   23.80    0.00    0.00    0.00    0.00    0.00   75.19
16:10:08     all    0.75    0.00    1.25   23.94    0.00    0.00    0.00    0.00    0.00   74.06
16:10:09     all    0.76    0.00    0.51   23.80    0.00    0.25    0.00    0.00    0.00   74.68
16:10:10     all    0.51    0.00    1.01   23.74    0.00    0.00    0.00    0.00    0.00   74.75
16:10:11     all    0.25    0.00    0.51   23.86    0.00    0.00    0.00    0.00    0.00   75.38
16:10:12     all    0.50    0.00    1.26   23.87    0.00    0.00    0.00    0.00    0.00   74.37
16:10:13     all    0.50    0.00    1.01   23.87    0.00    0.00    0.00    0.00    0.00   74.62
16:10:14     all    0.25    0.00    1.01   23.54    0.00    0.00    0.00    0.00    0.00   75.19
16:10:15     all    0.75    0.00    0.75   23.87    0.00    0.00    0.00    0.00    0.00   74.62
16:10:16     all    0.25    0.00    1.01   23.99    0.00    0.00    0.00    0.00    0.00   74.75
16:10:17     all    0.51    0.00    1.01   23.74    0.00    0.00    0.00    0.00    0.00   74.75
16:10:18     all    0.76    0.00    0.76   23.93    0.00    0.00    0.00    0.00    0.00   74.56
16:10:19     all    0.25    0.00    1.26   23.68    0.00    0.00    0.00    0.00    0.00   74.81
16:10:20     all    0.76    0.00    0.76   23.68    0.00    0.00    0.00    0.00    0.00   74.81
16:10:21     all    0.75    0.00    1.00   23.81    0.00    0.25    0.00    0.00    0.00   74.19
16:10:22     all    0.51    0.00    1.53   23.66    0.00    0.00    0.00    0.00    0.00   74.30
16:10:23     all    0.25    0.00    1.01   23.93    0.00    0.00    0.00    0.00    0.00   74.81
16:10:24     all    0.51    0.00    1.01   23.74    0.00    0.00    0.00    0.00    0.00   74.75
16:10:25     all    0.25    0.00    1.26   23.87    0.00    0.00    0.00    0.00    0.00   74.62
16:10:26     all    1.01    0.00    1.01   23.48    0.00    0.00    0.00    0.00    0.00   74.49
16:10:27     all    0.25    0.00    1.01   23.80    0.00    0.00    0.00    0.00    0.00   74.94
16:10:28     all    0.50    0.00    1.01   23.68    0.00    0.00    0.00    0.00    0.00   74.81
16:10:29     all    0.25    0.00    1.26   23.93    0.00    0.00    0.00    0.00    0.00   74.56
16:10:30     all    0.75    0.00    0.75   23.87    0.00    0.00    0.00    0.00    0.00   74.62
16:10:31     all    0.25    0.00    1.26   23.48    0.00    0.00    0.00    0.00    0.00   75.00
16:10:32     all    0.00    0.00    0.51   23.98    0.00    0.00    0.00    0.00    0.00   75.51
16:10:33     all    1.00    0.00    1.00   24.00    0.00    0.00    0.00    0.00    0.00   74.00
16:10:34     all    0.51    0.00    0.76   23.60    0.00    0.00    0.00    0.00    0.00   75.13
16:10:35     all    0.75    0.00    1.26   23.87    0.00    0.00    0.00    0.00    0.00   74.12
16:10:36     all    0.25    0.00    0.76   23.80    0.00    0.00    0.00    0.00    0.00   75.19
16:10:37     all    0.76    0.00    0.51   23.48    0.00    0.00    0.00    0.00    0.00   75.25
16:10:38     all    0.50    0.00    1.01   24.18    0.00    0.00    0.00    0.00    0.00   74.31
16:10:39     all    0.76    0.00    0.51   24.05    0.00    0.00    0.00    0.00    0.00   74.68
16:10:40     all    0.50    0.00    1.01   23.62    0.00    0.25    0.00    0.00    0.00   74.62
16:10:41     all    0.25    0.00    0.76   23.99    0.00    0.00    0.00    0.00    0.00   75.00
16:10:42     all    0.51    0.00    1.01   23.54    0.00    0.00    0.00    0.00    0.00   74.94
16:10:43     all    0.50    0.00    0.76   23.93    0.00    0.00    0.00    0.00    0.00   74.81
16:10:44     all    0.50    0.00    1.50   23.75    0.00    0.00    0.00    0.00    0.00   74.25
16:10:45     all    1.01    0.00    1.26   23.37    0.00    0.00    0.00    0.00    0.00   74.37
16:10:46     all    0.75    0.00    1.51   23.62    0.00    0.00    0.00    0.00    0.00   74.12
16:10:47     all    0.25    0.00    1.26   23.68    0.00    0.00    0.00    0.00    0.00   74.81
16:10:48     all    0.00    0.00    0.76   23.66    0.00    0.00    0.00    0.00    0.00   75.57
16:10:49     all    0.75    0.00    1.00   23.94    0.00    0.00    0.00    0.00    0.00   74.31
16:10:50     all    0.51    0.00    0.76   24.05    0.00    0.00    0.00    0.00    0.00   74.68
16:10:51     all    0.51    0.00    1.01   23.74    0.00    0.00    0.00    0.00    0.00   74.75
16:10:52     all    0.51    0.00    0.25   23.92    0.00    0.00    0.00    0.00    0.00   75.32
16:10:53     all    0.75    0.00    1.50   23.50    0.00    0.00    0.00    0.00    0.00   74.25
16:10:54     all    0.25    0.00    0.51   23.92    0.00    0.00    0.00    0.00    0.00   75.32
16:10:55     all    0.75    0.00    1.50   23.69    0.00    0.00    0.00    0.00    0.00   74.06
16:10:56     all    0.25    0.00    0.76   23.99    0.00    0.25    0.00    0.00    0.00   74.75
16:10:57     all    0.25    0.00    0.76   23.66    0.00    0.00    0.00    0.00    0.00   75.32
16:10:58     all    0.51    0.00    0.51   23.99    0.00    0.00    0.00    0.00    0.00   75.00
16:10:59     all    0.25    0.00    1.01   23.93    0.00    0.00    0.00    0.00    0.00   74.81
16:11:00     all    0.75    0.00    1.26   23.62    0.00    0.00    0.00    0.00    0.00   74.37
16:11:01     all    0.26    0.00    0.51   23.72    0.00    0.00    0.00    0.00    0.00   75.51
16:11:02     all    0.50    0.00    1.00   24.06    0.00    0.00    0.00    0.00    0.00   74.44
16:11:03     all    1.01    0.00    1.26   23.62    0.00    0.00    0.00    0.00    0.00   74.12
16:11:04     all    0.00    0.00    0.76   24.11    0.00    0.00    0.00    0.00    0.00   75.13
16:11:05     all    1.00    0.00    1.50   23.44    0.00    0.00    0.00    0.00    0.00   74.06
16:11:06     all    0.00    0.00    0.76   23.92    0.00    0.00    0.00    0.00    0.00   75.32
16:11:07     all    0.99    0.00    1.49   23.82    0.00    0.00    0.00    0.00    0.00   73.70
16:11:08     all    0.75    0.00    1.25   23.56    0.00    0.00    0.00    0.00    0.00   74.44
16:11:09     all    0.76    0.00    0.51   23.92    0.00    0.00    0.00    0.00    0.00   74.81
16:11:10     all    0.50    0.00    1.26   23.68    0.00    0.00    0.00    0.00    0.00   74.56
16:11:11     all    0.25    0.00    0.76   23.80    0.00    0.00    0.00    0.00    0.00   75.19
16:11:12     all    1.00    0.00    1.25   23.94    0.00    0.00    0.00    0.00    0.00   73.82
16:11:13     all    0.25    0.00    1.01   23.68    0.00    0.00    0.00    0.00    0.00   75.06
16:11:14     all    0.76    0.00    1.01   23.80    0.00    0.00    0.00    0.00    0.00   74.43
16:11:15     all    0.25    0.00    1.26   23.93    0.00    0.00    0.00    0.00    0.00   74.56
16:11:16     all    1.00    0.00    1.50   23.44    0.00    0.00    0.00    0.00    0.00   74.06
16:11:17     all    0.50    0.00    1.01   23.68    0.00    0.00    0.00    0.00    0.00   74.81
16:11:18     all    0.50    0.00    1.26   23.68    0.00    0.00    0.00    0.00    0.00   74.56
16:11:19     all    0.51    0.00    0.51   23.99    0.00    0.00    0.00    0.00    0.00   75.00
16:11:20     all    0.25    0.00    0.76   23.86    0.00    0.00    0.00    0.00    0.00   75.13
16:11:21     all    0.75    0.00    1.99   23.38    0.00    0.00    0.00    0.00    0.00   73.88
16:11:22     all    1.01    0.00    2.01   23.62    0.00    0.00    0.00    0.00    0.00   73.37
16:11:23     all    0.50    0.00    1.50   23.75    0.00    0.00    0.00    0.00    0.00   74.25
16:11:24     all    0.25    0.00    1.26   23.74    0.00    0.00    0.00    0.00    0.00   74.75
16:11:25     all    0.51    0.00    0.76   23.99    0.00    0.00    0.00    0.00    0.00   74.75
16:11:26     all    0.51    0.00    0.76   23.80    0.00    0.00    0.00    0.00    0.00   74.94
16:11:27     all    1.00    0.00    1.00   23.56    0.00    0.00    0.00    0.00    0.00   74.44
16:11:28     all    0.00    0.00    1.27   23.80    0.00    0.00    0.00    0.00    0.00   74.94
16:11:29     all    0.75    0.00    1.00   23.81    0.00    0.25    0.00    0.00    0.00   74.19
16:11:30     all    0.76    0.00    0.76   23.54    0.00    0.00    0.00    0.00    0.00   74.94
16:11:31     all    0.50    0.00    1.01   23.87    0.00    0.00    0.00    0.00    0.00   74.62
16:11:32     all    0.25    0.00    1.01   23.74    0.00    0.00    0.00    0.00    0.00   75.00
16:11:33     all    0.50    0.00    1.51   23.93    0.00    0.00    0.00    0.00    0.00   74.06
16:11:34     all    0.75    0.00    1.25   23.94    0.00    0.00    0.00    0.00    0.00   74.06
16:11:35     all    0.25    0.00    1.02   23.35    0.00    0.00    0.00    0.00    0.00   75.38
16:11:36     all    0.75    0.00    1.00   23.75    0.00    0.00    0.00    0.00    0.00   74.50
16:11:37     all    0.26    0.00    0.51   24.04    0.00    0.00    0.00    0.00    0.00   75.19
16:11:38     all    0.75    0.00    1.50   23.44    0.00    0.00    0.00    0.00    0.00   74.31
16:11:39     all    0.75    0.00    1.25   24.06    0.00    0.00    0.00    0.00    0.00   73.93
16:11:40     all    0.50    0.00    1.26   23.43    0.00    0.00    0.00    0.00    0.00   74.81
16:11:41     all    0.25    0.00    0.76   23.99    0.00    0.00    0.00    0.00    0.00   75.00
16:11:42     all    0.51    0.00    0.51   23.92    0.00    0.00    0.00    0.00    0.00   75.06
16:11:43     all    1.00    0.00    1.50   23.31    0.00    0.00    0.00    0.00    0.00   74.19
16:11:44     all    0.25    0.00    0.25   24.11    0.00    0.00    0.00    0.00    0.00   75.38
16:11:45     all    0.50    0.00    1.50   24.06    0.00    0.00    0.00    0.00    0.00   73.93
16:11:46     all    1.01    0.00    0.75   23.37    0.00    0.00    0.00    0.00    0.00   74.87
16:11:47     all    0.25    0.00    1.75   23.69    0.00    0.25    0.00    0.00    0.00   74.06
16:11:48     all    0.50    0.00    1.01   23.68    0.00    0.00    0.00    0.00    0.00   74.81
16:11:49     all    0.50    0.00    1.01   23.93    0.00    0.00    0.00    0.00    0.00   74.56
16:11:50     all    0.25    0.00    1.01   23.80    0.00    0.00    0.00    0.00    0.00   74.94
16:11:51     all    1.00    0.00    1.25   23.75    0.00    0.00    0.00    0.00    0.00   74.00
16:11:52     all    0.25    0.00    0.76   23.80    0.00    0.00    0.00    0.00    0.00   75.19
16:11:53     all    0.25    0.00    0.76   23.92    0.00    0.00    0.00    0.00    0.00   75.06
16:11:54     all    0.50    0.00    1.26   23.62    0.00    0.00    0.00    0.00    0.00   74.62
16:11:55     all    0.50    0.00    0.50   23.93    0.00    0.00    0.00    0.00    0.00   75.06
16:11:56     all    0.50    0.00    1.51   23.87    0.00    0.00    0.00    0.00    0.00   74.12
16:11:57     all    0.76    0.00    0.76   23.68    0.00    0.00    0.00    0.00    0.00   74.81
16:11:58     all    0.75    0.00    1.25   23.81    0.00    0.00    0.00    0.00    0.00   74.19
16:11:59     all    0.50    0.00    1.25   23.81    0.00    0.00    0.00    0.00    0.00   74.44
16:12:00     all    0.51    0.00    0.76   23.54    0.00    0.00    0.00    0.00    0.00   75.19
16:12:01     all    0.75    0.00    0.75   24.12    0.00    0.00    0.00    0.00    0.00   74.37
16:12:02     all    0.51    0.00    0.76   23.99    0.00    0.00    0.00    0.00    0.00   74.75
16:12:03     all    0.75    0.00    1.01   23.37    0.00    0.25    0.00    0.00    0.00   74.62
16:12:04     all    0.00    0.00    1.02   24.11    0.00    0.00    0.00    0.00    0.00   74.87
16:12:05     all    0.51    0.00    0.76   23.80    0.00    0.00    0.00    0.00    0.00   74.94
16:12:06     all    0.75    0.00    0.50   23.87    0.00    0.00    0.00    0.00    0.00   74.87
16:12:07     all    0.50    0.00    1.01   23.68    0.00    0.00    0.00    0.00    0.00   74.81
16:12:08     all    0.25    0.00    1.02   23.86    0.00    0.00    0.00    0.00    0.00   74.87
16:12:09     all    0.51    0.00    0.76   23.99    0.00    0.00    0.00    0.00    0.00   74.75
16:12:10     all    0.75    0.00    1.00   23.81    0.00    0.00    0.00    0.00    0.00   74.44
16:12:11     all    0.25    0.00    0.76   23.80    0.00    0.00    0.00    0.00    0.00   75.19
16:12:12     all    0.75    0.00    1.26   23.62    0.00    0.00    0.00    0.00    0.00   74.37
16:12:13     all    0.51    0.00    1.01   23.54    0.00    0.00    0.00    0.00    0.00   74.94
16:12:14     all    0.74    0.00    1.74   23.82    0.00    0.00    0.00    0.00    0.00   73.70
16:12:15     all    0.51    0.00    0.51   23.92    0.00    0.00    0.00    0.00    0.00   75.06
16:12:16     all    0.25    0.00    1.01   23.93    0.00    0.00    0.00    0.00    0.00   74.81
16:12:17     all    0.75    0.00    1.01   23.12    0.00    0.00    0.00    0.00    0.00   75.13
16:12:18     all    0.00    0.00    0.51   24.17    0.00    0.00    0.00    0.00    0.00   75.32
16:12:19     all    1.01    0.00    0.76   23.68    0.00    0.00    0.00    0.00    0.00   74.56
16:12:20     all    0.00    0.00    1.26   23.99    0.00    0.00    0.00    0.00    0.00   74.75
16:12:21     all    0.76    0.00    0.76   23.74    0.00    0.00    0.00    0.00    0.00   74.75
16:12:22     all    0.76    0.00    2.02   23.43    0.00    0.00    0.00    0.00    0.00   73.80
16:12:23     all    0.00    0.00    1.01   23.99    0.00    0.00    0.00    0.00    0.00   75.00
16:12:24     all    0.76    0.00    1.01   23.68    0.00    0.00    0.00    0.00    0.00   74.56
16:12:25     all    0.76    0.00    0.76   23.74    0.00    0.00    0.00    0.00    0.00   74.75
16:12:26     all    0.25    0.00    0.76   23.99    0.00    0.00    0.00    0.00    0.00   75.00
16:12:27     all    0.75    0.00    1.26   23.62    0.00    0.00    0.00    0.00    0.00   74.37
16:12:28     all    0.50    0.00    1.01   23.68    0.00    0.00    0.00    0.00    0.00   74.81
16:12:29     all    0.51    0.00    0.51   24.05    0.00    0.00    0.00    0.00    0.00   74.94
16:12:30     all    0.25    0.00    1.01   23.93    0.00    0.00    0.00    0.00    0.00   74.81
16:12:31     all    0.51    0.00    1.52   23.48    0.00    0.00    0.00    0.00    0.00   74.49
16:12:32     all    0.75    0.00    1.00   23.56    0.00    0.00    0.00    0.00    0.00   74.69
16:12:33     all    0.25    0.00    1.26   23.99    0.00    0.00    0.00    0.00    0.00   74.49
16:12:34     all    0.75    0.00    1.01   23.62    0.00    0.00    0.00    0.00    0.00   74.62
16:12:35     all    0.76    0.00    0.76   23.74    0.00    0.00    0.00    0.00    0.00   74.75
16:12:36     all    0.50    0.00    1.26   23.62    0.00    0.00    0.00    0.00    0.00   74.62
16:12:37     all    0.51    0.00    0.76   23.80    0.00    0.00    0.00    0.00    0.00   74.94
16:12:38     all    0.00    0.00    1.01   23.99    0.00    0.00    0.00    0.00    0.00   75.00
16:12:39     all    0.50    0.00    1.01   23.93    0.00    0.00    0.00    0.00    0.00   74.56
16:12:40     all    0.76    0.00    0.51   23.74    0.00    0.00    0.00    0.00    0.00   75.00
16:12:41     all    0.50    0.00    1.26   23.68    0.00    0.00    0.00    0.00    0.00   74.56
16:12:42     all    0.51    0.00    0.76   23.41    0.00    0.00    0.00    0.00    0.00   75.32
16:12:43     all    0.50    0.00    1.00   23.81    0.00    0.25    0.00    0.00    0.00   74.44
16:12:44     all    0.25    0.00    0.76   24.05    0.00    0.00    0.00    0.00    0.00   74.94
16:12:45     all    0.51    0.00    0.76   23.74    0.00    0.00    0.00    0.00    0.00   75.00
16:12:46     all    0.25    0.00    1.01   23.80    0.00    0.00    0.00    0.00    0.00   74.94
16:12:47     all    0.50    0.00    1.01   23.62    0.00    0.00    0.00    0.00    0.00   74.87
16:12:48     all    0.25    0.00    0.76   23.86    0.00    0.00    0.00    0.00    0.00   75.13
16:12:49     all    0.51    0.00    0.76   23.99    0.00    0.00    0.00    0.00    0.00   74.75
16:12:50     all    0.25    0.00    0.51   24.11    0.00    0.00    0.00    0.00    0.00   75.13
16:12:51     all    0.51    0.00    1.01   23.74    0.00    0.00    0.00    0.00    0.00   74.75
16:12:52     all    0.75    0.00    1.25   23.56    0.00    0.00    0.00    0.00    0.00   74.44
16:12:53     all    0.75    0.00    1.25   23.56    0.00    0.00    0.00    0.00    0.00   74.44
16:12:54     all    0.00    0.00    0.51   24.17    0.00    0.00    0.00    0.00    0.00   75.32
16:12:55     all    0.75    0.00    1.25   23.81    0.00    0.00    0.00    0.00    0.00   74.19
16:12:56     all    0.25    0.00    1.01   23.80    0.00    0.00    0.00    0.00    0.00   74.94
16:12:57     all    1.01    0.00    0.51   23.74    0.00    0.00    0.00    0.00    0.00   74.75
16:12:58     all    0.25    0.00    1.01   23.54    0.00    0.00    0.00    0.00    0.00   75.19
16:12:59     all    0.50    0.00    0.75   24.12    0.00    0.00    0.00    0.00    0.00   74.62
16:13:00     all    0.51    0.00    0.76   23.74    0.00    0.00    0.00    0.00    0.00   75.00
16:13:01     all    0.51    0.00    1.01   23.74    0.00    0.00    0.00    0.00    0.00   74.75
16:13:02     all    0.50    0.00    1.50   23.56    0.00    0.00    0.00    0.00    0.00   74.44
16:13:03     all    0.26    0.00    0.26   24.04    0.00    0.00    0.00    0.00    0.00   75.45
16:13:04     all    0.50    0.00    1.51   23.62    0.00    0.00    0.00    0.00    0.00   74.37
16:13:05     all    0.00    0.00    1.26   23.74    0.00    0.25    0.00    0.00    0.00   74.75
16:13:06     all    1.01    0.00    0.50   23.68    0.00    0.00    0.00    0.00    0.00   74.81
16:13:07     all    0.50    0.00    1.01   23.68    0.00    0.00    0.00    0.00    0.00   74.81
16:13:08     all    0.51    0.00    0.76   23.80    0.00    0.00    0.00    0.00    0.00   74.94
16:13:09     all    0.25    0.00    1.01   23.93    0.00    0.25    0.00    0.00    0.00   74.56
16:13:10     all    0.50    0.00    1.01   23.68    0.00    0.00    0.00    0.00    0.00   74.81
16:13:11     all    0.50    0.00    1.26   23.87    0.00    0.00    0.00    0.00    0.00   74.37
16:13:12     all    0.25    0.00    1.01   23.74    0.00    0.00    0.00    0.00    0.00   75.00
16:13:13     all    0.51    0.00    0.76   23.74    0.00    0.00    0.00    0.00    0.00   75.00
16:13:14     all    0.51    0.00    1.01   23.74    0.00    0.00    0.00    0.00    0.00   74.75
16:13:15     all    0.75    0.00    1.25   23.81    0.00    0.00    0.00    0.00    0.00   74.19
16:13:16     all    0.75    0.00    1.50   23.75    0.00    0.00    0.00    0.00    0.00   74.00
16:13:17     all    0.51    0.00    0.76   23.80    0.00    0.00    0.00    0.00    0.00   74.94
16:13:18     all    0.51    0.00    0.51   23.60    0.00    0.00    0.00    0.00    0.00   75.38
16:13:19     all    0.25    0.00    0.51   24.05    0.00    0.00    0.00    0.00    0.00   75.19
16:13:20     all    0.76    0.00    0.76   23.68    0.00    0.00    0.00    0.00    0.00   74.81
16:13:21     all    0.76    0.00    1.01   23.68    0.00    0.00    0.00    0.00    0.00   74.56
16:13:22     all    0.51    0.00    2.03   23.54    0.00    0.00    0.00    0.00    0.00   73.92
16:13:23     all    0.50    0.00    1.26   23.62    0.00    0.00    0.00    0.00    0.00   74.62
16:13:24     all    0.50    0.00    1.01   23.93    0.00    0.00    0.00    0.00    0.00   74.56
16:13:25     all    0.51    0.00    0.51   23.74    0.00    0.00    0.00    0.00    0.00   75.25
16:13:26     all    0.51    0.00    1.01   23.80    0.00    0.00    0.00    0.00    0.00   74.68
16:13:27     all    0.75    0.00    1.00   23.81    0.00    0.00    0.00    0.00    0.00   74.44
16:13:28     all    0.25    0.00    1.02   23.60    0.00    0.00    0.00    0.00    0.00   75.13
16:13:29     all    0.50    0.00    1.01   23.93    0.00    0.00    0.00    0.00    0.00   74.56
16:13:30     all    0.51    0.00    1.01   23.74    0.00    0.00    0.00    0.00    0.00   74.75
16:13:31     all    0.75    0.00    1.50   23.56    0.00    0.00    0.00    0.00    0.00   74.19
16:13:32     all    0.50    0.00    1.25   24.06    0.00    0.00    0.00    0.00    0.00   74.19
16:13:33     all    0.51    0.00    0.76   23.35    0.00    0.00    0.00    0.00    0.00   75.38
16:13:34     all    0.75    0.00    1.00   24.06    0.00    0.00    0.00    0.00    0.00   74.19
16:13:35     all    0.00    0.00    0.76   24.05    0.00    0.00    0.00    0.00    0.00   75.19
16:13:36     all    0.51    0.00    1.01   23.48    0.00    0.00    0.00    0.00    0.00   75.00
16:13:37     all    0.50    0.00    1.26   23.43    0.00    0.00    0.00    0.00    0.00   74.81
16:13:38     all    0.50    0.00    1.25   24.06    0.00    0.00    0.00    0.00    0.00   74.19
16:13:39     all    0.51    0.00    1.01   23.80    0.00    0.00    0.00    0.00    0.00   74.68
16:13:40     all    0.00    0.00    0.76   23.86    0.00    0.00    0.00    0.00    0.00   75.38
16:13:41     all    1.00    0.00    1.00   23.75    0.00    0.00    0.00    0.00    0.00   74.25
16:13:42     all    0.51    0.00    1.01   23.48    0.00    0.25    0.00    0.00    0.00   74.75
16:13:43     all    0.50    0.00    1.01   23.87    0.00    0.00    0.00    0.00    0.00   74.62
16:13:44     all    0.75    0.00    1.51   23.62    0.00    0.00    0.00    0.00    0.00   74.12
16:13:45     all    0.50    0.00    0.50   24.18    0.00    0.00    0.00    0.00    0.00   74.81
16:13:46     all    0.51    0.00    0.76   23.66    0.00    0.00    0.00    0.00    0.00   75.06
16:13:47     all    0.50    0.00    1.01   23.62    0.00    0.00    0.00    0.00    0.00   74.87
16:13:48     all    0.25    0.00    1.02   23.86    0.00    0.00    0.00    0.00    0.00   74.87
16:13:49     all    0.75    0.00    1.25   23.94    0.00    0.00    0.00    0.00    0.00   74.06
16:13:50     all    0.25    0.00    1.01   23.54    0.00    0.00    0.00    0.00    0.00   75.19
16:13:51     all    1.00    0.00    1.00   24.00    0.00    0.00    0.00    0.00    0.00   74.00
16:13:52     all    0.25    0.00    1.01   23.54    0.00    0.00    0.00    0.00    0.00   75.19
16:13:53     all    0.50    0.00    1.75   23.50    0.00    0.00    0.00    0.00    0.00   74.25
16:13:54     all    0.76    0.00    1.01   23.43    0.00    0.00    0.00    0.00    0.00   74.81
16:13:55     all    0.50    0.00    0.76   24.18    0.00    0.00    0.00    0.00    0.00   74.56
16:13:56     all    0.75    0.00    1.26   23.37    0.00    0.00    0.00    0.00    0.00   74.62
16:13:57     all    0.25    0.00    1.01   23.99    0.00    0.25    0.00    0.00    0.00   74.49
16:13:58     all    0.25    0.00    0.76   23.74    0.00    0.00    0.00    0.00    0.00   75.25
16:13:59     all    0.50    0.00    1.01   24.18    0.00    0.00    0.00    0.00    0.00   74.31
16:14:00     all    0.75    0.00    1.26   23.62    0.00    0.00    0.00    0.00    0.00   74.37
16:14:01     all    0.25    0.00    1.01   23.74    0.00    0.00    0.00    0.00    0.00   75.00
16:14:02     all    0.51    0.00    1.01   23.99    0.00    0.00    0.00    0.00    0.00   74.49
16:14:03     all    0.75    0.00    1.00   23.81    0.00    0.00    0.00    0.00    0.00   74.44
16:14:04     all    0.51    0.00    1.01   23.48    0.00    0.00    0.00    0.00    0.00   75.00
16:14:05     all    0.75    0.00    1.25   23.81    0.00    0.00    0.00    0.00    0.00   74.19
16:14:06     all    0.50    0.00    0.76   23.93    0.00    0.00    0.00    0.00    0.00   74.81
16:14:07     all    0.76    0.00    1.26   23.48    0.00    0.00    0.00    0.00    0.00   74.49
16:14:08     all    1.00    0.00    1.00   23.88    0.00    0.00    0.00    0.00    0.00   74.13
16:14:09     all    0.25    0.00    1.27   23.60    0.00    0.00    0.00    0.00    0.00   74.87
16:14:10     all    0.75    0.00    1.00   23.81    0.00    0.00    0.00    0.00    0.00   74.44
16:14:11     all    0.77    0.00    0.51   23.47    0.00    0.00    0.00    0.00    0.00   75.26
16:14:12     all    0.25    0.00    1.00   24.25    0.00    0.00    0.00    0.00    0.00   74.50
16:14:13     all    0.25    0.00    1.51   23.43    0.00    0.00    0.00    0.00    0.00   74.81
16:14:14     all    0.51    0.00    0.25   24.11    0.00    0.00    0.00    0.00    0.00   75.13
16:14:15     all    0.25    0.00    1.52   23.74    0.00    0.00    0.00    0.00    0.00   74.49
16:14:16     all    0.50    0.00    0.76   23.68    0.00    0.00    0.00    0.00    0.00   75.06
16:14:17     all    0.75    0.00    1.25   23.81    0.00    0.00    0.00    0.00    0.00   74.19
16:14:18     all    1.01    0.00    1.26   23.43    0.00    0.00    0.00    0.00    0.00   74.31
16:14:19     all    0.25    0.00    0.51   24.05    0.00    0.00    0.00    0.00    0.00   75.19
16:14:20     all    0.25    0.00    1.01   23.68    0.00    0.25    0.00    0.00    0.00   74.81
16:14:21     all    1.01    0.00    0.76   23.68    0.00    0.00    0.00    0.00    0.00   74.56
16:14:22     all    0.51    0.00    2.02   23.74    0.00    0.00    0.00    0.00    0.00   73.74
16:14:23     all    1.00    0.00    1.25   23.56    0.00    0.00    0.00    0.00    0.00   74.19
16:14:24     all    0.00    0.00    1.26   23.48    0.00    0.00    0.00    0.00    0.00   75.25
16:14:25     all    1.01    0.00    1.01   23.62    0.00    0.00    0.00    0.00    0.00   74.37
16:14:26     all    0.00    0.00    1.51   23.93    0.00    0.00    0.00    0.00    0.00   74.56
16:14:27     all    0.75    0.00    1.00   23.56    0.00    0.00    0.00    0.00    0.00   74.69
16:14:28     all    0.75    0.00    1.26   23.62    0.00    0.00    0.00    0.00    0.00   74.37
16:14:29     all    0.25    0.00    0.76   24.05    0.00    0.00    0.00    0.00    0.00   74.94
16:14:30     all    0.25    0.00    0.76   23.92    0.00    0.00    0.00    0.00    0.00   75.06
16:14:31     all    0.75    0.00    1.00   23.50    0.00    0.00    0.00    0.00    0.00   74.75
16:14:32     all    0.51    0.00    0.51   23.66    0.00    0.00    0.00    0.00    0.00   75.32
16:14:33     all    0.00    0.00    1.26   24.12    0.00    0.00    0.00    0.00    0.00   74.62
16:14:34     all    0.76    0.00    1.01   23.93    0.00    0.00    0.00    0.00    0.00   74.31
16:14:35     all    0.25    0.00    0.76   23.66    0.00    0.00    0.00    0.00    0.00   75.32
16:14:36     all    0.75    0.00    0.75   23.62    0.00    0.00    0.00    0.00    0.00   74.87
16:14:37     all    0.25    0.00    1.01   23.99    0.00    0.00    0.00    0.00    0.00   74.75
16:14:38     all    0.75    0.00    1.25   23.81    0.00    0.00    0.00    0.00    0.00   74.19
16:14:39     all    0.25    0.00    1.02   23.60    0.00    0.00    0.00    0.00    0.00   75.13
16:14:40     all    0.51    0.00    0.51   23.99    0.00    0.00    0.00    0.00    0.00   75.00
16:14:41     all    0.00    0.00    1.27   23.80    0.00    0.00    0.00    0.00    0.00   74.94
16:14:42     all    1.00    0.00    1.25   23.56    0.00    0.00    0.00    0.00    0.00   74.19
16:14:43     all    0.25    0.00    1.01   23.74    0.00    0.00    0.00    0.00    0.00   75.00
16:14:44     all    0.75    0.00    1.01   23.87    0.00    0.00    0.00    0.00    0.00   74.37
16:14:45     all    0.51    0.00    0.76   23.74    0.00    0.00    0.00    0.00    0.00   75.00
16:14:46     all    0.75    0.00    1.50   23.56    0.00    0.00    0.00    0.00    0.00   74.19
16:14:47     all    0.25    0.00    1.26   23.93    0.00    0.00    0.00    0.00    0.00   74.56
16:14:48     all    0.25    0.00    0.76   23.99    0.00    0.00    0.00    0.00    0.00   75.00
16:14:49     all    0.75    0.00    1.01   23.62    0.00    0.00    0.00    0.00    0.00   74.62
16:14:50     all    0.25    0.00    1.01   23.80    0.00    0.00    0.00    0.00    0.00   74.94
16:14:51     all    0.75    0.00    1.25   23.56    0.00    0.25    0.00    0.00    0.00   74.19
16:14:52     all    0.25    0.00    0.76   23.80    0.00    0.00    0.00    0.00    0.00   75.19
16:14:53     all    0.25    0.00    1.75   24.00    0.00    0.00    0.00    0.00    0.00   74.00
16:14:54     all    0.51    0.00    0.51   23.60    0.00    0.00    0.00    0.00    0.00   75.38
16:14:55     all    0.51    0.00    0.51   24.11    0.00    0.00    0.00    0.00    0.00   74.87
16:14:56     all    0.25    0.00    1.01   23.68    0.00    0.00    0.00    0.00    0.00   75.06
16:14:57     all    0.75    0.00    1.01   23.62    0.00    0.00    0.00    0.00    0.00   74.62
16:14:58     all    0.25    0.00    0.76   24.11    0.00    0.00    0.00    0.00    0.00   74.87
16:14:59     all    0.25    0.00    1.26   23.68    0.00    0.00    0.00    0.00    0.00   74.81
16:15:00     all    0.51    0.00    0.51   24.05    0.00    0.00    0.00    0.00    0.00   74.94
16:15:01     all    1.01    0.00    1.01   24.18    0.00    0.00    0.00    0.00    0.00   73.80
16:15:02     all    0.51    0.00    0.51   23.92    0.00    0.00    0.00    0.00    0.00   75.06
16:15:03     all    0.25    0.00    1.01   23.93    0.00    0.00    0.00    0.00    0.00   74.81
16:15:04     all    1.01    0.00    1.01   23.62    0.00    0.00    0.00    0.00    0.00   74.37
16:15:05     all    0.51    0.00    0.51   23.80    0.00    0.00    0.00    0.00    0.00   75.19
16:15:06     all    1.01    0.00    0.75   23.87    0.00    0.00    0.00    0.00    0.00   74.37
16:15:07     all    0.25    0.00    1.26   23.93    0.00    0.00    0.00    0.00    0.00   74.56
16:15:08     all    0.50    0.00    0.76   23.93    0.00    0.00    0.00    0.00    0.00   74.81
16:15:09     all    0.50    0.00    1.26   23.62    0.00    0.25    0.00    0.00    0.00   74.37
16:15:10     all    0.76    0.00    0.51   23.80    0.00    0.00    0.00    0.00    0.00   74.94
16:15:11     all    0.50    0.00    0.76   23.93    0.00    0.00    0.00    0.00    0.00   74.81
16:15:12     all    0.25    0.00    1.01   23.54    0.00    0.00    0.00    0.00    0.00   75.19
16:15:13     all    0.25    0.00    0.76   24.05    0.00    0.00    0.00    0.00    0.00   74.94
16:15:14     all    1.01    0.00    1.01   23.62    0.00    0.00    0.00    0.00    0.00   74.37
16:15:15     all    0.50    0.00    1.26   23.68    0.00    0.00    0.00    0.00    0.00   74.56
16:15:16     all    0.76    0.00    0.76   23.74    0.00    0.00    0.00    0.00    0.00   74.75
16:15:17     all    0.50    0.00    1.01   23.93    0.00    0.00    0.00    0.00    0.00   74.56
16:15:18     all    0.25    0.00    1.26   23.48    0.00    0.00    0.00    0.00    0.00   75.00
16:15:19     all    0.51    0.00    0.51   24.30    0.00    0.00    0.00    0.00    0.00   74.68
16:15:20     all    0.75    0.00    1.26   23.37    0.00    0.00    0.00    0.00    0.00   74.62
16:15:21     all    0.25    0.00    0.76   23.86    0.00    0.00    0.00    0.00    0.00   75.13
16:15:22     all    0.75    0.00    2.01   23.62    0.00    0.00    0.00    0.00    0.00   73.62
16:15:23     all    0.75    0.00    1.26   23.62    0.00    0.00    0.00    0.00    0.00   74.37
16:15:24     all    0.50    0.00    1.51   23.68    0.00    0.00    0.00    0.00    0.00   74.31
16:15:25     all    0.51    0.00    0.76   23.99    0.00    0.00    0.00    0.00    0.00   74.75
16:15:26     all    0.25    0.00    0.76   23.66    0.00    0.00    0.00    0.00    0.00   75.32
16:15:27     all    0.75    0.00    1.50   23.50    0.00    0.00    0.00    0.00    0.00   74.25
16:15:28     all    0.50    0.00    1.51   23.62    0.00    0.00    0.00    0.00    0.00   74.37
16:15:29     all    0.25    0.00    0.76   23.86    0.00    0.00    0.00    0.00    0.00   75.13
16:15:30     all    0.76    0.00    0.51   23.80    0.00    0.00    0.00    0.00    0.00   74.94
16:15:31     all    0.50    0.00    1.25   23.75    0.00    0.00    0.00    0.00    0.00   74.50
16:15:32     all    0.25    0.00    1.76   23.68    0.00    0.00    0.00    0.00    0.00   74.31
16:15:33     all    1.00    0.00    0.75   23.50    0.00    0.00    0.00    0.00    0.00   74.75
16:15:34     all    0.51    0.00    1.01   24.05    0.00    0.00    0.00    0.00    0.00   74.43
16:15:35     all    0.51    0.00    1.01   23.74    0.00    0.00    0.00    0.00    0.00   74.75
16:15:36     all    0.51    0.00    1.01   23.74    0.00    0.00    0.00    0.00    0.00   74.75
16:15:37     all    0.25    0.00    0.76   23.74    0.00    0.00    0.00    0.00    0.00   75.25
16:15:38     all    0.75    0.00    1.50   23.56    0.00    0.00    0.00    0.00    0.00   74.19
16:15:39     all    0.51    0.00    0.76   23.86    0.00    0.00    0.00    0.00    0.00   74.87
16:15:40     all    0.51    0.00    0.51   23.99    0.00    0.25    0.00    0.00    0.00   74.75
16:15:41     all    0.75    0.00    1.01   23.62    0.00    0.00    0.00    0.00    0.00   74.62
16:15:42     all    0.50    0.00    1.01   23.68    0.00    0.00    0.00    0.00    0.00   74.81
16:15:43     all    0.51    0.00    1.01   23.80    0.00    0.00    0.00    0.00    0.00   74.68
16:15:44     all    0.50    0.00    1.26   23.62    0.00    0.00    0.00    0.00    0.00   74.62
16:15:45     all    0.51    0.00    0.76   23.99    0.00    0.00    0.00    0.00    0.00   74.75
16:15:46     all    0.76    0.00    1.26   23.48    0.00    0.00    0.00    0.00    0.00   74.49
16:15:47     all    0.50    0.00    1.01   23.68    0.00    0.00    0.00    0.00    0.00   74.81
16:15:48     all    0.25    0.00    1.01   23.74    0.00    0.00    0.00    0.00    0.00   75.00
16:15:49     all    0.25    0.00    1.50   23.81    0.00    0.00    0.00    0.00    0.00   74.44
16:15:50     all    1.01    0.00    0.76   23.68    0.00    0.00    0.00    0.00    0.00   74.56
16:15:51     all    0.25    0.00    1.26   23.93    0.00    0.00    0.00    0.00    0.00   74.56
16:15:52     all    0.51    0.00    0.51   23.86    0.00    0.00    0.00    0.00    0.00   75.13
16:15:53     all    1.00    0.00    1.25   23.69    0.00    0.00    0.00    0.00    0.00   74.06
16:15:54     all    0.25    0.00    1.27   23.80    0.00    0.00    0.00    0.00    0.00   74.68
16:15:55     all    0.50    0.00    1.01   23.68    0.00    0.00    0.00    0.00    0.00   74.81
16:15:56     all    0.75    0.00    1.01   23.62    0.00    0.00    0.00    0.00    0.00   74.62
16:15:57     all    0.00    0.00    0.76   23.92    0.00    0.00    0.00    0.00    0.00   75.32
16:15:58     all    0.76    0.00    1.01   23.93    0.00    0.00    0.00    0.00    0.00   74.31
16:15:59     all    0.25    0.00    1.26   23.93    0.00    0.00    0.00    0.00    0.00   74.56
16:16:00     all    0.51    0.00    1.01   23.29    0.00    0.00    0.00    0.00    0.00   75.19
16:16:01     all    0.25    0.00    0.76   24.11    0.00    0.00    0.00    0.00    0.00   74.87
16:16:02     all    0.75    0.00    1.25   23.75    0.00    0.25    0.00    0.00    0.00   74.00
16:16:03     all    0.25    0.00    0.76   23.93    0.00    0.00    0.00    0.00    0.00   75.06
16:16:04     all    0.51    0.00    1.02   23.41    0.00    0.00    0.00    0.00    0.00   75.06
16:16:05     all    0.50    0.00    1.00   24.06    0.00    0.00    0.00    0.00    0.00   74.44
16:16:06     all    0.25    0.00    1.01   23.80    0.00    0.00    0.00    0.00    0.00   74.94
16:16:07     all    0.50    0.00    1.50   23.56    0.00    0.00    0.00    0.00    0.00   74.44
16:16:08     all    1.01    0.00    1.01   23.43    0.00    0.00    0.00    0.00    0.00   74.56
16:16:09     all    0.00    0.00    1.01   24.24    0.00    0.00    0.00    0.00    0.00   74.75
16:16:10     all    0.51    0.00    1.27   23.54    0.00    0.00    0.00    0.00    0.00   74.68
16:16:11     all    1.00    0.00    1.25   23.69    0.00    0.00    0.00    0.00    0.00   74.06
16:16:12     all    0.25    0.00    1.26   23.48    0.00    0.00    0.00    0.00    0.00   75.00
16:16:13     all    0.76    0.00    0.25   24.24    0.00    0.00    0.00    0.00    0.00   74.75
16:16:14     all    0.25    0.00    1.52   23.48    0.00    0.00    0.00    0.00    0.00   74.75
16:16:15     all    0.50    0.00    1.25   23.81    0.00    0.00    0.00    0.00    0.00   74.44
16:16:16     all    0.51    0.00    0.76   23.60    0.00    0.00    0.00    0.00    0.00   75.13
16:16:17     all    0.75    0.00    0.50   24.12    0.00    0.00    0.00    0.00    0.00   74.62
16:16:18     all    0.51    0.00    1.26   23.23    0.00    0.00    0.00    0.00    0.00   75.00
16:16:19     all    0.25    0.00    1.50   24.06    0.00    0.00    0.00    0.00    0.00   74.19
16:16:20     all    0.51    0.00    1.01   23.74    0.00    0.00    0.00    0.00    0.00   74.75
16:16:21     all    0.75    0.00    1.01   23.62    0.00    0.00    0.00    0.00    0.00   74.62
16:16:22     all    0.51    0.00    1.53   23.92    0.00    0.00    0.00    0.00    0.00   74.05
16:16:23     all    0.50    0.00    1.00   23.56    0.00    0.00    0.00    0.00    0.00   74.94
16:16:24     all    0.50    0.00    1.01   23.93    0.00    0.00    0.00    0.00    0.00   74.56
16:16:25     all    0.51    0.00    0.51   24.11    0.00    0.00    0.00    0.00    0.00   74.87
16:16:26     all    0.51    0.00    0.76   23.80    0.00    0.00    0.00    0.00    0.00   74.94
16:16:27     all    0.50    0.00    1.00   23.81    0.00    0.00    0.00    0.00    0.00   74.69
16:16:28     all    0.26    0.00    0.26   23.79    0.00    0.00    0.00    0.00    0.00   75.70
16:16:29     all    1.00    0.00    1.00   23.50    0.00    0.00    0.00    0.00    0.00   74.50
16:16:30     all    0.25    0.00    1.01   24.05    0.00    0.00    0.00    0.00    0.00   74.68
16:16:31     all    0.50    0.00    1.26   23.87    0.00    0.00    0.00    0.00    0.00   74.37
16:16:32     all    0.25    0.00    1.01   23.87    0.00    0.00    0.00    0.00    0.00   74.87
16:16:33     all    0.25    0.00    0.51   23.86    0.00    0.00    0.00    0.00    0.00   75.38
16:16:34     all    0.76    0.00    1.01   23.74    0.00    0.00    0.00    0.00    0.00   74.49
16:16:35     all    0.50    0.00    1.25   23.75    0.00    0.00    0.00    0.00    0.00   74.50
16:16:36     all    0.51    0.00    1.01   23.80    0.00    0.00    0.00    0.00    0.00   74.68
16:16:37     all    0.50    0.00    0.50   23.93    0.00    0.00    0.00    0.00    0.00   75.06
16:16:38     all    0.25    0.00    0.76   23.92    0.00    0.00    0.00    0.00    0.00   75.06
16:16:39     all    0.50    0.00    1.25   24.00    0.00    0.00    0.00    0.00    0.00   74.25
16:16:40     all    0.51    0.00    0.51   23.60    0.00    0.00    0.00    0.00    0.00   75.38
16:16:41     all    0.50    0.00    1.26   23.68    0.00    0.00    0.00    0.00    0.00   74.56
16:16:42     all    0.75    0.00    1.75   23.69    0.00    0.00    0.00    0.00    0.00   73.82
16:16:43     all    0.00    0.00    0.51   24.11    0.00    0.00    0.00    0.00    0.00   75.38
16:16:44     all    0.25    0.00    1.26   23.93    0.00    0.00    0.00    0.00    0.00   74.56
16:16:45     all    0.51    0.00    0.25   24.24    0.00    0.00    0.00    0.00    0.00   75.00
16:16:46     all    0.75    0.00    1.26   23.12    0.00    0.25    0.00    0.00    0.00   74.62
16:16:47     all    0.75    0.00    1.25   24.00    0.00    0.00    0.00    0.00    0.00   74.00
16:16:48     all    0.25    0.00    0.76   23.66    0.00    0.00    0.00    0.00    0.00   75.32
16:16:49     all    0.50    0.00    0.76   23.93    0.00    0.00    0.00    0.00    0.00   74.81
16:16:50     all    0.50    0.00    1.01   23.68    0.00    0.00    0.00    0.00    0.00   74.81
16:16:51     all    0.25    0.00    1.01   23.74    0.00    0.00    0.00    0.00    0.00   75.00
16:16:52     all    0.76    0.00    0.51   23.99    0.00    0.00    0.00    0.00    0.00   74.75
16:16:53     all    0.25    0.00    1.26   23.87    0.00    0.00    0.00    0.00    0.00   74.62
16:16:54     all    0.76    0.00    1.26   23.68    0.00    0.00    0.00    0.00    0.00   74.31
16:16:55     all    0.25    0.00    1.01   23.74    0.00    0.00    0.00    0.00    0.00   75.00
16:16:56     all    0.25    0.00    1.01   23.68    0.00    0.00    0.00    0.00    0.00   75.06
16:16:57     all    0.51    0.00    1.01   23.74    0.00    0.00    0.00    0.00    0.00   74.75
16:16:58     all    1.00    0.00    1.25   23.69    0.00    0.00    0.00    0.00    0.00   74.06
16:16:59     all    0.00    0.00    0.76   24.11    0.00    0.00    0.00    0.00    0.00   75.13
16:17:00     all    0.76    0.00    1.01   23.74    0.00    0.00    0.00    0.00    0.00   74.49
16:17:01     all    0.50    0.00    1.26   23.68    0.00    0.00    0.00    0.00    0.00   74.56
16:17:02     all    0.25    0.00    0.51   23.99    0.00    0.00    0.00    0.00    0.00   75.25
16:17:03     all    0.76    0.00    1.01   23.68    0.00    0.00    0.00    0.00    0.00   74.56
16:17:04     all    0.25    0.00    1.01   23.80    0.00    0.00    0.00    0.00    0.00   74.94
16:17:05     all    0.75    0.00    1.25   23.75    0.00    0.00    0.00    0.00    0.00   74.25
16:17:06     all    0.51    0.00    0.76   23.80    0.00    0.00    0.00    0.00    0.00   74.94
16:17:07     all    0.25    0.00    1.26   23.68    0.00    0.00    0.00    0.00    0.00   74.81
16:17:08     all    0.50    0.00    1.01   23.62    0.00    0.00    0.00    0.00    0.00   74.87
16:17:09     all    0.76    0.00    1.01   23.93    0.00    0.00    0.00    0.00    0.00   74.31
16:17:10     all    0.51    0.00    0.76   23.54    0.00    0.00    0.00    0.00    0.00   75.19
16:17:11     all    0.75    0.00    1.00   24.06    0.00    0.00    0.00    0.00    0.00   74.19
16:17:12     all    0.51    0.00    1.01   23.48    0.00    0.00    0.00    0.00    0.00   75.00
16:17:13     all    0.76    0.00    0.76   24.18    0.00    0.00    0.00    0.00    0.00   74.31
16:17:14     all    0.50    0.00    0.76   23.68    0.00    0.00    0.00    0.00    0.00   75.06
16:17:15     all    0.75    0.00    1.00   23.81    0.00    0.00    0.00    0.00    0.00   74.44
16:17:16     all    0.51    0.00    0.51   23.92    0.00    0.00    0.00    0.00    0.00   75.06
16:17:17     all    0.25    0.00    0.51   23.80    0.00    0.00    0.00    0.00    0.00   75.44
16:17:18     all    0.25    0.00    1.50   24.06    0.00    0.00    0.00    0.00    0.00   74.19
16:17:19     all    0.25    0.00    1.01   23.29    0.00    0.25    0.00    0.00    0.00   75.19
16:17:20     all    0.50    0.00    1.00   23.81    0.00    0.00    0.00    0.00    0.00   74.69
16:17:21     all    1.00    0.00    0.75   23.81    0.00    0.00    0.00    0.00    0.00   74.44
16:17:22     all    0.51    0.00    2.28   23.54    0.00    0.00    0.00    0.00    0.00   73.67
16:17:23     all    0.75    0.00    1.01   23.87    0.00    0.00    0.00    0.00    0.00   74.37
16:17:24     all    0.75    0.00    1.25   23.75    0.00    0.00    0.00    0.00    0.00   74.25
16:17:25     all    0.51    0.00    0.76   23.80    0.00    0.00    0.00    0.00    0.00   74.94
16:17:26     all    0.25    0.00    1.01   23.93    0.00    0.00    0.00    0.00    0.00   74.81
16:17:27     all    0.75    0.00    0.50   23.87    0.00    0.00    0.00    0.00    0.00   74.87
16:17:28     all    0.76    0.00    1.01   23.68    0.00    0.00    0.00    0.00    0.00   74.56
16:17:29     all    0.25    0.00    1.01   23.99    0.00    0.00    0.00    0.00    0.00   74.75
16:17:30     all    0.75    0.00    1.01   23.62    0.00    0.00    0.00    0.00    0.00   74.62
16:17:31     all    0.75    0.00    1.25   23.75    0.00    0.00    0.00    0.00    0.00   74.25
16:17:32     all    0.51    0.00    0.51   23.86    0.00    0.00    0.00    0.00    0.00   75.13
16:17:33     all    0.50    0.00    1.26   23.62    0.00    0.00    0.00    0.00    0.00   74.62
16:17:34     all    0.51    0.00    1.01   23.54    0.00    0.00    0.00    0.00    0.00   74.94
16:17:35     all    0.50    0.00    1.26   23.93    0.00    0.00    0.00    0.00    0.00   74.31
16:17:36     all    0.25    0.00    1.01   23.87    0.00    0.00    0.00    0.00    0.00   74.87
16:17:37     all    0.51    0.00    0.76   23.66    0.00    0.00    0.00    0.00    0.00   75.06
16:17:38     all    0.50    0.00    1.01   23.68    0.00    0.00    0.00    0.00    0.00   74.81
16:17:39     all    0.50    0.00    1.00   24.06    0.00    0.00    0.00    0.00    0.00   74.44
16:17:40     all    0.51    0.00    1.01   23.54    0.00    0.00    0.00    0.00    0.00   74.94
16:17:41     all    0.50    0.00    1.01   23.93    0.00    0.00    0.00    0.00    0.00   74.56
16:17:42     all    1.01    0.00    1.01   23.37    0.00    0.00    0.00    0.00    0.00   74.62
16:17:43     all    0.00    0.00    0.51   24.30    0.00    0.00    0.00    0.00    0.00   75.19
16:17:44     all    0.76    0.00    1.01   23.74    0.00    0.00    0.00    0.00    0.00   74.49
16:17:45     all    0.51    0.00    0.76   23.74    0.00    0.00    0.00    0.00    0.00   75.00
16:17:46     all    0.25    0.00    1.27   23.54    0.00    0.00    0.00    0.00    0.00   74.94
16:17:47     all    0.50    0.00    0.75   24.12    0.00    0.00    0.00    0.00    0.00   74.62
16:17:48     all    0.51    0.00    1.01   23.54    0.00    0.00    0.00    0.00    0.00   74.94
16:17:49     all    0.25    0.00    1.01   23.80    0.00    0.00    0.00    0.00    0.00   74.94
16:17:50     all    0.50    0.00    0.76   23.68    0.00    0.25    0.00    0.00    0.00   74.81
16:17:51     all    0.75    0.00    1.25   23.69    0.00    0.25    0.00    0.00    0.00   74.06
16:17:52     all    0.26    0.00    0.51   23.98    0.00    0.00    0.00    0.00    0.00   75.26
16:17:53     all    0.50    0.00    1.25   23.75    0.00    0.00    0.00    0.00    0.00   74.50
16:17:54     all    0.50    0.00    1.01   23.93    0.00    0.00    0.00    0.00    0.00   74.56
16:17:55     all    0.51    0.00    0.76   23.54    0.00    0.00    0.00    0.00    0.00   75.19
16:17:56     all    0.76    0.00    1.01   23.68    0.00    0.00    0.00    0.00    0.00   74.56
16:17:57     all    0.25    0.00    0.76   23.80    0.00    0.00    0.00    0.00    0.00   75.19
16:17:58     all    0.51    0.00    0.76   23.80    0.00    0.00    0.00    0.00    0.00   74.94
16:17:59     all    1.00    0.00    0.75   24.00    0.00    0.00    0.00    0.00    0.00   74.25
16:18:00     all    0.25    0.00    1.27   23.54    0.00    0.00    0.00    0.00    0.00   74.94
16:18:01     all    0.51    0.00    0.76   23.74    0.00    0.00    0.00    0.00    0.00   75.00
16:18:02     all    0.50    0.00    1.01   23.93    0.00    0.00    0.00    0.00    0.00   74.56
16:18:03     all    0.76    0.00    0.76   23.68    0.00    0.00    0.00    0.00    0.00   74.81
16:18:04     all    0.00    0.00    0.76   23.92    0.00    0.00    0.00    0.00    0.00   75.32
16:18:05     all    0.76    0.00    0.51   23.99    0.00    0.00    0.00    0.00    0.00   74.75
16:18:06     all    0.50    0.00    1.26   23.62    0.00    0.00    0.00    0.00    0.00   74.62
16:18:07     all    0.51    0.00    0.76   23.74    0.00    0.00    0.00    0.00    0.00   75.00
16:18:08     all    0.51    0.00    0.76   23.99    0.00    0.00    0.00    0.00    0.00   74.75
16:18:09     all    0.25    0.00    1.02   23.60    0.00    0.00    0.00    0.00    0.00   75.13
16:18:10     all    0.75    0.00    1.50   23.56    0.00    0.00    0.00    0.00    0.00   74.19
16:18:11     all    0.75    0.00    1.25   23.75    0.00    0.00    0.00    0.00    0.00   74.25
16:18:12     all    0.00    0.00    1.01   23.80    0.00    0.00    0.00    0.00    0.00   75.19
16:18:13     all    0.76    0.00    0.76   23.68    0.00    0.00    0.00    0.00    0.00   74.81
16:18:14     all    0.00    0.00    1.01   24.05    0.00    0.00    0.00    0.00    0.00   74.94
16:18:15     all    0.75    0.00    1.01   23.62    0.00    0.00    0.00    0.00    0.00   74.62
16:18:16     all    0.25    0.00    0.76   23.66    0.00    0.00    0.00    0.00    0.00   75.32
16:18:17     all    0.50    0.00    1.50   24.00    0.00    0.00    0.00    0.00    0.00   74.00
16:18:18     all    0.76    0.00    0.51   23.74    0.00    0.00    0.00    0.00    0.00   75.00
16:18:19     all    0.51    0.00    0.51   23.80    0.00    0.00    0.00    0.00    0.00   75.19
16:18:20     all    0.50    0.00    1.75   23.31    0.00    0.00    0.00    0.00    0.00   74.44
16:18:21     all    0.25    0.00    0.76   24.30    0.00    0.00    0.00    0.00    0.00   74.68
16:18:22     all    0.76    0.00    1.27   23.66    0.00    0.00    0.00    0.00    0.00   74.30
16:18:23     all    0.25    0.00    1.01   23.54    0.00    0.00    0.00    0.00    0.00   75.19
16:18:24     all    0.50    0.00    1.26   23.62    0.00    0.00    0.00    0.00    0.00   74.62
16:18:25     all    0.75    0.00    1.00   23.56    0.00    0.25    0.00    0.00    0.00   74.44
16:18:26     all    0.51    0.00    1.01   23.74    0.00    0.00    0.00    0.00    0.00   74.75
16:18:27     all    0.51    0.00    0.76   23.99    0.00    0.00    0.00    0.00    0.00   74.75
16:18:28     all    0.51    0.00    1.01   23.74    0.00    0.00    0.00    0.00    0.00   74.75
16:18:29     all    0.75    0.00    1.25   23.81    0.00    0.00    0.00    0.00    0.00   74.19
16:18:30     all    0.50    0.00    0.76   23.68    0.00    0.00    0.00    0.00    0.00   75.06
16:18:31     all    0.25    0.00    1.01   23.80    0.00    0.00    0.00    0.00    0.00   74.94
16:18:32     all    0.51    0.00    0.76   23.80    0.00    0.00    0.00    0.00    0.00   74.94
16:18:33     all    0.74    0.00    0.99   23.82    0.00    0.25    0.00    0.00    0.00   74.19
16:18:34     all    0.51    0.00    1.02   23.66    0.00    0.00    0.00    0.00    0.00   74.81
16:18:35     all    0.25    0.00    1.01   24.12    0.00    0.00    0.00    0.00    0.00   74.62
16:18:36     all    0.51    0.00    0.51   23.74    0.00    0.00    0.00    0.00    0.00   75.25
16:18:37     all    0.76    0.00    0.76   23.54    0.00    0.00    0.00    0.00    0.00   74.94
16:18:38     all    0.25    0.00    1.01   24.18    0.00    0.00    0.00    0.00    0.00   74.56
16:18:39     all    0.51    0.00    0.76   23.99    0.00    0.00    0.00    0.00    0.00   74.75
16:18:40     all    0.50    0.00    1.26   23.87    0.00    0.00    0.00    0.00    0.00   74.37
16:18:41     all    0.76    0.00    1.01   23.43    0.00    0.00    0.00    0.00    0.00   74.81
16:18:42     all    0.51    0.00    0.76   23.60    0.00    0.00    0.00    0.00    0.00   75.13
16:18:43     all    0.00    0.00    1.01   24.05    0.00    0.00    0.00    0.00    0.00   74.94
16:18:44     all    0.50    0.00    0.50   24.18    0.00    0.00    0.00    0.00    0.00   74.81
16:18:45     all    0.25    0.00    1.27   23.80    0.00    0.00    0.00    0.00    0.00   74.68
16:18:46     all    0.75    0.00    1.01   23.62    0.00    0.00    0.00    0.00    0.00   74.62
16:18:47     all    0.50    0.00    0.76   23.68    0.00    0.00    0.00    0.00    0.00   75.06
16:18:48     all    0.50    0.00    1.26   23.93    0.00    0.00    0.00    0.00    0.00   74.31
16:18:49     all    0.51    0.00    1.01   23.54    0.00    0.00    0.00    0.00    0.00   74.94
16:18:50     all    0.76    0.00    0.76   23.93    0.00    0.00    0.00    0.00    0.00   74.56
16:18:51     all    0.25    0.00    0.51   23.86    0.00    0.00    0.00    0.00    0.00   75.38
16:18:52     all    0.50    0.00    1.00   23.75    0.00    0.25    0.00    0.00    0.00   74.50
16:18:53     all    0.00    0.00    0.77   23.98    0.00    0.00    0.00    0.00    0.00   75.26
16:18:54     all    0.25    0.00    1.01   23.93    0.00    0.00    0.00    0.00    0.00   74.81
16:18:55     all    0.76    0.00    0.76   23.48    0.00    0.00    0.00    0.00    0.00   75.00
16:18:56     all    0.25    0.00    1.01   23.93    0.00    0.00    0.00    0.00    0.00   74.81
16:18:57     all    0.25    0.00    0.76   23.66    0.00    0.00    0.00    0.00    0.00   75.32
16:18:58     all    0.50    0.00    0.76   23.93    0.00    0.00    0.00    0.00    0.00   74.81
16:18:59     all    0.51    0.00    0.76   24.05    0.00    0.00    0.00    0.00    0.00   74.68
16:19:00     all    0.50    0.00    1.01   23.62    0.00    0.00    0.00    0.00    0.00   74.87
16:19:01     all    1.01    0.00    0.76   23.48    0.00    0.00    0.00    0.00    0.00   74.75
16:19:02     all    0.25    0.00    1.26   23.87    0.00    0.00    0.00    0.00    0.00   74.62
16:19:03     all    0.51    0.00    0.76   23.60    0.00    0.00    0.00    0.00    0.00   75.13
16:19:04     all    0.75    0.00    1.00   24.25    0.00    0.00    0.00    0.00    0.00   74.00
16:19:05     all    0.76    0.00    1.02   23.35    0.00    0.00    0.00    0.00    0.00   74.87
16:19:06     all    0.00    0.00    1.01   24.12    0.00    0.00    0.00    0.00    0.00   74.87
16:19:07     all    0.51    0.00    1.27   23.16    0.00    0.00    0.00    0.00    0.00   75.06
16:19:08     all    0.50    0.00    1.01   23.87    0.00    0.00    0.00    0.00    0.00   74.62
16:19:09     all    0.76    0.00    0.76   23.93    0.00    0.25    0.00    0.00    0.00   74.31
16:19:10     all    0.25    0.00    1.01   23.74    0.00    0.00    0.00    0.00    0.00   75.00
16:19:11     all    0.75    0.00    1.50   23.56    0.00    0.00    0.00    0.00    0.00   74.19
16:19:12     all    0.51    0.00    0.51   23.54    0.00    0.00    0.00    0.00    0.00   75.44
16:19:13     all    0.51    0.00    0.76   24.24    0.00    0.00    0.00    0.00    0.00   74.49
16:19:14     all    0.51    0.00    1.01   23.48    0.00    0.00    0.00    0.00    0.00   75.00
16:19:15     all    0.25    0.00    1.01   23.74    0.00    0.00    0.00    0.00    0.00   75.00
16:19:16     all    0.50    0.00    1.01   23.93    0.00    0.00    0.00    0.00    0.00   74.56
16:19:17     all    0.51    0.00    0.51   23.60    0.00    0.00    0.00    0.00    0.00   75.38
16:19:18     all    0.51    0.00    0.76   23.80    0.00    0.00    0.00    0.00    0.00   74.94
16:19:19     all    0.75    0.00    1.75   23.50    0.00    0.00    0.00    0.00    0.00   74.00
16:19:20     all    0.50    0.00    0.76   23.93    0.00    0.00    0.00    0.00    0.00   74.81
16:19:21     all    0.25    0.00    0.76   24.05    0.00    0.00    0.00    0.00    0.00   74.94
16:19:22     all    0.75    0.00    2.26   23.37    0.00    0.00    0.00    0.00    0.00   73.62
16:19:23     all    1.01    0.00    1.01   23.37    0.00    0.00    0.00    0.00    0.00   74.62
16:19:24     all    0.25    0.00    0.76   23.92    0.00    0.00    0.00    0.00    0.00   75.06
16:19:25     all    0.75    0.00    1.00   24.00    0.00    0.00    0.00    0.00    0.00   74.25
16:19:26     all    0.75    0.00    1.26   23.62    0.00    0.00    0.00    0.00    0.00   74.37
16:19:27     all    0.25    0.00    0.76   23.74    0.00    0.00    0.00    0.00    0.00   75.25
16:19:28     all    0.25    0.00    0.76   23.66    0.00    0.00    0.00    0.00    0.00   75.32
16:19:29     all    0.75    0.00    1.01   23.87    0.00    0.00    0.00    0.00    0.00   74.37
16:19:30     all    0.25    0.00    1.01   23.93    0.00    0.00    0.00    0.00    0.00   74.81
16:19:31     all    0.51    0.00    0.76   23.80    0.00    0.00    0.00    0.00    0.00   74.94
16:19:32     all    0.76    0.00    0.76   23.48    0.00    0.00    0.00    0.00    0.00   75.00
16:19:33     all    0.99    0.00    1.74   23.57    0.00    0.00    0.00    0.00    0.00   73.70
16:19:34     all    0.25    0.00    1.27   23.80    0.00    0.00    0.00    0.00    0.00   74.68
16:19:35     all    1.00    0.00    0.75   23.81    0.00    0.00    0.00    0.00    0.00   74.44
16:19:36     all    0.25    0.00    1.01   23.74    0.00    0.00    0.00    0.00    0.00   75.00
16:19:37     all    0.25    0.00    1.52   23.54    0.00    0.00    0.00    0.00    0.00   74.68
16:19:38     all    0.51    0.00    0.00   23.98    0.00    0.00    0.00    0.00    0.00   75.51
16:19:39     all    0.25    0.00    1.01   23.68    0.00    0.00    0.00    0.00    0.00   75.06
16:19:40     all    0.76    0.00    1.01   23.93    0.00    0.00    0.00    0.00    0.00   74.31
16:19:41     all    0.75    0.00    1.75   23.44    0.00    0.25    0.00    0.00    0.00   73.82
16:19:42     all    0.50    0.00    1.01   23.87    0.00    0.00    0.00    0.00    0.00   74.62
16:19:43     all    0.76    0.00    0.25   23.86    0.00    0.00    0.00    0.00    0.00   75.13
16:19:44     all    0.25    0.00    1.01   23.93    0.00    0.00    0.00    0.00    0.00   74.81
16:19:45     all    0.25    0.00    0.76   23.80    0.00    0.00    0.00    0.00    0.00   75.19
16:19:46     all    0.51    0.00    0.76   23.86    0.00    0.00    0.00    0.00    0.00   74.87
16:19:47     all    0.76    0.00    0.50   23.93    0.00    0.00    0.00    0.00    0.00   74.81
16:19:48     all    0.51    0.00    1.26   23.74    0.00    0.00    0.00    0.00    0.00   74.49
16:19:49     all    0.25    0.00    0.76   23.74    0.00    0.00    0.00    0.00    0.00   75.25
16:19:50     all    1.00    0.00    1.75   23.44    0.00    0.00    0.00    0.00    0.00   73.82
16:19:51     all    0.50    0.00    1.25   23.56    0.00    0.00    0.00    0.00    0.00   74.69
16:19:52     all    0.76    0.00    0.76   23.74    0.00    0.00    0.00    0.00    0.00   74.75
16:19:53     all    0.25    0.00    0.51   24.17    0.00    0.00    0.00    0.00    0.00   75.06
16:19:54     all    0.25    0.00    1.26   23.87    0.00    0.00    0.00    0.00    0.00   74.62
16:19:55     all    1.00    0.00    1.25   23.50    0.00    0.00    0.00    0.00    0.00   74.25
16:19:56     all    0.00    0.00    1.02   23.72    0.00    0.00    0.00    0.00    0.00   75.26
16:19:57     all    0.50    0.00    1.01   38.19    0.00    0.00    0.00    0.00    0.00   60.30
16:19:58     all    0.00    0.00    0.25   99.75    0.00    0.00    0.00    0.00    0.00    0.00
16:19:59     all    0.25    0.00    0.50   99.00    0.00    0.25    0.00    0.00    0.00    0.00
16:20:00     all    0.00    0.00    0.50   99.50    0.00    0.00    0.00    0.00    0.00    0.00
16:20:01     all    0.00    0.00    1.00   99.00    0.00    0.00    0.00    0.00    0.00    0.00
16:20:02     all    0.50    0.00    0.00   99.50    0.00    0.00    0.00    0.00    0.00    0.00
16:20:03     all    0.00    0.00    0.50   99.50    0.00    0.00    0.00    0.00    0.00    0.00
16:20:04     all    0.00    0.00    0.50   99.50    0.00    0.00    0.00    0.00    0.00    0.00
16:20:05     all    0.50    0.00    0.50   99.00    0.00    0.00    0.00    0.00    0.00    0.00
16:20:06     all    0.00    0.00    0.00   99.75    0.00    0.25    0.00    0.00    0.00    0.00
16:20:07     all    0.00    0.00    0.75   99.25    0.00    0.00    0.00    0.00    0.00    0.00
16:20:08     all    0.25    0.00    0.25   99.50    0.00    0.00    0.00    0.00    0.00    0.00
16:20:09     all    0.00    0.00    0.00  100.00    0.00    0.00    0.00    0.00    0.00    0.00
16:20:10     all    0.25    0.00    0.25   99.25    0.00    0.25    0.00    0.00    0.00    0.00
16:20:11     all    0.25    0.00    1.00   98.75    0.00    0.00    0.00    0.00    0.00    0.00
16:20:12     all    0.25    0.00    0.00   99.75    0.00    0.00    0.00    0.00    0.00    0.00
16:20:13     all    0.00    0.00    0.50   99.50    0.00    0.00    0.00    0.00    0.00    0.00
16:20:14     all    0.00    0.00    0.25   99.75    0.00    0.00    0.00    0.00    0.00    0.00
16:20:15     all    0.25    0.00    0.50   99.00    0.00    0.25    0.00    0.00    0.00    0.00
16:20:16     all    0.00    0.00    0.00  100.00    0.00    0.00    0.00    0.00    0.00    0.00
16:20:17     all    0.00    0.00    0.75   99.25    0.00    0.00    0.00    0.00    0.00    0.00
16:20:18     all    0.25    0.00    0.00   99.75    0.00    0.00    0.00    0.00    0.00    0.00
16:20:19     all    0.00    0.00    0.25   99.50    0.00    0.25    0.00    0.00    0.00    0.00
16:20:20     all    0.25    0.00    0.75   99.00    0.00    0.00    0.00    0.00    0.00    0.00
16:20:21     all    0.00    0.00    0.00  100.00    0.00    0.00    0.00    0.00    0.00    0.00
16:20:22     all    0.25    0.00    1.00   98.50    0.00    0.25    0.00    0.00    0.00    0.00
16:20:23     all    0.25    0.00    1.00   98.75    0.00    0.00    0.00    0.00    0.00    0.00
16:20:24     all    0.00    0.00    0.00   99.75    0.00    0.25    0.00    0.00    0.00    0.00
16:20:25     all    0.00    0.00    0.50   99.50    0.00    0.00    0.00    0.00    0.00    0.00
16:20:26     all    0.00    0.00    0.00  100.00    0.00    0.00    0.00    0.00    0.00    0.00
16:20:27     all    0.00    0.00    0.25   99.75    0.00    0.00    0.00    0.00    0.00    0.00
16:20:28     all    0.00    0.00    0.75   99.00    0.00    0.25    0.00    0.00    0.00    0.00
16:20:29     all    0.50    0.00    0.50   99.00    0.00    0.00    0.00    0.00    0.00    0.00
16:20:30     all    0.00    0.00    0.50   99.50    0.00    0.00    0.00    0.00    0.00    0.00
16:20:31     all    0.00    0.00    0.25   99.75    0.00    0.00    0.00    0.00    0.00    0.00
16:20:32     all    0.00    0.00    0.50   99.25    0.00    0.25    0.00    0.00    0.00    0.00
16:20:33     all    0.00    0.00    0.25   99.75    0.00    0.00    0.00    0.00    0.00    0.00
16:20:34     all    0.25    0.00    0.25   99.50    0.00    0.00    0.00    0.00    0.00    0.00
16:20:35     all    0.00    0.00    0.50   99.50    0.00    0.00    0.00    0.00    0.00    0.00
16:20:36     all    0.00    0.00    0.25   99.75    0.00    0.00    0.00    0.00    0.00    0.00
16:20:37     all    0.00    0.00    0.75   99.25    0.00    0.00    0.00    0.00    0.00    0.00
16:20:38     all    0.25    0.00    0.50   99.00    0.00    0.25    0.00    0.00    0.00    0.00
16:20:39     all    0.25    0.00    0.00   99.75    0.00    0.00    0.00    0.00    0.00    0.00
16:20:40     all    0.25    0.00    0.50   99.25    0.00    0.00    0.00    0.00    0.00    0.00
16:20:41     all    0.25    0.00    0.50   99.25    0.00    0.00    0.00    0.00    0.00    0.00
16:20:42     all    0.25    0.00    0.25   99.50    0.00    0.00    0.00    0.00    0.00    0.00
16:20:43     all    0.00    0.00    0.75   99.25    0.00    0.00    0.00    0.00    0.00    0.00
16:20:44     all    0.00    0.00    0.25   99.75    0.00    0.00    0.00    0.00    0.00    0.00
16:20:45     all    0.00    0.00    0.50   99.25    0.00    0.25    0.00    0.00    0.00    0.00
16:20:46     all    0.25    0.00    0.00   99.75    0.00    0.00    0.00    0.00    0.00    0.00
16:20:47     all    0.25    0.00    0.25   99.50    0.00    0.00    0.00    0.00    0.00    0.00
16:20:48     all    0.00    0.00    0.25   99.75    0.00    0.00    0.00    0.00    0.00    0.00
16:20:49     all    0.00    0.00    0.25   99.75    0.00    0.00    0.00    0.00    0.00    0.00
16:20:50     all    0.00    0.00    0.75   99.25    0.00    0.00    0.00    0.00    0.00    0.00
16:20:51     all    0.00    0.00    0.00  100.00    0.00    0.00    0.00    0.00    0.00    0.00
16:20:52     all    0.25    0.00    0.25   99.50    0.00    0.00    0.00    0.00    0.00    0.00
16:20:53     all    0.25    0.00    0.50   99.24    0.00    0.00    0.00    0.00    0.00    0.00
16:20:54     all    0.25    0.00    0.00   99.75    0.00    0.00    0.00    0.00    0.00    0.00
16:20:55     all    0.00    0.00    0.75   99.00    0.00    0.25    0.00    0.00    0.00    0.00
16:20:56     all    0.00    0.00    0.00  100.00    0.00    0.00    0.00    0.00    0.00    0.00
16:20:57     all    0.50    0.00    0.75   98.76    0.00    0.00    0.00    0.00    0.00    0.00
16:20:58     all    0.00    0.00    0.25   99.50    0.00    0.25    0.00    0.00    0.00    0.00
16:20:59     all    0.00    0.00    0.25   99.50    0.00    0.25    0.00    0.00    0.00    0.00
16:21:00     all    0.00    0.00    0.25   99.75    0.00    0.00    0.00    0.00    0.00    0.00
16:21:01     all    0.00    0.00    0.75   99.00    0.00    0.25    0.00    0.00    0.00    0.00
16:21:02     all    0.00    0.00    0.25   99.75    0.00    0.00    0.00    0.00    0.00    0.00
16:21:03     all    0.50    0.00    0.50   99.00    0.00    0.00    0.00    0.00    0.00    0.00
16:21:04     all    0.00    0.00    0.25   99.75    0.00    0.00    0.00    0.00    0.00    0.00
16:21:05     all    0.00    0.00    0.25   99.75    0.00    0.00    0.00    0.00    0.00    0.00
16:21:06     all    0.00    0.00    0.50   99.50    0.00    0.00    0.00    0.00    0.00    0.00
16:21:07     all    0.25    0.00    0.25   99.25    0.00    0.25    0.00    0.00    0.00    0.00
16:21:08     all    0.50    0.00    0.50   99.00    0.00    0.00    0.00    0.00    0.00    0.00
16:21:09     all    0.00    0.00    0.25   99.75    0.00    0.00    0.00    0.00    0.00    0.00
16:21:10     all    0.00    0.00    0.00  100.00    0.00    0.00    0.00    0.00    0.00    0.00
16:21:11     all    0.00    0.00    0.50   99.25    0.00    0.25    0.00    0.00    0.00    0.00
16:21:12     all    0.74    0.00    0.74   98.51    0.00    0.00    0.00    0.00    0.00    0.00
16:21:13     all    0.00    0.00    0.00  100.00    0.00    0.00    0.00    0.00    0.00    0.00
16:21:14     all    0.00    0.00    0.75   99.25    0.00    0.00    0.00    0.00    0.00    0.00
16:21:15     all    0.00    0.00    0.25   99.75    0.00    0.00    0.00    0.00    0.00    0.00
16:21:16     all    0.25    0.00    0.75   98.76    0.00    0.25    0.00    0.00    0.00    0.00
16:21:17     all    0.00    0.00    0.50   99.50    0.00    0.00    0.00    0.00    0.00    0.00
16:21:18     all    0.00    0.00    0.25   99.75    0.00    0.00    0.00    0.00    0.00    0.00
16:21:19     all    0.25    0.00    0.25   99.50    0.00    0.00    0.00    0.00    0.00    0.00
16:21:20     all    0.00    0.00    0.75   99.25    0.00    0.00    0.00    0.00    0.00    0.00
16:21:21     all    0.00    0.00    0.00   99.75    0.00    0.25    0.00    0.00    0.00    0.00
16:21:22     all    0.25    0.00    1.26   98.49    0.00    0.00    0.00    0.00    0.00    0.00
16:21:23     all    0.00    0.00    0.50   99.50    0.00    0.00    0.00    0.00    0.00    0.00
16:21:24     all    0.25    0.00    0.25   99.25    0.00    0.25    0.00    0.00    0.00    0.00
16:21:25     all    0.00    0.00    0.25   99.75    0.00    0.00    0.00    0.00    0.00    0.00
16:21:26     all    0.00    0.00    0.25   99.50    0.00    0.25    0.00    0.00    0.00    0.00
16:21:27     all    0.00    0.00    0.75   99.25    0.00    0.00    0.00    0.00    0.00    0.00
16:21:28     all    0.75    0.00    0.25   99.00    0.00    0.00    0.00    0.00    0.00    0.00
16:21:29     all    0.00    0.00    0.50   99.25    0.00    0.25    0.00    0.00    0.00    0.00
16:21:30     all    0.00    0.00    0.50   99.50    0.00    0.00    0.00    0.00    0.00    0.00
16:21:31     all    0.25    0.00    0.00   99.75    0.00    0.00    0.00    0.00    0.00    0.00
16:21:32     all    0.00    0.00    0.50   99.50    0.00    0.00    0.00    0.00    0.00    0.00
16:21:33     all    0.25    0.00    0.25   99.50    0.00    0.00    0.00    0.00    0.00    0.00
16:21:34     all    0.00    0.00    0.50   99.50    0.00    0.00    0.00    0.00    0.00    0.00
16:21:35     all    0.25    0.00    0.75   99.00    0.00    0.00    0.00    0.00    0.00    0.00
16:21:36     all    0.00    0.00    0.75   99.00    0.00    0.25    0.00    0.00    0.00    0.00
16:21:37     all    0.25    0.00    0.50   99.25    0.00    0.00    0.00    0.00    0.00    0.00
16:21:38     all    0.00    0.00    0.50   99.50    0.00    0.00    0.00    0.00    0.00    0.00
16:21:39     all    0.00    0.00    0.50   99.50    0.00    0.00    0.00    0.00    0.00    0.00
16:21:40     all    0.00    0.00    0.25   99.50    0.00    0.25    0.00    0.00    0.00    0.00
16:21:41     all    0.25    0.00    0.75   99.00    0.00    0.00    0.00    0.00    0.00    0.00
16:21:42     all    0.50    0.00    0.25   99.25    0.00    0.00    0.00    0.00    0.00    0.00
16:21:43     all    0.00    0.00    0.00  100.00    0.00    0.00    0.00    0.00    0.00    0.00
16:21:44     all    0.00    0.00    0.50   99.25    0.00    0.25    0.00    0.00    0.00    0.00
16:21:45     all    0.00    0.00    0.50   99.50    0.00    0.00    0.00    0.00    0.00    0.00
16:21:46     all    0.50    0.00    0.00   99.50    0.00    0.00    0.00    0.00    0.00    0.00
16:21:47     all    0.00    0.00    0.75   99.25    0.00    0.00    0.00    0.00    0.00    0.00
16:21:48     all    0.00    0.00    0.25   99.75    0.00    0.00    0.00    0.00    0.00    0.00
16:21:49     all    0.00    0.00    0.50   99.50    0.00    0.00    0.00    0.00    0.00    0.00
16:21:50     all    0.00    0.00    0.25   99.75    0.00    0.00    0.00    0.00    0.00    0.00
16:21:51     all    0.25    0.00    0.75   98.76    0.00    0.25    0.00    0.00    0.00    0.00
16:21:52     all    0.00    0.00    0.25   99.75    0.00    0.00    0.00    0.00    0.00    0.00
16:21:53     all    0.50    0.00    0.50   99.00    0.00    0.00    0.00    0.00    0.00    0.00
16:21:54     all    0.00    0.00    0.25   99.50    0.00    0.25    0.00    0.00    0.00    0.00
16:21:55     all    0.00    0.00    0.00  100.00    0.00    0.00    0.00    0.00    0.00    0.00
16:21:56     all    0.00    0.00    0.50   99.50    0.00    0.00    0.00    0.00    0.00    0.00
16:21:57     all    0.00    0.00    0.25   99.75    0.00    0.00    0.00    0.00    0.00    0.00
16:21:58     all    0.00    0.00    0.50   99.50    0.00    0.00    0.00    0.00    0.00    0.00
16:21:59     all    0.25    0.00    0.25   99.50    0.00    0.00    0.00    0.00    0.00    0.00
16:22:00     all    0.00    0.00    0.25   99.75    0.00    0.00    0.00    0.00    0.00    0.00
16:22:01     all    0.25    0.00    0.25   99.25    0.00    0.25    0.00    0.00    0.00    0.00
16:22:02     all    0.00    0.00    0.25   99.75    0.00    0.00    0.00    0.00    0.00    0.00
16:22:03     all    0.25    0.00    0.25   99.50    0.00    0.00    0.00    0.00    0.00    0.00
16:22:04     all    0.00    0.00    0.50   99.50    0.00    0.00    0.00    0.00    0.00    0.00
16:22:05     all    0.00    0.00    0.25   99.75    0.00    0.00    0.00    0.00    0.00    0.00
16:22:06     all    0.00    0.00    0.25   99.75    0.00    0.00    0.00    0.00    0.00    0.00
16:22:07     all    0.25    0.00    0.00   99.75    0.00    0.00    0.00    0.00    0.00    0.00
16:22:08     all    0.25    0.00    0.75   99.00    0.00    0.00    0.00    0.00    0.00    0.00
16:22:09     all    0.00    0.00    0.00  100.00    0.00    0.00    0.00    0.00    0.00    0.00
16:22:10     all    0.00    0.00    0.75   99.00    0.00    0.25    0.00    0.00    0.00    0.00
16:22:11     all    0.00    0.00    0.00  100.00    0.00    0.00    0.00    0.00    0.00    0.00
16:22:12     all    0.00    0.00    0.25   99.75    0.00    0.00    0.00    0.00    0.00    0.00
16:22:13     all    0.00    0.00    0.25   99.75    0.00    0.00    0.00    0.00    0.00    0.00
16:22:14     all    0.50    0.00    0.00   99.25    0.00    0.25    0.00    0.00    0.00    0.00
16:22:15     all    0.00    0.00    0.50   99.50    0.00    0.00    0.00    0.00    0.00    0.00
16:22:16     all    0.25    0.00    0.50   99.25    0.00    0.00    0.00    0.00    0.00    0.00
16:22:17     all    0.25    0.00    0.25   99.50    0.00    0.00    0.00    0.00    0.00    0.00
16:22:18     all    0.00    0.00    0.25   99.75    0.00    0.00    0.00    0.00    0.00    0.00
16:22:19     all    0.00    0.00    0.50   99.50    0.00    0.00    0.00    0.00    0.00    0.00
16:22:20     all    0.00    0.00    0.50   99.25    0.00    0.25    0.00    0.00    0.00    0.00
16:22:21     all    0.00    0.00    0.00  100.00    0.00    0.00    0.00    0.00    0.00    0.00
16:22:22     all    0.00    0.00    1.26   98.74    0.00    0.00    0.00    0.00    0.00    0.00
16:22:23     all    0.25    0.00    0.25   99.50    0.00    0.00    0.00    0.00    0.00    0.00
16:22:24     all    0.25    0.00    0.25   99.50    0.00    0.00    0.00    0.00    0.00    0.00
16:22:25     all    0.25    0.00    0.25   99.50    0.00    0.00    0.00    0.00    0.00    0.00
16:22:26     all    0.00    0.00    0.50   99.50    0.00    0.00    0.00    0.00    0.00    0.00
16:22:27     all    0.00    0.00    0.25   99.75    0.00    0.00    0.00    0.00    0.00    0.00
16:22:28     all    0.25    0.00    0.50   99.25    0.00    0.00    0.00    0.00    0.00    0.00
16:22:29     all    0.00    0.00    0.50   99.50    0.00    0.00    0.00    0.00    0.00    0.00
16:22:30     all    0.00    0.00    0.75   99.00    0.00    0.25    0.00    0.00    0.00    0.00
16:22:31     all    0.25    0.00    0.25   99.50    0.00    0.00    0.00    0.00    0.00    0.00
16:22:32     all    0.00    0.00    0.75   99.25    0.00    0.00    0.00    0.00    0.00    0.00
16:22:33     all    0.25    0.00    0.25   99.50    0.00    0.00    0.00    0.00    0.00    0.00
16:22:34     all    0.00    0.00    0.25   99.75    0.00    0.00    0.00    0.00    0.00    0.00
16:22:35     all    0.00    0.00    0.25   99.75    0.00    0.00    0.00    0.00    0.00    0.00
16:22:36     all    0.00    0.00    0.25   99.75    0.00    0.00    0.00    0.00    0.00    0.00
16:22:37     all    0.00    0.00    0.25   99.50    0.00    0.25    0.00    0.00    0.00    0.00
16:22:38     all    0.25    0.00    0.50   99.25    0.00    0.00    0.00    0.00    0.00    0.00
16:22:39     all    0.25    0.00    0.25   99.50    0.00    0.00    0.00    0.00    0.00    0.00
16:22:40     all    0.25    0.00    0.50   99.00    0.00    0.25    0.00    0.00    0.00    0.00
16:22:41     all    0.25    0.00    0.50   99.25    0.00    0.00    0.00    0.00    0.00    0.00
16:22:42     all    0.00    0.00    0.50   99.50    0.00    0.00    0.00    0.00    0.00    0.00
16:22:43     all    0.00    0.00    0.25   99.75    0.00    0.00    0.00    0.00    0.00    0.00
16:22:44     all    0.00    0.00    0.50   99.25    0.00    0.25    0.00    0.00    0.00    0.00
16:22:45     all    0.25    0.00    0.25   99.50    0.00    0.00    0.00    0.00    0.00    0.00
16:22:46     all    0.00    0.00    0.75   99.25    0.00    0.00    0.00    0.00    0.00    0.00
16:22:47     all    0.50    0.00    0.00   99.50    0.00    0.00    0.00    0.00    0.00    0.00
16:22:48     all    0.00    0.00    0.50   99.25    0.00    0.25    0.00    0.00    0.00    0.00
16:22:49     all    0.00    0.00    0.50   99.50    0.00    0.00    0.00    0.00    0.00    0.00
16:22:50     all    0.00    0.00    0.50   99.50    0.00    0.00    0.00    0.00    0.00    0.00
16:22:51     all    0.00    0.00    0.25   99.75    0.00    0.00    0.00    0.00    0.00    0.00
16:22:52     all    0.00    0.00    0.50   99.50    0.00    0.00    0.00    0.00    0.00    0.00
16:22:53     all    0.25    0.00    0.25   99.50    0.00    0.00    0.00    0.00    0.00    0.00
16:22:54     all    0.00    0.00    0.25   99.50    0.00    0.25    0.00    0.00    0.00    0.00
16:22:55     all    0.00    0.00    0.75   99.25    0.00    0.00    0.00    0.00    0.00    0.00
16:22:56     all    0.25    0.00    0.50   99.25    0.00    0.00    0.00    0.00    0.00    0.00
16:22:57     all    0.00    0.00    0.00  100.00    0.00    0.00    0.00    0.00    0.00    0.00
16:22:58     all    0.00    0.00    0.00   99.75    0.00    0.25    0.00    0.00    0.00    0.00
16:22:59     all    0.00    0.00    0.25   99.75    0.00    0.00    0.00    0.00    0.00    0.00
16:23:00     all    0.00    0.00    0.50   99.50    0.00    0.00    0.00    0.00    0.00    0.00
16:23:01     all    0.25    0.00    0.50   99.25    0.00    0.00    0.00    0.00    0.00    0.00
16:23:02     all    0.25    0.00    0.25   99.50    0.00    0.00    0.00    0.00    0.00    0.00
16:23:03     all    0.00    0.00    0.25   99.50    0.00    0.25    0.00    0.00    0.00    0.00
16:23:04     all    0.00    0.00    0.25   99.75    0.00    0.00    0.00    0.00    0.00    0.00
16:23:05     all    0.00    0.00    0.75   99.25    0.00    0.00    0.00    0.00    0.00    0.00
16:23:06     all    0.00    0.00    0.50   99.50    0.00    0.00    0.00    0.00    0.00    0.00
16:23:07     all    0.50    0.00    0.50   99.00    0.00    0.00    0.00    0.00    0.00    0.00
16:23:08     all    0.00    0.00    0.00  100.00    0.00    0.00    0.00    0.00    0.00    0.00
16:23:09     all    0.25    0.00    0.25   99.25    0.00    0.25    0.00    0.00    0.00    0.00
16:23:10     all    0.00    0.00    0.75   99.25    0.00    0.00    0.00    0.00    0.00    0.00
16:23:11     all    0.25    0.00    0.00   99.50    0.00    0.25    0.00    0.00    0.00    0.00
16:23:12     all    0.00    0.00    1.00   99.00    0.00    0.00    0.00    0.00    0.00    0.00
16:23:13     all    0.00    0.00    0.00  100.00    0.00    0.00    0.00    0.00    0.00    0.00
16:23:14     all    0.25    0.00    0.50   99.25    0.00    0.00    0.00    0.00    0.00    0.00
16:23:15     all    0.00    0.00    0.25   99.75    0.00    0.00    0.00    0.00    0.00    0.00
16:23:16     all    0.00    0.00    1.00   99.00    0.00    0.00    0.00    0.00    0.00    0.00
16:23:17     all    0.25    0.00    0.00   99.50    0.00    0.25    0.00    0.00    0.00    0.00
16:23:18     all    0.25    0.00    0.50   99.25    0.00    0.00    0.00    0.00    0.00    0.00
16:23:19     all    0.00    0.00    0.25   99.75    0.00    0.00    0.00    0.00    0.00    0.00
16:23:20     all    0.00    0.00    0.00  100.00    0.00    0.00    0.00    0.00    0.00    0.00
16:23:21     all    0.00    0.00    0.50   99.50    0.00    0.00    0.00    0.00    0.00    0.00
16:23:22     all    0.00    0.00    1.01   98.99    0.00    0.00    0.00    0.00    0.00    0.00
16:23:23     all    0.25    0.00    0.50   99.00    0.00    0.25    0.00    0.00    0.00    0.00
16:23:24     all    0.25    0.00    0.25   99.50    0.00    0.00    0.00    0.00    0.00    0.00
16:23:25     all    0.00    0.00    0.50   99.50    0.00    0.00    0.00    0.00    0.00    0.00
16:23:26     all    0.25    0.00    0.00   99.75    0.00    0.00    0.00    0.00    0.00    0.00
16:23:27     all    0.00    0.00    1.00   99.00    0.00    0.00    0.00    0.00    0.00    0.00
16:23:28     all    0.25    0.00    0.00   99.50    0.00    0.25    0.00    0.00    0.00    0.00
16:23:29     all    0.00    0.00    0.50   99.50    0.00    0.00    0.00    0.00    0.00    0.00
16:23:30     all    0.25    0.00    0.75   98.75    0.00    0.25    0.00    0.00    0.00    0.00
16:23:31     all    0.00    0.00    0.50   99.50    0.00    0.00    0.00    0.00    0.00    0.00
16:23:32     all    0.00    0.00    0.25   99.50    0.00    0.25    0.00    0.00    0.00    0.00
16:23:33     all    0.00    0.00    0.50   99.50    0.00    0.00    0.00    0.00    0.00    0.00
16:23:34     all    0.00    0.00    0.50   99.50    0.00    0.00    0.00    0.00    0.00    0.00
16:23:35     all    0.00    0.00    0.25   99.75    0.00    0.00    0.00    0.00    0.00    0.00
16:23:36     all    0.25    0.00    0.25   99.50    0.00    0.00    0.00    0.00    0.00    0.00
16:23:37     all    0.00    0.00    0.75   99.00    0.00    0.25    0.00    0.00    0.00    0.00
16:23:38     all    0.00    0.00    0.25   99.75    0.00    0.00    0.00    0.00    0.00    0.00
16:23:39     all    0.00    0.00    0.50   99.50    0.00    0.00    0.00    0.00    0.00    0.00
16:23:40     all    0.50    0.00    0.00   99.50    0.00    0.00    0.00    0.00    0.00    0.00
16:23:41     all    0.00    0.00    0.50   99.50    0.00    0.00    0.00    0.00    0.00    0.00
16:23:42     all    0.25    0.00    0.75   99.00    0.00    0.00    0.00    0.00    0.00    0.00
16:23:43     all    0.00    0.00    0.00  100.00    0.00    0.00    0.00    0.00    0.00    0.00
16:23:44     all    0.00    0.00    0.75   99.00    0.00    0.25    0.00    0.00    0.00    0.00
16:23:45     all    0.00    0.00    0.25   99.75    0.00    0.00    0.00    0.00    0.00    0.00
16:23:46     all    0.00    0.00    0.50   99.25    0.00    0.25    0.00    0.00    0.00    0.00
16:23:47     all    0.25    0.00    0.25   99.50    0.00    0.00    0.00    0.00    0.00    0.00
16:23:48     all    0.25    0.00    0.00   99.75    0.00    0.00    0.00    0.00    0.00    0.00
16:23:49     all    0.50    0.00    0.50   98.75    0.00    0.25    0.00    0.00    0.00    0.00
16:23:50     all    0.25    0.00    1.00   98.75    0.00    0.00    0.00    0.00    0.00    0.00
16:23:51     all    0.00    0.00    0.00  100.00    0.00    0.00    0.00    0.00    0.00    0.00
16:23:52     all    0.00    0.00    0.50   99.50    0.00    0.00    0.00    0.00    0.00    0.00
16:23:53     all    0.00    0.00    0.50   99.50    0.00    0.00    0.00    0.00    0.00    0.00
16:23:54     all    0.25    0.00    0.50   99.25    0.00    0.00    0.00    0.00    0.00    0.00
16:23:55     all    0.00    0.00    0.00   99.75    0.00    0.25    0.00    0.00    0.00    0.00
16:23:56     all    0.00    0.00    0.50   99.50    0.00    0.00    0.00    0.00    0.00    0.00
16:23:57     all    0.00    0.00    0.25   99.75    0.00    0.00    0.00    0.00    0.00    0.00
16:23:58     all    0.00    0.00    0.50   99.50    0.00    0.00    0.00    0.00    0.00    0.00
16:23:59     all    0.00    0.00    0.50   99.25    0.00    0.25    0.00    0.00    0.00    0.00
16:24:00     all    0.50    0.00    0.75   98.75    0.00    0.00    0.00    0.00    0.00    0.00
16:24:01     all    0.00    0.00    0.25   99.75    0.00    0.00    0.00    0.00    0.00    0.00
16:24:02     all    0.00    0.00    0.50   99.50    0.00    0.00    0.00    0.00    0.00    0.00
16:24:03     all    0.00    0.00    0.25   99.75    0.00    0.00    0.00    0.00    0.00    0.00
16:24:04     all    0.00    0.00    0.00  100.00    0.00    0.00    0.00    0.00    0.00    0.00
16:24:05     all    0.00    0.00    0.50   99.50    0.00    0.00    0.00    0.00    0.00    0.00
16:24:06     all    0.25    0.00    0.50   99.00    0.00    0.25    0.00    0.00    0.00    0.00
16:24:07     all    0.75    0.00    0.25   98.99    0.00    0.00    0.00    0.00    0.00    0.00
16:24:08     all    0.00    0.00    0.50   99.50    0.00    0.00    0.00    0.00    0.00    0.00
16:24:09     all    0.00    0.00    0.25   99.75    0.00    0.00    0.00    0.00    0.00    0.00
16:24:10     all    0.00    0.00    0.50   99.25    0.00    0.25    0.00    0.00    0.00    0.00
16:24:11     all    0.00    0.00    0.25   99.75    0.00    0.00    0.00    0.00    0.00    0.00
16:24:12     all    0.25    0.00    0.25   99.50    0.00    0.00    0.00    0.00    0.00    0.00
16:24:13     all    0.00    0.00    0.25   99.50    0.00    0.25    0.00    0.00    0.00    0.00
16:24:14     all    0.25    0.00    0.75   99.00    0.00    0.00    0.00    0.00    0.00    0.00
16:24:15     all    0.00    0.00    0.50   99.50    0.00    0.00    0.00    0.00    0.00    0.00
16:24:16     all    0.25    0.00    0.25   99.50    0.00    0.00    0.00    0.00    0.00    0.00
16:24:17     all    0.00    0.00    0.50   99.50    0.00    0.00    0.00    0.00    0.00    0.00
16:24:18     all    0.00    0.00    0.50   99.25    0.00    0.25    0.00    0.00    0.00    0.00
16:24:19     all    0.25    0.00    0.50   99.25    0.00    0.00    0.00    0.00    0.00    0.00
16:24:20     all    0.00    0.00    0.75   99.25    0.00    0.00    0.00    0.00    0.00    0.00
16:24:21     all    0.25    0.00    0.00   99.75    0.00    0.00    0.00    0.00    0.00    0.00
16:24:22     all    0.25    0.00    1.50   98.00    0.00    0.25    0.00    0.00    0.00    0.00
16:24:23     all    0.00    0.00    0.00  100.00    0.00    0.00    0.00    0.00    0.00    0.00
16:24:24     all    0.25    0.00    0.00   99.75    0.00    0.00    0.00    0.00    0.00    0.00
16:24:25     all    0.25    0.00    0.75   99.00    0.00    0.00    0.00    0.00    0.00    0.00
16:24:26     all    0.00    0.00    0.25   99.75    0.00    0.00    0.00    0.00    0.00    0.00
16:24:27     all    0.00    0.00    0.00   99.75    0.00    0.25    0.00    0.00    0.00    0.00
16:24:28     all    0.00    0.00    0.25   99.75    0.00    0.00    0.00    0.00    0.00    0.00
16:24:29     all    0.25    0.00    0.74   99.01    0.00    0.00    0.00    0.00    0.00    0.00
16:24:30     all    0.25    0.00    0.50   99.25    0.00    0.00    0.00    0.00    0.00    0.00
16:24:31     all    0.00    0.00    0.00  100.00    0.00    0.00    0.00    0.00    0.00    0.00
16:24:32     all    0.25    0.00    0.25   99.25    0.00    0.25    0.00    0.00    0.00    0.00
16:24:33     all    0.00    0.00    0.50   99.50    0.00    0.00    0.00    0.00    0.00    0.00
16:24:34     all    0.25    0.00    0.50   99.25    0.00    0.00    0.00    0.00    0.00    0.00
16:24:35     all    0.25    0.00    0.00   99.75    0.00    0.00    0.00    0.00    0.00    0.00
16:24:36     all    0.00    0.00    1.00   99.00    0.00    0.00    0.00    0.00    0.00    0.00
16:24:37     all    0.00    0.00    0.00   99.75    0.00    0.25    0.00    0.00    0.00    0.00
16:24:38     all    0.25    0.00    0.75   99.00    0.00    0.00    0.00    0.00    0.00    0.00
16:24:39     all    0.00    0.00    0.50   99.50    0.00    0.00    0.00    0.00    0.00    0.00
16:24:40     all    0.00    0.00    0.25   99.75    0.00    0.00    0.00    0.00    0.00    0.00
16:24:41     all    0.00    0.00    0.25   99.75    0.00    0.00    0.00    0.00    0.00    0.00
16:24:42     all    0.50    0.00    0.50   99.00    0.00    0.00    0.00    0.00    0.00    0.00
16:24:43     all    0.00    0.00    0.00   99.75    0.00    0.25    0.00    0.00    0.00    0.00
16:24:44     all    0.00    0.00    0.25   99.75    0.00    0.00    0.00    0.00    0.00    0.00
16:24:45     all    0.00    0.00    0.50   99.50    0.00    0.00    0.00    0.00    0.00    0.00
16:24:46     all    0.50    0.00    0.25   99.25    0.00    0.00    0.00    0.00    0.00    0.00
16:24:47     all    0.00    0.00    0.25   99.75    0.00    0.00    0.00    0.00    0.00    0.00
16:24:48     all    0.25    0.00    0.25   99.25    0.00    0.25    0.00    0.00    0.00    0.00
16:24:49     all    0.00    0.00    0.50   99.50    0.00    0.00    0.00    0.00    0.00    0.00
16:24:50     all    0.00    0.00    0.25   99.75    0.00    0.00    0.00    0.00    0.00    0.00
16:24:51     all    0.25    0.00    0.25   99.50    0.00    0.00    0.00    0.00    0.00    0.00
16:24:52     all    0.00    0.00    0.50   99.50    0.00    0.00    0.00    0.00    0.00    0.00
16:24:53     all    0.00    0.00    0.00   99.75    0.00    0.00    0.00    0.00    0.00    0.25
16:24:54     all    0.00    0.00    0.50   99.50    0.00    0.00    0.00    0.00    0.00    0.00
16:24:55     all    0.00    0.00    0.75   99.25    0.00    0.00    0.00    0.00    0.00    0.00
16:24:56     all    0.75    0.00    0.25   99.00    0.00    0.00    0.00    0.00    0.00    0.00
16:24:57     all    0.00    0.00    0.25   99.50    0.00    0.25    0.00    0.00    0.00    0.00
16:24:58     all    0.25    0.00    0.75   99.00    0.00    0.00    0.00    0.00    0.00    0.00
16:24:59     all    0.00    0.00    0.25   99.75    0.00    0.00    0.00    0.00    0.00    0.00
16:25:00     all    0.00    0.00    0.25   99.75    0.00    0.00    0.00    0.00    0.00    0.00
16:25:01     all    0.50    0.00    0.50   98.75    0.00    0.25    0.00    0.00    0.00    0.00
16:25:02     all    0.00    0.00    0.25   99.75    0.00    0.00    0.00    0.00    0.00    0.00
16:25:03     all    0.00    0.00    0.50   99.50    0.00    0.00    0.00    0.00    0.00    0.00
16:25:04     all    0.00    0.00    0.50   99.50    0.00    0.00    0.00    0.00    0.00    0.00
16:25:05     all    0.25    0.00    0.25   99.50    0.00    0.00    0.00    0.00    0.00    0.00
16:25:06     all    0.00    0.00    0.25   99.50    0.00    0.25    0.00    0.00    0.00    0.00
16:25:07     all    0.00    0.00    0.00  100.00    0.00    0.00    0.00    0.00    0.00    0.00
16:25:08     all    0.00    0.00    1.00   99.00    0.00    0.00    0.00    0.00    0.00    0.00
16:25:09     all    0.25    0.00    0.00   99.50    0.00    0.25    0.00    0.00    0.00    0.00
16:25:10     all    0.25    0.00    0.50   99.25    0.00    0.00    0.00    0.00    0.00    0.00
16:25:11     all    0.00    0.00    0.25   99.75    0.00    0.00    0.00    0.00    0.00    0.00
16:25:12     all    0.25    0.00    0.25   99.50    0.00    0.00    0.00    0.00    0.00    0.00
16:25:13     all    0.00    0.00    0.75   99.25    0.00    0.00    0.00    0.00    0.00    0.00
16:25:14     all    0.00    0.00    0.25   99.75    0.00    0.00    0.00    0.00    0.00    0.00
16:25:15     all    0.00    0.00    0.00  100.00    0.00    0.00    0.00    0.00    0.00    0.00
16:25:16     all    0.25    0.00    0.75   99.00    0.00    0.00    0.00    0.00    0.00    0.00
16:25:17     all    0.00    0.00    0.25   99.50    0.00    0.25    0.00    0.00    0.00    0.00
16:25:18     all    0.25    0.00    0.25   99.50    0.00    0.00    0.00    0.00    0.00    0.00
16:25:19     all    0.00    0.00    0.25   99.75    0.00    0.00    0.00    0.00    0.00    0.00
16:25:20     all    0.00    0.00    0.00  100.00    0.00    0.00    0.00    0.00    0.00    0.00
16:25:21     all    0.25    0.00    0.75   98.76    0.00    0.25    0.00    0.00    0.00    0.00
16:25:22     all    0.00    0.00    0.76   99.24    0.00    0.00    0.00    0.00    0.00    0.00
16:25:23     all    0.25    0.00    0.50   99.25    0.00    0.00    0.00    0.00    0.00    0.00
16:25:24     all    0.25    0.00    0.50   99.25    0.00    0.00    0.00    0.00    0.00    0.00
16:25:25     all    0.25    0.00    0.25   99.49    0.00    0.00    0.00    0.00    0.00    0.00
16:25:26     all    0.00    0.00    0.25   99.50    0.00    0.00    0.00    0.00    0.00    0.25
16:25:27     all    0.00    0.00    0.50   99.50    0.00    0.00    0.00    0.00    0.00    0.00
16:25:28     all    0.25    0.00    0.00   99.75    0.00    0.00    0.00    0.00    0.00    0.00
16:25:29     all    0.00    0.00    0.50   98.00    0.00    0.25    0.00    0.00    0.00    1.25
16:25:30     all    0.50    0.00    0.25   99.25    0.00    0.00    0.00    0.00    0.00    0.00
16:25:31     all    0.00    0.00    0.50   99.50    0.00    0.00    0.00    0.00    0.00    0.00
16:25:32     all    0.00    0.00    0.25   99.75    0.00    0.00    0.00    0.00    0.00    0.00
16:25:33     all    0.00    0.00    0.25   99.50    0.00    0.25    0.00    0.00    0.00    0.00
16:25:34     all    0.25    0.00    0.75   99.00    0.00    0.00    0.00    0.00    0.00    0.00
16:25:35     all    0.00    0.00    0.25   99.50    0.00    0.25    0.00    0.00    0.00    0.00
16:25:36     all    0.25    0.00    0.75   98.75    0.00    0.25    0.00    0.00    0.00    0.00
16:25:37     all    0.00    0.00    0.25   99.75    0.00    0.00    0.00    0.00    0.00    0.00
16:25:38     all    0.00    0.00    0.25   99.75    0.00    0.00    0.00    0.00    0.00    0.00
16:25:39     all    0.50    0.00    0.50   99.00    0.00    0.00    0.00    0.00    0.00    0.00
16:25:40     all    0.00    0.00    0.25   99.75    0.00    0.00    0.00    0.00    0.00    0.00
16:25:41     all    0.00    0.00    0.25   99.50    0.00    0.25    0.00    0.00    0.00    0.00
16:25:42     all    0.25    0.00    0.25   99.50    0.00    0.00    0.00    0.00    0.00    0.00
16:25:43     all    0.25    0.00    0.75   99.00    0.00    0.00    0.00    0.00    0.00    0.00
16:25:44     all    0.00    0.00    0.00  100.00    0.00    0.00    0.00    0.00    0.00    0.00
16:25:45     all    0.25    0.00    0.50   99.25    0.00    0.00    0.00    0.00    0.00    0.00
16:25:46     all    0.00    0.00    0.75   99.25    0.00    0.00    0.00    0.00    0.00    0.00
16:25:47     all    0.00    0.00    0.25   99.50    0.00    0.25    0.00    0.00    0.00    0.00
16:25:48     all    0.00    0.00    0.50   99.50    0.00    0.00    0.00    0.00    0.00    0.00
16:25:49     all    0.25    0.00    0.25   99.50    0.00    0.00    0.00    0.00    0.00    0.00
16:25:50     all    0.00    0.00    0.75   99.25    0.00    0.00    0.00    0.00    0.00    0.00
16:25:51     all    0.25    0.00    0.25   99.25    0.00    0.25    0.00    0.00    0.00    0.00
16:25:52     all    0.00    0.00    0.00  100.00    0.00    0.00    0.00    0.00    0.00    0.00
16:25:53     all    0.00    0.00    0.25   99.75    0.00    0.00    0.00    0.00    0.00    0.00
16:25:54     all    0.25    0.00    0.75   99.00    0.00    0.00    0.00    0.00    0.00    0.00
16:25:55     all    0.00    0.00    0.50   97.98    0.00    0.00    0.00    0.00    0.00    1.51
16:25:56     all    0.00    0.00    0.25   99.50    0.00    0.25    0.00    0.00    0.00    0.00
16:25:57     all    0.50    0.00    0.50   99.00    0.00    0.00    0.00    0.00    0.00    0.00
16:25:58     all    0.25    0.00    0.25   99.50    0.00    0.00    0.00    0.00    0.00    0.00
16:25:59     all    0.00    0.00    0.25   99.75    0.00    0.00    0.00    0.00    0.00    0.00
16:26:00     all    0.00    0.00    0.50   99.50    0.00    0.00    0.00    0.00    0.00    0.00
16:26:01     all    0.00    0.00    0.75   99.25    0.00    0.00    0.00    0.00    0.00    0.00
16:26:02     all    0.00    0.00    0.00   99.75    0.00    0.25    0.00    0.00    0.00    0.00
16:26:03     all    0.25    0.00    0.25   99.50    0.00    0.00    0.00    0.00    0.00    0.00
16:26:04     all    0.00    0.00    0.50   99.50    0.00    0.00    0.00    0.00    0.00    0.00
16:26:05     all    0.25    0.00    0.25   99.50    0.00    0.00    0.00    0.00    0.00    0.00
16:26:06     all    0.00    0.00    0.50   99.50    0.00    0.00    0.00    0.00    0.00    0.00
16:26:07     all    0.25    0.00    0.25   99.25    0.00    0.25    0.00    0.00    0.00    0.00
16:26:08     all    0.00    0.00    0.25   99.75    0.00    0.00    0.00    0.00    0.00    0.00
16:26:09     all    0.00    0.00    0.25   99.75    0.00    0.00    0.00    0.00    0.00    0.00
16:26:10     all    0.00    0.00    0.25   99.75    0.00    0.00    0.00    0.00    0.00    0.00
16:26:11     all    0.25    0.00    0.50   99.00    0.00    0.25    0.00    0.00    0.00    0.00
16:26:12     all    0.00    0.00    0.25   99.75    0.00    0.00    0.00    0.00    0.00    0.00
16:26:13     all    0.25    0.00    0.50   99.25    0.00    0.00    0.00    0.00    0.00    0.00
16:26:14     all    0.00    0.00    0.50   99.50    0.00    0.00    0.00    0.00    0.00    0.00
16:26:15     all    0.00    0.00    0.25   99.75    0.00    0.00    0.00    0.00    0.00    0.00
16:26:16     all    0.25    0.00    0.00   99.50    0.00    0.25    0.00    0.00    0.00    0.00
16:26:17     all    0.00    0.00    0.75   99.25    0.00    0.00    0.00    0.00    0.00    0.00
16:26:18     all    0.25    0.00    0.25   98.50    0.00    0.00    0.00    0.00    0.00    1.00
16:26:19     all    0.00    0.00    0.50   99.25    0.00    0.25    0.00    0.00    0.00    0.00
16:26:20     all    0.00    0.00    0.25   99.75    0.00    0.00    0.00    0.00    0.00    0.00
16:26:21     all    0.00    0.00    0.50   99.25    0.00    0.25    0.00    0.00    0.00    0.00
16:26:22     all    0.50    0.00    1.00   98.50    0.00    0.00    0.00    0.00    0.00    0.00
16:26:23     all    0.00    0.00    0.50   99.50    0.00    0.00    0.00    0.00    0.00    0.00
16:26:24     all    0.25    0.00    0.25   99.50    0.00    0.00    0.00    0.00    0.00    0.00
16:26:25     all    0.00    0.00    0.75   99.00    0.00    0.25    0.00    0.00    0.00    0.00
16:26:26     all    0.00    0.00    0.25   99.75    0.00    0.00    0.00    0.00    0.00    0.00
16:26:27     all    0.00    0.00    0.25   99.75    0.00    0.00    0.00    0.00    0.00    0.00
16:26:28     all    0.25    0.00    0.50   99.25    0.00    0.00    0.00    0.00    0.00    0.00
16:26:29     all    0.50    0.00    0.50   99.00    0.00    0.00    0.00    0.00    0.00    0.00
16:26:30     all    0.00    0.00    0.50   99.25    0.00    0.25    0.00    0.00    0.00    0.00
16:26:31     all    0.25    0.00    0.75   99.00    0.00    0.00    0.00    0.00    0.00    0.00
16:26:32     all    0.00    0.00    0.00  100.00    0.00    0.00    0.00    0.00    0.00    0.00
16:26:33     all    0.00    0.00    0.50   99.50    0.00    0.00    0.00    0.00    0.00    0.00
16:26:34     all    0.00    0.00    0.50   99.50    0.00    0.00    0.00    0.00    0.00    0.00
16:26:35     all    0.00    0.00    0.00  100.00    0.00    0.00    0.00    0.00    0.00    0.00
16:26:36     all    0.00    0.00    0.50   99.50    0.00    0.00    0.00    0.00    0.00    0.00
16:26:37     all    0.00    0.00    0.00   99.75    0.00    0.25    0.00    0.00    0.00    0.00
16:26:38     all    0.25    0.00    0.75   99.00    0.00    0.00    0.00    0.00    0.00    0.00
16:26:39     all    0.25    0.00    0.50   99.25    0.00    0.00    0.00    0.00    0.00    0.00
16:26:40     all    0.25    0.00    0.25   99.50    0.00    0.00    0.00    0.00    0.00    0.00
16:26:41     all    0.00    0.00    0.00  100.00    0.00    0.00    0.00    0.00    0.00    0.00
16:26:42     all    0.00    0.00    1.00   98.75    0.00    0.25    0.00    0.00    0.00    0.00
16:26:43     all    0.50    0.00    0.25   99.25    0.00    0.00    0.00    0.00    0.00    0.00
16:26:44     all    0.00    0.00    0.50   99.50    0.00    0.00    0.00    0.00    0.00    0.00
16:26:45     all    0.25    0.00    0.50   99.25    0.00    0.00    0.00    0.00    0.00    0.00
16:26:46     all    0.00    0.00    0.00   99.75    0.00    0.25    0.00    0.00    0.00    0.00
16:26:47     all    0.00    0.00    0.75   99.25    0.00    0.00    0.00    0.00    0.00    0.00
16:26:48     all    0.00    0.00    0.00  100.00    0.00    0.00    0.00    0.00    0.00    0.00
16:26:49     all    0.00    0.00    0.50   99.50    0.00    0.00    0.00    0.00    0.00    0.00
16:26:50     all    0.00    0.00    0.25   99.50    0.00    0.25    0.00    0.00    0.00    0.00
16:26:51     all    0.00    0.00    0.25   99.75    0.00    0.00    0.00    0.00    0.00    0.00
16:26:52     all    0.00    0.00    0.50   99.50    0.00    0.00    0.00    0.00    0.00    0.00
16:26:53     all    0.50    0.00    0.50   99.00    0.00    0.00    0.00    0.00    0.00    0.00
16:26:54     all    0.25    0.00    0.00   99.75    0.00    0.00    0.00    0.00    0.00    0.00
16:26:55     all    0.00    0.00    0.75   99.00    0.00    0.25    0.00    0.00    0.00    0.00
16:26:56     all    0.25    0.00    0.25   99.50    0.00    0.00    0.00    0.00    0.00    0.00
16:26:57     all    0.00    0.00    0.50   99.50    0.00    0.00    0.00    0.00    0.00    0.00
16:26:58     all    0.25    0.00    0.50   99.00    0.00    0.25    0.00    0.00    0.00    0.00
16:26:59     all    0.00    0.00    0.25   99.75    0.00    0.00    0.00    0.00    0.00    0.00
16:27:00     all    0.00    0.00    0.25   99.75    0.00    0.00    0.00    0.00    0.00    0.00
16:27:01     all    0.25    0.00    0.75   99.00    0.00    0.00    0.00    0.00    0.00    0.00
16:27:02     all    0.00    0.00    0.00   99.75    0.00    0.25    0.00    0.00    0.00    0.00
16:27:03     all    0.00    0.00    0.00  100.00    0.00    0.00    0.00    0.00    0.00    0.00
16:27:04     all    0.25    0.00    0.75   98.76    0.00    0.25    0.00    0.00    0.00    0.00
16:27:05     all    0.25    0.00    0.25   99.49    0.00    0.00    0.00    0.00    0.00    0.00
16:27:06     all    0.00    0.00    0.25   99.75    0.00    0.00    0.00    0.00    0.00    0.00
16:27:07     all    0.25    0.00    0.25   99.50    0.00    0.00    0.00    0.00    0.00    0.00
16:27:08     all    0.25    0.00    0.50   99.25    0.00    0.00    0.00    0.00    0.00    0.00
16:27:09     all    0.00    0.00    0.50   99.25    0.00    0.25    0.00    0.00    0.00    0.00
16:27:10     all    0.00    0.00    0.00  100.00    0.00    0.00    0.00    0.00    0.00    0.00
16:27:11     all    0.00    0.00    0.75   99.25    0.00    0.00    0.00    0.00    0.00    0.00
16:27:12     all    0.25    0.00    0.00   99.75    0.00    0.00    0.00    0.00    0.00    0.00
16:27:13     all    0.00    0.00    0.50   99.25    0.00    0.25    0.00    0.00    0.00    0.00
16:27:14     all    0.25    0.00    0.50   99.25    0.00    0.00    0.00    0.00    0.00    0.00
16:27:15     all    0.25    0.00    0.25   99.50    0.00    0.00    0.00    0.00    0.00    0.00
16:27:16     all    0.00    0.00    0.50   99.25    0.00    0.25    0.00    0.00    0.00    0.00
16:27:17     all    0.00    0.00    0.50   99.50    0.00    0.00    0.00    0.00    0.00    0.00
16:27:18     all    0.00    0.00    0.50   99.50    0.00    0.00    0.00    0.00    0.00    0.00
16:27:19     all    0.50    0.00    0.25   99.25    0.00    0.00    0.00    0.00    0.00    0.00
16:27:20     all    0.00    0.00    0.50   99.50    0.00    0.00    0.00    0.00    0.00    0.00
16:27:21     all    0.25    0.00    0.00   99.75    0.00    0.00    0.00    0.00    0.00    0.00
16:27:22     all    0.00    0.00    1.75   98.00    0.00    0.00    0.00    0.00    0.00    0.25
16:27:23     all    0.00    0.00    0.00   99.75    0.00    0.25    0.00    0.00    0.00    0.00
16:27:24     all    0.00    0.00    0.75   99.25    0.00    0.00    0.00    0.00    0.00    0.00
16:27:25     all    0.25    0.00    0.50   99.00    0.00    0.25    0.00    0.00    0.00    0.00
16:27:26     all    0.00    0.00    0.00  100.00    0.00    0.00    0.00    0.00    0.00    0.00
16:27:27     all    0.00    0.00    0.50   99.50    0.00    0.00    0.00    0.00    0.00    0.00
16:27:28     all    0.00    0.00    0.25   99.75    0.00    0.00    0.00    0.00    0.00    0.00
16:27:29     all    0.25    0.00    0.25   99.50    0.00    0.00    0.00    0.00    0.00    0.00
16:27:30     all    0.00    0.00    0.50   99.50    0.00    0.00    0.00    0.00    0.00    0.00
16:27:31     all    0.00    0.00    0.25   99.75    0.00    0.00    0.00    0.00    0.00    0.00
16:27:32     all    0.25    0.00    0.50   99.00    0.00    0.25    0.00    0.00    0.00    0.00
16:27:33     all    0.25    0.00    0.00   99.75    0.00    0.00    0.00    0.00    0.00    0.00
16:27:34     all    0.00    0.00    0.75   99.25    0.00    0.00    0.00    0.00    0.00    0.00
16:27:35     all    0.00    0.00    0.25   99.75    0.00    0.00    0.00    0.00    0.00    0.00
16:27:36     all    0.50    0.00    0.74   98.51    0.00    0.25    0.00    0.00    0.00    0.00
16:27:37     all    0.00    0.00    0.50   99.50    0.00    0.00    0.00    0.00    0.00    0.00
16:27:38     all    0.25    0.00    0.75   99.00    0.00    0.00    0.00    0.00    0.00    0.00
16:27:39     all    0.25    0.00    0.00   99.50    0.00    0.25    0.00    0.00    0.00    0.00
16:27:40     all    0.25    0.00    0.50   99.25    0.00    0.00    0.00    0.00    0.00    0.00
16:27:41     all    0.00    0.00    0.50   99.50    0.00    0.00    0.00    0.00    0.00    0.00
16:27:42     all    0.00    0.00    0.00  100.00    0.00    0.00    0.00    0.00    0.00    0.00
16:27:43     all    0.25    0.00    0.50   99.24    0.00    0.00    0.00    0.00    0.00    0.00
16:27:44     all    0.00    0.00    0.50   99.25    0.00    0.25    0.00    0.00    0.00    0.00
16:27:45     all    0.00    0.00    0.50   99.50    0.00    0.00    0.00    0.00    0.00    0.00
16:27:46     all    0.00    0.00    0.25   99.50    0.00    0.25    0.00    0.00    0.00    0.00
16:27:47     all    0.25    0.00    0.75   99.00    0.00    0.00    0.00    0.00    0.00    0.00
16:27:48     all    0.50    0.00    0.25   99.25    0.00    0.00    0.00    0.00    0.00    0.00
16:27:49     all    0.25    0.00    0.50   99.25    0.00    0.00    0.00    0.00    0.00    0.00
16:27:50     all    0.00    0.00    0.00  100.00    0.00    0.00    0.00    0.00    0.00    0.00
16:27:51     all    0.00    0.00    0.50   99.50    0.00    0.00    0.00    0.00    0.00    0.00
16:27:52     all    0.00    0.00    0.25   99.50    0.00    0.25    0.00    0.00    0.00    0.00
16:27:53     all    0.00    0.00    0.25   99.75    0.00    0.00    0.00    0.00    0.00    0.00
16:27:54     all    0.25    0.00    0.50   99.25    0.00    0.00    0.00    0.00    0.00    0.00
16:27:55     all    0.25    0.00    0.50   98.75    0.00    0.50    0.00    0.00    0.00    0.00
16:27:56     all    0.00    0.00    0.50   99.50    0.00    0.00    0.00    0.00    0.00    0.00
16:27:57     all    0.00    0.00    0.00  100.00    0.00    0.00    0.00    0.00    0.00    0.00
16:27:58     all    0.00    0.00    0.50   99.50    0.00    0.00    0.00    0.00    0.00    0.00
16:27:59     all    0.00    0.00    0.50   99.25    0.00    0.25    0.00    0.00    0.00    0.00
16:28:00     all    0.00    0.00    0.50   99.50    0.00    0.00    0.00    0.00    0.00    0.00
16:28:01     all    0.25    0.00    0.00   99.75    0.00    0.00    0.00    0.00    0.00    0.00
16:28:02     all    0.25    0.00    0.75   99.00    0.00    0.00    0.00    0.00    0.00    0.00
16:28:03     all    0.25    0.00    0.25   99.50    0.00    0.00    0.00    0.00    0.00    0.00
16:28:04     all    0.00    0.00    0.50   99.25    0.00    0.25    0.00    0.00    0.00    0.00
16:28:05     all    0.00    0.00    0.50   99.50    0.00    0.00    0.00    0.00    0.00    0.00
16:28:06     all    0.00    0.00    0.50   99.50    0.00    0.00    0.00    0.00    0.00    0.00
16:28:07     all    0.25    0.00    0.00   99.75    0.00    0.00    0.00    0.00    0.00    0.00
16:28:08     all    0.00    0.00    0.50   99.50    0.00    0.00    0.00    0.00    0.00    0.00
16:28:09     all    0.50    0.00    0.50   98.75    0.00    0.25    0.00    0.00    0.00    0.00
16:28:10     all    0.00    0.00    0.25   99.75    0.00    0.00    0.00    0.00    0.00    0.00
16:28:11     all    0.00    0.00    0.50   99.50    0.00    0.00    0.00    0.00    0.00    0.00
16:28:12     all    0.00    0.00    0.00  100.00    0.00    0.00    0.00    0.00    0.00    0.00
16:28:13     all    0.25    0.00    0.75   99.00    0.00    0.00    0.00    0.00    0.00    0.00
16:28:14     all    0.00    0.00    0.25   99.75    0.00    0.00    0.00    0.00    0.00    0.00
16:28:15     all    0.25    0.00    0.25   99.25    0.00    0.25    0.00    0.00    0.00    0.00
16:28:16     all    0.00    0.00    0.50   99.50    0.00    0.00    0.00    0.00    0.00    0.00
16:28:17     all    0.00    0.00    0.50   99.50    0.00    0.00    0.00    0.00    0.00    0.00
16:28:18     all    0.00    0.00    0.50   99.50    0.00    0.00    0.00    0.00    0.00    0.00
16:28:19     all    0.50    0.00    0.25   99.00    0.00    0.25    0.00    0.00    0.00    0.00
16:28:20     all    0.00    0.00    0.75   99.25    0.00    0.00    0.00    0.00    0.00    0.00
16:28:21     all    0.25    0.00    0.00   99.75    0.00    0.00    0.00    0.00    0.00    0.00
16:28:22     all    0.00    0.00    1.51   98.49    0.00    0.00    0.00    0.00    0.00    0.00
16:28:23     all    0.25    0.00    0.00   99.50    0.00    0.25    0.00    0.00    0.00    0.00
16:28:24     all    0.00    0.00    0.75   99.25    0.00    0.00    0.00    0.00    0.00    0.00
16:28:25     all    0.00    0.00    0.25   99.75    0.00    0.00    0.00    0.00    0.00    0.00
16:28:26     all    0.00    0.00    0.75   99.25    0.00    0.00    0.00    0.00    0.00    0.00
16:28:27     all    0.00    0.00    0.00   99.75    0.00    0.25    0.00    0.00    0.00    0.00
16:28:28     all    0.00    0.00    0.75   97.50    0.00    0.00    0.00    0.00    0.00    1.75
16:28:29     all    0.50    0.00    0.25   99.25    0.00    0.00    0.00    0.00    0.00    0.00
16:28:30     all    0.00    0.00    0.75   99.25    0.00    0.00    0.00    0.00    0.00    0.00
16:28:31     all    0.00    0.00    0.00  100.00    0.00    0.00    0.00    0.00    0.00    0.00
16:28:32     all    0.00    0.00    0.75   99.00    0.00    0.25    0.00    0.00    0.00    0.00
16:28:33     all    0.50    0.00    0.25   99.25    0.00    0.00    0.00    0.00    0.00    0.00
16:28:34     all    0.00    0.00    0.00  100.00    0.00    0.00    0.00    0.00    0.00    0.00
16:28:35     all    0.00    0.00    0.75   99.25    0.00    0.00    0.00    0.00    0.00    0.00
16:28:36     all    0.00    0.00    0.25   99.50    0.00    0.25    0.00    0.00    0.00    0.00
16:28:37     all    0.51    0.00    0.00   99.49    0.00    0.00    0.00    0.00    0.00    0.00
16:28:38     all    0.25    0.00    0.25   99.50    0.00    0.00    0.00    0.00    0.00    0.00
16:28:39     all    0.00    0.00    0.75   99.25    0.00    0.00    0.00    0.00    0.00    0.00
16:28:40     all    0.00    0.00    0.25   99.75    0.00    0.00    0.00    0.00    0.00    0.00
16:28:41     all    0.00    0.00    0.50   99.50    0.00    0.00    0.00    0.00    0.00    0.00
16:28:42     all    0.25    0.00    0.25   99.50    0.00    0.00    0.00    0.00    0.00    0.00
16:28:43     all    0.25    0.00    0.25   99.25    0.00    0.25    0.00    0.00    0.00    0.00
16:28:44     all    0.25    0.00    0.50   99.25    0.00    0.00    0.00    0.00    0.00    0.00
16:28:45     all    0.00    0.00    0.75   99.25    0.00    0.00    0.00    0.00    0.00    0.00
16:28:46     all    0.00    0.00    0.50   99.50    0.00    0.00    0.00    0.00    0.00    0.00
16:28:47     all    0.00    0.00    0.25   99.75    0.00    0.00    0.00    0.00    0.00    0.00
16:28:48     all    0.25    0.00    0.50   99.25    0.00    0.00    0.00    0.00    0.00    0.00
16:28:49     all    0.50    0.00    0.50   98.75    0.00    0.25    0.00    0.00    0.00    0.00
16:28:50     all    0.00    0.00    0.50   99.50    0.00    0.00    0.00    0.00    0.00    0.00
16:28:51     all    0.00    0.00    0.50   99.50    0.00    0.00    0.00    0.00    0.00    0.00
16:28:52     all    0.25    0.00    0.50   97.74    0.00    0.00    0.00    0.00    0.00    1.51
16:28:53     all    0.00    0.00    0.00    7.27    0.00    0.00    0.00    0.00    0.00   92.73
16:28:54     all    0.00    0.00    0.00    0.00    0.00    0.00    0.00    0.00    0.00  100.00
16:28:55     all    0.25    0.00    0.00    0.00    0.00    0.00    0.00    0.00    0.00   99.75
16:28:56     all    0.25    0.00    0.00    0.00    0.00    0.00    0.00    0.00    0.00   99.75
16:28:57     all    0.00    0.00    0.00    0.00    0.00    0.00    0.00    0.00    0.00  100.00
16:28:58     all    0.00    0.00    0.25    0.00    0.00    0.00    0.00    0.00    0.00   99.75
16:28:59     all    0.00    0.00    0.00    0.00    0.00    0.00    0.00    0.00    0.00  100.00
16:29:00     all    0.00    0.00    0.00    0.00    0.00    0.00    0.00    0.00    0.00  100.00
16:29:01     all    0.00    0.00    0.00    0.00    0.00    0.00    0.00    0.00    0.00  100.00
16:29:02     all    0.00    0.00    0.00    0.25    0.00    0.00    0.00    0.00    0.00   99.75
