Linux 6.8.0-1064-gcp (csb-bench-host-gcp) 	08/18/26 	_x86_64_	(4 CPU)

04:52:53     CPU    %usr   %nice    %sys %iowait    %irq   %soft  %steal  %guest  %gnice   %idle
04:52:54     all    0.76    0.00    0.00    0.25    0.00    0.00    0.00    0.00    0.00   98.99
04:52:55     all    0.50    0.00    0.25    0.00    0.00    0.00    0.00    0.00    0.00   99.25
04:52:56     all    0.50    0.00    0.25    0.00    0.00    0.00    0.00    0.00    0.00   99.25
04:52:57     all    0.25    0.00    0.00    0.00    0.00    0.00    0.00    0.00    0.00   99.75
04:52:58     all    0.50    0.00    0.25    0.00    0.00    0.25    0.00    0.00    0.00   99.00
04:52:59     all    0.50    0.00    0.00    0.00    0.00    0.00    0.00    0.00    0.00   99.50
04:53:00     all    0.50    0.00    0.00    0.00    0.00    0.00    0.00    0.00    0.00   99.50
04:53:01     all    0.50    0.00    0.25    0.00    0.00    0.00    0.00    0.00    0.00   99.25
04:53:02     all    0.25    0.00    0.00    0.00    0.00    0.00    0.00    0.00    0.00   99.75
04:53:03     all    0.75    0.00    0.25    0.00    0.00    0.25    0.00    0.00    0.00   98.76
04:53:04     all    0.50    0.00    0.25    0.00    0.00    0.00    0.00    0.00    0.00   99.25
04:53:05     all    0.25    0.00    0.00    0.00    0.00    0.00    0.00    0.00    0.00   99.75
04:53:06     all    0.50    0.00    0.25    0.00    0.00    0.00    0.00    0.00    0.00   99.25
04:53:07     all    0.50    0.00    0.00    0.00    0.00    0.00    0.00    0.00    0.00   99.50
04:53:08     all    0.25    0.00    0.25    0.00    0.00    0.00    0.00    0.00    0.00   99.50
04:53:09     all    0.50    0.00    0.00    0.00    0.00    0.00    0.00    0.00    0.00   99.50
04:53:10     all    0.50    0.00    0.00    0.00    0.00    0.25    0.00    0.00    0.00   99.25
04:53:11     all    0.25    0.00    0.00    0.00    0.00    0.00    0.00    0.00    0.00   99.75
04:53:12     all    0.25    0.00    0.25    0.00    0.00    0.00    0.00    0.00    0.00   99.50
04:53:13     all    0.00    0.00    0.00    0.00    0.00    0.00    0.00    0.00    0.00  100.00
04:53:14     all    0.50    0.00    0.00    0.00    0.00    0.00    0.00    0.00    0.00   99.50
04:53:15     all    0.50    0.00    0.00    0.00    0.00    0.00    0.00    0.00    0.00   99.50
04:53:16     all    0.50    0.00    0.00    0.00    0.00    0.00    0.00    0.00    0.00   99.50
04:53:17     all    0.50    0.00    0.00    0.25    0.00    0.00    0.00    0.00    0.00   99.25
04:53:18     all    0.00    0.00    0.25    0.00    0.00    0.25    0.00    0.00    0.00   99.50
04:53:19     all    0.50    0.00    0.00    0.00    0.00    0.00    0.00    0.00    0.00   99.50
04:53:20     all    0.50    0.00    0.25    0.00    0.00    0.00    0.00    0.00    0.00   99.25
04:53:21     all    0.25    0.00    0.00    0.00    0.00    0.00    0.00    0.00    0.00   99.75
04:53:22     all    0.50    0.00    0.25    0.00    0.00    0.00    0.00    0.00    0.00   99.25
04:53:23     all    0.25    0.00    0.00    0.00    0.00    0.00    0.00    0.00    0.00   99.75
04:53:24     all    0.25    0.00    0.25    0.00    0.00    0.00    0.00    0.00    0.00   99.50
04:53:25     all    0.50    0.00    0.00    0.00    0.00    0.00    0.00    0.00    0.00   99.50
04:53:26     all    0.25    0.00    0.00    0.00    0.00    0.00    0.00    0.00    0.00   99.75
04:53:27     all    0.50    0.00    0.25    0.00    0.00    0.25    0.00    0.00    0.00   99.00
04:53:28     all    0.75    0.00    0.00    0.00    0.00    0.00    0.00    0.00    0.00   99.25
04:53:29     all    0.25    0.00    0.00    0.00    0.00    0.00    0.00    0.00    0.00   99.75
04:53:30     all    0.50    0.00    0.25    0.00    0.00    0.25    0.00    0.00    0.00   99.00
04:53:31     all    0.25    0.00    0.00    0.00    0.00    0.00    0.00    0.00    0.00   99.75
04:53:32     all    0.75    0.00    0.00    0.00    0.00    0.00    0.00    0.00    0.00   99.25
04:53:33     all    0.00    0.00    0.00    0.00    0.00    0.25    0.00    0.00    0.00   99.75
04:53:34     all    0.75    0.00    0.25    0.00    0.00    0.00    0.00    0.00    0.00   99.00
04:53:35     all    0.25    0.00    0.25    0.00    0.00    0.00    0.00    0.00    0.00   99.50
04:53:36     all    0.50    0.00    0.25    0.00    0.00    0.25    0.00    0.00    0.00   99.00
04:53:37     all    0.50    0.00    0.00    0.00    0.00    0.00    0.00    0.00    0.00   99.50
04:53:38     all    0.50    0.00    0.00    0.00    0.00    0.00    0.00    0.00    0.00   99.50
04:53:39     all    0.50    0.00    0.50    0.00    0.00    0.25    0.00    0.00    0.00   98.76
04:53:40     all    0.50    0.00    0.00    0.00    0.00    0.00    0.00    0.00    0.00   99.50
04:53:41     all    0.50    0.00    0.00    0.00    0.00    0.00    0.00    0.00    0.00   99.50
04:53:42     all    0.50    0.00    0.00    0.00    0.00    0.00    0.25    0.00    0.00   99.25
04:53:43     all    0.25    0.00    0.25    0.00    0.00    0.25    0.00    0.00    0.00   99.25
04:53:44     all    0.50    0.00    0.00    0.00    0.00    0.00    0.00    0.00    0.00   99.50
04:53:45     all    0.50    0.00    0.00    0.00    0.00    0.00    0.00    0.00    0.00   99.50
04:53:46     all    0.25    0.00    0.25    0.00    0.00    0.25    0.00    0.00    0.00   99.25
04:53:47     all    0.50    0.00    0.00    0.00    0.00    0.00    0.00    0.00    0.00   99.50
04:53:48     all    0.75    0.00    0.00    0.00    0.00    0.00    0.00    0.00    0.00   99.25
04:53:49     all    0.25    0.00    0.00    0.00    0.00    0.25    0.00    0.00    0.00   99.50
04:53:50     all    0.50    0.00    0.25    0.00    0.00    0.00    0.00    0.00    0.00   99.25
04:53:51     all    0.50    0.00    0.00    0.00    0.00    0.25    0.00    0.00    0.00   99.25
04:53:52     all    0.50    0.00    0.00    0.00    0.00    0.00    0.00    0.00    0.00   99.50
04:53:53     all    0.75    0.00    0.50    0.25    0.00    0.25    0.00    0.00    0.00   98.26
04:53:54     all    0.50    0.00    0.00    0.00    0.00    0.00    0.00    0.00    0.00   99.50
04:53:55     all    0.50    0.00    0.00    0.00    0.00    0.25    0.00    0.00    0.00   99.25
04:53:56     all    0.50    0.00    0.00    0.00    0.00    0.00    0.00    0.00    0.00   99.50
04:53:57     all    0.25    0.00    0.25    0.00    0.00    0.00    0.00    0.00    0.00   99.50
04:53:58     all    0.50    0.00    0.25    0.00    0.00    0.00    0.00    0.00    0.00   99.25
04:53:59     all    0.50    0.00    0.00    0.00    0.00    0.00    0.00    0.00    0.00   99.50
04:54:00     all    0.25    0.00    0.00    0.00    0.00    0.25    0.00    0.00    0.00   99.50
04:54:01     all    0.75    0.00    0.25    0.00    0.00    0.00    0.00    0.00    0.00   99.00
04:54:02     all    0.50    0.00    0.00    0.00    0.00    0.00    0.25    0.00    0.00   99.25
04:54:03     all    0.50    0.00    0.00    0.00    0.00    0.00    0.00    0.00    0.00   99.50
04:54:04     all    0.25    0.00    0.00    0.00    0.00    0.25    0.00    0.00    0.00   99.50
04:54:05     all    0.50    0.00    0.00    0.00    0.00    0.00    0.00    0.00    0.00   99.50
04:54:06     all    0.50    0.00    0.25    0.00    0.00    0.00    0.00    0.00    0.00   99.25
04:54:07     all    0.50    0.00    0.00    0.00    0.00    0.00    0.00    0.00    0.00   99.50
04:54:08     all    0.50    0.00    0.00    0.00    0.00    0.00    0.00    0.00    0.00   99.50
04:54:09     all    0.25    0.00    0.25    0.00    0.00    0.25    0.00    0.00    0.00   99.25
04:54:10     all    0.50    0.00    0.00    0.00    0.00    0.00    0.00    0.00    0.00   99.50
04:54:11     all    0.50    0.00    0.00    0.00    0.00    0.25    0.00    0.00    0.00   99.25
04:54:12     all    0.50    0.00    0.00    0.00    0.00    0.00    0.00    0.00    0.00   99.50
04:54:13     all    0.25    0.00    0.25    0.00    0.00    0.00    0.00    0.00    0.00   99.50
04:54:14     all    0.74    0.00    0.50    0.00    0.00    0.50    0.00    0.00    0.00   98.26
04:54:15     all    0.25    0.00    0.00    0.00    0.00    0.00    0.00    0.00    0.00   99.75
04:54:16     all    0.50    0.00    0.25    0.00    0.00    0.00    0.00    0.00    0.00   99.25
04:54:17     all    0.25    0.00    0.00    0.00    0.00    0.25    0.00    0.00    0.00   99.50
04:54:18     all    0.50    0.00    0.25    0.00    0.00    0.00    0.00    0.00    0.00   99.25
04:54:19     all    0.50    0.00    0.00    0.00    0.00    0.25    0.00    0.00    0.00   99.25
04:54:20     all    0.50    0.00    0.00    0.00    0.00    0.00    0.00    0.00    0.00   99.50
04:54:21     all    0.50    0.00    0.00    0.00    0.00    0.00    0.00    0.00    0.00   99.50
04:54:22     all    0.25    0.00    0.25    0.00    0.00    0.25    0.00    0.00    0.00   99.25
04:54:23     all    0.75    0.00    0.00    0.00    0.00    0.00    0.00    0.00    0.00   99.25
04:54:24     all    0.50    0.00    0.00    0.00    0.00    0.00    0.00    0.00    0.00   99.50
04:54:25     all    0.25    0.00    0.25    0.00    0.00    0.25    0.00    0.00    0.00   99.25
04:54:26     all    0.50    0.00    0.00    0.00    0.00    0.00    0.00    0.00    0.00   99.50
04:54:27     all    0.50    0.00    0.00    0.00    0.00    0.25    0.00    0.00    0.00   99.25
04:54:28     all    0.50    0.00    0.00    0.00    0.00    0.00    0.00    0.00    0.00   99.50
04:54:29     all    0.25    0.00    0.25    0.25    0.00    0.00    0.00    0.00    0.00   99.25
04:54:30     all    0.50    0.00    0.00    0.00    0.00    0.00    0.00    0.00    0.00   99.50
04:54:31     all    0.50    0.00    0.25    0.00    0.00    0.00    0.00    0.00    0.00   99.25
04:54:32     all    0.50    0.00    0.00    0.00    0.00    0.25    0.00    0.00    0.00   99.25
04:54:33     all    0.50    0.00    0.00    0.00    0.00    0.00    0.00    0.00    0.00   99.50
04:54:34     all    0.50    0.00    0.00    0.00    0.00    0.00    0.00    0.00    0.00   99.50
04:54:35     all    0.50    0.00    0.25    0.00    0.00    0.25    0.00    0.00    0.00   99.00
04:54:36     all    0.25    0.00    0.00    0.00    0.00    0.25    0.00    0.00    0.00   99.50
04:54:37     all    0.50    0.00    0.25    0.00    0.00    0.00    0.00    0.00    0.00   99.25
04:54:38     all    0.50    0.00    0.25    0.00    0.00    0.00    0.00    0.00    0.00   99.25
04:54:39     all    0.50    0.00    0.00    0.00    0.00    0.00    0.00    0.00    0.00   99.50
04:54:40     all    0.50    0.00    0.25    0.00    0.00    0.25    0.00    0.00    0.00   99.00
04:54:41     all    0.25    0.00    0.00    0.00    0.00    0.00    0.00    0.00    0.00   99.75
04:54:42     all    0.50    0.00    0.00    0.00    0.00    0.25    0.00    0.00    0.00   99.25
04:54:43     all    0.50    0.00    0.25    0.00    0.00    0.00    0.00    0.00    0.00   99.25
04:54:44     all    0.50    0.00    0.00    0.00    0.00    0.25    0.00    0.00    0.00   99.25
04:54:45     all    0.50    0.00    0.00    0.00    0.00    0.00    0.00    0.00    0.00   99.50
04:54:46     all    0.50    0.00    0.25    0.00    0.00    0.00    0.00    0.00    0.00   99.25
04:54:47     all    0.25    0.00    0.25    0.00    0.00    0.25    0.00    0.00    0.00   99.25
04:54:48     all    0.50    0.00    0.25    0.00    0.00    0.00    0.00    0.00    0.00   99.25
04:54:49     all    0.50    0.00    0.00    0.00    0.00    0.00    0.00    0.00    0.00   99.50
04:54:50     all    0.75    0.00    0.25    0.00    0.00    0.25    0.00    0.00    0.00   98.75
04:54:51     all    0.25    0.00    0.00    0.00    0.00    0.00    0.00    0.00    0.00   99.75
04:54:52     all    0.50    0.00    0.00    0.00    0.00    0.00    0.00    0.00    0.00   99.50
04:54:53     all    0.50    0.00    0.25    0.00    0.00    0.25    0.00    0.00    0.00   99.00
04:54:54     all    0.50    0.00    0.25    0.00    0.00    0.25    0.00    0.00    0.00   98.99
04:54:55     all    0.50    0.00    0.25    0.00    0.00    0.00    0.00    0.00    0.00   99.25
04:54:56     all    0.50    0.00    0.00    0.00    0.00    0.00    0.25    0.00    0.00   99.25
04:54:57     all    0.75    0.00    0.25    0.00    0.00    0.00    0.00    0.00    0.00   99.00
04:54:58     all    0.25    0.00    0.00    0.00    0.00    0.00    0.00    0.00    0.00   99.75
04:54:59     all    0.50    0.00    0.25    0.00    0.00    0.00    0.00    0.00    0.00   99.25
04:55:00     all    0.75    0.00    0.00    0.00    0.00    0.25    0.25    0.00    0.00   98.76
04:55:01     all    0.50    0.00    0.25    0.00    0.00    0.00    0.00    0.00    0.00   99.25
04:55:02     all    0.50    0.00    0.25    0.76    0.00    0.00    0.00    0.00    0.00   98.49
04:55:03     all    0.75    0.00    0.00    0.00    0.00    0.00    0.00    0.00    0.00   99.25
04:55:04     all    0.50    0.00    0.25    0.00    0.00    0.00    0.00    0.00    0.00   99.25
04:55:05     all    0.50    0.00    0.00    0.25    0.00    0.00    0.00    0.00    0.00   99.24
04:55:06     all    0.50    0.00    0.25    0.00    0.00    0.25    0.00    0.00    0.00   99.00
04:55:07     all    0.75    0.00    0.00    0.00    0.00    0.00    0.00    0.00    0.00   99.25
04:55:08     all    0.75    0.00    0.00    0.00    0.00    0.00    0.00    0.00    0.00   99.25
04:55:09     all    0.50    0.00    0.25    0.00    0.00    0.25    0.00    0.00    0.00   99.00
04:55:10     all    0.50    0.00    0.00    0.00    0.00    0.00    0.00    0.00    0.00   99.50
04:55:11     all    0.25    0.00    0.00    0.00    0.00    0.00    0.00    0.00    0.00   99.75
04:55:12     all    0.50    0.00    0.00    0.00    0.00    0.00    0.00    0.00    0.00   99.50
04:55:13     all    1.00    0.00    0.25    0.00    0.00    0.25    0.00    0.00    0.00   98.50
04:55:14     all    0.50    0.00    0.00    0.00    0.00    0.00    0.00    0.00    0.00   99.50
04:55:15     all    0.50    0.00    0.00    0.00    0.00    0.25    0.00    0.00    0.00   99.25
04:55:16     all    0.50    0.00    0.25    0.00    0.00    0.00    0.00    0.00    0.00   99.25
04:55:17     all    0.50    0.00    0.00    0.00    0.00    0.00    0.00    0.00    0.00   99.50
04:55:18     all    0.50    0.00    0.25    0.00    0.00    0.00    0.00    0.00    0.00   99.25
04:55:19     all    0.75    0.00    0.00    0.00    0.00    0.25    0.00    0.00    0.00   99.00
04:55:20     all    0.50    0.00    0.00    0.00    0.00    0.00    0.00    0.00    0.00   99.50
04:55:21     all    0.50    0.00    0.50    0.00    0.00    0.00    0.00    0.00    0.00   99.00
04:55:22     all    0.50    0.00    0.00    0.00    0.00    0.00    0.00    0.00    0.00   99.50
04:55:23     all    0.50    0.00    0.25    0.00    0.00    0.25    0.00    0.00    0.00   99.00
04:55:24     all    0.75    0.00    0.00    0.00    0.00    0.00    0.25    0.00    0.00   99.00
04:55:25     all    0.50    0.00    0.00    0.00    0.00    0.00    0.00    0.00    0.00   99.50
04:55:26     all    0.75    0.00    0.25    0.00    0.00    0.00    0.00    0.00    0.00   99.00
04:55:27     all    0.50    0.00    0.00    0.00    0.00    0.25    0.00    0.00    0.00   99.25
04:55:28     all    0.50    0.00    0.25    0.00    0.00    0.25    0.00    0.00    0.00   99.00
04:55:29     all    0.25    0.00    0.00    0.00    0.00    0.00    0.00    0.00    0.00   99.75
04:55:30     all    0.50    0.00    0.25    0.00    0.00    0.00    0.00    0.00    0.00   99.25
04:55:31     all    0.50    0.00    0.00    0.00    0.00    0.00    0.00    0.00    0.00   99.50
04:55:32     all    0.50    0.00    0.25    0.00    0.00    0.25    0.00    0.00    0.00   99.00
04:55:33     all    0.75    0.00    0.00    0.00    0.00    0.00    0.00    0.00    0.00   99.25
04:55:34     all    0.25    0.00    0.25    0.25    0.00    0.00    0.00    0.00    0.00   99.25
04:55:35     all    0.75    0.00    0.00    0.00    0.00    0.00    0.00    0.00    0.00   99.25
04:55:36     all    0.50    0.00    0.25    0.00    0.00    0.00    0.00    0.00    0.00   99.25
04:55:37     all    0.50    0.00    0.00    0.00    0.00    0.00    0.00    0.00    0.00   99.50
04:55:38     all    0.50    0.00    0.00    0.00    0.00    0.25    0.00    0.00    0.00   99.25
04:55:39     all    0.75    0.00    0.00    0.00    0.00    0.00    0.00    0.00    0.00   99.25
04:55:40     all    0.25    0.00    0.25    0.00    0.00    0.00    0.00    0.00    0.00   99.50
04:55:41     all    0.75    0.00    0.00    0.00    0.00    0.00    0.00    0.00    0.00   99.25
04:55:42     all    0.50    0.00    0.50    0.00    0.00    0.25    0.00    0.00    0.00   98.75
04:55:43     all    0.50    0.00    0.00    0.00    0.00    0.00    0.00    0.00    0.00   99.50
04:55:44     all    1.00    0.00    0.25    0.00    0.00    0.00    0.00    0.00    0.00   98.75
04:55:45     all    0.50    0.00    0.00    0.00    0.00    0.25    0.00    0.00    0.00   99.25
04:55:46     all    0.75    0.00    0.00    0.00    0.00    0.00    0.00    0.00    0.00   99.25
04:55:47     all    0.50    0.00    0.25    0.00    0.00    0.00    0.00    0.00    0.00   99.25
04:55:48     all    0.50    0.00    0.00    0.00    0.00    0.00    0.00    0.00    0.00   99.50
04:55:49     all    0.50    0.00    0.25    0.00    0.00    0.00    0.00    0.00    0.00   99.25
04:55:50     all    0.50    0.00    0.25    0.00    0.00    0.00    0.00    0.00    0.00   99.25
04:55:51     all    0.50    0.00    0.25    0.00    0.00    0.00    0.00    0.00    0.00   99.25
04:55:52     all    0.75    0.00    0.00    0.00    0.00    0.00    0.00    0.00    0.00   99.25
04:55:53     all    0.50    0.00    0.25    0.00    0.00    0.00    0.00    0.00    0.00   99.25
04:55:54     all    0.50    0.00    0.00    0.00    0.00    0.25    0.00    0.00    0.00   99.25
04:55:55     all    0.50    0.00    0.25    0.00    0.00    0.00    0.00    0.00    0.00   99.25
04:55:56     all    0.75    0.00    0.00    0.00    0.00    0.00    0.00    0.00    0.00   99.25
04:55:57     all    0.25    0.00    0.25    0.00    0.00    0.00    0.00    0.00    0.00   99.50
04:55:58     all    0.75    0.00    0.00    0.00    0.00    0.00    0.00    0.00    0.00   99.25
04:55:59     all    0.50    0.00    0.25    0.00    0.00    0.25    0.00    0.00    0.00   99.00
04:56:00     all    0.75    0.00    0.00    0.00    0.00    0.00    0.00    0.00    0.00   99.25
04:56:01     all    0.50    0.00    0.25    0.00    0.00    0.00    0.00    0.00    0.00   99.25
04:56:02     all    0.75    0.00    0.00    0.00    0.00    0.00    0.00    0.00    0.00   99.25
04:56:03     all    0.50    0.00    0.00    0.00    0.00    0.00    0.00    0.00    0.00   99.50
04:56:04     all    0.50    0.00    0.25    0.25    0.00    0.00    0.00    0.00    0.00   99.00
04:56:05     all    0.50    0.00    0.25    0.00    0.00    0.00    0.00    0.00    0.00   99.25
04:56:06     all    0.50    0.00    0.00    0.00    0.00    0.00    0.00    0.00    0.00   99.50
04:56:07     all    0.50    0.00    0.25    0.00    0.00    0.00    0.00    0.00    0.00   99.25
04:56:08     all    0.50    0.00    0.00    0.00    0.00    0.25    0.00    0.00    0.00   99.25
04:56:09     all    0.50    0.00    0.00    0.25    0.00    0.00    0.00    0.00    0.00   99.25
04:56:10     all    0.50    0.00    0.25    0.00    0.00    0.00    0.00    0.00    0.00   99.25
04:56:11     all    0.75    0.00    0.00    0.00    0.00    0.00    0.00    0.00    0.00   99.25
04:56:12     all    0.25    0.00    0.25    0.00    0.00    0.00    0.00    0.00    0.00   99.50
04:56:13     all    0.50    0.00    0.00    0.00    0.00    0.00    0.00    0.00    0.00   99.50
04:56:14     all    0.00    0.00    0.25    0.00    0.00    0.00    0.00    0.00    0.00   99.75
04:56:15     all    0.75    0.00    0.25    0.00    0.00    0.25    0.00    0.00    0.00   98.75
04:56:16     all    0.25    0.00    0.00    0.00    0.00    0.00    0.00    0.00    0.00   99.75
04:56:17     all    0.50    0.00    0.00    0.00    0.00    0.00    0.25    0.00    0.00   99.25
04:56:18     all    0.50    0.00    0.00    0.00    0.00    0.00    0.00    0.00    0.00   99.50
04:56:19     all    0.25    0.00    0.25    0.00    0.00    0.00    0.00    0.00    0.00   99.50
04:56:20     all    0.50    0.00    0.00    0.00    0.00    0.00    0.00    0.00    0.00   99.50
04:56:21     all    0.25    0.00    0.00    0.00    0.00    0.00    0.00    0.00    0.00   99.75
04:56:22     all    0.75    0.00    0.25    0.00    0.00    0.25    0.00    0.00    0.00   98.75
04:56:23     all    0.50    0.00    0.25    0.00    0.00    0.00    0.00    0.00    0.00   99.25
04:56:24     all    0.50    0.00    0.00    0.00    0.00    0.00    0.00    0.00    0.00   99.50
04:56:25     all    0.75    0.00    0.25    0.00    0.00    0.00    0.00    0.00    0.00   99.00
04:56:26     all    0.75    0.00    0.00    0.00    0.00    0.00    0.00    0.00    0.00   99.25
04:56:27     all    0.75    0.00    0.00    0.00    0.00    0.00    0.00    0.00    0.00   99.25
04:56:28     all    0.50    0.00    0.25    0.00    0.00    0.25    0.00    0.00    0.00   99.00
04:56:29     all    0.25    0.00    0.00    0.00    0.00    0.00    0.00    0.00    0.00   99.75
04:56:30     all    0.50    0.00    0.25    0.00    0.00    0.25    0.00    0.00    0.00   99.00
04:56:31     all    0.50    0.00    0.00    0.00    0.00    0.00    0.00    0.00    0.00   99.50
04:56:32     all    0.50    0.00    0.00    0.00    0.00    0.00    0.00    0.00    0.00   99.50
04:56:33     all    0.25    0.00    0.00    0.00    0.00    0.00    0.00    0.00    0.00   99.75
04:56:34     all    0.25    0.00    0.50    0.00    0.00    0.00    0.00    0.00    0.00   99.25
04:56:35     all    0.50    0.00    0.25    0.00    0.00    0.00    0.00    0.00    0.00   99.25
04:56:36     all    0.50    0.00    0.00    0.00    0.00    0.00    0.00    0.00    0.00   99.50
04:56:37     all    0.75    0.00    0.00    0.00    0.00    0.00    0.00    0.00    0.00   99.25
04:56:38     all    0.50    0.00    0.25    0.00    0.00    0.00    0.00    0.00    0.00   99.25
04:56:39     all    0.25    0.00    0.00    0.00    0.00    0.00    0.00    0.00    0.00   99.75
04:56:40     all    0.50    0.00    0.00    0.00    0.00    0.00    0.00    0.00    0.00   99.50
04:56:41     all    0.50    0.00    0.25    0.00    0.00    0.25    0.00    0.00    0.00   99.00
04:56:42     all    0.50    0.00    0.00    0.00    0.00    0.00    0.00    0.00    0.00   99.50
04:56:43     all    0.75    0.00    0.50    0.25    0.00    0.00    0.00    0.00    0.00   98.49
04:56:44     all    0.75    0.00    0.25    0.00    0.00    0.25    0.00    0.00    0.00   98.75
04:56:45     all    0.50    0.00    0.00    0.00    0.00    0.00    0.00    0.00    0.00   99.50
04:56:46     all    0.50    0.00    0.50    0.00    0.00    0.25    0.00    0.00    0.00   98.75
04:56:47     all    0.50    0.00    0.00    0.25    0.00    0.00    0.00    0.00    0.00   99.25
04:56:48     all    0.25    0.00    0.00    0.25    0.00    0.00    0.00    0.00    0.00   99.50
04:56:49     all    0.75    0.00    0.25    0.00    0.00    0.00    0.00    0.00    0.00   99.00
04:56:50     all    0.50    0.00    0.00    0.00    0.00    0.00    0.00    0.00    0.00   99.50
04:56:51     all    0.50    0.00    0.00    0.00    0.00    0.25    0.00    0.00    0.00   99.25
04:56:52     all    0.50    0.00    0.25    0.00    0.00    0.00    0.00    0.00    0.00   99.25
04:56:53     all    0.50    0.00    0.00    0.00    0.00    0.25    0.00    0.00    0.00   99.25
04:56:54     all    0.75    0.00    0.00    0.00    0.00    0.00    0.00    0.00    0.00   99.25
04:56:55     all    0.50    0.00    0.25    0.00    0.00    0.00    0.00    0.00    0.00   99.25
04:56:56     all    0.50    0.00    0.00    0.00    0.00    0.00    0.00    0.00    0.00   99.50
04:56:57     all    0.75    0.00    0.00    0.00    0.00    0.00    0.00    0.00    0.00   99.25
04:56:58     all    0.50    0.00    0.25    0.00    0.00    0.00    0.00    0.00    0.00   99.25
04:56:59     all    0.50    0.00    0.00    0.00    0.00    0.00    0.00    0.00    0.00   99.50
04:57:00     all    0.75    0.00    0.25    0.00    0.00    0.00    0.00    0.00    0.00   99.00
04:57:01     all    0.50    0.00    0.00    0.00    0.00    0.25    0.00    0.00    0.00   99.25
04:57:02     all    0.50    0.00    0.25    0.00    0.00    0.00    0.00    0.00    0.00   99.25
04:57:03     all    0.25    0.00    0.00    0.00    0.00    0.00    0.00    0.00    0.00   99.75
04:57:04     all    0.50    0.00    0.00    0.00    0.00    0.00    0.00    0.00    0.00   99.50
04:57:05     all    0.50    0.00    0.00    0.00    0.00    0.00    0.25    0.00    0.00   99.25
04:57:06     all    0.75    0.00    0.25    0.00    0.00    0.00    0.00    0.00    0.00   99.00
04:57:07     all    0.75    0.00    0.00    0.00    0.00    0.00    0.00    0.00    0.00   99.25
04:57:08     all    0.50    0.00    0.25    0.00    0.00    0.00    0.00    0.00    0.00   99.25
04:57:09     all    0.50    0.00    0.00    0.00    0.00    0.00    0.00    0.00    0.00   99.50
04:57:10     all    0.75    0.00    0.25    0.00    0.00    0.00    0.00    0.00    0.00   99.00
04:57:11     all    0.50    0.00    0.25    0.00    0.00    0.00    0.00    0.00    0.00   99.25
04:57:12     all    0.50    0.00    0.25    0.00    0.00    0.00    0.00    0.00    0.00   99.25
04:57:13     all    0.50    0.00    0.00    0.00    0.00    0.25    0.00    0.00    0.00   99.25
04:57:14     all    0.50    0.00    0.00    0.00    0.00    0.00    0.00    0.00    0.00   99.50
04:57:15     all    0.75    0.00    0.25    0.00    0.00    0.00    0.00    0.00    0.00   99.00
04:57:16     all    0.50    0.00    0.00    0.00    0.00    0.00    0.00    0.00    0.00   99.50
04:57:17     all    0.75    0.00    0.00    0.00    0.00    0.00    0.00    0.00    0.00   99.25
04:57:18     all    0.50    0.00    0.25    0.00    0.00    0.00    0.25    0.00    0.00   99.00
04:57:19     all    0.75    0.00    0.00    0.00    0.00    0.00    0.00    0.00    0.00   99.25
04:57:20     all    0.50    0.00    0.00    0.00    0.00    0.25    0.00    0.00    0.00   99.25
04:57:21     all    0.25    0.00    0.25    0.00    0.00    0.00    0.00    0.00    0.00   99.50
04:57:22     all    0.50    0.00    0.00    0.00    0.00    0.00    0.00    0.00    0.00   99.50
04:57:23     all    0.50    0.00    0.00    0.00    0.00    0.00    0.00    0.00    0.00   99.50
04:57:24     all    0.50    0.00    0.25    0.00    0.00    0.00    0.00    0.00    0.00   99.25
04:57:25     all    0.50    0.00    0.00    0.00    0.00    0.00    0.00    0.00    0.00   99.50
04:57:26     all    0.50    0.00    0.00    0.00    0.00    0.00    0.00    0.00    0.00   99.50
04:57:27     all    0.75    0.00    0.25    0.00    0.00    0.00    0.00    0.00    0.00   99.00
04:57:28     all    0.51    0.00    0.00    0.00    0.00    0.00    0.00    0.00    0.00   99.49
04:57:29     all    0.75    0.00    0.25    0.00    0.00    0.25    0.00    0.00    0.00   98.76
04:57:30     all    0.50    0.00    0.25    0.00    0.00    0.00    0.00    0.00    0.00   99.25
04:57:31     all    0.75    0.00    0.00    0.00    0.00    0.00    0.00    0.00    0.00   99.25
04:57:32     all    0.50    0.00    0.25    0.00    0.00    0.00    0.00    0.00    0.00   99.25
04:57:33     all    0.50    0.00    0.25    0.00    0.00    0.00    0.00    0.00    0.00   99.25
04:57:34     all    0.25    0.00    0.00    0.25    0.00    0.00    0.00    0.00    0.00   99.50
04:57:35     all    0.25    0.00    0.00    0.00    0.00    0.00    0.00    0.00    0.00   99.75
04:57:36     all    0.50    0.00    0.25    0.00    0.00    0.25    0.00    0.00    0.00   99.00
04:57:37     all    1.00    0.00    0.00    0.00    0.00    0.00    0.00    0.00    0.00   99.00
04:57:38     all    0.50    0.00    0.00    0.00    0.00    0.00    0.00    0.00    0.00   99.50
04:57:39     all    0.25    0.00    0.00    0.00    0.00    0.00    0.00    0.00    0.00   99.75
04:57:40     all    1.00    0.00    0.00    0.00    0.00    0.00    0.00    0.00    0.00   99.00
04:57:41     all    0.75    0.00    0.00    0.00    0.00    0.00    0.00    0.00    0.00   99.25
04:57:42     all    0.25    0.00    0.25    0.00    0.00    0.00    0.00    0.00    0.00   99.50
04:57:43     all    0.75    0.00    0.00    0.00    0.00    0.00    0.00    0.00    0.00   99.25
04:57:44     all    0.50    0.00    0.25    0.00    0.00    0.00    0.00    0.00    0.00   99.25
04:57:45     all    0.51    0.00    0.00    0.00    0.00    0.00    0.00    0.00    0.00   99.49
04:57:46     all    0.50    0.00    0.50    0.00    0.00    0.25    0.00    0.00    0.00   98.75
04:57:47     all    0.75    0.00    0.00    0.00    0.00    0.00    0.00    0.00    0.00   99.25
04:57:48     all    0.50    0.00    0.25    0.00    0.00    0.00    0.00    0.00    0.00   99.25
04:57:49     all    0.50    0.00    0.00    0.00    0.00    0.00    0.00    0.00    0.00   99.50
04:57:50     all    0.50    0.00    0.00    0.00    0.00    0.00    0.00    0.00    0.00   99.50
04:57:51     all    0.75    0.00    0.25    0.00    0.00    0.25    0.00    0.00    0.00   98.75
04:57:52     all    0.50    0.00    0.00    0.00    0.00    0.25    0.00    0.00    0.00   99.25
04:57:53     all    0.50    0.00    0.25    0.00    0.00    0.00    0.00    0.00    0.00   99.25
04:57:54     all    0.50    0.00    0.00    0.00    0.00    0.25    0.00    0.00    0.00   99.25
04:57:55     all    0.75    0.00    0.00    0.00    0.00    0.00    0.00    0.00    0.00   99.25
04:57:56     all    0.50    0.00    0.25    0.00    0.00    0.00    0.00    0.00    0.00   99.25
04:57:57     all    0.50    0.00    0.00    0.00    0.00    0.00    0.00    0.00    0.00   99.50
04:57:58     all    0.50    0.00    0.25    0.00    0.00    0.25    0.25    0.00    0.00   98.75
04:57:59     all    0.50    0.00    0.25    0.00    0.00    0.00    0.00    0.00    0.00   99.25
04:58:00     all    0.50    0.00    0.00    0.00    0.00    0.00    0.00    0.00    0.00   99.50
04:58:01     all    0.50    0.00    0.25    0.00    0.00    0.00    0.00    0.00    0.00   99.25
04:58:02     all    0.50    0.00    0.00    0.00    0.00    0.00    0.00    0.00    0.00   99.50
04:58:03     all    0.75    0.00    0.00    0.00    0.00    0.00    0.00    0.00    0.00   99.25
04:58:04     all    0.50    0.00    0.25    0.00    0.00    0.00    0.00    0.00    0.00   99.25
04:58:05     all    0.50    0.00    0.00    0.00    0.00    0.00    0.00    0.00    0.00   99.50
04:58:06     all    0.50    0.00    0.00    0.00    0.00    0.00    0.00    0.00    0.00   99.50
04:58:07     all    0.75    0.00    0.00    0.00    0.00    0.00    0.00    0.00    0.00   99.25
04:58:08     all    0.50    0.00    0.00    0.25    0.00    0.00    0.00    0.00    0.00   99.25
04:58:09     all    0.50    0.00    0.50    0.00    0.00    0.00    0.00    0.00    0.00   99.00
04:58:10     all    0.75    0.00    0.00    0.00    0.00    0.25    0.00    0.00    0.00   99.00
04:58:11     all    0.50    0.00    0.25    0.00    0.00    0.00    0.00    0.00    0.00   99.25
04:58:12     all    0.50    0.00    0.00    0.00    0.00    0.25    0.00    0.00    0.00   99.25
04:58:13     all    0.50    0.00    0.25    0.00    0.00    0.00    0.00    0.00    0.00   99.25
04:58:14     all    0.50    0.00    0.00    0.00    0.00    0.00    0.00    0.00    0.00   99.50
04:58:15     all    0.50    0.00    0.25    0.00    0.00    0.00    0.00    0.00    0.00   99.25
04:58:16     all    1.00    0.00    0.00    0.00    0.00    0.00    0.00    0.00    0.00   99.00
04:58:17     all    0.50    0.00    0.00    0.00    0.00    0.25    0.00    0.00    0.00   99.25
04:58:18     all    0.50    0.00    0.25    0.00    0.00    0.25    0.00    0.00    0.00   99.00
04:58:19     all    0.50    0.00    0.00    0.00    0.00    0.00    0.00    0.00    0.00   99.50
04:58:20     all    0.50    0.00    0.25    0.00    0.00    0.00    0.00    0.00    0.00   99.25
04:58:21     all    0.25    0.00    0.00    0.00    0.00    0.00    0.25    0.00    0.00   99.50
04:58:22     all    0.50    0.00    0.00    0.00    0.00    0.00    0.00    0.00    0.00   99.50
04:58:23     all    0.50    0.00    0.25    0.00    0.00    0.00    0.00    0.00    0.00   99.25
04:58:24     all    0.50    0.00    0.25    0.00    0.00    0.00    0.00    0.00    0.00   99.25
04:58:25     all    0.50    0.00    0.00    0.00    0.00    0.25    0.00    0.00    0.00   99.25
04:58:26     all    0.75    0.00    0.00    0.00    0.00    0.00    0.00    0.00    0.00   99.25
04:58:27     all    0.50    0.00    0.25    0.00    0.00    0.00    0.00    0.00    0.00   99.25
04:58:28     all    0.50    0.00    0.00    0.00    0.00    0.00    0.00    0.00    0.00   99.50
04:58:29     all    0.50    0.00    0.00    0.00    0.00    0.00    0.00    0.00    0.00   99.50
04:58:30     all    0.75    0.00    0.25    0.00    0.00    0.00    0.00    0.00    0.00   99.00
04:58:31     all    0.50    0.00    0.00    0.00    0.00    0.00    0.00    0.00    0.00   99.50
04:58:32     all    0.50    0.00    0.00    0.00    0.00    0.00    0.00    0.00    0.00   99.50
04:58:33     all    0.50    0.00    0.25    0.00    0.00    0.25    0.00    0.00    0.00   99.00
04:58:34     all    0.25    0.00    0.25    0.00    0.00    0.00    0.00    0.00    0.00   99.50
04:58:35     all    0.75    0.00    0.00    0.00    0.00    0.00    0.00    0.00    0.00   99.25
04:58:36     all    0.50    0.00    0.25    0.00    0.00    0.25    0.00    0.00    0.00   99.00
04:58:37     all    0.50    0.00    0.00    0.00    0.00    0.00    0.00    0.00    0.00   99.50
04:58:38     all    0.50    0.00    0.25    0.00    0.00    0.00    0.00    0.00    0.00   99.25
04:58:39     all    0.50    0.00    0.00    0.00    0.00    0.00    0.00    0.00    0.00   99.50
04:58:40     all    0.50    0.00    0.00    0.00    0.00    0.00    0.00    0.00    0.00   99.50
04:58:41     all    0.75    0.00    0.25    0.00    0.00    0.00    0.00    0.00    0.00   99.00
04:58:42     all    0.25    0.00    0.25    0.25    0.00    0.25    0.00    0.00    0.00   99.00
04:58:43     all    0.50    0.00    0.00    0.00    0.00    0.00    0.00    0.00    0.00   99.50
04:58:44     all    0.75    0.00    0.00    0.00    0.00    0.00    0.00    0.00    0.00   99.25
04:58:45     all    0.50    0.00    0.25    0.00    0.00    0.00    0.00    0.00    0.00   99.25
04:58:46     all    0.75    0.00    0.25    0.00    0.00    0.00    0.00    0.00    0.00   99.00
04:58:47     all    0.50    0.00    0.25    0.00    0.00    0.00    0.00    0.00    0.00   99.25
04:58:48     all    0.75    0.00    0.00    0.00    0.00    0.00    0.00    0.00    0.00   99.25
04:58:49     all    0.25    0.00    0.00    0.00    0.00    0.00    0.00    0.00    0.00   99.75
04:58:50     all    0.50    0.00    0.00    0.00    0.00    0.00    0.00    0.00    0.00   99.50
04:58:51     all    0.50    0.00    0.25    0.00    0.00    0.25    0.00    0.00    0.00   99.00
04:58:52     all    0.25    0.00    0.00    0.00    0.00    0.00    0.00    0.00    0.00   99.75
04:58:53     all    0.75    0.00    0.25    0.00    0.00    0.00    0.00    0.00    0.00   99.00
04:58:54     all    0.50    0.00    0.00    0.00    0.00    0.00    0.00    0.00    0.00   99.50
04:58:55     all    0.50    0.00    0.25    0.00    0.00    0.25    0.00    0.00    0.00   99.00
04:58:56     all    0.50    0.00    0.00    0.00    0.00    0.00    0.00    0.00    0.00   99.50
04:58:57     all    0.75    0.00    0.00    0.00    0.00    0.00    0.25    0.00    0.00   99.00
04:58:58     all    0.50    0.00    0.50    0.00    0.00    0.25    0.00    0.00    0.00   98.75
04:58:59     all    0.75    0.00    0.00    0.00    0.00    0.00    0.00    0.00    0.00   99.25
04:59:00     all    0.50    0.00    0.25    0.00    0.00    0.25    0.00    0.00    0.00   99.00
04:59:01     all    0.50    0.00    0.00    0.00    0.00    0.00    0.00    0.00    0.00   99.50
04:59:02     all    0.50    0.00    0.00    0.00    0.00    0.00    0.00    0.00    0.00   99.50
04:59:03     all    0.50    0.00    0.25    0.00    0.00    0.00    0.00    0.00    0.00   99.25
04:59:04     all    0.75    0.00    0.00    0.00    0.00    0.00    0.00    0.00    0.00   99.25
04:59:05     all    0.50    0.00    0.00    0.00    0.00    0.25    0.00    0.00    0.00   99.25
04:59:06     all    0.75    0.00    0.25    0.00    0.00    0.00    0.00    0.00    0.00   99.00
04:59:07     all    0.50    0.00    0.00    0.00    0.00    0.00    0.00    0.00    0.00   99.50
04:59:08     all    0.50    0.00    0.25    0.00    0.00    0.00    0.00    0.00    0.00   99.25
04:59:09     all    0.50    0.00    0.00    0.00    0.00    0.00    0.00    0.00    0.00   99.50
04:59:10     all    0.50    0.00    0.25    0.00    0.00    0.00    0.00    0.00    0.00   99.25
04:59:11     all    0.50    0.00    0.00    0.00    0.00    0.25    0.00    0.00    0.00   99.25
04:59:12     all    0.50    0.00    0.00    0.00    0.00    0.00    0.00    0.00    0.00   99.50
04:59:13     all    0.25    0.00    0.50    0.00    0.00    0.00    0.00    0.00    0.00   99.25
04:59:14     all    0.50    0.00    0.00    0.00    0.00    0.00    0.00    0.00    0.00   99.50
04:59:15     all    0.50    0.00    0.25    0.00    0.00    0.00    0.00    0.00    0.00   99.25
04:59:16     all    0.50    0.00    0.00    0.00    0.00    0.25    0.00    0.00    0.00   99.25
04:59:17     all    0.50    0.00    0.00    0.00    0.00    0.00    0.00    0.00    0.00   99.50
04:59:18     all    0.50    0.00    0.25    0.00    0.00    0.00    0.00    0.00    0.00   99.25
04:59:19     all    0.50    0.00    0.00    0.00    0.00    0.00    0.00    0.00    0.00   99.50
04:59:20     all    0.75    0.00    0.00    0.00    0.00    0.00    0.00    0.00    0.00   99.25
04:59:21     all    0.25    0.00    0.00    0.25    0.00    0.00    0.00    0.00    0.00   99.50
04:59:22     all    0.25    0.00    0.25    0.00    0.00    0.00    0.00    0.00    0.00   99.50
04:59:23     all    0.50    0.00    0.00    0.00    0.00    0.00    0.00    0.00    0.00   99.50
04:59:24     all    0.75    0.00    0.50    0.00    0.00    0.00    0.00    0.00    0.00   98.75
04:59:25     all    0.50    0.00    0.25    0.00    0.00    0.25    0.00    0.00    0.00   99.00
04:59:26     all    0.50    0.00    0.00    0.00    0.00    0.00    0.00    0.00    0.00   99.50
04:59:27     all    0.50    0.00    0.25    0.00    0.00    0.00    0.00    0.00    0.00   99.25
04:59:28     all    0.50    0.00    0.00    0.00    0.00    0.00    0.00    0.00    0.00   99.50
04:59:29     all    1.00    0.00    0.25    0.00    0.00    0.00    0.00    0.00    0.00   98.76
04:59:30     all    0.50    0.00    0.00    0.00    0.00    0.00    0.00    0.00    0.00   99.50
04:59:31     all    0.50    0.00    0.25    0.00    0.00    0.00    0.00    0.00    0.00   99.25
04:59:32     all    0.50    0.00    0.00    0.00    0.00    0.00    0.00    0.00    0.00   99.50
04:59:33     all    0.50    0.00    0.00    0.00    0.00    0.00    0.00    0.00    0.00   99.50
04:59:34     all    0.50    0.00    0.00    0.00    0.00    0.25    0.00    0.00    0.00   99.25
04:59:35     all    0.50    0.00    0.25    0.00    0.00    0.00    0.00    0.00    0.00   99.25
04:59:36     all    0.50    0.00    0.00    0.00    0.00    0.00    0.00    0.00    0.00   99.50
04:59:37     all    0.50    0.00    0.00    0.00    0.00    0.00    0.00    0.00    0.00   99.50
04:59:38     all    0.75    0.00    0.25    0.00    0.00    0.00    0.00    0.00    0.00   99.00
04:59:39     all    0.50    0.00    0.00    0.00    0.00    0.25    0.00    0.00    0.00   99.25
04:59:40     all    0.50    0.00    0.25    0.00    0.00    0.00    0.00    0.00    0.00   99.25
04:59:41     all    0.75    0.00    0.25    0.00    0.00    0.00    0.00    0.00    0.00   99.00
04:59:42     all    0.50    0.00    0.25    0.00    0.00    0.00    0.00    0.00    0.00   99.25
04:59:43     all    0.50    0.00    0.00    0.00    0.00    0.00    0.00    0.00    0.00   99.50
04:59:44     all    0.50    0.00    0.00    0.00    0.00    0.25    0.00    0.00    0.00   99.25
04:59:45     all    0.75    0.00    0.25    0.00    0.00    0.00    0.00    0.00    0.00   99.00
04:59:46     all    0.50    0.00    0.00    0.00    0.00    0.00    0.00    0.00    0.00   99.50
04:59:47     all    0.50    0.00    0.50    0.00    0.00    0.00    0.00    0.00    0.00   99.00
04:59:48     all    0.25    0.00    0.00    0.00    0.00    0.00    0.00    0.00    0.00   99.75
04:59:49     all    0.50    0.00    0.25    0.00    0.00    0.25    0.00    0.00    0.00   99.00
04:59:50     all    0.50    0.00    0.25    0.00    0.00    0.00    0.00    0.00    0.00   99.25
04:59:51     all    0.50    0.00    0.00    0.00    0.00    0.00    0.00    0.00    0.00   99.50
04:59:52     all    0.50    0.00    0.00    0.00    0.00    0.25    0.00    0.00    0.00   99.25
04:59:53     all    0.75    0.00    0.25    0.00    0.00    0.25    0.00    0.00    0.00   98.75
04:59:54     all    0.51    0.00    0.00    0.00    0.00    0.00    0.00    0.00    0.00   99.49
04:59:55     all    0.50    0.00    0.25    0.00    0.00    0.00    0.00    0.00    0.00   99.25
04:59:56     all    0.50    0.00    0.00    0.25    0.00    0.00    0.00    0.00    0.00   99.25
04:59:57     all    0.50    0.00    0.00    0.00    0.00    0.00    0.00    0.00    0.00   99.50
04:59:58     all    0.50    0.00    0.00    0.00    0.00    0.25    0.00    0.00    0.00   99.25
04:59:59     all    0.25    0.00    0.25    0.00    0.00    0.00    0.00    0.00    0.00   99.50
05:00:00     all    0.50    0.00    0.00    0.00    0.00    0.00    0.00    0.00    0.00   99.50
05:00:01     all    0.75    0.00    0.25    0.00    0.00    0.00    0.00    0.00    0.00   99.00
05:00:02     all    0.50    0.00    0.00    0.00    0.00    0.00    0.00    0.00    0.00   99.50
05:00:03     all    0.50    0.00    0.25    0.00    0.00    0.00    0.00    0.00    0.00   99.25
05:00:04     all    0.50    0.00    0.00    0.00    0.00    0.25    0.00    0.00    0.00   99.25
05:00:05     all    0.50    0.00    0.00    0.00    0.00    0.00    0.00    0.00    0.00   99.50
05:00:06     all    0.50    0.00    0.00    0.00    0.00    0.00    0.00    0.00    0.00   99.50
05:00:07     all    0.50    0.00    0.50    0.00    0.00    0.00    0.00    0.00    0.00   99.00
05:00:08     all    0.75    0.00    0.00    0.00    0.00    0.00    0.00    0.00    0.00   99.25
05:00:09     all    0.75    0.00    0.00    0.00    0.00    0.00    0.00    0.00    0.00   99.25
05:00:10     all    0.50    0.00    0.25    0.00    0.00    0.00    0.00    0.00    0.00   99.25
05:00:11     all    0.50    0.00    0.00    0.00    0.00    0.00    0.00    0.00    0.00   99.50
05:00:12     all    0.50    0.00    0.25    0.00    0.00    0.25    0.00    0.00    0.00   99.00
05:00:13     all    0.50    0.00    0.00    0.00    0.00    0.00    0.25    0.00    0.00   99.25
05:00:14     all    0.50    0.00    0.25    0.00    0.00    0.00    0.25    0.00    0.00   99.00
05:00:15     all    0.75    0.00    0.00    0.00    0.00    0.00    0.00    0.00    0.00   99.25
05:00:16     all    0.50    0.00    0.00    0.00    0.00    0.00    0.00    0.00    0.00   99.50
05:00:17     all    0.50    0.00    0.25    0.00    0.00    0.25    0.00    0.00    0.00   99.00
05:00:18     all    0.50    0.00    0.00    0.00    0.00    0.00    0.00    0.00    0.00   99.50
05:00:19     all    0.50    0.00    0.25    0.00    0.00    0.00    0.00    0.00    0.00   99.25
05:00:20     all    0.50    0.00    0.25    0.00    0.00    0.00    0.00    0.00    0.00   99.25
05:00:21     all    0.25    0.00    0.25    0.00    0.00    0.00    0.00    0.00    0.00   99.50
05:00:22     all    0.75    0.00    0.00    0.00    0.00    0.00    0.00    0.00    0.00   99.25
05:00:23     all    0.75    0.00    0.00    0.00    0.00    0.00    0.00    0.00    0.00   99.25
05:00:24     all    0.50    0.00    0.50    1.26    0.00    0.25    0.00    0.00    0.00   97.49
05:00:25     all    0.50    0.00    0.25    0.00    0.00    0.00    0.00    0.00    0.00   99.25
05:00:26     all    0.50    0.00    0.00    0.25    0.00    0.00    0.00    0.00    0.00   99.25
05:00:27     all    0.75    0.00    0.25    0.00    0.00    0.00    0.00    0.00    0.00   99.00
05:00:28     all    0.25    0.00    0.00    0.00    0.00    0.25    0.00    0.00    0.00   99.50
05:00:29     all    0.50    0.00    0.25    0.00    0.00    0.00    0.00    0.00    0.00   99.25
05:00:30     all    0.50    0.00    0.25    0.00    0.00    0.00    0.00    0.00    0.00   99.25
05:00:31     all    0.75    0.00    0.00    0.25    0.00    0.00    0.00    0.00    0.00   98.99
05:00:32     all    0.50    0.00    0.00    0.00    0.00    0.00    0.00    0.00    0.00   99.50
05:00:33     all    0.25    0.00    0.25    0.00    0.00    0.00    0.00    0.00    0.00   99.50
05:00:34     all    0.50    0.00    0.25    0.00    0.00    0.00    0.00    0.00    0.00   99.25
05:00:35     all    0.50    0.00    0.00    0.00    0.00    0.00    0.00    0.00    0.00   99.50
05:00:36     all    0.75    0.00    0.00    0.00    0.00    0.25    0.00    0.00    0.00   99.00
05:00:37     all    0.50    0.00    0.25    0.00    0.00    0.00    0.00    0.00    0.00   99.25
05:00:38     all    0.50    0.00    0.00    0.00    0.00    0.00    0.00    0.00    0.00   99.50
05:00:39     all    0.50    0.00    0.25    0.00    0.00    0.25    0.00    0.00    0.00   99.00
05:00:40     all    0.50    0.00    0.00    0.00    0.00    0.00    0.00    0.00    0.00   99.50
05:00:41     all    0.75    0.00    0.00    0.00    0.00    0.00    0.00    0.00    0.00   99.25
05:00:42     all    0.50    0.00    0.00    0.00    0.00    0.00    0.00    0.00    0.00   99.50
05:00:43     all    0.75    0.00    0.25    0.00    0.00    0.00    0.00    0.00    0.00   99.00
05:00:44     all    0.75    0.00    0.25    0.00    0.00    0.25    0.00    0.00    0.00   98.75
05:00:45     all    0.50    0.00    0.00    0.00    0.00    0.00    0.00    0.00    0.00   99.50
05:00:46     all    0.50    0.00    0.25    0.00    0.00    0.00    0.00    0.00    0.00   99.25
05:00:47     all    0.50    0.00    0.00    0.00    0.00    0.00    0.00    0.00    0.00   99.50
05:00:48     all    0.50    0.00    0.00    0.00    0.00    0.00    0.00    0.00    0.00   99.50
05:00:49     all    0.75    0.00    0.50    0.00    0.00    0.00    0.00    0.00    0.00   98.75
05:00:50     all    0.50    0.00    0.00    0.00    0.00    0.00    0.00    0.00    0.00   99.50
05:00:51     all    0.75    0.00    0.00    0.00    0.00    0.00    0.00    0.00    0.00   99.25
05:00:52     all    0.50    0.00    0.25    0.00    0.00    0.00    0.00    0.00    0.00   99.25
05:00:53     all    0.50    0.00    0.00    0.00    0.00    0.25    0.00    0.00    0.00   99.25
05:00:54     all    0.75    0.00    0.00    0.00    0.00    0.00    0.00    0.00    0.00   99.25
05:00:55     all    0.50    0.00    0.00    0.00    0.00    0.00    0.00    0.00    0.00   99.50
05:00:56     all    0.50    0.00    0.25    0.00    0.00    0.00    0.00    0.00    0.00   99.25
05:00:57     all    0.50    0.00    0.00    0.00    0.00    0.25    0.00    0.00    0.00   99.25
05:00:58     all    0.50    0.00    0.00    0.00    0.00    0.00    0.00    0.00    0.00   99.50
05:00:59     all    0.75    0.00    0.00    0.00    0.00    0.00    0.00    0.00    0.00   99.25
05:01:00     all    0.50    0.00    0.00    0.00    0.00    0.00    0.00    0.00    0.00   99.50
05:01:01     all    0.50    0.00    0.25    0.00    0.00    0.00    0.00    0.00    0.00   99.25
05:01:02     all    0.75    0.00    0.00    0.00    0.00    0.00    0.00    0.00    0.00   99.25
05:01:03     all    0.50    0.00    0.25    0.00    0.00    0.25    0.00    0.00    0.00   99.00
05:01:04     all    0.50    0.00    0.00    0.00    0.00    0.00    0.00    0.00    0.00   99.50
05:01:05     all    0.50    0.00    0.25    0.00    0.00    0.00    0.00    0.00    0.00   99.25
05:01:06     all    0.75    0.00    0.00    0.25    0.00    0.00    0.00    0.00    0.00   99.00
05:01:07     all    0.50    0.00    0.25    0.00    0.00    0.25    0.00    0.00    0.00   99.00
05:01:08     all    0.50    0.00    0.00    0.00    0.00    0.00    0.00    0.00    0.00   99.50
05:01:09     all    0.50    0.00    0.25    0.00    0.00    0.00    0.00    0.00    0.00   99.25
05:01:10     all    0.50    0.00    0.00    0.00    0.00    0.00    0.00    0.00    0.00   99.50
05:01:11     all    1.00    0.00    0.25    0.00    0.00    0.00    0.00    0.00    0.00   98.75
05:01:12     all    0.50    0.00    0.00    0.00    0.00    0.25    0.00    0.00    0.00   99.25
05:01:13     all    0.75    0.00    0.25    0.00    0.00    0.00    0.25    0.00    0.00   98.75
05:01:14     all    0.50    0.00    0.00    0.00    0.00    0.00    0.00    0.00    0.00   99.50
05:01:15     all    0.25    0.00    0.25    0.00    0.00    0.00    0.25    0.00    0.00   99.25
05:01:16     all    0.75    0.00    0.00    0.00    0.00    0.00    0.00    0.00    0.00   99.25
05:01:17     all    0.50    0.00    0.00    0.00    0.00    0.00    0.00    0.00    0.00   99.50
05:01:18     all    0.50    0.00    0.00    0.00    0.00    0.25    0.00    0.00    0.00   99.24
05:01:19     all    0.75    0.00    0.25    0.00    0.00    0.00    0.00    0.00    0.00   99.00
05:01:20     all    0.50    0.00    0.25    0.00    0.00    0.00    0.00    0.00    0.00   99.25
05:01:21     all    0.50    0.00    0.00    0.00    0.00    0.00    0.00    0.00    0.00   99.50
05:01:22     all    0.25    0.00    0.00    0.00    0.00    0.00    0.00    0.00    0.00   99.75
05:01:23     all    0.50    0.00    0.25    0.00    0.00    0.00    0.00    0.00    0.00   99.25
05:01:24     all    0.50    0.00    0.00    0.00    0.00    0.25    0.00    0.00    0.00   99.25
05:01:25     all    0.50    0.00    0.00    0.00    0.00    0.00    0.00    0.00    0.00   99.50
05:01:26     all    0.75    0.00    0.50    0.00    0.00    0.00    0.00    0.00    0.00   98.75
05:01:27     all    0.50    0.00    0.00    0.00    0.00    0.00    0.00    0.00    0.00   99.50
05:01:28     all    0.50    0.00    0.00    0.00    0.00    0.00    0.00    0.00    0.00   99.50
05:01:29     all    0.50    0.00    0.25    0.00    0.00    0.00    0.00    0.00    0.00   99.25
05:01:30     all    0.75    0.00    0.00    0.00    0.00    0.25    0.00    0.00    0.00   99.00
05:01:31     all    0.50    0.00    0.00    0.00    0.00    0.00    0.00    0.00    0.00   99.50
05:01:32     all    0.50    0.00    0.00    0.00    0.00    0.00    0.00    0.00    0.00   99.50
05:01:33     all    0.75    0.00    0.00    0.00    0.00    0.00    0.00    0.00    0.00   99.25
05:01:34     all    0.50    0.00    0.00    0.00    0.00    0.25    0.00    0.00    0.00   99.25
05:01:35     all    0.50    0.00    0.25    0.00    0.00    0.00    0.00    0.00    0.00   99.25
05:01:36     all    0.50    0.00    0.00    0.00    0.00    0.00    0.00    0.00    0.00   99.50
05:01:37     all    0.50    0.00    0.25    0.00    0.00    0.00    0.00    0.00    0.00   99.25
05:01:38     all    0.75    0.00    0.00    0.00    0.00    0.00    0.00    0.00    0.00   99.25
05:01:39     all    0.50    0.00    0.50    0.00    0.00    0.00    0.00    0.00    0.00   99.00
05:01:40     all    0.76    0.00    0.25    0.00    0.00    0.00    0.00    0.00    0.00   98.99
05:01:41     all    1.00    0.00    0.25    0.25    0.00    0.50    0.00    0.00    0.00   98.01
05:01:42     all    0.50    0.00    0.25    0.00    0.00    0.00    0.00    0.00    0.00   99.25
05:01:43     all    0.50    0.00    0.00    0.00    0.00    0.00    0.00    0.00    0.00   99.50
05:01:44     all    0.75    0.00    0.00    0.00    0.00    0.00    0.00    0.00    0.00   99.25
05:01:45     all    0.50    0.00    0.25    0.00    0.00    0.25    0.00    0.00    0.00   99.00
05:01:46     all    0.50    0.00    0.00    0.00    0.00    0.00    0.00    0.00    0.00   99.50
05:01:47     all    0.50    0.00    0.00    0.25    0.00    0.00    0.00    0.00    0.00   99.25
05:01:48     all    0.50    0.00    0.50    0.00    0.00    0.00    0.00    0.00    0.00   99.00
05:01:49     all    0.75    0.00    0.00    0.00    0.00    0.00    0.00    0.00    0.00   99.25
05:01:50     all    0.50    0.00    0.25    0.00    0.00    0.00    0.00    0.00    0.00   99.25
05:01:51     all    0.75    0.00    0.00    0.00    0.00    0.00    0.00    0.00    0.00   99.25
05:01:52     all    0.75    0.00    0.25    0.00    0.00    0.25    0.00    0.00    0.00   98.75
05:01:53     all    0.75    0.00    0.00    0.00    0.00    0.00    0.00    0.00    0.00   99.25
05:01:54     all    0.50    0.00    0.25    0.00    0.00    0.00    0.00    0.00    0.00   99.25
05:01:55     all    0.50    0.00    0.00    0.00    0.00    0.00    0.25    0.00    0.00   99.25
05:01:56     all    0.50    0.00    0.25    0.00    0.00    0.00    0.00    0.00    0.00   99.25
05:01:57     all    0.75    0.00    0.25    0.00    0.00    0.00    0.00    0.00    0.00   99.00
05:01:58     all    0.50    0.00    0.00    0.00    0.00    0.25    0.00    0.00    0.00   99.25
05:01:59     all    0.50    0.00    0.00    0.00    0.00    0.00    0.00    0.00    0.00   99.50
05:02:00     all    0.50    0.00    0.25    0.00    0.00    0.00    0.00    0.00    0.00   99.25
05:02:01     all    0.25    0.00    0.00    0.00    0.00    0.00    0.00    0.00    0.00   99.75
05:02:02     all    0.75    0.00    0.25    0.00    0.00    0.00    0.00    0.00    0.00   99.00
05:02:03     all    0.25    0.00    0.00    0.00    0.00    0.00    0.00    0.00    0.00   99.75
05:02:04     all    0.50    0.00    0.25    0.00    0.00    0.00    0.00    0.00    0.00   99.25
05:02:05     all    0.75    0.00    0.00    0.00    0.00    0.25    0.00    0.00    0.00   99.00
05:02:06     all    0.50    0.00    0.00    0.00    0.00    0.00    0.00    0.00    0.00   99.50
05:02:07     all    0.75    0.00    0.00    0.00    0.00    0.00    0.00    0.00    0.00   99.25
05:02:08     all    0.25    0.00    0.25    0.00    0.00    0.00    0.00    0.00    0.00   99.50
05:02:09     all    0.50    0.00    0.00    0.00    0.00    0.00    0.00    0.00    0.00   99.50
05:02:10     all    0.50    0.00    0.25    0.00    0.00    0.00    0.00    0.00    0.00   99.25
05:02:11     all    0.50    0.00    0.00    0.00    0.00    0.00    0.00    0.00    0.00   99.50
05:02:12     all    1.00    0.00    0.00    0.00    0.00    0.25    0.00    0.00    0.00   98.75
05:02:13     all    0.25    0.00    0.00    0.00    0.00    0.00    0.00    0.00    0.00   99.75
05:02:14     all    0.25    0.00    0.25    0.00    0.00    0.00    0.00    0.00    0.00   99.50
05:02:15     all    0.25    0.00    0.25    0.00    0.00    0.00    0.00    0.00    0.00   99.50
05:02:16     all    0.50    0.00    0.00    0.00    0.00    0.00    0.00    0.00    0.00   99.50
05:02:17     all    0.25    0.00    0.00    0.00    0.00    0.00    0.00    0.00    0.00   99.75
05:02:18     all    0.50    0.00    0.25    0.00    0.00    0.25    0.00    0.00    0.00   99.00
05:02:19     all    0.50    0.00    0.00    0.25    0.00    0.00    0.00    0.00    0.00   99.25
05:02:20     all    0.50    0.00    0.00    0.00    0.00    0.00    0.00    0.00    0.00   99.50
05:02:21     all    0.25    0.00    0.25    0.00    0.00    0.25    0.00    0.00    0.00   99.25
05:02:22     all    0.25    0.00    0.00    0.00    0.00    0.00    0.00    0.00    0.00   99.75
05:02:23     all    0.50    0.00    0.00    0.00    0.00    0.00    0.00    0.00    0.00   99.50
05:02:24     all    0.75    0.00    0.00    0.00    0.00    0.00    0.00    0.00    0.00   99.25
05:02:25     all    0.50    0.00    0.50    0.00    0.00    0.00    0.00    0.00    0.00   99.00
05:02:26     all    0.50    0.00    0.00    0.25    0.00    0.00    0.00    0.00    0.00   99.25
05:02:27     all    0.50    0.00    0.00    0.00    0.00    0.25    0.00    0.00    0.00   99.25
05:02:28     all    0.50    0.00    0.00    0.00    0.00    0.00    0.00    0.00    0.00   99.50
05:02:29     all    0.75    0.00    0.25    0.00    0.00    0.00    0.00    0.00    0.00   99.00
05:02:30     all    0.50    0.00    0.00    0.00    0.00    0.00    0.00    0.00    0.00   99.50
05:02:31     all    0.75    0.00    0.00    0.00    0.00    0.00    0.00    0.00    0.00   99.25
05:02:32     all    0.50    0.00    0.00    0.00    0.00    0.00    0.00    0.00    0.00   99.50
05:02:33     all    0.25    0.00    0.25    0.00    0.00    0.00    0.00    0.00    0.00   99.50
05:02:34     all    0.50    0.00    0.00    0.00    0.00    0.25    0.00    0.00    0.00   99.25
05:02:35     all    0.75    0.00    0.00    0.00    0.00    0.00    0.00    0.00    0.00   99.25
05:02:36     all    0.50    0.00    0.25    0.00    0.00    0.00    0.00    0.00    0.00   99.25
05:02:37     all    0.25    0.00    0.00    0.00    0.00    0.00    0.00    0.00    0.00   99.75
05:02:38     all    0.25    0.00    0.00    0.00    0.00    0.00    0.00    0.00    0.00   99.75
05:02:39     all    0.50    0.00    0.25    0.00    0.00    0.00    0.00    0.00    0.00   99.25
05:02:40     all    0.50    0.00    0.25    0.00    0.00    0.00    0.00    0.00    0.00   99.25
05:02:41     all    0.50    0.00    0.00    0.00    0.00    0.00    0.00    0.00    0.00   99.50
05:02:42     all    0.75    0.00    0.00    0.00    0.00    0.25    0.00    0.00    0.00   99.00
05:02:43     all    0.50    0.00    0.25    0.00    0.00    0.00    0.00    0.00    0.00   99.25
05:02:44     all    0.50    0.00    0.00    0.00    0.00    0.00    0.00    0.00    0.00   99.50
05:02:45     all    0.75    0.00    0.25    0.00    0.00    0.00    0.00    0.00    0.00   99.00
05:02:46     all    0.50    0.00    0.00    0.00    0.00    0.00    0.00    0.00    0.00   99.50
05:02:47     all    0.50    0.00    0.00    0.00    0.00    0.00    0.00    0.00    0.00   99.50
05:02:48     all    0.50    0.00    0.25    0.00    0.00    0.00    0.00    0.00    0.00   99.25
05:02:49     all    0.50    0.00    0.00    0.00    0.00    0.25    0.00    0.00    0.00   99.25
05:02:50     all    0.75    0.00    0.00    0.00    0.00    0.00    0.25    0.00    0.00   99.00
05:02:51     all    0.25    0.00    0.00    0.00    0.00    0.00    0.00    0.00    0.00   99.75
05:02:52     all    0.75    0.00    0.25    0.00    0.00    0.25    0.00    0.00    0.00   98.75
05:02:53     all    0.50    0.00    0.00    0.00    0.00    0.00    0.00    0.00    0.00   99.50
05:02:54     all    0.25    0.00    0.00    0.00    0.00    0.00    0.00    0.00    0.00   99.75
05:02:55     all    0.50    0.00    0.25    0.00    0.00    0.25    0.00    0.00    0.00   99.00
05:02:56     all    0.50    0.00    0.00    0.00    0.00    0.00    0.00    0.00    0.00   99.50
05:02:57     all    0.75    0.00    0.00    0.00    0.00    0.00    0.00    0.00    0.00   99.25
05:02:58     all    0.50    0.00    0.25    0.00    0.00    0.25    0.00    0.00    0.00   99.00
05:02:59     all    0.50    0.00    0.25    0.00    0.00    0.00    0.00    0.00    0.00   99.25
05:03:00     all    0.50    0.00    0.50    0.00    0.00    0.00    0.00    0.00    0.00   99.00
05:03:01     all    0.50    0.00    0.00    0.25    0.00    0.00    0.00    0.00    0.00   99.25
05:03:02     all    0.50    0.00    0.25    0.00    0.00    0.00    0.00    0.00    0.00   99.25
05:03:03     all    0.50    0.00    0.00    0.00    0.00    0.00    0.00    0.00    0.00   99.50
05:03:04     all    0.50    0.00    0.25    0.00    0.00    0.25    0.00    0.00    0.00   99.00
05:03:05     all    0.25    0.00    0.00    0.00    0.00    0.00    0.00    0.00    0.00   99.75
05:03:06     all    0.50    0.00    0.25    0.00    0.00    0.00    0.00    0.00    0.00   99.25
05:03:07     all    0.50    0.00    0.00    0.00    0.00    0.25    0.00    0.00    0.00   99.25
05:03:08     all    0.50    0.00    0.25    0.00    0.00    0.00    0.00    0.00    0.00   99.25
05:03:09     all    0.50    0.00    0.25    0.00    0.00    0.25    0.00    0.00    0.00   99.00
05:03:10     all    0.75    0.00    0.00    0.00    0.00    0.00    0.00    0.00    0.00   99.25
05:03:11     all    0.50    0.00    0.25    0.00    0.00    0.00    0.00    0.00    0.00   99.25
05:03:12     all    0.50    0.00    0.00    0.00    0.00    0.00    0.00    0.00    0.00   99.50
05:03:13     all    0.75    0.00    0.25    0.00    0.00    0.00    0.00    0.00    0.00   99.00
05:03:14     all    0.51    0.00    0.00    0.00    0.00    0.00    0.00    0.00    0.00   99.49
05:03:15     all    0.75    0.00    0.25    0.00    0.00    0.00    0.00    0.00    0.00   99.00
05:03:16     all    0.75    0.00    0.25    0.00    0.00    0.00    0.00    0.00    0.00   99.00
05:03:17     all    0.75    0.00    0.50    0.00    0.00    0.00    0.00    0.00    0.00   98.75
05:03:18     all    0.25    0.00    0.00    0.00    0.00    0.00    0.00    0.00    0.00   99.75
05:03:19     all    0.50    0.00    0.00    0.00    0.00    0.00    0.00    0.00    0.00   99.50
05:03:20     all    0.50    0.00    0.25    0.00    0.00    0.00    0.00    0.00    0.00   99.25
05:03:21     all    0.50    0.00    0.00    0.00    0.00    0.00    0.00    0.00    0.00   99.50
05:03:22     all    0.50    0.00    0.25    0.00    0.00    0.00    0.00    0.00    0.00   99.25
05:03:23     all    0.75    0.00    0.00    0.00    0.00    0.00    0.00    0.00    0.00   99.25
05:03:24     all    0.50    0.00    0.25    0.00    0.00    0.00    0.00    0.00    0.00   99.25
05:03:25     all    0.75    0.00    0.00    0.00    0.00    0.00    0.00    0.00    0.00   99.25
05:03:26     all    0.75    0.00    0.00    0.00    0.00    0.00    0.00    0.00    0.00   99.25
05:03:27     all    0.50    0.00    0.00    0.00    0.00    0.25    0.00    0.00    0.00   99.25
05:03:28     all    0.50    0.00    0.50    0.00    0.00    0.00    0.00    0.00    0.00   99.00
05:03:29     all    0.50    0.00    0.00    0.00    0.00    0.00    0.00    0.00    0.00   99.50
05:03:30     all    0.75    0.00    0.25    0.00    0.00    0.00    0.00    0.00    0.00   99.00
05:03:31     all    0.75    0.00    0.00    0.00    0.00    0.00    0.00    0.00    0.00   99.25
05:03:32     all    0.75    0.00    0.25    0.00    0.00    0.00    0.00    0.00    0.00   99.00
05:03:33     all    0.50    0.00    0.00    0.00    0.00    0.00    0.00    0.00    0.00   99.50
05:03:34     all    0.50    0.00    0.00    0.25    0.00    0.00    0.00    0.00    0.00   99.24
05:03:35     all    0.75    0.00    0.25    0.00    0.00    0.00    0.00    0.00    0.00   99.00
05:03:36     all    0.50    0.00    0.00    0.00    0.00    0.25    0.00    0.00    0.00   99.25
05:03:37     all    0.75    0.00    0.25    0.00    0.00    0.25    0.00    0.00    0.00   98.75
05:03:38     all    0.50    0.00    0.25    0.00    0.00    0.00    0.00    0.00    0.00   99.25
05:03:39     all    0.50    0.00    0.00    0.00    0.00    0.00    0.00    0.00    0.00   99.50
05:03:40     all    0.75    0.00    0.00    0.00    0.00    0.00    0.00    0.00    0.00   99.25
05:03:41     all    0.50    0.00    0.25    0.00    0.00    0.00    0.00    0.00    0.00   99.25
05:03:42     all    0.50    0.00    0.00    0.00    0.00    0.25    0.00    0.00    0.00   99.25
05:03:43     all    1.00    0.00    0.25    0.00    0.00    0.00    0.00    0.00    0.00   98.75
05:03:44     all    0.50    0.00    0.00    0.00    0.00    0.00    0.00    0.00    0.00   99.50
05:03:45     all    0.50    0.00    0.00    0.00    0.00    0.00    0.00    0.00    0.00   99.50
05:03:46     all    0.75    0.00    0.00    0.00    0.00    0.00    0.00    0.00    0.00   99.25
05:03:47     all    0.50    0.00    0.25    0.00    0.00    0.00    0.00    0.00    0.00   99.25
05:03:48     all    0.50    0.00    0.00    0.00    0.00    0.00    0.50    0.00    0.00   99.00
05:03:49     all    0.75    0.00    0.00    0.00    0.00    0.25    0.00    0.00    0.00   99.00
05:03:50     all    0.76    0.00    0.00    0.00    0.00    0.00    0.00    0.00    0.00   99.24
05:03:51     all    0.75    0.00    0.50    0.00    0.00    0.00    0.00    0.00    0.00   98.75
05:03:52     all    0.75    0.00    0.00    0.00    0.00    0.00    0.00    0.00    0.00   99.25
05:03:53     all    1.00    0.00    0.75    0.00    0.00    0.00    0.00    0.00    0.00   98.25
05:03:54     all    0.75    0.00    0.00    0.00    0.00    0.25    0.00    0.00    0.00   99.00
05:03:55     all    0.50    0.00    0.25    0.00    0.00    0.00    0.00    0.00    0.00   99.25
05:03:56     all    1.00    0.00    0.00    0.00    0.00    0.00    0.00    0.00    0.00   99.00
05:03:57     all    0.50    0.00    0.00    0.00    0.00    0.25    0.00    0.00    0.00   99.25
05:03:58     all    0.75    0.00    0.25    0.00    0.00    0.00    0.00    0.00    0.00   99.00
05:03:59     all    0.75    0.00    0.00    0.00    0.00    0.00    0.00    0.00    0.00   99.25
05:04:00     all    0.50    0.00    0.00    0.00    0.00    0.25    0.00    0.00    0.00   99.25
05:04:01     all    0.75    0.00    0.00    0.00    0.00    0.00    0.00    0.00    0.00   99.25
05:04:02     all    0.50    0.00    0.25    0.00    0.00    0.25    0.00    0.00    0.00   99.00
05:04:03     all    0.75    0.00    0.00    0.00    0.00    0.00    0.00    0.00    0.00   99.25
05:04:04     all    0.76    0.00    0.00    0.00    0.00    0.00    0.00    0.00    0.00   99.24
05:04:05     all    0.75    0.00    0.00    0.00    0.00    0.00    0.00    0.00    0.00   99.25
05:04:06     all    0.50    0.00    0.50    0.00    0.00    0.25    0.00    0.00    0.00   98.76
05:04:07     all    0.75    0.00    0.00    0.00    0.00    0.00    0.00    0.00    0.00   99.25
05:04:08     all    0.50    0.00    0.00    0.00    0.00    0.00    0.00    0.00    0.00   99.50
05:04:09     all    0.50    0.00    0.25    0.25    0.00    0.25    0.00    0.00    0.00   98.75
05:04:10     all    0.75    0.00    0.00    0.00    0.00    0.00    0.00    0.00    0.00   99.25
05:04:11     all    0.50    0.00    0.00    0.00    0.00    0.00    0.00    0.00    0.00   99.50
05:04:12     all    0.75    0.00    0.25    0.00    0.00    0.00    0.00    0.00    0.00   99.00
05:04:13     all    0.75    0.00    0.00    0.00    0.00    0.25    0.00    0.00    0.00   99.00
05:04:14     all    0.75    0.00    0.00    0.00    0.00    0.00    0.00    0.00    0.00   99.25
05:04:15     all    0.75    0.00    0.00    0.00    0.00    0.00    0.00    0.00    0.00   99.25
05:04:16     all    0.50    0.00    0.25    0.00    0.00    0.00    0.00    0.00    0.00   99.25
05:04:17     all    0.50    0.00    0.00    0.00    0.00    0.00    0.00    0.00    0.00   99.50
05:04:18     all    0.75    0.00    0.00    0.00    0.00    0.25    0.00    0.00    0.00   99.00
05:04:19     all    0.50    0.00    0.00    0.00    0.00    0.00    0.00    0.00    0.00   99.50
05:04:20     all    0.50    0.00    0.25    0.00    0.00    0.25    0.00    0.00    0.00   99.00
05:04:21     all    0.75    0.00    0.25    0.00    0.00    0.00    0.25    0.00    0.00   98.75
05:04:22     all    0.50    0.00    0.00    0.00    0.00    0.00    0.00    0.00    0.00   99.50
05:04:23     all    0.75    0.00    0.25    0.00    0.00    0.25    0.25    0.00    0.00   98.50
05:04:24     all    0.75    0.00    0.00    0.00    0.00    0.00    0.00    0.00    0.00   99.25
05:04:25     all    0.50    0.00    0.00    0.00    0.00    0.00    0.00    0.00    0.00   99.50
05:04:26     all    0.75    0.00    0.25    0.00    0.00    0.00    0.00    0.00    0.00   98.99
05:04:27     all    0.75    0.00    0.00    0.00    0.00    0.00    0.00    0.00    0.00   99.25
05:04:28     all    0.25    0.00    0.25    0.00    0.00    0.00    0.00    0.00    0.00   99.50
05:04:29     all    0.50    0.00    0.00    0.00    0.00    0.00    0.00    0.00    0.00   99.50
05:04:30     all    0.50    0.00    0.00    0.00    0.00    0.00    0.00    0.00    0.00   99.50
05:04:31     all    0.75    0.00    0.25    0.00    0.00    0.00    0.00    0.00    0.00   99.00
05:04:32     all    0.50    0.00    0.00    0.00    0.00    0.00    0.00    0.00    0.00   99.50
05:04:33     all    1.00    0.00    0.25    0.00    0.00    0.25    0.00    0.00    0.00   98.51
05:04:34     all    0.50    0.00    0.25    0.00    0.00    0.00    0.00    0.00    0.00   99.25
05:04:35     all    0.50    0.00    0.00    0.00    0.00    0.00    0.00    0.00    0.00   99.50
05:04:36     all    0.75    0.00    0.00    0.00    0.00    0.00    0.00    0.00    0.00   99.25
05:04:37     all    0.50    0.00    0.25    0.00    0.00    0.00    0.00    0.00    0.00   99.25
05:04:38     all    0.75    0.00    0.00    0.00    0.00    0.00    0.00    0.00    0.00   99.25
05:04:39     all    0.50    0.00    0.00    0.00    0.00    0.00    0.00    0.00    0.00   99.50
05:04:40     all    0.75    0.00    0.25    0.00    0.00    0.00    0.00    0.00    0.00   99.00
05:04:41     all    0.50    0.00    0.00    0.00    0.00    0.00    0.00    0.00    0.00   99.50
05:04:42     all    0.50    0.00    0.25    0.00    0.00    0.00    0.00    0.00    0.00   99.25
05:04:43     all    0.50    0.00    0.00    0.00    0.00    0.00    0.00    0.00    0.00   99.50
05:04:44     all    0.50    0.00    0.00    0.00    0.00    0.00    0.00    0.00    0.00   99.50
05:04:45     all    0.50    0.00    0.00    0.00    0.00    0.00    0.00    0.00    0.00   99.50
05:04:46     all    0.50    0.00    0.25    0.00    0.00    0.00    0.00    0.00    0.00   99.25
05:04:47     all    1.00    0.00    0.00    0.25    0.00    0.00    0.25    0.00    0.00   98.51
05:04:48     all    0.50    0.00    0.00    0.00    0.00    0.00    0.00    0.00    0.00   99.50
05:04:49     all    0.50    0.00    0.50    0.00    0.00    0.25    0.00    0.00    0.00   98.75
05:04:50     all    0.50    0.00    0.00    0.00    0.00    0.00    0.00    0.00    0.00   99.50
05:04:51     all    0.75    0.00    0.00    0.00    0.00    0.25    0.00    0.00    0.00   99.00
05:04:52     all    0.50    0.00    0.00    0.00    0.00    0.00    0.00    0.00    0.00   99.50
05:04:53     all    0.75    0.00    0.25    0.00    0.00    0.00    0.00    0.00    0.00   99.00
05:04:54     all    1.00    0.00    0.00    0.00    0.00    0.25    0.00    0.00    0.00   98.75
05:04:55     all    0.75    0.00    0.25    0.00    0.00    0.00    0.00    0.00    0.00   98.99
05:04:56     all    0.50    0.00    0.00    0.00    0.00    0.00    0.00    0.00    0.00   99.50
05:04:57     all    0.50    0.00    0.00    0.00    0.00    0.00    0.00    0.00    0.00   99.50
05:04:58     all    0.75    0.00    0.25    0.00    0.00    0.00    0.00    0.00    0.00   99.00
05:04:59     all    0.50    0.00    0.00    0.00    0.00    0.00    0.00    0.00    0.00   99.50
05:05:00     all    1.00    0.00    0.25    0.00    0.00    0.00    0.00    0.00    0.00   98.75
05:05:01     all    0.75    0.00    0.00    0.00    0.00    0.00    0.00    0.00    0.00   99.25
05:05:02     all    1.01    0.00    0.50    0.00    0.00    0.00    0.00    0.00    0.00   98.49
05:05:03     all    0.50    0.00    0.25    0.00    0.00    0.00    0.00    0.00    0.00   99.25
05:05:04     all    0.51    0.00    0.00    0.00    0.00    0.00    0.00    0.00    0.00   99.49
05:05:05     all    0.75    0.00    0.00    0.00    0.00    0.00    0.00    0.00    0.00   99.25
05:05:06     all    1.00    0.00    0.00    0.00    0.00    0.00    0.00    0.00    0.00   99.00
05:05:07     all    0.50    0.00    0.25    0.00    0.00    0.00    0.00    0.00    0.00   99.25
05:05:08     all    0.75    0.00    0.00    0.00    0.00    0.00    0.00    0.00    0.00   99.25
05:05:09     all    0.50    0.00    0.00    0.00    0.00    0.00    0.00    0.00    0.00   99.50
05:05:10     all    0.75    0.00    0.25    0.00    0.00    0.00    0.00    0.00    0.00   99.00
05:05:11     all    0.75    0.00    0.00    0.00    0.00    0.25    0.00    0.00    0.00   99.00
05:05:12     all    0.50    0.00    0.00    0.00    0.00    0.00    0.00    0.00    0.00   99.50
05:05:13     all    0.75    0.00    0.25    0.00    0.00    0.00    0.00    0.00    0.00   99.00
05:05:14     all    0.50    0.00    0.25    0.00    0.00    0.00    0.00    0.00    0.00   99.25
05:05:15     all    0.25    0.00    0.25    0.00    0.00    0.00    0.00    0.00    0.00   99.50
05:05:16     all    0.75    0.00    0.00    0.00    0.00    0.00    0.00    0.00    0.00   99.25
05:05:17     all    0.25    0.00    0.25    0.00    0.00    0.00    0.00    0.00    0.00   99.50
05:05:18     all    0.50    0.00    0.00    0.00    0.00    0.00    0.00    0.00    0.00   99.50
05:05:19     all    0.75    0.00    0.00    0.00    0.00    0.25    0.00    0.00    0.00   99.00
05:05:20     all    0.50    0.00    0.25    0.00    0.00    0.00    0.00    0.00    0.00   99.25
05:05:21     all    0.76    0.00    0.00    0.00    0.00    0.00    0.00    0.00    0.00   99.24
05:05:22     all    0.50    0.00    0.25    0.00    0.00    0.00    0.00    0.00    0.00   99.25
05:05:23     all    0.25    0.00    0.00    0.25    0.00    0.00    0.00    0.00    0.00   99.50
05:05:24     all    0.50    0.00    0.00    0.00    0.00    0.00    0.00    0.00    0.00   99.50
05:05:25     all    0.75    0.00    0.00    0.00    0.00    0.00    0.00    0.00    0.00   99.25
05:05:26     all    0.75    0.00    0.25    0.00    0.00    0.00    0.00    0.00    0.00   99.00
05:05:27     all    0.76    0.00    0.00    0.00    0.00    0.00    0.00    0.00    0.00   99.24
05:05:28     all    0.50    0.00    0.50    0.00    0.00    0.50    0.00    0.00    0.00   98.50
05:05:29     all    0.50    0.00    0.00    0.00    0.00    0.00    0.00    0.00    0.00   99.50
05:05:30     all    0.50    0.00    0.00    0.00    0.00    0.00    0.00    0.00    0.00   99.50
05:05:31     all    0.75    0.00    0.00    0.00    0.00    0.00    0.00    0.00    0.00   99.25
05:05:32     all    0.75    0.00    0.25    0.00    0.00    0.00    0.00    0.00    0.00   98.99
05:05:33     all    0.75    0.00    0.00    0.00    0.00    0.25    0.00    0.00    0.00   99.00
05:05:34     all    0.75    0.00    0.00    0.00    0.00    0.00    0.00    0.00    0.00   99.25
05:05:35     all    0.50    0.00    0.25    0.00    0.00    0.00    0.25    0.00    0.00   99.00
05:05:36     all    0.50    0.00    0.00    0.00    0.00    0.00    0.00    0.00    0.00   99.50
05:05:37     all    0.75    0.00    0.50    0.00    0.00    0.00    0.00    0.00    0.00   98.75
05:05:38     all    1.00    0.00    0.00    0.00    0.00    0.00    0.00    0.00    0.00   99.00
05:05:39     all    0.75    0.00    0.00    0.00    0.00    0.00    0.25    0.00    0.00   99.00
05:05:40     all    0.50    0.00    0.25    0.00    0.00    0.00    0.00    0.00    0.00   99.25
05:05:41     all    0.75    0.00    0.00    0.00    0.00    0.00    0.00    0.00    0.00   99.25
05:05:42     all    0.50    0.00    0.25    0.00    0.00    0.00    0.00    0.00    0.00   99.25
05:05:43     all    0.50    0.00    0.00    0.00    0.00    0.00    0.00    0.00    0.00   99.50
05:05:44     all    0.75    0.00    0.25    0.00    0.00    0.00    0.00    0.00    0.00   98.99
05:05:45     all    0.50    0.00    0.00    0.00    0.00    0.00    0.00    0.00    0.00   99.50
05:05:46     all    0.75    0.00    0.00    0.00    0.00    0.00    0.00    0.00    0.00   99.25
05:05:47     all    1.00    0.00    0.25    0.00    0.00    0.25    0.00    0.00    0.00   98.50
05:05:48     all    0.75    0.00    0.25    0.00    0.00    0.00    0.00    0.00    0.00   99.00
05:05:49     all    0.50    0.00    0.25    0.00    0.00    0.00    0.00    0.00    0.00   99.25
05:05:50     all    0.75    0.00    0.00    0.00    0.00    0.00    0.00    0.00    0.00   99.25
05:05:51     all    0.50    0.00    0.00    0.00    0.00    0.00    0.00    0.00    0.00   99.50
05:05:52     all    0.75    0.00    0.00    0.00    0.00    0.00    0.00    0.00    0.00   99.25
05:05:53     all    1.00    0.00    0.25    0.00    0.00    0.00    0.00    0.00    0.00   98.75
05:05:54     all    0.50    0.00    0.00    0.00    0.00    0.00    0.00    0.00    0.00   99.50
05:05:55     all    0.50    0.00    0.00    0.00    0.00    0.25    0.00    0.00    0.00   99.25
05:05:56     all    0.50    0.00    0.50    0.00    0.00    0.00    0.00    0.00    0.00   99.00
05:05:57     all    0.50    0.00    0.00    0.00    0.00    0.00    0.00    0.00    0.00   99.50
05:05:58     all    0.50    0.00    0.00    0.00    0.00    0.00    0.00    0.00    0.00   99.50
05:05:59     all    0.75    0.00    0.25    0.00    0.00    0.00    0.00    0.00    0.00   99.00
05:06:00     all    0.50    0.00    0.25    0.00    0.00    0.25    0.00    0.00    0.00   99.00
05:06:01     all    0.75    0.00    0.00    0.00    0.00    0.00    0.00    0.00    0.00   99.25
05:06:02     all    0.50    0.00    0.00    0.25    0.00    0.00    0.00    0.00    0.00   99.25
05:06:03     all    0.50    0.00    0.00    0.00    0.00    0.00    0.00    0.00    0.00   99.50
05:06:04     all    1.00    0.00    0.25    0.00    0.00    0.00    0.00    0.00    0.00   98.75
05:06:05     all    0.75    0.00    0.00    0.00    0.00    0.00    0.00    0.00    0.00   99.25
05:06:06     all    0.75    0.00    0.00    0.00    0.00    0.00    0.00    0.00    0.00   99.25
05:06:07     all    0.50    0.00    0.50    0.00    0.00    0.00    0.00    0.00    0.00   99.00
05:06:08     all    0.75    0.00    0.00    0.00    0.00    0.00    0.00    0.00    0.00   99.25
05:06:09     all    0.75    0.00    0.00    0.00    0.00    0.00    0.00    0.00    0.00   99.25
05:06:10     all    0.50    0.00    0.00    0.00    0.00    0.25    0.00    0.00    0.00   99.25
05:06:11     all    1.00    0.00    0.25    0.00    0.00    0.00    0.00    0.00    0.00   98.75
05:06:12     all    0.50    0.00    0.00    0.00    0.00    0.00    0.00    0.00    0.00   99.50
05:06:13     all    0.50    0.00    0.00    0.00    0.00    0.00    0.00    0.00    0.00   99.50
05:06:14     all    0.50    0.00    0.25    0.00    0.00    0.00    0.00    0.00    0.00   99.25
05:06:15     all    0.75    0.00    0.00    0.00    0.00    0.00    0.00    0.00    0.00   99.25
05:06:16     all    0.50    0.00    0.00    0.00    0.00    0.00    0.00    0.00    0.00   99.50
05:06:17     all    0.50    0.00    0.25    0.00    0.00    0.25    0.00    0.00    0.00   99.00
05:06:18     all    0.50    0.00    0.25    0.00    0.00    0.00    0.25    0.00    0.00   99.00
05:06:19     all    0.75    0.00    0.00    0.00    0.00    0.00    0.00    0.00    0.00   99.25
05:06:20     all    0.50    0.00    0.25    0.00    0.00    0.00    0.00    0.00    0.00   99.25
05:06:21     all    0.76    0.00    0.00    0.00    0.00    0.00    0.00    0.00    0.00   99.24
05:06:22     all    0.50    0.00    0.25    0.00    0.00    0.00    0.00    0.00    0.00   99.25
05:06:23     all    0.50    0.00    0.00    0.00    0.00    0.25    0.00    0.00    0.00   99.25
05:06:24     all    0.75    0.00    0.00    0.00    0.00    0.25    0.25    0.00    0.00   98.76
05:06:25     all    0.50    0.00    0.25    0.00    0.00    0.25    0.00    0.00    0.00   99.00
05:06:26     all    0.75    0.00    0.00    0.00    0.00    0.00    0.00    0.00    0.00   99.25
05:06:27     all    0.50    0.00    0.25    0.00    0.00    0.25    0.00    0.00    0.00   99.00
05:06:28     all    0.75    0.00    0.00    0.00    0.00    0.00    0.00    0.00    0.00   99.25
05:06:29     all    0.50    0.00    0.00    0.00    0.00    0.00    0.00    0.00    0.00   99.50
05:06:30     all    1.00    0.00    0.25    0.00    0.00    0.00    0.00    0.00    0.00   98.75
05:06:31     all    0.75    0.00    0.00    0.00    0.00    0.25    0.00    0.00    0.00   99.00
05:06:32     all    0.75    0.00    0.00    0.00    0.00    0.00    0.00    0.00    0.00   99.25
05:06:33     all    0.50    0.00    0.00    0.00    0.00    0.00    0.00    0.00    0.00   99.50
05:06:34     all    0.75    0.00    0.25    0.00    0.00    0.00    0.00    0.00    0.00   99.00
05:06:35     all    0.50    0.00    0.25    0.00    0.00    0.25    0.00    0.00    0.00   99.00
05:06:36     all    0.75    0.00    0.00    0.00    0.00    0.00    0.00    0.00    0.00   99.25
05:06:37     all    0.50    0.00    0.25    0.25    0.00    0.00    0.00    0.00    0.00   99.00
05:06:38     all    0.50    0.00    0.00    0.00    0.00    0.25    0.00    0.00    0.00   99.25
05:06:39     all    0.75    0.00    0.25    0.00    0.00    0.00    0.00    0.00    0.00   99.00
05:06:40     all    0.75    0.00    0.00    0.00    0.00    0.00    0.00    0.00    0.00   99.25
05:06:41     all    0.75    0.00    0.00    0.00    0.00    0.25    0.00    0.00    0.00   99.00
05:06:42     all    0.75    0.00    0.00    0.00    0.00    0.00    0.00    0.00    0.00   99.25
05:06:43     all    0.25    0.00    0.25    0.00    0.00    0.00    0.00    0.00    0.00   99.50
05:06:44     all    0.50    0.00    0.00    0.00    0.00    0.25    0.00    0.00    0.00   99.25
05:06:45     all    0.75    0.00    0.25    0.00    0.00    0.00    0.00    0.00    0.00   99.00
05:06:46     all    0.50    0.00    0.00    0.00    0.00    0.00    0.00    0.00    0.00   99.50
05:06:47     all    0.75    0.00    0.25    0.00    0.00    0.00    0.00    0.00    0.00   99.00
05:06:48     all    0.50    0.00    0.00    0.00    0.00    0.00    0.00    0.00    0.00   99.50
05:06:49     all    0.50    0.00    0.25    0.00    0.00    0.00    0.00    0.00    0.00   99.25
05:06:50     all    1.01    0.00    0.25    0.00    0.00    0.00    0.00    0.00    0.00   98.74
05:06:51     all    0.50    0.00    0.25    0.25    0.00    0.25    0.00    0.00    0.00   98.75
05:06:52     all    0.75    0.00    0.00    0.00    0.00    0.00    0.00    0.00    0.00   99.25
05:06:53     all    0.75    0.00    0.00    0.00    0.00    0.00    0.00    0.00    0.00   99.25
05:06:54     all    1.00    0.00    0.25    0.00    0.00    0.00    0.00    0.00    0.00   98.75
05:06:55     all    0.50    0.00    0.00    0.00    0.00    0.25    0.00    0.00    0.00   99.25
05:06:56     all    0.50    0.00    0.00    0.00    0.00    0.00    0.00    0.00    0.00   99.50
05:06:57     all    0.76    0.00    0.00    0.00    0.00    0.00    0.00    0.00    0.00   99.24
05:06:58     all    0.50    0.00    0.50    0.00    0.00    0.00    0.00    0.00    0.00   99.00
05:06:59     all    0.25    0.00    0.00    0.00    0.00    0.00    0.00    0.00    0.00   99.75
05:07:00     all    0.50    0.00    0.50    0.00    0.00    0.00    0.25    0.00    0.00   98.75
05:07:01     all    0.25    0.00    0.00    0.00    0.00    0.00    0.00    0.00    0.00   99.75
05:07:02     all    0.75    0.00    0.25    0.00    0.00    0.00    0.00    0.00    0.00   99.00
05:07:03     all    0.50    0.00    0.00    0.00    0.00    0.00    0.00    0.00    0.00   99.50
05:07:04     all    0.50    0.00    0.25    0.00    0.00    0.00    0.00    0.00    0.00   99.24
05:07:05     all    0.50    0.00    0.00    0.00    0.00    0.00    0.00    0.00    0.00   99.50
05:07:06     all    0.50    0.00    0.00    0.00    0.00    0.00    0.00    0.00    0.00   99.50
05:07:07     all    0.50    0.00    0.00    0.00    0.00    0.25    0.00    0.00    0.00   99.25
05:07:08     all    0.75    0.00    0.25    0.00    0.00    0.00    0.00    0.00    0.00   99.00
05:07:09     all    0.75    0.00    0.00    0.00    0.00    0.00    0.00    0.00    0.00   99.25
05:07:10     all    0.50    0.00    0.00    0.00    0.00    0.00    0.00    0.00    0.00   99.50
05:07:11     all    0.50    0.00    0.00    0.00    0.00    0.00    0.00    0.00    0.00   99.50
05:07:12     all    0.75    0.00    0.25    0.00    0.00    0.25    0.00    0.00    0.00   98.75
05:07:13     all    0.25    0.00    0.00    0.00    0.00    0.00    0.00    0.00    0.00   99.75
05:07:14     all    1.00    0.00    0.00    0.25    0.00    0.25    0.00    0.00    0.00   98.51
05:07:15     all    0.50    0.00    0.25    0.00    0.00    0.00    0.00    0.00    0.00   99.25
05:07:16     all    0.50    0.00    0.25    0.00    0.00    0.00    0.00    0.00    0.00   99.25
05:07:17     all    0.75    0.00    0.25    0.00    0.00    0.00    0.00    0.00    0.00   99.00
05:07:18     all    0.75    0.00    0.00    0.00    0.00    0.00    0.00    0.00    0.00   99.25
05:07:19     all    0.50    0.00    0.00    0.00    0.00    0.00    0.00    0.00    0.00   99.50
05:07:20     all    0.50    0.00    0.50    0.00    0.00    0.00    0.00    0.00    0.00   99.00
05:07:21     all    0.50    0.00    0.00    0.00    0.00    0.00    0.00    0.00    0.00   99.50
05:07:22     all    0.75    0.00    0.00    0.00    0.00    0.00    0.00    0.00    0.00   99.25
05:07:23     all    0.75    0.00    0.25    0.00    0.00    0.00    0.00    0.00    0.00   99.00
05:07:24     all    0.50    0.00    0.00    0.00    0.00    0.00    0.00    0.00    0.00   99.50
05:07:25     all    0.50    0.00    0.00    0.00    0.00    0.25    0.00    0.00    0.00   99.25
05:07:26     all    0.75    0.00    0.25    0.00    0.00    0.00    0.25    0.00    0.00   98.76
05:07:27     all    0.50    0.00    0.00    0.00    0.00    0.00    0.00    0.00    0.00   99.50
05:07:28     all    0.50    0.00    0.00    0.00    0.00    0.00    0.00    0.00    0.00   99.50
05:07:29     all    0.50    0.00    0.25    0.00    0.00    0.00    0.00    0.00    0.00   99.25
05:07:30     all    0.25    0.00    0.25    0.00    0.00    0.00    0.00    0.00    0.00   99.50
05:07:31     all    0.75    0.00    0.25    0.00    0.00    0.00    0.00    0.00    0.00   98.99
05:07:32     all    0.75    0.00    0.00    0.00    0.00    0.25    0.00    0.00    0.00   99.00
05:07:33     all    0.50    0.00    0.00    0.00    0.00    0.00    0.00    0.00    0.00   99.50
05:07:34     all    0.75    0.00    0.25    0.00    0.00    0.00    0.00    0.00    0.00   99.00
05:07:35     all    0.75    0.00    0.00    0.00    0.00    0.00    0.00    0.00    0.00   99.25
05:07:36     all    0.50    0.00    0.00    0.00    0.00    0.00    0.00    0.00    0.00   99.50
05:07:37     all    0.75    0.00    0.00    0.00    0.00    0.00    0.00    0.00    0.00   99.25
05:07:38     all    0.25    0.00    0.25    0.00    0.00    0.00    0.00    0.00    0.00   99.50
05:07:39     all    0.50    0.00    0.25    0.00    0.00    0.00    0.00    0.00    0.00   99.25
05:07:40     all    0.50    0.00    0.25    0.00    0.00    0.00    0.00    0.00    0.00   99.25
05:07:41     all    0.75    0.00    0.00    0.00    0.00    0.00    0.00    0.00    0.00   99.25
05:07:42     all    0.50    0.00    0.25    0.00    0.00    0.00    0.00    0.00    0.00   99.25
05:07:43     all    0.75    0.00    0.00    0.00    0.00    0.00    0.00    0.00    0.00   99.25
05:07:44     all    0.75    0.00    0.00    0.00    0.00    0.00    0.00    0.00    0.00   99.25
05:07:45     all    0.50    0.00    0.25    0.00    0.00    0.00    0.00    0.00    0.00   99.25
05:07:46     all    0.50    0.00    0.00    0.00    0.00    0.00    0.00    0.00    0.00   99.50
05:07:47     all    0.50    0.00    0.00    0.00    0.00    0.25    0.00    0.00    0.00   99.24
05:07:48     all    0.50    0.00    0.25    0.00    0.00    0.00    0.00    0.00    0.00   99.25
05:07:49     all    0.75    0.00    0.25    0.00    0.00    0.00    0.00    0.00    0.00   99.00
05:07:50     all    0.50    0.00    0.00    0.00    0.00    0.00    0.00    0.00    0.00   99.50
05:07:51     all    0.50    0.00    0.25    0.00    0.00    0.00    0.00    0.00    0.00   99.25
05:07:52     all    0.75    0.00    0.00    0.00    0.00    0.00    0.00    0.00    0.00   99.25
05:07:53     all    0.75    0.00    0.25    0.25    0.00    0.00    0.00    0.00    0.00   98.76
05:07:54     all    0.75    0.00    0.00    0.00    0.00    0.25    0.00    0.00    0.00   98.99
05:07:55     all    0.50    0.00    0.25    0.00    0.00    0.00    0.00    0.00    0.00   99.25
05:07:56     all    0.75    0.00    0.00    0.00    0.00    0.00    0.00    0.00    0.00   99.25
05:07:57     all    0.50    0.00    0.25    0.00    0.00    0.25    0.00    0.00    0.00   99.00
05:07:58     all    0.75    0.00    0.00    0.00    0.00    0.00    0.00    0.00    0.00   99.25
05:07:59     all    0.50    0.00    0.00    0.00    0.00    0.25    0.00    0.00    0.00   99.25
05:08:00     all    0.75    0.00    0.00    0.00    0.00    0.00    0.00    0.00    0.00   99.25
05:08:01     all    0.50    0.00    0.25    0.00    0.00    0.00    0.00    0.00    0.00   99.25
05:08:02     all    0.75    0.00    0.00    0.00    0.00    0.25    0.00    0.00    0.00   99.00
05:08:03     all    0.75    0.00    0.25    0.00    0.00    0.00    0.00    0.00    0.00   99.00
05:08:04     all    0.50    0.00    0.25    0.25    0.00    0.00    0.00    0.00    0.00   99.00
05:08:05     all    0.75    0.00    0.25    0.00    0.00    0.25    0.00    0.00    0.00   98.76
05:08:06     all    0.50    0.00    0.00    0.00    0.00    0.00    0.00    0.00    0.00   99.50
05:08:07     all    0.75    0.00    0.25    0.00    0.00    0.00    0.00    0.00    0.00   99.00
05:08:08     all    0.25    0.00    0.00    0.00    0.00    0.00    0.00    0.00    0.00   99.75
05:08:09     all    0.75    0.00    0.00    0.00    0.00    0.25    0.00    0.00    0.00   99.00
05:08:10     all    0.50    0.00    0.00    0.00    0.00    0.00    0.00    0.00    0.00   99.50
05:08:11     all    0.50    0.00    0.50    0.00    0.00    0.00    0.00    0.00    0.00   99.00
05:08:12     all    0.75    0.00    0.00    0.00    0.00    0.00    0.00    0.00    0.00   99.25
05:08:13     all    0.50    0.00    0.00    0.00    0.00    0.00    0.00    0.00    0.00   99.50
05:08:14     all    0.75    0.00    0.00    0.00    0.00    0.25    0.00    0.00    0.00   99.00
05:08:15     all    0.25    0.00    0.00    0.00    0.00    0.00    0.00    0.00    0.00   99.75
05:08:16     all    0.50    0.00    0.25    0.00    0.00    0.00    0.00    0.00    0.00   99.25
05:08:17     all    0.50    0.00    0.00    0.00    0.00    0.00    0.00    0.00    0.00   99.50
05:08:18     all    0.50    0.00    0.00    0.00    0.00    0.25    0.00    0.00    0.00   99.25
05:08:19     all    0.50    0.00    0.00    0.00    0.00    0.00    0.00    0.00    0.00   99.50
05:08:20     all    0.50    0.00    0.25    0.00    0.00    0.00    0.00    0.00    0.00   99.25
05:08:21     all    0.75    0.00    0.25    0.00    0.00    0.00    0.00    0.00    0.00   99.00
05:08:22     all    0.50    0.00    0.00    0.00    0.00    0.00    0.00    0.00    0.00   99.50
05:08:23     all    0.50    0.00    0.00    0.00    0.00    0.25    0.00    0.00    0.00   99.25
05:08:24     all    0.50    0.00    0.00    0.00    0.00    0.00    0.00    0.00    0.00   99.50
05:08:25     all    0.25    0.00    0.00    0.00    0.00    0.00    0.00    0.00    0.00   99.75
05:08:26     all    0.75    0.00    0.25    0.00    0.00    0.00    0.00    0.00    0.00   99.00
05:08:27     all    0.75    0.00    0.00    0.00    0.00    0.25    0.00    0.00    0.00   99.00
05:08:28     all    0.50    0.00    0.00    0.00    0.00    0.00    0.25    0.00    0.00   99.25
05:08:29     all    1.00    0.00    0.00    0.00    0.00    0.25    0.00    0.00    0.00   98.76
05:08:30     all    0.50    0.00    0.25    0.25    0.00    0.00    0.00    0.00    0.00   99.00
05:08:31     all    0.75    0.00    0.00    0.00    0.00    0.00    0.00    0.00    0.00   99.25
05:08:32     all    0.50    0.00    0.25    0.00    0.00    0.25    0.00    0.00    0.00   99.00
05:08:33     all    0.75    0.00    0.00    0.00    0.00    0.00    0.00    0.00    0.00   99.25
05:08:34     all    0.50    0.00    0.25    0.00    0.00    0.00    0.00    0.00    0.00   99.25
05:08:35     all    0.75    0.00    0.00    0.00    0.00    0.25    0.00    0.00    0.00   99.00
05:08:36     all    0.51    0.00    0.00    0.00    0.00    0.00    0.00    0.00    0.00   99.49
05:08:37     all    0.75    0.00    0.25    0.00    0.00    0.00    0.00    0.00    0.00   99.00
05:08:38     all    0.50    0.00    0.25    0.00    0.00    0.00    0.00    0.00    0.00   99.25
05:08:39     all    0.50    0.00    0.00    0.00    0.00    0.00    0.00    0.00    0.00   99.50
05:08:40     all    0.75    0.00    0.25    0.00    0.00    0.00    0.00    0.00    0.00   99.00
05:08:41     all    0.50    0.00    0.25    0.00    0.00    0.00    0.00    0.00    0.00   99.25
05:08:42     all    0.50    0.00    0.25    0.00    0.00    0.00    0.00    0.00    0.00   99.25
05:08:43     all    0.50    0.00    0.00    0.00    0.00    0.00    0.00    0.00    0.00   99.50
05:08:44     all    0.75    0.00    0.00    0.00    0.00    0.00    0.00    0.00    0.00   99.25
05:08:45     all    0.50    0.00    0.00    0.00    0.00    0.00    0.00    0.00    0.00   99.50
05:08:46     all    0.50    0.00    0.25    0.00    0.00    0.00    0.00    0.00    0.00   99.25
05:08:47     all    0.75    0.00    0.00    0.00    0.00    0.25    0.00    0.00    0.00   99.00
05:08:48     all    0.50    0.00    0.00    0.00    0.00    0.00    0.00    0.00    0.00   99.50
05:08:49     all    0.75    0.00    0.25    0.00    0.00    0.00    0.00    0.00    0.00   99.00
05:08:50     all    0.50    0.00    0.00    0.00    0.00    0.00    0.00    0.00    0.00   99.50
05:08:51     all    0.25    0.00    0.25    0.00    0.00    0.00    0.00    0.00    0.00   99.50
05:08:52     all    0.75    0.00    0.25    0.00    0.00    0.00    0.00    0.00    0.00   99.00
05:08:53     all    0.50    0.00    0.25    0.00    0.00    0.00    0.00    0.00    0.00   99.25
05:08:54     all    0.50    0.00    0.00    0.00    0.00    0.00    0.00    0.00    0.00   99.50
05:08:55     all    0.75    0.00    0.00    0.00    0.00    0.00    0.00    0.00    0.00   99.25
05:08:56     all    0.50    0.00    0.25    0.00    0.00    0.00    0.00    0.00    0.00   99.25
05:08:57     all    0.50    0.00    0.00    0.00    0.00    0.00    0.25    0.00    0.00   99.25
05:08:58     all    1.00    0.00    0.00    0.00    0.00    0.00    0.00    0.00    0.00   99.00
05:08:59     all    0.50    0.00    0.00    0.00    0.00    0.25    0.00    0.00    0.00   99.25
05:09:00     all    0.50    0.00    0.25    0.00    0.00    0.00    0.00    0.00    0.00   99.25
05:09:01     all    0.50    0.00    0.00    0.00    0.00    0.00    0.00    0.00    0.00   99.50
05:09:02     all    0.50    0.00    0.00    0.00    0.00    0.00    0.25    0.00    0.00   99.25
05:09:03     all    0.75    0.00    0.25    0.00    0.00    0.25    0.00    0.00    0.00   98.75
05:09:04     all    0.50    0.00    0.00    0.00    0.00    0.00    0.00    0.00    0.00   99.50
05:09:05     all    1.00    0.00    0.00    0.00    0.00    0.00    0.00    0.00    0.00   99.00
05:09:06     all    0.50    0.00    0.25    0.00    0.00    0.00    0.00    0.00    0.00   99.25
05:09:07     all    0.50    0.00    0.00    0.00    0.00    0.00    0.00    0.00    0.00   99.50
05:09:08     all    0.50    0.00    0.00    0.00    0.00    0.00    0.00    0.00    0.00   99.50
05:09:09     all    0.50    0.00    0.25    0.00    0.00    0.00    0.00    0.00    0.00   99.25
05:09:10     all    0.75    0.00    0.00    0.00    0.00    0.00    0.00    0.00    0.00   99.25
05:09:11     all    0.50    0.00    0.25    0.00    0.00    0.00    0.00    0.00    0.00   99.25
05:09:12     all    0.50    0.00    0.25    0.25    0.00    0.00    0.00    0.00    0.00   99.00
05:09:13     all    0.50    0.00    0.25    0.00    0.00    0.00    0.00    0.00    0.00   99.25
05:09:14     all    0.75    0.00    0.00    0.00    0.00    0.25    0.00    0.00    0.00   99.00
05:09:15     all    0.50    0.00    0.25    0.00    0.00    0.00    0.00    0.00    0.00   99.25
05:09:16     all    0.75    0.00    0.25    0.00    0.00    0.00    0.00    0.00    0.00   99.00
05:09:17     all    0.50    0.00    0.50    0.00    0.00    0.00    0.00    0.00    0.00   99.00
05:09:18     all    0.50    0.00    0.00    0.00    0.00    0.00    0.00    0.00    0.00   99.50
05:09:19     all    1.00    0.00    0.00    0.00    0.00    0.00    0.00    0.00    0.00   99.00
05:09:20     all    0.50    0.00    0.00    0.00    0.00    0.00    0.00    0.00    0.00   99.50
05:09:21     all    0.75    0.00    0.50    0.00    0.00    0.00    0.25    0.00    0.00   98.51
05:09:22     all    0.50    0.00    0.00    0.00    0.00    0.00    0.00    0.00    0.00   99.50
05:09:23     all    0.50    0.00    0.00    0.00    0.00    0.00    0.00    0.00    0.00   99.50
05:09:24     all    0.50    0.00    0.00    0.00    0.00    0.00    0.00    0.00    0.00   99.50
05:09:25     all    0.50    0.00    0.25    0.00    0.00    0.00    0.00    0.00    0.00   99.25
05:09:26     all    1.00    0.00    0.00    0.00    0.00    0.00    0.00    0.00    0.00   99.00
05:09:27     all    0.50    0.00    0.00    0.00    0.00    0.00    0.00    0.00    0.00   99.50
05:09:28     all    0.50    0.00    0.25    0.00    0.00    0.00    0.00    0.00    0.00   99.25
05:09:29     all    0.75    0.00    0.00    0.00    0.00    0.25    0.00    0.00    0.00   98.99
05:09:30     all    0.50    0.00    0.25    0.00    0.00    0.00    0.00    0.00    0.00   99.25
05:09:31     all    0.75    0.00    0.00    0.00    0.00    0.00    0.00    0.00    0.00   99.25
05:09:32     all    0.50    0.00    0.25    0.00    0.00    0.00    0.00    0.00    0.00   99.25
05:09:33     all    1.00    0.00    0.00    0.00    0.00    0.00    0.00    0.00    0.00   99.00
05:09:34     all    0.75    0.00    0.25    0.00    0.00    0.00    0.00    0.00    0.00   99.00
05:09:35     all    0.50    0.00    0.00    0.00    0.00    0.00    0.00    0.00    0.00   99.50
05:09:36     all    0.75    0.00    0.00    0.00    0.00    0.00    0.00    0.00    0.00   99.25
05:09:37     all    0.75    0.00    0.25    0.00    0.00    0.00    0.00    0.00    0.00   99.00
05:09:38     all    0.50    0.00    0.25    0.00    0.00    0.00    0.00    0.00    0.00   99.25
05:09:39     all    0.50    0.00    0.00    0.00    0.00    0.00    0.00    0.00    0.00   99.50
05:09:40     all    0.50    0.00    0.00    0.00    0.00    0.00    0.00    0.00    0.00   99.50
05:09:41     all    0.75    0.00    0.25    0.00    0.00    0.00    0.00    0.00    0.00   99.00
05:09:42     all    0.50    0.00    0.00    0.00    0.00    0.00    0.00    0.00    0.00   99.50
05:09:43     all    0.50    0.00    0.50    0.00    0.00    0.00    0.00    0.00    0.00   99.00
05:09:44     all    0.50    0.00    0.00    0.00    0.00    0.00    0.00    0.00    0.00   99.50
05:09:45     all    0.50    0.00    0.25    0.00    0.00    0.00    0.00    0.00    0.00   99.25
05:09:46     all    0.76    0.00    0.00    0.00    0.00    0.00    0.00    0.00    0.00   99.24
05:09:47     all    0.25    0.00    0.00    0.00    0.00    0.00    0.00    0.00    0.00   99.75
05:09:48     all    0.75    0.00    0.25    0.00    0.00    0.25    0.00    0.00    0.00   98.75
05:09:49     all    0.75    0.00    0.00    0.00    0.00    0.00    0.00    0.00    0.00   99.25
05:09:50     all    0.75    0.00    0.00    0.00    0.00    0.00    0.00    0.00    0.00   99.25
05:09:51     all    0.50    0.00    0.25    0.00    0.00    0.25    0.00    0.00    0.00   99.00
05:09:52     all    0.75    0.00    0.00    0.00    0.00    0.00    0.00    0.00    0.00   99.25
05:09:53     all    0.75    0.00    0.00    0.00    0.00    0.00    0.00    0.00    0.00   99.25
05:09:54     all    0.76    0.00    0.00    0.00    0.00    0.00    0.00    0.00    0.00   99.24
05:09:55     all    0.75    0.00    0.00    0.00    0.00    0.25    0.00    0.00    0.00   99.00
05:09:56     all    0.50    0.00    0.25    0.00    0.00    0.00    0.00    0.00    0.00   99.25
05:09:57     all    0.75    0.00    0.00    0.25    0.00    0.25    0.00    0.00    0.00   98.76
05:09:58     all    0.75    0.00    0.00    0.00    0.00    0.00    0.00    0.00    0.00   99.25
05:09:59     all    0.75    0.00    0.00    0.00    0.00    0.00    0.00    0.00    0.00   99.25
05:10:00     all    0.50    0.00    0.25    0.00    0.00    0.00    0.00    0.00    0.00   99.25
05:10:01     all    0.75    0.00    0.25    0.00    0.00    0.25    0.00    0.00    0.00   98.75
05:10:02     all    0.75    0.00    0.25    0.00    0.00    0.00    0.00    0.00    0.00   99.00
05:10:03     all    0.50    0.00    0.25    0.00    0.00    0.00    0.00    0.00    0.00   99.25
05:10:04     all    0.50    0.00    0.00    0.00    0.00    0.00    0.00    0.00    0.00   99.50
05:10:05     all    0.50    0.00    0.25    0.00    0.00    0.00    0.00    0.00    0.00   99.25
05:10:06     all    0.75    0.00    0.00    0.00    0.00    0.00    0.00    0.00    0.00   99.25
05:10:07     all    0.50    0.00    0.25    0.00    0.00    0.00    0.00    0.00    0.00   99.25
05:10:08     all    0.50    0.00    0.00    0.00    0.00    0.00    0.00    0.00    0.00   99.50
05:10:09     all    0.50    0.00    0.25    0.00    0.00    0.00    0.00    0.00    0.00   99.25
05:10:10     all    0.75    0.00    0.00    0.00    0.00    0.00    0.00    0.00    0.00   99.25
05:10:11     all    0.75    0.00    0.00    0.00    0.00    0.00    0.00    0.00    0.00   99.25
05:10:12     all    0.50    0.00    0.00    0.00    0.00    0.00    0.25    0.00    0.00   99.25
05:10:13     all    0.50    0.00    0.25    0.00    0.00    0.00    0.00    0.00    0.00   99.25
05:10:14     all    0.50    0.00    0.00    0.00    0.00    0.25    0.00    0.00    0.00   99.25
05:10:15     all    0.75    0.00    0.00    0.00    0.00    0.00    0.00    0.00    0.00   99.25
05:10:16     all    0.75    0.00    0.00    0.00    0.00    0.00    0.00    0.00    0.00   99.25
05:10:17     all    0.75    0.00    0.25    0.00    0.00    0.00    0.00    0.00    0.00   99.00
05:10:18     all    0.75    0.00    0.00    0.00    0.00    0.00    0.00    0.00    0.00   99.25
05:10:19     all    0.50    0.00    0.00    0.00    0.00    0.00    0.00    0.00    0.00   99.50
05:10:20     all    0.75    0.00    0.25    0.00    0.00    0.00    0.00    0.00    0.00   99.00
05:10:21     all    0.50    0.00    0.00    0.00    0.00    0.00    0.00    0.00    0.00   99.50
05:10:22     all    0.75    0.00    0.00    0.00    0.00    0.00    0.00    0.00    0.00   99.25
05:10:23     all    0.50    0.00    0.50    0.00    0.00    0.00    0.00    0.00    0.00   99.00
05:10:24     all    1.00    0.00    0.25    0.00    0.00    0.00    0.00    0.00    0.00   98.75
05:10:25     all    0.50    0.00    0.00    0.00    0.00    0.25    0.00    0.00    0.00   99.25
05:10:26     all    0.75    0.00    0.25    0.00    0.00    0.00    0.00    0.00    0.00   98.99
05:10:27     all    0.50    0.00    0.00    0.00    0.00    0.25    0.00    0.00    0.00   99.25
05:10:28     all    0.50    0.00    0.00    0.00    0.00    0.00    0.00    0.00    0.00   99.50
05:10:29     all    0.50    0.00    0.25    0.00    0.00    0.00    0.00    0.00    0.00   99.25
05:10:30     all    0.50    0.00    0.25    0.00    0.00    0.00    0.00    0.00    0.00   99.25
05:10:31     all    0.50    0.00    0.25    0.25    0.00    0.25    0.00    0.00    0.00   98.75
05:10:32     all    0.75    0.00    0.00    0.00    0.00    0.00    0.00    0.00    0.00   99.25
05:10:33     all    0.50    0.00    0.25    0.00    0.00    0.00    0.00    0.00    0.00   99.25
05:10:34     all    0.75    0.00    0.00    0.00    0.00    0.00    0.00    0.00    0.00   99.25
05:10:35     all    0.50    0.00    0.00    0.00    0.00    0.25    0.00    0.00    0.00   99.25
05:10:36     all    0.75    0.00    0.00    0.00    0.00    0.00    0.00    0.00    0.00   99.25
05:10:37     all    0.50    0.00    0.25    0.25    0.00    0.00    0.00    0.00    0.00   99.00
05:10:38     all    0.50    0.00    0.25    0.00    0.00    0.00    0.00    0.00    0.00   99.25
05:10:39     all    0.75    0.00    0.00    0.00    0.00    0.00    0.00    0.00    0.00   99.25
05:10:40     all    1.00    0.00    0.25    0.00    0.00    0.00    0.00    0.00    0.00   98.75
05:10:41     all    0.50    0.00    0.00    0.00    0.00    0.00    0.00    0.00    0.00   99.50
05:10:42     all    0.75    0.00    0.00    0.00    0.00    0.25    0.00    0.00    0.00   99.00
05:10:43     all    0.75    0.00    0.00    0.00    0.00    0.00    0.00    0.00    0.00   99.25
05:10:44     all    0.50    0.00    0.25    0.00    0.00    0.00    0.00    0.00    0.00   99.25
05:10:45     all    0.50    0.00    0.00    0.00    0.00    0.00    0.00    0.00    0.00   99.50
05:10:46     all    0.76    0.00    0.00    0.00    0.00    0.00    0.00    0.00    0.00   99.24
05:10:47     all    0.50    0.00    0.25    0.00    0.00    0.00    0.00    0.00    0.00   99.25
05:10:48     all    0.50    0.00    0.25    0.00    0.00    0.00    0.00    0.00    0.00   99.25
05:10:49     all    0.50    0.00    0.00    0.00    0.00    0.25    0.00    0.00    0.00   99.25
05:10:50     all    0.75    0.00    0.25    0.00    0.00    0.00    0.00    0.00    0.00   99.00
05:10:51     all    0.50    0.00    0.00    0.00    0.00    0.00    0.00    0.00    0.00   99.50
05:10:52     all    0.50    0.00    0.00    0.00    0.00    0.00    0.00    0.00    0.00   99.50
05:10:53     all    0.75    0.00    0.25    0.00    0.00    0.00    0.00    0.00    0.00   99.00
05:10:54     all    0.50    0.00    0.00    0.00    0.00    0.00    0.00    0.00    0.00   99.50
05:10:55     all    0.75    0.00    0.00    0.25    0.00    0.00    0.00    0.00    0.00   99.00
05:10:56     all    0.50    0.00    0.25    0.00    0.00    0.00    0.00    0.00    0.00   99.25
05:10:57     all    0.75    0.00    0.00    0.00    0.00    0.00    0.00    0.00    0.00   99.25
05:10:58     all    0.50    0.00    0.00    0.00    0.00    0.00    0.00    0.00    0.00   99.50
05:10:59     all    0.50    0.00    0.25    0.00    0.00    0.25    0.00    0.00    0.00   99.00
05:11:00     all    0.75    0.00    0.00    0.00    0.00    0.00    0.00    0.00    0.00   99.25
05:11:01     all    0.75    0.00    0.25    0.00    0.00    0.00    0.00    0.00    0.00   99.00
05:11:02     all    0.75    0.00    0.25    0.00    0.00    0.00    0.00    0.00    0.00   99.00
05:11:03     all    0.75    0.00    0.00    0.00    0.00    0.00    0.00    0.00    0.00   99.25
05:11:04     all    0.50    0.00    0.00    0.25    0.00    0.00    0.00    0.00    0.00   99.25
05:11:05     all    0.50    0.00    0.25    0.00    0.00    0.00    0.00    0.00    0.00   99.25
05:11:06     all    0.75    0.00    0.00    0.00    0.00    0.00    0.00    0.00    0.00   99.25
05:11:07     all    0.50    0.00    0.00    0.00    0.00    0.00    0.00    0.00    0.00   99.50
05:11:08     all    0.50    0.00    0.50    0.00    0.00    0.25    0.00    0.00    0.00   98.76
05:11:09     all    0.50    0.00    0.25    0.00    0.00    0.00    0.25    0.00    0.00   99.00
05:11:10     all    0.76    0.00    0.00    0.00    0.00    0.00    0.00    0.00    0.00   99.24
05:11:11     all    0.50    0.00    0.25    0.00    0.00    0.00    0.00    0.00    0.00   99.25
05:11:12     all    0.75    0.00    0.00    0.00    0.00    0.00    0.00    0.00    0.00   99.25
05:11:13     all    0.50    0.00    0.00    0.00    0.00    0.00    0.00    0.00    0.00   99.50
05:11:14     all    0.75    0.00    0.25    0.00    0.00    0.00    0.00    0.00    0.00   99.00
05:11:15     all    0.50    0.00    0.00    0.00    0.00    0.00    0.00    0.00    0.00   99.50
05:11:16     all    0.00    0.00    0.00    0.00    0.00    0.00    0.00    0.00    0.00  100.00
05:11:17     all    0.50    0.00    0.00    0.00    0.00    0.00    0.00    0.00    0.00   99.50
05:11:18     all    0.25    0.00    0.25    0.00    0.00    0.25    0.00    0.00    0.00   99.25
05:11:19     all    0.75    0.00    0.00    0.00    0.00    0.25    0.00    0.00    0.00   98.99
05:11:20     all    0.50    0.00    0.00    0.00    0.00    0.00    0.00    0.00    0.00   99.50
05:11:21     all    1.00    0.00    0.25    0.00    0.00    0.00    0.00    0.00    0.00   98.75
05:11:22     all    0.50    0.00    0.00    0.00    0.00    0.00    0.00    0.00    0.00   99.50
05:11:23     all    0.50    0.00    0.00    0.00    0.00    0.00    0.00    0.00    0.00   99.50
05:11:24     all    0.75    0.00    0.25    0.00    0.00    0.00    0.00    0.00    0.00   99.00
05:11:25     all    0.25    0.00    0.00    0.00    0.00    0.00    0.25    0.00    0.00   99.50
05:11:26     all    0.50    0.00    0.00    0.00    0.00    0.00    0.00    0.00    0.00   99.50
05:11:27     all    0.50    0.00    0.00    0.00    0.00    0.00    0.00    0.00    0.00   99.50
05:11:28     all    0.75    0.00    0.50    0.00    0.00    0.25    0.00    0.00    0.00   98.51
05:11:29     all    0.75    0.00    0.00    0.00    0.00    0.00    0.00    0.00    0.00   99.25
05:11:30     all    0.50    0.00    0.25    0.00    0.00    0.00    0.00    0.00    0.00   99.25
05:11:31     all    0.75    0.00    0.00    0.00    0.00    0.00    0.00    0.00    0.00   99.25
05:11:32     all    0.50    0.00    0.25    0.00    0.00    0.00    0.00    0.00    0.00   99.25
05:11:33     all    0.75    0.00    0.00    0.00    0.00    0.00    0.00    0.00    0.00   99.25
05:11:34     all    0.75    0.00    0.00    0.00    0.00    0.00    0.00    0.00    0.00   99.25
05:11:35     all    0.50    0.00    0.00    0.00    0.00    0.00    0.00    0.00    0.00   99.50
05:11:36     all    0.75    0.00    0.25    0.00    0.00    0.00    0.00    0.00    0.00   99.00
05:11:37     all    0.50    0.00    0.00    0.00    0.00    0.25    0.00    0.00    0.00   99.25
05:11:38     all    0.75    0.00    0.25    0.00    0.00    0.25    0.00    0.00    0.00   98.75
05:11:39     all    0.75    0.00    0.00    0.00    0.00    0.00    0.00    0.00    0.00   99.25
05:11:40     all    0.50    0.00    0.25    0.00    0.00    0.00    0.00    0.00    0.00   99.25
05:11:41     all    0.75    0.00    0.25    0.00    0.00    0.00    0.00    0.00    0.00   99.00
05:11:42     all    0.50    0.00    0.50    0.00    0.00    0.00    0.00    0.00    0.00   99.00
05:11:43     all    0.75    0.00    0.00    0.00    0.00    0.00    0.00    0.00    0.00   99.25
05:11:44     all    0.50    0.00    0.00    0.25    0.00    0.00    0.00    0.00    0.00   99.25
05:11:45     all    0.50    0.00    0.25    0.00    0.00    0.00    0.00    0.00    0.00   99.25
05:11:46     all    0.75    0.00    0.00    0.00    0.00    0.00    0.00    0.00    0.00   99.25
05:11:47     all    0.51    0.00    0.00    0.00    0.00    0.00    0.00    0.00    0.00   99.49
05:11:48     all    0.50    0.00    0.25    0.00    0.00    0.00    0.00    0.00    0.00   99.25
05:11:49     all    0.75    0.00    0.00    0.00    0.00    0.00    0.00    0.00    0.00   99.25
05:11:50     all    0.50    0.00    0.25    0.00    0.00    0.25    0.00    0.00    0.00   99.00
05:11:51     all    0.75    0.00    0.00    0.00    0.00    0.00    0.00    0.00    0.00   99.25
05:11:52     all    0.50    0.00    0.25    0.00    0.00    0.00    0.00    0.00    0.00   99.25
05:11:53     all    1.01    0.00    0.00    0.00    0.00    0.00    0.00    0.00    0.00   98.99
05:11:54     all    0.50    0.00    0.25    0.00    0.00    0.00    0.00    0.00    0.00   99.25
05:11:55     all    0.50    0.00    0.00    0.00    0.00    0.00    0.00    0.00    0.00   99.50
05:11:56     all    0.50    0.00    0.00    0.00    0.00    0.00    0.00    0.00    0.00   99.50
05:11:57     all    0.50    0.00    0.25    0.00    0.00    0.00    0.00    0.00    0.00   99.25
05:11:58     all    0.75    0.00    0.25    0.00    0.00    0.00    0.00    0.00    0.00   99.00
05:11:59     all    0.50    0.00    0.00    0.00    0.00    0.00    0.00    0.00    0.00   99.50
05:12:00     all    1.25    0.00    1.00    0.00    0.00    0.00    0.00    0.00    0.00   97.75
05:12:01     all    0.50    0.00    0.25    0.00    0.00    0.00    0.00    0.00    0.00   99.25
05:12:02     all    0.50    0.00    0.00    0.00    0.00    0.00    0.00    0.00    0.00   99.50
05:12:03     all    0.75    0.00    0.00    0.00    0.00    0.00    0.00    0.00    0.00   99.25
05:12:04     all    0.25    0.00    0.25    0.00    0.00    0.00    0.00    0.00    0.00   99.50
05:12:05     all    0.50    0.00    0.50    0.00    0.00    0.00    0.25    0.00    0.00   98.75
05:12:06     all    0.75    0.00    0.00    0.00    0.00    0.00    0.00    0.00    0.00   99.25
05:12:07     all    0.50    0.00    0.00    0.00    0.00    0.00    0.00    0.00    0.00   99.50
05:12:08     all    0.75    0.00    0.25    0.00    0.00    0.25    0.00    0.00    0.00   98.75
05:12:09     all    0.50    0.00    0.00    0.00    0.00    0.00    0.00    0.00    0.00   99.50
05:12:10     all    0.76    0.00    0.00    0.00    0.00    0.00    0.00    0.00    0.00   99.24
05:12:11     all    0.50    0.00    0.25    0.00    0.00    0.00    0.00    0.00    0.00   99.25
05:12:12     all    0.25    0.00    0.00    0.00    0.00    0.00    0.00    0.00    0.00   99.75
05:12:13     all    0.50    0.00    0.00    0.00    0.00    0.25    0.00    0.00    0.00   99.25
05:12:14     all    0.75    0.00    0.25    0.00    0.00    0.00    0.00    0.00    0.00   99.00
05:12:15     all    0.50    0.00    0.00    0.00    0.00    0.00    0.00    0.00    0.00   99.50
05:12:16     all    0.75    0.00    0.25    0.00    0.00    0.00    0.00    0.00    0.00   99.00
05:12:17     all    0.50    0.00    0.25    0.00    0.00    0.00    0.00    0.00    0.00   99.25
05:12:18     all    0.75    0.00    0.00    0.00    0.00    0.00    0.00    0.00    0.00   99.25
05:12:19     all    0.50    0.00    0.00    0.00    0.00    0.00    0.00    0.00    0.00   99.50
05:12:20     all    0.50    0.00    0.00    0.00    0.00    0.00    0.00    0.00    0.00   99.50
05:12:21     all    0.75    0.00    0.25    0.00    0.00    0.00    0.00    0.00    0.00   99.00
05:12:22     all    0.25    0.00    0.00    0.00    0.00    0.00    0.00    0.00    0.00   99.75
05:12:23     all    1.00    0.00    0.25    0.00    0.00    0.00    0.00    0.00    0.00   98.76
05:12:24     all    0.75    0.00    0.00    0.00    0.00    0.00    0.00    0.00    0.00   99.25
05:12:25     all    0.50    0.00    0.00    0.00    0.00    0.00    0.00    0.00    0.00   99.50
05:12:26     all    0.75    0.00    0.50    0.25    0.00    0.00    0.00    0.00    0.00   98.51
05:12:27     all    0.25    0.00    0.00    0.00    0.00    0.00    0.00    0.00    0.00   99.75
05:12:28     all    0.75    0.00    0.25    0.00    0.00    0.00    0.00    0.00    0.00   99.00
05:12:29     all    0.25    0.00    0.00    0.00    0.00    0.25    0.00    0.00    0.00   99.50
05:12:30     all    0.50    0.00    0.25    0.00    0.00    0.00    0.00    0.00    0.00   99.25
05:12:31     all    0.76    0.00    0.00    0.00    0.00    0.00    0.00    0.00    0.00   99.24
05:12:32     all    0.75    0.00    0.25    0.00    0.00    0.00    0.00    0.00    0.00   99.00
05:12:33     all    0.75    0.00    0.00    0.00    0.00    0.00    0.00    0.00    0.00   99.25
05:12:34     all    0.50    0.00    0.00    0.00    0.00    0.00    0.00    0.00    0.00   99.50
05:12:35     all    0.50    0.00    0.25    0.00    0.00    0.00    0.00    0.00    0.00   99.25
05:12:36     all    0.75    0.00    0.25    0.00    0.00    0.00    0.00    0.00    0.00   99.00
05:12:37     all    0.50    0.00    0.00    0.00    0.00    0.25    0.00    0.00    0.00   99.25
05:12:38     all    0.75    0.00    0.25    0.00    0.00    0.00    0.00    0.00    0.00   99.00
05:12:39     all    0.50    0.00    0.25    0.00    0.00    0.00    0.25    0.00    0.00   99.00
05:12:40     all    0.75    0.00    0.00    0.00    0.00    0.25    0.00    0.00    0.00   99.00
05:12:41     all    0.75    0.00    0.00    0.00    0.00    0.00    0.00    0.00    0.00   99.25
05:12:42     all    0.75    0.00    0.00    0.00    0.00    0.00    0.00    0.00    0.00   99.25
05:12:43     all    0.75    0.00    0.25    0.00    0.00    0.00    0.00    0.00    0.00   99.00
05:12:44     all    0.51    0.00    0.00    0.00    0.00    0.00    0.00    0.00    0.00   99.49
05:12:45     all    0.75    0.00    0.25    0.00    0.00    0.00    0.00    0.00    0.00   99.00
05:12:46     all    0.75    0.00    0.00    0.00    0.00    0.00    0.25    0.00    0.00   99.00
05:12:47     all    0.50    0.00    0.50    0.00    0.00    0.00    0.00    0.00    0.00   99.00
05:12:48     all    0.51    0.00    0.00    0.00    0.00    0.00    0.00    0.00    0.00   99.49
05:12:49     all    0.75    0.00    0.00    0.00    0.00    0.00    0.00    0.00    0.00   99.25
05:12:50     all    0.50    0.00    0.00    0.00    0.00    0.00    0.00    0.00    0.00   99.50
05:12:51     all    0.75    0.00    0.25    0.00    0.00    0.00    0.00    0.00    0.00   99.00
05:12:52     all    0.75    0.00    0.00    0.00    0.00    0.00    0.00    0.00    0.00   99.25
05:12:53     all    0.75    0.00    0.25    0.00    0.00    0.25    0.00    0.00    0.00   98.75
Average:     all    0.57    0.00    0.11    0.01    0.00    0.05    0.01    0.00    0.00   99.25
