Linux 6.8.0-1064-gcp (csb-bench-host-gcp) 	08/19/26 	_x86_64_	(4 CPU)

06:30:45     CPU    %usr   %nice    %sys %iowait    %irq   %soft  %steal  %guest  %gnice   %idle
06:30:46     all   23.25    0.00    6.75    0.00    0.00    4.75    0.25    0.00    0.00   65.00
06:30:47     all   17.13    0.00    2.52    0.00    0.00    5.04    0.50    0.00    0.00   74.81
06:30:48     all   19.10    0.00    3.27    0.00    0.00    5.78    0.25    0.00    0.00   71.61
06:30:49     all   21.46    0.00    3.03    0.00    0.00    6.31    0.25    0.00    0.00   68.94
06:30:50     all   25.63    0.00    3.52    0.00    0.00    7.04    0.25    0.00    0.00   63.57
06:30:51     all   24.24    0.00    3.54    0.25    0.00    7.32    0.51    0.00    0.00   64.14
06:30:52     all   19.14    0.00    3.02    0.00    0.00    5.29    0.25    0.00    0.00   72.29
06:30:53     all   15.58    0.00    3.52    0.00    0.00    3.77    0.25    0.00    0.00   76.88
06:30:54     all   16.92    0.00    2.78    0.00    0.00    4.80    0.25    0.00    0.00   75.25
06:30:55     all   20.35    0.00    4.02    0.00    0.00    6.78    0.50    0.00    0.00   68.34
06:30:56     all   23.23    0.00    2.78    0.00    0.00    7.32    0.25    0.00    0.00   66.41
06:30:57     all   24.88    0.00    3.48    0.25    0.00    7.21    0.75    0.00    0.00   63.43
06:30:58     all   21.57    0.00    4.06    0.00    0.00    5.84    0.00    0.00    0.00   68.53
06:30:59     all   18.48    0.00    2.78    0.00    0.00    5.57    0.25    0.00    0.00   72.91
06:31:00     all   20.25    0.00    3.50    0.00    0.00    5.75    0.75    0.00    0.00   69.75
06:31:01     all   21.66    0.00    3.27    0.00    0.00    6.80    0.50    0.00    0.00   67.76
06:31:02     all   23.17    0.00    3.53    0.00    0.00    7.05    0.50    0.00    0.00   65.74
06:31:03     all   20.55    0.00    3.01    0.00    0.00    5.76    0.25    0.00    0.00   70.43
06:31:04     all   17.17    0.00    2.27    0.00    0.00    4.55    0.51    0.00    0.00   75.51
06:31:05     all   18.73    0.00    2.78    0.00    0.00    5.32    0.25    0.00    0.00   72.91
06:31:06     all   21.27    0.00    3.04    0.00    0.00    6.33    0.51    0.00    0.00   68.86
06:31:07     all   23.74    0.00    3.54    0.00    0.00    7.07    0.51    0.00    0.00   65.15
06:31:08     all   23.75    0.00    4.25    0.00    0.00    7.50    0.25    0.00    0.00   64.25
06:31:09     all   19.14    0.00    3.02    0.00    0.00    6.05    0.50    0.00    0.00   71.28
06:31:10     all   17.68    0.00    2.78    0.00    0.00    5.05    0.25    0.00    0.00   74.24
06:31:11     all   18.89    0.00    3.02    0.00    0.00    5.54    0.76    0.00    0.00   71.79
06:31:12     all   22.56    0.00    3.76    0.00    0.00    6.27    0.50    0.00    0.00   66.92
06:31:13     all   23.68    0.00    3.78    0.00    0.00    6.30    0.50    0.00    0.00   65.74
06:31:14     all   22.06    0.00    4.01    0.00    0.00    7.02    0.25    0.00    0.00   66.67
06:31:15     all   20.20    0.00    2.78    0.00    0.00    6.06    0.25    0.00    0.00   70.71
06:31:16     all   16.96    0.00    3.49    0.00    0.00    5.49    0.50    0.00    0.00   73.57
06:31:17     all   18.99    0.00    2.53    0.00    0.00    5.57    0.00    0.00    0.00   72.91
06:31:18     all   20.25    0.00    3.29    0.00    0.00    6.08    0.25    0.00    0.00   70.13
06:31:19     all   23.06    0.00    3.76    0.00    0.00    7.02    0.75    0.00    0.00   65.41
06:31:20     all   21.32    0.00    3.05    0.00    0.00    6.35    0.00    0.00    0.00   69.29
06:31:21     all   17.25    0.00    3.25    0.00    0.00    5.25    0.50    0.00    0.00   73.75
06:31:22     all   15.79    0.00    3.26    0.00    0.00    4.76    0.25    0.00    0.00   75.94
06:31:23     all   19.54    0.00    2.28    0.00    0.00    6.09    0.25    0.00    0.00   71.83
06:31:24     all   21.20    0.00    3.74    0.00    0.00    7.98    0.25    0.00    0.00   66.83
06:31:25     all   24.12    0.00    3.77    0.00    0.00    7.54    0.50    0.00    0.00   64.07
06:31:26     all   22.17    0.00    4.03    0.00    0.00    6.55    0.50    0.00    0.00   66.75
06:31:27     all   20.30    0.00    3.30    0.00    0.00    6.09    0.51    0.00    0.00   69.80
06:31:28     all   18.99    0.00    3.04    0.00    0.00    5.06    0.25    0.00    0.00   72.66
06:31:29     all   19.80    0.00    2.51    0.00    0.00    6.27    0.50    0.00    0.00   70.93
06:31:30     all   21.72    0.00    4.04    0.00    0.00    6.82    0.25    0.00    0.00   67.17
06:31:31     all   22.06    0.00    3.51    0.00    0.00    6.52    0.50    0.00    0.00   67.42
06:31:32     all   19.90    0.00    2.77    0.00    0.00    5.29    0.50    0.00    0.00   71.54
06:31:33     all   18.91    0.00    3.23    0.00    0.00    6.22    0.25    0.00    0.00   71.39
06:31:34     all   20.61    0.00    3.31    0.00    0.00    6.36    0.00    0.00    0.00   69.72
06:31:35     all   21.83    0.00    2.03    0.00    0.00    6.09    0.25    0.00    0.00   69.80
06:31:36     all   20.55    0.00    3.26    0.00    0.00    6.77    0.50    0.00    0.00   68.92
06:31:37     all   18.39    0.00    2.77    0.00    0.00    4.79    0.25    0.00    0.00   73.80
06:31:38     all   19.29    0.00    3.05    0.00    0.00    5.08    0.25    0.00    0.00   72.34
06:31:39     all   21.00    0.00    4.00    0.00    0.00    5.75    0.50    0.00    0.00   68.75
06:31:40     all   24.30    0.00    3.07    0.00    0.00    6.65    0.51    0.00    0.00   65.47
06:31:41     all   22.77    0.00    3.71    0.00    0.00    7.18    1.24    0.00    0.00   65.10
06:31:42     all   18.05    0.00    3.26    0.00    0.00    5.76    0.75    0.00    0.00   72.18
06:31:43     all   17.72    0.00    2.28    0.00    0.00    4.81    0.25    0.00    0.00   74.94
06:31:44     all   13.64    0.00    2.27    0.00    0.00    4.29    0.25    0.00    0.00   79.55
06:31:45     all   15.08    0.00    2.26    0.00    0.00    5.78    0.50    0.00    0.00   76.38
06:31:46     all   24.87    0.00    4.02    0.00    0.00    7.29    0.50    0.00    0.00   63.32
06:31:47     all   24.37    0.00    3.52    0.25    0.00    7.54    0.50    0.00    0.00   63.82
06:31:48     all   25.38    0.00    4.06    0.00    0.00    6.85    0.00    0.00    0.00   63.71
06:31:49     all   23.29    0.00    3.29    0.00    0.00    7.09    0.76    0.00    0.00   65.57
06:31:50     all   18.73    0.00    3.29    0.00    0.00    5.06    0.25    0.00    0.00   72.66
06:31:51     all   13.99    0.00    2.04    0.00    0.00    3.82    0.00    0.00    0.00   80.15
06:31:52     all   16.37    0.00    2.52    0.00    0.00    5.04    1.01    0.00    0.00   75.06
06:31:53     all   20.00    0.00    3.54    0.00    0.00    6.08    0.00    0.00    0.00   70.38
06:31:54     all   22.75    0.00    3.25    0.00    0.00    6.75    0.75    0.00    0.00   66.50
06:31:55     all   25.19    0.00    4.58    0.00    0.00    6.36    0.25    0.00    0.00   63.61
06:31:56     all   24.06    0.00    4.76    0.00    0.00    7.77    0.75    0.00    0.00   62.66
06:31:57     all   21.88    0.00    3.05    0.00    0.00    6.11    1.02    0.00    0.00   67.94
06:31:58     all   17.51    0.00    3.05    0.00    0.00    5.33    0.00    0.00    0.00   74.11
06:31:59     all   16.33    0.00    2.51    0.00    0.00    4.77    0.25    0.00    0.00   76.13
06:32:00     all   20.90    0.00    2.99    0.00    0.00    7.21    1.74    0.00    0.00   67.16
06:32:01     all   23.99    0.00    3.28    0.00    0.00    6.57    0.76    0.00    0.00   65.40
06:32:02     all   24.75    0.00    4.04    0.00    0.00    6.82    0.51    0.00    0.00   63.89
06:32:03     all   23.74    0.00    3.54    0.00    0.00    6.82    0.76    0.00    0.00   65.15
06:32:04     all   19.70    0.00    3.99    0.00    0.00    6.98    0.25    0.00    0.00   69.08
06:32:05     all   19.95    0.00    2.78    0.00    0.00    5.56    0.51    0.00    0.00   71.21
06:32:06     all   20.00    0.00    3.50    0.00    0.00    6.00    0.25    0.00    0.00   70.25
06:32:07     all   22.47    0.00    3.79    0.00    0.00    6.57    1.01    0.00    0.00   66.16
06:32:08     all   22.92    0.00    3.53    0.00    0.00    7.30    0.25    0.00    0.00   65.99
06:32:09     all   20.76    0.00    3.54    0.00    0.00    6.08    0.51    0.00    0.00   69.11
06:32:10     all   17.79    0.00    3.26    0.00    0.00    5.51    0.25    0.00    0.00   73.18
06:32:11     all   18.18    0.00    2.78    0.00    0.00    5.30    0.25    0.00    0.00   73.48
06:32:12     all   23.10    0.00    3.30    0.00    0.00    5.08    0.51    0.00    0.00   68.02
06:32:13     all   21.45    0.00    3.24    0.00    0.00    7.23    0.50    0.00    0.00   67.58
06:32:14     all   20.15    0.00    3.53    0.00    0.00    6.30    0.00    0.00    0.00   70.03
06:32:15     all   20.20    0.00    2.78    0.00    0.00    5.56    0.00    0.00    0.00   71.46
06:32:16     all   17.04    0.00    3.01    0.00    0.00    5.76    0.50    0.00    0.00   73.68
06:32:17     all   12.81    0.00    1.76    0.00    0.00    3.52    0.50    0.00    0.00   81.41
06:32:18     all   21.05    0.00    3.01    0.00    0.00    6.52    0.00    0.00    0.00   69.42
06:32:19     all   20.75    0.00    3.25    0.00    0.00    6.50    0.75    0.00    0.00   68.75
06:32:20     all   24.43    0.00    3.05    0.00    0.00    7.12    0.25    0.00    0.00   65.14
06:32:21     all   25.63    0.00    4.06    0.00    0.00    7.36    0.00    0.00    0.00   62.94
06:32:22     all   21.30    0.00    3.26    0.00    0.00    6.02    0.50    0.00    0.00   68.92
06:32:23     all   15.83    0.00    2.26    0.00    0.00    5.03    0.50    0.00    0.00   76.38
06:32:24     all   15.74    0.00    2.54    0.00    0.00    4.31    0.00    0.00    0.00   77.41
06:32:25     all   18.39    0.00    3.02    0.00    0.00    6.30    0.00    0.00    0.00   72.29
06:32:26     all   22.94    0.00    4.24    0.00    0.00    6.48    0.75    0.00    0.00   65.59
06:32:27     all   24.87    0.00    3.55    0.00    0.00    7.11    0.25    0.00    0.00   64.21
06:32:28     all   23.62    0.00    3.77    0.00    0.00    6.78    0.25    0.00    0.00   65.58
06:32:29     all   18.83    0.00    2.29    0.00    0.00    5.60    0.00    0.00    0.00   73.28
06:32:30     all   19.19    0.00    2.78    0.00    0.00    4.04    0.76    0.00    0.00   73.23
06:32:31     all   22.92    0.00    3.78    0.00    0.00    6.30    0.25    0.00    0.00   66.75
06:32:32     all   25.25    0.00    4.00    0.25    0.00    7.25    0.25    0.00    0.00   63.00
06:32:33     all   22.67    0.00    3.78    0.00    0.00    5.54    0.50    0.00    0.00   67.51
06:32:34     all   18.53    0.00    3.30    0.00    0.00    4.82    0.00    0.00    0.00   73.35
06:32:35     all   20.20    0.00    3.03    0.00    0.00    5.05    0.25    0.00    0.00   71.46
06:32:36     all   23.41    0.00    3.82    0.00    0.00    5.34    0.00    0.00    0.00   67.43
06:32:37     all   23.17    0.00    3.27    0.00    0.00    5.54    0.50    0.00    0.00   67.51
06:32:38     all   23.37    0.00    3.77    0.00    0.00    6.53    0.25    0.00    0.00   66.08
06:32:39     all   21.66    0.00    4.03    0.00    0.00    5.54    0.25    0.00    0.00   68.51
06:32:40     all   20.96    0.00    2.78    0.00    0.00    5.05    0.00    0.00    0.00   71.21
06:32:41     all   21.88    0.00    3.31    0.00    0.00    5.09    0.25    0.00    0.00   69.47
06:32:42     all   22.61    0.00    3.27    0.00    0.00    6.03    0.75    0.00    0.00   67.34
06:32:43     all   22.45    0.00    2.81    0.00    0.00    5.61    0.00    0.00    0.00   69.13
06:32:44     all   20.15    0.00    4.03    0.25    0.00    5.29    0.00    0.00    0.00   70.28
06:32:45     all   21.88    0.00    3.31    0.00    0.00    5.85    0.00    0.00    0.00   68.96
06:32:46     all   21.75    0.00    2.75    0.00    0.00    5.25    1.00    0.00    0.00   69.25
06:32:47     all   20.20    0.00    3.79    0.00    0.00    6.06    0.00    0.00    0.00   69.95
06:32:48     all   23.48    0.00    3.28    0.00    0.00    5.30    0.00    0.00    0.00   67.93
06:32:49     all   22.45    0.00    3.32    0.00    0.00    5.36    0.00    0.00    0.00   68.88
06:32:50     all   21.72    0.00    3.03    0.00    0.00    4.80    0.76    0.00    0.00   69.70
06:32:51     all   22.17    0.00    3.53    0.00    0.00    5.54    0.25    0.00    0.00   68.51
06:32:52     all   22.14    0.00    3.56    0.00    0.00    5.60    0.00    0.00    0.00   68.70
06:32:53     all   22.81    0.00    3.01    0.00    0.00    5.76    0.00    0.00    0.00   68.42
06:32:54     all   21.57    0.00    3.81    0.51    0.00    4.82    0.25    0.00    0.00   69.04
06:32:55     all   22.92    0.00    3.02    0.00    0.00    5.54    0.50    0.00    0.00   68.01
06:32:56     all   21.72    0.00    3.54    0.00    0.00    5.05    0.25    0.00    0.00   69.44
06:32:57     all   21.21    0.00    3.54    0.00    0.00    5.05    0.00    0.00    0.00   70.20
06:32:58     all   22.42    0.00    3.02    0.00    0.00    4.79    0.25    0.00    0.00   69.52
06:32:59     all   21.94    0.00    3.06    0.00    0.00    5.10    0.00    0.00    0.00   69.90
06:33:00     all   20.30    0.00    4.01    0.00    0.00    6.02    0.50    0.00    0.00   69.17
06:33:01     all   20.71    0.00    3.54    0.25    0.00    5.05    0.25    0.00    0.00   70.20
06:33:02     all   19.70    0.00    3.79    0.00    0.00    5.05    0.00    0.00    0.00   71.46
06:33:03     all   23.54    0.00    3.54    0.00    0.00    5.06    0.00    0.00    0.00   67.85
06:33:04     all   23.93    0.00    2.77    0.00    0.00    5.54    0.25    0.00    0.00   67.51
06:33:05     all   20.87    0.00    3.56    0.00    0.00    5.34    0.00    0.00    0.00   70.23
06:33:06     all   22.19    0.00    3.24    0.00    0.00    5.24    0.50    0.00    0.00   68.83
06:33:07     all   21.97    0.00    3.54    0.00    0.00    5.30    0.25    0.00    0.00   68.94
06:33:08     all   21.97    0.00    3.28    0.00    0.00    6.06    0.00    0.00    0.00   68.69
06:33:09     all   23.43    0.00    3.27    0.00    0.00    5.29    0.25    0.00    0.00   67.76
06:33:10     all   20.45    0.00    3.79    0.00    0.00    4.80    0.00    0.00    0.00   70.96
06:33:11     all   18.07    0.00    3.31    0.00    0.00    5.34    0.51    0.00    0.00   72.77
06:33:12     all   22.92    0.00    3.53    0.00    0.00    4.28    0.25    0.00    0.00   69.02
06:33:13     all   22.53    0.00    3.54    0.00    0.00    5.06    0.00    0.00    0.00   68.86
06:33:14     all   20.36    0.00    3.31    0.00    0.00    5.34    0.25    0.00    0.00   70.74
06:33:15     all   21.41    0.00    3.53    0.00    0.00    5.29    0.00    0.00    0.00   69.77
06:33:16     all   22.00    0.00    3.75    0.00    0.00    6.00    0.50    0.00    0.00   67.75
06:33:17     all   22.47    0.00    3.54    0.00    0.00    6.06    0.00    0.00    0.00   67.93
06:33:18     all   22.14    0.00    3.56    0.00    0.00    4.83    0.25    0.00    0.00   69.21
06:33:19     all   20.91    0.00    3.27    0.00    0.00    4.79    0.00    0.00    0.00   71.03
06:33:20     all   21.77    0.00    2.78    0.00    0.00    4.56    0.25    0.00    0.00   70.63
06:33:21     all   22.56    0.00    2.82    0.00    0.00    5.90    0.00    0.00    0.00   68.72
06:33:22     all   22.31    0.00    3.26    0.00    0.00    6.02    0.50    0.00    0.00   67.92
06:33:23     all   20.56    0.00    3.30    0.00    0.00    5.58    0.00    0.00    0.00   70.56
06:33:24     all   20.71    0.00    3.79    0.00    0.00    4.29    0.51    0.00    0.00   70.71
06:33:25     all   20.81    0.00    3.30    0.00    0.00    5.33    0.00    0.00    0.00   70.56
06:33:26     all   22.67    0.00    3.02    0.00    0.00    5.79    0.25    0.00    0.00   68.26
06:33:27     all   22.86    0.00    3.52    0.00    0.00    5.28    0.25    0.00    0.00   68.09
06:33:28     all   22.22    0.00    3.03    0.25    0.00    5.56    0.00    0.00    0.00   68.94
06:33:29     all   21.16    0.00    3.27    0.00    0.00    5.04    0.50    0.00    0.00   70.03
06:33:30     all   20.81    0.00    3.30    0.00    0.00    5.58    0.00    0.00    0.00   70.30
06:33:31     all   20.20    0.00    3.79    0.00    0.00    6.31    0.25    0.00    0.00   69.44
06:33:32     all   21.21    0.00    3.79    0.00    0.00    5.05    0.25    0.00    0.00   69.70
06:33:33     all   21.97    0.00    3.54    0.00    0.00    6.06    0.00    0.00    0.00   68.43
06:33:34     all   22.78    0.00    3.29    0.00    0.00    5.57    0.25    0.00    0.00   68.10
06:33:35     all   22.34    0.00    3.30    0.00    0.00    5.08    0.25    0.00    0.00   69.04
06:33:36     all   22.19    0.00    3.99    0.00    0.00    5.24    0.50    0.00    0.00   68.08
06:33:37     all   20.05    0.00    3.55    0.00    0.00    5.33    0.00    0.00    0.00   71.07
06:33:38     all   21.16    0.00    4.03    0.00    0.00    5.54    0.00    0.00    0.00   69.27
06:33:39     all   24.06    0.00    3.51    0.00    0.00    6.02    0.50    0.00    0.00   65.91
06:33:40     all   21.21    0.00    3.54    0.00    0.00    5.56    0.00    0.00    0.00   69.70
06:33:41     all   20.51    0.00    3.29    0.00    0.00    5.32    0.51    0.00    0.00   70.38
06:33:42     all   21.05    0.00    3.51    0.00    0.00    6.02    0.25    0.00    0.00   69.17
06:33:43     all   21.86    0.00    3.52    0.00    0.00    5.28    0.25    0.00    0.00   69.10
06:33:44     all   21.23    0.00    3.84    0.00    0.00    5.37    0.00    0.00    0.00   69.57
06:33:45     all   20.05    0.00    3.30    0.00    0.00    5.08    0.00    0.00    0.00   71.57
06:33:46     all   21.55    0.00    3.51    0.00    0.00    5.51    0.50    0.00    0.00   68.92
06:33:47     all    8.84    0.00    0.76    0.00    0.00    1.77    0.00    0.00    0.00   88.64
06:33:48     all   18.18    0.00    2.53    0.00    0.00    4.80    0.25    0.00    0.00   74.24
06:33:49     all   27.50    0.00    4.25    0.00    0.00    7.00    0.25    0.00    0.00   61.00
06:33:50     all   30.15    0.00    4.52    0.00    0.00    8.79    0.00    0.00    0.00   56.53
06:33:51     all   27.16    0.00    3.55    0.00    0.00    6.35    0.51    0.00    0.00   62.44
06:33:52     all   24.30    0.00    3.80    0.00    0.00    6.08    0.25    0.00    0.00   65.57
06:33:53     all   23.23    0.00    3.79    0.00    0.00    5.81    0.25    0.00    0.00   66.92
06:33:54     all   21.91    0.00    3.78    0.00    0.00    6.05    0.00    0.00    0.00   68.26
06:33:55     all   23.81    0.00    3.76    0.00    0.00    6.52    0.50    0.00    0.00   65.41
06:33:56     all   23.48    0.00    3.03    0.00    0.00    6.82    0.25    0.00    0.00   66.41
06:33:57     all   23.04    0.00    4.05    0.00    0.00    6.33    0.00    0.00    0.00   66.58
06:33:58     all   23.81    0.00    4.26    0.00    0.00    5.76    0.25    0.00    0.00   65.91
06:33:59     all   23.48    0.00    3.79    0.00    0.00    6.06    0.25    0.00    0.00   66.41
06:34:00     all   23.29    0.00    3.29    0.00    0.00    5.82    0.51    0.00    0.00   67.09
06:34:01     all   24.18    0.00    3.02    0.00    0.00    6.05    0.00    0.00    0.00   66.75
06:34:02     all   24.12    0.00    3.27    0.00    0.00    6.53    0.25    0.00    0.00   65.83
06:34:03     all   23.93    0.00    3.02    0.00    0.00    6.30    0.25    0.00    0.00   66.50
06:34:04     all   22.47    0.00    3.54    0.00    0.00    6.31    0.25    0.00    0.00   67.42
06:34:05     all   25.38    0.00    3.77    0.00    0.00    6.78    0.25    0.00    0.00   63.82
06:34:06     all   24.23    0.00    3.32    0.00    0.00    6.38    0.00    0.00    0.00   66.07
06:34:07     all   22.36    0.00    4.02    0.00    0.00    6.53    0.50    0.00    0.00   66.58
06:34:08     all   23.80    0.00    3.80    0.00    0.00    6.08    0.25    0.00    0.00   66.08
06:34:09     all   25.26    0.00    3.06    0.00    0.00    5.61    0.26    0.00    0.00   65.82
06:34:10     all   23.00    0.00    4.00    0.00    0.00    6.25    0.00    0.00    0.00   66.75
06:34:11     all   23.29    0.00    3.80    0.00    0.00    6.58    0.00    0.00    0.00   66.33
06:34:12     all   25.06    0.00    3.04    0.00    0.00    6.33    0.51    0.00    0.00   65.06
06:34:13     all   23.17    0.00    3.27    0.00    0.00    7.30    0.25    0.00    0.00   65.99
06:34:14     all   22.92    0.00    3.78    0.00    0.00    6.05    0.25    0.00    0.00   67.00
06:34:15     all   23.43    0.00    3.53    0.00    0.00    6.05    0.00    0.00    0.00   67.00
06:34:16     all   23.86    0.00    4.06    0.00    0.00    6.35    0.25    0.00    0.00   65.48
06:34:17     all   25.81    0.00    3.26    0.00    0.00    7.27    0.50    0.00    0.00   63.16
06:34:18     all   24.87    0.00    3.81    0.25    0.00    5.58    0.00    0.00    0.00   65.48
06:34:19     all   23.50    0.00    3.50    0.00    0.00    6.50    0.25    0.00    0.00   66.25
06:34:20     all   24.75    0.00    3.03    0.00    0.00    6.06    0.00    0.00    0.00   66.16
06:34:21     all   23.60    0.00    3.81    0.00    0.00    5.33    0.51    0.00    0.00   66.75
06:34:22     all   21.97    0.00    3.28    0.00    0.00    6.82    0.25    0.00    0.00   67.68
06:34:23     all   24.05    0.00    3.54    0.00    0.00    6.58    0.25    0.00    0.00   65.57
06:34:24     all   24.81    0.00    3.84    0.00    0.00    6.14    0.00    0.00    0.00   65.22
06:34:25     all   23.68    0.00    4.28    0.00    0.00    7.05    0.00    0.00    0.00   64.99
06:34:26     all   26.84    0.00    9.62    3.54    0.00    6.58    0.76    0.00    0.00   52.66
06:34:27     all   37.63    0.00    9.85    2.27    0.00    6.06    0.25    0.00    0.00   43.94
06:34:28     all   37.09    0.00    9.52    2.76    0.00    7.52    0.00    0.00    0.00   43.11
06:34:29     all   31.81   13.23    4.83    0.25    0.00    5.60    0.25    0.00    0.00   44.02
06:34:30     all   22.50   22.25    4.75    0.00    0.00    7.00    0.25    0.00    0.00   43.25
06:34:31     all   23.99   23.23    4.80    0.25    0.00    6.82    0.25    0.00    0.00   40.66
06:34:32     all   42.89    2.24    5.24    0.25    0.00    6.73    0.25    0.00    0.00   42.39
06:34:33     all   45.89    0.00    4.99    0.50    0.00    6.23    0.00    0.00    0.00   42.39
06:34:34     all   34.68    0.00   11.90    2.28    0.00    7.09    0.00    0.00    0.00   44.05
06:34:35     all   31.47    0.00   12.69    6.85    0.00    7.61    0.25    0.00    0.00   41.12
06:34:36     all   35.25    0.00   20.50    1.00    0.00    8.50    0.00    0.00    0.00   34.75
06:34:37     all   26.72    0.00   21.37    3.31    0.00    8.14    0.25    0.00    0.00   40.20
06:34:38     all   27.09    0.00   27.85    0.00    0.00    8.61    0.25    0.00    0.00   36.20
06:34:39     all   27.02    0.00   27.78    0.00    0.00    8.84    0.00    0.00    0.00   36.36
06:34:40     all   28.75    0.00   30.03    0.00    0.00    8.91    0.51    0.00    0.00   31.81
06:34:41     all   30.48    0.00   26.95    0.76    0.00    9.57    0.50    0.00    0.00   31.74
06:34:42     all   29.19    0.00   27.66    0.00    0.00    8.88    0.00    0.00    0.00   34.26
06:34:43     all   24.81    0.00   16.11    7.16    0.00    9.21    0.26    0.00    0.00   42.46
06:34:44     all   25.58    0.00   15.86    5.88    0.00   10.49    0.26    0.00    0.00   41.94
06:34:45     all   27.09    0.00   23.04    1.77    0.00    7.09    0.51    0.00    0.00   40.51
06:34:46     all   27.85    0.00   24.56    0.00    0.00    8.35    0.00    0.00    0.00   39.24
06:34:47     all   25.13    0.00   17.26    5.84    0.00    9.14    0.00    0.00    0.00   42.64
06:34:48     all   28.32    0.00   17.86    4.85    0.00    7.91    0.26    0.00    0.00   40.82
06:34:49     all   29.43    0.00   19.95    1.00    0.00    6.73    0.00    0.00    0.00   42.89
06:34:50     all   30.30    0.00   20.45    0.25    0.00    6.57    0.25    0.00    0.00   42.17
06:34:51     all   28.89    0.00   19.85    2.01    0.00    6.53    0.25    0.00    0.00   42.46
06:34:52     all   29.92    0.00   20.72    0.00    0.00    7.16    0.26    0.00    0.00   41.94
06:34:53     all   29.70    0.00   22.59    0.51    0.00    7.61    0.00    0.00    0.00   39.59
06:34:54     all   27.25    0.00   21.59    1.03    0.00    7.20    0.51    0.00    0.00   42.42
06:34:55     all   28.54    0.00   22.47    0.51    0.00    7.83    0.00    0.00    0.00   40.66
06:34:56     all   30.89    0.00   21.01    0.76    0.00    7.09    0.51    0.00    0.00   39.75
06:34:57     all   30.26    0.00   23.33    1.54    0.00    6.15    0.00    0.00    0.00   38.72
06:34:58     all   26.90    0.00   21.83    0.76    0.00    6.85    0.00    0.00    0.00   43.65
06:34:59     all   29.74    0.00   21.28    1.79    0.00    6.41    0.51    0.00    0.00   40.26
06:35:00     all   29.77    0.00   22.14    0.76    0.00    6.36    0.25    0.00    0.00   40.71
06:35:01     all   30.05    0.00   22.22    1.26    0.00    7.32    0.25    0.00    0.00   38.89
06:35:02     all   26.95    0.00   21.91    3.02    0.00    7.05    0.50    0.00    0.00   40.55
06:35:03     all   36.20    0.00   16.46    4.05    0.00    7.59    0.00    0.00    0.00   35.70
06:35:04     all   29.26    0.00   17.81    3.56    0.00    7.12    0.25    0.00    0.00   41.98
06:35:05     all   29.70    0.00   20.30    2.79    0.00    7.36    0.25    0.00    0.00   39.59
06:35:06     all   31.55    0.00   12.47    5.85    0.00    7.12    0.51    0.00    0.00   42.49
06:35:07     all   35.20    4.85    9.95    2.30    0.00    7.65    0.00    0.00    0.00   40.05
06:35:08     all   24.81   23.56    4.26    0.00    0.00    6.52    0.25    0.00    0.00   40.60
06:35:09     all   24.06   20.80    5.76    0.75    0.00    6.77    0.00    0.00    0.00   41.85
06:35:10     all   42.14    0.75    8.23    0.00    0.00    7.48    0.25    0.00    0.00   41.15
06:35:11     all   49.75    0.00    4.02    0.00    0.00    7.79    0.25    0.00    0.00   38.19
06:35:12     all   40.40    0.00   10.35    1.01    0.00    7.58    0.25    0.00    0.00   40.40
06:35:13     all   29.97    0.00   15.37    5.29    0.00    7.81    0.50    0.00    0.00   41.06
06:35:14     all   29.08    0.00   20.15    2.04    0.00    6.89    0.26    0.00    0.00   41.58
06:35:15     all   28.68    0.00   19.29    5.84    0.00    7.36    0.00    0.00    0.00   38.83
06:35:16     all   28.68   19.04    5.84    0.25    0.00    7.11    0.25    0.00    0.00   38.83
06:35:17     all   12.69   22.14    4.23    0.25    0.00    3.73    0.25    0.00    0.00   56.72
06:35:18     all   38.40    5.24    6.73    0.00    0.00    6.98    0.25    0.00    0.00   42.39
06:35:19     all   40.00    0.00   10.25    0.75    0.00    8.00    0.00    0.00    0.00   41.00
06:35:20     all   33.16    8.86   14.18    0.51    0.00    7.09    0.25    0.00    0.00   35.95
06:35:21     all   27.92   22.59    5.08    0.00    0.00    7.11    0.00    0.00    0.00   37.31
06:35:22     all   25.37   19.90    7.21    0.00    0.00    7.21    0.50    0.00    0.00   39.80
06:35:23     all   42.42    0.00    6.31    0.00    0.00    6.82    0.00    0.00    0.00   44.44
06:35:24     all   37.37    0.00   13.38    1.26    0.00    8.33    0.00    0.00    0.00   39.65
06:35:25     all   28.68   16.50    8.38    0.00    0.00    6.60    0.00    0.00    0.00   39.85
06:35:26     all   23.13   23.13    4.73    0.00    0.00    6.47    0.75    0.00    0.00   41.79
06:35:27     all   32.74   11.42    8.12    0.00    0.00    6.35    0.00    0.00    0.00   41.37
06:35:28     all   46.35    0.00    7.30    0.00    0.00    6.80    0.25    0.00    0.00   39.29
06:35:29     all   31.73    0.00   16.50    3.81    0.00    7.87    0.00    0.00    0.00   40.10
06:35:30     all   30.10    2.99   18.16    1.74    0.00    7.46    0.00    0.00    0.00   39.55
06:35:31     all   25.38   23.87    3.52    0.00    0.00    6.78    0.50    0.00    0.00   39.95
06:35:32     all   26.65   22.08    5.33    0.00    0.00    6.85    0.00    0.00    0.00   39.09
06:35:33     all   40.45    3.52    7.54    0.00    0.00    8.04    0.50    0.00    0.00   39.95
06:35:34     all   41.33    0.00   10.71    1.02    0.00    6.63    0.26    0.00    0.00   40.05
06:35:35     all   28.68    0.00   15.48    7.11    0.00    7.87    0.25    0.00    0.00   40.61
06:35:36     all   29.16    0.00   15.09    7.93    0.00    7.67    0.51    0.00    0.00   39.64
06:35:37     all   27.30    0.00   12.50    9.44    0.00    8.42    0.51    0.00    0.00   41.84
06:35:38     all   27.48    0.00   15.52    7.12    0.00    8.40    0.25    0.00    0.00   41.22
06:35:39     all   29.52   15.01    9.92    0.00    0.00    6.87    0.00    0.00    0.00   38.68
06:35:40     all   27.68   22.44    4.74    0.00    0.00    7.98    0.75    0.00    0.00   36.41
06:35:41     all   30.48   15.62    7.81    0.00    0.00    7.05    0.00    0.00    0.00   39.04
06:35:42     all   47.10    0.00    6.05    0.00    0.00    7.56    0.50    0.00    0.00   38.79
06:35:43     all   43.50    0.00    7.75    0.50    0.00    6.75    0.25    0.00    0.00   41.25
06:35:44     all   25.26    0.00    5.10    0.00    0.00    7.14    0.00    0.00    0.00   62.50
06:35:45     all   27.07    0.00    4.76    0.25    0.00    6.77    0.50    0.00    0.00   60.65
06:35:46     all   27.23    0.00    3.82    0.00    0.00    7.63    0.00    0.00    0.00   61.32
06:35:47     all   26.77    0.00    4.55    0.00    0.00    6.82    0.76    0.00    0.00   61.11
06:35:48     all   27.07    0.00    4.26    0.00    0.00    7.27    0.25    0.00    0.00   61.15
06:35:49     all   25.57    0.00    4.56    0.00    0.00    7.34    0.00    0.00    0.00   62.53
06:35:50     all   27.71    0.00    4.28    0.00    0.00    7.56    0.76    0.00    0.00   59.70
06:35:51     all   28.14    0.00    4.52    0.00    0.00    7.54    0.25    0.00    0.00   59.55
06:35:52     all   27.23    0.00    4.83    0.00    0.00    6.36    0.51    0.00    0.00   61.07
06:35:53     all   26.70    0.00    3.78    0.00    0.00    6.80    0.50    0.00    0.00   62.22
06:35:54     all   27.16    0.00    3.81    0.00    0.00    5.84    0.00    0.00    0.00   63.20
06:35:55     all   28.14    0.00    4.27    0.25    0.00    7.04    0.75    0.00    0.00   59.55
06:35:56     all   27.09    0.00    4.56    0.00    0.00    7.85    0.25    0.00    0.00   60.25
06:35:57     all   26.70    0.00    3.78    0.00    0.00    7.56    0.76    0.00    0.00   61.21
06:35:58     all   26.84    0.00    4.30    0.00    0.00    7.34    0.25    0.00    0.00   61.27
06:35:59     all   27.16    0.00    4.06    0.00    0.00    6.85    0.00    0.00    0.00   61.93
06:36:00     all   26.97    0.00    3.56    0.00    0.00    6.87    0.51    0.00    0.00   62.09
06:36:01     all   26.77    0.00    4.55    0.00    0.00    7.07    0.25    0.00    0.00   61.36
06:36:02     all   27.66    0.00    4.06    0.00    0.00    7.11    0.25    0.00    0.00   60.91
06:36:03     all   26.77    0.00    4.29    0.00    0.00    6.57    0.00    0.00    0.00   62.37
06:36:04     all   26.70    0.00    4.03    0.00    0.00    6.80    0.76    0.00    0.00   61.71
06:36:05     all   28.28    0.00    4.55    0.00    0.00    7.58    0.51    0.00    0.00   59.09
06:36:06     all   27.78    0.00    4.29    0.00    0.00    8.33    0.51    0.00    0.00   59.09
06:36:07     all   27.78    0.00    4.55    0.00    0.00    6.82    0.25    0.00    0.00   60.61
06:36:08     all   26.52    0.00    4.29    0.00    0.00    7.07    0.51    0.00    0.00   61.62
06:36:09     all   26.20    0.00    4.03    0.00    0.00    6.80    0.25    0.00    0.00   62.72
06:36:10     all   28.43    0.00    4.31    0.00    0.00    7.36    0.25    0.00    0.00   59.64
06:36:11     all   27.02    0.00    5.56    2.53    0.00    7.07    0.00    0.00    0.00   57.83
06:36:12     all   27.09    0.00    3.54    0.00    0.00    6.84    0.76    0.00    0.00   61.77
06:36:13     all   26.77    0.00    4.04    0.00    0.00    6.57    0.00    0.00    0.00   62.63
06:36:14     all   26.32    0.00    4.51    0.00    0.00    7.02    0.25    0.00    0.00   61.90
06:36:15     all   25.38    0.00    3.81    0.00    0.00    6.60    0.00    0.00    0.00   64.21
06:36:16     all   27.32    0.00    4.76    0.00    0.00    7.27    0.75    0.00    0.00   59.90
06:36:17     all   28.64    0.00    4.02    0.25    0.00    6.28    0.25    0.00    0.00   60.55
06:36:18     all   27.02    0.00    4.55    0.00    0.00    8.33    0.00    0.00    0.00   60.10
06:36:19     all   25.89    0.00    3.81    0.00    0.00    6.60    0.76    0.00    0.00   62.94
06:36:20     all   26.40    0.00    3.05    0.00    0.00    6.35    0.00    0.00    0.00   64.21
06:36:21     all   27.16    0.00    4.82    0.00    0.00    7.11    0.00    0.00    0.00   60.91
06:36:22     all   27.02    0.00    3.79    0.00    0.00    7.32    0.25    0.00    0.00   61.62
06:36:23     all   26.45    0.00    4.28    0.00    0.00    6.55    0.76    0.00    0.00   61.96
06:36:24     all   26.01    0.00    4.29    0.00    0.00    6.82    0.00    0.00    0.00   62.88
06:36:25     all   24.81    0.00    4.30    0.00    0.00    7.34    0.25    0.00    0.00   63.29
06:36:26     all   26.70    0.00    4.28    0.00    0.00    6.80    0.25    0.00    0.00   61.96
06:36:27     all   27.74    0.00    4.07    0.00    0.00    6.87    0.51    0.00    0.00   60.81
06:36:28     all   27.27    0.00    4.29    0.00    0.00    7.32    0.00    0.00    0.00   61.11
06:36:29     all   25.89    0.00    4.31    0.00    0.00    7.61    0.25    0.00    0.00   61.93
06:36:30     all   25.77    0.00    4.08    0.00    0.00    7.40    0.26    0.00    0.00   62.50
06:36:31     all   26.26    0.00    4.55    0.00    0.00    6.06    0.51    0.00    0.00   62.63
06:36:32     all   26.33    0.00    3.54    0.00    0.00    7.09    0.00    0.00    0.00   63.04
06:36:33     all   27.09    0.00    4.05    0.00    0.00    6.58    0.25    0.00    0.00   62.03
06:36:34     all   27.14    0.00    4.77    0.00    0.00    7.54    0.25    0.00    0.00   60.30
06:36:35     all   25.89    0.00    4.31    0.00    0.00    7.36    0.25    0.00    0.00   62.18
06:36:36     all   27.09    0.00    3.54    0.00    0.00    7.59    0.25    0.00    0.00   61.52
06:36:37     all   25.56    0.00    4.76    0.00    0.00    7.52    0.50    0.00    0.00   61.65
06:36:38     all   26.14    0.00    4.57    0.00    0.00    7.61    0.25    0.00    0.00   61.42
06:36:39     all   26.58    0.00    4.56    0.00    0.00    7.85    0.25    0.00    0.00   60.76
06:36:40     all   28.57    0.00    3.06    0.00    0.00    6.38    0.51    0.00    0.00   61.48
06:36:41     all   26.63    0.00    4.02    0.00    0.00    8.29    0.25    0.00    0.00   60.80
06:36:42     all   27.48    0.00    4.33    0.00    0.00    6.87    0.25    0.00    0.00   61.07
06:36:43     all   26.77    0.00    4.04    0.00    0.00    7.32    0.51    0.00    0.00   61.36
06:36:44     all   27.20    0.00    3.78    0.00    0.00    6.80    0.00    0.00    0.00   62.22
06:36:45     all   26.79    0.00    3.57    0.00    0.00    7.14    0.26    0.00    0.00   62.24
06:36:46     all   26.72    0.00    4.58    0.00    0.00    6.36    0.51    0.00    0.00   61.83
06:36:47     all   27.59    0.00    4.30    0.25    0.00    6.58    0.25    0.00    0.00   61.01
06:36:48     all   26.90    0.00    4.06    0.00    0.00    7.61    0.00    0.00    0.00   61.42
06:36:49     all   24.94    0.00    5.29    0.00    0.00    7.30    0.25    0.00    0.00   62.22
06:36:50     all   27.92    0.00    4.06    0.00    0.00    7.11    0.25    0.00    0.00   60.66
06:36:51     all   24.69    0.00    4.03    0.00    0.00    6.30    0.50    0.00    0.00   64.48
06:36:52     all   25.57    0.00    4.05    0.00    0.00    7.34    0.00    0.00    0.00   63.04
06:36:53     all   26.65    0.00    3.81    0.00    0.00    7.36    0.25    0.00    0.00   61.93
06:36:54     all   27.39    0.00    3.77    0.00    0.00    7.04    0.25    0.00    0.00   61.56
06:36:55     all   26.70    0.00    4.03    0.00    0.00    7.56    0.50    0.00    0.00   61.21
06:36:56     all   26.46    0.00    3.82    0.00    0.00    7.89    0.25    0.00    0.00   61.58
06:36:57     all   25.76    0.00    4.04    0.00    0.00    6.82    0.25    0.00    0.00   63.13
06:36:58     all   27.48    0.00    4.33    0.00    0.00    6.62    0.00    0.00    0.00   61.58
06:36:59     all   29.04    0.00    4.29    0.00    0.00    8.59    0.51    0.00    0.00   57.58
06:37:00     all   28.10    0.00    4.30    0.00    0.00    7.09    0.25    0.00    0.00   60.25
06:37:01     all   25.00    0.00    4.29    0.00    0.00    6.82    0.25    0.00    0.00   63.64
06:37:02     all   25.51    0.00    4.08    0.00    0.00    6.38    0.00    0.00    0.00   64.03
06:37:03     all   24.31    0.00    4.01    0.00    0.00    6.77    0.50    0.00    0.00   64.41
06:37:04     all   25.89    0.00    4.31    0.00    0.00    7.11    0.00    0.00    0.00   62.69
06:37:05     all   26.93    0.00    3.74    0.00    0.00    7.73    0.50    0.00    0.00   61.10
06:37:06     all   25.82    0.00    3.80    0.00    0.00    7.59    0.00    0.00    0.00   62.78
06:37:07     all   25.32    0.00    4.09    0.00    0.00    7.16    0.51    0.00    0.00   62.92
06:37:08     all   27.09    0.00    4.05    0.00    0.00    6.58    0.25    0.00    0.00   62.03
06:37:09     all   26.95    0.00    4.53    0.00    0.00    6.55    0.25    0.00    0.00   61.71
06:37:10     all   25.63    0.00    4.27    0.00    0.00    7.54    0.00    0.00    0.00   62.56
06:37:11     all   26.14    0.00    4.06    0.00    0.00    6.35    0.25    0.00    0.00   63.20
06:37:12     all   28.21    0.00    4.03    0.00    0.00    7.05    0.50    0.00    0.00   60.20
06:37:13     all   28.10    0.00    4.56    0.00    0.00    6.84    0.25    0.00    0.00   60.25
06:37:14     all   25.32    0.00    3.32    0.00    0.00    6.14    0.00    0.00    0.00   65.22
06:37:15     all   24.12    0.00    4.52    0.00    0.00    7.54    0.25    0.00    0.00   63.57
06:37:16     all   25.89    0.00    4.57    0.00    0.00    7.61    0.51    0.00    0.00   61.42
06:37:17     all   26.33    0.00    3.80    0.00    0.00    7.34    0.00    0.00    0.00   62.53
06:37:18     all   25.76    0.00    4.55    0.00    0.00    7.32    0.25    0.00    0.00   62.12
06:37:19     all   26.21    0.00    3.82    0.00    0.00    6.87    0.00    0.00    0.00   63.10
06:37:20     all   26.20    0.00    4.03    0.00    0.00    7.30    0.00    0.00    0.00   62.47
06:37:21     all   26.57    0.00    3.51    0.00    0.00    6.77    0.75    0.00    0.00   62.41
06:37:22     all   25.95    0.00    4.07    0.00    0.00    8.14    0.00    0.00    0.00   61.83
06:37:23     all   25.31    0.00    4.01    0.00    0.00    7.77    0.25    0.00    0.00   62.66
06:37:24     all   26.01    0.00    4.04    0.00    0.00    7.83    0.25    0.00    0.00   61.87
06:37:25     all   26.97    0.00    4.58    0.00    0.00    7.63    0.51    0.00    0.00   60.31
06:37:26     all   25.50    0.00    5.25    0.00    0.00    8.00    0.25    0.00    0.00   61.00
06:37:27     all   26.52    0.00    4.80    0.00    0.00    7.83    0.00    0.00    0.00   60.86
06:37:28     all   25.88    0.00    4.27    0.00    0.00    6.28    0.25    0.00    0.00   63.32
06:37:29     all   24.87    0.00    3.77    0.00    0.00    7.54    0.25    0.00    0.00   63.57
06:37:30     all   26.88    0.00    3.52    0.00    0.00    7.04    0.50    0.00    0.00   62.06
06:37:31     all   28.79    0.00    3.54    0.25    0.00    7.32    0.00    0.00    0.00   60.10
06:37:32     all   25.88    0.00    4.52    0.00    0.00    7.29    0.25    0.00    0.00   62.06
06:37:33     all   25.13    0.00    3.81    0.00    0.00    7.36    0.25    0.00    0.00   63.45
06:37:34     all   27.25    0.00    4.25    0.00    0.00    7.25    0.50    0.00    0.00   60.75
06:37:35     all   27.62    0.00    3.32    0.00    0.00    7.16    0.00    0.00    0.00   61.89
06:37:36     all   27.27    0.00    3.54    0.00    0.00    7.32    0.25    0.00    0.00   61.62
06:37:37     all   26.52    0.00    4.04    0.00    0.00    6.82    0.00    0.00    0.00   62.63
06:37:38     all   25.63    0.00    4.02    0.00    0.00    7.29    0.75    0.00    0.00   62.31
06:37:39     all   26.65    0.00    3.55    0.00    0.00    7.36    0.00    0.00    0.00   62.44
06:37:40     all   25.13    0.00    4.31    0.00    0.00    7.11    0.25    0.00    0.00   63.20
06:37:41     all   27.46    0.00    4.28    0.00    0.00    7.30    0.00    0.00    0.00   60.96
06:37:42     all   28.46    0.00    4.03    0.00    0.00    7.56    0.76    0.00    0.00   59.19
06:37:43     all   26.38    0.00    4.27    0.00    0.00    7.29    0.25    0.00    0.00   61.81
06:37:44     all   25.57    0.00    4.56    0.00    0.00    7.09    0.00    0.00    0.00   62.78
06:37:45     all   26.40    0.00    3.55    0.00    0.00    7.87    0.51    0.00    0.00   61.68
06:37:46     all   27.18    0.00    4.49    0.25    0.00    7.23    0.50    0.00    0.00   60.35
06:37:47     all   26.34    0.00    3.84    0.00    0.00    7.42    0.00    0.00    0.00   62.40
06:37:48     all   25.13    0.00    4.06    0.00    0.00    7.11    0.00    0.00    0.00   63.71
06:37:49     all   25.94    0.00    3.78    0.00    0.00    7.05    0.00    0.00    0.00   63.22
06:37:50     all   26.68    0.00    4.74    0.00    0.00    6.98    1.00    0.00    0.00   60.60
06:37:51     all   26.79    0.00    4.08    0.00    0.00    7.14    0.00    0.00    0.00   61.99
06:37:52     all   27.34    0.00    4.05    0.00    0.00    7.59    0.00    0.00    0.00   61.01
06:37:53     all   26.58    0.00    4.30    0.00    0.00    5.82    0.00    0.00    0.00   63.29
06:37:54     all   25.56    0.00    4.01    0.00    0.00    7.27    0.75    0.00    0.00   62.41
06:37:55     all   26.13    0.00    4.02    0.00    0.00    7.04    0.25    0.00    0.00   62.56
06:37:56     all   26.77    0.00    3.28    0.00    0.00    8.08    0.00    0.00    0.00   61.87
06:37:57     all   28.35    0.00    4.05    0.00    0.00    6.08    0.00    0.00    0.00   61.52
06:37:58     all   27.64    0.00    3.77    0.00    0.00    7.04    0.75    0.00    0.00   60.80
06:37:59     all   27.59    0.00    4.05    0.00    0.00    6.08    0.25    0.00    0.00   62.03
06:38:00     all   27.99    0.00    4.33    0.00    0.00    6.87    0.00    0.00    0.00   60.81
06:38:01     all   24.56    0.00    4.81    0.00    0.00    5.82    0.25    0.00    0.00   64.56
06:38:02     all   25.69    0.00    4.03    0.00    0.00    7.05    0.50    0.00    0.00   62.72
06:38:03     all   25.57    0.00    3.54    0.00    0.00    7.59    0.25    0.00    0.00   63.04
06:38:04     all   26.58    0.00    3.54    0.00    0.00    7.59    0.00    0.00    0.00   62.28
06:38:05     all   26.40    0.00    4.57    0.00    0.00    6.60    0.00    0.00    0.00   62.44
06:38:06     all   26.63    0.00    4.27    0.00    0.00    6.78    0.50    0.00    0.00   61.81
06:38:07     all   26.01    0.00    3.28    0.00    0.00    8.59    0.51    0.00    0.00   61.62
06:38:08     all   27.78    0.00    4.04    0.25    0.00    6.82    0.00    0.00    0.00   61.11
06:38:09     all   26.08    0.00    4.05    0.00    0.00    6.58    0.25    0.00    0.00   63.04
06:38:10     all   25.70    0.00    3.82    0.00    0.00    6.62    0.00    0.00    0.00   63.87
06:38:11     all   27.46    0.00    4.03    0.00    0.00    7.05    0.50    0.00    0.00   60.96
06:38:12     all   26.33    0.00    4.56    0.00    0.00    7.59    0.25    0.00    0.00   61.27
06:38:13     all   25.63    0.00    3.55    0.00    0.00    5.84    0.25    0.00    0.00   64.72
06:38:14     all   23.37    0.00    4.02    0.00    0.00    6.53    0.25    0.00    0.00   65.83
06:38:15     all   26.26    0.00    4.29    0.00    0.00    7.83    0.25    0.00    0.00   61.36
06:38:16     all   29.29    0.00    4.04    0.00    0.00    7.58    0.51    0.00    0.00   58.59
06:38:17     all   17.01    0.00    2.54    0.00    0.00    5.08    0.25    0.00    0.00   75.13
06:38:18     all   19.95    0.00    3.28    0.00    0.00    6.57    0.25    0.00    0.00   69.95
06:38:19     all   24.06    0.00    4.01    0.00    0.00    5.76    0.00    0.00    0.00   66.17
06:38:20     all   27.66    0.00    4.57    0.00    0.00    7.87    0.51    0.00    0.00   59.39
06:38:21     all   30.73    0.00    5.04    0.00    0.00    7.81    0.25    0.00    0.00   56.17
06:38:22     all   32.15    0.00    5.06    0.00    0.00    8.61    0.25    0.00    0.00   53.92
06:38:23     all   27.57    0.00    3.76    0.00    0.00    7.27    0.50    0.00    0.00   60.90
06:38:24     all   24.43    0.00    3.78    0.00    0.00    7.05    0.25    0.00    0.00   64.48
06:38:25     all   26.92    0.00    4.10    0.00    0.00    5.38    0.26    0.00    0.00   63.33
06:38:26     all   25.38    0.00    4.52    0.00    0.00    7.04    0.00    0.00    0.00   63.07
06:38:27     all   26.97    0.00    3.82    0.00    0.00    6.87    0.25    0.00    0.00   62.09
06:38:28     all   26.21    0.00    4.33    0.00    0.00    6.62    0.25    0.00    0.00   62.60
06:38:29     all   26.43    0.00    3.74    0.00    0.00    6.73    0.25    0.00    0.00   62.84
06:38:30     all   27.09    0.00    4.56    0.00    0.00    7.34    0.25    0.00    0.00   60.76
06:38:31     all   26.14    0.00    4.31    0.00    0.00    7.36    0.25    0.00    0.00   61.93
06:38:32     all   27.71    0.00    3.78    0.00    0.00    6.55    0.50    0.00    0.00   61.46
06:38:33     all   25.44    0.00    4.28    0.00    0.00    7.30    0.25    0.00    0.00   62.72
06:38:34     all   26.45    0.00    4.28    0.00    0.00    6.80    0.25    0.00    0.00   62.22
06:38:35     all   27.85    0.00    4.56    0.00    0.00    7.34    0.00    0.00    0.00   60.25
06:38:36     all   25.82    0.00    4.56    0.00    0.00    7.34    0.51    0.00    0.00   61.77
06:38:37     all   26.37    0.00    4.23    0.00    0.00    7.96    0.50    0.00    0.00   60.95
06:38:38     all   26.28    0.00    4.34    0.00    0.00    7.14    0.00    0.00    0.00   62.24
06:38:39     all   27.16    0.00    3.81    0.00    0.00    8.12    0.25    0.00    0.00   60.66
06:38:40     all   27.61    0.00    4.98    0.00    0.00    8.46    0.50    0.00    0.00   58.46
06:38:41     all   26.45    0.00    4.28    0.00    0.00    7.30    0.25    0.00    0.00   61.71
06:38:42     all   26.09    0.00    4.09    0.00    0.00    7.42    0.00    0.00    0.00   62.40
06:38:43     all   25.81    0.00    4.76    0.00    0.00    7.02    0.25    0.00    0.00   62.16
06:38:44     all   26.45    0.00    4.03    0.00    0.00    8.06    0.50    0.00    0.00   60.96
06:38:45     all   26.58    0.00    4.05    0.00    0.00    6.84    0.25    0.00    0.00   62.28
06:38:46     all   25.82    0.00    4.05    0.00    0.00    7.59    0.00    0.00    0.00   62.53
06:38:47     all   27.02    0.00    4.29    0.00    0.00    6.57    0.25    0.00    0.00   61.87
06:38:48     all   26.58    0.00    4.05    0.00    0.00    6.58    0.51    0.00    0.00   62.28
06:38:49     all   27.02    0.00    3.79    0.00    0.00    7.58    0.00    0.00    0.00   61.62
06:38:50     all   27.59    0.00    4.30    0.00    0.00    6.58    0.25    0.00    0.00   61.27
06:38:51     all   27.32    0.00    4.01    0.00    0.00    8.02    0.50    0.00    0.00   60.15
06:38:52     all   27.85    0.00    5.06    0.00    0.00    7.09    0.25    0.00    0.00   59.75
06:38:53     all   26.08    0.00    4.30    0.00    0.00    7.85    0.00    0.00    0.00   61.77
06:38:54     all   27.09    0.00    3.54    0.00    0.00    6.58    0.76    0.00    0.00   62.03
06:38:55     all   25.69    0.00    4.49    0.00    0.00    8.48    0.25    0.00    0.00   61.10
06:38:56     all   28.28    0.00    3.79    0.00    0.00    8.08    0.76    0.00    0.00   59.09
06:38:57     all   27.39    0.00    4.77    0.00    0.00    8.04    0.25    0.00    0.00   59.55
06:38:58     all   28.39    0.00    4.02    0.25    0.00    6.28    0.00    0.00    0.00   61.06
06:38:59     all   26.26    0.00    3.79    0.00    0.00    7.32    0.51    0.00    0.00   62.12
06:39:00     all   29.22    0.00    3.78    0.00    0.00    7.56    0.50    0.00    0.00   58.94
06:39:01     all   25.00    0.00    4.08    0.00    0.00    7.14    0.26    0.00    0.00   63.52
06:39:02     all   26.38    0.00    4.02    0.00    0.00    7.29    0.75    0.00    0.00   61.56
06:39:03     all   27.23    0.00    4.33    0.00    0.00    8.14    0.25    0.00    0.00   60.05
06:39:04     all   25.95    0.00    4.33    0.00    0.00    6.62    0.00    0.00    0.00   63.10
06:39:05     all   25.26    0.00    4.08    0.00    0.00    6.38    0.26    0.00    0.00   64.03
06:39:06     all   26.00    0.00    4.50    0.00    0.00    8.00    0.50    0.00    0.00   61.00
06:39:07     all   26.77    0.00    4.80    0.00    0.00    8.08    0.25    0.00    0.00   60.10
06:39:08     all   28.97    0.00    4.10    0.00    0.00    6.15    0.00    0.00    0.00   60.77
06:39:09     all   26.33    0.00    3.54    0.00    0.00    6.84    0.25    0.00    0.00   63.04
06:39:10     all   26.58    0.00    3.54    0.00    0.00    7.09    0.51    0.00    0.00   62.28
06:39:11     all   26.57    0.00    4.01    0.00    0.00    7.52    0.25    0.00    0.00   61.65
06:39:12     all   27.59    0.00    4.05    0.00    0.00    6.84    0.00    0.00    0.00   61.52
06:39:13     all   26.45    0.00    4.28    0.00    0.00    7.56    0.25    0.00    0.00   61.46
06:39:14     all   26.57    0.00    4.26    0.00    0.00    6.77    0.75    0.00    0.00   61.65
06:39:15     all   26.90    0.00    4.82    0.00    0.00    7.61    0.00    0.00    0.00   60.66
06:39:16     all   28.00    0.00    4.75    0.00    0.00    8.00    0.00    0.00    0.00   59.25
06:39:17     all   27.09    0.00    3.80    0.00    0.00    8.10    0.25    0.00    0.00   60.76
06:39:18     all   26.58    0.00    4.30    0.00    0.00    6.84    0.51    0.00    0.00   61.77
06:39:19     all   25.25    0.00    5.00    0.00    0.00    7.25    0.25    0.00    0.00   62.25
06:39:20     all   26.72    0.00    3.56    0.00    0.00    7.12    0.00    0.00    0.00   62.60
06:39:21     all   28.10    0.00    4.30    0.00    0.00    6.58    0.00    0.00    0.00   61.01
06:39:22     all   26.07    0.00    4.51    0.00    0.00    7.27    0.75    0.00    0.00   61.40
06:39:23     all   26.01    0.00    4.29    0.00    0.00    6.82    0.00    0.00    0.00   62.88
06:39:24     all   25.31    0.00    4.01    0.00    0.00    8.27    0.25    0.00    0.00   62.16
06:39:25     all   27.46    0.00    4.79    0.00    0.00    7.05    0.50    0.00    0.00   60.20
06:39:26     all   27.85    0.00    4.30    0.00    0.00    6.84    0.25    0.00    0.00   60.76
06:39:27     all   27.14    0.00    4.02    0.00    0.00    7.54    0.25    0.00    0.00   61.06
06:39:28     all   28.14    0.00    4.02    0.00    0.00    7.54    0.25    0.00    0.00   60.05
06:39:29     all   26.28    0.00    3.32    0.00    0.00    6.89    0.26    0.00    0.00   63.27
06:39:30     all   28.28    0.00    4.04    0.00    0.00    7.07    0.25    0.00    0.00   60.35
06:39:31     all   29.04    0.00    4.29    0.00    0.00    7.58    0.25    0.00    0.00   58.84
06:39:32     all   27.46    0.00    4.53    0.00    0.00    7.56    0.25    0.00    0.00   60.20
06:39:33     all   26.95    0.00    3.78    0.00    0.00    7.05    0.25    0.00    0.00   61.96
06:39:34     all   26.63    0.00    4.27    0.00    0.00    7.04    0.25    0.00    0.00   61.81
06:39:35     all   26.33    0.00    4.56    0.00    0.00    8.10    0.00    0.00    0.00   61.01
06:39:36     all   27.78    0.00    3.79    0.00    0.00    7.07    0.51    0.00    0.00   60.86
06:39:37     all   28.17    0.00    4.31    0.00    0.00    6.85    0.25    0.00    0.00   60.41
06:39:38     all   27.41    0.00    4.06    0.00    0.00    7.61    0.25    0.00    0.00   60.66
06:39:39     all   28.35    0.00    4.81    0.00    0.00    7.09    0.00    0.00    0.00   59.75
06:39:40     all   27.59    0.00    4.56    0.00    0.00    6.84    0.51    0.00    0.00   60.51
06:39:41     all   27.59    0.00    4.05    0.00    0.00    7.09    0.25    0.00    0.00   61.01
06:39:42     all   28.21    0.00    4.79    0.00    0.00    7.81    0.25    0.00    0.00   58.94
06:39:43     all   27.89    0.00    4.27    0.00    0.00    7.79    0.25    0.00    0.00   59.80
06:39:44     all   26.84    0.00    4.81    0.00    0.00    7.34    0.25    0.00    0.00   60.76
06:39:45     all   29.72    0.00    3.78    0.00    0.00    7.81    0.00    0.00    0.00   58.69
06:39:46     all   28.14    0.00    4.02    0.00    0.00    7.54    0.50    0.00    0.00   59.80
06:39:47     all   25.06    0.00    5.06    0.00    0.00    6.58    0.25    0.00    0.00   63.04
06:39:48     all   27.66    0.00    4.57    0.00    0.00    6.60    0.25    0.00    0.00   60.91
06:39:49     all   29.37    0.00    3.80    0.00    0.00    7.85    0.00    0.00    0.00   58.99
06:39:50     all   27.20    0.00    4.28    0.00    0.00    8.06    0.25    0.00    0.00   60.20
06:39:51     all   27.09    0.00    4.05    0.00    0.00    7.09    0.51    0.00    0.00   61.27
06:39:52     all   27.59    0.00    4.05    0.00    0.00    7.09    0.00    0.00    0.00   61.27
06:39:53     all   27.32    0.00    4.76    0.00    0.00    7.52    0.25    0.00    0.00   60.15
06:39:54     all   27.41    0.00    4.57    0.00    0.00    7.87    0.00    0.00    0.00   60.15
06:39:55     all   30.13    0.00    4.05    0.00    0.00    7.59    0.76    0.00    0.00   57.47
06:39:56     all   27.78    0.00    4.80    0.00    0.00    8.08    0.25    0.00    0.00   59.09
06:39:57     all   28.13    0.00    4.35    0.00    0.00    6.91    0.00    0.00    0.00   60.61
06:39:58     all   28.54    0.00    4.04    0.00    0.00    7.32    0.51    0.00    0.00   59.60
06:39:59     all   26.88    0.00    4.52    0.25    0.00    8.29    0.25    0.00    0.00   59.80
06:40:00     all   28.43    0.00    5.08    0.00    0.00    7.11    0.00    0.00    0.00   59.39
06:40:01     all   28.89    0.00    4.77    0.00    0.00    8.04    0.25    0.00    0.00   58.04
06:40:02     all   28.14    0.00    4.27    0.00    0.00    7.79    0.50    0.00    0.00   59.30
06:40:03     all   27.66    0.00    4.57    0.00    0.00    7.61    0.25    0.00    0.00   59.90
06:40:04     all   27.64    0.00    5.03    0.00    0.00    7.04    0.00    0.00    0.00   60.30
06:40:05     all   30.20    0.00    4.31    0.00    0.00    8.12    0.51    0.00    0.00   56.85
06:40:06     all   30.08    0.00    4.51    0.00    0.00    8.27    0.25    0.00    0.00   56.89
06:40:07     all   27.74    0.00    4.33    0.00    0.00    6.87    0.25    0.00    0.00   60.81
06:40:08     all   27.92    0.00    4.31    0.00    0.00    7.36    0.25    0.00    0.00   60.15
06:40:09     all   27.57    0.00    4.51    0.00    0.00    8.77    0.25    0.00    0.00   58.90
06:40:10     all   28.93    0.00    4.57    0.00    0.00    8.12    0.25    0.00    0.00   58.12
06:40:11     all   29.92    0.00    4.09    0.00    0.00    7.67    0.26    0.00    0.00   58.06
06:40:12     all   29.62    0.00    4.30    0.00    0.00    7.34    0.51    0.00    0.00   58.23
06:40:13     all   27.48    0.00    3.82    0.00    0.00    7.38    0.25    0.00    0.00   61.07
06:40:14     all   28.78    0.00    4.22    0.25    0.00    7.94    0.50    0.00    0.00   58.31
06:40:15     all   29.80    0.00    4.04    0.00    0.00    8.08    0.25    0.00    0.00   57.83
06:40:16     all   30.46    0.00    4.57    0.00    0.00    8.88    0.25    0.00    0.00   55.84
06:40:17     all   28.68    0.00    4.49    0.00    0.00    7.98    0.25    0.00    0.00   58.60
06:40:18     all   27.41    0.00    5.08    0.00    0.00    7.87    0.25    0.00    0.00   59.39
06:40:19     all   29.72    0.00    4.28    0.00    0.00    8.56    0.25    0.00    0.00   57.18
06:40:20     all   28.68    0.00    4.82    0.00    0.00    8.12    0.51    0.00    0.00   57.87
06:40:21     all   29.59    0.00    4.85    0.00    0.00    7.65    0.00    0.00    0.00   57.91
06:40:22     all   31.14    0.00    5.32    0.00    0.00    7.34    0.51    0.00    0.00   55.70
06:40:23     all   29.47    0.00    4.53    0.00    0.00    7.81    0.50    0.00    0.00   57.68
06:40:24     all   28.93    0.00    7.36    0.00    0.00    7.36    0.25    0.00    0.00   56.09
06:40:25     all   29.44    0.00    4.57    0.00    0.00    8.12    0.25    0.00    0.00   57.61
06:40:26     all   30.40    0.00    4.77    0.00    0.00    8.79    0.50    0.00    0.00   55.53
06:40:27     all   31.23    0.00    4.53    0.00    0.00    7.81    0.25    0.00    0.00   56.17
06:40:28     all   31.90    0.00    4.05    0.00    0.00    8.10    0.51    0.00    0.00   55.44
06:40:29     all   26.40    0.00    5.33    0.00    0.00    6.60    0.25    0.00    0.00   61.42
06:40:30     all   28.61    0.00    4.81    0.00    0.00    8.35    0.25    0.00    0.00   57.97
06:40:31     all   29.62    0.00    5.06    0.00    0.00    8.10    0.25    0.00    0.00   56.96
06:40:32     all   30.87    0.00    4.08    0.00    0.00    7.40    0.26    0.00    0.00   57.40
06:40:33     all   28.46    0.00    4.79    0.00    0.00    8.31    0.25    0.00    0.00   58.19
06:40:34     all   30.15    0.00    4.77    0.00    0.00    8.04    0.50    0.00    0.00   56.53
06:40:35     all   29.11    0.00    4.56    0.00    0.00    7.85    0.51    0.00    0.00   57.97
06:40:36     all   30.48    0.00    4.28    0.00    0.00    8.31    0.00    0.00    0.00   56.93
06:40:37     all   30.30    0.00    5.30    0.00    0.00    8.08    0.25    0.00    0.00   56.06
06:40:38     all   31.89    0.00    4.34    0.00    0.00    7.91    0.51    0.00    0.00   55.36
06:40:39     all   31.00    0.00    4.75    0.00    0.00    8.00    0.25    0.00    0.00   56.00
06:40:40     all   31.06    0.00    4.55    0.00    0.00    8.59    0.00    0.00    0.00   55.81
06:40:41     all   29.18    0.00    4.99    0.00    0.00    8.23    0.50    0.00    0.00   57.11
06:40:42     all   29.67    0.00    5.12    0.00    0.00    7.16    0.51    0.00    0.00   57.54
06:40:43     all   29.19    0.00    4.57    0.00    0.00    8.63    0.00    0.00    0.00   57.61
06:40:44     all   31.23    0.00    4.79    0.00    0.00    8.56    0.00    0.00    0.00   55.42
06:40:45     all   28.89    0.00    3.77    0.00    0.00    8.54    0.75    0.00    0.00   58.04
06:40:46     all   26.84    0.00    4.81    0.00    0.00    7.09    0.25    0.00    0.00   61.01
06:40:47     all   29.11    0.00    4.30    0.00    0.00    8.10    0.00    0.00    0.00   58.48
06:40:48     all   30.30    0.00    4.55    0.00    0.00    8.59    0.25    0.00    0.00   56.31
06:40:49     all   30.48    0.00    5.04    0.00    0.00    8.82    0.50    0.00    0.00   55.16
06:40:50     all   32.23    0.00    4.86    0.00    0.00    6.65    0.26    0.00    0.00   56.01
06:40:51     all   28.72    0.00    4.03    0.00    0.00    8.31    0.25    0.00    0.00   58.69
06:40:52     all   29.29    0.00    4.80    0.00    0.00    7.58    0.25    0.00    0.00   58.08
06:40:53     all   30.98    0.00    5.04    0.00    0.00    7.05    0.50    0.00    0.00   56.42
06:40:54     all   30.61    0.00    4.85    0.00    0.00    7.14    0.00    0.00    0.00   57.40
06:40:55     all   32.40    0.00    4.34    0.00    0.00    7.40    0.26    0.00    0.00   55.61
06:40:56     all   31.55    0.00    4.33    0.00    0.00    8.14    0.25    0.00    0.00   55.73
06:40:57     all   30.15    0.00    4.77    0.00    0.00    7.29    0.50    0.00    0.00   57.29
06:40:58     all   28.83    0.00    3.83    0.00    0.00    7.40    0.00    0.00    0.00   59.95
06:40:59     all   29.15    0.00    4.52    0.00    0.00    8.04    0.50    0.00    0.00   57.79
06:41:00     all   31.49    0.00    4.28    0.00    0.00    9.07    0.50    0.00    0.00   54.66
06:41:01     all   29.01    0.00    5.34    0.00    0.00    8.40    0.00    0.00    0.00   57.25
06:41:02     all   29.47    0.00    4.03    0.00    0.00    8.06    0.50    0.00    0.00   57.93
06:41:03     all   29.70    0.00    4.31    0.00    0.00    8.63    0.25    0.00    0.00   57.11
06:41:04     all   32.49    0.00    4.06    0.00    0.00    8.12    0.25    0.00    0.00   55.08
06:41:05     all   31.30    0.00    4.07    0.00    0.00    8.40    0.25    0.00    0.00   55.98
06:41:06     all   29.15    0.00    5.53    0.00    0.00    8.29    0.50    0.00    0.00   56.53
06:41:07     all   28.97    0.00    5.54    0.00    0.00    8.06    0.25    0.00    0.00   57.18
06:41:08     all   30.58    0.00    4.26    0.25    0.00    8.02    0.25    0.00    0.00   56.64
06:41:09     all   30.49    0.00    4.65    0.00    0.00    7.75    0.26    0.00    0.00   56.85
06:41:10     all   30.08    0.00    5.01    0.00    0.00    8.52    0.25    0.00    0.00   56.14
06:41:11     all   31.41    0.00    4.52    0.00    0.00    8.29    0.50    0.00    0.00   55.28
06:41:12     all   31.04    0.00    4.58    0.00    0.00    8.65    0.51    0.00    0.00   55.22
06:41:13     all   28.25    0.00    5.25    0.00    0.00    8.25    0.00    0.00    0.00   58.25
06:41:14     all   28.39    0.00    5.03    0.00    0.00    8.54    0.25    0.00    0.00   57.79
06:41:15     all   30.43    0.00    4.60    0.00    0.00    7.42    0.51    0.00    0.00   57.03
06:41:16     all   33.83    0.00    6.02    0.00    0.00    9.27    0.25    0.00    0.00   50.63
06:41:17     all   23.72    0.00    3.32    0.00    0.00    6.63    0.00    0.00    0.00   66.33
06:41:18     all   19.60    0.00    3.02    0.00    0.00    4.77    0.25    0.00    0.00   72.36
06:41:19     all   27.27    0.00    4.80    0.00    0.00    7.07    0.51    0.00    0.00   60.35
06:41:20     all   20.61    0.00    2.80    0.00    0.00    5.09    0.25    0.00    0.00   71.25
06:41:21     all   31.98    0.00    5.08    0.00    0.00    8.12    0.00    0.00    0.00   54.82
06:41:22     all   32.57    0.00    4.83    0.00    0.00    8.14    0.00    0.00    0.00   54.45
06:41:23     all   30.65    0.00    5.03    0.00    0.00    9.55    0.75    0.00    0.00   54.02
06:41:24     all   31.12    0.00    5.10    0.00    0.00    9.18    0.26    0.00    0.00   54.34
06:41:25     all   33.08    0.00    4.33    0.00    0.00    8.91    0.00    0.00    0.00   53.69
06:41:26     all   32.91    0.00    5.28    0.00    0.00    8.54    0.75    0.00    0.00   52.51
06:41:27     all   31.30    0.00    5.09    0.00    0.00    8.91    0.25    0.00    0.00   54.45
06:41:28     all   31.63    0.00    4.59    0.00    0.00    8.93    0.00    0.00    0.00   54.85
06:41:29     all   31.90    0.00    5.06    0.00    0.00    8.61    0.25    0.00    0.00   54.18
06:41:30     all   30.23    0.00    4.03    0.00    0.00    8.56    0.50    0.00    0.00   56.68
06:41:31     all   28.28    0.00    4.55    0.00    0.00    7.83    0.25    0.00    0.00   59.09
06:41:32     all   30.13    0.00    4.56    0.00    0.00    8.35    0.00    0.00    0.00   56.96
06:41:33     all   30.98    0.00    5.04    0.00    0.00    7.56    0.50    0.00    0.00   55.92
06:41:34     all   30.08    0.00    4.76    0.00    0.00    9.27    0.50    0.00    0.00   55.39
06:41:35     all   29.95    0.00    4.82    0.00    0.00    8.38    0.00    0.00    0.00   56.85
06:41:36     all   28.72    0.00    4.03    0.00    0.00    8.82    0.25    0.00    0.00   58.19
06:41:37     all   30.90    0.00    4.02    0.00    0.00    8.29    0.50    0.00    0.00   56.28
06:41:38     all   29.44    0.00    4.82    0.00    0.00    7.87    0.25    0.00    0.00   57.61
06:41:39     all   29.40    0.00    4.52    0.00    0.00    8.79    0.00    0.00    0.00   57.29
06:41:40     all   29.65    0.00    5.03    0.00    0.00    8.79    0.75    0.00    0.00   55.78
06:41:41     all   31.30    0.00    4.58    0.00    0.00    8.14    0.00    0.00    0.00   55.98
06:41:42     all   32.32    0.00    4.83    0.00    0.00    8.40    0.25    0.00    0.00   54.20
06:41:43     all   30.56    0.00    4.55    0.00    0.00    7.83    0.51    0.00    0.00   56.57
06:41:44     all   29.07    0.00    4.76    0.00    0.00    8.27    0.25    0.00    0.00   57.64
06:41:45     all   29.11    0.00    4.81    0.00    0.00    8.86    0.25    0.00    0.00   56.96
06:41:46     all   31.65    0.00    4.81    0.00    0.00    7.85    0.51    0.00    0.00   55.19
06:41:47     all   31.06    0.00    4.04    0.00    0.00    8.08    0.25    0.00    0.00   56.57
06:41:48     all   29.29    0.00    5.56    0.00    0.00    8.33    0.00    0.00    0.00   56.82
06:41:49     all   29.29    0.00    4.80    0.00    0.00    8.08    0.51    0.00    0.00   57.32
06:41:50     all   30.25    0.00    4.50    0.00    0.00   10.00    0.50    0.00    0.00   54.75
06:41:51     all   30.79    0.00    5.60    0.00    0.00    7.89    0.00    0.00    0.00   55.73
06:41:52     all   32.25    0.00    4.00    0.00    0.00    8.25    0.75    0.00    0.00   54.75
06:41:53     all   30.20    0.00    4.57    0.00    0.00    7.36    0.25    0.00    0.00   57.61
06:41:54     all   32.23    0.00    4.31    0.00    0.00    7.87    0.00    0.00    0.00   55.58
06:41:55     all   30.05    0.00    4.55    0.00    0.00    8.33    0.76    0.00    0.00   56.31
06:41:56     all   30.30    0.00    5.05    0.00    0.00    8.33    0.25    0.00    0.00   56.06
06:41:57     all   32.49    0.00    4.57    0.25    0.00    8.38    0.25    0.00    0.00   54.06
06:41:58     all   30.00    0.00    5.25    0.00    0.00    8.50    0.50    0.00    0.00   55.75
06:41:59     all   30.46    0.00    5.08    0.00    0.00    8.12    0.25    0.00    0.00   56.09
06:42:00     all   30.20    0.00    4.57    0.00    0.00    7.87    0.25    0.00    0.00   57.11
06:42:01     all   28.28    0.00    5.05    0.00    0.00    8.33    0.51    0.00    0.00   57.83
06:42:02     all   28.54    0.00    4.80    0.00    0.00    9.34    0.25    0.00    0.00   57.07
06:42:03     all   29.72    0.00    4.79    0.00    0.00    8.06    0.00    0.00    0.00   57.43
06:42:04     all   30.15    0.00    5.03    0.00    0.00    9.05    0.25    0.00    0.00   55.53
06:42:05     all   29.37    0.00    4.56    0.00    0.00    8.35    0.51    0.00    0.00   57.22
06:42:06     all   31.14    0.00    4.30    0.00    0.00    8.35    0.25    0.00    0.00   55.95
06:42:07     all   31.04    0.00    5.09    0.00    0.00    7.89    0.25    0.00    0.00   55.73
06:42:08     all   28.25    0.00    4.75    0.00    0.00    8.25    0.50    0.00    0.00   58.25
06:42:09     all   28.93    0.00    4.31    0.00    0.00    8.63    0.25    0.00    0.00   57.87
06:42:10     all   30.60    0.00    5.22    0.00    0.00    8.46    0.25    0.00    0.00   55.47
06:42:11     all   29.23    0.00    4.10    0.00    0.00    7.44    0.00    0.00    0.00   59.23
06:42:12     all   30.40    0.00    5.03    0.00    0.00    8.29    0.75    0.00    0.00   55.53
06:42:13     all   29.90    0.00    4.77    0.00    0.00    8.04    0.25    0.00    0.00   57.04
06:42:14     all   29.80    0.00    5.30    0.00    0.00    8.08    0.25    0.00    0.00   56.57
06:42:15     all   30.53    0.00    4.83    0.00    0.00    7.63    0.25    0.00    0.00   56.74
06:42:16     all   31.65    0.00    4.81    0.00    0.00    8.10    0.51    0.00    0.00   54.94
06:42:17     all   28.97    0.00    4.53    0.00    0.00    8.56    0.00    0.00    0.00   57.93
06:42:18     all   30.05    0.00    3.79    0.00    0.00    7.83    0.25    0.00    0.00   58.08
06:42:19     all   28.86    0.00    4.56    0.00    0.00    8.86    0.25    0.00    0.00   57.47
06:42:20     all   30.73    0.00    5.54    0.00    0.00    7.56    0.50    0.00    0.00   55.67
06:42:21     all   28.93    0.00    4.57    0.00    0.00    8.63    0.00    0.00    0.00   57.87
06:42:22     all   30.48    0.00    4.53    0.00    0.00    8.06    0.25    0.00    0.00   56.68
06:42:23     all   29.55    0.00    4.80    0.00    0.00    7.58    0.00    0.00    0.00   58.08
06:42:24     all   29.80    0.00    4.29    0.00    0.00    7.58    0.76    0.00    0.00   57.58
06:42:25     all   29.07    0.00    4.51    0.00    0.00    9.27    0.00    0.00    0.00   57.14
06:42:26     all   30.30    0.00    5.05    0.00    0.00    8.08    0.25    0.00    0.00   56.31
06:42:27     all   30.56    0.00    4.80    0.00    0.00    7.83    0.76    0.00    0.00   56.06
06:42:28     all   29.52    0.00    4.58    0.00    0.00    8.40    0.00    0.00    0.00   57.51
06:42:29     all   28.43    0.00    5.33    0.00    0.00    8.12    0.00    0.00    0.00   58.12
06:42:30     all   30.56    0.00    4.55    0.00    0.00    8.84    0.25    0.00    0.00   55.81
06:42:31     all   29.22    0.00    4.53    0.00    0.00    8.06    0.76    0.00    0.00   57.43
06:42:32     all   30.36    0.00    4.08    0.00    0.00    8.16    0.00    0.00    0.00   57.40
06:42:33     all   30.58    0.00    4.01    0.00    0.00    8.02    0.25    0.00    0.00   57.14
06:42:34     all   31.22    0.00    4.57    0.00    0.00    7.36    0.00    0.00    0.00   56.85
06:42:35     all   30.96    0.00    4.06    0.00    0.00    7.87    0.51    0.00    0.00   56.60
06:42:36     all   30.30    0.00    4.55    0.00    0.00    8.08    0.25    0.00    0.00   56.82
06:42:37     all   29.80    0.00    4.80    0.00    0.00    8.33    0.25    0.00    0.00   56.82
06:42:38     all   30.28    0.00    3.56    0.00    0.00    7.38    0.25    0.00    0.00   58.52
06:42:39     all   28.86    0.00    5.06    0.00    0.00    8.61    0.51    0.00    0.00   56.96
06:42:40     all   32.06    0.00    5.09    0.00    0.00    7.63    0.25    0.00    0.00   54.96
06:42:41     all   30.90    0.00    4.52    0.00    0.00    7.54    0.25    0.00    0.00   56.78
06:42:42     all   30.23    0.00    4.53    0.00    0.00    9.07    0.50    0.00    0.00   55.67
06:42:43     all   30.83    0.00    5.51    0.00    0.00    8.77    0.50    0.00    0.00   54.39
06:42:44     all   30.79    0.00    5.60    0.00    0.00    7.12    0.00    0.00    0.00   56.49
06:42:45     all   29.72    0.00    4.53    0.00    0.00    8.06    0.00    0.00    0.00   57.68
06:42:46     all   27.71    0.00    4.53    0.00    0.00    7.81    0.50    0.00    0.00   59.45
06:42:47     all   30.33    0.00    4.26    0.00    0.00    8.52    0.50    0.00    0.00   56.39
06:42:48     all   30.71    0.00    4.31    0.00    0.00    8.12    0.00    0.00    0.00   56.85
06:42:49     all   29.95    0.00    4.82    0.00    0.00    8.12    0.00    0.00    0.00   57.11
06:42:50     all   30.13    0.00    4.30    0.00    0.00    8.35    0.51    0.00    0.00   56.71
06:42:51     all   31.17    0.00    4.49    0.00    0.00    8.73    0.50    0.00    0.00   55.11
06:42:52     all   29.97    0.00    5.54    0.00    0.00    9.07    0.00    0.00    0.00   55.42
06:42:53     all   29.95    0.00    4.31    0.25    0.00    7.87    0.25    0.00    0.00   57.36
06:42:54     all   29.37    0.00    4.56    0.00    0.00    7.59    0.51    0.00    0.00   57.97
06:42:55     all   31.04    0.00    4.83    0.00    0.00    7.63    0.25    0.00    0.00   56.23
06:42:56     all   30.03    0.00    5.34    0.00    0.00    8.14    0.25    0.00    0.00   56.23
06:42:57     all   30.48    0.00    5.29    0.00    0.00    8.56    0.50    0.00    0.00   55.16
06:42:58     all   30.13    0.00    5.06    0.00    0.00    8.61    0.25    0.00    0.00   55.95
06:42:59     all   28.83    0.00    4.34    0.00    0.00    8.42    0.00    0.00    0.00   58.42
06:43:00     all   30.81    0.00    3.79    0.00    0.00    7.83    0.51    0.00    0.00   57.07
06:43:01     all   31.39    0.00    4.05    0.00    0.00    8.10    0.25    0.00    0.00   56.20
06:43:02     all   29.70    0.00    5.33    0.00    0.00    9.14    0.25    0.00    0.00   55.58
06:43:03     all   29.47    0.00    5.04    0.00    0.00    8.06    0.50    0.00    0.00   56.93
06:43:04     all   28.50    0.00    4.83    0.00    0.00    7.89    0.25    0.00    0.00   58.52
06:43:05     all   30.53    0.00    4.07    0.00    0.00    8.14    0.25    0.00    0.00   57.00
06:43:06     all   31.12    0.00    5.10    0.00    0.00    8.16    0.26    0.00    0.00   55.36
06:43:07     all   30.75    0.00    5.00    0.00    0.00    8.75    0.50    0.00    0.00   55.00
06:43:08     all   29.01    0.00    5.09    0.00    0.00    7.63    0.25    0.00    0.00   58.02
06:43:09     all   29.26    0.00    4.07    0.00    0.00    8.14    0.00    0.00    0.00   58.52
06:43:10     all   28.72    0.00    4.79    0.00    0.00    8.82    0.25    0.00    0.00   57.43
06:43:11     all   28.50    0.00    4.75    0.00    0.00    9.00    0.50    0.00    0.00   57.25
06:43:12     all   29.65    0.00    5.28    0.00    0.00    8.79    0.25    0.00    0.00   56.03
06:43:13     all   29.40    0.00    4.27    0.00    0.00    8.29    0.25    0.00    0.00   57.79
06:43:14     all   29.15    0.00    4.52    0.00    0.00    9.30    0.25    0.00    0.00   56.78
06:43:15     all   30.13    0.00    4.05    0.00    0.00    8.10    0.25    0.00    0.00   57.47
06:43:16     all   30.38    0.00    4.81    0.00    0.00    8.61    0.51    0.00    0.00   55.70
06:43:17     all   29.37    0.00    5.06    0.00    0.00    8.86    0.00    0.00    0.00   56.71
06:43:18     all   31.73    0.00    4.31    0.00    0.00    7.87    0.25    0.00    0.00   55.84
06:43:19     all   28.89    0.00    5.03    0.00    0.00    8.79    0.50    0.00    0.00   56.78
06:43:20     all   31.73    0.00    4.31    0.00    0.00    8.12    0.25    0.00    0.00   55.58
06:43:21     all   31.14    0.00    4.81    0.00    0.00    9.11    0.25    0.00    0.00   54.68
06:43:22     all   28.36    0.00    5.47    0.00    0.00    8.96    0.75    0.00    0.00   56.47
06:43:23     all   28.86    0.00    4.56    0.00    0.00    7.59    0.00    0.00    0.00   58.99
06:43:24     all   29.16    0.00    4.60    0.00    0.00    8.18    0.00    0.00    0.00   58.06
06:43:25     all   31.25    0.00    6.00    0.00    0.00    9.25    0.75    0.00    0.00   52.75
06:43:26     all   32.49    0.00    5.29    0.00    0.00    8.56    0.25    0.00    0.00   53.40
06:43:27     all   20.30    0.00    3.01    0.00    0.00    5.76    0.50    0.00    0.00   70.43
06:43:28     all   30.81    0.00    4.55    0.00    0.00    8.59    0.51    0.00    0.00   55.56
06:43:29     all   32.74    0.00    4.86    0.00    0.00    8.70    0.00    0.00    0.00   53.71
06:43:30     all   34.26    0.00    5.29    0.00    0.00    8.06    0.25    0.00    0.00   52.14
06:43:31     all   31.47    0.00    5.08    0.00    0.00    8.88    0.51    0.00    0.00   54.06
06:43:32     all   29.95    0.00    5.08    0.00    0.00    8.38    0.51    0.00    0.00   56.09
06:43:33     all   28.46    0.00    4.28    0.00    0.00    8.56    0.25    0.00    0.00   58.44
06:43:34     all   29.87    0.00    4.30    0.00    0.00    8.61    0.25    0.00    0.00   56.96
06:43:35     all   31.14    0.00    4.81    0.00    0.00    7.85    0.51    0.00    0.00   55.70
06:43:36     all   29.22    0.00    5.29    0.00    0.00   10.08    0.25    0.00    0.00   55.16
06:43:37     all   29.85    0.00    4.59    0.00    0.00    8.93    0.51    0.00    0.00   56.12
06:43:38     all   28.86    0.00    4.81    0.00    0.00    8.35    0.25    0.00    0.00   57.72
06:43:39     all   29.47    0.00    5.04    0.00    0.00    8.82    0.25    0.00    0.00   56.42
06:43:40     all   30.40    0.00    5.03    0.00    0.00    8.29    0.50    0.00    0.00   55.78
06:43:41     all   31.90    0.00    4.81    0.00    0.00    8.61    0.51    0.00    0.00   54.18
06:43:42     all   31.81    0.00    5.09    0.00    0.00    8.40    0.51    0.00    0.00   54.20
06:43:43     all   29.80    0.00    5.05    0.00    0.00    8.59    0.25    0.00    0.00   56.31
06:43:44     all   29.19    0.00    4.57    0.00    0.00    8.12    0.25    0.00    0.00   57.87
06:43:45     all   29.37    0.00    4.81    0.00    0.00    9.11    0.25    0.00    0.00   56.46
06:43:46     all   31.16    0.00    5.53    0.00    0.00    8.29    1.01    0.00    0.00   54.02
06:43:47     all   30.28    0.00    4.58    0.00    0.00    8.91    0.00    0.00    0.00   56.23
06:43:48     all   32.06    0.00    4.33    0.00    0.00    8.65    0.25    0.00    0.00   54.71
06:43:49     all   30.56    0.00    5.05    0.00    0.00    9.34    0.51    0.00    0.00   54.55
06:43:50     all   28.35    0.00    4.81    0.00    0.00    8.35    0.25    0.00    0.00   58.23
06:43:51     all   28.39    0.00    4.77    0.00    0.00    9.05    0.50    0.00    0.00   57.29
06:43:52     all   32.25    0.00    4.75    0.00    0.00    9.00    0.50    0.00    0.00   53.50
06:43:53     all   31.14    0.00    4.30    0.00    0.00    8.61    0.51    0.00    0.00   55.44
06:43:54     all   31.16    0.00    4.77    0.00    0.00    8.04    0.25    0.00    0.00   55.78
06:43:55     all   30.65    0.00    4.77    0.00    0.00    9.55    1.01    0.00    0.00   54.02
06:43:56     all   32.24    0.00    5.29    0.00    0.00    9.07    1.01    0.00    0.00   52.39
06:43:57     all   32.15    0.00    5.57    0.00    0.00    8.10    0.76    0.00    0.00   53.42
06:43:58     all   31.06    0.00    5.05    0.00    0.00    8.33    0.25    0.00    0.00   55.30
06:43:59     all   29.82    0.00    5.01    0.00    0.00    8.52    0.25    0.00    0.00   56.39
06:44:00     all   29.80    0.00    4.80    0.00    0.00    7.83    0.76    0.00    0.00   56.82
06:44:01     all   30.15    0.00    4.02    0.00    0.00    8.79    0.50    0.00    0.00   56.53
06:44:02     all   32.74    0.00    5.08    0.25    0.00    8.12    0.25    0.00    0.00   53.55
06:44:03     all   30.48    0.00    5.54    0.00    0.00    8.82    0.25    0.00    0.00   54.91
06:44:04     all   30.38    0.00    4.81    0.00    0.00    8.10    0.51    0.00    0.00   56.20
06:44:05     all   29.19    0.00    5.33    0.00    0.00    9.64    0.51    0.00    0.00   55.33
06:44:06     all   30.42    0.00    4.74    0.00    0.00    8.73    0.75    0.00    0.00   55.36
06:44:07     all   31.91    0.00    5.28    0.00    0.00    9.30    1.01    0.00    0.00   52.51
06:44:08     all   31.39    0.00    4.30    0.00    0.00    8.86    0.25    0.00    0.00   55.19
06:44:09     all   29.28    0.00    4.96    0.00    0.00    9.43    0.25    0.00    0.00   56.08
06:44:10     all   30.87    0.00    4.34    0.00    0.00    8.42    0.51    0.00    0.00   55.87
06:44:11     all   28.07    0.00    4.01    0.00    0.00   10.03    0.50    0.00    0.00   57.39
06:44:12     all   29.04    0.00    5.05    0.00    0.00    9.34    1.01    0.00    0.00   55.56
06:44:13     all   30.81    0.00    4.80    0.00    0.00    9.60    0.00    0.00    0.00   54.80
06:44:14     all   32.32    0.00    5.05    0.00    0.00    8.33    0.51    0.00    0.00   53.79
06:44:15     all   29.07    0.00    5.26    0.00    0.00    8.02    0.50    0.00    0.00   57.14
06:44:16     all   30.79    0.00    4.83    0.00    0.00    8.40    0.51    0.00    0.00   55.47
06:44:17     all   29.93    0.00    5.74    0.00    0.00    9.48    0.50    0.00    0.00   54.36
06:44:18     all   15.83    0.00    2.76    0.00    0.00    3.52    0.00    0.00    0.00   77.89
06:44:19     all   25.94    0.00    4.28    0.25    0.00    7.81    0.50    0.00    0.00   61.21
06:44:20     all   27.89    0.00    4.02    0.00    0.00    7.04    0.50    0.00    0.00   60.55
06:44:21     all   27.14    0.00    4.52    0.00    0.00    8.04    0.00    0.00    0.00   60.30
06:44:22     all   30.79    0.00    5.09    0.00    0.00    8.65    0.76    0.00    0.00   54.71
06:44:23     all   30.90    0.00    4.77    0.00    0.00    9.05    0.50    0.00    0.00   54.77
06:44:24     all   30.40    0.00    4.77    0.00    0.00    9.30    0.50    0.00    0.00   55.03
06:44:25     all   32.83    0.00    5.56    0.00    0.00    9.85    0.00    0.00    0.00   51.77
06:44:26     all   32.23    0.00    4.60    0.00    0.00    8.95    0.51    0.00    0.00   53.71
06:44:27     all   33.42    0.00    4.99    0.00    0.00    9.23    0.50    0.00    0.00   51.87
06:44:28     all   31.97    0.00    5.37    0.00    0.00    9.46    0.26    0.00    0.00   52.94
06:44:29     all   31.91    0.00    4.52    0.00    0.00    8.79    0.75    0.00    0.00   54.02
06:44:30     all   31.49    0.00    5.04    0.00    0.00   10.83    0.00    0.00    0.00   52.64
06:44:31     all   33.08    0.00    5.09    0.00    0.00    8.40    0.25    0.00    0.00   53.18
06:44:32     all   32.24    0.00    4.79    0.00    0.00    9.07    0.76    0.00    0.00   53.15
06:44:33     all   28.97    0.00    4.28    0.00    0.00    8.31    0.00    0.00    0.00   58.44
06:44:34     all   29.26    0.00    4.33    0.00    0.00    7.63    0.25    0.00    0.00   58.52
06:44:35     all   30.48    0.00    5.04    0.00    0.00    9.07    0.50    0.00    0.00   54.91
06:44:36     all   31.66    0.00    4.02    0.00    0.00    9.05    0.25    0.00    0.00   55.03
06:44:37     all   30.83    0.00    4.76    0.00    0.00    9.02    0.25    0.00    0.00   55.14
06:44:38     all   30.28    0.00    4.33    0.00    0.00    8.40    0.00    0.00    0.00   57.00
06:44:39     all   28.57    0.00    4.26    0.00    0.00    8.52    0.75    0.00    0.00   57.89
06:44:40     all   32.23    0.00    4.82    0.00    0.00    8.63    0.00    0.00    0.00   54.31
06:44:41     all   32.91    0.00    4.56    0.00    0.00    8.61    0.25    0.00    0.00   53.67
06:44:42     all   31.74    0.00    5.04    0.00    0.00    8.82    0.25    0.00    0.00   54.16
06:44:43     all   28.68    0.00    4.99    0.00    0.00    8.73    0.50    0.00    0.00   57.11
06:44:44     all   28.64    0.00    4.27    0.00    0.00    8.04    0.00    0.00    0.00   59.05
06:44:45     all   30.05    0.00    4.80    0.00    0.00    8.59    0.25    0.00    0.00   56.31
06:44:46     all   32.66    0.00    4.81    0.00    0.00    8.86    0.25    0.00    0.00   53.42
06:44:47     all   25.69    0.00    4.03    0.25    0.00    7.56    0.50    0.00    0.00   61.96
06:44:48     all   21.12    0.00    3.05    0.00    0.00    6.11    0.00    0.00    0.00   69.72
06:44:49     all   31.20    0.00    4.86    0.00    0.00    8.44    0.26    0.00    0.00   55.24
06:44:50     all   31.99    0.00    5.04    0.00    0.00    8.31    0.25    0.00    0.00   54.41
06:44:51     all   30.56    0.00    4.80    0.00    0.00    9.85    0.51    0.00    0.00   54.29
06:44:52     all   32.91    0.00    4.56    0.00    0.00   10.13    0.00    0.00    0.00   52.41
06:44:53     all   31.98    0.00    5.08    0.00    0.00    8.63    0.51    0.00    0.00   53.81
06:44:54     all   30.38    0.00    5.32    0.00    0.00    9.11    0.51    0.00    0.00   54.68
06:44:55     all   31.99    0.00    5.04    0.00    0.00    9.57    0.00    0.00    0.00   53.40
06:44:56     all   31.82    0.00    4.55    0.00    0.00    8.59    0.76    0.00    0.00   54.29
06:44:57     all   32.15    0.00    5.82    0.00    0.00    8.86    0.51    0.00    0.00   52.66
06:44:58     all   31.57    0.00    4.80    0.00    0.00    9.34    0.00    0.00    0.00   54.29
06:44:59     all   32.32    0.00    4.80    0.00    0.00    8.08    0.00    0.00    0.00   54.80
06:45:00     all   31.58    0.00    6.77    0.00    0.00    9.27    0.75    0.00    0.00   51.63
06:45:01     all   30.28    0.00    5.60    0.00    0.00    8.91    0.25    0.00    0.00   54.96
06:45:02     all   32.15    0.00    5.06    0.00    0.00    8.61    0.00    0.00    0.00   54.18
06:45:03     all   31.66    0.00    5.03    0.00    0.00    9.30    0.25    0.00    0.00   53.77
06:45:04     all   30.98    0.00    4.53    0.00    0.00    9.07    0.50    0.00    0.00   54.91
06:45:05     all   31.49    0.00    5.29    0.00    0.00    9.32    0.25    0.00    0.00   53.65
06:45:06     all   32.40    0.00    4.08    0.00    0.00    8.93    0.26    0.00    0.00   54.34
06:45:07     all   30.65    0.00    5.28    0.00    0.00    9.55    0.75    0.00    0.00   53.77
06:45:08     all   31.66    0.00    4.77    0.00    0.00    9.30    0.00    0.00    0.00   54.27
06:45:09     all   30.73    0.00    5.79    0.00    0.00    9.57    0.00    0.00    0.00   53.90
06:45:10     all   32.83    0.00    5.05    0.00    0.00    9.34    1.01    0.00    0.00   51.77
06:45:11     all   32.14    0.00    5.36    0.00    0.00    8.67    0.00    0.00    0.00   53.83
06:45:12     all   32.07    0.00    5.05    0.00    0.00   10.35    0.25    0.00    0.00   52.27
06:45:13     all   31.25    0.00    5.75    0.00    0.00    9.00    0.75    0.00    0.00   53.25
06:45:14     all   32.15    0.00    5.32    0.00    0.00    9.62    0.00    0.00    0.00   52.91
06:45:15     all   31.90    0.00    4.56    0.00    0.00    9.62    0.00    0.00    0.00   53.92
06:45:16     all   32.83    0.00    4.29    0.00    0.00    9.34    0.25    0.00    0.00   53.28
06:45:17     all   32.41    0.00    5.28    0.00    0.00    8.79    0.75    0.00    0.00   52.76
06:45:18     all   31.47    0.00    5.08    0.00    0.00    9.14    0.00    0.00    0.00   54.31
06:45:19     all   31.82    0.00    5.30    0.00    0.00    8.59    0.25    0.00    0.00   54.04
06:45:20     all   32.32    0.00    4.55    0.00    0.00    9.34    0.51    0.00    0.00   53.28
06:45:21     all   32.24    0.00    4.79    0.00    0.00    8.56    0.25    0.00    0.00   54.16
06:45:22     all   32.07    0.00    4.55    0.00    0.00    8.08    0.25    0.00    0.00   55.05
06:45:23     all   32.49    0.00    4.57    0.00    0.00    9.39    0.00    0.00    0.00   53.55
06:45:24     all   32.41    0.00    5.03    0.00    0.00    8.04    0.50    0.00    0.00   54.02
06:45:25     all   31.98    0.00    5.08    0.00    0.00    9.14    0.51    0.00    0.00   53.30
06:45:26     all   32.24    0.00    5.04    0.00    0.00    9.07    0.50    0.00    0.00   53.15
06:45:27     all   32.07    0.00    4.80    0.00    0.00    9.09    0.25    0.00    0.00   53.79
06:45:28     all   31.66    0.00    4.52    0.00    0.00    9.80    0.25    0.00    0.00   53.77
06:45:29     all   31.04    0.00    5.09    0.00    0.00    8.91    0.00    0.00    0.00   54.96
06:45:30     all   31.41    0.00    5.03    0.00    0.00    9.55    0.50    0.00    0.00   53.52
06:45:31     all   31.41    0.00    5.28    0.00    0.00    9.05    0.25    0.00    0.00   54.02
06:45:32     all   29.47    0.00    5.54    0.00    0.00    8.31    0.25    0.00    0.00   56.42
06:45:33     all   30.23    0.00    5.04    0.00    0.00    9.32    0.00    0.00    0.00   55.42
06:45:34     all   32.57    0.00    4.33    0.00    0.00    7.63    0.00    0.00    0.00   55.47
06:45:35     all   29.90    0.00    4.52    0.00    0.00    9.30    0.75    0.00    0.00   55.53
06:45:36     all   31.74    0.00    5.29    0.00    0.00    7.56    0.25    0.00    0.00   55.16
06:45:37     all   29.55    0.00    4.55    0.00    0.00    8.33    0.00    0.00    0.00   57.58
06:45:38     all   27.14    0.00    4.27    0.00    0.00    6.53    0.50    0.00    0.00   61.56
06:45:39     all   23.74    0.00    3.54    0.00    0.00    6.57    0.51    0.00    0.00   65.66
06:45:40     all   22.22    0.00    3.03    0.00    0.00    6.57    0.00    0.00    0.00   68.18
06:45:41     all   16.88    0.00    3.02    0.00    0.00    4.79    0.00    0.00    0.00   75.31
06:45:42     all   13.60    0.00    2.27    0.00    0.00    2.77    0.76    0.00    0.00   80.60
06:45:43     all   11.65    0.00    1.52    0.00    0.00    2.78    0.25    0.00    0.00   83.80
06:45:44     all   11.08    0.00    2.02    0.00    0.00    2.27    0.00    0.00    0.00   84.63
06:45:45     all   10.43    0.00    1.27    0.00    0.00    2.29    0.00    0.00    0.00   86.01
06:45:46     all   10.46    0.00    2.04    0.00    0.00    2.55    0.00    0.00    0.00   84.95
06:45:47     all    9.73    0.00    1.75    0.00    0.00    2.49    0.50    0.00    0.00   85.54
06:45:48     all    9.41    0.00    1.27    0.25    0.00    2.04    0.25    0.00    0.00   86.77
06:45:49     all    8.86    0.00    2.03    0.00    0.00    1.77    0.00    0.00    0.00   87.34
06:45:50     all    9.16    0.00    0.76    0.00    0.00    1.78    0.25    0.00    0.00   88.04
06:45:51     all    8.86    0.00    1.77    0.00    0.00    1.77    0.00    0.00    0.00   87.59
06:45:52     all    8.63    0.00    1.78    0.00    0.00    2.03    0.25    0.00    0.00   87.31
06:45:53     all    8.56    0.00    1.26    0.00    0.00    2.02    0.25    0.00    0.00   87.91
06:45:54     all    7.34    0.00    1.01    0.00    0.00    1.52    0.00    0.00    0.00   90.13
06:45:55     all    7.58    0.00    1.26    0.00    0.00    1.52    0.25    0.00    0.00   89.39
06:45:56     all    7.40    0.00    1.02    0.00    0.00    1.28    0.00    0.00    0.00   90.31
06:45:57     all    7.58    0.00    1.52    0.00    0.00    1.26    0.00    0.00    0.00   89.65
06:45:58     all    7.59    0.00    0.76    0.25    0.00    1.77    0.25    0.00    0.00   89.37
06:45:59     all    6.78    0.00    1.26    0.00    0.00    1.26    0.50    0.00    0.00   90.20
06:46:00     all    6.08    0.00    0.51    0.00    0.00    1.52    0.00    0.00    0.00   91.90
06:46:01     all    5.32    0.00    1.01    0.00    0.00    1.27    0.00    0.00    0.00   92.41
06:46:02     all    5.28    0.00    1.01    0.00    0.00    1.01    0.00    0.00    0.00   92.71
06:46:03     all    4.82    0.00    0.76    0.00    0.00    0.25    0.25    0.00    0.00   93.91
06:46:04     all    3.27    0.00    0.76    0.00    0.00    0.76    0.00    0.00    0.00   95.21
06:46:05     all    2.51    0.00    0.25    0.00    0.00    0.50    0.25    0.00    0.00   96.48
06:46:06     all    3.26    0.00    0.75    0.00    0.00    0.25    0.00    0.00    0.00   95.74
06:46:07     all    2.78    0.00    0.25    0.00    0.00    0.25    0.00    0.00    0.00   96.72
06:46:08     all    2.01    0.00    0.50    0.00    0.00    0.75    0.00    0.00    0.00   96.74
06:46:09     all    1.77    0.00    0.51    0.00    0.00    0.25    0.00    0.00    0.00   97.47
06:46:10     all    1.75    0.00    0.25    0.00    0.00    0.25    0.00    0.00    0.00   97.74
06:46:11     all    1.00    0.00    0.25    0.00    0.00    0.00    0.25    0.00    0.00   98.50
06:46:12     all    0.75    0.00    0.25    0.00    0.00    0.25    0.00    0.00    0.00   98.75
06:46:13     all    0.75    0.00    0.00    0.00    0.00    0.00    0.00    0.00    0.00   99.25
06:46:14     all    0.51    0.00    0.00    0.00    0.00    0.00    0.00    0.00    0.00   99.49
06:46:15     all   45.73    0.00    4.77    0.00    0.00   13.82    0.00    0.00    0.00   35.68
06:46:16     all   41.85    0.00    5.51    0.00    0.00   11.78    0.25    0.00    0.00   40.60
06:46:17     all   41.56    0.00    4.79    0.00    0.00   11.59    0.50    0.00    0.00   41.56
06:46:18     all   41.81    0.00    5.04    0.00    0.00   11.84    0.00    0.00    0.00   41.31
06:46:19     all   43.40    0.00    4.82    0.00    0.00   11.42    0.00    0.00    0.00   40.36
06:46:20     all   45.34    0.00    4.79    0.00    0.00   11.34    0.25    0.00    0.00   38.29
06:46:21     all   44.42    0.00    5.33    0.00    0.00   10.91    0.25    0.00    0.00   39.09
06:46:22     all   44.95    0.00    5.81    0.00    0.00   11.11    0.51    0.00    0.00   37.63
06:46:23     all   42.68    0.00    5.05    0.00    0.00   11.87    0.00    0.00    0.00   40.40
06:46:24     all   42.89    0.00    5.08    0.00    0.00   11.17    0.25    0.00    0.00   40.61
06:46:25     all   44.08    0.00    4.79    0.00    0.00   11.59    0.25    0.00    0.00   39.29
06:46:26     all   45.66    0.00    5.10    0.00    0.00   11.48    0.26    0.00    0.00   37.50
06:46:27     all   45.73    0.00    5.53    0.00    0.00   12.56    0.25    0.00    0.00   35.93
06:46:28     all   45.69    0.00    4.82    0.00    0.00   10.66    0.25    0.00    0.00   38.58
06:46:29     all   44.08    0.00    5.29    0.00    0.00   12.34    0.00    0.00    0.00   38.29
06:46:30     all   44.61    0.00    4.76    0.00    0.00   11.53    0.50    0.00    0.00   38.60
06:46:31     all   46.73    0.00    4.77    0.00    0.00   11.31    0.25    0.00    0.00   36.93
06:46:32     all   44.76    0.00    4.86    0.00    0.00   12.28    0.26    0.00    0.00   37.85
06:46:33     all   44.33    0.00    4.79    0.00    0.00   11.34    0.00    0.00    0.00   39.55
06:46:34     all   45.41    0.00    4.85    0.00    0.00   11.22    0.00    0.00    0.00   38.52
06:46:35     all   43.75    0.00    5.50    0.00    0.00   11.75    0.50    0.00    0.00   38.50
06:46:36     all   44.99    0.00    4.88    0.00    0.00   11.31    0.26    0.00    0.00   38.56
06:46:37     all   46.46    0.00    4.80    0.00    0.00   11.36    0.25    0.00    0.00   37.12
06:46:38     all   44.53    0.00    5.09    0.00    0.00   11.20    0.00    0.00    0.00   39.19
06:46:39     all   42.89    0.00    4.57    0.00    0.00   11.93    0.00    0.00    0.00   40.61
06:46:40     all   44.05    0.00    5.32    0.00    0.00   11.90    0.76    0.00    0.00   37.97
06:46:41     all   44.30    0.00    5.06    0.00    0.00   10.63    0.00    0.00    0.00   40.00
06:46:42     all   45.45    0.00    4.80    0.00    0.00   10.61    0.25    0.00    0.00   38.89
06:46:43     all   43.47    0.00    5.03    0.00    0.00   11.06    0.00    0.00    0.00   40.45
06:46:44     all   43.54    0.00    4.30    0.00    0.00   11.14    0.00    0.00    0.00   41.01
06:46:45     all   45.18    0.00    4.82    0.00    0.00   11.93    0.00    0.00    0.00   38.07
06:46:46     all   46.63    0.00    5.74    0.00    0.00   11.22    0.25    0.00    0.00   36.16
06:46:47     all   45.98    0.00    5.03    0.00    0.00   11.56    0.50    0.00    0.00   36.93
06:46:48     all   42.71    0.00    5.28    0.00    0.00   10.80    0.25    0.00    0.00   40.95
06:46:49     all   43.83    0.00    4.28    0.00    0.00   11.84    0.00    0.00    0.00   40.05
06:46:50     all   45.32    0.00    4.30    0.00    0.00   11.14    0.00    0.00    0.00   39.24
06:46:51     all   43.47    0.00    5.28    0.00    0.00   11.06    0.00    0.00    0.00   40.20
06:46:52     all   43.43    0.00    4.55    0.00    0.00   11.11    0.25    0.00    0.00   40.66
06:46:53     all   43.54    0.00    4.81    0.00    0.00   10.89    0.51    0.00    0.00   40.25
06:46:54     all   46.46    0.00    4.29    0.00    0.00   10.35    0.25    0.00    0.00   38.64
06:46:55     all   44.58    0.00    5.04    0.00    0.00   11.08    0.00    0.00    0.00   39.29
06:46:56     all   43.99    0.00    4.86    0.00    0.00   11.25    0.00    0.00    0.00   39.90
06:46:57     all   45.41    0.00    4.34    0.00    0.00   11.22    0.00    0.00    0.00   39.03
06:46:58     all   44.44    0.00    4.80    0.00    0.00   11.87    0.76    0.00    0.00   38.13
06:46:59     all   45.32    0.00    4.56    0.00    0.00   11.65    0.25    0.00    0.00   38.23
06:47:00     all   46.06    0.00    5.60    0.00    0.00   11.45    0.00    0.00    0.00   36.90
06:47:01     all   44.47    0.00    5.28    0.00    0.00   11.31    0.25    0.00    0.00   38.69
06:47:02     all   43.80    0.00    5.06    0.00    0.00   12.15    0.76    0.00    0.00   38.23
06:47:03     all   43.32    0.00    5.54    0.00    0.00   11.59    0.00    0.00    0.00   39.55
06:47:04     all   44.50    0.00    4.35    0.00    0.00   12.02    0.00    0.00    0.00   39.13
06:47:05     all   44.67    0.00    5.33    0.00    0.00   11.17    0.00    0.00    0.00   38.83
06:47:06     all   43.36    0.00    6.02    0.00    0.00   10.53    1.00    0.00    0.00   39.10
06:47:07     all   46.70    0.00    4.57    0.00    0.00   11.17    0.00    0.00    0.00   37.56
06:47:08     all   44.58    0.00    5.54    0.00    0.00   10.83    0.00    0.00    0.00   39.04
06:47:09     all   45.41    0.00    4.85    0.00    0.00   10.97    0.00    0.00    0.00   38.78
06:47:10     all   46.19    0.00    4.57    0.00    0.00   11.93    0.76    0.00    0.00   36.55
06:47:11     all   44.72    0.00    5.03    0.00    0.00   11.81    0.25    0.00    0.00   38.19
06:47:12     all   43.61    0.00    5.76    0.25    0.00   12.78    0.00    0.00    0.00   37.59
06:47:13     all   43.40    0.00    5.33    0.00    0.00   11.42    0.00    0.00    0.00   39.85
06:47:14     all   42.42    0.00    5.81    0.00    0.00   11.11    0.51    0.00    0.00   40.15
06:47:15     all   43.00    0.00    5.00    0.00    0.00   12.00    0.25    0.00    0.00   39.75
06:47:16     all   44.39    0.00    4.08    0.00    0.00   11.48    0.00    0.00    0.00   40.05
06:47:17     all   43.47    0.00    5.53    0.00    0.00   11.56    0.25    0.00    0.00   39.20
06:47:18     all   25.13    0.00    2.54    0.00    0.00    5.84    0.00    0.00    0.00   66.50
06:47:19     all   31.25    0.00    3.50    0.00    0.00    8.25    0.00    0.00    0.00   57.00
06:47:20     all   37.56    0.00    4.82    0.00    0.00    9.90    0.76    0.00    0.00   46.95
06:47:21     all   38.79    0.00    4.53    0.00    0.00   10.08    0.25    0.00    0.00   46.35
06:47:22     all   45.71    0.00    4.80    0.00    0.00   11.11    0.00    0.00    0.00   38.38
06:47:23     all   44.42    0.00    4.57    0.00    0.00   11.93    0.00    0.00    0.00   39.09
06:47:24     all   45.06    0.00    4.30    0.00    0.00   11.14    0.76    0.00    0.00   38.73
06:47:25     all   46.23    0.00    5.28    0.00    0.00   11.31    0.00    0.00    0.00   37.19
06:47:26     all   45.23    0.00    5.28    0.00    0.00   11.56    0.00    0.00    0.00   37.94
06:47:27     all   43.97    0.00    5.03    0.00    0.00   10.80    0.25    0.00    0.00   39.95
06:47:28     all   44.58    0.00    5.04    0.00    0.00   11.08    0.25    0.00    0.00   39.04
06:47:29     all   44.39    0.00    5.10    0.00    0.00   11.48    0.51    0.00    0.00   38.52
06:47:30     all   45.82    0.00    5.06    0.00    0.00   10.89    0.00    0.00    0.00   38.23
06:47:31     all   43.83    0.00    5.04    0.00    0.00   12.09    0.25    0.00    0.00   38.79
06:47:32     all   43.26    0.00    5.34    0.00    0.00   12.21    0.25    0.00    0.00   38.93
06:47:33     all   44.25    0.00    5.25    0.25    0.00   10.75    0.50    0.00    0.00   39.00
06:47:34     all   42.13    0.00    5.33    0.00    0.00   10.91    0.00    0.00    0.00   41.62
06:47:35     all   44.53    0.00    4.33    0.00    0.00   10.43    0.00    0.00    0.00   40.71
06:47:36     all   42.93    0.00    5.05    0.00    0.00   11.87    0.25    0.00    0.00   39.90
06:47:37     all   43.80    0.00    5.06    0.00    0.00   11.14    0.00    0.00    0.00   40.00
06:47:38     all   44.86    0.00    5.26    0.00    0.00   10.28    0.75    0.00    0.00   38.85
06:47:39     all   43.00    0.00    5.34    0.00    0.00   11.45    0.00    0.00    0.00   40.20
06:47:40     all   44.30    0.00    5.57    0.00    0.00   11.14    0.00    0.00    0.00   38.99
06:47:41     all   43.86    0.00    5.51    0.00    0.00   12.03    0.25    0.00    0.00   38.35
06:47:42     all   46.60    0.00    5.29    0.00    0.00   12.09    0.50    0.00    0.00   35.52
06:47:43     all   44.70    0.00    5.30    0.00    0.00   11.11    0.25    0.00    0.00   38.64
06:47:44     all   45.29    0.00    5.09    0.00    0.00   13.23    0.00    0.00    0.00   36.39
06:47:45     all   45.20    0.00    4.55    0.00    0.00   11.36    0.00    0.00    0.00   38.89
06:47:46     all   46.19    0.00    5.33    0.00    0.00   11.17    0.00    0.00    0.00   37.31
06:47:47     all   46.87    0.00    5.01    0.00    0.00   10.53    0.50    0.00    0.00   37.09
06:47:48     all   45.01    0.00    4.09    0.00    0.00   10.23    0.26    0.00    0.00   40.41
06:47:49     all   44.11    0.00    5.01    0.00    0.00   11.78    0.25    0.00    0.00   38.85
06:47:50     all   45.78    0.00    5.12    0.00    0.00   11.00    0.00    0.00    0.00   38.11
06:47:51     all   42.32    0.00    5.54    0.00    0.00   11.84    0.00    0.00    0.00   40.30
06:47:52     all   43.61    0.00    4.51    0.00    0.00   12.28    0.75    0.00    0.00   38.85
06:47:53     all   42.11    0.00    5.51    0.00    0.00   11.28    0.25    0.00    0.00   40.85
06:47:54     all   44.02    0.00    4.33    0.00    0.00   11.45    0.00    0.00    0.00   40.20
06:47:55     all   44.92    0.00    4.57    0.00    0.00   10.91    0.00    0.00    0.00   39.59
06:47:56     all   43.61    0.00    5.26    0.00    0.00   11.03    0.00    0.00    0.00   40.10
06:47:57     all   44.42    0.00    4.82    0.00    0.00   11.42    0.76    0.00    0.00   38.58
06:47:58     all   43.75    0.00    5.00    0.00    0.00   12.00    0.25    0.00    0.00   39.00
06:47:59     all   43.51    0.00    4.83    0.00    0.00   11.70    0.00    0.00    0.00   39.95
06:48:00     all   45.75    0.00    5.25    0.00    0.00   11.50    0.00    0.00    0.00   37.50
06:48:01     all   44.42    0.00    4.82    0.00    0.00   11.42    0.51    0.00    0.00   38.83
06:48:02     all   43.11    0.00    5.87    0.00    0.00   11.22    0.51    0.00    0.00   39.29
06:48:03     all   44.39    0.00    4.59    0.00    0.00   11.48    0.00    0.00    0.00   39.54
06:48:04     all   43.94    0.00    5.81    0.00    0.00   11.36    0.00    0.00    0.00   38.89
06:48:05     all   45.59    0.00    5.29    0.00    0.00   11.59    0.00    0.00    0.00   37.53
06:48:06     all   46.46    0.00    4.80    0.00    0.00   10.86    0.51    0.00    0.00   37.37
06:48:07     all   47.59    0.00    4.30    0.00    0.00   12.15    0.51    0.00    0.00   35.44
06:48:08     all   43.58    0.00    5.04    0.00    0.00   11.34    0.00    0.00    0.00   40.05
06:48:09     all   44.25    0.00    4.09    0.00    0.00   11.76    0.00    0.00    0.00   39.90
06:48:10     all   46.84    0.00    4.81    0.00    0.00   11.39    0.51    0.00    0.00   36.46
06:48:11     all   45.71    0.00    5.05    0.00    0.00   12.37    0.51    0.00    0.00   36.36
06:48:12     all   46.06    0.00    4.58    0.00    0.00   11.45    0.00    0.00    0.00   37.91
06:48:13     all   44.42    0.00    4.31    0.00    0.00   11.42    0.00    0.00    0.00   39.85
06:48:14     all   43.62    0.00    4.59    0.00    0.00   11.48    0.51    0.00    0.00   39.80
06:48:15     all   45.09    0.00    5.29    0.00    0.00   11.08    0.00    0.00    0.00   38.54
06:48:16     all   42.86    0.00    5.51    0.00    0.00   11.53    0.50    0.00    0.00   39.60
06:48:17     all   45.71    0.00    5.05    0.00    0.00   11.62    0.00    0.00    0.00   37.63
06:48:18     all   44.81    0.00    4.81    0.00    0.00   11.90    0.00    0.00    0.00   38.48
06:48:19     all   44.64    0.00    4.85    0.00    0.00   11.73    0.00    0.00    0.00   38.78
06:48:20     all   44.84    0.00    4.79    0.00    0.00   12.34    0.50    0.00    0.00   37.53
06:48:21     all   44.92    0.00    5.08    0.00    0.00   11.68    0.00    0.00    0.00   38.32
06:48:22     all   45.18    0.00    4.82    0.00    0.00   11.17    0.25    0.00    0.00   38.58
06:48:23     all   45.66    0.00    4.08    0.00    0.00   11.48    0.26    0.00    0.00   38.52
06:48:24     all   44.70    0.00    5.30    0.00    0.00   11.62    0.00    0.00    0.00   38.38
06:48:25     all   45.73    0.00    5.28    0.00    0.00   11.81    0.50    0.00    0.00   36.68
06:48:26     all   46.43    0.00    4.08    0.00    0.00   11.48    0.00    0.00    0.00   38.01
06:48:27     all   46.75    0.00    4.75    0.00    0.00   11.75    0.50    0.00    0.00   36.25
06:48:28     all   46.58    0.00    4.30    0.00    0.00   10.63    0.00    0.00    0.00   38.48
06:48:29     all   43.69    0.00    5.05    0.00    0.00   12.37    0.25    0.00    0.00   38.64
06:48:30     all   45.57    0.00    5.32    0.00    0.00   11.90    0.25    0.00    0.00   36.96
06:48:31     all   45.76    0.00    5.40    0.00    0.00   12.08    0.51    0.00    0.00   36.25
06:48:32     all   44.78    0.00    5.09    0.00    0.00   12.47    0.00    0.00    0.00   37.66
06:48:33     all   45.25    0.00    5.25    0.00    0.00   11.00    0.25    0.00    0.00   38.25
06:48:34     all   45.04    0.00    4.58    0.00    0.00   10.69    0.25    0.00    0.00   39.44
06:48:35     all   43.37    0.00    5.10    0.00    0.00   11.48    0.00    0.00    0.00   40.05
06:48:36     all   44.25    0.00    5.00    0.00    0.00   11.50    0.50    0.00    0.00   38.75
06:48:37     all   46.67    0.00    4.87    0.00    0.00   11.03    0.00    0.00    0.00   37.44
06:48:38     all   44.05    0.00    5.06    0.00    0.00   10.63    0.25    0.00    0.00   40.00
06:48:39     all   44.33    0.00    5.04    0.00    0.00   11.59    0.25    0.00    0.00   38.79
06:48:40     all   45.69    0.00    4.31    0.00    0.00   12.18    0.00    0.00    0.00   37.82
06:48:41     all   43.80    0.00    6.08    0.00    0.00   11.14    0.25    0.00    0.00   38.73
06:48:42     all   44.64    0.00    4.99    0.00    0.00   11.97    0.25    0.00    0.00   38.15
06:48:43     all   44.56    0.00    5.06    0.00    0.00   11.14    0.51    0.00    0.00   38.73
06:48:44     all   43.80    0.00    5.57    0.00    0.00   11.39    0.00    0.00    0.00   39.24
06:48:45     all   45.32    0.00    4.05    0.00    0.00   11.65    0.00    0.00    0.00   38.99
06:48:46     all   46.31    0.00    4.83    0.00    0.00   11.45    0.00    0.00    0.00   37.40
06:48:47     all   43.83    0.00    4.79    0.00    0.00   11.59    0.50    0.00    0.00   39.29
06:48:48     all   44.92    0.00    4.82    0.00    0.00   11.68    0.00    0.00    0.00   38.58
06:48:49     all   45.11    0.00    5.01    0.00    0.00   11.53    0.50    0.00    0.00   37.84
06:48:50     all   46.46    0.00    5.05    0.00    0.00   12.12    0.00    0.00    0.00   36.36
06:48:51     all   44.84    0.00    5.54    0.00    0.00   11.59    0.00    0.00    0.00   38.04
06:48:52     all   48.22    0.00    4.57    0.00    0.00   10.91    0.00    0.00    0.00   36.29
06:48:53     all   46.58    0.00    5.06    0.00    0.00   10.38    0.51    0.00    0.00   37.47
06:48:54     all   46.97    0.00    4.55    0.00    0.00   10.86    0.25    0.00    0.00   37.37
06:48:55     all   45.98    0.00    4.52    0.00    0.00   12.06    0.25    0.00    0.00   37.19
06:48:56     all   45.57    0.00    5.06    0.00    0.00   11.90    0.00    0.00    0.00   37.47
06:48:57     all   44.97    0.00    5.03    0.00    0.00   12.31    0.00    0.00    0.00   37.69
06:48:58     all   43.65    0.00    4.31    0.25    0.00   10.91    0.51    0.00    0.00   40.36
06:48:59     all   43.25    0.00    6.00    0.00    0.00   11.50    0.50    0.00    0.00   38.75
06:49:00     all   45.43    0.00    4.82    0.00    0.00   10.91    0.00    0.00    0.00   38.83
06:49:01     all   44.50    0.00    4.86    0.00    0.00   11.25    0.00    0.00    0.00   39.39
06:49:02     all   43.11    0.00    4.76    0.00    0.00   11.53    0.50    0.00    0.00   40.10
06:49:03     all   43.83    0.00    5.04    0.25    0.00   10.58    0.50    0.00    0.00   39.80
06:49:04     all   43.61    0.00    5.26    0.00    0.00   11.28    0.00    0.00    0.00   39.85
06:49:05     all   43.94    0.00    5.56    0.00    0.00   10.86    0.00    0.00    0.00   39.65
06:49:06     all   46.21    0.00    4.80    0.00    0.00   10.86    0.00    0.00    0.00   38.13
06:49:07     all   44.47    0.00    4.52    0.00    0.00   11.06    0.25    0.00    0.00   39.70
06:49:08     all   44.86    0.00    5.26    0.00    0.00   10.53    0.75    0.00    0.00   38.60
06:49:09     all   45.29    0.00    4.83    0.00    0.00   11.70    0.00    0.00    0.00   38.17
06:49:10     all   44.95    0.00    5.56    0.00    0.00   11.36    0.00    0.00    0.00   38.13
06:49:11     all   43.65    0.00    5.33    0.00    0.00   11.93    0.00    0.00    0.00   39.09
06:49:12     all   45.20    0.00    4.80    0.00    0.00   11.11    0.00    0.00    0.00   38.89
06:49:13     all   43.94    0.00    4.55    0.00    0.00   11.11    0.76    0.00    0.00   39.65
06:49:14     all   45.43    0.00    4.57    0.00    0.00   11.68    0.25    0.00    0.00   38.07
06:49:15     all   44.19    0.00    5.30    0.00    0.00   11.11    0.00    0.00    0.00   39.39
06:49:16     all   46.43    0.00    4.59    0.00    0.00   11.22    0.00    0.00    0.00   37.76
06:49:17     all   46.21    0.00    4.80    0.00    0.00   10.86    0.51    0.00    0.00   37.63
06:49:18     all   44.36    0.00    5.38    0.00    0.00   11.54    0.26    0.00    0.00   38.46
06:49:19     all   46.21    0.00    5.81    0.00    0.00   10.61    0.25    0.00    0.00   37.12
06:49:20     all   50.25    0.00    5.05    0.00    0.00   12.88    0.00    0.00    0.00   31.82
06:49:21     all   44.50    0.00    4.09    0.00    0.00   11.00    0.00    0.00    0.00   40.41
06:49:22     all   45.55    0.00    5.34    0.00    0.00   10.18    0.00    0.00    0.00   38.93
06:49:23     all   45.61    0.00    4.76    0.00    0.00   11.03    0.75    0.00    0.00   37.84
06:49:24     all   41.75    0.00    4.75    0.00    0.00   12.50    0.25    0.00    0.00   40.75
06:49:25     all   43.62    0.00    4.85    0.00    0.00   11.22    0.00    0.00    0.00   40.31
06:49:26     all   42.00    0.00    5.75    0.00    0.00   12.00    0.00    0.00    0.00   40.25
06:49:27     all   44.44    0.00    4.80    0.00    0.00   12.12    0.76    0.00    0.00   37.88
06:49:28     all   44.97    0.00    5.28    0.00    0.00   11.81    0.00    0.00    0.00   37.94
06:49:29     all   44.84    0.00    4.79    0.00    0.00   12.09    0.25    0.00    0.00   38.04
06:49:30     all   45.55    0.00    5.34    0.00    0.00   11.70    0.00    0.00    0.00   37.40
06:49:31     all   44.78    0.00    4.58    0.00    0.00   12.21    0.00    0.00    0.00   38.42
06:49:32     all   45.84    0.00    4.28    0.00    0.00   11.34    0.76    0.00    0.00   37.78
06:49:33     all   45.06    0.00    5.82    0.00    0.00   11.39    0.00    0.00    0.00   37.72
06:49:34     all   46.70    0.00    4.57    0.00    0.00   11.68    0.25    0.00    0.00   36.80
06:49:35     all   46.08    0.00    5.06    0.00    0.00   10.89    0.00    0.00    0.00   37.97
06:49:36     all   46.31    0.00    4.83    0.00    0.00   11.96    0.00    0.00    0.00   36.90
06:49:37     all   44.53    0.00    5.47    0.00    0.00   11.44    0.75    0.00    0.00   37.81
06:49:38     all   45.32    0.00    5.32    0.00    0.00   11.90    0.00    0.00    0.00   37.47
06:49:39     all   45.82    0.00    3.80    0.00    0.00   11.90    0.25    0.00    0.00   38.23
06:49:40     all   46.50    0.00    4.75    0.00    0.00   11.75    0.00    0.00    0.00   37.00
06:49:41     all   45.15    0.00    5.10    0.00    0.00   11.73    0.00    0.00    0.00   38.01
06:49:42     all   47.13    0.00    4.49    0.00    0.00   11.97    1.00    0.00    0.00   35.41
06:49:43     all   45.29    0.00    4.83    0.00    0.00   12.21    0.00    0.00    0.00   37.66
06:49:44     all   45.04    0.00    5.60    0.00    0.00   11.45    0.00    0.00    0.00   37.91
06:49:45     all   45.09    0.00    4.28    0.00    0.00   11.59    0.50    0.00    0.00   38.54
06:49:46     all   46.35    0.00    4.79    0.00    0.00   10.83    0.50    0.00    0.00   37.53
06:49:47     all   44.86    0.00    5.26    0.00    0.00   11.78    0.00    0.00    0.00   38.10
06:49:48     all   46.06    0.00    4.58    0.00    0.00   10.94    0.00    0.00    0.00   38.42
06:49:49     all   44.72    0.00    5.78    0.00    0.00   11.56    0.25    0.00    0.00   37.69
06:49:50     all   45.84    0.00    4.53    0.00    0.00   10.83    0.25    0.00    0.00   38.54
06:49:51     all   43.94    0.00    5.30    0.00    0.00   11.87    0.51    0.00    0.00   38.38
06:49:52     all   45.06    0.00    5.32    0.00    0.00   11.65    0.00    0.00    0.00   37.97
06:49:53     all   46.35    0.00    4.53    0.00    0.00   11.34    0.25    0.00    0.00   37.53
06:49:54     all   44.67    0.00    4.82    0.00    0.00   11.17    0.25    0.00    0.00   39.09
06:49:55     all   44.61    0.00    5.76    0.00    0.00   11.03    0.50    0.00    0.00   38.10
06:49:56     all   45.32    0.00    4.30    0.00    0.00   11.39    0.00    0.00    0.00   38.99
06:49:57     all   44.42    0.00    5.08    0.00    0.00   12.44    0.00    0.00    0.00   38.07
06:49:58     all   45.48    0.00    4.77    0.00    0.00   11.31    0.25    0.00    0.00   38.19
06:49:59     all   43.61    0.00    5.01    0.00    0.00   11.78    0.25    0.00    0.00   39.35
06:50:00     all   45.57    0.00    5.32    0.00    0.00   10.89    0.25    0.00    0.00   37.97
06:50:01     all   45.27    0.00    4.09    0.00    0.00   11.25    0.26    0.00    0.00   39.13
06:50:02     all   43.39    0.00    5.24    0.00    0.00   11.72    0.50    0.00    0.00   39.15
06:50:03     all   44.19    0.00    5.81    0.00    0.00   11.11    0.25    0.00    0.00   38.64
06:50:04     all   43.77    0.00    5.09    0.00    0.00   11.70    0.00    0.00    0.00   39.44
06:50:05     all   45.94    0.00    4.82    0.00    0.00   11.17    0.25    0.00    0.00   37.82
06:50:06     all   46.25    0.00    4.75    0.00    0.00   11.00    0.50    0.00    0.00   37.50
06:50:07     all   44.61    0.00    5.01    0.00    0.00   11.28    0.25    0.00    0.00   38.85
06:50:08     all   43.36    0.00    5.51    0.00    0.00   11.28    0.00    0.00    0.00   39.85
06:50:09     all   44.27    0.00    4.58    0.00    0.00   11.45    0.00    0.00    0.00   39.69
06:50:10     all   45.38    0.00    4.62    0.00    0.00   11.54    0.51    0.00    0.00   37.95
06:50:11     all   44.16    0.00    5.33    0.00    0.00   11.68    0.51    0.00    0.00   38.32
06:50:12     all   43.18    0.00    5.56    0.00    0.00   11.62    0.00    0.00    0.00   39.65
06:50:13     all   44.16    0.00    4.57    0.00    0.00   12.18    0.00    0.00    0.00   39.09
06:50:14     all   45.34    0.00    5.04    0.00    0.00   11.59    0.25    0.00    0.00   37.78
06:50:15     all   44.53    0.00    4.58    0.00    0.00   11.20    0.51    0.00    0.00   39.19
06:50:16     all   44.25    0.00    5.25    0.00    0.00   11.50    0.25    0.00    0.00   38.75
06:50:17     all   42.89    0.00    3.81    0.00    0.00   11.68    0.00    0.00    0.00   41.62
06:50:18     all   33.08    0.00    4.04    0.00    0.00    8.59    0.00    0.00    0.00   54.29
06:50:19     all   23.29    0.00    2.53    0.00    0.00    6.08    0.00    0.00    0.00   68.10
06:50:20     all   37.34    0.00    4.86    0.00    0.00    8.95    0.26    0.00    0.00   48.59
06:50:21     all   36.78    0.00    4.53    0.00    0.00    9.32    0.76    0.00    0.00   48.61
06:50:22     all   44.42    0.00    5.58    0.00    0.00   11.93    0.00    0.00    0.00   38.07
06:50:23     all   44.44    0.00    4.80    0.00    0.00   11.11    0.00    0.00    0.00   39.65
06:50:24     all   44.13    0.00    5.36    0.00    0.00   11.99    0.00    0.00    0.00   38.52
06:50:25     all   46.35    0.00    5.54    0.00    0.00   11.34    1.01    0.00    0.00   35.77
06:50:26     all   43.26    0.00    5.09    0.00    0.00   12.21    0.00    0.00    0.00   39.44
06:50:27     all   45.06    0.00    5.06    0.00    0.00   12.91    0.00    0.00    0.00   36.96
06:50:28     all   44.19    0.00    4.80    0.00    0.00   11.87    0.00    0.00    0.00   39.14
06:50:29     all   44.92    0.00    4.82    0.25    0.00   12.18    0.25    0.00    0.00   37.56
06:50:30     all   45.27    0.00    5.22    0.00    0.00   11.94    0.75    0.00    0.00   36.82
06:50:31     all   44.64    0.00    4.34    0.00    0.00   11.48    0.00    0.00    0.00   39.54
06:50:32     all   45.20    0.00    5.56    0.00    0.00   11.36    0.00    0.00    0.00   37.88
06:50:33     all   44.33    0.00    5.04    0.00    0.00   11.34    0.00    0.00    0.00   39.29
06:50:34     all   43.32    0.00    5.29    0.00    0.00   11.59    0.50    0.00    0.00   39.29
06:50:35     all   44.33    0.00    4.79    0.00    0.00   11.59    0.25    0.00    0.00   39.04
06:50:36     all   44.47    0.00    5.03    0.00    0.00   11.31    0.25    0.00    0.00   38.94
06:50:37     all   45.29    0.00    4.83    0.00    0.00   11.70    0.00    0.00    0.00   38.17
06:50:38     all   43.18    0.00    5.30    0.00    0.00   12.12    0.00    0.00    0.00   39.39
06:50:39     all   43.80    0.00    4.81    0.00    0.00   10.89    0.76    0.00    0.00   39.75
06:50:40     all   44.33    0.00    5.29    0.00    0.00   11.34    0.25    0.00    0.00   38.79
06:50:41     all   43.99    0.00    4.60    0.00    0.00   11.25    0.00    0.00    0.00   40.15
06:50:42     all   44.16    0.00    4.57    0.00    0.00   11.42    0.00    0.00    0.00   39.85
06:50:43     all   40.97    0.00    4.58    0.00    0.00   11.70    0.00    0.00    0.00   42.75
06:50:44     all   42.21    0.00    5.28    0.00    0.00   11.06    0.25    0.00    0.00   41.21
06:50:45     all   42.96    0.00    5.03    0.00    0.00   10.55    0.50    0.00    0.00   40.95
06:50:46     all   43.69    0.00    4.80    0.00    0.00   11.11    0.00    0.00    0.00   40.40
06:50:47     all   43.86    0.00    5.26    0.00    0.00   10.78    0.25    0.00    0.00   39.85
06:50:48     all   42.53    0.00    4.56    0.00    0.00   11.90    0.00    0.00    0.00   41.01
06:50:49     all   44.02    0.00    4.58    0.00    0.00   10.94    0.00    0.00    0.00   40.46
06:50:50     all   42.93    0.00    5.30    0.00    0.00   11.87    0.00    0.00    0.00   39.90
06:50:51     all   42.32    0.00    5.29    0.00    0.00   10.83    0.76    0.00    0.00   40.81
06:50:52     all   44.70    0.00    4.80    0.00    0.00   11.87    0.00    0.00    0.00   38.64
06:50:53     all   44.53    0.00    4.07    0.00    0.00   11.20    0.25    0.00    0.00   39.95
06:50:54     all   44.61    0.00    5.26    0.00    0.00   11.28    0.00    0.00    0.00   38.85
06:50:55     all   44.27    0.00    5.34    0.00    0.00   11.96    0.00    0.00    0.00   38.42
06:50:56     all   43.51    0.00    4.83    0.00    0.00   10.94    0.76    0.00    0.00   39.95
06:50:57     all   45.48    0.00    5.28    0.25    0.00   12.06    0.00    0.00    0.00   36.93
06:50:58     all   45.18    0.00    5.58    0.00    0.00   11.68    0.00    0.00    0.00   37.56
06:50:59     all   45.73    0.00    5.78    0.00    0.00   10.55    0.25    0.00    0.00   37.69
06:51:00     all   46.55    0.00    4.60    0.00    0.00   11.00    0.26    0.00    0.00   37.60
06:51:01     all   44.75    0.00    5.00    0.00    0.00   10.00    0.50    0.00    0.00   39.75
06:51:02     all   44.27    0.00    4.83    0.00    0.00   11.20    0.00    0.00    0.00   39.69
06:51:03     all   44.44    0.00    4.55    0.00    0.00   11.36    0.00    0.00    0.00   39.65
06:51:04     all   43.40    0.00    5.58    0.00    0.00   10.41    0.25    0.00    0.00   40.36
06:51:05     all   43.77    0.00    4.07    0.00    0.00   11.70    0.00    0.00    0.00   40.46
06:51:06     all   42.82    0.00    4.79    0.00    0.00   11.59    0.50    0.00    0.00   40.30
06:51:07     all   45.71    0.00    5.05    0.00    0.00   10.10    0.25    0.00    0.00   38.89
06:51:08     all   43.88    0.00    4.34    0.00    0.00   10.71    0.00    0.00    0.00   41.07
06:51:09     all   43.69    0.00    5.56    0.00    0.00   10.61    0.25    0.00    0.00   39.90
06:51:10     all   43.80    0.00    5.06    0.00    0.00   11.65    0.00    0.00    0.00   39.49
06:51:11     all   44.53    0.00    5.34    0.00    0.00   10.94    0.51    0.00    0.00   38.68
06:51:12     all   45.24    0.00    5.14    0.00    0.00   10.03    0.26    0.00    0.00   39.33
06:51:13     all   43.54    0.00    4.30    0.00    0.00   11.14    0.00    0.00    0.00   41.01
06:51:14     all   42.75    0.00    4.07    0.00    0.00   11.45    0.00    0.00    0.00   41.73
06:51:15     all   43.22    0.00    5.03    0.00    0.00   11.31    0.25    0.00    0.00   40.20
06:51:16     all   44.58    0.00    4.79    0.00    0.00   11.34    0.25    0.00    0.00   39.04
06:51:17     all   42.97    0.00    4.60    0.00    0.00   11.76    0.26    0.00    0.00   40.41
06:51:18     all   44.95    0.00    5.05    0.00    0.00   11.11    0.25    0.00    0.00   38.64
06:51:19     all   44.16    0.00    5.33    0.00    0.00   11.42    0.00    0.00    0.00   39.09
06:51:20     all   45.32    0.00    5.32    0.00    0.00   12.15    0.00    0.00    0.00   37.22
06:51:21     all   44.76    0.00    4.60    0.00    0.00   10.49    0.26    0.00    0.00   39.90
06:51:22     all   43.94    0.00    5.30    0.00    0.00   10.10    0.51    0.00    0.00   40.15
06:51:23     all   41.71    0.00    5.03    0.00    0.00   11.31    0.25    0.00    0.00   41.71
06:51:24     all   44.36    0.00    4.36    0.00    0.00   10.26    0.00    0.00    0.00   41.03
06:51:25     all   43.07    0.00    5.29    0.25    0.00   10.83    0.00    0.00    0.00   40.55
06:51:26     all   42.42    0.00    4.29    0.00    0.00   12.12    0.00    0.00    0.00   41.16
06:51:27     all   42.96    0.00    5.53    0.00    0.00   10.80    0.75    0.00    0.00   39.95
06:51:28     all   41.71    0.00    4.77    0.00    0.00   10.55    0.25    0.00    0.00   42.71
06:51:29     all   43.18    0.00    4.80    0.00    0.00   11.11    0.00    0.00    0.00   40.91
06:51:30     all   43.26    0.00    4.83    0.00    0.00   11.96    0.00    0.00    0.00   39.95
06:51:31     all   44.02    0.00    4.83    0.00    0.00   11.20    0.00    0.00    0.00   39.95
06:51:32     all   45.06    0.00    4.81    0.00    0.00   10.89    1.01    0.00    0.00   38.23
06:51:33     all   44.70    0.00    4.80    0.00    0.00   11.36    0.00    0.00    0.00   39.14
06:51:34     all   46.38    0.00    4.99    0.00    0.00   11.22    0.00    0.00    0.00   37.41
06:51:35     all   45.18    0.00    4.82    0.00    0.00   11.17    0.00    0.00    0.00   38.83
06:51:36     all   43.62    0.00    4.08    0.00    0.00   11.99    0.26    0.00    0.00   40.05
06:51:37     all   42.82    0.00    4.28    0.00    0.00   11.84    0.76    0.00    0.00   40.30
06:51:38     all   44.30    0.00    4.05    0.00    0.00   11.14    0.00    0.00    0.00   40.51
06:51:39     all   44.42    0.00    4.82    0.00    0.00   10.66    0.00    0.00    0.00   40.10
06:51:40     all   45.45    0.00    5.05    0.00    0.00   11.62    0.00    0.00    0.00   37.88
06:51:41     all   44.08    0.00    4.79    0.00    0.00   10.83    0.50    0.00    0.00   39.80
06:51:42     all   43.78    0.00    5.47    0.00    0.00   10.70    0.50    0.00    0.00   39.55
06:51:43     all   43.00    0.00    4.58    0.00    0.00   11.20    0.00    0.00    0.00   41.22
06:51:44     all   44.19    0.00    5.30    0.00    0.00    9.85    0.00    0.00    0.00   40.66
06:51:45     all   42.78    0.00    4.56    0.00    0.00   11.65    0.00    0.00    0.00   41.01
06:51:46     all   44.64    0.00    4.59    0.00    0.00   10.71    0.51    0.00    0.00   39.54
06:51:47     all   45.11    0.00    5.26    0.00    0.00   10.53    0.50    0.00    0.00   38.60
06:51:48     all   42.68    0.00    5.30    0.00    0.00   11.62    0.00    0.00    0.00   40.40
06:51:49     all   44.90    0.00    4.85    0.00    0.00   10.71    0.00    0.00    0.00   39.54
06:51:50     all   44.22    0.00    4.27    0.00    0.00   11.06    0.50    0.00    0.00   39.95
06:51:51     all   42.93    0.00    5.05    0.00    0.00   10.86    0.51    0.00    0.00   40.66
06:51:52     all   44.25    0.00    4.35    0.00    0.00   11.00    0.00    0.00    0.00   40.41
06:51:53     all   43.47    0.00    4.77    0.00    0.00   11.06    0.00    0.00    0.00   40.70
06:51:54     all   45.34    0.00    4.79    0.00    0.00   11.08    0.50    0.00    0.00   38.29
06:51:55     all   45.57    0.00    5.32    0.00    0.00   10.63    0.51    0.00    0.00   37.97
06:51:56     all   44.92    0.00    5.08    0.00    0.00   11.42    0.00    0.00    0.00   38.58
06:51:57     all   45.09    0.00    5.04    0.00    0.00   12.85    0.50    0.00    0.00   36.52
06:51:58     all   44.00    0.00    5.00    0.00    0.00   10.75    0.50    0.00    0.00   39.75
06:51:59     all   45.59    0.00    4.53    0.00    0.00   11.34    0.00    0.00    0.00   38.54
06:52:00     all   47.99    0.00    5.28    0.00    0.00   11.81    0.75    0.00    0.00   34.17
06:52:01     all   45.73    0.00    5.28    0.00    0.00   11.81    0.25    0.00    0.00   36.93
06:52:02     all   43.54    0.00    5.57    0.00    0.00   11.90    0.00    0.00    0.00   38.99
06:52:03     all   42.42    0.00    3.79    0.00    0.00   10.61    0.51    0.00    0.00   42.68
06:52:04     all   43.29    0.00    5.32    0.00    0.00   11.14    0.25    0.00    0.00   40.00
06:52:05     all   45.34    0.00    4.53    0.00    0.00   11.34    0.25    0.00    0.00   38.54
06:52:06     all   46.35    0.00    4.79    0.00    0.00   11.84    0.00    0.00    0.00   37.03
06:52:07     all   46.10    0.00    4.79    0.00    0.00   11.08    0.25    0.00    0.00   37.78
06:52:08     all   46.84    0.00    5.06    0.00    0.00   11.39    0.51    0.00    0.00   36.20
06:52:09     all   44.92    0.00    5.33    0.00    0.00   12.44    0.25    0.00    0.00   37.06
06:52:10     all   46.08    0.00    5.82    0.00    0.00   10.89    0.00    0.00    0.00   37.22
06:52:11     all   44.58    0.00    4.79    0.00    0.00   11.84    0.00    0.00    0.00   38.79
06:52:12     all   43.32    0.00    5.04    0.00    0.00   12.34    0.76    0.00    0.00   38.54
06:52:13     all   44.84    0.00    5.04    0.00    0.00   10.08    0.25    0.00    0.00   39.80
06:52:14     all   41.77    0.00    6.08    0.00    0.00   10.89    0.00    0.00    0.00   41.27
06:52:15     all   40.66    0.00    5.12    0.00    0.00   11.76    0.00    0.00    0.00   42.46
06:52:16     all   43.25    0.00    4.75    0.00    0.00   11.50    0.75    0.00    0.00   39.75
06:52:17     all   42.75    0.00    5.85    0.00    0.00   10.69    0.00    0.00    0.00   40.71
06:52:18     all   43.26    0.00    4.58    0.00    0.00   10.69    0.00    0.00    0.00   41.48
06:52:19     all   44.30    0.00    4.30    0.00    0.00   10.38    0.25    0.00    0.00   40.76
06:52:20     all   43.72    0.00    5.03    0.00    0.00   11.06    0.50    0.00    0.00   39.70
06:52:21     all   44.92    0.00    4.06    0.00    0.00   10.91    0.00    0.00    0.00   40.10
06:52:22     all   46.46    0.00    4.55    0.00    0.00   10.86    0.25    0.00    0.00   37.88
06:52:23     all   45.18    0.00    5.58    0.00    0.00   10.66    0.00    0.00    0.00   38.58
06:52:24     all   44.25    0.00    5.25    0.00    0.00   12.00    0.25    0.00    0.00   38.25
06:52:25     all   45.57    0.00    4.81    0.00    0.00   11.90    0.51    0.00    0.00   37.22
06:52:26     all   44.95    0.00    4.80    0.00    0.00   11.11    0.25    0.00    0.00   38.89
06:52:27     all   46.95    0.00    4.57    0.00    0.00   11.42    0.00    0.00    0.00   37.06
06:52:28     all   46.68    0.00    4.34    0.00    0.00   10.97    0.00    0.00    0.00   38.01
06:52:29     all   45.43    0.00    4.31    0.00    0.00   11.17    0.25    0.00    0.00   38.83
06:52:30     all   47.12    0.00    4.26    0.00    0.00   11.03    0.50    0.00    0.00   37.09
06:52:31     all   44.95    0.00    5.81    0.00    0.00   11.62    0.25    0.00    0.00   37.37
06:52:32     all   43.99    0.00    5.63    0.00    0.00   11.00    0.00    0.00    0.00   39.39
06:52:33     all   44.27    0.00    4.33    0.00    0.00   11.20    0.00    0.00    0.00   40.20
06:52:34     all   44.44    0.00    5.05    0.00    0.00   11.36    0.00    0.00    0.00   39.14
06:52:35     all   43.65    0.00    5.08    0.00    0.00   11.17    0.00    0.00    0.00   40.10
06:52:36     all   43.75    0.00    5.00    0.00    0.00   11.75    0.75    0.00    0.00   38.75
06:52:37     all   43.91    0.00    5.33    0.00    0.00   11.42    0.25    0.00    0.00   39.09
06:52:38     all   43.80    0.00    5.06    0.00    0.00   11.14    0.00    0.00    0.00   40.00
06:52:39     all   44.61    0.00    5.01    0.00    0.00   11.78    0.00    0.00    0.00   38.60
06:52:40     all   45.32    0.00    4.81    0.00    0.00   11.90    0.00    0.00    0.00   37.97
06:52:41     all   44.70    0.00    5.30    0.00    0.00   11.11    0.00    0.00    0.00   38.89
06:52:42     all   44.22    0.00    5.03    0.00    0.00   11.56    1.01    0.00    0.00   38.19
06:52:43     all   44.42    0.00    4.82    0.00    0.00   10.91    0.00    0.00    0.00   39.85
06:52:44     all   43.29    0.00    5.57    0.00    0.00   10.89    0.00    0.00    0.00   40.25
06:52:45     all   45.96    0.00    5.56    0.00    0.00   11.11    0.00    0.00    0.00   37.37
06:52:46     all   44.81    0.00    4.56    0.00    0.00   12.15    0.00    0.00    0.00   38.48
06:52:47     all   45.59    0.00    4.79    0.00    0.00   11.34    0.50    0.00    0.00   37.78
06:52:48     all   44.70    0.00    5.05    0.00    0.00   10.86    0.51    0.00    0.00   38.89
06:52:49     all   43.80    0.00    5.32    0.00    0.00   11.65    0.00    0.00    0.00   39.24
06:52:50     all   44.72    0.00    4.52    0.25    0.00   11.31    0.00    0.00    0.00   39.20
06:52:51     all   43.51    0.00    5.34    0.00    0.00   11.70    0.00    0.00    0.00   39.44
06:52:52     all   43.54    0.00    5.06    0.00    0.00   12.41    0.25    0.00    0.00   38.73
06:52:53     all   43.97    0.00    4.52    0.00    0.00   10.05    0.75    0.00    0.00   40.70
06:52:54     all   44.02    0.00    4.58    0.00    0.00   11.20    0.00    0.00    0.00   40.20
06:52:55     all   44.61    0.00    5.51    0.00    0.00   11.53    0.00    0.00    0.00   38.35
06:52:56     all   44.27    0.00    5.09    0.00    0.00   10.94    0.00    0.00    0.00   39.69
06:52:57     all   44.11    0.00    5.51    0.00    0.00   12.03    0.00    0.00    0.00   38.35
06:52:58     all   44.36    0.00    4.87    0.00    0.00   10.26    0.51    0.00    0.00   40.00
06:52:59     all   41.92    0.00    5.30    0.00    0.00   11.87    0.51    0.00    0.00   40.40
06:53:00     all   45.06    0.00    5.82    0.00    0.00   12.41    0.00    0.00    0.00   36.71
06:53:01     all   44.72    0.00    5.53    0.00    0.00   10.55    0.00    0.00    0.00   39.20
06:53:02     all   44.97    0.00    5.53    0.00    0.00   10.55    0.25    0.00    0.00   38.69
06:53:03     all   43.43    0.00    4.29    0.00    0.00   10.86    0.51    0.00    0.00   40.91
06:53:04     all   41.65    0.00    4.49    0.00    0.00   10.47    0.25    0.00    0.00   43.14
06:53:05     all   42.53    0.00    5.06    0.00    0.00   11.39    0.00    0.00    0.00   41.01
06:53:06     all   43.85    0.00    5.64    0.00    0.00   11.03    0.00    0.00    0.00   39.49
06:53:07     all   43.89    0.00    4.99    0.00    0.00   11.47    0.50    0.00    0.00   39.15
06:53:08     all   43.32    0.00    4.79    0.00    0.00   11.08    0.25    0.00    0.00   40.55
06:53:09     all   43.07    0.00    5.29    0.00    0.00   10.08    0.25    0.00    0.00   41.31
06:53:10     all   44.76    0.00    4.86    0.00    0.00   10.74    0.00    0.00    0.00   39.64
06:53:11     all   43.72    0.00    5.28    0.00    0.00   11.81    0.00    0.00    0.00   39.20
06:53:12     all   43.73    0.00    5.37    0.00    0.00   11.00    0.26    0.00    0.00   39.64
06:53:13     all   44.36    0.00    4.76    0.00    0.00   10.78    0.50    0.00    0.00   39.60
06:53:14     all   44.30    0.00    4.56    0.00    0.00   11.39    0.25    0.00    0.00   39.49
06:53:15     all   43.43    0.00    5.30    0.00    0.00   11.62    0.00    0.00    0.00   39.65
06:53:16     all   44.67    0.00    4.06    0.00    0.00   10.91    0.00    0.00    0.00   40.36
06:53:17     all   42.71    0.00    4.52    0.00    0.00   11.81    0.00    0.00    0.00   40.95
06:53:18     all   39.75    0.00    4.81    0.00    0.00   10.38    0.25    0.00    0.00   44.81
06:53:19     all   18.94    0.00    2.02    0.00    0.00    4.29    0.51    0.00    0.00   74.24
06:53:20     all   36.39    0.00    3.82    0.00    0.00    9.41    0.25    0.00    0.00   50.13
06:53:21     all   37.12    0.00    4.29    0.00    0.00    9.34    0.00    0.00    0.00   49.24
06:53:22     all   41.96    0.00    4.77    0.00    0.00   10.80    0.00    0.00    0.00   42.46
06:53:23     all   42.03    0.00    4.81    0.00    0.00   10.13    0.51    0.00    0.00   42.53
06:53:24     all   45.71    0.00    4.04    0.00    0.00   11.11    0.51    0.00    0.00   38.64
06:53:25     all   43.56    0.00    5.15    0.00    0.00   11.34    0.00    0.00    0.00   39.95
06:53:26     all   45.11    0.00    5.01    0.00    0.00   11.53    0.00    0.00    0.00   38.35
06:53:27     all   44.42    0.00    4.31    0.00    0.00   11.17    0.25    0.00    0.00   39.85
06:53:28     all   42.17    0.00    4.80    0.00    0.00   11.11    0.51    0.00    0.00   41.41
06:53:29     all   45.06    0.00    4.81    0.00    0.00   11.14    0.25    0.00    0.00   38.73
06:53:30     all   45.27    0.00    5.12    0.00    0.00   11.25    0.00    0.00    0.00   38.36
06:53:31     all   45.36    0.00    5.76    0.00    0.00   11.03    0.25    0.00    0.00   37.59
06:53:32     all   46.43    0.00    4.59    0.00    0.00   11.22    0.51    0.00    0.00   37.24
06:53:33     all   44.08    0.00    4.53    0.00    0.00   11.08    0.25    0.00    0.00   40.05
06:53:34     all   44.36    0.00    4.87    0.00    0.00   11.03    0.00    0.00    0.00   39.74
06:53:35     all   45.20    0.00    5.30    0.00    0.00   10.61    0.25    0.00    0.00   38.64
06:53:36     all   43.91    0.00    5.08    0.00    0.00   11.42    0.51    0.00    0.00   39.09
06:53:37     all   43.22    0.00    5.53    0.00    0.00   11.31    0.00    0.00    0.00   39.95
06:53:38     all   43.28    0.00    5.22    0.00    0.00   12.19    0.25    0.00    0.00   39.05
06:53:39     all   44.81    0.00    4.56    0.00    0.00    9.87    0.25    0.00    0.00   40.51
06:53:40     all   45.34    0.00    4.53    0.00    0.00   10.83    0.50    0.00    0.00   38.79
06:53:41     all   41.71    0.00    5.03    0.00    0.00   11.31    0.00    0.00    0.00   41.96
06:53:42     all   45.64    0.00    3.85    0.00    0.00   10.77    0.77    0.00    0.00   38.97
06:53:43     all   43.15    0.00    5.08    0.00    0.00   11.42    0.25    0.00    0.00   40.10
06:53:44     all   43.80    0.00    4.56    0.00    0.00   11.65    0.00    0.00    0.00   40.00
06:53:45     all   43.62    0.00    5.10    0.00    0.00   10.97    0.00    0.00    0.00   40.31
06:53:46     all   42.64    0.00    4.82    0.00    0.00   11.17    0.25    0.00    0.00   41.12
06:53:47     all   44.08    0.00    4.53    0.00    0.00   11.34    0.50    0.00    0.00   39.55
06:53:48     all   42.86    0.00    5.26    0.00    0.00   11.53    0.25    0.00    0.00   40.10
06:53:49     all   43.40    0.00    4.57    0.00    0.00   11.17    0.00    0.00    0.00   40.86
06:53:50     all   43.07    0.00    4.79    0.00    0.00   12.09    0.25    0.00    0.00   39.80
06:53:51     all   43.91    0.00    4.57    0.00    0.00   11.68    0.00    0.00    0.00   39.85
06:53:52     all   43.80    0.00    4.81    0.00    0.00   11.39    0.51    0.00    0.00   39.49
06:53:53     all   41.81    0.00    5.04    0.00    0.00   11.34    0.25    0.00    0.00   41.56
06:53:54     all   41.67    0.00    5.56    0.00    0.00   11.62    0.00    0.00    0.00   41.16
06:53:55     all   44.67    0.00    4.31    0.00    0.00   10.91    0.00    0.00    0.00   40.10
06:53:56     all   43.59    0.00    4.87    0.00    0.00   11.03    0.26    0.00    0.00   40.26
06:53:57     all   44.22    0.00    5.28    0.00    0.00   11.31    0.50    0.00    0.00   38.69
06:53:58     all   44.19    0.00    4.29    0.00    0.00   10.61    0.25    0.00    0.00   40.66
06:53:59     all   41.92    0.00    5.30    0.25    0.00   11.11    0.00    0.00    0.00   41.41
06:54:00     all   44.44    0.00    5.56    0.00    0.00   10.61    0.00    0.00    0.00   39.39
06:54:01     all   43.00    0.00    5.00    0.00    0.00   11.50    0.75    0.00    0.00   39.75
06:54:02     all   45.29    0.00    4.83    0.00    0.00   10.94    0.00    0.00    0.00   38.93
06:54:03     all   43.65    0.00    5.08    0.00    0.00   10.41    0.25    0.00    0.00   40.61
06:54:04     all   41.52    0.00    5.06    0.00    0.00   12.15    0.00    0.00    0.00   41.27
06:54:05     all   43.94    0.00    5.30    0.00    0.00   11.62    0.00    0.00    0.00   39.14
06:54:06     all   42.86    0.00    4.85    0.00    0.00   10.97    0.51    0.00    0.00   40.82
06:54:07     all   43.26    0.00    4.83    0.00    0.00   11.45    0.51    0.00    0.00   39.95
06:54:08     all   43.15    0.00    4.31    0.00    0.00   11.42    0.00    0.00    0.00   41.12
06:54:09     all   41.84    0.00    5.36    0.00    0.00   11.48    0.00    0.00    0.00   41.33
06:54:10     all   43.04    0.00    5.32    0.00    0.00   10.89    0.00    0.00    0.00   40.76
06:54:11     all   43.22    0.00    4.77    0.00    0.00   11.06    0.50    0.00    0.00   40.45
06:54:12     all   45.06    0.00    5.06    0.00    0.00   11.39    0.25    0.00    0.00   38.23
06:54:13     all   42.68    0.00    5.05    0.00    0.00   10.86    0.25    0.00    0.00   41.16
06:54:14     all   43.99    0.00    4.86    0.00    0.00   10.74    0.00    0.00    0.00   40.41
06:54:15     all   43.40    0.00    4.57    0.00    0.00   12.18    0.00    0.00    0.00   39.85
06:54:16     all   43.65    0.00    4.57    0.00    0.00   10.91    0.25    0.00    0.00   40.61
06:54:17     all   42.28    0.00    4.81    0.00    0.00   11.39    0.25    0.00    0.00   41.27
06:54:18     all   43.36    0.00    5.01    0.00    0.00   10.78    0.25    0.00    0.00   40.60
06:54:19     all   44.56    0.00    5.57    0.00    0.00   10.38    0.00    0.00    0.00   39.49
06:54:20     all   44.58    0.00    4.28    0.00    0.00   11.08    0.25    0.00    0.00   39.80
06:54:21     all   45.15    0.00    4.59    0.00    0.00   10.46    0.00    0.00    0.00   39.80
06:54:22     all   44.75    0.00    5.50    0.00    0.00   12.75    0.25    0.00    0.00   36.75
06:54:23     all   44.13    0.00    4.59    0.00    0.00   11.48    0.26    0.00    0.00   39.54
06:54:24     all   43.18    0.00    4.80    0.00    0.00   11.36    0.25    0.00    0.00   40.40
06:54:25     all   43.61    0.00    5.51    0.00    0.00   12.03    0.25    0.00    0.00   38.60
06:54:26     all   42.46    0.00    5.03    0.00    0.00   12.06    0.25    0.00    0.00   40.20
06:54:27     all   45.20    0.00    5.30    0.00    0.00   11.62    0.00    0.00    0.00   37.88
06:54:28     all   42.96    0.00    4.27    0.00    0.00   11.31    0.25    0.00    0.00   41.21
06:54:29     all   43.80    0.00    5.06    0.00    0.00   10.63    0.00    0.00    0.00   40.51
06:54:30     all   44.30    0.00    4.05    0.00    0.00   11.39    0.51    0.00    0.00   39.75
06:54:31     all   43.15    0.00    4.57    0.00    0.00   10.66    0.25    0.00    0.00   41.37
06:54:32     all   43.69    0.00    4.80    0.00    0.00   11.62    0.00    0.00    0.00   39.90
06:54:33     all   42.96    0.00    5.03    0.00    0.00   11.31    0.25    0.00    0.00   40.45
06:54:34     all   43.51    0.00    4.83    0.00    0.00   10.69    0.00    0.00    0.00   40.97
06:54:35     all   45.11    0.00    5.51    0.00    0.00   10.28    0.25    0.00    0.00   38.85
06:54:36     all   44.05    0.00    5.06    0.00    0.00   11.39    0.51    0.00    0.00   38.99
06:54:37     all   43.50    0.00    5.50    0.00    0.00   12.25    0.00    0.00    0.00   38.75
06:54:38     all   43.19    0.00    4.63    0.00    0.00   11.31    0.00    0.00    0.00   40.87
06:54:39     all   43.51    0.00    5.34    0.00    0.00   11.45    0.25    0.00    0.00   39.44
06:54:40     all   43.80    0.00    4.81    0.00    0.00   12.66    0.00    0.00    0.00   38.73
06:54:41     all   42.89    0.00    4.31    0.00    0.00   10.66    0.76    0.00    0.00   41.37
06:54:42     all   44.30    0.00    5.06    0.00    0.00   10.89    0.00    0.00    0.00   39.75
06:54:43     all   43.22    0.00    4.52    0.00    0.00   11.06    0.00    0.00    0.00   41.21
06:54:44     all   44.14    0.00    4.74    0.00    0.00   11.47    0.00    0.00    0.00   39.65
06:54:45     all   44.84    0.00    5.04    0.00    0.00   11.84    1.01    0.00    0.00   37.28
06:54:46     all   46.63    0.00    4.74    0.00    0.00   11.97    0.00    0.00    0.00   36.66
06:54:47     all   44.84    0.00    4.53    0.00    0.00   11.08    0.00    0.00    0.00   39.55
06:54:48     all   45.34    0.00    5.04    0.00    0.00   11.84    0.00    0.00    0.00   37.78
06:54:49     all   44.67    0.00    4.82    0.00    0.00   10.91    0.25    0.00    0.00   39.34
06:54:50     all   43.25    0.00    5.00    0.00    0.00   11.50    0.25    0.00    0.00   40.00
06:54:51     all   43.26    0.00    4.58    0.00    0.00   11.20    0.51    0.00    0.00   40.46
06:54:52     all   43.18    0.00    5.30    0.00    0.00   12.12    0.00    0.00    0.00   39.39
06:54:53     all   44.19    0.00    5.05    0.00    0.00   11.11    0.00    0.00    0.00   39.65
06:54:54     all   43.77    0.00    5.09    0.00    0.00   11.20    0.25    0.00    0.00   39.69
06:54:55     all   46.33    0.00    4.30    0.00    0.00   11.14    0.25    0.00    0.00   37.97
06:54:56     all   45.09    0.00    5.29    0.00    0.00   11.84    0.50    0.00    0.00   37.28
06:54:57     all   45.20    0.00    4.04    0.00    0.00   12.37    0.00    0.00    0.00   38.38
06:54:58     all   42.64    0.00    4.31    0.00    0.00   11.68    0.00    0.00    0.00   41.37
06:54:59     all   45.20    0.00    4.80    0.00    0.00   11.11    0.25    0.00    0.00   38.64
06:55:00     all   44.81    0.00    4.81    0.00    0.00   11.90    0.51    0.00    0.00   37.97
06:55:01     all   45.11    0.00    4.76    0.00    0.00   11.28    0.25    0.00    0.00   38.60
06:55:02     all   43.99    0.00    5.37    0.26    0.00   10.74    0.00    0.00    0.00   39.64
06:55:03     all   42.86    0.00    4.76    0.00    0.00   12.03    0.25    0.00    0.00   40.10
06:55:04     all   43.72    0.00    5.03    0.00    0.00   11.31    0.25    0.00    0.00   39.70
06:55:05     all   44.47    0.00    5.03    0.00    0.00   10.55    0.50    0.00    0.00   39.45
06:55:06     all   43.61    0.00    4.76    0.00    0.00   11.53    0.00    0.00    0.00   40.10
06:55:07     all   45.09    0.00    4.79    0.00    0.00   11.84    0.50    0.00    0.00   37.78
06:55:08     all   43.58    0.00    5.04    0.00    0.00   11.34    0.00    0.00    0.00   40.05
06:55:09     all   44.42    0.00    5.84    0.00    0.00   10.91    0.25    0.00    0.00   38.58
06:55:10     all   45.41    0.00    4.59    0.00    0.00   11.48    0.26    0.00    0.00   38.27
06:55:11     all   45.00    0.00    4.75    0.00    0.00   11.75    0.50    0.00    0.00   38.00
06:55:12     all   46.13    0.00    4.74    0.00    0.00   11.47    0.00    0.00    0.00   37.66
06:55:13     all   45.36    0.00    4.51    0.00    0.00   12.28    0.25    0.00    0.00   37.59
06:55:14     all   44.86    0.00    4.01    0.00    0.00   11.03    0.25    0.00    0.00   39.85
06:55:15     all   44.30    0.00    5.32    0.00    0.00   11.39    0.25    0.00    0.00   38.73
06:55:16     all   43.33    0.00    4.62    0.00    0.00   11.54    0.26    0.00    0.00   40.26
06:55:17     all   45.06    0.00    5.82    0.00    0.00   11.39    0.00    0.00    0.00   37.72
06:55:18     all   45.45    0.00    5.05    0.00    0.00   10.61    0.00    0.00    0.00   38.89
06:55:19     all   44.30    0.00    4.30    0.00    0.00   11.90    0.51    0.00    0.00   38.99
06:55:20     all   43.88    0.00    4.85    0.00    0.00   11.99    0.26    0.00    0.00   39.03
06:55:21     all   43.58    0.00    5.29    0.00    0.00   12.09    0.25    0.00    0.00   38.79
06:55:22     all   46.56    0.00    5.09    0.00    0.00   11.20    0.00    0.00    0.00   37.15
06:55:23     all   44.08    0.00    5.04    0.00    0.00   12.09    0.50    0.00    0.00   38.29
06:55:24     all   44.86    0.00    5.01    0.00    0.00   11.78    0.25    0.00    0.00   38.10
06:55:25     all   44.86    0.00    5.26    0.00    0.00   12.53    0.25    0.00    0.00   37.09
06:55:26     all   45.27    0.00    5.12    0.00    0.00   11.25    0.26    0.00    0.00   38.11
06:55:27     all   44.47    0.00    4.77    0.00    0.00   11.81    0.75    0.00    0.00   38.19
06:55:28     all   45.11    0.00    4.76    0.00    0.00   11.78    0.00    0.00    0.00   38.35
06:55:29     all   44.47    0.00    4.77    0.00    0.00   11.56    0.00    0.00    0.00   39.20
06:55:30     all   46.35    0.00    5.29    0.00    0.00   11.34    0.76    0.00    0.00   36.27
06:55:31     all   42.60    0.00    4.85    0.00    0.00   11.73    0.26    0.00    0.00   40.56
06:55:32     all   43.86    0.00    6.02    0.00    0.00   11.78    0.00    0.00    0.00   38.35
06:55:33     all   43.08    0.00    5.13    0.00    0.00   11.28    0.00    0.00    0.00   40.51
06:55:34     all   42.82    0.00    5.04    0.00    0.00   11.08    0.76    0.00    0.00   40.30
06:55:35     all   44.42    0.00    4.82    0.00    0.00   11.68    0.25    0.00    0.00   38.83
06:55:36     all   42.96    0.00    4.77    0.00    0.00   11.31    0.00    0.00    0.00   40.95
06:55:37     all   43.65    0.00    4.82    0.00    0.00   11.68    0.00    0.00    0.00   39.85
06:55:38     all   41.12    0.00    5.08    0.00    0.00   11.93    0.25    0.00    0.00   41.62
06:55:39     all   43.32    0.00    5.54    0.00    0.00   11.08    0.50    0.00    0.00   39.55
06:55:40     all   43.97    0.00    4.77    0.00    0.00   11.06    0.25    0.00    0.00   39.95
06:55:41     all   43.91    0.00    4.57    0.25    0.00   10.41    0.00    0.00    0.00   40.86
06:55:42     all   43.04    0.00    6.08    0.00    0.00   11.65    0.00    0.00    0.00   39.24
06:55:43     all   42.93    0.00    4.80    0.00    0.00   10.61    0.76    0.00    0.00   40.91
06:55:44     all   41.37    0.00    4.82    0.00    0.00   10.66    0.25    0.00    0.00   42.89
06:55:45     all   44.84    0.00    4.28    0.00    0.00   11.59    0.00    0.00    0.00   39.29
06:55:46     all   45.04    0.00    5.60    0.00    0.00   10.94    0.00    0.00    0.00   38.42
06:55:47     all   44.97    0.00    4.52    0.00    0.00   11.56    0.25    0.00    0.00   38.69
06:55:48     all   44.05    0.00    4.56    0.00    0.00   11.65    0.51    0.00    0.00   39.24
06:55:49     all   44.72    0.00    6.28    0.00    0.00   11.06    0.25    0.00    0.00   37.69
06:55:50     all   45.04    0.00    4.83    0.00    0.00   11.20    0.00    0.00    0.00   38.93
06:55:51     all   43.72    0.00    5.03    0.00    0.00   12.31    0.25    0.00    0.00   38.69
06:55:52     all   45.92    0.00    4.59    0.00    0.00   11.22    0.51    0.00    0.00   37.76
06:55:53     all   44.61    0.00    4.26    0.00    0.00   11.53    0.25    0.00    0.00   39.35
06:55:54     all   44.13    0.00    5.10    0.00    0.00   11.22    0.00    0.00    0.00   39.54
06:55:55     all   45.71    0.00    4.29    0.00    0.00   10.35    0.25    0.00    0.00   39.39
06:55:56     all   43.50    0.00    4.50    0.00    0.00   12.75    0.50    0.00    0.00   38.75
06:55:57     all   44.87    0.00    4.36    0.00    0.00   10.00    0.26    0.00    0.00   40.51
06:55:58     all   42.49    0.00    4.07    0.00    0.00   11.70    0.25    0.00    0.00   41.48
06:55:59     all   43.58    0.00    5.04    0.00    0.00   11.59    0.00    0.00    0.00   39.80
06:56:00     all   45.75    0.00    5.00    0.00    0.00   10.75    0.75    0.00    0.00   37.75
06:56:01     all   44.53    0.00    4.07    0.00    0.00   11.70    0.25    0.00    0.00   39.44
06:56:02     all   45.82    0.00    5.06    0.00    0.00   11.14    0.25    0.00    0.00   37.72
06:56:03     all   45.34    0.00    5.79    0.00    0.00   10.83    0.50    0.00    0.00   37.53
06:56:04     all   46.19    0.00    4.57    0.25    0.00   11.42    0.25    0.00    0.00   37.31
06:56:05     all   47.59    0.00    4.81    0.00    0.00   11.39    0.76    0.00    0.00   35.44
06:56:06     all   48.72    0.00    4.85    0.00    0.00   10.71    0.26    0.00    0.00   35.46
06:56:07     all   46.95    0.00    5.33    0.00    0.00   11.42    1.02    0.00    0.00   35.28
06:56:08     all   44.39    0.00    5.36    0.00    0.00   11.99    0.00    0.00    0.00   38.27
06:56:09     all   45.57    0.00    4.81    0.00    0.00   10.63    0.76    0.00    0.00   38.23
06:56:10     all   46.62    0.00    4.76    0.00    0.00   12.03    0.25    0.00    0.00   36.34
06:56:11     all   44.56    0.00    5.32    0.00    0.00   11.90    0.25    0.00    0.00   37.97
06:56:12     all   44.33    0.00    5.54    0.00    0.00   12.34    0.76    0.00    0.00   37.03
06:56:13     all   45.10    0.00    4.64    0.00    0.00   10.57    0.00    0.00    0.00   39.69
06:56:14     all   43.64    0.00    5.24    0.00    0.00   11.22    0.50    0.00    0.00   39.40
06:56:15     all   46.45    0.00    5.08    0.00    0.00   11.68    0.51    0.00    0.00   36.29
06:56:16     all   46.56    0.00    4.58    0.25    0.00   11.96    0.00    0.00    0.00   36.64
06:56:17     all   45.57    0.00    5.06    0.00    0.00   10.89    0.51    0.00    0.00   37.97
06:56:18     all   43.29    0.00    5.06    0.00    0.00   11.14    0.51    0.00    0.00   40.00
06:56:19     all   26.46    0.00    2.80    0.00    0.00    5.85    0.00    0.00    0.00   64.89
06:56:20     all   33.67    0.00    3.80    0.00    0.00    7.59    1.01    0.00    0.00   53.92
06:56:21     all   39.34    0.00    4.57    0.00    0.00   10.41    0.00    0.00    0.00   45.69
06:56:22     all   43.07    0.00    5.04    0.00    0.00    9.57    1.01    0.00    0.00   41.31
06:56:23     all   45.01    0.00    4.60    0.00    0.00   10.74    0.26    0.00    0.00   39.39
06:56:24     all   47.61    0.00    4.53    0.00    0.00   11.84    0.50    0.00    0.00   35.52
06:56:25     all   48.85    0.00    5.34    0.00    0.00   10.94    0.25    0.00    0.00   34.61
06:56:26     all   47.75    0.00    5.75    0.00    0.00   11.25    1.00    0.00    0.00   34.25
06:56:27     all   48.12    0.00    5.76    0.00    0.00   12.28    0.75    0.00    0.00   33.08
06:56:28     all   45.86    0.00    5.76    0.00    0.00   11.53    0.00    0.00    0.00   36.84
06:56:29     all   45.29    0.00    5.60    0.00    0.00   10.69    0.25    0.00    0.00   38.17
06:56:30     all   47.01    0.00    5.47    0.00    0.00   10.95    0.75    0.00    0.00   35.82
06:56:31     all   45.15    0.00    5.10    0.00    0.00   11.73    0.00    0.00    0.00   38.01
06:56:32     all   45.18    0.00    5.33    0.00    0.00   11.17    0.51    0.00    0.00   37.82
06:56:33     all   45.32    0.00    4.56    0.00    0.00   10.13    0.51    0.00    0.00   39.49
06:56:34     all   43.51    0.00    4.83    0.00    0.00   10.94    0.00    0.00    0.00   40.71
06:56:35     all   45.96    0.00    5.05    0.00    0.00   11.36    0.51    0.00    0.00   37.12
06:56:36     all   44.19    0.00    5.05    0.00    0.00   11.11    0.25    0.00    0.00   39.39
06:56:37     all   45.55    0.00    4.83    0.00    0.00   11.45    0.25    0.00    0.00   37.91
06:56:38     all   44.33    0.00    5.29    0.00    0.00   11.34    0.25    0.00    0.00   38.79
06:56:39     all   43.88    0.00    4.85    0.00    0.00   11.48    0.26    0.00    0.00   39.54
06:56:40     all   42.68    0.00    5.05    0.00    0.00   10.86    0.51    0.00    0.00   40.91
06:56:41     all   38.35    0.00    4.26    0.00    0.00    9.52    0.25    0.00    0.00   47.62
06:56:42     all   33.59    0.00    3.54    0.00    0.00    8.84    0.76    0.00    0.00   53.28
06:56:43     all   29.87    0.00    3.54    0.00    0.00    6.58    0.25    0.00    0.00   59.75
06:56:44     all   21.79    0.00    2.31    0.00    0.00    4.87    0.77    0.00    0.00   70.26
06:56:45     all   17.68    0.00    2.53    0.00    0.00    3.79    0.00    0.00    0.00   76.01
06:56:46     all   16.03    0.00    2.29    0.00    0.00    3.31    0.25    0.00    0.00   78.12
06:56:47     all   15.17    0.00    1.29    0.00    0.00    2.31    0.77    0.00    0.00   80.46
06:56:48     all   14.39    0.00    2.53    0.00    0.00    2.78    0.00    0.00    0.00   80.30
06:56:49     all   13.71    0.00    2.03    0.00    0.00    2.79    0.25    0.00    0.00   81.22
06:56:50     all   13.42    0.00    1.77    0.00    0.00    2.28    0.51    0.00    0.00   82.03
06:56:51     all   12.02    0.00    0.77    0.00    0.00    2.05    0.00    0.00    0.00   85.17
06:56:52     all   11.03    0.00    1.79    0.00    0.00    1.54    0.00    0.00    0.00   85.64
06:56:53     all   11.81    0.00    1.51    0.00    0.00    2.01    0.75    0.00    0.00   83.92
06:56:54     all   11.22    0.00    1.28    0.00    0.00    1.79    0.00    0.00    0.00   85.71
06:56:55     all   10.66    0.00    1.27    0.25    0.00    1.78    0.25    0.00    0.00   85.79
06:56:56     all    9.21    0.00    1.28    0.00    0.00    1.53    0.00    0.00    0.00   87.98
06:56:57     all    9.16    0.00    1.02    0.00    0.00    1.53    0.51    0.00    0.00   87.79
06:56:58     all    9.69    0.00    1.53    0.00    0.00    1.28    0.26    0.00    0.00   87.24
06:56:59     all    9.18    0.00    1.02    0.00    0.00    1.53    0.26    0.00    0.00   88.01
06:57:00     all    9.64    0.00    1.27    0.00    0.00    1.78    0.51    0.00    0.00   86.80
06:57:01     all    8.38    0.00    0.76    0.00    0.00    2.03    0.00    0.00    0.00   88.83
06:57:02     all    7.63    0.00    1.27    0.00    0.00    0.51    0.00    0.00    0.00   90.59
06:57:03     all    7.12    0.00    0.76    0.00    0.00    1.27    0.00    0.00    0.00   90.84
06:57:04     all    6.06    0.00    0.76    0.00    0.00    1.01    0.51    0.00    0.00   91.67
06:57:05     all    5.51    0.00    1.00    0.00    0.00    1.00    0.50    0.00    0.00   91.98
06:57:06     all    4.27    0.00    0.75    0.00    0.00    0.75    0.00    0.00    0.00   94.22
06:57:07     all    3.79    0.00    0.51    0.00    0.00    0.51    0.00    0.00    0.00   95.20
06:57:08     all    2.54    0.00    1.02    0.00    0.00    0.25    0.00    0.00    0.00   96.18
06:57:09     all    3.53    0.00    0.00    0.00    0.00    0.00    0.00    0.00    0.00   96.47
06:57:10     all    2.50    0.00    0.75    0.00    0.00    0.75    0.25    0.00    0.00   95.75
06:57:11     all    2.02    0.00    0.25    0.00    0.00    0.50    0.00    0.00    0.00   97.23
06:57:12     all    2.01    0.00    0.00    0.00    0.00    0.50    0.00    0.00    0.00   97.49
06:57:13     all    1.25    0.00    0.50    0.00    0.00    0.00    0.00    0.00    0.00   98.25
06:57:14     all    0.76    0.00    0.00    0.00    0.00    0.00    0.00    0.00    0.00   99.24
06:57:15     all    0.50    0.00    0.00    0.00    0.00    0.00    0.00    0.00    0.00   99.50
06:57:16     all    0.75    0.00    0.25    0.00    0.00    0.25    0.00    0.00    0.00   98.75
06:57:17     all    1.25    0.00    0.75    0.25    0.00    0.00    0.00    0.00    0.00   97.74
06:57:18     all    0.00    0.00    0.00    0.00    0.00    0.00    0.00    0.00    0.00  100.00
06:57:19     all    0.00    0.00    0.00    0.00    0.00    0.00    0.00    0.00    0.00  100.00
06:57:20     all    0.00    0.00    0.00    0.00    0.00    0.00    0.00    0.00    0.00  100.00
06:57:21     all    0.00    0.00    0.00    0.00    0.00    0.00    0.00    0.00    0.00  100.00
06:57:22     all    0.00    0.00    0.25    0.00    0.00    0.00    0.00    0.00    0.00   99.75
06:57:23     all    0.00    0.00    0.00    0.00    0.00    0.00    0.00    0.00    0.00  100.00
06:57:24     all    0.25    0.00    0.00    0.00    0.00    0.25    0.00    0.00    0.00   99.50
06:57:25     all    0.00    0.00    0.00    0.00    0.00    0.00    0.00    0.00    0.00  100.00
06:57:26     all    0.00    0.00    0.00    0.00    0.00    0.00    0.00    0.00    0.00  100.00
