Linux 6.8.0-1064-gcp (csb-bench-host-gcp) 	08/18/26 	_x86_64_	(4 CPU)

02:24:28     CPU    %usr   %nice    %sys %iowait    %irq   %soft  %steal  %guest  %gnice   %idle
02:24:29     all    2.51    0.00    0.75    0.00    0.00    0.50    0.25    0.00    0.00   95.98
02:24:30     all    2.00    0.00    0.50    0.00    0.00    0.25    0.00    0.00    0.00   97.26
02:24:31     all    2.01    0.00    0.25    0.00    0.00    0.50    0.25    0.00    0.00   96.99
02:24:32     all    2.01    0.00    0.50    0.00    0.00    0.00    0.00    0.00    0.00   97.49
02:24:33     all    1.77    0.00    0.00    0.00    0.00    0.51    0.00    0.00    0.00   97.73
02:24:34     all    1.75    0.00    0.75    0.00    0.00    0.25    0.00    0.00    0.00   97.24
02:24:35     all    1.51    0.00    0.25    0.00    0.00    0.50    0.00    0.00    0.00   97.73
02:24:36     all    2.01    0.00    0.00    0.00    0.00    0.50    0.00    0.00    0.00   97.49
02:24:37     all    2.26    0.00    0.75    0.00    0.00    0.00    0.00    0.00    0.00   96.99
02:24:38     all    2.01    0.00    0.00    0.00    0.00    0.50    0.00    0.00    0.00   97.49
02:24:39     all    2.02    0.00    0.25    0.00    0.00    0.00    0.00    0.00    0.00   97.73
02:24:40     all    1.76    0.00    0.25    0.00    0.00    0.75    0.00    0.00    0.00   97.24
02:24:41     all    1.76    0.00    0.50    0.00    0.00    0.25    0.00    0.00    0.00   97.49
02:24:42     all    2.02    0.00    0.00    0.00    0.00    0.25    0.00    0.00    0.00   97.73
02:24:43     all    2.24    0.00    0.75    0.00    0.00    0.50    0.00    0.00    0.00   96.51
02:24:44     all    1.77    0.00    0.00    0.00    0.00    0.00    0.00    0.00    0.00   98.23
02:24:45     all    2.00    0.00    0.50    0.00    0.00    0.50    0.00    0.00    0.00   97.00
02:24:46     all    1.76    0.00    0.50    0.00    0.00    0.25    0.00    0.00    0.00   97.48
02:24:47     all    1.77    0.00    0.00    0.00    0.00    0.00    0.00    0.00    0.00   98.23
02:24:48     all    1.75    0.00    0.25    0.00    0.00    0.50    0.00    0.00    0.00   97.49
02:24:49     all    2.01    0.00    0.50    0.00    0.00    0.25    0.00    0.00    0.00   97.24
02:24:50     all    2.02    0.00    0.25    0.00    0.00    0.25    0.00    0.00    0.00   97.48
02:24:51     all    2.00    0.00    0.25    0.25    0.00    0.00    0.25    0.00    0.00   97.25
02:24:52     all    2.02    0.00    0.25    0.00    0.00    0.50    0.00    0.00    0.00   97.23
02:24:53     all    2.24    0.00    0.75    0.00    0.00    0.25    0.00    0.00    0.00   96.76
02:24:54     all    1.78    0.00    0.00    0.00    0.00    0.00    0.00    0.00    0.00   98.22
02:24:55     all    2.01    0.00    0.50    0.00    0.00    0.50    0.00    0.00    0.00   96.99
02:24:56     all    2.03    0.00    0.00    0.00    0.00    0.25    0.00    0.00    0.00   97.72
02:24:57     all    2.01    0.00    0.25    0.00    0.00    0.50    0.00    0.00    0.00   97.24
02:24:58     all    2.01    0.00    0.75    0.00    0.00    0.25    0.00    0.00    0.00   96.99
02:24:59     all    1.52    0.00    0.00    0.00    0.00    0.25    0.00    0.00    0.00   98.23
02:25:00     all    2.52    0.00    0.25    0.00    0.00    0.00    0.00    0.00    0.00   97.23
02:25:01     all    2.02    0.00    0.50    0.00    0.00    0.00    0.00    0.00    0.00   97.48
02:25:02     all    1.75    0.00    0.25    0.00    0.00    0.50    0.00    0.00    0.00   97.49
02:25:03     all    1.77    0.00    0.25    0.00    0.00    0.00    0.00    0.00    0.00   97.98
02:25:04     all    1.75    0.00    0.50    0.00    0.00    0.50    0.00    0.00    0.00   97.24
02:25:05     all    1.75    0.00    0.25    0.00    0.00    0.50    0.00    0.00    0.00   97.50
02:25:06     all    2.26    0.00    0.25    0.25    0.00    0.00    0.00    0.00    0.00   97.24
02:25:07     all    1.52    0.00    0.00    0.00    0.00    0.25    0.00    0.00    0.00   98.23
02:25:08     all    2.01    0.00    0.50    0.00    0.00    0.50    0.00    0.00    0.00   96.99
02:25:09     all    2.01    0.00    0.25    0.00    0.00    0.00    0.00    0.00    0.00   97.74
02:25:10     all    1.77    0.00    0.25    0.00    0.00    0.25    0.00    0.00    0.00   97.73
02:25:11     all    2.00    0.00    0.75    0.00    0.00    0.25    0.00    0.00    0.00   97.01
02:25:12     all    1.77    0.00    0.25    0.00    0.00    0.25    0.00    0.00    0.00   97.72
02:25:13     all    1.75    0.00    0.50    0.00    0.00    0.50    0.00    0.00    0.00   97.24
02:25:14     all    1.76    0.00    0.00    0.00    0.00    0.50    0.00    0.00    0.00   97.73
02:25:15     all    2.01    0.00    0.50    0.00    0.00    0.25    0.00    0.00    0.00   97.24
02:25:16     all    2.02    0.00    0.25    0.00    0.00    0.00    0.00    0.00    0.00   97.73
02:25:17     all    2.02    0.00    0.25    0.00    0.00    0.25    0.00    0.00    0.00   97.48
02:25:18     all    2.00    0.00    0.25    0.00    0.00    1.00    0.00    0.00    0.00   96.76
02:25:19     all    1.52    0.00    0.51    0.00    0.00    0.00    0.00    0.00    0.00   97.98
02:25:20     all    2.01    0.00    0.00    0.00    0.00    0.50    0.00    0.00    0.00   97.49
02:25:21     all    2.26    0.00    0.25    0.00    0.00    0.00    0.00    0.00    0.00   97.49
02:25:22     all    1.75    0.00    0.75    0.00    0.00    0.25    0.25    0.00    0.00   97.01
02:25:23     all    1.76    0.00    0.00    0.00    0.00    0.25    0.00    0.00    0.00   97.98
02:25:24     all    2.26    0.00    1.26    2.26    0.00    0.25    0.00    0.00    0.00   93.97
02:25:25     all    2.01    0.00    0.25    0.00    0.00    0.50    0.25    0.00    0.00   96.99
02:25:26     all    2.00    0.00    0.50    0.00    0.00    0.25    0.00    0.00    0.00   97.25
02:25:27     all    2.02    0.00    0.00    0.00    0.00    0.25    0.00    0.00    0.00   97.73
02:25:28     all    1.76    0.00    0.25    0.00    0.00    0.25    0.00    0.00    0.00   97.73
02:25:29     all    1.76    0.00    0.25    0.00    0.00    0.25    0.00    0.00    0.00   97.74
02:25:30     all    1.77    0.00    0.25    0.00    0.00    0.00    0.00    0.00    0.00   97.98
02:25:31     all    2.00    0.00    0.50    0.00    0.00    0.50    0.00    0.00    0.00   97.00
02:25:32     all    2.03    0.00    0.25    0.00    0.00    0.00    0.00    0.00    0.00   97.72
02:25:33     all    2.01    0.00    0.25    0.00    0.00    0.50    0.00    0.00    0.00   97.24
02:25:34     all    1.52    0.00    0.25    0.00    0.00    0.00    0.00    0.00    0.00   98.23
02:25:35     all    2.26    0.00    0.25    0.00    0.00    0.00    0.00    0.00    0.00   97.49
02:25:36     all    1.51    0.00    0.25    0.00    0.00    0.50    0.00    0.00    0.00   97.73
02:25:37     all    2.01    0.00    0.50    0.00    0.00    0.25    0.25    0.00    0.00   96.99
02:25:38     all    1.76    0.00    0.50    0.00    0.00    0.25    0.00    0.00    0.00   97.49
02:25:39     all    1.76    0.00    0.00    0.00    0.00    0.50    0.00    0.00    0.00   97.73
02:25:40     all    2.26    0.00    0.25    0.00    0.00    0.00    0.00    0.00    0.00   97.49
02:25:41     all    1.50    0.00    0.75    0.00    0.00    0.75    0.00    0.00    0.00   97.00
02:25:42     all    2.03    0.00    0.25    0.00    0.00    0.00    0.00    0.00    0.00   97.72
02:25:43     all    1.75    0.00    0.25    0.25    0.00    0.25    0.00    0.00    0.00   97.49
02:25:44     all    2.01    0.00    0.50    0.00    0.00    0.50    0.00    0.00    0.00   96.99
02:25:45     all    2.02    0.00    0.25    0.00    0.00    0.00    0.00    0.00    0.00   97.73
02:25:46     all    2.00    0.00    0.25    0.00    0.00    0.75    0.00    0.00    0.00   97.00
02:25:47     all    2.27    0.00    0.50    0.00    0.00    0.00    0.00    0.00    0.00   97.23
02:25:48     all    2.02    0.00    0.25    0.00    0.00    0.50    0.00    0.00    0.00   97.23
02:25:49     all    1.76    0.00    0.75    0.00    0.00    0.00    0.00    0.00    0.00   97.49
02:25:50     all    1.76    0.00    0.50    0.00    0.00    0.25    0.00    0.00    0.00   97.48
02:25:51     all    2.78    0.00    0.00    0.00    0.00    0.25    0.00    0.00    0.00   96.97
02:25:52     all    2.01    0.00    0.25    0.00    0.00    0.00    0.00    0.00    0.00   97.74
02:25:53     all    2.27    0.00    0.00    0.00    0.00    0.50    0.00    0.00    0.00   97.23
02:25:54     all    1.77    0.00    0.25    0.00    0.00    0.00    0.00    0.00    0.00   97.97
02:25:55     all    2.00    0.00    0.50    0.00    0.00    0.25    0.00    0.00    0.00   97.25
02:25:56     all    2.01    0.00    0.50    0.00    0.00    0.00    0.00    0.00    0.00   97.49
02:25:57     all    1.52    0.00    0.00    0.00    0.00    0.25    0.00    0.00    0.00   98.22
02:25:58     all    1.99    0.00    0.50    0.00    0.00    0.75    0.00    0.00    0.00   96.77
02:25:59     all    1.52    0.00    0.25    0.00    0.00    0.00    0.00    0.00    0.00   98.22
02:26:00     all    2.01    0.00    0.50    0.00    0.00    0.25    0.00    0.00    0.00   97.24
02:26:01     all    2.02    0.00    0.25    0.00    0.00    0.25    0.00    0.00    0.00   97.48
02:26:02     all    2.02    0.00    0.00    0.00    0.00    0.00    0.00    0.00    0.00   97.98
02:26:03     all    2.01    0.00    0.75    0.00    0.00    0.25    0.00    0.00    0.00   96.99
02:26:04     all    1.75    0.00    0.50    0.00    0.00    0.50    0.00    0.00    0.00   97.25
02:26:05     all    2.02    0.00    0.00    0.25    0.00    0.00    0.25    0.00    0.00   97.48
02:26:06     all    1.76    0.00    0.50    0.00    0.00    0.00    0.00    0.00    0.00   97.73
02:26:07     all    1.51    0.00    0.25    0.00    0.00    0.50    0.00    0.00    0.00   97.73
02:26:08     all    2.00    0.00    0.25    0.00    0.00    0.25    0.00    0.00    0.00   97.50
02:26:09     all    2.01    0.00    0.50    0.00    0.00    0.25    0.00    0.00    0.00   97.24
02:26:10     all    2.02    0.00    0.25    0.00    0.00    0.25    0.00    0.00    0.00   97.48
02:26:11     all    2.76    0.00    0.25    0.00    0.00    0.25    0.00    0.00    0.00   96.73
02:26:12     all    2.00    0.00    0.75    0.00    0.00    0.75    0.00    0.00    0.00   96.50
02:26:13     all    2.76    0.00    0.25    0.00    0.00    0.25    0.25    0.00    0.00   96.49
02:26:14     all    2.01    0.00    0.50    0.00    0.00    0.50    0.00    0.00    0.00   96.99
02:26:15     all    2.53    0.00    0.00    0.00    0.00    0.25    0.00    0.00    0.00   97.22
02:26:16     all    2.02    0.00    0.51    0.00    0.00    0.25    0.00    0.00    0.00   97.22
02:26:17     all    2.26    0.00    0.25    0.00    0.00    0.50    0.00    0.00    0.00   96.98
02:26:18     all    2.49    0.00    0.75    0.00    0.00    0.75    0.00    0.00    0.00   96.02
02:26:19     all    2.53    0.00    0.00    0.00    0.00    0.25    0.00    0.00    0.00   97.22
02:26:20     all    2.03    0.00    0.25    0.00    0.00    0.25    0.00    0.00    0.00   97.46
02:26:21     all    2.49    0.00    0.75    0.00    0.00    0.25    0.25    0.00    0.00   96.27
02:26:22     all    2.01    0.00    0.25    0.00    0.00    0.75    0.00    0.00    0.00   96.98
02:26:23     all    2.27    0.00    0.50    0.00    0.00    0.00    0.00    0.00    0.00   97.23
02:26:24     all    2.02    0.00    0.25    0.00    0.00    0.25    0.00    0.00    0.00   97.47
02:26:25     all    2.26    0.00    0.50    0.00    0.00    0.25    0.00    0.00    0.00   96.99
02:26:26     all    2.51    0.00    0.25    0.00    0.00    0.50    0.00    0.00    0.00   96.74
02:26:27     all    1.77    0.00    0.51    0.00    0.00    0.25    0.25    0.00    0.00   97.22
02:26:28     all    2.27    0.00    0.25    0.00    0.00    0.00    0.00    0.00    0.00   97.48
02:26:29     all    2.01    0.00    0.00    0.00    0.00    1.01    0.00    0.00    0.00   96.98
02:26:30     all    2.26    0.00    1.01    0.00    0.00    0.00    0.00    0.00    0.00   96.73
02:26:31     all    2.51    0.00    0.00    0.00    0.00    0.25    0.00    0.00    0.00   97.24
02:26:32     all    2.03    0.00    0.00    0.00    0.00    0.25    0.00    0.00    0.00   97.72
02:26:33     all    2.00    0.00    1.00    0.00    0.00    0.25    0.00    0.00    0.00   96.75
02:26:34     all    2.27    0.00    0.00    0.00    0.00    0.25    0.00    0.00    0.00   97.47
02:26:35     all    2.02    0.00    0.25    0.00    0.00    0.25    0.00    0.00    0.00   97.47
02:26:36     all    2.26    0.00    0.25    0.00    0.00    0.50    0.00    0.00    0.00   96.99
02:26:37     all    2.02    0.00    0.51    0.00    0.00    0.25    0.00    0.00    0.00   97.22
02:26:38     all    2.50    0.00    0.25    0.00    0.00    0.25    0.00    0.00    0.00   97.00
02:26:39     all    2.51    0.00    0.25    0.00    0.00    0.25    0.00    0.00    0.00   96.98
02:26:40     all    1.76    0.00    0.50    0.00    0.00    0.50    0.00    0.00    0.00   97.24
02:26:41     all    2.26    0.00    0.25    0.00    0.00    0.25    0.00    0.00    0.00   97.24
02:26:42     all    0.25    0.00    0.00    0.25    0.00    0.00    0.00    0.00    0.00   99.50
02:26:43     all    2.26    0.00    0.25    0.00    0.00    0.50    0.00    0.00    0.00   96.99
02:26:44     all    1.76    0.00    0.25    0.00    0.00    0.50    0.00    0.00    0.00   97.48
02:26:45     all    2.01    0.00    0.25    0.00    0.00    0.50    0.25    0.00    0.00   96.99
02:26:46     all    2.27    0.00    0.25    0.00    0.00    0.00    0.00    0.00    0.00   97.47
02:26:47     all    2.01    0.00    0.25    0.00    0.00    0.25    0.00    0.00    0.00   97.49
02:26:48     all    2.02    0.00    0.50    0.00    0.00    0.25    0.00    0.00    0.00   97.23
02:26:49     all    2.25    0.00    0.25    0.00    0.00    0.75    0.00    0.00    0.00   96.75
02:26:50     all    2.52    0.00    0.50    0.00    0.00    0.00    0.00    0.00    0.00   96.98
02:26:51     all    2.26    0.00    0.25    0.00    0.00    0.50    0.00    0.00    0.00   96.98
02:26:52     all    2.54    0.00    0.00    0.00    0.00    0.25    0.00    0.00    0.00   97.21
02:26:53     all    2.24    0.00    1.00    0.00    0.00    0.00    0.00    0.00    0.00   96.76
02:26:54     all    1.77    0.00    0.00    0.00    0.00    0.25    0.00    0.00    0.00   97.97
02:26:55     all    1.76    0.00    0.25    0.00    0.00    0.25    0.00    0.00    0.00   97.73
02:26:56     all    2.02    0.00    0.25    0.00    0.00    0.25    0.00    0.00    0.00   97.48
02:26:57     all    2.24    0.00    0.75    0.00    0.00    0.50    0.00    0.00    0.00   96.51
02:26:58     all    2.53    0.00    0.76    0.00    0.00    0.00    0.00    0.00    0.00   96.72
02:26:59     all    2.74    0.00    0.50    0.25    0.00    0.75    0.00    0.00    0.00   95.76
02:27:00     all    2.27    0.00    0.25    0.00    0.00    0.00    0.25    0.00    0.00   97.22
02:27:01     all    2.26    0.00    0.50    0.00    0.00    0.25    0.00    0.00    0.00   96.99
02:27:02     all    1.76    0.00    0.25    0.00    0.00    0.25    0.00    0.00    0.00   97.74
02:27:03     all    1.78    0.00    0.51    0.00    0.00    0.00    0.00    0.00    0.00   97.72
02:27:04     all    2.26    0.00    0.25    0.00    0.00    0.50    0.00    0.00    0.00   96.99
02:27:05     all    2.25    0.00    0.50    0.00    0.00    0.75    0.00    0.00    0.00   96.50
02:27:06     all    2.03    0.00    0.25    0.00    0.00    0.00    0.00    0.00    0.00   97.72
02:27:07     all    2.01    0.00    0.50    0.25    0.00    0.25    0.00    0.00    0.00   96.98
02:27:08     all    2.25    0.00    0.25    0.00    0.00    0.25    0.00    0.00    0.00   97.25
02:27:09     all    2.27    0.00    0.50    0.00    0.00    0.25    0.00    0.00    0.00   96.98
02:27:10     all    1.76    0.00    0.25    0.00    0.00    0.50    0.00    0.00    0.00   97.48
02:27:11     all    2.53    0.00    0.00    0.00    0.00    0.25    0.00    0.00    0.00   97.22
02:27:12     all    2.51    0.00    0.75    0.00    0.00    0.50    0.00    0.00    0.00   96.24
02:27:13     all    2.02    0.00    0.25    0.00    0.00    0.51    0.00    0.00    0.00   97.22
02:27:14     all    2.52    0.00    0.25    0.00    0.00    0.00    0.00    0.00    0.00   97.23
02:27:15     all    2.26    0.00    0.75    0.00    0.00    0.50    0.00    0.00    0.00   96.49
02:27:16     all    1.76    0.00    0.50    0.00    0.00    0.50    0.00    0.00    0.00   97.23
02:27:17     all    2.77    0.00    0.00    0.00    0.00    0.25    0.00    0.00    0.00   96.98
02:27:18     all    2.02    0.00    0.50    0.00    0.00    0.00    0.25    0.00    0.00   97.23
02:27:19     all    2.27    0.00    0.00    0.00    0.00    0.50    0.00    0.00    0.00   97.23
02:27:20     all    2.01    0.00    0.75    0.00    0.00    0.25    0.00    0.00    0.00   96.98
02:27:21     all    2.25    0.00    0.25    0.00    0.00    0.50    0.00    0.00    0.00   97.00
02:27:22     all    2.01    0.00    0.25    0.00    0.00    0.50    0.00    0.00    0.00   97.24
02:27:23     all    2.03    0.00    0.51    0.00    0.00    0.00    0.00    0.00    0.00   97.47
02:27:24     all    2.25    0.00    0.25    0.00    0.00    0.50    0.00    0.00    0.00   97.00
02:27:25     all    1.76    0.00    0.50    0.00    0.00    0.75    0.00    0.00    0.00   96.98
02:27:26     all    2.27    0.00    0.25    0.00    0.00    0.00    0.00    0.00    0.00   97.47
02:27:27     all    2.26    0.00    0.25    0.00    0.00    0.50    0.00    0.00    0.00   96.99
02:27:28     all    2.02    0.00    0.25    0.00    0.00    0.25    0.00    0.00    0.00   97.48
02:27:29     all    2.25    0.00    0.25    0.00    0.00    0.75    0.25    0.00    0.00   96.50
02:27:30     all    2.26    0.00    0.00    0.00    0.00    0.50    0.00    0.00    0.00   97.24
02:27:31     all    2.27    0.00    0.76    0.00    0.00    0.25    0.00    0.00    0.00   96.73
02:27:32     all    2.26    0.00    0.25    0.00    0.00    0.50    0.00    0.00    0.00   96.98
02:27:33     all    2.26    0.00    0.50    0.00    0.00    0.25    0.25    0.00    0.00   96.74
02:27:34     all    2.01    0.00    0.50    0.00    0.00    0.50    0.00    0.00    0.00   96.99
02:27:35     all    2.01    0.00    0.50    0.00    0.00    0.75    0.25    0.00    0.00   96.49
02:27:36     all    2.76    0.00    0.25    0.00    0.00    0.00    0.00    0.00    0.00   96.98
02:27:37     all    2.02    0.00    0.00    0.00    0.00    0.51    0.00    0.00    0.00   97.47
02:27:38     all    2.02    0.00    0.50    0.00    0.00    0.25    0.00    0.00    0.00   97.23
02:27:39     all    2.76    0.00    0.50    0.00    0.00    0.25    0.00    0.00    0.00   96.49
02:27:40     all    2.02    0.00    0.00    0.00    0.00    0.76    0.00    0.00    0.00   97.23
02:27:41     all    2.26    0.00    0.75    0.00    0.00    0.00    0.00    0.00    0.00   96.99
02:27:42     all    2.01    0.00    0.50    0.00    0.00    0.75    0.00    0.00    0.00   96.73
02:27:43     all    2.03    0.00    0.00    0.00    0.00    0.25    0.00    0.00    0.00   97.72
02:27:44     all    2.52    0.00    0.00    0.00    0.00    0.25    0.00    0.00    0.00   97.23
02:27:45     all    2.51    0.00    0.75    0.00    0.00    0.00    0.00    0.00    0.00   96.74
02:27:46     all    2.26    0.00    0.25    0.00    0.00    0.50    0.00    0.00    0.00   96.98
02:27:47     all    2.02    0.00    0.00    0.00    0.00    0.51    0.00    0.00    0.00   97.47
02:27:48     all    2.51    0.00    1.01    0.00    0.00    0.00    0.00    0.00    0.00   96.48
02:27:49     all    2.02    0.00    0.00    0.00    0.00    0.50    0.00    0.00    0.00   97.48
02:27:50     all    2.76    0.00    0.00    0.00    0.00    0.50    0.00    0.00    0.00   96.73
02:27:51     all    2.01    0.00    0.75    0.00    0.00    0.00    0.00    0.00    0.00   97.24
02:27:52     all    2.28    0.00    0.25    0.00    0.00    0.51    0.00    0.00    0.00   96.96
02:27:53     all    2.51    0.00    0.25    0.00    0.00    0.25    0.00    0.00    0.00   96.98
02:27:54     all    2.77    0.00    0.76    1.01    0.00    0.00    0.00    0.00    0.00   95.47
02:27:55     all    2.02    0.00    0.25    0.00    0.00    1.01    0.00    0.00    0.00   96.73
02:27:56     all    2.49    0.00    0.50    0.25    0.00    0.25    0.00    0.00    0.00   96.51
02:27:57     all    2.53    0.00    0.00    0.00    0.00    0.51    0.00    0.00    0.00   96.97
02:27:58     all    2.26    0.00    0.75    0.00    0.00    0.25    0.00    0.00    0.00   96.73
02:27:59     all    2.27    0.00    0.25    0.00    0.00    0.50    0.00    0.00    0.00   96.98
02:28:00     all    2.51    0.00    0.50    0.00    0.00    0.00    0.25    0.00    0.00   96.73
02:28:01     all    2.01    0.00    0.25    0.00    0.00    0.50    0.50    0.00    0.00   96.74
02:28:02     all    2.26    0.00    0.50    0.00    0.00    0.50    0.00    0.00    0.00   96.73
02:28:03     all    2.26    0.00    0.25    0.00    0.00    0.25    0.00    0.00    0.00   97.24
02:28:04     all    2.28    0.00    0.25    0.00    0.00    0.25    0.00    0.00    0.00   97.22
02:28:05     all    2.25    0.00    0.75    0.00    0.00    0.25    0.00    0.00    0.00   96.75
02:28:06     all    1.77    0.00    0.00    0.00    0.00    0.76    0.00    0.00    0.00   97.47
02:28:07     all    2.01    0.00    0.75    0.00    0.00    0.25    0.00    0.00    0.00   96.99
02:28:08     all    2.02    0.00    0.50    0.00    0.00    0.25    0.00    0.00    0.00   97.23
02:28:09     all    2.26    0.00    0.75    0.00    0.00    0.50    0.00    0.00    0.00   96.49
02:28:10     all    2.27    0.00    0.25    0.00    0.00    0.00    0.00    0.00    0.00   97.48
02:28:11     all    2.53    0.00    0.00    0.00    0.00    0.51    0.00    0.00    0.00   96.97
02:28:12     all    2.01    0.00    1.00    0.00    0.00    0.50    0.00    0.00    0.00   96.49
02:28:13     all    2.77    0.00    0.00    0.00    0.00    0.00    0.00    0.00    0.00   97.23
02:28:14     all    2.02    0.00    0.51    0.00    0.00    0.51    0.00    0.00    0.00   96.97
02:28:15     all    1.76    0.00    0.75    0.00    0.00    0.25    0.00    0.00    0.00   97.24
02:28:16     all    2.02    0.00    0.25    0.00    0.00    0.50    0.00    0.00    0.00   97.23
02:28:17     all    2.02    0.00    0.25    0.00    0.00    0.25    0.00    0.00    0.00   97.48
02:28:18     all    2.27    0.00    0.51    0.00    0.00    0.00    0.00    0.00    0.00   97.22
02:28:19     all    2.26    0.00    0.00    0.00    0.00    0.25    0.00    0.00    0.00   97.49
02:28:20     all    2.27    0.00    0.50    0.00    0.00    0.00    0.00    0.00    0.00   97.23
02:28:21     all    2.26    0.00    0.25    0.00    0.00    0.50    0.00    0.00    0.00   96.98
02:28:22     all    2.01    0.00    0.50    0.00    0.00    0.75    0.00    0.00    0.00   96.74
02:28:23     all    2.25    0.00    0.50    0.00    0.00    0.25    0.00    0.00    0.00   97.00
02:28:24     all    1.76    0.00    0.75    0.00    0.00    0.25    0.00    0.00    0.00   97.24
02:28:25     all    2.28    0.00    0.25    0.00    0.00    0.00    0.00    0.00    0.00   97.47
02:28:26     all    2.27    0.00    0.25    0.00    0.00    0.25    0.00    0.00    0.00   97.23
02:28:27     all    2.26    0.00    0.50    0.00    0.00    0.50    0.00    0.00    0.00   96.74
02:28:28     all    2.02    0.00    0.00    0.00    0.00    0.25    0.00    0.00    0.00   97.73
02:28:29     all    2.25    0.00    0.50    0.00    0.00    0.50    0.00    0.00    0.00   96.75
02:28:30     all    2.27    0.00    0.50    0.25    0.00    0.00    0.00    0.00    0.00   96.98
02:28:31     all    1.77    0.00    0.00    0.00    0.00    0.51    0.00    0.00    0.00   97.73
02:28:32     all    2.02    0.00    0.50    0.00    0.00    0.25    0.00    0.00    0.00   97.23
02:28:33     all    2.74    0.00    0.50    0.00    0.00    0.50    0.00    0.00    0.00   96.26
02:28:34     all    2.03    0.00    0.00    0.00    0.00    0.25    0.00    0.00    0.00   97.72
02:28:35     all    2.27    0.00    0.25    0.00    0.00    0.00    0.00    0.00    0.00   97.48
02:28:36     all    2.01    0.00    1.01    0.00    0.00    0.25    0.25    0.00    0.00   96.48
02:28:37     all    2.49    0.00    0.00    0.00    0.00    0.75    0.00    0.00    0.00   96.76
02:28:38     all    2.28    0.00    0.00    0.00    0.00    0.00    0.00    0.00    0.00   97.72
02:28:39     all    2.25    0.00    0.75    0.00    0.00    0.25    0.00    0.00    0.00   96.75
02:28:40     all    2.01    0.00    0.50    0.00    0.00    0.25    0.00    0.00    0.00   97.24
02:28:41     all    2.02    0.00    0.50    0.00    0.00    0.25    0.00    0.00    0.00   97.23
02:28:42     all    2.52    0.00    0.00    0.00    0.00    0.25    0.00    0.00    0.00   97.23
02:28:43     all    2.00    0.00    0.50    0.00    0.00    0.75    0.25    0.00    0.00   96.50
02:28:44     all    2.01    0.00    0.25    0.00    0.00    0.25    0.00    0.00    0.00   97.49
02:28:45     all    2.51    0.00    0.25    0.00    0.00    0.00    0.00    0.00    0.00   97.24
02:28:46     all    2.26    0.00    0.50    0.00    0.00    0.25    0.00    0.00    0.00   96.99
02:28:47     all    2.01    0.00    0.50    0.00    0.00    0.50    0.00    0.00    0.00   96.98
02:28:48     all    2.02    0.00    0.25    0.00    0.00    0.00    0.00    0.00    0.00   97.73
02:28:49     all    2.24    0.00    0.50    0.00    0.00    0.75    0.25    0.00    0.00   96.26
02:28:50     all    2.51    0.00    0.50    0.00    0.00    0.00    0.00    0.00    0.00   96.99
02:28:51     all    2.27    0.00    0.00    0.00    0.00    0.25    0.00    0.00    0.00   97.47
02:28:52     all    2.02    0.00    0.51    0.00    0.00    0.51    0.00    0.00    0.00   96.97
02:28:53     all    2.01    0.00    0.50    0.00    0.00    0.25    0.00    0.00    0.00   97.24
02:28:54     all    2.28    0.00    0.00    0.00    0.00    0.25    0.00    0.00    0.00   97.47
02:28:55     all    2.25    0.00    0.75    0.00    0.00    0.25    0.00    0.00    0.00   96.75
02:28:56     all    2.02    0.00    0.00    0.00    0.00    0.25    0.25    0.00    0.00   97.48
02:28:57     all    2.49    0.00    1.00    0.00    0.00    0.75    0.00    0.00    0.00   95.77
02:28:58     all    2.28    0.00    0.00    0.00    0.00    0.00    0.00    0.00    0.00   97.72
02:28:59     all    1.76    0.00    0.50    0.00    0.00    0.50    0.00    0.00    0.00   97.24
02:29:00     all    2.77    0.00    0.00    0.00    0.00    0.25    0.00    0.00    0.00   96.98
02:29:01     all    2.01    0.00    0.75    0.00    0.00    0.25    0.00    0.00    0.00   96.98
02:29:02     all    2.27    0.00    0.00    0.00    0.00    0.25    0.00    0.00    0.00   97.48
02:29:03     all    2.01    0.00    0.25    0.00    0.00    0.50    0.00    0.00    0.00   97.24
02:29:04     all    2.26    0.00    0.75    0.25    0.00    0.25    0.00    0.00    0.00   96.49
02:29:05     all    2.27    0.00    0.00    0.00    0.00    0.25    0.00    0.00    0.00   97.48
02:29:06     all    1.75    0.00    1.00    0.00    0.00    0.25    0.00    0.00    0.00   96.99
02:29:07     all    2.51    0.00    0.00    0.00    0.00    0.75    0.00    0.00    0.00   96.74
02:29:08     all    2.53    0.00    0.51    0.00    0.00    0.00    0.00    0.00    0.00   96.97
02:29:09     all    2.27    0.00    0.25    0.00    0.00    0.25    0.00    0.00    0.00   97.22
02:29:10     all    2.50    0.00    0.50    0.00    0.00    0.50    0.00    0.00    0.00   96.50
02:29:11     all    2.26    0.00    0.75    0.25    0.00    0.25    0.00    0.00    0.00   96.48
02:29:12     all    2.52    0.00    0.00    0.00    0.00    0.25    0.00    0.00    0.00   97.23
02:29:13     all    2.50    0.00    0.75    0.00    0.00    0.25    0.00    0.00    0.00   96.50
02:29:14     all    1.52    0.00    0.25    0.00    0.00    0.51    0.00    0.00    0.00   97.72
02:29:15     all    2.26    0.00    0.50    0.00    0.00    0.25    0.00    0.00    0.00   96.98
02:29:16     all    2.27    0.00    0.25    0.00    0.00    0.25    0.00    0.00    0.00   97.23
02:29:17     all    2.52    0.00    0.00    0.00    0.00    0.25    0.25    0.00    0.00   96.98
02:29:18     all    2.02    0.00    0.51    0.00    0.00    0.00    0.00    0.00    0.00   97.47
02:29:19     all    2.26    0.00    0.25    0.00    0.00    0.25    0.00    0.00    0.00   97.24
02:29:20     all    2.26    0.00    0.25    0.00    0.00    0.50    0.00    0.00    0.00   96.99
02:29:21     all    2.27    0.00    0.25    0.00    0.00    0.25    0.00    0.00    0.00   97.22
02:29:22     all    2.01    0.00    0.50    0.00    0.00    0.50    0.00    0.00    0.00   96.99
02:29:23     all    2.02    0.00    0.25    0.00    0.00    0.00    0.00    0.00    0.00   97.73
02:29:24     all    2.01    0.00    0.50    0.00    0.00    0.25    0.00    0.00    0.00   97.24
02:29:25     all    2.27    0.00    0.25    0.00    0.00    0.25    0.00    0.00    0.00   97.23
02:29:26     all    1.77    0.00    0.25    0.00    0.00    0.00    0.00    0.00    0.00   97.98
02:29:27     all    1.77    0.00    0.25    0.00    0.00    0.25    0.00    0.00    0.00   97.73
02:29:28     all    2.02    0.00    0.25    0.00    0.00    0.25    0.00    0.00    0.00   97.48
02:29:29     all    2.26    0.00    0.75    0.00    0.00    0.25    0.00    0.00    0.00   96.74
02:29:30     all    2.76    0.00    0.25    0.00    0.00    0.00    0.00    0.00    0.00   96.98
02:29:31     all    2.26    0.00    0.00    0.25    0.00    0.50    0.00    0.00    0.00   96.98
02:29:32     all    2.27    0.00    0.25    0.00    0.00    0.25    0.00    0.00    0.00   97.22
02:29:33     all    2.01    0.00    0.50    0.00    0.00    0.50    0.00    0.00    0.00   96.98
02:29:34     all    2.51    0.00    0.50    0.00    0.00    0.25    0.00    0.00    0.00   96.73
02:29:35     all    2.01    0.00    0.50    0.00    0.00    0.50    0.00    0.00    0.00   96.98
02:29:36     all    2.02    0.00    0.25    0.00    0.00    0.25    0.25    0.00    0.00   97.23
02:29:37     all    2.26    0.00    0.50    0.00    0.00    0.00    0.00    0.00    0.00   97.24
02:29:38     all    1.76    0.00    0.50    0.00    0.00    0.50    0.00    0.00    0.00   97.23
02:29:39     all    2.74    0.00    0.00    0.00    0.00    0.75    0.00    0.00    0.00   96.51
02:29:40     all    2.03    0.00    0.51    0.00    0.00    0.00    0.00    0.00    0.00   97.47
02:29:41     all    2.26    0.00    0.25    0.00    0.00    0.25    0.00    0.00    0.00   97.24
02:29:42     all    1.01    0.00    0.25    0.00    0.00    0.00    0.00    0.00    0.00   98.74
02:29:43     all    1.75    0.00    0.25    0.00    0.00    0.50    0.00    0.00    0.00   97.51
02:29:44     all    1.77    0.00    0.00    0.00    0.00    0.25    0.00    0.00    0.00   97.97
02:29:45     all    2.49    0.00    1.00    0.00    0.00    0.50    0.00    0.00    0.00   96.02
02:29:46     all    2.27    0.00    0.00    0.00    0.00    0.25    0.00    0.00    0.00   97.47
02:29:47     all    2.02    0.00    0.50    0.00    0.00    0.00    0.00    0.00    0.00   97.48
02:29:48     all    1.52    0.00    0.25    0.00    0.00    0.51    0.00    0.00    0.00   97.73
02:29:49     all    2.51    0.00    0.50    0.00    0.00    0.00    0.00    0.00    0.00   96.98
02:29:50     all    2.26    0.00    0.50    0.00    0.00    0.25    0.00    0.00    0.00   96.99
02:29:51     all    2.28    0.00    0.00    0.00    0.00    0.25    0.00    0.00    0.00   97.47
02:29:52     all    2.01    0.00    0.25    0.00    0.00    0.25    0.00    0.00    0.00   97.49
02:29:53     all    2.50    0.00    0.25    0.00    0.00    0.50    0.25    0.00    0.00   96.50
02:29:54     all    2.01    0.00    0.25    0.25    0.00    0.50    0.00    0.00    0.00   96.98
02:29:55     all    2.25    0.00    0.50    0.00    0.00    0.25    0.00    0.00    0.00   97.00
02:29:56     all    2.02    0.00    0.25    0.00    0.00    0.00    0.25    0.00    0.00   97.47
02:29:57     all    2.26    0.00    0.50    0.00    0.00    0.25    0.00    0.00    0.00   96.98
02:29:58     all    1.76    0.00    0.50    0.00    0.00    0.50    0.00    0.00    0.00   97.24
02:29:59     all    2.52    0.00    0.25    0.00    0.00    0.25    0.00    0.00    0.00   96.98
02:30:00     all    2.25    0.00    0.50    0.00    0.00    0.75    0.00    0.00    0.00   96.50
02:30:01     all    1.77    0.00    0.51    0.00    0.00    0.00    0.00    0.00    0.00   97.72
02:30:02     all    1.77    0.00    0.25    0.00    0.00    0.25    0.00    0.00    0.00   97.72
02:30:03     all    2.51    0.00    0.50    0.00    0.00    0.25    0.00    0.00    0.00   96.74
02:30:04     all    2.02    0.00    0.25    0.00    0.00    0.25    0.00    0.00    0.00   97.48
02:30:05     all    2.26    0.00    0.25    0.00    0.00    0.50    0.00    0.00    0.00   96.98
02:30:06     all    1.76    0.00    0.50    0.00    0.00    0.25    0.00    0.00    0.00   97.49
02:30:07     all    3.02    0.00    0.25    0.00    0.00    0.25    0.00    0.00    0.00   96.48
02:30:08     all    2.03    0.00    0.00    0.00    0.00    0.00    0.00    0.00    0.00   97.97
02:30:09     all    2.00    0.00    0.75    0.00    0.00    0.50    0.00    0.00    0.00   96.75
02:30:10     all    2.00    0.00    0.50    0.00    0.00    0.50    0.00    0.00    0.00   97.00
02:30:11     all    1.77    0.00    0.25    0.00    0.00    0.51    0.00    0.00    0.00   97.47
02:30:12     all    2.51    0.00    0.25    0.00    0.00    0.00    0.25    0.00    0.00   96.99
02:30:13     all    2.25    0.00    0.75    0.00    0.00    0.50    0.00    0.00    0.00   96.50
02:30:14     all    1.77    0.00    0.00    0.00    0.00    0.51    0.00    0.00    0.00   97.72
02:30:15     all    2.25    0.00    0.50    0.00    0.00    0.50    0.00    0.00    0.00   96.75
02:30:16     all    2.51    0.00    0.75    0.00    0.00    0.25    0.00    0.00    0.00   96.49
02:30:17     all    2.01    0.00    0.25    0.00    0.00    0.50    0.00    0.00    0.00   97.24
02:30:18     all    2.28    0.00    0.25    0.00    0.00    0.00    0.00    0.00    0.00   97.47
02:30:19     all    2.01    0.00    0.25    0.00    0.00    0.50    0.00    0.00    0.00   97.24
02:30:20     all    2.01    0.00    0.50    0.00    0.00    0.25    0.25    0.00    0.00   96.99
02:30:21     all    2.26    0.00    0.50    0.00    0.00    0.25    0.00    0.00    0.00   96.98
02:30:22     all    2.28    0.00    0.00    0.00    0.00    0.25    0.00    0.00    0.00   97.47
02:30:23     all    2.01    0.00    0.75    0.00    0.00    0.25    0.00    0.00    0.00   96.98
02:30:24     all    2.78    0.00    0.76    0.25    0.00    0.25    0.00    0.00    0.00   95.96
02:30:25     all    2.02    0.00    0.25    0.00    0.00    0.50    0.00    0.00    0.00   97.23
02:30:26     all    2.25    0.00    0.75    0.25    0.00    0.25    0.00    0.00    0.00   96.50
02:30:27     all    2.02    0.00    0.00    0.00    0.00    0.50    0.00    0.00    0.00   97.48
02:30:28     all    2.51    0.00    0.25    0.00    0.00    0.50    0.00    0.00    0.00   96.74
02:30:29     all    2.26    0.00    0.75    0.00    0.00    0.50    0.00    0.00    0.00   96.49
02:30:30     all    1.76    0.00    0.00    0.00    0.00    0.50    0.25    0.00    0.00   97.48
02:30:31     all    2.50    0.00    0.25    0.00    0.00    0.50    0.00    0.00    0.00   96.75
02:30:32     all    2.51    0.00    0.25    0.00    0.00    0.75    0.00    0.00    0.00   96.48
02:30:33     all    2.27    0.00    0.50    0.00    0.00    0.00    0.00    0.00    0.00   97.23
02:30:34     all    2.01    0.00    0.00    0.00    0.00    0.75    0.00    0.00    0.00   97.24
02:30:35     all    2.50    0.00    0.75    0.00    0.00    0.50    0.00    0.00    0.00   96.25
02:30:36     all    2.03    0.00    0.00    0.00    0.00    0.00    0.25    0.00    0.00   97.72
02:30:37     all    2.51    0.00    0.75    0.00    0.00    0.50    0.00    0.00    0.00   96.24
02:30:38     all    2.26    0.00    0.00    0.00    0.00    0.50    0.00    0.00    0.00   97.24
02:30:39     all    2.26    0.00    0.50    0.00    0.00    0.50    0.00    0.00    0.00   96.73
02:30:40     all    2.03    0.00    0.25    0.00    0.00    0.25    0.00    0.00    0.00   97.47
02:30:41     all    2.50    0.00    0.75    0.25    0.00    0.00    0.00    0.00    0.00   96.50
02:30:42     all    2.52    0.00    0.25    0.00    0.00    0.25    0.00    0.00    0.00   96.98
02:30:43     all    1.51    0.00    0.75    0.00    0.00    0.75    0.00    0.00    0.00   96.98
02:30:44     all    2.52    0.00    0.25    0.00    0.00    0.00    0.00    0.00    0.00   97.23
02:30:45     all    2.53    0.00    0.25    0.00    0.00    0.25    0.00    0.00    0.00   96.97
02:30:46     all    2.02    0.00    0.50    0.00    0.00    0.00    0.00    0.00    0.00   97.48
02:30:47     all    2.52    0.00    0.25    0.00    0.00    0.25    0.00    0.00    0.00   96.98
02:30:48     all    2.01    0.00    0.25    0.00    0.00    0.50    0.25    0.00    0.00   96.99
02:30:49     all    2.26    0.00    0.50    0.00    0.00    0.50    0.00    0.00    0.00   96.73
02:30:50     all    1.78    0.00    0.25    0.00    0.00    0.25    0.00    0.00    0.00   97.72
02:30:51     all    2.26    0.00    0.75    0.00    0.00    0.25    0.00    0.00    0.00   96.73
02:30:52     all    2.26    0.00    0.25    0.00    0.00    0.50    0.00    0.00    0.00   96.98
02:30:53     all    2.03    0.00    0.25    0.00    0.00    0.00    0.00    0.00    0.00   97.72
02:30:54     all    2.51    0.00    0.50    0.00    0.00    0.25    0.00    0.00    0.00   96.73
02:30:55     all    2.02    0.00    0.25    0.00    0.00    0.76    0.00    0.00    0.00   96.97
02:30:56     all    2.51    0.00    0.50    0.00    0.00    0.00    0.00    0.00    0.00   96.98
02:30:57     all    2.02    0.00    0.51    0.00    0.00    0.25    0.00    0.00    0.00   97.22
02:30:58     all    2.51    0.00    0.50    0.00    0.00    0.75    0.00    0.00    0.00   96.24
02:30:59     all    2.02    0.00    0.50    0.00    0.00    0.00    0.00    0.00    0.00   97.48
02:31:00     all    2.26    0.00    0.25    0.00    0.00    0.25    0.25    0.00    0.00   96.98
02:31:01     all    2.51    0.00    0.50    0.00    0.00    0.75    0.00    0.00    0.00   96.23
02:31:02     all    2.26    0.00    0.50    0.00    0.00    0.25    0.00    0.00    0.00   96.98
02:31:03     all    2.27    0.00    0.25    0.00    0.00    0.25    0.00    0.00    0.00   97.22
02:31:04     all    2.27    0.00    0.25    0.00    0.00    0.25    0.00    0.00    0.00   97.23
02:31:05     all    2.49    0.00    0.50    0.00    0.00    0.50    0.00    0.00    0.00   96.51
02:31:06     all    2.02    0.00    0.25    0.00    0.00    0.25    0.00    0.00    0.00   97.48
02:31:07     all    2.27    0.00    1.01    0.00    0.00    0.00    0.00    0.00    0.00   96.73
02:31:08     all    2.01    0.00    0.25    0.00    0.00    0.50    0.00    0.00    0.00   97.24
02:31:09     all    2.02    0.00    0.51    0.00    0.00    0.25    0.00    0.00    0.00   97.22
02:31:10     all    2.27    0.00    0.25    0.00    0.00    0.25    0.00    0.00    0.00   97.22
02:31:11     all    2.25    0.00    0.75    0.00    0.00    0.50    0.00    0.00    0.00   96.50
02:31:12     all    2.27    0.00    0.51    0.00    0.00    0.00    0.00    0.00    0.00   97.22
02:31:13     all    2.03    0.00    0.00    0.00    0.00    0.51    0.00    0.00    0.00   97.47
02:31:14     all    2.26    0.00    0.25    0.00    0.00    0.50    0.00    0.00    0.00   96.98
02:31:15     all    2.01    0.00    0.75    0.00    0.00    0.00    0.00    0.00    0.00   97.24
02:31:16     all    2.51    0.00    0.25    0.25    0.00    0.75    0.00    0.00    0.00   96.23
02:31:17     all    2.51    0.00    0.25    0.00    0.00    0.25    0.00    0.00    0.00   96.99
02:31:18     all    1.77    0.00    0.51    0.00    0.00    0.76    0.00    0.00    0.00   96.97
02:31:19     all    2.74    0.00    1.00    0.00    0.00    0.25    0.00    0.00    0.00   96.01
02:31:20     all    2.01    0.00    0.25    0.00    0.00    0.50    0.25    0.00    0.00   96.98
02:31:21     all    2.27    0.00    0.25    0.00    0.00    0.50    0.25    0.00    0.00   96.73
02:31:22     all    2.27    0.00    0.50    0.00    0.00    0.00    0.00    0.00    0.00   97.23
02:31:23     all    2.01    0.00    0.50    0.00    0.00    0.75    0.00    0.00    0.00   96.73
02:31:24     all    2.51    0.00    0.00    0.00    0.00    0.50    0.00    0.00    0.00   96.98
02:31:25     all    2.49    0.00    0.75    0.00    0.00    0.75    0.00    0.00    0.00   96.02
02:31:26     all    2.28    0.00    0.00    0.00    0.00    0.00    0.00    0.00    0.00   97.72
02:31:27     all    2.02    0.00    0.25    0.00    0.00    0.50    0.00    0.00    0.00   97.23
02:31:28     all    2.74    0.00    0.50    0.00    0.00    0.50    0.00    0.00    0.00   96.26
02:31:29     all    2.03    0.00    0.51    0.00    0.00    0.00    0.00    0.00    0.00   97.47
02:31:30     all    2.25    0.00    0.25    0.00    0.00    0.75    0.25    0.00    0.00   96.50
02:31:31     all    2.27    0.00    0.25    0.00    0.00    0.00    0.00    0.00    0.00   97.48
02:31:32     all    1.76    0.00    0.76    0.00    0.00    0.25    0.25    0.00    0.00   96.98
02:31:33     all    2.03    0.00    0.25    0.00    0.00    0.00    0.00    0.00    0.00   97.72
02:31:34     all    2.51    0.00    0.50    0.00    0.00    0.50    0.00    0.00    0.00   96.49
02:31:35     all    1.78    0.00    0.25    0.00    0.00    0.25    0.00    0.00    0.00   97.72
02:31:36     all    2.74    0.00    0.50    0.00    0.00    0.50    0.00    0.00    0.00   96.26
02:31:37     all    2.27    0.00    0.25    0.00    0.00    0.25    0.00    0.00    0.00   97.23
02:31:38     all    2.51    0.00    0.50    0.00    0.00    0.25    0.00    0.00    0.00   96.73
02:31:39     all    2.01    0.00    0.25    0.00    0.00    0.50    0.00    0.00    0.00   97.24
02:31:40     all    2.52    0.00    0.50    0.00    0.00    0.00    0.00    0.00    0.00   96.98
02:31:41     all    1.77    0.00    0.25    0.00    0.00    0.25    0.00    0.00    0.00   97.72
02:31:42     all    2.48    0.00    0.74    0.00    0.00    0.99    0.00    0.00    0.00   95.78
02:31:43     all    2.02    0.00    0.25    0.00    0.00    0.25    0.00    0.00    0.00   97.47
02:31:44     all    2.26    0.00    0.50    0.00    0.00    0.50    0.00    0.00    0.00   96.74
02:31:45     all    2.01    0.00    0.50    0.00    0.00    0.50    0.00    0.00    0.00   96.98
02:31:46     all    2.51    0.00    0.25    0.00    0.00    0.25    0.00    0.00    0.00   96.98
02:31:47     all    2.26    0.00    0.25    0.00    0.00    0.75    0.00    0.00    0.00   96.74
02:31:48     all    2.27    0.00    0.25    0.00    0.00    0.25    0.00    0.00    0.00   97.23
02:31:49     all    2.02    0.00    0.00    0.00    0.00    0.51    0.00    0.00    0.00   97.47
02:31:50     all    2.50    0.00    0.25    0.25    0.00    0.50    0.00    0.00    0.00   96.50
02:31:51     all    2.03    0.00    0.76    0.00    0.00    0.25    0.00    0.00    0.00   96.95
02:31:52     all    2.51    0.00    0.50    0.00    0.00    0.00    0.00    0.00    0.00   96.98
02:31:53     all    2.52    0.00    0.25    0.00    0.00    0.00    0.00    0.00    0.00   97.23
02:31:54     all    2.00    0.00    0.50    0.00    0.00    1.00    0.00    0.00    0.00   96.50
02:31:55     all    2.27    0.00    0.25    0.00    0.00    0.50    0.00    0.00    0.00   96.98
02:31:56     all    2.28    0.00    0.00    0.00    0.00    0.00    0.00    0.00    0.00   97.72
02:31:57     all    2.01    0.00    0.75    0.00    0.00    0.25    0.00    0.00    0.00   96.98
02:31:58     all    2.50    0.00    0.25    0.00    0.00    0.75    0.25    0.00    0.00   96.25
02:31:59     all    2.02    0.00    0.25    0.00    0.00    0.00    0.00    0.00    0.00   97.73
02:32:00     all    2.51    0.00    0.25    0.00    0.00    0.25    0.00    0.00    0.00   96.98
02:32:01     all    2.01    0.00    0.75    0.00    0.00    0.00    0.00    0.00    0.00   97.24
02:32:02     all    2.50    0.00    0.25    0.00    0.00    0.75    0.25    0.00    0.00   96.25
02:32:03     all    2.02    0.00    0.51    0.00    0.00    0.00    0.00    0.00    0.00   97.47
02:32:04     all    2.27    0.00    0.25    0.00    0.00    0.50    0.00    0.00    0.00   96.98
02:32:05     all    2.50    0.00    0.75    0.00    0.00    0.25    0.00    0.00    0.00   96.50
02:32:06     all    1.77    0.00    0.25    0.00    0.00    0.51    0.00    0.00    0.00   97.47
02:32:07     all    2.02    0.00    0.50    0.00    0.00    0.25    0.00    0.00    0.00   97.23
02:32:08     all    2.74    0.00    0.25    0.00    0.00    0.50    0.00    0.00    0.00   96.51
02:32:09     all    2.28    0.00    0.25    0.00    0.00    0.00    0.00    0.00    0.00   97.47
02:32:10     all    2.51    0.00    0.25    0.00    0.00    0.25    0.00    0.00    0.00   96.98
02:32:11     all    2.02    0.00    0.00    0.00    0.00    0.51    0.25    0.00    0.00   97.22
02:32:12     all    2.26    0.00    0.50    0.00    0.00    0.25    0.00    0.00    0.00   96.98
02:32:13     all    2.51    0.00    0.25    0.00    0.00    0.50    0.00    0.00    0.00   96.74
02:32:14     all    2.51    0.00    0.25    0.00    0.00    0.50    0.00    0.00    0.00   96.74
02:32:15     all    2.03    0.00    0.51    0.00    0.00    0.00    0.00    0.00    0.00   97.47
02:32:16     all    2.27    0.00    0.25    0.00    0.00    0.25    0.00    0.00    0.00   97.23
02:32:17     all    2.02    0.00    0.50    0.00    0.00    0.00    0.00    0.00    0.00   97.48
02:32:18     all    2.25    0.00    0.25    0.00    0.00    1.00    0.00    0.00    0.00   96.50
02:32:19     all    2.28    0.00    0.00    0.00    0.00    0.00    0.00    0.00    0.00   97.72
02:32:20     all    1.77    0.00    0.51    0.00    0.00    0.25    0.00    0.00    0.00   97.47
02:32:21     all    2.77    0.00    0.00    0.00    0.00    0.00    0.00    0.00    0.00   97.23
02:32:22     all    1.76    0.00    0.75    0.00    0.00    0.25    0.00    0.00    0.00   97.24
02:32:23     all    2.26    0.00    0.50    0.00    0.00    0.50    0.00    0.00    0.00   96.73
02:32:24     all    2.51    0.00    0.25    0.00    0.00    0.25    0.00    0.00    0.00   96.98
02:32:25     all    2.26    0.00    0.25    0.00    0.00    0.50    0.00    0.00    0.00   96.99
02:32:26     all    2.03    0.00    0.25    0.00    0.00    0.00    0.00    0.00    0.00   97.72
02:32:27     all    2.01    0.00    0.75    0.00    0.00    0.25    0.00    0.00    0.00   96.99
02:32:28     all    2.51    0.00    0.25    0.00    0.00    0.25    0.00    0.00    0.00   96.98
02:32:29     all    2.27    0.00    0.76    0.00    0.00    0.00    0.00    0.00    0.00   96.97
02:32:30     all    2.25    0.00    0.25    0.00    0.00    1.00    0.00    0.00    0.00   96.50
02:32:31     all    2.28    0.00    0.25    0.00    0.00    0.00    0.00    0.00    0.00   97.47
02:32:32     all    2.51    0.00    0.50    0.25    0.00    0.25    0.00    0.00    0.00   96.49
02:32:33     all    2.25    0.00    0.50    0.00    0.00    0.50    0.00    0.00    0.00   96.75
02:32:34     all    2.02    0.00    0.50    0.00    0.00    0.25    0.25    0.00    0.00   96.98
02:32:35     all    2.01    0.00    0.50    0.00    0.00    0.50    0.00    0.00    0.00   96.98
02:32:36     all    2.26    0.00    0.50    0.00    0.00    0.50    0.00    0.00    0.00   96.74
02:32:37     all    2.26    0.00    0.25    0.00    0.00    0.50    0.00    0.00    0.00   96.98
02:32:38     all    2.26    0.00    0.25    0.00    0.00    0.50    0.25    0.00    0.00   96.74
02:32:39     all    2.27    0.00    0.00    0.00    0.00    0.51    0.00    0.00    0.00   97.22
02:32:40     all    2.26    0.00    0.50    0.00    0.00    0.50    0.00    0.00    0.00   96.74
02:32:41     all    2.51    0.00    0.50    0.00    0.00    0.00    0.00    0.00    0.00   96.98
02:32:42     all    1.75    0.00    0.00    0.00    0.00    0.50    0.00    0.00    0.00   97.74
02:32:43     all    0.50    0.00    0.00    0.00    0.00    0.00    0.00    0.00    0.00   99.50
02:32:44     all    2.00    0.00    0.75    0.00    0.00    0.75    0.00    0.00    0.00   96.50
02:32:45     all    1.77    0.00    0.00    0.00    0.00    0.00    0.00    0.00    0.00   98.23
02:32:46     all    2.24    0.00    0.75    0.00    0.00    0.75    0.00    0.00    0.00   96.26
02:32:47     all    2.27    0.00    0.25    0.00    0.00    0.25    0.00    0.00    0.00   97.23
02:32:48     all    2.26    0.00    0.50    0.00    0.00    0.25    0.00    0.00    0.00   96.98
02:32:49     all    1.52    0.00    0.25    0.00    0.00    0.25    0.00    0.00    0.00   97.98
02:32:50     all    2.27    0.00    0.25    0.00    0.00    0.00    0.00    0.00    0.00   97.48
02:32:51     all    2.26    0.00    0.50    0.00    0.00    0.25    0.00    0.00    0.00   96.98
02:32:52     all    2.26    0.00    0.50    0.00    0.00    0.25    0.00    0.00    0.00   96.98
02:32:53     all    2.27    0.00    0.25    0.00    0.00    0.50    0.00    0.00    0.00   96.98
02:32:54     all    2.51    0.00    0.50    0.00    0.00    0.25    0.00    0.00    0.00   96.74
02:32:55     all    2.27    0.00    0.00    0.00    0.00    0.50    0.00    0.00    0.00   97.23
02:32:56     all    2.24    0.00    0.50    0.00    0.00    0.25    0.25    0.00    0.00   96.76
02:32:57     all    1.77    0.00    0.51    0.00    0.00    0.25    0.00    0.00    0.00   97.47
02:32:58     all    2.01    0.00    0.75    0.00    0.00    0.50    0.00    0.00    0.00   96.74
02:32:59     all    2.52    0.00    0.25    0.00    0.00    0.25    0.00    0.00    0.00   96.98
02:33:00     all    2.27    0.00    0.25    0.00    0.00    0.25    0.25    0.00    0.00   96.98
02:33:01     all    2.51    0.00    0.50    0.00    0.00    0.25    0.00    0.00    0.00   96.74
02:33:02     all    2.02    0.00    0.25    0.00    0.00    0.25    0.00    0.00    0.00   97.47
02:33:03     all    1.76    0.00    0.25    0.00    0.00    0.50    0.00    0.00    0.00   97.48
02:33:04     all    2.02    0.00    0.50    0.00    0.00    0.25    0.00    0.00    0.00   97.23
02:33:05     all    1.76    0.00    0.25    0.00    0.00    0.50    0.00    0.00    0.00   97.48
02:33:06     all    2.27    0.00    0.25    0.00    0.00    0.25    0.00    0.00    0.00   97.23
02:33:07     all    2.49    0.00    0.25    0.25    0.00    0.25    0.00    0.00    0.00   96.76
02:33:08     all    1.76    0.00    0.76    0.00    0.00    0.50    0.00    0.00    0.00   96.98
02:33:09     all    2.51    0.00    0.25    0.00    0.00    0.25    0.00    0.00    0.00   96.98
02:33:10     all    2.26    0.00    0.75    0.00    0.00    0.50    0.00    0.00    0.00   96.49
02:33:11     all    1.76    0.00    0.00    0.00    0.00    0.50    0.00    0.00    0.00   97.73
02:33:12     all    2.27    0.00    0.25    0.00    0.00    0.25    0.25    0.00    0.00   96.98
02:33:13     all    2.74    0.00    0.75    0.00    0.00    0.25    0.00    0.00    0.00   96.26
02:33:14     all    2.27    0.00    0.25    0.00    0.00    0.51    0.00    0.00    0.00   96.97
02:33:15     all    2.02    0.00    0.50    0.00    0.00    0.25    0.00    0.00    0.00   97.23
02:33:16     all    2.52    0.00    0.25    0.00    0.00    0.50    0.00    0.00    0.00   96.73
02:33:17     all    1.77    0.00    0.25    0.00    0.00    0.25    0.00    0.00    0.00   97.73
02:33:18     all    2.51    0.00    0.75    0.00    0.00    0.25    0.00    0.00    0.00   96.49
02:33:19     all    2.27    0.00    0.00    0.00    0.00    0.25    0.00    0.00    0.00   97.48
02:33:20     all    2.27    0.00    0.25    0.00    0.00    0.50    0.00    0.00    0.00   96.98
02:33:21     all    2.02    0.00    0.76    0.00    0.00    0.25    0.00    0.00    0.00   96.98
02:33:22     all    2.27    0.00    0.50    0.00    0.00    0.25    0.00    0.00    0.00   96.98
02:33:23     all    2.26    0.00    0.00    0.00    0.00    0.50    0.00    0.00    0.00   97.24
02:33:24     all    2.26    0.00    0.75    0.00    0.00    0.25    0.00    0.00    0.00   96.74
02:33:25     all    2.27    0.00    0.25    0.00    0.00    0.25    0.25    0.00    0.00   96.98
02:33:26     all    2.25    0.00    1.00    0.00    0.00    0.00    0.00    0.00    0.00   96.75
02:33:27     all    2.02    0.00    0.00    0.00    0.00    0.76    0.00    0.00    0.00   97.23
02:33:28     all    2.02    0.00    0.00    0.00    0.00    0.50    0.00    0.00    0.00   97.48
02:33:29     all    2.01    0.00    1.00    0.00    0.00    0.25    0.00    0.00    0.00   96.74
02:33:30     all    2.28    0.00    0.00    0.00    0.00    0.00    0.00    0.00    0.00   97.72
02:33:31     all    2.02    0.00    0.50    0.00    0.00    0.25    0.00    0.00    0.00   97.23
02:33:32     all    2.51    0.00    0.25    0.00    0.00    0.25    0.00    0.00    0.00   96.99
02:33:33     all    1.77    0.00    0.25    0.00    0.00    0.51    0.00    0.00    0.00   97.47
02:33:34     all    2.26    0.00    0.50    0.00    0.00    0.00    0.00    0.00    0.00   97.24
02:33:35     all    2.25    0.00    0.50    0.00    0.00    0.50    0.00    0.00    0.00   96.75
02:33:36     all    2.52    0.00    0.25    0.00    0.00    0.25    0.00    0.00    0.00   96.98
02:33:37     all    2.02    0.00    0.25    0.00    0.00    0.00    0.00    0.00    0.00   97.73
02:33:38     all    2.51    0.00    0.75    0.00    0.00    0.00    0.00    0.00    0.00   96.73
02:33:39     all    2.01    0.00    0.25    0.00    0.00    0.50    0.00    0.00    0.00   97.24
02:33:40     all    2.02    0.00    0.00    0.00    0.00    0.25    0.00    0.00    0.00   97.73
02:33:41     all    2.49    0.00    0.75    0.25    0.00    0.25    0.00    0.00    0.00   96.26
02:33:42     all    2.03    0.00    0.25    0.00    0.00    0.25    0.00    0.00    0.00   97.47
02:33:43     all    2.27    0.00    0.00    0.00    0.00    0.50    0.00    0.00    0.00   97.23
02:33:44     all    2.27    0.00    0.25    0.00    0.00    0.25    0.00    0.00    0.00   97.23
02:33:45     all    2.01    0.00    0.75    0.00    0.00    0.50    0.00    0.00    0.00   96.74
02:33:46     all    2.52    0.00    0.25    0.00    0.00    0.25    0.00    0.00    0.00   96.98
02:33:47     all    2.52    0.00    0.50    0.00    0.00    0.25    0.00    0.00    0.00   96.73
02:33:48     all    2.26    0.00    0.25    0.00    0.00    0.50    0.00    0.00    0.00   96.98
02:33:49     all    1.77    0.00    0.25    0.00    0.00    0.25    0.00    0.00    0.00   97.72
02:33:50     all    2.50    0.00    0.75    0.00    0.00    0.25    0.25    0.00    0.00   96.25
02:33:51     all    2.74    0.00    0.25    0.00    0.00    0.50    0.25    0.00    0.00   96.26
02:33:52     all    2.03    0.00    0.00    0.00    0.00    0.51    0.00    0.00    0.00   97.46
02:33:53     all    2.25    0.00    1.00    0.00    0.00    0.25    0.00    0.00    0.00   96.50
02:33:54     all    2.51    0.00    0.25    0.00    0.00    0.50    0.00    0.00    0.00   96.74
02:33:55     all    2.27    0.00    0.50    0.00    0.00    0.00    0.00    0.00    0.00   97.23
02:33:56     all    2.26    0.00    0.50    0.00    0.00    0.25    0.00    0.00    0.00   96.98
02:33:57     all    2.03    0.00    0.00    0.00    0.00    0.25    0.00    0.00    0.00   97.72
02:33:58     all    2.27    0.00    0.25    0.00    0.00    0.25    0.00    0.00    0.00   97.23
02:33:59     all    2.01    0.00    0.75    0.00    0.00    0.25    0.00    0.00    0.00   96.99
02:34:00     all    2.01    0.00    0.25    0.00    0.00    0.25    0.00    0.00    0.00   97.49
02:34:01     all    2.26    0.00    0.25    0.00    0.00    0.50    0.00    0.00    0.00   96.98
02:34:02     all    2.02    0.00    0.50    0.00    0.00    0.25    0.00    0.00    0.00   97.23
02:34:03     all    1.76    0.00    0.50    0.00    0.00    0.25    0.00    0.00    0.00   97.48
02:34:04     all    2.01    0.00    0.50    0.00    0.00    0.50    0.00    0.00    0.00   96.98
02:34:05     all    2.01    0.00    0.25    0.00    0.00    0.50    0.00    0.00    0.00   97.24
02:34:06     all    2.03    0.00    0.51    0.00    0.00    0.00    0.00    0.00    0.00   97.47
02:34:07     all    2.26    0.00    0.50    0.00    0.00    0.50    0.00    0.00    0.00   96.74
02:34:08     all    2.27    0.00    0.00    0.00    0.00    0.25    0.00    0.00    0.00   97.48
02:34:09     all    2.02    0.00    0.76    0.00    0.00    0.50    0.00    0.00    0.00   96.73
02:34:10     all    2.26    0.00    0.25    0.00    0.00    0.25    0.00    0.00    0.00   97.24
02:34:11     all    2.51    0.00    0.00    0.00    0.00    0.50    0.00    0.00    0.00   96.98
02:34:12     all    2.02    0.00    0.51    0.00    0.00    0.00    0.00    0.00    0.00   97.47
02:34:13     all    2.01    0.00    0.25    0.00    0.00    0.50    0.25    0.00    0.00   96.99
02:34:14     all    1.76    0.00    0.50    0.00    0.00    0.50    0.00    0.00    0.00   97.24
02:34:15     all    2.76    0.00    0.25    0.25    0.00    0.25    0.00    0.00    0.00   96.49
02:34:16     all    1.76    0.00    0.25    0.00    0.00    0.25    0.00    0.00    0.00   97.74
02:34:17     all    2.27    0.00    0.51    0.00    0.00    0.00    0.00    0.00    0.00   97.22
02:34:18     all    2.01    0.00    0.75    0.00    0.00    0.50    0.00    0.00    0.00   96.73
02:34:19     all    2.26    0.00    0.00    0.00    0.00    0.50    0.00    0.00    0.00   97.24
02:34:20     all    2.52    0.00    0.25    0.00    0.00    0.25    0.00    0.00    0.00   96.98
02:34:21     all    2.50    0.00    0.25    0.00    0.00    0.50    0.00    0.00    0.00   96.75
02:34:22     all    2.28    0.00    0.51    0.00    0.00    0.00    0.00    0.00    0.00   97.22
02:34:23     all    2.26    0.00    0.75    0.00    0.00    0.50    0.00    0.00    0.00   96.49
02:34:24     all    2.01    0.00    0.25    0.00    0.00    0.50    0.00    0.00    0.00   97.24
02:34:25     all    2.53    0.00    0.25    0.00    0.00    0.00    0.00    0.00    0.00   97.22
02:34:26     all    2.27    0.00    0.25    0.00    0.00    0.25    0.00    0.00    0.00   97.23
02:34:27     all    2.51    0.00    0.50    0.00    0.00    0.50    0.25    0.00    0.00   96.24
02:34:28     all    1.75    0.00    0.50    0.00    0.00    0.25    0.25    0.00    0.00   97.24
02:34:29     all    2.27    0.00    0.25    0.00    0.00    0.51    0.00    0.00    0.00   96.97
02:34:30     all    2.01    0.00    0.50    0.00    0.00    0.50    0.00    0.00    0.00   96.98
02:34:31     all    2.27    0.00    0.25    0.00    0.00    0.25    0.00    0.00    0.00   97.22
02:34:32     all    2.50    0.00    0.50    0.00    0.00    0.25    0.00    0.00    0.00   96.75
02:34:33     all    2.52    0.00    0.25    0.00    0.00    0.50    0.00    0.00    0.00   96.73
02:34:34     all    2.01    0.00    0.50    0.00    0.00    0.50    0.00    0.00    0.00   96.99
02:34:35     all    2.52    0.00    0.25    0.00    0.00    0.25    0.00    0.00    0.00   96.98
02:34:36     all    2.26    0.00    0.50    0.00    0.00    0.25    0.00    0.00    0.00   96.98
02:34:37     all    2.02    0.00    0.00    0.00    0.00    0.50    0.00    0.00    0.00   97.48
02:34:38     all    2.51    0.00    0.75    0.00    0.00    0.25    0.00    0.00    0.00   96.49
02:34:39     all    1.78    0.00    0.00    0.00    0.00    0.00    0.00    0.00    0.00   98.22
02:34:40     all    2.50    0.00    0.75    0.25    0.00    0.25    0.00    0.00    0.00   96.25
02:34:41     all    2.24    0.00    0.50    0.00    0.00    1.00    0.00    0.00    0.00   96.26
02:34:42     all    2.02    0.00    0.00    0.00    0.00    0.25    0.25    0.00    0.00   97.47
02:34:43     all    2.26    0.00    1.00    0.00    0.00    0.00    0.00    0.00    0.00   96.74
02:34:44     all    2.26    0.00    0.00    0.00    0.00    0.75    0.00    0.00    0.00   96.99
02:34:45     all    2.02    0.00    0.25    0.00    0.00    0.25    0.00    0.00    0.00   97.48
02:34:46     all    2.01    0.00    0.50    0.50    0.00    0.25    0.00    0.00    0.00   96.73
02:34:47     all    2.26    0.00    0.50    0.00    0.00    0.25    0.00    0.00    0.00   96.98
02:34:48     all    1.76    0.00    0.25    0.00    0.00    0.75    0.00    0.00    0.00   97.24
02:34:49     all    2.52    0.00    0.25    0.00    0.00    0.00    0.00    0.00    0.00   97.23
02:34:50     all    1.77    0.00    0.51    0.00    0.00    0.25    0.00    0.00    0.00   97.47
02:34:51     all    3.00    0.00    0.25    0.00    0.00    0.25    0.00    0.00    0.00   96.50
02:34:52     all    2.26    0.00    0.50    0.00    0.00    0.25    0.00    0.00    0.00   96.99
02:34:53     all    2.27    0.00    0.50    0.00    0.00    0.25    0.00    0.00    0.00   96.98
02:34:54     all    2.27    0.00    0.25    0.00    0.00    0.25    0.00    0.00    0.00   97.23
02:34:55     all    2.27    0.00    0.50    0.00    0.00    0.00    0.00    0.00    0.00   97.23
02:34:56     all    2.27    0.00    0.25    0.00    0.00    0.25    0.25    0.00    0.00   96.98
02:34:57     all    2.26    0.00    0.25    0.00    0.00    0.75    0.00    0.00    0.00   96.74
02:34:58     all    2.25    0.00    0.50    0.00    0.00    0.50    0.00    0.00    0.00   96.75
02:34:59     all    2.53    0.00    0.00    0.00    0.00    0.00    0.00    0.00    0.00   97.47
02:35:00     all    2.50    0.00    0.50    0.00    0.00    0.25    0.00    0.00    0.00   96.75
02:35:01     all    1.76    0.00    0.76    0.00    0.00    0.76    0.00    0.00    0.00   96.73
02:35:02     all    2.50    0.00    0.25    0.00    0.00    0.50    0.00    0.00    0.00   96.75
02:35:03     all    2.26    0.00    0.50    0.00    0.00    0.75    0.00    0.00    0.00   96.49
02:35:04     all    2.24    0.00    0.75    0.00    0.00    0.50    0.00    0.00    0.00   96.51
02:35:05     all    2.28    0.00    0.25    0.00    0.00    0.25    0.00    0.00    0.00   97.22
02:35:06     all    2.28    0.00    0.00    0.00    0.00    0.25    0.00    0.00    0.00   97.47
02:35:07     all    2.24    0.00    1.25    0.00    0.00    0.25    0.25    0.00    0.00   96.01
02:35:08     all    2.27    0.00    0.00    0.00    0.00    0.51    0.00    0.00    0.00   97.22
02:35:09     all    2.26    0.00    0.25    0.00    0.00    0.25    0.00    0.00    0.00   97.24
02:35:10     all    2.25    0.00    0.75    0.00    0.00    0.50    0.00    0.00    0.00   96.50
02:35:11     all    2.27    0.00    0.00    0.00    0.00    0.50    0.00    0.00    0.00   97.23
02:35:12     all    2.02    0.00    0.51    0.00    0.00    0.00    0.00    0.00    0.00   97.47
02:35:13     all    2.26    0.00    0.50    0.00    0.00    0.50    0.00    0.00    0.00   96.74
02:35:14     all    2.26    0.00    0.50    0.00    0.00    0.50    0.00    0.00    0.00   96.74
02:35:15     all    2.02    0.00    0.25    0.00    0.00    0.25    0.00    0.00    0.00   97.48
02:35:16     all    2.26    0.00    0.50    0.00    0.00    0.25    0.00    0.00    0.00   96.99
02:35:17     all    2.02    0.00    0.50    0.00    0.00    0.50    0.00    0.00    0.00   96.98
02:35:18     all    2.52    0.00    0.00    0.25    0.00    0.00    0.00    0.00    0.00   97.23
02:35:19     all    2.02    0.00    0.50    0.00    0.00    0.25    0.00    0.00    0.00   97.23
02:35:20     all    2.01    0.00    0.50    0.00    0.00    0.75    0.00    0.00    0.00   96.74
02:35:21     all    2.02    0.00    0.25    0.00    0.00    0.25    0.00    0.00    0.00   97.47
02:35:22     all    2.51    0.00    0.50    0.00    0.00    0.00    0.00    0.00    0.00   96.98
02:35:23     all    2.01    0.00    0.50    0.00    0.00    0.25    0.00    0.00    0.00   97.24
02:35:24     all    2.50    0.00    0.50    0.00    0.00    0.75    0.00    0.00    0.00   96.25
02:35:25     all    2.02    0.00    0.51    0.00    0.00    0.00    0.00    0.00    0.00   97.47
02:35:26     all    2.52    0.00    0.00    0.00    0.00    0.50    0.00    0.00    0.00   96.98
02:35:27     all    1.76    0.00    0.50    0.00    0.00    0.50    0.00    0.00    0.00   97.24
02:35:28     all    2.75    0.00    0.50    0.00    0.00    0.50    0.00    0.00    0.00   96.25
02:35:29     all    1.77    0.00    0.25    0.00    0.00    0.25    0.00    0.00    0.00   97.72
02:35:30     all    2.27    0.00    0.25    0.00    0.00    0.25    0.00    0.00    0.00   97.23
02:35:31     all    2.26    0.00    0.50    0.00    0.00    0.25    0.00    0.00    0.00   96.98
02:35:32     all    2.01    0.00    0.00    0.25    0.00    0.50    0.25    0.00    0.00   96.98
02:35:33     all    2.76    0.00    0.25    0.00    0.00    0.50    0.00    0.00    0.00   96.49
02:35:34     all    2.51    0.00    0.25    0.00    0.00    0.50    0.00    0.00    0.00   96.73
02:35:35     all    2.01    0.00    0.75    0.00    0.00    0.00    0.00    0.00    0.00   97.24
02:35:36     all    2.02    0.00    0.00    0.00    0.00    0.50    0.25    0.00    0.00   97.23
02:35:37     all    2.28    0.00    0.51    0.00    0.00    0.25    0.00    0.00    0.00   96.96
02:35:38     all    2.50    0.00    0.25    0.00    0.00    0.25    0.00    0.00    0.00   97.00
02:35:39     all    2.51    0.00    0.25    0.00    0.00    0.50    0.00    0.00    0.00   96.73
02:35:40     all    2.01    0.00    0.50    0.00    0.00    0.75    0.00    0.00    0.00   96.73
02:35:41     all    2.53    0.00    0.00    0.00    0.00    0.00    0.00    0.00    0.00   97.47
02:35:42     all    2.26    0.00    0.50    0.00    0.00    0.25    0.00    0.00    0.00   96.98
02:35:43     all    0.76    0.00    0.25    0.00    0.00    0.25    0.00    0.00    0.00   98.74
02:35:44     all    1.50    0.00    0.25    0.00    0.00    0.00    0.00    0.00    0.00   98.25
02:35:45     all    1.26    0.00    0.25    0.00    0.00    0.00    0.00    0.00    0.00   98.48
02:35:46     all    2.00    0.00    0.25    0.00    0.00    1.00    0.25    0.00    0.00   96.50
02:35:47     all    2.02    0.00    0.25    0.00    0.00    0.25    0.00    0.00    0.00   97.47
02:35:48     all    2.51    0.00    0.50    0.00    0.00    0.00    0.00    0.00    0.00   96.98
02:35:49     all    2.25    0.00    0.50    0.00    0.00    0.25    0.25    0.00    0.00   96.75
02:35:50     all    2.26    0.00    0.50    0.00    0.00    0.00    0.00    0.00    0.00   97.24
02:35:51     all    2.28    0.00    0.25    0.25    0.00    0.25    0.00    0.00    0.00   96.96
02:35:52     all    2.24    0.00    0.25    0.00    0.00    0.50    0.00    0.00    0.00   97.01
02:35:53     all    1.78    0.00    0.51    0.00    0.00    0.00    0.00    0.00    0.00   97.72
02:35:54     all    2.26    0.00    0.25    0.00    0.00    0.50    0.00    0.00    0.00   96.98
02:35:55     all    2.51    0.00    0.25    0.00    0.00    0.50    0.00    0.00    0.00   96.73
02:35:56     all    2.01    0.00    0.50    0.00    0.00    0.25    0.00    0.00    0.00   97.24
02:35:57     all    2.02    0.00    0.51    0.00    0.00    0.00    0.00    0.00    0.00   97.47
02:35:58     all    2.51    0.00    0.25    0.00    0.00    0.25    0.00    0.00    0.00   96.98
02:35:59     all    2.01    0.00    0.25    0.00    0.00    0.75    0.00    0.00    0.00   96.99
02:36:00     all    2.53    0.00    1.26    0.00    0.00    0.25    0.00    0.00    0.00   95.96
02:36:01     all    2.52    0.00    0.00    0.00    0.00    0.25    0.00    0.00    0.00   97.23
02:36:02     all    2.02    0.00    0.76    0.00    0.00    0.00    0.00    0.00    0.00   97.22
02:36:03     all    2.51    0.00    0.00    0.00    0.00    0.50    0.00    0.00    0.00   96.98
02:36:04     all    2.27    0.00    0.25    0.00    0.00    0.25    0.00    0.00    0.00   97.22
02:36:05     all    2.01    0.00    0.75    0.00    0.00    0.50    0.00    0.00    0.00   96.74
02:36:06     all    2.26    0.00    0.25    0.00    0.00    0.25    0.00    0.00    0.00   97.24
02:36:07     all    1.78    0.00    0.25    0.00    0.00    0.25    0.00    0.00    0.00   97.72
02:36:08     all    2.00    0.00    0.25    0.00    0.00    1.00    0.00    0.00    0.00   96.76
02:36:09     all    2.02    0.00    0.51    0.00    0.00    0.00    0.00    0.00    0.00   97.47
02:36:10     all    2.26    0.00    0.25    0.00    0.00    0.50    0.00    0.00    0.00   96.98
02:36:11     all    2.26    0.00    0.25    0.00    0.00    0.25    0.00    0.00    0.00   97.24
02:36:12     all    1.52    0.00    0.00    0.00    0.00    0.00    0.00    0.00    0.00   98.48
02:36:13     all    1.50    0.00    0.25    0.00    0.00    0.50    0.00    0.00    0.00   97.74
02:36:14     all    1.75    0.00    0.25    0.00    0.00    0.50    0.00    0.00    0.00   97.50
02:36:15     all    1.75    0.00    0.25    0.00    0.00    0.25    0.00    0.00    0.00   97.74
02:36:16     all    1.25    0.00    0.25    0.00    0.00    0.25    0.00    0.00    0.00   98.25
02:36:17     all    0.75    0.00    0.00    0.00    0.00    0.25    0.00    0.00    0.00   99.00
02:36:18     all    0.50    0.00    0.25    0.00    0.00    0.25    0.00    0.00    0.00   99.00
02:36:19     all    0.50    0.00    0.25    0.00    0.00    0.00    0.00    0.00    0.00   99.25
02:36:20     all    0.50    0.00    0.00    0.00    0.00    0.00    0.00    0.00    0.00   99.50
02:36:21     all    0.50    0.00    0.00    0.00    0.00    0.00    0.00    0.00    0.00   99.50
02:36:22     all    0.50    0.00    0.00    0.00    0.00    0.00    0.00    0.00    0.00   99.50
02:36:23     all    0.50    0.00    0.00    0.00    0.00    0.25    0.25    0.00    0.00   99.00
02:36:24     all    0.75    0.00    0.25    0.25    0.00    0.00    0.00    0.00    0.00   98.75
02:36:25     all    0.50    0.00    0.00    0.00    0.00    0.00    0.00    0.00    0.00   99.50
02:36:26     all    0.25    0.00    0.25    0.00    0.00    0.25    0.00    0.00    0.00   99.25
02:36:27     all    0.50    0.00    0.25    0.00    0.00    0.00    0.00    0.00    0.00   99.25
02:36:28     all    0.75    0.00    0.50    0.00    0.00    0.00    0.00    0.00    0.00   98.76
02:36:29     all    0.75    0.00    0.00    0.00    0.00    0.00    0.00    0.00    0.00   99.25
02:36:30     all    0.50    0.00    0.00    0.00    0.00    0.25    0.00    0.00    0.00   99.25
02:36:31     all    0.50    0.00    0.25    0.00    0.00    0.00    0.00    0.00    0.00   99.25
02:36:32     all    0.50    0.00    0.00    0.00    0.00    0.00    0.00    0.00    0.00   99.50
02:36:33     all    0.75    0.00    0.00    0.00    0.00    0.00    0.00    0.00    0.00   99.25
02:36:34     all    0.50    0.00    0.25    0.00    0.00    0.00    0.00    0.00    0.00   99.25
02:36:35     all    0.50    0.00    0.25    0.00    0.00    0.25    0.00    0.00    0.00   99.00
02:36:36     all    1.26    0.00    0.00    0.00    0.00    0.00    0.00    0.00    0.00   98.74
02:36:37     all    2.51    0.00    0.25    0.00    0.00    0.50    0.25    0.00    0.00   96.49
02:36:38     all    2.51    0.00    0.50    0.00    0.00    0.00    0.00    0.00    0.00   96.98
02:36:39     all    2.26    0.00    0.25    0.00    0.00    0.50    0.25    0.00    0.00   96.74
02:36:40     all    2.27    0.00    0.25    0.00    0.00    0.25    0.00    0.00    0.00   97.23
02:36:41     all    2.26    0.00    0.50    0.00    0.00    0.25    0.00    0.00    0.00   96.98
02:36:42     all    2.26    0.00    0.25    0.00    0.00    0.75    0.00    0.00    0.00   96.73
02:36:43     all    2.51    0.00    0.50    0.00    0.00    0.00    0.00    0.00    0.00   96.98
02:36:44     all    2.27    0.00    0.00    0.00    0.00    0.25    0.00    0.00    0.00   97.47
02:36:45     all    2.26    0.00    0.25    0.00    0.00    0.50    0.00    0.00    0.00   96.99
02:36:46     all    2.51    0.00    0.75    0.00    0.00    0.25    0.00    0.00    0.00   96.49
02:36:47     all    2.02    0.00    0.25    0.00    0.00    0.25    0.00    0.00    0.00   97.47
02:36:48     all    3.00    0.00    0.25    0.00    0.00    0.50    0.00    0.00    0.00   96.25
02:36:49     all    2.27    0.00    0.00    0.00    0.00    0.25    0.00    0.00    0.00   97.48
02:36:50     all    2.01    0.00    0.75    0.00    0.00    0.50    0.00    0.00    0.00   96.74
02:36:51     all    2.76    0.00    0.25    0.25    0.00    0.25    0.00    0.00    0.00   96.49
02:36:52     all    2.53    0.00    0.00    0.00    0.00    0.00    0.00    0.00    0.00   97.47
02:36:53     all    2.53    0.00    0.25    0.00    0.00    0.00    0.00    0.00    0.00   97.22
02:36:54     all    2.26    0.00    0.25    0.00    0.00    0.25    0.00    0.00    0.00   97.24
02:36:55     all    2.02    0.00    0.00    0.00    0.00    0.51    0.00    0.00    0.00   97.47
02:36:56     all    2.98    0.00    0.74    0.00    0.00    0.25    0.00    0.00    0.00   96.03
02:36:57     all    2.02    0.00    0.00    0.00    0.00    0.25    0.00    0.00    0.00   97.73
02:36:58     all    2.26    0.00    0.25    0.00    0.00    0.50    0.00    0.00    0.00   96.99
02:36:59     all    2.51    0.00    0.75    0.00    0.00    0.25    0.00    0.00    0.00   96.48
02:37:00     all    2.75    0.00    0.00    0.00    0.00    0.50    0.00    0.00    0.00   96.75
02:37:01     all    2.27    0.00    0.76    0.00    0.00    0.00    0.00    0.00    0.00   96.98
02:37:02     all    2.28    0.00    0.00    0.00    0.00    0.25    0.00    0.00    0.00   97.46
02:37:03     all    2.49    0.00    0.50    0.00    0.00    0.75    0.00    0.00    0.00   96.26
02:37:04     all    2.77    0.00    0.25    0.00    0.00    0.00    0.00    0.00    0.00   96.98
02:37:05     all    2.51    0.00    0.25    0.00    0.00    0.25    0.00    0.00    0.00   96.98
02:37:06     all    2.28    0.00    0.00    0.00    0.00    0.00    0.00    0.00    0.00   97.72
02:37:07     all    2.01    0.00    1.00    0.00    0.00    0.50    0.00    0.00    0.00   96.49
02:37:08     all    2.53    0.00    0.25    0.00    0.00    0.00    0.00    0.00    0.00   97.22
02:37:09     all    2.75    0.00    0.00    0.00    0.00    0.50    0.00    0.00    0.00   96.75
02:37:10     all    2.53    0.00    0.25    0.00    0.00    0.00    0.00    0.00    0.00   97.22
02:37:11     all    2.76    0.00    0.50    0.00    0.00    0.25    0.00    0.00    0.00   96.48
02:37:12     all    2.53    0.00    0.00    0.00    0.00    0.00    0.00    0.00    0.00   97.47
02:37:13     all    2.02    0.00    0.50    0.00    0.00    0.50    0.00    0.00    0.00   96.98
02:37:14     all    2.51    0.00    0.75    0.00    0.00    0.25    0.00    0.00    0.00   96.49
02:37:15     all    2.28    0.00    0.00    0.00    0.00    0.25    0.00    0.00    0.00   97.47
02:37:16     all    2.74    0.00    0.50    0.00    0.00    0.00    0.00    0.00    0.00   96.76
02:37:17     all    2.26    0.00    0.50    0.00    0.00    0.50    0.25    0.00    0.00   96.48
02:37:18     all    2.02    0.00    0.25    0.25    0.00    0.00    0.00    0.00    0.00   97.47
02:37:19     all    2.51    0.00    0.50    0.00    0.00    0.00    0.25    0.00    0.00   96.73
02:37:20     all    2.74    0.00    0.25    0.00    0.00    0.50    0.50    0.00    0.00   96.01
02:37:21     all    2.02    0.00    0.25    0.00    0.00    0.00    0.00    0.00    0.00   97.73
02:37:22     all    2.51    0.00    0.50    0.00    0.00    0.25    0.00    0.00    0.00   96.74
02:37:23     all    2.53    0.00    0.51    0.00    0.00    0.25    0.00    0.00    0.00   96.71
02:37:24     all    2.77    0.00    0.25    0.00    0.00    0.00    0.00    0.00    0.00   96.98
02:37:25     all    2.53    0.00    0.51    0.00    0.00    0.25    0.00    0.00    0.00   96.72
02:37:26     all    2.01    0.00    0.25    0.00    0.00    0.25    0.00    0.00    0.00   97.49
02:37:27     all    2.26    0.00    0.50    0.00    0.00    0.50    0.00    0.00    0.00   96.73
02:37:28     all    2.76    0.00    0.25    0.00    0.00    0.25    0.00    0.00    0.00   96.74
02:37:29     all    2.53    0.00    0.51    0.00    0.00    0.25    0.00    0.00    0.00   96.72
02:37:30     all    2.52    0.00    0.50    0.00    0.00    0.00    0.00    0.00    0.00   96.98
02:37:31     all    2.77    0.00    0.00    0.00    0.00    0.25    0.00    0.00    0.00   96.98
02:37:32     all    2.27    0.00    0.25    0.00    0.00    0.51    0.00    0.00    0.00   96.97
02:37:33     all    2.52    0.00    0.50    0.00    0.00    0.00    0.00    0.00    0.00   96.98
02:37:34     all    2.75    0.00    0.50    0.00    0.00    0.50    0.00    0.00    0.00   96.25
02:37:35     all    2.78    0.00    0.00    0.00    0.00    0.25    0.00    0.00    0.00   96.97
02:37:36     all    2.28    0.00    0.00    0.00    0.00    0.00    0.00    0.00    0.00   97.72
02:37:37     all    2.26    0.00    0.75    0.00    0.00    0.25    0.00    0.00    0.00   96.74
02:37:38     all    2.76    0.00    0.50    0.00    0.00    0.00    0.00    0.00    0.00   96.73
02:37:39     all    2.27    0.00    0.25    0.00    0.00    0.50    0.00    0.00    0.00   96.98
02:37:40     all    2.78    0.00    0.00    0.00    0.00    0.25    0.00    0.00    0.00   96.97
02:37:41     all    2.02    0.00    0.25    0.00    0.00    0.25    0.00    0.00    0.00   97.47
02:37:42     all    2.27    0.00    0.76    0.00    0.00    0.00    0.00    0.00    0.00   96.97
02:37:43     all    2.77    0.00    0.00    0.00    0.00    0.50    0.00    0.00    0.00   96.73
02:37:44     all    2.27    0.00    0.50    0.00    0.00    0.25    0.00    0.00    0.00   96.98
02:37:45     all    2.51    0.00    0.50    0.00    0.00    0.25    0.00    0.00    0.00   96.74
02:37:46     all    2.77    0.00    0.00    0.00    0.00    0.25    0.00    0.00    0.00   96.98
02:37:47     all    2.02    0.00    1.01    0.00    0.00    0.25    0.00    0.00    0.00   96.73
02:37:48     all    2.51    0.00    0.25    0.00    0.00    0.25    0.25    0.00    0.00   96.73
02:37:49     all    2.76    0.00    0.50    0.00    0.00    0.25    0.00    0.00    0.00   96.49
02:37:50     all    2.78    0.00    0.25    0.00    0.00    0.00    0.00    0.00    0.00   96.96
02:37:51     all    2.77    0.00    0.25    0.00    0.00    0.00    0.00    0.00    0.00   96.98
02:37:52     all    2.76    0.00    0.75    0.00    0.00    0.50    0.00    0.00    0.00   95.98
02:37:53     all    3.03    0.00    0.00    0.00    0.00    0.25    0.25    0.00    0.00   96.46
02:37:54     all    2.02    0.00    0.25    0.00    0.00    0.51    0.25    0.00    0.00   96.97
02:37:55     all    2.76    0.00    0.50    0.00    0.00    0.25    0.00    0.00    0.00   96.49
02:37:56     all    2.50    0.00    0.50    0.00    0.00    0.25    0.00    0.00    0.00   96.75
02:37:57     all    2.53    0.00    0.00    0.00    0.00    0.25    0.00    0.00    0.00   97.22
02:37:58     all    2.26    0.00    0.75    0.00    0.00    0.25    0.00    0.00    0.00   96.73
02:37:59     all    2.76    0.00    0.25    0.25    0.00    0.25    0.00    0.00    0.00   96.48
02:38:00     all    2.52    0.00    0.50    0.00    0.00    0.00    0.00    0.00    0.00   96.98
02:38:01     all    2.27    0.00    0.25    0.00    0.00    0.50    0.00    0.00    0.00   96.98
02:38:02     all    2.53    0.00    0.00    0.00    0.00    0.00    0.00    0.00    0.00   97.47
02:38:03     all    2.99    0.00    0.75    0.00    0.00    0.00    0.00    0.00    0.00   96.26
02:38:04     all    2.02    0.00    0.25    0.00    0.00    1.01    0.00    0.00    0.00   96.73
02:38:05     all    2.53    0.00    0.00    0.00    0.00    0.00    0.00    0.00    0.00   97.47
02:38:06     all    2.76    0.00    0.50    0.00    0.00    0.00    0.00    0.00    0.00   96.74
02:38:07     all    2.03    0.00    0.51    0.00    0.00    0.25    0.00    0.00    0.00   97.22
02:38:08     all    2.51    0.00    0.50    0.00    0.00    0.25    0.00    0.00    0.00   96.73
02:38:09     all    2.27    0.00    0.25    0.00    0.00    0.25    0.00    0.00    0.00   97.22
02:38:10     all    2.28    0.00    0.00    0.00    0.00    0.25    0.00    0.00    0.00   97.47
02:38:11     all    2.50    0.00    1.00    0.00    0.00    0.25    0.00    0.00    0.00   96.25
02:38:12     all    2.53    0.00    0.00    0.00    0.00    0.00    0.00    0.00    0.00   97.47
02:38:13     all    2.27    0.00    0.00    0.00    0.00    0.51    0.00    0.00    0.00   97.22
02:38:14     all    2.50    0.00    0.75    0.00    0.00    0.25    0.00    0.00    0.00   96.50
02:38:15     all    2.27    0.00    0.00    0.00    0.00    0.25    0.00    0.00    0.00   97.48
02:38:16     all    2.28    0.00    0.51    0.00    0.00    0.00    0.00    0.00    0.00   97.22
02:38:17     all    2.75    0.00    0.25    0.00    0.00    0.50    0.25    0.00    0.00   96.25
02:38:18     all    2.03    0.00    0.25    0.00    0.00    0.25    0.00    0.00    0.00   97.47
02:38:19     all    2.76    0.00    0.50    0.00    0.00    0.25    0.00    0.00    0.00   96.49
02:38:20     all    2.27    0.00    0.25    0.00    0.00    0.00    0.00    0.00    0.00   97.47
02:38:21     all    2.77    0.00    0.25    0.00    0.00    0.00    0.00    0.00    0.00   96.98
02:38:22     all    2.53    0.00    0.25    0.00    0.00    0.25    0.00    0.00    0.00   96.97
02:38:23     all    2.27    0.00    0.50    0.00    0.00    0.50    0.00    0.00    0.00   96.73
02:38:24     all    2.26    0.00    0.50    0.00    0.00    0.25    0.00    0.00    0.00   96.98
02:38:25     all    2.53    0.00    0.00    0.00    0.00    0.00    0.00    0.00    0.00   97.47
02:38:26     all    2.51    0.00    0.50    0.00    0.00    0.00    0.00    0.00    0.00   96.99
02:38:27     all    2.51    0.00    0.00    0.00    0.00    0.25    0.00    0.00    0.00   97.24
02:38:28     all    2.02    0.00    1.01    0.00    0.00    0.00    0.00    0.00    0.00   96.97
02:38:29     all    2.51    0.00    0.25    0.00    0.00    0.50    0.00    0.00    0.00   96.73
02:38:30     all    2.26    0.00    0.50    0.00    0.00    0.00    0.00    0.00    0.00   97.24
02:38:31     all    2.28    0.00    0.25    0.00    0.00    0.25    0.00    0.00    0.00   97.22
02:38:32     all    2.26    0.00    0.25    0.00    0.00    0.50    0.00    0.00    0.00   96.98
02:38:33     all    2.74    0.00    0.50    0.00    0.00    0.25    0.50    0.00    0.00   96.01
02:38:34     all    2.52    0.00    0.25    0.00    0.00    0.00    0.00    0.00    0.00   97.23
02:38:35     all    2.27    0.00    0.51    0.00    0.00    0.00    0.00    0.00    0.00   97.22
02:38:36     all    2.02    0.00    0.00    0.00    0.00    0.51    0.00    0.00    0.00   97.47
02:38:37     all    2.77    0.00    0.25    0.00    0.00    0.00    0.00    0.00    0.00   96.98
02:38:38     all    2.24    0.00    0.50    0.25    0.00    0.75    0.00    0.00    0.00   96.26
02:38:39     all    2.28    0.00    0.25    0.00    0.00    0.00    0.00    0.00    0.00   97.47
02:38:40     all    2.27    0.00    0.00    0.00    0.00    0.00    0.25    0.00    0.00   97.48
02:38:41     all    2.53    0.00    0.51    0.00    0.00    0.00    0.00    0.00    0.00   96.97
02:38:42     all    2.51    0.00    0.00    0.00    0.00    0.50    0.00    0.00    0.00   96.99
02:38:43     all    1.25    0.00    0.25    0.00    0.00    0.00    0.00    0.00    0.00   98.50
02:38:44     all    1.01    0.00    0.76    0.00    0.00    0.00    0.00    0.00    0.00   98.24
02:38:45     all    1.76    0.00    0.00    0.00    0.00    0.25    0.00    0.00    0.00   97.98
02:38:46     all    2.01    0.00    0.25    0.00    0.00    0.50    0.00    0.00    0.00   97.24
02:38:47     all    2.76    0.00    0.50    0.00    0.00    0.00    0.00    0.00    0.00   96.74
02:38:48     all    2.02    0.00    0.51    0.00    0.00    0.25    0.00    0.00    0.00   97.22
02:38:49     all    2.28    0.00    0.25    0.00    0.00    0.00    0.00    0.00    0.00   97.47
02:38:50     all    2.76    0.00    0.25    0.00    0.00    0.00    0.00    0.00    0.00   96.98
02:38:51     all    2.26    0.00    0.50    0.00    0.00    0.50    0.00    0.00    0.00   96.73
02:38:52     all    2.26    0.00    0.25    0.00    0.00    0.00    0.00    0.00    0.00   97.49
02:38:53     all    1.78    0.00    0.00    0.00    0.00    0.00    0.00    0.00    0.00   98.22
02:38:54     all    2.51    0.00    0.25    0.00    0.00    0.75    0.00    0.00    0.00   96.49
02:38:55     all    2.76    0.00    0.25    0.00    0.00    0.00    0.00    0.00    0.00   96.98
02:38:56     all    2.01    0.00    1.01    0.00    0.00    0.25    0.00    0.00    0.00   96.73
02:38:57     all    2.52    0.00    0.00    0.00    0.00    0.00    0.00    0.00    0.00   97.48
02:38:58     all    2.53    0.00    0.00    0.00    0.00    0.25    0.00    0.00    0.00   97.22
02:38:59     all    2.27    0.00    0.25    0.00    0.00    0.00    0.00    0.00    0.00   97.48
02:39:00     all    2.52    0.00    0.25    0.00    0.00    0.00    0.25    0.00    0.00   96.98
02:39:01     all    2.50    0.00    0.75    0.00    0.00    0.25    0.00    0.00    0.00   96.50
02:39:02     all    2.51    0.00    0.00    0.00    0.00    0.75    0.00    0.00    0.00   96.73
02:39:03     all    2.02    0.00    0.76    0.00    0.00    0.25    0.00    0.00    0.00   96.98
02:39:04     all    2.77    0.00    0.00    0.00    0.00    0.00    0.00    0.00    0.00   97.23
02:39:05     all    2.74    0.00    0.50    0.00    0.00    0.25    0.00    0.00    0.00   96.51
02:39:06     all    2.51    0.00    0.25    0.00    0.00    0.25    0.00    0.00    0.00   96.98
02:39:07     all    2.26    0.00    0.50    0.25    0.00    0.75    0.00    0.00    0.00   96.24
02:39:08     all    2.53    0.00    0.00    0.00    0.00    0.00    0.00    0.00    0.00   97.47
02:39:09     all    2.26    0.00    0.50    0.00    0.00    0.25    0.00    0.00    0.00   96.99
02:39:10     all    2.03    0.00    0.25    0.00    0.00    0.00    0.00    0.00    0.00   97.72
02:39:11     all    3.01    0.00    0.50    0.00    0.00    0.25    0.00    0.00    0.00   96.24
02:39:12     all    2.76    0.00    0.25    0.00    0.00    0.50    0.00    0.00    0.00   96.49
02:39:13     all    2.28    0.00    0.00    0.00    0.00    0.00    0.00    0.00    0.00   97.72
02:39:14     all    2.51    0.00    0.25    0.00    0.00    0.00    0.00    0.00    0.00   97.24
02:39:15     all    2.27    0.00    0.50    0.00    0.00    0.00    0.00    0.00    0.00   97.23
02:39:16     all    2.52    0.00    0.25    0.00    0.00    0.25    0.00    0.00    0.00   96.98
02:39:17     all    2.26    0.00    0.75    0.00    0.00    0.00    0.00    0.00    0.00   96.98
02:39:18     all    2.76    0.00    0.00    0.00    0.00    0.50    0.00    0.00    0.00   96.74
02:39:19     all    2.27    0.00    0.50    0.00    0.00    0.00    0.00    0.00    0.00   97.23
02:39:20     all    2.53    0.00    0.25    0.00    0.00    0.00    0.00    0.00    0.00   97.22
02:39:21     all    2.26    0.00    0.50    0.00    0.00    0.25    0.00    0.00    0.00   96.98
02:39:22     all    2.27    0.00    0.25    0.00    0.00    0.25    0.00    0.00    0.00   97.22
02:39:23     all    2.27    0.00    0.00    0.25    0.00    0.25    0.00    0.00    0.00   97.22
02:39:24     all    2.49    0.00    0.50    0.00    0.00    0.25    0.25    0.00    0.00   96.52
02:39:25     all    2.03    0.00    0.25    0.00    0.00    0.00    0.00    0.00    0.00   97.72
02:39:26     all    2.75    0.00    0.25    0.00    0.00    0.50    0.00    0.00    0.00   96.50
02:39:27     all    2.26    0.00    0.50    0.00    0.00    0.00    0.00    0.00    0.00   97.24
02:39:28     all    2.52    0.00    0.00    0.00    0.00    0.25    0.00    0.00    0.00   97.23
02:39:29     all    2.27    0.00    0.25    0.00    0.00    0.00    0.00    0.00    0.00   97.47
02:39:30     all    2.24    0.00    0.50    0.00    0.00    0.75    0.25    0.00    0.00   96.26
02:39:31     all    2.51    0.00    0.25    0.00    0.00    0.00    0.00    0.00    0.00   97.24
02:39:32     all    2.03    0.00    0.25    0.00    0.00    0.25    0.00    0.00    0.00   97.46
02:39:33     all    2.27    0.00    0.00    0.00    0.00    0.00    0.00    0.00    0.00   97.73
02:39:34     all    2.27    0.00    0.76    0.00    0.00    0.00    0.00    0.00    0.00   96.98
02:39:35     all    2.51    0.00    0.25    0.00    0.00    0.25    0.00    0.00    0.00   96.98
02:39:36     all    2.02    0.00    0.50    0.00    0.00    0.50    0.00    0.00    0.00   96.98
02:39:37     all    2.52    0.00    0.25    0.00    0.00    0.25    0.00    0.00    0.00   96.98
02:39:38     all    2.52    0.00    0.50    0.00    0.00    0.00    0.00    0.00    0.00   96.98
02:39:39     all    2.26    0.00    0.50    0.00    0.00    0.25    0.00    0.00    0.00   96.98
02:39:40     all    2.27    0.00    0.00    0.00    0.00    0.00    0.00    0.00    0.00   97.73
02:39:41     all    2.27    0.00    0.25    0.00    0.00    0.25    0.00    0.00    0.00   97.22
02:39:42     all    2.51    0.00    1.00    0.00    0.00    0.00    0.00    0.00    0.00   96.49
02:39:43     all    2.52    0.00    0.25    0.00    0.00    0.25    0.00    0.00    0.00   96.98
02:39:44     all    2.02    0.00    0.25    0.00    0.00    0.25    0.00    0.00    0.00   97.47
02:39:45     all    2.49    0.00    0.25    0.00    0.00    0.50    0.25    0.00    0.00   96.51
02:39:46     all    2.76    0.00    0.25    0.00    0.00    0.25    0.00    0.00    0.00   96.73
02:39:47     all    2.27    0.00    0.51    0.00    0.00    0.00    0.00    0.00    0.00   97.22
02:39:48     all    2.27    0.00    0.25    0.00    0.00    0.25    0.00    0.00    0.00   97.23
02:39:49     all    2.27    0.00    0.51    0.00    0.00    0.00    0.00    0.00    0.00   97.22
02:39:50     all    2.28    0.00    0.00    0.00    0.00    0.00    0.00    0.00    0.00   97.72
02:39:51     all    2.75    0.00    0.75    0.00    0.00    0.25    0.00    0.00    0.00   96.25
02:39:52     all    2.02    0.00    0.50    0.00    0.00    0.25    0.00    0.00    0.00   97.23
02:39:53     all    2.51    0.00    0.25    0.00    0.00    0.50    0.00    0.00    0.00   96.74
02:39:54     all    2.28    0.00    0.25    0.00    0.00    0.00    0.00    0.00    0.00   97.46
02:39:55     all    2.76    0.00    0.75    0.00    0.00    0.00    0.00    0.00    0.00   96.49
02:39:56     all    2.78    0.00    0.25    0.00    0.00    0.25    0.00    0.00    0.00   96.72
02:39:57     all    2.78    0.00    0.25    0.00    0.00    0.51    0.00    0.00    0.00   96.46
02:39:58     all    2.78    0.00    0.25    0.00    0.00    0.00    0.00    0.00    0.00   96.96
02:39:59     all    2.51    0.00    0.50    0.00    0.00    0.50    0.00    0.00    0.00   96.49
02:40:00     all    2.26    0.00    0.75    0.00    0.00    0.25    0.00    0.00    0.00   96.73
02:40:01     all    2.78    0.00    0.00    0.00    0.00    0.00    0.00    0.00    0.00   97.22
02:40:02     all    2.02    0.00    0.76    0.00    0.00    0.25    0.00    0.00    0.00   96.97
02:40:03     all    2.53    0.00    0.51    0.00    0.00    0.25    0.00    0.00    0.00   96.72
02:40:04     all    2.51    0.00    0.25    0.25    0.00    0.25    0.00    0.00    0.00   96.74
02:40:05     all    2.27    0.00    0.25    0.00    0.00    0.00    0.00    0.00    0.00   97.48
02:40:06     all    3.02    0.00    0.25    0.00    0.00    0.25    0.00    0.00    0.00   96.48
02:40:07     all    2.28    0.00    0.51    0.00    0.00    0.00    0.00    0.00    0.00   97.22
02:40:08     all    2.76    0.00    0.25    0.00    0.00    0.25    0.00    0.00    0.00   96.73
02:40:09     all    2.27    0.00    0.00    0.00    0.00    0.25    0.25    0.00    0.00   97.22
02:40:10     all    2.50    0.00    1.00    0.00    0.00    0.25    0.25    0.00    0.00   96.00
02:40:11     all    2.51    0.00    0.50    0.00    0.00    0.25    0.25    0.00    0.00   96.48
02:40:12     all    2.77    0.00    0.00    0.00    0.00    0.25    0.00    0.00    0.00   96.98
02:40:13     all    2.77    0.00    0.76    0.00    0.00    0.25    0.00    0.00    0.00   96.22
02:40:14     all    2.28    0.00    0.00    0.00    0.00    0.25    0.00    0.00    0.00   97.46
02:40:15     all    2.99    0.00    0.75    0.00    0.00    0.25    0.00    0.00    0.00   96.01
02:40:16     all    2.78    0.00    0.25    0.00    0.00    0.51    0.00    0.00    0.00   96.46
02:40:17     all    2.53    0.00    0.25    0.00    0.00    0.00    0.00    0.00    0.00   97.22
02:40:18     all    2.51    0.00    0.75    0.00    0.00    0.00    0.25    0.00    0.00   96.48
02:40:19     all    2.27    0.00    0.00    0.00    0.00    0.51    0.00    0.00    0.00   97.22
02:40:20     all    3.02    0.00    0.25    0.00    0.00    0.00    0.00    0.00    0.00   96.73
02:40:21     all    2.27    0.00    0.51    0.00    0.00    0.25    0.00    0.00    0.00   96.97
02:40:22     all    2.53    0.00    0.25    0.00    0.00    0.00    0.00    0.00    0.00   97.22
02:40:23     all    2.25    0.00    0.50    0.00    0.00    0.50    0.00    0.00    0.00   96.75
02:40:24     all    3.03    0.00    0.25    0.00    0.00    0.51    0.00    0.00    0.00   96.21
02:40:25     all    3.00    0.00    0.50    0.00    0.00    0.50    0.00    0.00    0.00   96.00
02:40:26     all    2.78    0.00    0.00    0.00    0.00    0.25    0.00    0.00    0.00   96.97
02:40:27     all    2.53    0.00    0.51    0.00    0.00    0.00    0.00    0.00    0.00   96.97
02:40:28     all    2.53    0.00    0.25    0.00    0.00    0.25    0.00    0.00    0.00   96.96
02:40:29     all    2.26    0.00    0.75    0.00    0.00    0.25    0.00    0.00    0.00   96.73
02:40:30     all    3.01    0.00    0.25    0.00    0.00    0.25    0.00    0.00    0.00   96.49
02:40:31     all    2.27    0.00    0.51    0.00    0.00    0.51    0.00    0.00    0.00   96.72
02:40:32     all    3.05    0.00    0.25    0.00    0.00    0.00    0.00    0.00    0.00   96.70
02:40:33     all    2.75    0.00    0.50    0.00    0.00    0.50    0.00    0.00    0.00   96.25
02:40:34     all    2.51    0.00    0.25    0.00    0.00    0.25    0.25    0.00    0.00   96.73
02:40:35     all    2.27    0.00    0.25    0.00    0.00    0.25    0.00    0.00    0.00   97.22
02:40:36     all    2.78    0.00    0.00    0.25    0.00    0.25    0.00    0.00    0.00   96.72
02:40:37     all    2.51    0.00    0.50    0.00    0.00    0.25    0.00    0.00    0.00   96.73
02:40:38     all    2.50    0.00    0.50    0.00    0.00    0.25    0.50    0.00    0.00   96.25
02:40:39     all    2.52    0.00    0.25    0.00    0.00    0.25    0.00    0.00    0.00   96.98
02:40:40     all    2.27    0.00    0.50    0.00    0.00    0.50    0.00    0.00    0.00   96.73
02:40:41     all    2.76    0.00    0.25    0.00    0.00    0.25    0.00    0.00    0.00   96.73
02:40:42     all    2.26    0.00    0.50    0.00    0.00    0.50    0.00    0.00    0.00   96.73
02:40:43     all    2.78    0.00    0.00    0.00    0.00    0.00    0.00    0.00    0.00   97.22
02:40:44     all    2.26    0.00    0.50    0.00    0.00    0.25    0.00    0.00    0.00   96.99
02:40:45     all    2.51    0.00    0.25    0.00    0.00    0.25    0.00    0.00    0.00   96.99
02:40:46     all    2.53    0.00    0.25    0.00    0.00    0.00    0.00    0.00    0.00   97.22
02:40:47     all    2.51    0.00    0.00    0.00    0.00    0.50    0.00    0.00    0.00   96.98
02:40:48     all    2.51    0.00    0.50    0.00    0.00    0.50    0.00    0.00    0.00   96.48
02:40:49     all    2.76    0.00    0.25    0.00    0.00    0.25    0.00    0.00    0.00   96.73
02:40:50     all    2.25    0.00    0.75    0.00    0.00    0.25    0.00    0.00    0.00   96.75
02:40:51     all    2.77    0.00    0.00    0.00    0.00    0.50    0.00    0.00    0.00   96.73
02:40:52     all    2.51    0.00    0.50    0.00    0.00    0.25    0.00    0.00    0.00   96.74
02:40:53     all    2.52    0.00    0.25    0.00    0.00    0.25    0.00    0.00    0.00   96.98
02:40:54     all    2.51    0.00    0.50    0.00    0.00    0.25    0.00    0.00    0.00   96.73
02:40:55     all    2.52    0.00    0.00    0.00    0.00    0.25    0.00    0.00    0.00   97.23
02:40:56     all    2.76    0.00    0.25    0.00    0.00    0.50    0.00    0.00    0.00   96.49
02:40:57     all    2.52    0.00    0.25    0.00    0.00    0.25    0.00    0.00    0.00   96.98
02:40:58     all    2.27    0.00    0.50    0.00    0.00    0.25    0.00    0.00    0.00   96.98
02:40:59     all    2.51    0.00    0.50    0.00    0.00    0.00    0.00    0.00    0.00   96.98
02:41:00     all    2.76    0.00    0.00    0.00    0.00    0.75    0.00    0.00    0.00   96.49
02:41:01     all    2.77    0.00    0.25    0.00    0.00    0.50    0.00    0.00    0.00   96.47
02:41:02     all    2.51    0.00    0.25    0.00    0.00    0.50    0.00    0.00    0.00   96.73
02:41:03     all    3.26    0.00    0.25    0.25    0.00    0.00    0.00    0.00    0.00   96.24
02:41:04     all    2.25    0.00    0.50    0.00    0.00    0.75    0.25    0.00    0.00   96.25
02:41:05     all    2.03    0.00    0.25    0.00    0.00    0.00    0.00    0.00    0.00   97.72
02:41:06     all    2.51    0.00    0.00    0.00    0.00    0.25    0.00    0.00    0.00   97.24
02:41:07     all    2.27    0.00    0.25    0.00    0.00    0.25    0.00    0.00    0.00   97.22
02:41:08     all    2.26    0.00    0.75    0.00    0.00    0.50    0.25    0.00    0.00   96.24
02:41:09     all    3.01    0.00    0.25    0.00    0.00    0.00    0.00    0.00    0.00   96.74
02:41:10     all    2.27    0.00    0.25    0.00    0.00    0.25    0.00    0.00    0.00   97.22
02:41:11     all    2.51    0.00    0.75    0.00    0.00    0.25    0.00    0.00    0.00   96.49
02:41:12     all    2.78    0.00    0.00    0.00    0.00    0.25    0.00    0.00    0.00   96.97
02:41:13     all    2.27    0.00    0.00    0.00    0.00    0.25    0.00    0.00    0.00   97.47
02:41:14     all    2.50    0.00    0.25    0.25    0.00    0.50    0.00    0.00    0.00   96.50
02:41:15     all    2.78    0.00    0.25    0.00    0.00    0.00    0.00    0.00    0.00   96.97
02:41:16     all    2.27    0.00    0.76    0.00    0.00    0.25    0.00    0.00    0.00   96.73
02:41:17     all    2.52    0.00    0.25    0.00    0.00    0.00    0.25    0.00    0.00   96.98
02:41:18     all    2.27    0.00    0.50    0.00    0.00    0.00    0.00    0.00    0.00   97.23
02:41:19     all    2.78    0.00    0.00    0.00    0.00    0.00    0.00    0.00    0.00   97.22
02:41:20     all    2.52    0.00    0.25    0.00    0.00    0.50    0.00    0.00    0.00   96.73
02:41:21     all    2.76    0.00    0.75    0.00    0.00    0.00    0.00    0.00    0.00   96.49
02:41:22     all    2.29    0.00    0.00    0.00    0.00    0.00    0.00    0.00    0.00   97.71
02:41:23     all    2.76    0.00    0.75    0.00    0.00    0.25    0.00    0.00    0.00   96.23
02:41:24     all    2.52    0.00    0.25    0.00    0.00    0.25    0.00    0.00    0.00   96.98
02:41:25     all    2.54    0.00    0.00    0.00    0.00    0.25    0.00    0.00    0.00   97.21
02:41:26     all    2.75    0.00    1.00    0.00    0.00    0.25    0.00    0.00    0.00   96.00
02:41:27     all    2.53    0.00    0.00    0.00    0.00    0.25    0.25    0.00    0.00   96.96
02:41:28     all    3.02    0.00    0.25    0.00    0.00    0.25    0.00    0.00    0.00   96.47
02:41:29     all    2.26    0.00    0.75    0.00    0.00    0.25    0.00    0.00    0.00   96.73
02:41:30     all    2.77    0.00    0.00    0.00    0.00    0.25    0.00    0.00    0.00   96.98
02:41:31     all    2.76    0.00    0.25    0.00    0.00    0.25    0.25    0.00    0.00   96.49
02:41:32     all    2.28    0.00    0.51    0.00    0.00    0.00    0.00    0.00    0.00   97.21
02:41:33     all    2.76    0.00    0.25    0.00    0.00    0.25    0.00    0.00    0.00   96.73
02:41:34     all    2.26    0.00    0.50    0.00    0.00    0.50    0.00    0.00    0.00   96.73
02:41:35     all    2.77    0.00    0.25    0.00    0.00    0.25    0.00    0.00    0.00   96.73
02:41:36     all    2.54    0.00    0.25    0.00    0.00    0.00    0.00    0.00    0.00   97.21
02:41:37     all    2.74    0.00    0.25    0.00    0.00    0.50    0.00    0.00    0.00   96.51
02:41:38     all    2.28    0.00    0.51    0.00    0.00    0.00    0.00    0.00    0.00   97.22
02:41:39     all    2.51    0.00    0.25    0.00    0.00    0.25    0.25    0.00    0.00   96.73
02:41:40     all    2.28    0.00    0.00    0.00    0.00    0.00    0.00    0.00    0.00   97.72
02:41:41     all    2.76    0.00    0.50    0.00    0.00    0.25    0.00    0.00    0.00   96.48
02:41:42     all    2.53    0.00    0.25    0.00    0.00    0.25    0.00    0.00    0.00   96.97
02:41:43     all    1.50    0.00    1.00    0.00    0.00    0.50    0.00    0.00    0.00   97.00
02:41:44     all    1.01    0.00    0.00    0.00    0.00    0.00    0.00    0.00    0.00   98.99
02:41:45     all    1.51    0.00    0.25    0.00    0.00    0.00    0.00    0.00    0.00   98.24
02:41:46     all    2.27    0.00    0.00    0.00    0.00    0.00    0.00    0.00    0.00   97.73
02:41:47     all    2.27    0.00    0.50    0.00    0.00    0.25    0.00    0.00    0.00   96.98
02:41:48     all    2.75    0.00    0.50    0.00    0.00    0.25    0.00    0.00    0.00   96.50
02:41:49     all    2.27    0.00    0.25    0.00    0.00    0.51    0.00    0.00    0.00   96.97
02:41:50     all    2.51    0.00    0.50    0.00    0.00    0.25    0.00    0.00    0.00   96.74
02:41:51     all    2.52    0.00    0.00    0.00    0.00    0.25    0.00    0.00    0.00   97.23
02:41:52     all    2.27    0.00    0.25    0.00    0.00    0.25    0.00    0.00    0.00   97.22
02:41:53     all    2.51    0.00    0.50    0.00    0.00    0.25    0.00    0.00    0.00   96.73
02:41:54     all    1.77    0.00    0.25    0.25    0.00    0.00    0.00    0.00    0.00   97.72
02:41:55     all    2.49    0.00    0.50    0.00    0.00    0.50    0.00    0.00    0.00   96.51
02:41:56     all    2.76    0.00    0.25    0.00    0.00    0.50    0.00    0.00    0.00   96.48
02:41:57     all    2.27    0.00    0.51    0.00    0.00    0.00    0.00    0.00    0.00   97.22
02:41:58     all    2.26    0.00    0.25    0.00    0.00    0.25    0.25    0.00    0.00   96.99
02:41:59     all    2.52    0.00    0.25    0.00    0.00    0.00    0.00    0.00    0.00   97.23
02:42:00     all    2.03    0.00    0.25    0.00    0.00    0.51    0.00    0.00    0.00   97.21
02:42:01     all    2.75    0.00    0.75    0.00    0.00    0.25    0.00    0.00    0.00   96.25
02:42:02     all    2.03    0.00    0.00    0.00    0.00    0.25    0.00    0.00    0.00   97.72
02:42:03     all    2.74    0.00    0.75    0.00    0.00    0.25    0.25    0.00    0.00   96.01
02:42:04     all    2.02    0.00    0.00    0.00    0.00    0.25    0.00    0.00    0.00   97.73
02:42:05     all    2.53    0.00    0.51    0.00    0.00    0.00    0.00    0.00    0.00   96.96
02:42:06     all    2.51    0.00    0.50    0.00    0.00    0.50    0.00    0.00    0.00   96.48
02:42:07     all    2.51    0.00    0.00    0.00    0.00    0.50    0.00    0.00    0.00   96.99
02:42:08     all    2.52    0.00    0.00    0.00    0.00    0.25    0.00    0.00    0.00   97.23
02:42:09     all    2.26    0.00    0.50    0.00    0.00    0.25    0.00    0.00    0.00   96.98
02:42:10     all    2.26    0.00    0.50    0.00    0.00    0.25    0.00    0.00    0.00   96.98
02:42:11     all    2.27    0.00    0.25    0.00    0.00    0.25    0.00    0.00    0.00   97.22
02:42:12     all    2.76    0.00    0.50    0.00    0.00    0.00    0.00    0.00    0.00   96.73
02:42:13     all    2.75    0.00    0.25    0.00    0.00    0.50    0.25    0.00    0.00   96.25
02:42:14     all    2.02    0.00    0.25    0.00    0.00    0.25    0.00    0.00    0.00   97.47
02:42:15     all    2.25    0.00    0.75    0.00    0.00    0.25    0.00    0.00    0.00   96.75
02:42:16     all    2.52    0.00    0.00    0.00    0.00    0.25    0.00    0.00    0.00   97.23
02:42:17     all    2.27    0.00    0.50    0.00    0.00    0.00    0.00    0.00    0.00   97.23
02:42:18     all    2.26    0.00    0.00    0.00    0.00    0.50    0.00    0.00    0.00   97.24
02:42:19     all    1.77    0.00    0.25    0.00    0.00    0.25    0.00    0.00    0.00   97.73
02:42:20     all    2.77    0.00    0.50    0.00    0.00    0.25    0.00    0.00    0.00   96.47
02:42:21     all    2.74    0.00    0.50    0.00    0.00    0.50    0.00    0.00    0.00   96.26
02:42:22     all    2.28    0.00    0.00    0.00    0.00    0.00    0.00    0.00    0.00   97.72
02:42:23     all    2.51    0.00    0.50    0.25    0.00    0.00    0.00    0.00    0.00   96.74
02:42:24     all    2.74    0.00    0.75    0.00    0.00    0.75    0.00    0.00    0.00   95.77
02:42:25     all    2.28    0.00    0.00    0.00    0.00    0.25    0.00    0.00    0.00   97.47
02:42:26     all    2.51    0.00    0.25    0.00    0.00    0.25    0.25    0.00    0.00   96.73
02:42:27     all    2.75    0.00    0.25    0.00    0.00    0.50    0.00    0.00    0.00   96.50
02:42:28     all    2.01    0.00    0.50    0.25    0.00    0.25    0.00    0.00    0.00   96.99
02:42:29     all    3.03    0.00    0.25    0.00    0.00    0.00    0.00    0.00    0.00   96.72
02:42:30     all    2.26    0.00    0.75    0.00    0.00    0.50    0.00    0.00    0.00   96.48
02:42:31     all    2.27    0.00    0.00    0.00    0.00    0.25    0.00    0.00    0.00   97.47
02:42:32     all    3.02    0.00    0.50    0.00    0.00    0.25    0.25    0.00    0.00   95.98
02:42:33     all    3.23    0.00    0.25    0.00    0.00    0.50    1.24    0.00    0.00   94.78
02:42:34     all    2.28    0.00    0.51    0.00    0.00    0.25    0.00    0.00    0.00   96.95
02:42:35     all    3.01    0.00    0.25    0.00    0.00    0.25    0.00    0.00    0.00   96.49
02:42:36     all    2.01    0.00    0.50    0.00    0.00    0.25    0.00    0.00    0.00   97.24
02:42:37     all    2.78    0.00    0.25    0.00    0.00    0.25    0.00    0.00    0.00   96.71
02:42:38     all    2.51    0.00    0.25    0.00    0.00    0.50    0.00    0.00    0.00   96.73
02:42:39     all    2.51    0.00    0.50    0.00    0.00    0.25    0.00    0.00    0.00   96.74
02:42:40     all    2.77    0.00    0.00    0.00    0.00    0.50    0.00    0.00    0.00   96.73
02:42:41     all    2.51    0.00    0.50    0.00    0.00    0.50    0.00    0.00    0.00   96.48
02:42:42     all    2.76    0.00    0.50    0.00    0.00    0.00    0.25    0.00    0.00   96.49
02:42:43     all    2.53    0.00    0.00    0.00    0.00    0.51    0.00    0.00    0.00   96.97
02:42:44     all    2.77    0.00    0.25    0.00    0.00    0.00    0.00    0.00    0.00   96.98
02:42:45     all    2.76    0.00    0.25    0.00    0.00    0.50    0.00    0.00    0.00   96.48
02:42:46     all    2.26    0.00    0.50    0.25    0.00    0.25    0.00    0.00    0.00   96.73
02:42:47     all    2.76    0.00    0.50    0.00    0.00    0.25    0.00    0.00    0.00   96.49
02:42:48     all    2.02    0.00    0.51    0.00    0.00    0.00    0.00    0.00    0.00   97.47
02:42:49     all    2.76    0.00    0.00    0.00    0.00    0.50    0.25    0.00    0.00   96.49
02:42:50     all    2.26    0.00    0.50    0.00    0.00    0.50    0.25    0.00    0.00   96.49
02:42:51     all    2.75    0.00    0.50    0.00    0.00    0.25    0.25    0.00    0.00   96.25
02:42:52     all    3.02    0.00    0.25    0.00    0.00    0.25    0.00    0.00    0.00   96.48
02:42:53     all    2.02    0.00    0.50    0.00    0.00    0.25    0.00    0.00    0.00   97.23
02:42:54     all    2.52    0.00    0.25    0.00    0.00    0.25    0.00    0.00    0.00   96.98
02:42:55     all    2.27    0.00    0.51    0.00    0.00    0.25    0.00    0.00    0.00   96.97
02:42:56     all    2.76    0.00    0.25    0.00    0.00    0.25    0.00    0.00    0.00   96.73
02:42:57     all    2.76    0.00    0.25    0.00    0.00    0.50    0.00    0.00    0.00   96.48
02:42:58     all    2.03    0.00    0.25    0.00    0.00    0.00    0.00    0.00    0.00   97.72
02:42:59     all    2.75    0.00    0.50    0.00    0.00    0.50    0.00    0.00    0.00   96.25
02:43:00     all    2.27    0.00    0.25    0.00    0.00    0.25    0.00    0.00    0.00   97.23
02:43:01     all    2.78    0.00    0.00    0.00    0.00    0.25    0.00    0.00    0.00   96.97
02:43:02     all    2.74    0.00    0.50    0.00    0.00    0.75    0.00    0.00    0.00   96.01
02:43:03     all    2.51    0.00    0.75    0.00    0.00    0.00    0.00    0.00    0.00   96.73
02:43:04     all    2.53    0.00    0.00    0.00    0.00    0.00    0.25    0.00    0.00   97.22
02:43:05     all    2.76    0.00    0.00    0.00    0.00    0.25    0.00    0.00    0.00   96.98
02:43:06     all    2.01    0.00    0.75    0.00    0.00    0.50    0.00    0.00    0.00   96.73
02:43:07     all    3.03    0.00    0.25    0.00    0.00    0.00    0.00    0.00    0.00   96.72
02:43:08     all    2.78    0.00    0.25    0.00    0.00    0.25    0.00    0.00    0.00   96.72
02:43:09     all    2.77    0.00    0.25    0.00    0.00    0.25    0.00    0.00    0.00   96.73
02:43:10     all    2.76    0.00    0.25    0.00    0.00    0.25    0.00    0.00    0.00   96.73
02:43:11     all    2.77    0.00    0.50    0.00    0.00    0.25    0.00    0.00    0.00   96.47
02:43:12     all    2.77    0.00    0.25    0.00    0.00    0.25    0.00    0.00    0.00   96.73
02:43:13     all    2.27    0.00    0.25    0.00    0.00    0.50    0.00    0.00    0.00   96.98
02:43:14     all    2.52    0.00    0.50    0.00    0.00    0.00    0.00    0.00    0.00   96.98
02:43:15     all    2.76    0.00    0.25    0.00    0.00    0.25    0.00    0.00    0.00   96.73
02:43:16     all    2.52    0.00    0.25    0.00    0.00    0.25    0.00    0.00    0.00   96.98
02:43:17     all    2.75    0.00    0.50    0.00    0.00    0.50    0.00    0.00    0.00   96.25
02:43:18     all    2.52    0.00    0.00    0.00    0.00    0.50    0.00    0.00    0.00   96.98
02:43:19     all    2.76    0.00    0.50    0.00    0.00    0.25    0.00    0.00    0.00   96.48
02:43:20     all    2.52    0.00    0.50    0.00    0.00    0.00    0.00    0.00    0.00   96.98
02:43:21     all    2.76    0.00    0.25    0.00    0.00    0.25    0.00    0.00    0.00   96.73
02:43:22     all    2.03    0.00    0.25    0.00    0.00    0.25    0.00    0.00    0.00   97.46
02:43:23     all    2.49    0.00    0.50    0.00    0.00    0.25    0.50    0.00    0.00   96.27
02:43:24     all    2.27    0.00    0.50    0.00    0.00    0.25    0.00    0.00    0.00   96.98
02:43:25     all    2.26    0.00    0.75    0.00    0.00    0.25    0.00    0.00    0.00   96.73
02:43:26     all    2.27    0.00    0.25    0.00    0.00    0.25    0.00    0.00    0.00   97.23
02:43:27     all    2.27    0.00    0.25    0.00    0.00    0.50    0.00    0.00    0.00   96.98
02:43:28     all    2.53    0.00    0.51    0.00    0.00    0.00    0.00    0.00    0.00   96.96
02:43:29     all    2.50    0.00    0.25    0.00    0.00    0.75    0.00    0.00    0.00   96.50
02:43:30     all    2.76    0.00    0.25    0.00    0.00    0.00    0.00    0.00    0.00   96.98
02:43:31     all    2.02    0.00    0.50    0.00    0.00    0.50    0.00    0.00    0.00   96.98
02:43:32     all    3.01    0.00    0.50    0.00    0.00    0.00    0.00    0.00    0.00   96.49
02:43:33     all    2.51    0.00    0.25    0.25    0.00    0.25    0.00    0.00    0.00   96.74
02:43:34     all    2.27    0.00    0.25    0.00    0.00    0.50    0.00    0.00    0.00   96.98
02:43:35     all    2.75    0.00    0.50    0.00    0.00    0.50    0.00    0.00    0.00   96.25
02:43:36     all    2.51    0.00    0.50    0.00    0.00    0.00    0.00    0.00    0.00   96.98
02:43:37     all    2.78    0.00    0.25    0.00    0.00    0.25    0.00    0.00    0.00   96.71
02:43:38     all    2.77    0.00    0.00    0.00    0.00    0.00    0.00    0.00    0.00   97.23
02:43:39     all    2.51    0.00    1.00    0.00    0.00    0.50    0.00    0.00    0.00   95.99
02:43:40     all    2.78    0.00    0.00    0.00    0.00    0.00    0.00    0.00    0.00   97.22
02:43:41     all    2.51    0.00    0.75    0.00    0.00    0.25    0.00    0.00    0.00   96.49
02:43:42     all    2.52    0.00    0.25    0.00    0.00    0.25    0.00    0.00    0.00   96.98
02:43:43     all    2.02    0.00    0.25    0.00    0.00    0.51    0.25    0.00    0.00   96.97
02:43:44     all    2.74    0.00    0.50    0.00    0.00    0.50    0.00    0.00    0.00   96.26
02:43:45     all    2.03    0.00    0.25    0.00    0.00    0.00    0.00    0.00    0.00   97.72
02:43:46     all    2.99    0.00    0.50    0.00    0.00    0.50    0.00    0.00    0.00   96.02
02:43:47     all    2.04    0.00    0.25    0.00    0.00    0.00    0.00    0.00    0.00   97.71
02:43:48     all    2.51    0.00    0.25    0.00    0.00    0.00    0.00    0.00    0.00   97.24
02:43:49     all    2.74    0.00    0.50    0.00    0.00    0.75    0.25    0.00    0.00   95.76
02:43:50     all    2.27    0.00    0.25    0.00    0.00    0.25    0.00    0.00    0.00   97.23
02:43:51     all    2.27    0.00    0.50    0.00    0.00    0.50    0.00    0.00    0.00   96.73
02:43:52     all    2.28    0.00    0.00    0.00    0.00    0.00    0.00    0.00    0.00   97.72
02:43:53     all    2.74    0.00    0.75    0.00    0.00    0.25    0.00    0.00    0.00   96.26
02:43:54     all    3.00    0.00    0.25    0.00    0.00    0.25    0.00    0.00    0.00   96.50
02:43:55     all    2.03    0.00    0.51    0.00    0.00    0.25    0.00    0.00    0.00   97.22
02:43:56     all    3.01    0.00    0.00    0.00    0.00    0.50    0.00    0.00    0.00   96.49
02:43:57     all    2.27    0.00    1.01    0.00    0.00    0.00    0.00    0.00    0.00   96.73
02:43:58     all    2.51    0.00    0.25    0.00    0.00    0.25    0.00    0.00    0.00   96.98
02:43:59     all    2.51    0.00    0.50    0.00    0.00    0.25    0.00    0.00    0.00   96.73
02:44:00     all    2.51    0.00    0.25    0.00    0.00    0.25    0.00    0.00    0.00   96.98
02:44:01     all    2.28    0.00    0.25    0.00    0.00    0.00    0.00    0.00    0.00   97.47
02:44:02     all    2.76    0.00    0.25    0.00    0.00    0.50    0.25    0.00    0.00   96.23
02:44:03     all    2.51    0.00    0.50    0.00    0.00    0.50    0.00    0.00    0.00   96.49
02:44:04     all    2.51    0.00    0.25    0.00    0.00    0.25    0.00    0.00    0.00   96.98
02:44:05     all    2.27    0.00    0.00    0.00    0.00    0.25    0.00    0.00    0.00   97.48
02:44:06     all    2.74    0.00    0.75    0.00    0.00    0.50    0.00    0.00    0.00   96.01
02:44:07     all    2.76    0.00    0.25    0.00    0.00    0.25    0.00    0.00    0.00   96.74
02:44:08     all    2.04    0.00    0.00    0.00    0.00    0.00    0.00    0.00    0.00   97.96
02:44:09     all    2.98    0.00    0.74    0.00    0.00    0.50    0.25    0.00    0.00   95.53
02:44:10     all    2.28    0.00    0.00    0.00    0.00    0.00    0.00    0.00    0.00   97.72
02:44:11     all    2.27    0.00    0.25    0.00    0.00    0.25    0.00    0.00    0.00   97.23
02:44:12     all    3.00    0.00    0.25    0.25    0.00    0.50    0.00    0.00    0.00   96.00
02:44:13     all    2.02    0.00    0.51    0.00    0.00    0.00    0.00    0.00    0.00   97.47
02:44:14     all    2.77    0.00    0.00    0.00    0.00    0.50    0.00    0.00    0.00   96.73
02:44:15     all    2.26    0.00    0.50    0.00    0.00    0.25    0.00    0.00    0.00   96.98
02:44:16     all    2.51    0.00    0.50    0.00    0.00    0.00    0.00    0.00    0.00   96.99
02:44:17     all    2.51    0.00    0.50    0.00    0.00    0.50    0.00    0.00    0.00   96.48
02:44:18     all    2.27    0.00    0.00    0.00    0.00    0.25    0.00    0.00    0.00   97.47
02:44:19     all    2.99    0.00    0.00    0.00    0.00    0.50    0.25    0.00    0.00   96.26
02:44:20     all    2.28    0.00    0.25    0.00    0.00    0.00    0.00    0.00    0.00   97.47
02:44:21     all    2.02    0.00    0.51    0.00    0.00    0.25    0.00    0.00    0.00   97.22
02:44:22     all    3.00    0.00    0.50    0.00    0.00    0.25    0.00    0.00    0.00   96.25
02:44:23     all    1.75    0.00    0.50    0.00    0.00    0.75    0.00    0.00    0.00   97.00
02:44:24     all    2.29    0.00    0.00    0.00    0.00    0.00    0.00    0.00    0.00   97.71
02:44:25     all    2.99    0.00    0.50    0.00    0.00    0.25    0.00    0.00    0.00   96.26
02:44:26     all    2.27    0.00    0.00    0.00    0.00    0.76    0.00    0.00    0.00   96.98
02:44:27     all    2.51    0.00    0.25    0.00    0.00    0.25    0.00    0.00    0.00   96.98
02:44:28     all    2.27    0.00    0.25    0.00    0.00    0.00    0.00    0.00    0.00   97.47
Average:     all    2.25    0.00    0.35    0.01    0.00    0.29    0.02    0.00    0.00   97.07
