Linux 6.8.0-1064-gcp (csb-bench-host-gcp) 	08/18/26 	_x86_64_	(4 CPU)

04:27:08     CPU    %usr   %nice    %sys %iowait    %irq   %soft  %steal  %guest  %gnice   %idle
04:27:09     all    1.00    0.00    0.00    0.00    0.00    0.25    0.00    0.00    0.00   98.75
04:27:10     all    0.50    0.00    0.00    0.00    0.00    0.00    0.00    0.00    0.00   99.50
04:27:11     all    0.50    0.00    0.25    0.00    0.00    0.00    0.00    0.00    0.00   99.25
04:27:12     all    0.50    0.00    0.00    0.00    0.00    0.00    0.00    0.00    0.00   99.50
04:27:13     all    0.50    0.00    0.00    0.00    0.00    0.00    0.00    0.00    0.00   99.50
04:27:14     all    0.50    0.00    0.00    0.00    0.00    0.00    0.00    0.00    0.00   99.50
04:27:15     all    0.50    0.00    0.25    0.00    0.00    0.25    0.00    0.00    0.00   99.00
04:27:16     all    0.50    0.00    0.00    0.00    0.00    0.25    0.00    0.00    0.00   99.25
04:27:17     all    0.50    0.00    0.00    0.00    0.00    0.00    0.00    0.00    0.00   99.50
04:27:18     all    0.50    0.00    0.25    0.00    0.00    0.00    0.00    0.00    0.00   99.25
04:27:19     all    0.50    0.00    0.00    0.00    0.00    0.00    0.00    0.00    0.00   99.50
04:27:20     all    0.25    0.00    0.00    0.00    0.00    0.00    0.00    0.00    0.00   99.75
04:27:21     all    0.75    0.00    0.25    0.00    0.00    0.25    0.00    0.00    0.00   98.76
04:27:22     all    0.25    0.00    0.00    0.00    0.00    0.00    0.00    0.00    0.00   99.75
04:27:23     all    0.50    0.00    0.25    0.00    0.00    0.00    0.00    0.00    0.00   99.25
04:27:24     all    0.50    0.00    0.00    0.00    0.00    0.00    0.00    0.00    0.00   99.50
04:27:25     all    0.50    0.00    0.25    0.00    0.00    0.25    0.00    0.00    0.00   99.00
04:27:26     all    0.75    0.00    0.00    0.00    0.00    0.00    0.00    0.00    0.00   99.25
04:27:27     all    0.25    0.00    0.25    0.00    0.00    0.00    0.00    0.00    0.00   99.50
04:27:28     all    0.25    0.00    0.25    0.00    0.00    0.00    0.25    0.00    0.00   99.25
04:27:29     all    0.50    0.00    0.00    0.00    0.00    0.25    0.00    0.00    0.00   99.25
04:27:30     all    0.25    0.00    0.00    0.00    0.00    0.00    0.00    0.00    0.00   99.75
04:27:31     all    0.50    0.00    0.00    0.00    0.00    0.00    0.00    0.00    0.00   99.50
04:27:32     all    0.50    0.00    0.00    0.25    0.00    0.25    0.00    0.00    0.00   99.00
04:27:33     all    0.25    0.00    0.25    0.00    0.00    0.00    0.00    0.00    0.00   99.50
04:27:34     all    0.50    0.00    0.00    0.00    0.00    0.00    0.00    0.00    0.00   99.50
04:27:35     all    0.25    0.00    0.00    0.00    0.00    0.00    0.00    0.00    0.00   99.75
04:27:36     all    0.50    0.00    0.00    0.00    0.00    0.00    0.00    0.00    0.00   99.50
04:27:37     all    0.50    0.00    0.50    0.00    0.00    0.00    0.00    0.00    0.00   99.00
04:27:38     all    0.50    0.00    0.00    0.00    0.00    0.25    0.00    0.00    0.00   99.25
04:27:39     all    0.50    0.00    0.00    0.00    0.00    0.00    0.00    0.00    0.00   99.50
04:27:40     all    0.50    0.00    0.00    0.00    0.00    0.00    0.00    0.00    0.00   99.50
04:27:41     all    0.50    0.00    0.00    0.00    0.00    0.00    0.00    0.00    0.00   99.50
04:27:42     all    0.25    0.00    0.25    0.00    0.00    0.00    0.00    0.00    0.00   99.50
04:27:43     all    0.50    0.00    0.00    0.25    0.00    0.25    0.00    0.00    0.00   99.00
04:27:44     all    0.25    0.00    0.00    0.00    0.00    0.00    0.00    0.00    0.00   99.75
04:27:45     all    0.50    0.00    0.00    0.00    0.00    0.25    0.00    0.00    0.00   99.25
04:27:46     all    0.50    0.00    0.50    0.00    0.00    0.00    0.00    0.00    0.00   99.00
04:27:47     all    0.25    0.00    0.00    0.00    0.00    0.00    0.00    0.00    0.00   99.75
04:27:48     all    0.75    0.00    0.25    0.00    0.00    0.00    0.00    0.00    0.00   99.00
04:27:49     all    0.50    0.00    0.00    0.00    0.00    0.00    0.00    0.00    0.00   99.50
04:27:50     all    0.25    0.00    0.25    0.00    0.00    0.25    0.00    0.00    0.00   99.25
04:27:51     all    0.50    0.00    0.00    0.00    0.00    0.00    0.00    0.00    0.00   99.50
04:27:52     all    0.50    0.00    0.00    0.00    0.00    0.00    0.25    0.00    0.00   99.25
04:27:53     all    0.50    0.00    0.00    0.00    0.00    0.00    0.00    0.00    0.00   99.50
04:27:54     all    0.50    0.00    0.25    0.50    0.00    0.25    0.00    0.00    0.00   98.50
04:27:55     all    0.25    0.00    0.00    0.00    0.00    0.25    0.00    0.00    0.00   99.50
04:27:56     all    0.50    0.00    0.00    0.00    0.00    0.00    0.00    0.00    0.00   99.50
04:27:57     all    0.75    0.00    0.00    0.00    0.00    0.00    0.00    0.00    0.00   99.25
04:27:58     all    0.50    0.00    0.25    0.00    0.00    0.25    0.00    0.00    0.00   99.00
04:27:59     all    0.50    0.00    0.25    0.00    0.00    0.00    0.00    0.00    0.00   99.25
04:28:00     all    0.25    0.00    0.00    0.00    0.00    0.00    0.00    0.00    0.00   99.75
04:28:01     all    0.50    0.00    0.25    0.00    0.00    0.25    0.00    0.00    0.00   99.00
04:28:02     all    0.25    0.00    0.00    0.00    0.00    0.00    0.00    0.00    0.00   99.75
04:28:03     all    0.50    0.00    0.25    0.00    0.00    0.00    0.00    0.00    0.00   99.25
04:28:04     all    0.50    0.00    0.25    0.00    0.00    0.00    0.00    0.00    0.00   99.25
04:28:05     all    0.50    0.00    0.00    0.00    0.00    0.00    0.00    0.00    0.00   99.50
04:28:06     all    0.50    0.00    0.00    0.00    0.00    0.25    0.00    0.00    0.00   99.25
04:28:07     all    0.50    0.00    0.00    0.00    0.00    0.00    0.00    0.00    0.00   99.50
04:28:08     all    0.75    0.00    0.25    0.00    0.00    0.00    0.00    0.00    0.00   99.00
04:28:09     all    0.50    0.00    0.00    0.00    0.00    0.00    0.00    0.00    0.00   99.50
04:28:10     all    0.50    0.00    0.00    0.00    0.00    0.00    0.00    0.00    0.00   99.50
04:28:11     all    0.25    0.00    0.25    0.00    0.00    0.25    0.00    0.00    0.00   99.25
04:28:12     all    0.50    0.00    0.00    0.00    0.00    0.00    0.00    0.00    0.00   99.50
04:28:13     all    0.50    0.00    0.00    0.00    0.00    0.00    0.00    0.00    0.00   99.50
04:28:14     all    0.50    0.00    0.25    0.00    0.00    0.00    0.00    0.00    0.00   99.25
04:28:15     all    0.50    0.00    0.00    0.00    0.00    0.25    0.00    0.00    0.00   99.25
04:28:16     all    0.25    0.00    0.25    0.25    0.00    0.00    0.00    0.00    0.00   99.25
04:28:17     all    0.50    0.00    0.25    0.00    0.00    0.00    0.00    0.00    0.00   99.25
04:28:18     all    0.50    0.00    0.00    0.00    0.00    0.00    0.00    0.00    0.00   99.50
04:28:19     all    0.50    0.00    0.25    0.00    0.00    0.00    0.00    0.00    0.00   99.25
04:28:20     all    0.50    0.00    0.00    0.00    0.00    0.00    0.00    0.00    0.00   99.50
04:28:21     all    0.25    0.00    0.25    0.00    0.00    0.00    0.00    0.00    0.00   99.50
04:28:22     all    0.25    0.00    0.00    0.00    0.00    0.25    0.00    0.00    0.00   99.50
04:28:23     all    0.50    0.00    0.25    0.00    0.00    0.00    0.00    0.00    0.00   99.25
04:28:24     all    0.75    0.00    0.00    0.00    0.00    0.00    0.00    0.00    0.00   99.25
04:28:25     all    0.25    0.00    0.00    0.00    0.00    0.00    0.00    0.00    0.00   99.75
04:28:26     all    0.75    0.00    0.25    0.00    0.00    0.00    0.00    0.00    0.00   99.00
04:28:27     all    0.50    0.00    0.00    0.00    0.00    0.25    0.00    0.00    0.00   99.25
04:28:28     all    0.50    0.00    0.00    0.00    0.00    0.25    0.00    0.00    0.00   99.25
04:28:29     all    0.50    0.00    0.00    0.00    0.00    0.00    0.00    0.00    0.00   99.50
04:28:30     all    0.50    0.00    0.50    0.00    0.00    0.00    0.00    0.00    0.00   99.00
04:28:31     all    0.50    0.00    0.00    0.00    0.00    0.00    0.00    0.00    0.00   99.50
04:28:32     all    0.50    0.00    0.00    0.00    0.00    0.00    0.00    0.00    0.00   99.50
04:28:33     all    0.50    0.00    0.25    0.00    0.00    0.25    0.00    0.00    0.00   99.00
04:28:34     all    0.50    0.00    0.00    0.00    0.00    0.00    0.00    0.00    0.00   99.50
04:28:35     all    0.75    0.00    0.00    0.00    0.00    0.00    0.00    0.00    0.00   99.25
04:28:36     all    0.50    0.00    0.00    0.00    0.00    0.00    0.00    0.00    0.00   99.50
04:28:37     all    0.50    0.00    0.25    0.00    0.00    0.00    0.00    0.00    0.00   99.25
04:28:38     all    0.50    0.00    0.00    0.00    0.00    0.00    0.00    0.00    0.00   99.50
04:28:39     all    0.75    0.00    0.25    1.01    0.00    0.00    0.00    0.00    0.00   97.99
04:28:40     all    0.25    0.00    0.25    0.00    0.00    0.00    0.00    0.00    0.00   99.50
04:28:41     all    0.50    0.00    0.00    0.00    0.00    0.00    0.00    0.00    0.00   99.50
04:28:42     all    0.75    0.00    0.00    0.00    0.00    0.25    0.00    0.00    0.00   99.00
04:28:43     all    0.50    0.00    0.25    0.00    0.00    0.25    0.00    0.00    0.00   99.00
04:28:44     all    0.50    0.00    0.00    0.00    0.00    0.00    0.25    0.00    0.00   99.25
04:28:45     all    0.50    0.00    0.00    0.00    0.00    0.00    0.00    0.00    0.00   99.50
04:28:46     all    0.50    0.00    0.00    0.00    0.00    0.00    0.00    0.00    0.00   99.50
04:28:47     all    0.25    0.00    0.25    0.00    0.00    0.00    0.00    0.00    0.00   99.50
04:28:48     all    0.50    0.00    0.25    0.00    0.00    0.00    0.00    0.00    0.00   99.25
04:28:49     all    0.50    0.00    0.00    0.00    0.00    0.00    0.00    0.00    0.00   99.50
04:28:50     all    0.25    0.00    0.00    0.25    0.00    0.00    0.00    0.00    0.00   99.50
04:28:51     all    0.50    0.00    0.25    0.00    0.00    0.25    0.00    0.00    0.00   99.00
04:28:52     all    0.50    0.00    0.00    0.00    0.00    0.00    0.00    0.00    0.00   99.50
04:28:53     all    0.25    0.00    0.25    0.00    0.00    0.00    0.00    0.00    0.00   99.50
04:28:54     all    0.50    0.00    0.00    0.00    0.00    0.00    0.00    0.00    0.00   99.50
04:28:55     all    0.50    0.00    0.00    0.00    0.00    0.00    0.00    0.00    0.00   99.50
04:28:56     all    0.75    0.00    0.25    0.00    0.00    0.00    0.00    0.00    0.00   98.99
04:28:57     all    0.25    0.00    0.25    0.00    0.00    0.00    0.00    0.00    0.00   99.50
04:28:58     all    0.50    0.00    0.00    0.00    0.00    0.00    0.00    0.00    0.00   99.50
04:28:59     all    0.50    0.00    0.25    0.00    0.00    0.00    0.00    0.00    0.00   99.25
04:29:00     all    0.75    0.00    0.00    0.00    0.00    0.25    0.00    0.00    0.00   99.00
04:29:01     all    0.50    0.00    0.25    0.00    0.00    0.00    0.00    0.00    0.00   99.25
04:29:02     all    0.50    0.00    0.25    0.00    0.00    0.00    0.00    0.00    0.00   99.25
04:29:03     all    0.75    0.00    0.00    0.00    0.00    0.00    0.00    0.00    0.00   99.25
04:29:04     all    0.25    0.00    0.00    0.00    0.00    0.00    0.00    0.00    0.00   99.75
04:29:05     all    0.75    0.00    0.00    0.00    0.00    0.00    0.00    0.00    0.00   99.25
04:29:06     all    0.50    0.00    0.25    0.00    0.00    0.25    0.00    0.00    0.00   99.00
04:29:07     all    0.50    0.00    0.00    0.00    0.00    0.00    0.00    0.00    0.00   99.50
04:29:08     all    0.50    0.00    0.00    0.00    0.00    0.00    0.00    0.00    0.00   99.50
04:29:09     all    0.75    0.00    0.00    0.00    0.00    0.00    0.00    0.00    0.00   99.25
04:29:10     all    0.50    0.00    0.25    0.00    0.00    0.00    0.00    0.00    0.00   99.25
04:29:11     all    0.50    0.00    0.00    0.00    0.00    0.00    0.00    0.00    0.00   99.50
04:29:12     all    0.75    0.00    0.00    0.00    0.00    0.00    0.00    0.00    0.00   99.25
04:29:13     all    0.75    0.00    0.25    0.00    0.00    0.00    0.00    0.00    0.00   99.00
04:29:14     all    0.50    0.00    0.00    0.00    0.00    0.25    0.00    0.00    0.00   99.25
04:29:15     all    0.75    0.00    0.00    0.00    0.00    0.25    0.00    0.00    0.00   99.00
04:29:16     all    0.50    0.00    0.25    0.00    0.00    0.00    0.00    0.00    0.00   99.25
04:29:17     all    0.50    0.00    0.00    0.00    0.00    0.00    0.00    0.00    0.00   99.50
04:29:18     all    0.75    0.00    0.25    0.00    0.00    0.00    0.00    0.00    0.00   99.00
04:29:19     all    0.50    0.00    0.25    0.00    0.00    0.00    0.00    0.00    0.00   99.25
04:29:20     all    0.75    0.00    0.00    0.00    0.00    0.00    0.00    0.00    0.00   99.25
04:29:21     all    0.50    0.00    0.00    0.00    0.00    0.00    0.00    0.00    0.00   99.50
04:29:22     all    1.00    0.00    0.00    0.00    0.00    0.00    0.00    0.00    0.00   99.00
04:29:23     all    0.50    0.00    0.25    0.00    0.00    0.25    0.00    0.00    0.00   99.00
04:29:24     all    0.50    0.00    0.25    0.00    0.00    0.00    0.00    0.00    0.00   99.25
04:29:25     all    0.50    0.00    0.00    0.00    0.00    0.25    0.00    0.00    0.00   99.25
04:29:26     all    0.75    0.00    0.25    0.00    0.00    0.00    0.25    0.00    0.00   98.75
04:29:27     all    0.50    0.00    0.25    0.00    0.00    0.00    0.00    0.00    0.00   99.25
04:29:28     all    0.75    0.00    0.00    0.00    0.00    0.25    0.00    0.00    0.00   99.00
04:29:29     all    0.50    0.00    0.25    0.00    0.00    0.00    0.00    0.00    0.00   99.25
04:29:30     all    0.50    0.00    0.00    0.25    0.00    0.25    0.00    0.00    0.00   98.99
04:29:31     all    0.50    0.00    0.25    0.00    0.00    0.00    0.00    0.00    0.00   99.25
04:29:32     all    0.50    0.00    0.00    0.00    0.00    0.25    0.00    0.00    0.00   99.25
04:29:33     all    0.50    0.00    0.25    0.00    0.00    0.00    0.00    0.00    0.00   99.25
04:29:34     all    1.00    0.00    0.00    0.00    0.00    0.00    0.00    0.00    0.00   99.00
04:29:35     all    0.50    0.00    0.25    0.00    0.00    0.00    0.00    0.00    0.00   99.25
04:29:36     all    0.75    0.00    0.00    0.00    0.00    0.25    0.00    0.00    0.00   99.00
04:29:37     all    0.50    0.00    0.00    0.00    0.00    0.00    0.00    0.00    0.00   99.50
04:29:38     all    0.50    0.00    0.25    0.00    0.00    0.00    0.00    0.00    0.00   99.25
04:29:39     all    0.50    0.00    0.00    0.00    0.00    0.25    0.00    0.00    0.00   99.25
04:29:40     all    0.50    0.00    0.25    0.00    0.00    0.00    0.00    0.00    0.00   99.25
04:29:41     all    0.75    0.00    0.00    0.00    0.00    0.25    0.00    0.00    0.00   99.00
04:29:42     all    0.50    0.00    0.50    0.00    0.00    0.00    0.00    0.00    0.00   99.00
04:29:43     all    0.75    0.00    0.00    0.00    0.00    0.00    0.00    0.00    0.00   99.25
04:29:44     all    0.50    0.00    0.00    0.00    0.00    0.00    0.00    0.00    0.00   99.50
04:29:45     all    0.99    0.00    0.25    0.00    0.00    0.25    0.00    0.00    0.00   98.51
04:29:46     all    0.50    0.00    0.00    0.00    0.00    0.00    0.00    0.00    0.00   99.50
04:29:47     all    0.50    0.00    0.00    0.00    0.00    0.00    0.25    0.00    0.00   99.25
04:29:48     all    0.75    0.00    0.25    0.00    0.00    0.25    0.00    0.00    0.00   98.75
04:29:49     all    0.50    0.00    0.00    0.00    0.00    0.00    0.00    0.00    0.00   99.50
04:29:50     all    0.75    0.00    0.00    0.00    0.00    0.00    0.00    0.00    0.00   99.25
04:29:51     all    0.50    0.00    0.00    0.00    0.00    0.00    0.00    0.00    0.00   99.50
04:29:52     all    0.75    0.00    0.25    0.25    0.00    0.25    0.00    0.00    0.00   98.50
04:29:53     all    0.50    0.00    0.00    0.00    0.00    0.00    0.00    0.00    0.00   99.50
04:29:54     all    0.75    0.00    0.50    0.00    0.00    0.00    0.00    0.00    0.00   98.75
04:29:55     all    0.50    0.00    0.00    0.00    0.00    0.00    0.00    0.00    0.00   99.50
04:29:56     all    0.50    0.00    0.25    0.00    0.00    0.25    0.00    0.00    0.00   99.00
04:29:57     all    0.75    0.00    0.00    0.00    0.00    0.00    0.00    0.00    0.00   99.25
04:29:58     all    0.50    0.00    0.25    0.00    0.00    0.25    0.00    0.00    0.00   99.00
04:29:59     all    0.50    0.00    0.00    0.00    0.00    0.00    0.00    0.00    0.00   99.50
04:30:00     all    0.50    0.00    0.00    0.00    0.00    0.25    0.00    0.00    0.00   99.25
04:30:01     all    0.75    0.00    0.25    0.00    0.00    0.00    0.00    0.00    0.00   99.00
04:30:02     all    0.75    0.00    0.00    0.00    0.00    0.00    0.00    0.00    0.00   99.25
04:30:03     all    0.50    0.00    0.25    0.00    0.00    0.00    0.00    0.00    0.00   99.25
04:30:04     all    0.50    0.00    0.00    0.00    0.00    0.50    0.00    0.00    0.00   99.00
04:30:05     all    0.75    0.00    0.00    0.00    0.00    0.00    0.00    0.00    0.00   99.25
04:30:06     all    0.50    0.00    0.25    0.00    0.00    0.00    0.00    0.00    0.00   99.25
04:30:07     all    0.50    0.00    0.25    0.00    0.00    0.00    0.00    0.00    0.00   99.25
04:30:08     all    0.50    0.00    0.00    0.00    0.00    0.25    0.00    0.00    0.00   99.25
04:30:09     all    0.75    0.00    0.25    0.00    0.00    0.00    0.00    0.00    0.00   99.00
04:30:10     all    0.50    0.00    0.25    0.00    0.00    0.25    0.00    0.00    0.00   99.00
04:30:11     all    0.50    0.00    0.00    0.00    0.00    0.00    0.00    0.00    0.00   99.50
04:30:12     all    0.50    0.00    0.00    0.00    0.00    0.25    0.00    0.00    0.00   99.25
04:30:13     all    0.75    0.00    0.00    0.00    0.00    0.00    0.00    0.00    0.00   99.25
04:30:14     all    0.50    0.00    0.50    0.00    0.00    0.00    0.00    0.00    0.00   99.00
04:30:15     all    0.50    0.00    0.00    0.00    0.00    0.25    0.00    0.00    0.00   99.25
04:30:16     all    0.50    0.00    0.25    0.00    0.00    0.00    0.00    0.00    0.00   99.25
04:30:17     all    0.75    0.00    0.00    0.00    0.00    0.00    0.00    0.00    0.00   99.25
04:30:18     all    0.25    0.00    0.00    0.00    0.00    0.25    0.00    0.00    0.00   99.50
04:30:19     all    0.25    0.00    0.00    0.00    0.00    0.00    0.00    0.00    0.00   99.75
04:30:20     all    0.50    0.00    0.25    0.00    0.00    0.25    0.00    0.00    0.00   99.00
04:30:21     all    0.50    0.00    0.25    0.00    0.00    0.00    0.00    0.00    0.00   99.25
04:30:22     all    0.75    0.00    0.00    0.00    0.00    0.00    0.25    0.00    0.00   99.00
04:30:23     all    0.50    0.00    0.25    0.00    0.00    0.00    0.00    0.00    0.00   99.25
04:30:24     all    1.01    0.00    1.26    2.51    0.00    0.25    0.00    0.00    0.00   94.97
04:30:25     all    0.50    0.00    0.25    0.00    0.00    0.00    0.00    0.00    0.00   99.25
04:30:26     all    0.50    0.00    0.25    0.00    0.00    0.00    0.00    0.00    0.00   99.25
04:30:27     all    1.00    0.00    0.00    0.00    0.00    0.00    0.00    0.00    0.00   99.00
04:30:28     all    0.00    0.00    0.00    0.00    0.00    0.00    0.00    0.00    0.00  100.00
04:30:29     all    0.50    0.00    0.00    0.25    0.00    0.25    0.00    0.00    0.00   99.00
04:30:30     all    0.50    0.00    0.00    0.00    0.00    0.00    0.00    0.00    0.00   99.50
04:30:31     all    0.50    0.00    0.25    0.00    0.00    0.00    0.00    0.00    0.00   99.25
04:30:32     all    0.25    0.00    0.00    0.00    0.00    0.00    0.00    0.00    0.00   99.75
04:30:33     all    0.75    0.00    0.00    0.00    0.00    0.00    0.00    0.00    0.00   99.25
04:30:34     all    0.25    0.00    0.00    0.00    0.00    0.00    0.00    0.00    0.00   99.75
04:30:35     all    0.75    0.00    0.25    0.00    0.00    0.25    0.00    0.00    0.00   98.75
04:30:36     all    0.25    0.00    0.25    0.00    0.00    0.00    0.00    0.00    0.00   99.50
04:30:37     all    0.50    0.00    0.00    0.00    0.00    0.00    0.00    0.00    0.00   99.50
04:30:38     all    0.75    0.00    0.25    0.00    0.00    0.00    0.00    0.00    0.00   99.00
04:30:39     all    0.50    0.00    0.00    0.00    0.00    0.25    0.00    0.00    0.00   99.25
04:30:40     all    0.50    0.00    0.00    0.00    0.00    0.00    0.00    0.00    0.00   99.50
04:30:41     all    0.50    0.00    0.00    0.00    0.00    0.00    0.00    0.00    0.00   99.50
04:30:42     all    0.75    0.00    0.00    0.00    0.00    0.00    0.00    0.00    0.00   99.25
04:30:43     all    0.50    0.00    0.25    0.00    0.00    0.00    0.00    0.00    0.00   99.25
04:30:44     all    0.25    0.00    0.00    0.00    0.00    0.00    0.00    0.00    0.00   99.75
04:30:45     all    0.50    0.00    0.25    0.00    0.00    0.25    0.00    0.00    0.00   99.00
04:30:46     all    0.50    0.00    0.00    0.00    0.00    0.00    0.00    0.00    0.00   99.50
04:30:47     all    0.50    0.00    0.00    0.00    0.00    0.00    0.00    0.00    0.00   99.50
04:30:48     all    0.50    0.00    0.00    0.00    0.00    0.25    0.00    0.00    0.00   99.25
04:30:49     all    0.75    0.00    0.00    0.00    0.00    0.00    0.00    0.00    0.00   99.25
04:30:50     all    0.50    0.00    0.25    0.00    0.00    0.25    0.00    0.00    0.00   99.00
04:30:51     all    0.75    0.00    0.00    0.00    0.00    0.00    0.00    0.00    0.00   99.25
04:30:52     all    0.50    0.00    0.25    0.00    0.00    0.00    0.00    0.00    0.00   99.25
04:30:53     all    0.75    0.00    0.25    0.00    0.00    0.25    0.00    0.00    0.00   98.75
04:30:54     all    0.50    0.00    0.00    0.00    0.00    0.00    0.00    0.00    0.00   99.50
04:30:55     all    0.50    0.00    0.00    0.00    0.00    0.00    0.00    0.00    0.00   99.50
04:30:56     all    0.50    0.00    0.25    0.00    0.00    0.00    0.00    0.00    0.00   99.25
04:30:57     all    0.50    0.00    0.00    0.00    0.00    0.00    0.00    0.00    0.00   99.50
04:30:58     all    0.50    0.00    0.25    0.00    0.00    0.25    0.00    0.00    0.00   99.00
04:30:59     all    0.50    0.00    0.00    0.00    0.00    0.25    0.00    0.00    0.00   99.25
04:31:00     all    0.50    0.00    0.25    0.00    0.00    0.00    0.00    0.00    0.00   99.25
04:31:01     all    0.75    0.00    0.00    0.00    0.00    0.00    0.00    0.00    0.00   99.25
04:31:02     all    0.50    0.00    0.00    0.00    0.00    0.00    0.00    0.00    0.00   99.50
04:31:03     all    0.50    0.00    0.00    0.00    0.00    0.25    0.00    0.00    0.00   99.25
04:31:04     all    1.00    0.00    0.00    0.25    0.00    0.00    0.25    0.00    0.00   98.51
04:31:05     all    0.25    0.00    0.00    0.00    0.00    0.00    0.00    0.00    0.00   99.75
04:31:06     all    0.50    0.00    0.25    0.00    0.00    0.00    0.00    0.00    0.00   99.25
04:31:07     all    0.50    0.00    0.25    0.00    0.00    0.25    0.00    0.00    0.00   99.00
04:31:08     all    0.50    0.00    0.00    0.00    0.00    0.00    0.00    0.00    0.00   99.50
04:31:09     all    0.50    0.00    0.00    0.00    0.00    0.00    0.00    0.00    0.00   99.50
04:31:10     all    0.75    0.00    0.25    0.00    0.00    0.25    0.00    0.00    0.00   98.75
04:31:11     all    0.50    0.00    0.00    0.00    0.00    0.00    0.00    0.00    0.00   99.50
04:31:12     all    0.75    0.00    0.00    0.00    0.00    0.25    0.00    0.00    0.00   99.00
04:31:13     all    0.75    0.00    0.00    0.00    0.00    0.00    0.00    0.00    0.00   99.25
04:31:14     all    0.50    0.00    0.50    0.00    0.00    0.00    0.00    0.00    0.00   99.00
04:31:15     all    0.50    0.00    0.00    0.00    0.00    0.25    0.00    0.00    0.00   99.25
04:31:16     all    0.75    0.00    0.00    0.00    0.00    0.00    0.00    0.00    0.00   99.25
04:31:17     all    0.50    0.00    0.25    0.00    0.00    0.25    0.00    0.00    0.00   99.00
04:31:18     all    0.50    0.00    0.00    0.00    0.00    0.00    0.00    0.00    0.00   99.50
04:31:19     all    0.75    0.00    0.00    0.00    0.00    0.00    0.00    0.00    0.00   99.25
04:31:20     all    0.50    0.00    0.00    0.00    0.00    0.00    0.00    0.00    0.00   99.50
04:31:21     all    0.50    0.00    0.25    0.00    0.00    0.25    0.00    0.00    0.00   99.00
04:31:22     all    1.00    0.00    0.25    0.00    0.00    0.00    0.00    0.00    0.00   98.75
04:31:23     all    0.50    0.00    0.00    0.00    0.00    0.00    0.00    0.00    0.00   99.50
04:31:24     all    0.50    0.00    0.25    0.00    0.00    0.25    0.00    0.00    0.00   99.00
04:31:25     all    0.50    0.00    0.00    0.00    0.00    0.00    0.00    0.00    0.00   99.50
04:31:26     all    0.75    0.00    0.00    0.00    0.00    0.00    0.00    0.00    0.00   99.25
04:31:27     all    0.50    0.00    0.00    0.00    0.00    0.25    0.00    0.00    0.00   99.25
04:31:28     all    0.75    0.00    0.00    0.00    0.00    0.00    0.00    0.00    0.00   99.25
04:31:29     all    0.75    0.00    0.25    0.00    0.00    0.00    0.00    0.00    0.00   99.00
04:31:30     all    0.75    0.00    0.00    0.00    0.00    0.25    0.00    0.00    0.00   99.00
04:31:31     all    0.25    0.00    0.25    0.00    0.00    0.00    0.00    0.00    0.00   99.50
04:31:32     all    0.50    0.00    0.00    0.00    0.00    0.25    0.00    0.00    0.00   99.25
04:31:33     all    0.50    0.00    0.00    0.00    0.00    0.25    0.00    0.00    0.00   99.25
04:31:34     all    0.75    0.00    0.25    0.00    0.00    0.00    0.00    0.00    0.00   99.00
04:31:35     all    0.50    0.00    0.00    0.00    0.00    0.00    0.00    0.00    0.00   99.50
04:31:36     all    0.50    0.00    0.00    0.00    0.00    0.00    0.00    0.00    0.00   99.50
04:31:37     all    0.25    0.00    0.25    0.00    0.00    0.25    0.00    0.00    0.00   99.25
04:31:38     all    0.50    0.00    0.00    0.00    0.00    0.00    0.00    0.00    0.00   99.50
04:31:39     all    0.75    0.00    0.00    0.00    0.00    0.00    0.25    0.00    0.00   99.00
04:31:40     all    0.50    0.00    0.50    0.00    0.00    0.25    0.00    0.00    0.00   98.75
04:31:41     all    0.75    0.00    0.00    0.25    0.00    0.00    0.00    0.00    0.00   99.00
04:31:42     all    0.50    0.00    0.25    0.00    0.00    0.00    0.00    0.00    0.00   99.25
04:31:43     all    0.50    0.00    0.00    0.00    0.00    0.00    0.00    0.00    0.00   99.50
04:31:44     all    0.75    0.00    0.00    0.00    0.00    0.25    0.00    0.00    0.00   99.00
04:31:45     all    0.50    0.00    0.25    0.00    0.00    0.00    0.00    0.00    0.00   99.25
04:31:46     all    0.75    0.00    0.25    0.00    0.00    0.00    0.00    0.00    0.00   99.00
04:31:47     all    0.75    0.00    0.00    0.00    0.00    0.25    0.00    0.00    0.00   99.00
04:31:48     all    0.50    0.00    0.25    0.00    0.00    0.00    0.00    0.00    0.00   99.25
04:31:49     all    0.50    0.00    0.50    0.00    0.00    0.25    0.00    0.00    0.00   98.75
04:31:50     all    0.75    0.00    0.00    0.00    0.00    0.00    0.00    0.00    0.00   99.25
04:31:51     all    0.50    0.00    0.50    0.00    0.00    0.00    0.00    0.00    0.00   99.00
04:31:52     all    0.50    0.00    0.00    0.00    0.00    0.25    0.00    0.00    0.00   99.25
04:31:53     all    0.25    0.00    0.00    0.00    0.00    0.00    0.00    0.00    0.00   99.75
04:31:54     all    0.50    0.00    0.00    0.00    0.00    0.00    0.00    0.00    0.00   99.50
04:31:55     all    0.75    0.00    0.25    0.00    0.00    0.00    0.25    0.00    0.00   98.75
04:31:56     all    0.25    0.00    0.00    0.00    0.00    0.00    0.00    0.00    0.00   99.75
04:31:57     all    0.75    0.00    0.00    0.00    0.00    0.25    0.00    0.00    0.00   99.00
04:31:58     all    0.75    0.00    0.25    0.00    0.00    0.00    0.00    0.00    0.00   99.00
04:31:59     all    0.25    0.00    0.00    0.00    0.00    0.00    0.00    0.00    0.00   99.75
04:32:00     all    0.75    0.00    0.00    0.00    0.00    0.25    0.00    0.00    0.00   99.00
04:32:01     all    0.50    0.00    0.25    0.00    0.00    0.00    0.00    0.00    0.00   99.24
04:32:02     all    0.75    0.00    0.00    0.00    0.00    0.25    0.00    0.00    0.00   99.00
04:32:03     all    0.75    0.00    0.25    0.00    0.00    0.00    0.00    0.00    0.00   99.00
04:32:04     all    0.25    0.00    0.00    0.00    0.00    0.25    0.00    0.00    0.00   99.50
04:32:05     all    0.50    0.00    0.00    0.00    0.00    0.25    0.00    0.00    0.00   99.25
04:32:06     all    0.75    0.00    0.00    0.00    0.00    0.00    0.00    0.00    0.00   99.25
04:32:07     all    0.75    0.00    0.25    0.00    0.00    0.00    0.00    0.00    0.00   99.00
04:32:08     all    0.75    0.00    0.25    0.00    0.00    0.25    0.00    0.00    0.00   98.76
04:32:09     all    0.50    0.00    0.00    0.00    0.00    0.00    0.00    0.00    0.00   99.50
04:32:10     all    0.50    0.00    0.25    0.00    0.00    0.00    0.00    0.00    0.00   99.25
04:32:11     all    0.50    0.00    0.00    0.00    0.00    0.25    0.00    0.00    0.00   99.25
04:32:12     all    0.51    0.00    0.00    0.00    0.00    0.00    0.00    0.00    0.00   99.49
04:32:13     all    0.50    0.00    0.25    0.00    0.00    0.25    0.00    0.00    0.00   99.00
04:32:14     all    1.00    0.00    0.00    0.00    0.00    0.00    0.00    0.00    0.00   99.00
04:32:15     all    0.50    0.00    0.00    0.00    0.00    0.00    0.00    0.00    0.00   99.50
04:32:16     all    0.50    0.00    0.25    0.00    0.00    0.25    0.00    0.00    0.00   99.00
04:32:17     all    0.50    0.00    0.00    0.00    0.00    0.25    0.00    0.00    0.00   99.25
04:32:18     all    0.75    0.00    0.25    0.00    0.00    0.00    0.00    0.00    0.00   99.00
04:32:19     all    0.00    0.00    0.25    0.00    0.00    0.00    0.00    0.00    0.00   99.75
04:32:20     all    0.50    0.00    0.25    0.00    0.00    0.25    0.00    0.00    0.00   99.00
04:32:21     all    0.75    0.00    0.00    0.00    0.00    0.00    0.00    0.00    0.00   99.25
04:32:22     all    0.75    0.00    0.25    0.00    0.00    0.25    0.00    0.00    0.00   98.75
04:32:23     all    0.75    0.00    0.00    0.25    0.00    0.00    0.00    0.00    0.00   99.00
04:32:24     all    0.50    0.00    0.00    0.00    0.00    0.25    0.25    0.00    0.00   99.00
04:32:25     all    0.50    0.00    0.25    0.00    0.00    0.25    0.00    0.00    0.00   99.00
04:32:26     all    0.76    0.00    0.00    0.00    0.00    0.00    0.00    0.00    0.00   99.24
04:32:27     all    0.50    0.00    0.00    0.00    0.00    0.00    0.00    0.00    0.00   99.50
04:32:28     all    0.50    0.00    0.00    0.00    0.00    0.25    0.00    0.00    0.00   99.25
04:32:29     all    0.75    0.00    0.25    0.25    0.00    0.00    0.00    0.00    0.00   98.75
04:32:30     all    0.50    0.00    0.00    0.00    0.00    0.00    0.00    0.00    0.00   99.50
04:32:31     all    0.50    0.00    0.25    0.00    0.00    0.25    0.00    0.00    0.00   99.00
04:32:32     all    0.50    0.00    0.00    0.00    0.00    0.25    0.00    0.00    0.00   99.25
04:32:33     all    0.75    0.00    0.00    0.00    0.00    0.25    0.00    0.00    0.00   99.00
04:32:34     all    0.75    0.00    0.50    0.00    0.00    0.00    0.00    0.00    0.00   98.75
04:32:35     all    0.50    0.00    0.25    0.00    0.00    0.00    0.00    0.00    0.00   99.25
04:32:36     all    0.50    0.00    0.00    0.00    0.00    0.00    0.00    0.00    0.00   99.50
04:32:37     all    0.50    0.00    0.00    0.00    0.00    0.25    0.00    0.00    0.00   99.25
04:32:38     all    0.50    0.00    0.25    0.00    0.00    0.25    0.00    0.00    0.00   99.00
04:32:39     all    0.50    0.00    0.00    0.00    0.00    0.00    0.00    0.00    0.00   99.50
04:32:40     all    0.50    0.00    0.25    0.00    0.00    0.00    0.00    0.00    0.00   99.25
04:32:41     all    0.50    0.00    0.00    0.00    0.00    0.00    0.00    0.00    0.00   99.50
04:32:42     all    0.75    0.00    0.25    0.00    0.00    0.00    0.00    0.00    0.00   99.00
04:32:43     all    0.50    0.00    0.00    0.00    0.00    0.00    0.00    0.00    0.00   99.50
04:32:44     all    0.51    0.00    0.00    0.00    0.00    0.00    0.00    0.00    0.00   99.49
04:32:45     all    0.75    0.00    0.00    0.00    0.00    0.25    0.00    0.00    0.00   99.00
04:32:46     all    0.50    0.00    0.00    0.00    0.00    0.00    0.00    0.00    0.00   99.50
04:32:47     all    0.50    0.00    0.25    0.00    0.00    0.00    0.00    0.00    0.00   99.25
04:32:48     all    0.50    0.00    0.00    0.00    0.00    0.50    0.00    0.00    0.00   99.00
04:32:49     all    0.75    0.00    0.00    0.00    0.00    0.00    0.00    0.00    0.00   99.25
04:32:50     all    0.50    0.00    0.25    0.00    0.00    0.00    0.00    0.00    0.00   99.25
04:32:51     all    0.50    0.00    0.00    0.00    0.00    0.00    0.00    0.00    0.00   99.50
04:32:52     all    0.75    0.00    0.00    0.00    0.00    0.00    0.00    0.00    0.00   99.25
04:32:53     all    0.50    0.00    0.25    0.25    0.00    0.00    0.00    0.00    0.00   98.99
04:32:54     all    1.01    0.00    0.50    0.00    0.00    0.00    0.00    0.00    0.00   98.49
04:32:55     all    1.26    0.00    0.00    0.50    0.00    0.00    0.00    0.00    0.00   98.24
04:32:56     all    0.75    0.00    0.50    0.00    0.00    0.00    0.00    0.00    0.00   98.75
04:32:57     all    0.50    0.00    0.00    0.00    0.00    0.00    0.00    0.00    0.00   99.50
04:32:58     all    0.50    0.00    0.25    0.00    0.00    0.00    0.00    0.00    0.00   99.25
04:32:59     all    0.75    0.00    0.00    0.00    0.00    0.25    0.00    0.00    0.00   99.00
04:33:00     all    0.50    0.00    0.00    0.00    0.00    0.00    0.00    0.00    0.00   99.50
04:33:01     all    0.50    0.00    0.00    0.00    0.00    0.00    0.00    0.00    0.00   99.50
04:33:02     all    0.50    0.00    0.25    0.00    0.00    0.25    0.00    0.00    0.00   99.00
04:33:03     all    0.50    0.00    0.00    0.00    0.00    0.00    0.00    0.00    0.00   99.50
04:33:04     all    0.50    0.00    0.25    0.00    0.00    0.00    0.00    0.00    0.00   99.25
04:33:05     all    0.50    0.00    0.00    0.00    0.00    0.25    0.00    0.00    0.00   99.25
04:33:06     all    0.75    0.00    0.00    0.00    0.00    0.00    0.00    0.00    0.00   99.25
04:33:07     all    0.75    0.00    0.25    0.25    0.00    0.00    0.00    0.00    0.00   98.76
04:33:08     all    0.50    0.00    0.00    0.00    0.00    0.25    0.00    0.00    0.00   99.24
04:33:09     all    0.75    0.00    0.00    0.00    0.00    0.00    0.00    0.00    0.00   99.25
04:33:10     all    0.50    0.00    0.00    0.00    0.00    0.00    0.25    0.00    0.00   99.25
04:33:11     all    0.75    0.00    0.25    0.00    0.00    0.25    0.00    0.00    0.00   98.75
04:33:12     all    0.50    0.00    0.25    0.00    0.00    0.00    0.00    0.00    0.00   99.25
04:33:13     all    0.50    0.00    0.00    0.00    0.00    0.25    0.00    0.00    0.00   99.25
04:33:14     all    0.75    0.00    0.00    0.00    0.00    0.00    0.00    0.00    0.00   99.25
04:33:15     all    0.74    0.00    0.50    0.00    0.00    0.25    0.00    0.00    0.00   98.51
04:33:16     all    0.75    0.00    0.00    0.00    0.00    0.00    0.00    0.00    0.00   99.25
04:33:17     all    0.50    0.00    0.00    0.00    0.00    0.00    0.00    0.00    0.00   99.50
04:33:18     all    0.50    0.00    0.25    0.00    0.00    0.00    0.00    0.00    0.00   99.25
04:33:19     all    0.50    0.00    0.25    0.00    0.00    0.25    0.25    0.00    0.00   98.75
04:33:20     all    0.50    0.00    0.00    0.00    0.00    0.00    0.00    0.00    0.00   99.50
04:33:21     all    0.50    0.00    0.00    0.00    0.00    0.25    0.00    0.00    0.00   99.25
04:33:22     all    0.50    0.00    0.00    0.00    0.00    0.00    0.00    0.00    0.00   99.50
04:33:23     all    0.75    0.00    0.25    0.00    0.00    0.00    0.00    0.00    0.00   99.00
04:33:24     all    0.50    0.00    0.00    0.00    0.00    0.25    0.00    0.00    0.00   99.25
04:33:25     all    0.75    0.00    0.00    0.00    0.00    0.00    0.00    0.00    0.00   99.25
04:33:26     all    0.50    0.00    0.25    0.00    0.00    0.00    0.00    0.00    0.00   99.25
04:33:27     all    0.50    0.00    0.00    0.00    0.00    0.25    0.00    0.00    0.00   99.25
04:33:28     all    0.50    0.00    0.00    0.00    0.00    0.00    0.00    0.00    0.00   99.50
04:33:29     all    0.25    0.00    0.00    0.00    0.00    0.00    0.00    0.00    0.00   99.75
04:33:30     all    0.50    0.00    0.00    0.00    0.00    0.25    0.00    0.00    0.00   99.25
04:33:31     all    0.50    0.00    0.00    0.00    0.00    0.00    0.00    0.00    0.00   99.50
04:33:32     all    0.50    0.00    0.00    0.00    0.00    0.00    0.00    0.00    0.00   99.50
04:33:33     all    0.50    0.00    0.25    0.00    0.00    0.00    0.00    0.00    0.00   99.25
04:33:34     all    0.75    0.00    0.00    0.00    0.00    0.25    0.00    0.00    0.00   99.00
04:33:35     all    0.50    0.00    0.00    0.00    0.00    0.00    0.00    0.00    0.00   99.50
04:33:36     all    0.50    0.00    0.50    0.00    0.00    0.00    0.00    0.00    0.00   99.00
04:33:37     all    0.50    0.00    0.25    0.25    0.00    0.25    0.00    0.00    0.00   98.76
04:33:38     all    0.25    0.00    0.00    0.00    0.00    0.00    0.00    0.00    0.00   99.75
04:33:39     all    0.75    0.00    0.00    0.00    0.00    0.00    0.00    0.00    0.00   99.25
04:33:40     all    0.25    0.00    0.25    0.00    0.00    0.00    0.00    0.00    0.00   99.50
04:33:41     all    0.50    0.00    0.00    0.00    0.00    0.00    0.00    0.00    0.00   99.50
04:33:42     all    1.00    0.00    0.00    0.00    0.00    0.25    0.00    0.00    0.00   98.76
04:33:43     all    0.50    0.00    0.50    0.00    0.00    0.00    0.00    0.00    0.00   98.99
04:33:44     all    0.50    0.00    0.00    0.00    0.00    0.00    0.00    0.00    0.00   99.50
04:33:45     all    0.50    0.00    0.25    0.00    0.00    0.25    0.00    0.00    0.00   99.00
04:33:46     all    0.50    0.00    0.00    0.00    0.00    0.25    0.00    0.00    0.00   99.25
04:33:47     all    0.50    0.00    0.00    0.00    0.00    0.00    0.00    0.00    0.00   99.50
04:33:48     all    0.50    0.00    0.25    0.00    0.00    0.00    0.00    0.00    0.00   99.25
04:33:49     all    0.50    0.00    0.25    0.00    0.00    0.00    0.00    0.00    0.00   99.25
04:33:50     all    0.50    0.00    0.00    0.00    0.00    0.00    0.00    0.00    0.00   99.50
04:33:51     all    0.50    0.00    0.00    0.00    0.00    0.00    0.00    0.00    0.00   99.50
04:33:52     all    0.75    0.00    0.25    0.00    0.00    0.25    0.00    0.00    0.00   98.75
04:33:53     all    0.50    0.00    0.25    0.00    0.00    0.00    0.00    0.00    0.00   99.25
04:33:54     all    0.75    0.00    0.00    0.00    0.00    0.00    0.00    0.00    0.00   99.25
04:33:55     all    0.50    0.00    0.00    0.00    0.00    0.00    0.25    0.00    0.00   99.25
04:33:56     all    1.00    0.00    0.25    0.00    0.00    0.00    0.00    0.00    0.00   98.75
04:33:57     all    0.75    0.00    0.00    0.00    0.00    0.25    0.00    0.00    0.00   99.00
04:33:58     all    0.50    0.00    0.00    0.00    0.00    0.00    0.00    0.00    0.00   99.50
04:33:59     all    0.25    0.00    0.25    0.00    0.00    0.00    0.00    0.00    0.00   99.50
04:34:00     all    0.50    0.00    0.00    0.00    0.00    0.25    0.00    0.00    0.00   99.25
04:34:01     all    0.75    0.00    0.00    0.00    0.00    0.00    0.00    0.00    0.00   99.25
04:34:02     all    0.50    0.00    0.25    0.00    0.00    0.00    0.00    0.00    0.00   99.25
04:34:03     all    0.50    0.00    0.00    0.00    0.00    0.00    0.00    0.00    0.00   99.50
04:34:04     all    0.75    0.00    0.25    0.00    0.00    0.00    0.00    0.00    0.00   99.00
04:34:05     all    0.50    0.00    0.00    0.00    0.00    0.00    0.00    0.00    0.00   99.50
04:34:06     all    0.50    0.00    0.25    0.00    0.00    0.00    0.00    0.00    0.00   99.25
04:34:07     all    0.50    0.00    0.25    0.00    0.00    0.00    0.00    0.00    0.00   99.25
04:34:08     all    0.50    0.00    0.00    0.00    0.00    0.25    0.00    0.00    0.00   99.25
04:34:09     all    0.50    0.00    0.25    0.00    0.00    0.25    0.00    0.00    0.00   99.00
04:34:10     all    0.50    0.00    0.00    0.00    0.00    0.00    0.00    0.00    0.00   99.50
04:34:11     all    0.50    0.00    0.25    0.00    0.00    0.00    0.00    0.00    0.00   99.25
04:34:12     all    0.75    0.00    0.25    0.00    0.00    0.00    0.00    0.00    0.00   99.00
04:34:13     all    0.50    0.00    0.00    0.00    0.00    0.00    0.00    0.00    0.00   99.50
04:34:14     all    0.75    0.00    0.00    0.00    0.00    0.00    0.00    0.00    0.00   99.25
04:34:15     all    0.74    0.00    0.25    0.00    0.00    0.25    0.25    0.00    0.00   98.51
04:34:16     all    0.50    0.00    0.00    0.00    0.00    0.00    0.00    0.00    0.00   99.50
04:34:17     all    0.75    0.00    0.00    0.00    0.00    0.00    0.00    0.00    0.00   99.25
04:34:18     all    0.50    0.00    0.25    0.25    0.00    0.00    0.00    0.00    0.00   99.00
04:34:19     all    0.50    0.00    0.00    0.00    0.00    0.00    0.00    0.00    0.00   99.50
04:34:20     all    0.75    0.00    0.00    0.00    0.00    0.00    0.00    0.00    0.00   99.25
04:34:21     all    0.50    0.00    0.25    0.00    0.00    0.00    0.00    0.00    0.00   99.25
04:34:22     all    0.25    0.00    0.25    0.00    0.00    0.25    0.00    0.00    0.00   99.25
04:34:23     all    0.50    0.00    0.00    0.00    0.00    0.00    0.00    0.00    0.00   99.50
04:34:24     all    0.50    0.00    0.25    0.00    0.00    0.00    0.00    0.00    0.00   99.25
04:34:25     all    0.75    0.00    0.00    0.00    0.00    0.00    0.00    0.00    0.00   99.25
04:34:26     all    0.50    0.00    0.25    0.00    0.00    0.25    0.00    0.00    0.00   99.00
04:34:27     all    0.50    0.00    0.00    0.00    0.00    0.00    0.00    0.00    0.00   99.50
04:34:28     all    0.75    0.00    0.25    0.00    0.00    0.00    0.00    0.00    0.00   99.00
04:34:29     all    0.50    0.00    0.00    0.00    0.00    0.25    0.00    0.00    0.00   99.25
04:34:30     all    0.50    0.00    0.00    0.00    0.00    0.00    0.00    0.00    0.00   99.50
04:34:31     all    0.75    0.00    0.25    0.00    0.00    0.00    0.00    0.00    0.00   99.00
04:34:32     all    0.50    0.00    0.25    0.00    0.00    0.00    0.00    0.00    0.00   99.25
04:34:33     all    0.50    0.00    0.00    0.00    0.00    0.00    0.00    0.00    0.00   99.50
04:34:34     all    0.50    0.00    0.25    0.00    0.00    0.00    0.00    0.00    0.00   99.25
04:34:35     all    0.50    0.00    0.00    0.00    0.00    0.25    0.00    0.00    0.00   99.24
04:34:36     all    1.00    0.00    0.00    0.00    0.00    0.00    0.00    0.00    0.00   99.00
04:34:37     all    0.50    0.00    0.00    0.00    0.00    0.00    0.00    0.00    0.00   99.50
04:34:38     all    0.75    0.00    0.25    0.00    0.00    0.25    0.00    0.00    0.00   98.75
04:34:39     all    0.50    0.00    0.00    0.00    0.00    0.00    0.00    0.00    0.00   99.50
04:34:40     all    0.50    0.00    0.25    0.00    0.00    0.00    0.00    0.00    0.00   99.25
04:34:41     all    0.75    0.00    0.00    0.00    0.00    0.25    0.00    0.00    0.00   99.00
04:34:42     all    0.75    0.00    0.50    0.00    0.00    0.00    0.00    0.00    0.00   98.75
04:34:43     all    0.25    0.00    0.00    0.00    0.00    0.00    0.00    0.00    0.00   99.75
04:34:44     all    0.50    0.00    0.00    0.00    0.00    0.00    0.00    0.00    0.00   99.50
04:34:45     all    0.50    0.00    0.25    0.00    0.00    0.25    0.00    0.00    0.00   99.00
04:34:46     all    0.50    0.00    0.25    0.25    0.00    0.00    0.00    0.00    0.00   99.00
04:34:47     all    0.51    0.00    0.00    0.00    0.00    0.00    0.00    0.00    0.00   99.49
04:34:48     all    0.50    0.00    0.25    0.00    0.00    0.25    0.00    0.00    0.00   99.00
04:34:49     all    0.25    0.00    0.25    0.00    0.00    0.00    0.00    0.00    0.00   99.50
04:34:50     all    1.00    0.00    0.00    0.00    0.00    0.00    0.00    0.00    0.00   99.00
04:34:51     all    0.50    0.00    0.00    0.00    0.00    0.00    0.00    0.00    0.00   99.50
04:34:52     all    0.75    0.00    0.25    0.00    0.00    0.00    0.00    0.00    0.00   99.00
04:34:53     all    0.50    0.00    0.00    0.00    0.00    0.00    0.00    0.00    0.00   99.50
04:34:54     all    0.75    0.00    0.00    0.00    0.00    0.00    0.00    0.00    0.00   99.25
04:34:55     all    0.50    0.00    0.00    0.00    0.00    0.25    0.00    0.00    0.00   99.25
04:34:56     all    0.50    0.00    0.25    0.25    0.00    0.00    0.00    0.00    0.00   99.00
04:34:57     all    0.75    0.00    0.25    0.00    0.00    0.00    0.00    0.00    0.00   99.00
04:34:58     all    0.50    0.00    0.25    0.00    0.00    0.00    0.00    0.00    0.00   99.25
04:34:59     all    0.50    0.00    0.25    0.00    0.00    0.00    0.00    0.00    0.00   99.25
04:35:00     all    0.50    0.00    0.25    0.00    0.00    0.00    0.00    0.00    0.00   99.25
04:35:01     all    0.50    0.00    0.00    0.00    0.00    0.00    0.00    0.00    0.00   99.50
04:35:02     all    0.50    0.00    0.25    0.25    0.00    0.00    0.00    0.00    0.00   98.99
04:35:03     all    0.75    0.00    0.25    0.00    0.00    0.00    0.00    0.00    0.00   99.00
04:35:04     all    0.25    0.00    0.00    0.00    0.00    0.00    0.00    0.00    0.00   99.75
04:35:05     all    0.50    0.00    0.00    0.00    0.00    0.25    0.00    0.00    0.00   99.25
04:35:06     all    0.50    0.00    0.00    0.00    0.00    0.00    0.00    0.00    0.00   99.50
04:35:07     all    0.50    0.00    0.25    0.00    0.00    0.00    0.00    0.00    0.00   99.25
04:35:08     all    0.50    0.00    0.25    0.00    0.00    0.00    0.00    0.00    0.00   99.25
04:35:09     all    0.50    0.00    0.00    0.00    0.00    0.00    0.00    0.00    0.00   99.50
04:35:10     all    0.75    0.00    0.25    0.00    0.00    0.00    0.00    0.00    0.00   99.00
04:35:11     all    0.50    0.00    0.00    0.00    0.00    0.00    0.00    0.00    0.00   99.50
04:35:12     all    0.50    0.00    0.00    0.00    0.00    0.00    0.00    0.00    0.00   99.50
04:35:13     all    0.50    0.00    0.25    0.00    0.00    0.50    0.00    0.00    0.00   98.75
04:35:14     all    1.00    0.00    0.00    0.00    0.00    0.00    0.25    0.00    0.00   98.75
04:35:15     all    0.25    0.00    0.25    0.00    0.00    0.00    0.00    0.00    0.00   99.50
04:35:16     all    0.75    0.00    0.00    0.00    0.00    0.00    0.00    0.00    0.00   99.25
04:35:17     all    0.50    0.00    0.00    0.00    0.00    0.00    0.00    0.00    0.00   99.50
04:35:18     all    0.50    0.00    0.25    0.00    0.00    0.00    0.00    0.00    0.00   99.25
04:35:19     all    0.75    0.00    0.00    0.00    0.00    0.00    0.00    0.00    0.00   99.25
04:35:20     all    0.50    0.00    0.00    0.00    0.00    0.00    0.00    0.00    0.00   99.50
04:35:21     all    0.25    0.00    0.00    0.00    0.00    0.00    0.00    0.00    0.00   99.75
04:35:22     all    0.50    0.00    0.00    0.00    0.00    0.25    0.00    0.00    0.00   99.25
04:35:23     all    0.50    0.00    0.25    0.00    0.00    0.00    0.00    0.00    0.00   99.25
04:35:24     all    0.75    0.00    0.00    0.25    0.00    0.00    0.00    0.00    0.00   99.00
04:35:25     all    0.75    0.00    0.25    0.00    0.00    0.00    0.00    0.00    0.00   99.00
04:35:26     all    0.50    0.00    0.25    0.00    0.00    0.00    0.00    0.00    0.00   99.25
04:35:27     all    0.50    0.00    0.00    0.00    0.00    0.00    0.00    0.00    0.00   99.50
04:35:28     all    0.75    0.00    0.00    0.00    0.00    0.00    0.00    0.00    0.00   99.25
04:35:29     all    0.50    0.00    0.00    0.00    0.00    0.00    0.00    0.00    0.00   99.50
04:35:30     all    0.50    0.00    0.25    0.00    0.00    0.25    0.00    0.00    0.00   99.00
04:35:31     all    0.75    0.00    0.00    0.00    0.00    0.00    0.00    0.00    0.00   99.25
04:35:32     all    0.25    0.00    0.00    0.00    0.00    0.00    0.00    0.00    0.00   99.75
04:35:33     all    0.50    0.00    0.25    0.00    0.00    0.00    0.00    0.00    0.00   99.25
04:35:34     all    0.50    0.00    0.25    0.00    0.00    0.00    0.00    0.00    0.00   99.25
04:35:35     all    0.50    0.00    0.00    0.00    0.00    0.00    0.00    0.00    0.00   99.50
04:35:36     all    0.50    0.00    0.50    0.00    0.00    0.00    0.00    0.00    0.00   99.00
04:35:37     all    0.75    0.00    0.25    0.00    0.00    0.00    0.00    0.00    0.00   99.00
04:35:38     all    0.75    0.00    0.00    0.00    0.00    0.00    0.00    0.00    0.00   99.25
04:35:39     all    0.50    0.00    0.00    0.00    0.00    0.25    0.25    0.00    0.00   99.00
04:35:40     all    0.50    0.00    0.25    0.00    0.00    0.25    0.00    0.00    0.00   99.00
04:35:41     all    0.50    0.00    0.00    0.00    0.00    0.00    0.00    0.00    0.00   99.50
04:35:42     all    0.75    0.00    0.00    0.00    0.00    0.00    0.00    0.00    0.00   99.25
04:35:43     all    0.50    0.00    0.00    0.00    0.00    0.00    0.25    0.00    0.00   99.25
04:35:44     all    0.50    0.00    0.25    0.00    0.00    0.00    0.00    0.00    0.00   99.25
04:35:45     all    0.50    0.00    0.00    0.00    0.00    0.00    0.00    0.00    0.00   99.50
04:35:46     all    0.50    0.00    0.00    0.00    0.00    0.25    0.00    0.00    0.00   99.25
04:35:47     all    0.50    0.00    0.50    0.00    0.00    0.00    0.00    0.00    0.00   99.00
04:35:48     all    0.75    0.00    0.25    0.00    0.00    0.00    0.00    0.00    0.00   99.00
04:35:49     all    0.75    0.00    0.00    0.00    0.00    0.00    0.00    0.00    0.00   99.25
04:35:50     all    0.25    0.00    0.25    0.00    0.00    0.00    0.00    0.00    0.00   99.50
04:35:51     all    0.75    0.00    0.00    0.00    0.00    0.25    0.00    0.00    0.00   99.00
04:35:52     all    0.50    0.00    0.00    0.00    0.00    0.00    0.00    0.00    0.00   99.50
04:35:53     all    0.50    0.00    0.25    0.00    0.00    0.00    0.00    0.00    0.00   99.25
04:35:54     all    0.50    0.00    0.00    0.00    0.00    0.00    0.00    0.00    0.00   99.50
04:35:55     all    0.50    0.00    0.25    0.00    0.00    0.00    0.00    0.00    0.00   99.25
04:35:56     all    0.75    0.00    0.00    0.00    0.00    0.00    0.00    0.00    0.00   99.25
04:35:57     all    0.50    0.00    0.25    0.00    0.00    0.00    0.00    0.00    0.00   99.25
04:35:58     all    0.50    0.00    0.00    0.00    0.00    0.00    0.00    0.00    0.00   99.50
04:35:59     all    0.50    0.00    0.00    0.00    0.00    0.25    0.00    0.00    0.00   99.25
04:36:00     all    0.50    0.00    0.25    0.00    0.00    0.00    0.00    0.00    0.00   99.25
04:36:01     all    0.75    0.00    0.00    0.00    0.00    0.00    0.00    0.00    0.00   99.25
04:36:02     all    0.50    0.00    0.00    0.00    0.00    0.00    0.00    0.00    0.00   99.50
04:36:03     all    0.99    0.00    0.25    0.00    0.00    0.50    0.00    0.00    0.00   98.26
04:36:04     all    0.25    0.00    0.25    0.25    0.00    0.00    0.00    0.00    0.00   99.25
04:36:05     all    0.50    0.00    0.00    0.00    0.00    0.00    0.00    0.00    0.00   99.50
04:36:06     all    0.75    0.00    0.00    0.00    0.00    0.00    0.00    0.00    0.00   99.25
04:36:07     all    0.50    0.00    0.00    0.00    0.00    0.00    0.00    0.00    0.00   99.50
04:36:08     all    0.50    0.00    0.25    0.00    0.00    0.00    0.00    0.00    0.00   99.25
04:36:09     all    0.75    0.00    0.00    0.00    0.00    0.25    0.00    0.00    0.00   99.00
04:36:10     all    0.75    0.00    0.00    0.00    0.00    0.00    0.00    0.00    0.00   99.25
04:36:11     all    0.50    0.00    0.25    0.00    0.00    0.00    0.00    0.00    0.00   99.25
04:36:12     all    0.75    0.00    0.00    0.00    0.00    0.00    0.00    0.00    0.00   99.25
04:36:13     all    0.25    0.00    0.00    0.00    0.00    0.00    0.00    0.00    0.00   99.75
04:36:14     all    0.75    0.00    0.75    0.00    0.00    0.00    0.00    0.00    0.00   98.50
04:36:15     all    0.50    0.00    0.00    0.00    0.00    0.00    0.00    0.00    0.00   99.50
04:36:16     all    0.75    0.00    0.00    0.00    0.00    0.00    0.00    0.00    0.00   99.25
04:36:17     all    0.50    0.00    0.25    0.00    0.00    0.00    0.00    0.00    0.00   99.25
04:36:18     all    0.75    0.00    0.00    0.00    0.00    0.00    0.00    0.00    0.00   99.25
04:36:19     all    0.75    0.00    0.00    0.00    0.00    0.25    0.00    0.00    0.00   99.00
04:36:20     all    0.50    0.00    0.25    0.00    0.00    0.00    0.00    0.00    0.00   99.25
04:36:21     all    0.25    0.00    0.25    0.00    0.00    0.00    0.00    0.00    0.00   99.50
04:36:22     all    0.50    0.00    0.00    0.00    0.00    0.25    0.00    0.00    0.00   99.25
04:36:23     all    1.00    0.00    0.00    0.00    0.00    0.00    0.00    0.00    0.00   99.00
04:36:24     all    0.50    0.00    0.25    0.00    0.00    0.00    0.00    0.00    0.00   99.25
04:36:25     all    0.50    0.00    0.00    0.00    0.00    0.00    0.00    0.00    0.00   99.50
04:36:26     all    0.50    0.00    0.25    0.00    0.00    0.00    0.00    0.00    0.00   99.25
04:36:27     all    0.50    0.00    0.00    0.00    0.00    0.25    0.00    0.00    0.00   99.25
04:36:28     all    0.75    0.00    0.25    0.00    0.00    0.00    0.00    0.00    0.00   99.00
04:36:29     all    0.25    0.00    0.00    0.00    0.00    0.00    0.00    0.00    0.00   99.75
04:36:30     all    0.25    0.00    0.00    0.00    0.00    0.00    0.00    0.00    0.00   99.75
04:36:31     all    0.50    0.00    0.50    0.00    0.00    0.00    0.00    0.00    0.00   99.00
04:36:32     all    0.75    0.00    0.00    0.00    0.00    0.00    0.00    0.00    0.00   99.25
04:36:33     all    1.00    0.00    0.00    0.00    0.00    0.00    0.00    0.00    0.00   99.00
04:36:34     all    0.25    0.00    0.00    0.00    0.00    0.00    0.00    0.00    0.00   99.75
04:36:35     all    0.50    0.00    0.25    0.00    0.00    0.25    0.00    0.00    0.00   99.00
04:36:36     all    0.25    0.00    0.00    0.00    0.00    0.00    0.00    0.00    0.00   99.75
04:36:37     all    0.75    0.00    0.00    0.00    0.00    0.00    0.00    0.00    0.00   99.25
04:36:38     all    0.50    0.00    0.00    0.00    0.00    0.00    0.00    0.00    0.00   99.50
04:36:39     all    0.50    0.00    0.25    0.00    0.00    0.00    0.00    0.00    0.00   99.25
04:36:40     all    0.50    0.00    0.00    0.00    0.00    0.00    0.00    0.00    0.00   99.50
04:36:41     all    0.75    0.00    0.25    0.00    0.00    0.00    0.00    0.00    0.00   99.00
04:36:42     all    0.50    0.00    0.00    0.00    0.00    0.50    0.00    0.00    0.00   99.00
04:36:43     all    0.25    0.00    0.25    0.25    0.00    0.00    0.00    0.00    0.00   99.25
04:36:44     all    0.75    0.00    0.00    0.00    0.00    0.00    0.00    0.00    0.00   99.25
04:36:45     all    0.50    0.00    0.00    0.00    0.00    0.00    0.00    0.00    0.00   99.50
04:36:46     all    0.50    0.00    0.00    0.00    0.00    0.00    0.00    0.00    0.00   99.50
04:36:47     all    0.75    0.00    0.25    0.00    0.00    0.00    0.00    0.00    0.00   99.00
04:36:48     all    0.50    0.00    0.00    0.00    0.00    0.25    0.00    0.00    0.00   99.25
04:36:49     all    1.00    0.00    0.00    0.00    0.00    0.00    0.00    0.00    0.00   99.00
04:36:50     all    0.50    0.00    0.25    0.00    0.00    0.00    0.00    0.00    0.00   99.25
04:36:51     all    0.50    0.00    0.00    0.00    0.00    0.00    0.00    0.00    0.00   99.50
04:36:52     all    0.50    0.00    0.00    0.00    0.00    0.00    0.00    0.00    0.00   99.50
04:36:53     all    0.75    0.00    0.25    0.00    0.00    0.00    0.00    0.00    0.00   99.00
04:36:54     all    0.50    0.00    0.00    0.00    0.00    0.00    0.00    0.00    0.00   99.50
04:36:55     all    0.50    0.00    0.50    0.00    0.00    0.25    0.00    0.00    0.00   98.75
04:36:56     all    0.50    0.00    0.00    0.00    0.00    0.00    0.25    0.00    0.00   99.25
04:36:57     all    0.50    0.00    0.00    0.00    0.00    0.00    0.00    0.00    0.00   99.50
04:36:58     all    0.75    0.00    0.25    0.00    0.00    0.00    0.00    0.00    0.00   99.00
04:36:59     all    0.50    0.00    0.00    0.00    0.00    0.25    0.00    0.00    0.00   99.25
04:37:00     all    0.75    0.00    0.00    0.00    0.00    0.00    0.00    0.00    0.00   99.25
04:37:01     all    0.50    0.00    0.25    0.00    0.00    0.00    0.00    0.00    0.00   99.25
04:37:02     all    0.50    0.00    0.00    0.00    0.00    0.00    0.00    0.00    0.00   99.50
04:37:03     all    0.50    0.00    0.00    0.00    0.00    0.25    0.00    0.00    0.00   99.25
04:37:04     all    0.75    0.00    0.00    0.00    0.00    0.25    0.00    0.00    0.00   99.00
04:37:05     all    0.50    0.00    0.25    0.00    0.00    0.00    0.00    0.00    0.00   99.25
04:37:06     all    0.50    0.00    0.00    0.00    0.00    0.00    0.00    0.00    0.00   99.50
04:37:07     all    0.51    0.00    0.00    0.00    0.00    0.00    0.00    0.00    0.00   99.49
04:37:08     all    0.50    0.00    0.25    0.00    0.00    0.25    0.00    0.00    0.00   99.00
04:37:09     all    0.50    0.00    0.00    0.00    0.00    0.00    0.00    0.00    0.00   99.50
04:37:10     all    0.50    0.00    0.00    0.00    0.00    0.00    0.00    0.00    0.00   99.50
04:37:11     all    0.50    0.00    0.25    0.00    0.00    0.00    0.00    0.00    0.00   99.25
04:37:12     all    0.25    0.00    0.25    0.00    0.00    0.00    0.00    0.00    0.00   99.50
04:37:13     all    1.00    0.00    0.00    0.00    0.00    0.00    0.00    0.00    0.00   99.00
04:37:14     all    0.50    0.00    0.25    0.00    0.00    0.00    0.00    0.00    0.00   99.25
04:37:15     all    0.50    0.00    0.00    0.00    0.00    0.00    0.00    0.00    0.00   99.50
04:37:16     all    0.75    0.00    0.00    0.00    0.00    0.00    0.00    0.00    0.00   99.25
04:37:17     all    0.50    0.00    0.00    0.00    0.00    0.25    0.00    0.00    0.00   99.25
04:37:18     all    0.75    0.00    0.50    0.00    0.00    0.00    0.00    0.00    0.00   98.75
04:37:19     all    0.75    0.00    0.00    0.00    0.00    0.00    0.00    0.00    0.00   99.25
04:37:20     all    0.50    0.00    0.25    0.00    0.00    0.00    0.00    0.00    0.00   99.25
04:37:21     all    0.50    0.00    0.00    0.00    0.00    0.00    0.00    0.00    0.00   99.50
04:37:22     all    0.75    0.00    0.25    0.00    0.00    0.00    0.00    0.00    0.00   99.00
04:37:23     all    1.00    0.00    0.00    0.00    0.00    0.00    0.00    0.00    0.00   99.00
04:37:24     all    0.50    0.00    0.00    0.50    0.00    0.00    0.00    0.00    0.00   98.99
04:37:25     all    0.75    0.00    0.25    0.00    0.00    0.00    0.00    0.00    0.00   99.00
04:37:26     all    0.50    0.00    0.00    0.00    0.00    0.00    0.00    0.00    0.00   99.50
04:37:27     all    1.00    0.00    0.00    0.00    0.00    0.00    0.00    0.00    0.00   99.00
04:37:28     all    0.50    0.00    0.25    0.00    0.00    0.25    0.00    0.00    0.00   99.00
04:37:29     all    0.75    0.00    0.00    0.00    0.00    0.00    0.00    0.00    0.00   99.25
04:37:30     all    0.75    0.00    0.00    0.00    0.00    0.00    0.00    0.00    0.00   99.25
04:37:31     all    0.50    0.00    0.25    0.00    0.00    0.00    0.00    0.00    0.00   99.25
04:37:32     all    0.75    0.00    0.25    0.00    0.00    0.00    0.00    0.00    0.00   99.00
04:37:33     all    0.50    0.00    0.00    0.00    0.00    0.00    0.00    0.00    0.00   99.50
04:37:34     all    1.00    0.00    0.00    0.00    0.00    0.00    0.00    0.00    0.00   99.00
04:37:35     all    0.50    0.00    0.25    0.00    0.00    0.00    0.00    0.00    0.00   99.25
04:37:36     all    0.75    0.00    0.00    0.00    0.00    0.00    0.00    0.00    0.00   99.25
04:37:37     all    0.75    0.00    0.00    0.00    0.00    0.00    0.00    0.00    0.00   99.25
04:37:38     all    0.50    0.00    0.00    0.00    0.00    0.00    0.00    0.00    0.00   99.50
04:37:39     all    0.75    0.00    0.25    0.00    0.00    0.00    0.00    0.00    0.00   99.00
04:37:40     all    0.75    0.00    0.00    0.00    0.00    0.25    0.00    0.00    0.00   99.00
04:37:41     all    0.75    0.00    0.00    0.00    0.00    0.00    0.00    0.00    0.00   99.25
04:37:42     all    0.50    0.00    0.00    0.00    0.00    0.00    0.00    0.00    0.00   99.50
04:37:43     all    0.50    0.00    0.00    0.00    0.00    0.00    0.00    0.00    0.00   99.50
04:37:44     all    0.50    0.00    0.25    0.00    0.00    0.00    0.00    0.00    0.00   99.25
04:37:45     all    0.75    0.00    0.00    0.00    0.00    0.00    0.00    0.00    0.00   99.25
04:37:46     all    0.50    0.00    0.00    0.00    0.00    0.00    0.00    0.00    0.00   99.50
04:37:47     all    0.50    0.00    0.25    0.00    0.00    0.00    0.00    0.00    0.00   99.25
04:37:48     all    0.75    0.00    0.00    0.00    0.00    0.00    0.25    0.00    0.00   99.00
04:37:49     all    0.75    0.00    0.25    0.00    0.00    0.00    0.00    0.00    0.00   99.00
04:37:50     all    0.75    0.00    0.00    0.00    0.00    0.00    0.00    0.00    0.00   99.25
04:37:51     all    0.75    0.00    0.50    0.00    0.00    0.00    0.00    0.00    0.00   98.75
04:37:52     all    0.50    0.00    0.00    0.00    0.00    0.25    0.00    0.00    0.00   99.24
04:37:53     all    0.75    0.00    0.25    0.00    0.00    0.00    0.00    0.00    0.00   99.00
04:37:54     all    0.75    0.00    0.00    0.00    0.00    0.00    0.00    0.00    0.00   99.25
04:37:55     all    1.00    0.00    0.00    0.00    0.00    0.00    0.00    0.00    0.00   99.00
04:37:56     all    0.50    0.00    0.25    0.00    0.00    0.00    0.00    0.00    0.00   99.25
04:37:57     all    0.75    0.00    0.00    0.25    0.00    0.00    0.00    0.00    0.00   99.00
04:37:58     all    0.75    0.00    0.25    0.00    0.00    0.25    0.00    0.00    0.00   98.75
04:37:59     all    0.50    0.00    0.00    0.00    0.00    0.00    0.00    0.00    0.00   99.50
04:38:00     all    0.75    0.00    0.00    0.00    0.00    0.00    0.00    0.00    0.00   99.25
04:38:01     all    0.25    0.00    0.25    0.00    0.00    0.00    0.00    0.00    0.00   99.50
04:38:02     all    0.75    0.00    0.00    0.00    0.00    0.00    0.00    0.00    0.00   99.25
04:38:03     all    0.51    0.00    0.00    0.00    0.00    0.00    0.00    0.00    0.00   99.49
04:38:04     all    0.75    0.00    0.25    0.00    0.00    0.00    0.00    0.00    0.00   99.00
04:38:05     all    0.75    0.00    0.25    0.00    0.00    0.00    0.00    0.00    0.00   99.00
04:38:06     all    0.00    0.00    0.00    0.00    0.00    0.00    0.00    0.00    0.00  100.00
04:38:07     all    0.75    0.00    0.50    0.00    0.00    0.00    0.00    0.00    0.00   98.75
04:38:08     all    0.75    0.00    0.00    0.00    0.00    0.00    0.00    0.00    0.00   99.25
04:38:09     all    0.75    0.00    0.25    0.00    0.00    0.00    0.00    0.00    0.00   99.00
04:38:10     all    0.75    0.00    0.00    0.00    0.00    0.00    0.00    0.00    0.00   99.25
04:38:11     all    0.50    0.00    0.25    0.00    0.00    0.00    0.25    0.00    0.00   99.00
04:38:12     all    0.75    0.00    0.00    0.00    0.00    0.00    0.00    0.00    0.00   99.25
04:38:13     all    0.50    0.00    0.00    0.00    0.00    0.00    0.00    0.00    0.00   99.50
04:38:14     all    0.75    0.00    0.25    0.00    0.00    0.25    0.00    0.00    0.00   98.75
04:38:15     all    0.50    0.00    0.00    0.00    0.00    0.00    0.00    0.00    0.00   99.50
04:38:16     all    0.75    0.00    0.25    0.00    0.00    0.00    0.00    0.00    0.00   99.00
04:38:17     all    0.75    0.00    0.25    0.00    0.00    0.00    0.00    0.00    0.00   98.99
04:38:18     all    0.75    0.00    0.00    0.00    0.00    0.00    0.00    0.00    0.00   99.25
04:38:19     all    0.50    0.00    0.25    0.00    0.00    0.00    0.00    0.00    0.00   99.25
04:38:20     all    0.50    0.00    0.00    0.00    0.00    0.00    0.00    0.00    0.00   99.50
04:38:21     all    0.50    0.00    0.25    0.00    0.00    0.00    0.00    0.00    0.00   99.25
04:38:22     all    1.00    0.00    0.00    0.00    0.00    0.25    0.00    0.00    0.00   98.75
04:38:23     all    0.75    0.00    0.00    0.00    0.00    0.00    0.00    0.00    0.00   99.25
04:38:24     all    0.50    0.00    0.00    0.00    0.00    0.00    0.00    0.00    0.00   99.50
04:38:25     all    0.75    0.00    0.25    0.00    0.00    0.00    0.00    0.00    0.00   99.00
04:38:26     all    0.50    0.00    0.50    0.00    0.00    0.25    0.00    0.00    0.00   98.75
04:38:27     all    0.50    0.00    0.00    0.00    0.00    0.00    0.00    0.00    0.00   99.50
04:38:28     all    0.75    0.00    0.00    0.00    0.00    0.00    0.00    0.00    0.00   99.25
04:38:29     all    0.50    0.00    0.00    0.00    0.00    0.00    0.00    0.00    0.00   99.50
04:38:30     all    0.50    0.00    0.25    0.00    0.00    0.00    0.00    0.00    0.00   99.25
04:38:31     all    0.75    0.00    0.00    0.00    0.00    0.00    0.00    0.00    0.00   99.25
04:38:32     all    0.51    0.00    0.00    0.00    0.00    0.00    0.00    0.00    0.00   99.49
04:38:33     all    0.75    0.00    0.25    0.00    0.00    0.00    0.00    0.00    0.00   99.00
04:38:34     all    0.50    0.00    0.00    0.00    0.00    0.25    0.00    0.00    0.00   99.25
04:38:35     all    0.50    0.00    0.00    0.00    0.00    0.25    0.00    0.00    0.00   99.25
04:38:36     all    1.00    0.00    0.25    0.00    0.00    0.00    0.00    0.00    0.00   98.75
04:38:37     all    0.50    0.00    0.00    0.00    0.00    0.00    0.00    0.00    0.00   99.50
04:38:38     all    0.50    0.00    0.25    0.00    0.00    0.00    0.00    0.00    0.00   99.25
04:38:39     all    0.75    0.00    0.00    0.00    0.00    0.00    0.00    0.00    0.00   99.25
04:38:40     all    0.75    0.00    0.25    0.00    0.00    0.00    0.00    0.00    0.00   99.00
04:38:41     all    0.75    0.00    0.25    0.25    0.00    0.00    0.00    0.00    0.00   98.75
04:38:42     all    0.50    0.00    0.25    0.00    0.00    0.00    0.00    0.00    0.00   99.25
04:38:43     all    0.75    0.00    0.00    0.00    0.00    0.00    0.00    0.00    0.00   99.25
04:38:44     all    0.75    0.00    0.00    0.00    0.00    0.00    0.00    0.00    0.00   99.25
04:38:45     all    0.75    0.00    0.25    0.00    0.00    0.00    0.00    0.00    0.00   99.00
04:38:46     all    0.25    0.00    0.00    0.00    0.00    0.00    0.00    0.00    0.00   99.75
04:38:47     all    0.75    0.00    0.00    0.00    0.00    0.00    0.00    0.00    0.00   99.25
04:38:48     all    1.00    0.00    0.00    0.00    0.00    0.25    0.00    0.00    0.00   98.75
04:38:49     all    0.50    0.00    0.50    0.00    0.00    0.25    0.00    0.00    0.00   98.75
04:38:50     all    0.75    0.00    0.25    0.00    0.00    0.00    0.00    0.00    0.00   99.00
04:38:51     all    0.75    0.00    0.00    0.00    0.00    0.00    0.00    0.00    0.00   99.25
04:38:52     all    0.50    0.00    0.00    0.00    0.00    0.00    0.00    0.00    0.00   99.50
04:38:53     all    0.75    0.00    0.25    0.00    0.00    0.00    0.00    0.00    0.00   99.00
04:38:54     all    0.50    0.00    0.00    0.00    0.00    0.25    0.00    0.00    0.00   99.25
04:38:55     all    0.75    0.00    0.25    0.00    0.00    0.00    0.00    0.00    0.00   99.00
04:38:56     all    0.75    0.00    0.00    0.00    0.00    0.00    0.00    0.00    0.00   99.25
04:38:57     all    0.75    0.00    0.00    0.00    0.00    0.00    0.00    0.00    0.00   99.25
04:38:58     all    0.75    0.00    0.00    0.00    0.00    0.00    0.00    0.00    0.00   99.25
04:38:59     all    0.50    0.00    0.25    0.00    0.00    0.25    0.00    0.00    0.00   99.00
04:39:00     all    0.50    0.00    0.00    0.00    0.00    0.25    0.00    0.00    0.00   99.25
04:39:01     all    0.75    0.00    0.00    0.00    0.00    0.25    0.00    0.00    0.00   99.00
04:39:02     all    0.50    0.00    0.25    0.00    0.00    0.25    0.00    0.00    0.00   99.00
04:39:03     all    0.50    0.00    0.00    0.00    0.00    0.00    0.00    0.00    0.00   99.50
04:39:04     all    0.75    0.00    0.00    0.00    0.00    0.00    0.00    0.00    0.00   99.25
04:39:05     all    0.75    0.00    0.25    0.00    0.00    0.00    0.00    0.00    0.00   99.00
04:39:06     all    0.75    0.00    0.00    0.00    0.00    0.00    0.00    0.00    0.00   99.25
04:39:07     all    0.50    0.00    0.50    0.00    0.00    0.25    0.00    0.00    0.00   98.75
04:39:08     all    0.50    0.00    0.00    0.00    0.00    0.00    0.00    0.00    0.00   99.50
04:39:09     all    0.50    0.00    0.00    0.00    0.00    0.00    0.00    0.00    0.00   99.50
04:39:10     all    0.75    0.00    0.00    0.00    0.00    0.00    0.00    0.00    0.00   99.25
04:39:11     all    0.75    0.00    0.50    0.00    0.00    0.00    0.00    0.00    0.00   98.76
04:39:12     all    0.75    0.00    0.00    0.00    0.00    0.25    0.00    0.00    0.00   99.00
04:39:13     all    0.50    0.00    0.00    0.00    0.00    0.00    0.00    0.00    0.00   99.50
04:39:14     all    0.75    0.00    0.25    0.00    0.00    0.25    0.00    0.00    0.00   98.75
04:39:15     all    0.75    0.00    0.00    0.00    0.00    0.00    0.25    0.00    0.00   99.00
04:39:16     all    0.50    0.00    0.25    0.00    0.00    0.00    0.00    0.00    0.00   99.25
04:39:17     all    0.75    0.00    0.00    0.00    0.00    0.25    0.00    0.00    0.00   99.00
04:39:18     all    1.00    0.00    0.00    0.00    0.00    0.00    0.00    0.00    0.00   99.00
04:39:19     all    0.75    0.00    0.25    0.25    0.00    0.00    0.25    0.00    0.00   98.50
04:39:20     all    0.75    0.00    0.00    0.00    0.00    0.00    0.00    0.00    0.00   99.25
04:39:21     all    0.50    0.00    0.00    0.00    0.00    0.25    0.00    0.00    0.00   99.25
04:39:22     all    0.75    0.00    0.50    0.00    0.00    0.00    0.00    0.00    0.00   98.75
04:39:23     all    0.75    0.00    0.00    0.00    0.00    0.00    0.00    0.00    0.00   99.25
04:39:24     all    0.50    0.00    0.00    0.00    0.00    0.00    0.00    0.00    0.00   99.50
04:39:25     all    0.75    0.00    0.25    0.00    0.00    0.25    0.00    0.00    0.00   98.75
04:39:26     all    0.50    0.00    0.00    0.00    0.00    0.00    0.00    0.00    0.00   99.50
04:39:27     all    0.75    0.00    0.00    0.00    0.00    0.25    0.00    0.00    0.00   99.00
04:39:28     all    0.50    0.00    0.25    0.00    0.00    0.00    0.00    0.00    0.00   99.25
04:39:29     all    0.75    0.00    0.00    0.00    0.00    0.00    0.00    0.00    0.00   99.25
04:39:30     all    0.00    0.00    0.00    0.00    0.00    0.00    0.00    0.00    0.00  100.00
04:39:31     all    0.50    0.00    0.00    0.00    0.00    0.25    0.00    0.00    0.00   99.25
04:39:32     all    0.75    0.00    0.25    0.00    0.00    0.00    0.00    0.00    0.00   99.00
04:39:33     all    0.75    0.00    0.00    0.00    0.00    0.00    0.00    0.00    0.00   99.25
04:39:34     all    0.75    0.00    0.00    0.00    0.00    0.25    0.00    0.00    0.00   99.00
04:39:35     all    0.25    0.00    0.00    0.00    0.00    0.00    0.00    0.00    0.00   99.75
04:39:36     all    0.50    0.00    0.00    0.00    0.00    0.00    0.00    0.00    0.00   99.50
04:39:37     all    0.75    0.00    0.25    0.00    0.00    0.00    0.00    0.00    0.00   99.00
04:39:38     all    0.50    0.00    0.00    0.00    0.00    0.25    0.00    0.00    0.00   99.25
04:39:39     all    0.50    0.00    0.00    0.00    0.00    0.00    0.00    0.00    0.00   99.50
04:39:40     all    0.75    0.00    0.00    0.00    0.00    0.25    0.00    0.00    0.00   99.00
04:39:41     all    0.25    0.00    0.25    0.00    0.00    0.00    0.00    0.00    0.00   99.50
04:39:42     all    1.00    0.00    0.00    0.00    0.00    0.00    0.00    0.00    0.00   99.00
04:39:43     all    0.50    0.00    0.00    0.00    0.00    0.25    0.00    0.00    0.00   99.25
04:39:44     all    0.75    0.00    0.25    0.00    0.00    0.00    0.00    0.00    0.00   99.00
04:39:45     all    0.50    0.00    0.25    0.00    0.00    0.00    0.00    0.00    0.00   99.25
04:39:46     all    0.75    0.00    0.00    0.00    0.00    0.00    0.00    0.00    0.00   99.25
04:39:47     all    0.75    0.00    0.00    0.00    0.00    0.00    0.00    0.00    0.00   99.25
04:39:48     all    0.50    0.00    0.00    0.00    0.00    0.25    0.00    0.00    0.00   99.25
04:39:49     all    0.75    0.00    0.25    0.00    0.00    0.00    0.00    0.00    0.00   99.00
04:39:50     all    0.50    0.00    0.00    0.00    0.00    0.00    0.00    0.00    0.00   99.50
04:39:51     all    0.75    0.00    0.00    0.00    0.00    0.00    0.00    0.00    0.00   99.25
04:39:52     all    0.75    0.00    0.25    0.00    0.00    0.00    0.00    0.00    0.00   99.00
04:39:53     all    0.75    0.00    0.00    0.00    0.00    0.25    0.00    0.00    0.00   99.00
04:39:54     all    0.50    0.00    0.25    0.25    0.00    0.00    0.00    0.00    0.00   99.00
04:39:55     all    0.75    0.00    0.00    0.00    0.00    0.00    0.00    0.00    0.00   99.25
04:39:56     all    0.50    0.00    0.00    0.00    0.00    0.00    0.00    0.00    0.00   99.50
04:39:57     all    0.50    0.00    0.25    0.00    0.00    0.00    0.00    0.00    0.00   99.25
04:39:58     all    0.75    0.00    0.00    0.00    0.00    0.00    0.00    0.00    0.00   99.25
04:39:59     all    0.50    0.00    0.00    0.00    0.00    0.00    0.00    0.00    0.00   99.50
04:40:00     all    0.50    0.00    0.25    0.00    0.00    0.00    0.00    0.00    0.00   99.24
04:40:01     all    0.50    0.00    0.00    0.00    0.00    0.25    0.00    0.00    0.00   99.25
04:40:02     all    1.00    0.00    0.25    0.00    0.00    0.00    0.00    0.00    0.00   98.75
04:40:03     all    0.50    0.00    0.25    0.00    0.00    0.00    0.00    0.00    0.00   99.25
04:40:04     all    0.75    0.00    0.00    0.00    0.00    0.00    0.00    0.00    0.00   99.25
04:40:05     all    0.50    0.00    0.00    0.00    0.00    0.25    0.00    0.00    0.00   99.25
04:40:06     all    0.75    0.00    0.25    0.00    0.00    0.00    0.00    0.00    0.00   99.00
04:40:07     all    0.50    0.00    0.25    0.00    0.00    0.00    0.00    0.00    0.00   99.25
04:40:08     all    0.75    0.00    0.25    0.00    0.00    0.00    0.00    0.00    0.00   99.00
04:40:09     all    0.50    0.00    0.00    0.00    0.00    0.00    0.00    0.00    0.00   99.50
04:40:10     all    0.50    0.00    0.00    0.00    0.00    0.00    0.00    0.00    0.00   99.50
04:40:11     all    0.75    0.00    0.25    0.00    0.00    0.00    0.00    0.00    0.00   99.00
04:40:12     all    0.50    0.00    0.00    0.00    0.00    0.00    0.25    0.00    0.00   99.25
04:40:13     all    0.50    0.00    0.00    0.00    0.00    0.00    0.00    0.00    0.00   99.50
04:40:14     all    0.50    0.00    0.25    0.00    0.00    0.00    0.00    0.00    0.00   99.25
04:40:15     all    0.75    0.00    0.00    0.00    0.00    0.00    0.00    0.00    0.00   99.25
04:40:16     all    0.50    0.00    0.25    0.00    0.00    0.00    0.00    0.00    0.00   99.25
04:40:17     all    0.75    0.00    0.25    0.00    0.00    0.25    0.00    0.00    0.00   98.75
04:40:18     all    0.75    0.00    0.00    0.00    0.00    0.00    0.25    0.00    0.00   98.99
04:40:19     all    0.50    0.00    0.00    0.00    0.00    0.00    0.00    0.00    0.00   99.50
04:40:20     all    0.75    0.00    0.25    0.00    0.00    0.00    0.00    0.00    0.00   99.00
04:40:21     all    0.75    0.00    0.00    0.00    0.00    0.00    0.00    0.00    0.00   99.25
04:40:22     all    0.75    0.00    0.25    0.00    0.00    0.00    0.00    0.00    0.00   99.00
04:40:23     all    0.25    0.00    0.00    0.00    0.00    0.00    0.00    0.00    0.00   99.75
04:40:24     all    0.75    0.00    0.75    0.25    0.00    0.00    0.00    0.00    0.00   98.25
04:40:25     all    0.50    0.00    0.00    0.00    0.00    0.00    0.00    0.00    0.00   99.50
04:40:26     all    0.50    0.00    0.00    0.00    0.00    0.25    0.00    0.00    0.00   99.25
04:40:27     all    1.00    0.00    0.25    0.00    0.00    0.00    0.00    0.00    0.00   98.75
04:40:28     all    0.50    0.00    0.00    0.00    0.00    0.00    0.00    0.00    0.00   99.50
04:40:29     all    0.75    0.00    0.25    0.25    0.00    0.00    0.25    0.00    0.00   98.50
04:40:30     all    0.50    0.00    0.00    0.00    0.00    0.00    0.00    0.00    0.00   99.50
04:40:31     all    0.76    0.00    0.00    0.00    0.00    0.00    0.00    0.00    0.00   99.24
04:40:32     all    0.75    0.00    0.25    0.00    0.00    0.00    0.00    0.00    0.00   99.00
04:40:33     all    0.50    0.00    0.00    0.00    0.00    0.00    0.00    0.00    0.00   99.50
04:40:34     all    0.75    0.00    0.00    0.00    0.00    0.00    0.00    0.00    0.00   99.25
04:40:35     all    0.50    0.00    0.25    0.00    0.00    0.00    0.00    0.00    0.00   99.24
04:40:36     all    1.00    0.00    0.00    0.00    0.00    0.00    0.00    0.00    0.00   99.00
04:40:37     all    0.75    0.00    0.25    0.00    0.00    0.00    0.00    0.00    0.00   98.99
04:40:38     all    0.75    0.00    0.00    0.00    0.00    0.00    0.00    0.00    0.00   99.25
04:40:39     all    0.50    0.00    0.50    0.00    0.00    0.00    0.00    0.00    0.00   99.00
04:40:40     all    0.50    0.00    0.00    0.00    0.00    0.00    0.00    0.00    0.00   99.50
04:40:41     all    0.76    0.00    0.00    0.00    0.00    0.00    0.00    0.00    0.00   99.24
04:40:42     all    0.50    0.00    0.00    0.00    0.00    0.00    0.00    0.00    0.00   99.50
04:40:43     all    0.75    0.00    0.25    0.00    0.00    0.00    0.00    0.00    0.00   99.00
04:40:44     all    0.75    0.00    0.25    0.00    0.00    0.00    0.00    0.00    0.00   99.00
04:40:45     all    0.50    0.00    0.00    0.00    0.00    0.00    0.00    0.00    0.00   99.50
04:40:46     all    0.50    0.00    0.00    0.00    0.00    0.00    0.00    0.00    0.00   99.50
04:40:47     all    0.75    0.00    0.00    0.00    0.00    0.00    0.00    0.00    0.00   99.25
04:40:48     all    0.50    0.00    0.00    0.00    0.00    0.00    0.00    0.00    0.00   99.50
04:40:49     all    0.50    0.00    0.25    0.00    0.00    0.25    0.00    0.00    0.00   99.00
04:40:50     all    0.75    0.00    0.25    0.00    0.00    0.00    0.00    0.00    0.00   98.99
04:40:51     all    0.75    0.00    0.00    0.00    0.00    0.00    0.00    0.00    0.00   99.25
04:40:52     all    0.50    0.00    0.25    0.00    0.00    0.25    0.00    0.00    0.00   99.00
04:40:53     all    0.76    0.00    0.00    0.00    0.00    0.00    0.00    0.00    0.00   99.24
04:40:54     all    0.50    0.00    0.25    0.00    0.00    0.00    0.00    0.00    0.00   99.25
04:40:55     all    0.51    0.00    0.00    0.00    0.00    0.00    0.00    0.00    0.00   99.49
04:40:56     all    1.00    0.00    0.00    0.00    0.00    0.00    0.00    0.00    0.00   99.00
04:40:57     all    0.50    0.00    0.25    0.00    0.00    0.00    0.00    0.00    0.00   99.25
04:40:58     all    0.75    0.00    0.00    0.00    0.00    0.00    0.00    0.00    0.00   99.25
04:40:59     all    0.50    0.00    0.00    0.00    0.00    0.00    0.00    0.00    0.00   99.50
04:41:00     all    1.01    0.00    0.75    0.00    0.00    0.00    0.00    0.00    0.00   98.24
04:41:01     all    0.75    0.00    0.00    0.00    0.00    0.00    0.00    0.00    0.00   99.25
04:41:02     all    0.50    0.00    0.00    0.00    0.00    0.00    0.00    0.00    0.00   99.50
04:41:03     all    0.75    0.00    0.00    0.00    0.00    0.00    0.00    0.00    0.00   99.25
04:41:04     all    0.74    0.00    0.50    0.00    0.00    0.25    0.00    0.00    0.00   98.51
04:41:05     all    0.75    0.00    0.00    0.25    0.00    0.00    0.00    0.00    0.00   99.00
04:41:06     all    0.50    0.00    0.25    0.00    0.00    0.25    0.00    0.00    0.00   99.00
04:41:07     all    0.50    0.00    0.00    0.00    0.00    0.00    0.00    0.00    0.00   99.50
04:41:08     all    0.76    0.00    0.00    0.00    0.00    0.00    0.00    0.00    0.00   99.24
04:41:09     all    0.50    0.00    0.25    0.00    0.00    0.00    0.00    0.00    0.00   99.25
04:41:10     all    0.75    0.00    0.00    0.00    0.00    0.00    0.00    0.00    0.00   99.25
04:41:11     all    0.50    0.00    0.25    0.00    0.00    0.00    0.00    0.00    0.00   99.25
04:41:12     all    0.75    0.00    0.00    0.00    0.00    0.00    0.00    0.00    0.00   99.25
04:41:13     all    0.75    0.00    0.00    0.00    0.00    0.00    0.00    0.00    0.00   99.25
04:41:14     all    0.25    0.00    0.00    0.00    0.00    0.00    0.00    0.00    0.00   99.75
04:41:15     all    1.00    0.00    0.00    0.00    0.00    0.00    0.00    0.00    0.00   99.00
04:41:16     all    0.50    0.00    0.25    0.00    0.00    0.00    0.00    0.00    0.00   99.25
04:41:17     all    0.50    0.00    0.00    0.00    0.00    0.00    0.00    0.00    0.00   99.50
04:41:18     all    0.75    0.00    0.25    0.00    0.00    0.00    0.00    0.00    0.00   99.00
04:41:19     all    0.75    0.00    0.00    0.00    0.00    0.25    0.00    0.00    0.00   99.00
04:41:20     all    0.75    0.00    0.00    0.00    0.00    0.00    0.00    0.00    0.00   99.25
04:41:21     all    0.50    0.00    0.25    0.00    0.00    0.00    0.00    0.00    0.00   99.25
04:41:22     all    0.75    0.00    0.00    0.00    0.00    0.00    0.00    0.00    0.00   99.25
04:41:23     all    0.50    0.00    0.25    0.00    0.00    0.00    0.00    0.00    0.00   99.25
04:41:24     all    0.50    0.00    0.00    0.00    0.00    0.00    0.00    0.00    0.00   99.50
04:41:25     all    0.50    0.00    0.25    0.00    0.00    0.25    0.00    0.00    0.00   98.99
04:41:26     all    0.75    0.00    0.25    0.00    0.00    0.00    0.00    0.00    0.00   99.00
04:41:27     all    0.50    0.00    0.00    0.00    0.00    0.00    0.00    0.00    0.00   99.50
04:41:28     all    0.75    0.00    0.25    0.00    0.00    0.00    0.00    0.00    0.00   98.99
04:41:29     all    0.75    0.00    0.00    0.00    0.00    0.00    0.00    0.00    0.00   99.25
04:41:30     all    0.50    0.00    0.00    0.00    0.00    0.00    0.00    0.00    0.00   99.50
04:41:31     all    1.00    0.00    0.00    0.25    0.00    0.00    0.00    0.00    0.00   98.75
04:41:32     all    0.50    0.00    0.00    0.00    0.00    0.25    0.00    0.00    0.00   99.25
04:41:33     all    0.75    0.00    0.25    0.00    0.00    0.00    0.00    0.00    0.00   99.00
04:41:34     all    0.50    0.00    0.00    0.00    0.00    0.00    0.00    0.00    0.00   99.50
04:41:35     all    0.75    0.00    0.25    0.00    0.00    0.00    0.00    0.00    0.00   99.00
04:41:36     all    0.75    0.00    0.25    0.00    0.00    0.00    0.00    0.00    0.00   99.00
04:41:37     all    0.50    0.00    0.00    0.00    0.00    0.00    0.00    0.00    0.00   99.50
04:41:38     all    0.75    0.00    0.00    0.00    0.00    0.00    0.00    0.00    0.00   99.25
04:41:39     all    0.50    0.00    0.25    0.00    0.00    0.00    0.00    0.00    0.00   99.25
04:41:40     all    0.75    0.00    0.00    0.00    0.00    0.00    0.00    0.00    0.00   99.25
04:41:41     all    0.50    0.00    0.00    0.00    0.00    0.00    0.00    0.00    0.00   99.50
04:41:42     all    0.75    0.00    0.00    0.00    0.00    0.00    0.00    0.00    0.00   99.25
04:41:43     all    0.75    0.00    0.00    0.00    0.00    0.00    0.25    0.00    0.00   99.00
04:41:44     all    1.24    0.00    0.25    0.00    0.00    0.25    0.00    0.00    0.00   98.26
04:41:45     all    0.50    0.00    0.00    0.00    0.00    0.00    0.00    0.00    0.00   99.50
04:41:46     all    0.75    0.00    0.00    0.25    0.00    0.00    0.00    0.00    0.00   99.00
04:41:47     all    0.50    0.00    0.25    0.00    0.00    0.00    0.00    0.00    0.00   99.25
04:41:48     all    0.75    0.00    0.00    0.00    0.00    0.00    0.00    0.00    0.00   99.25
04:41:49     all    0.50    0.00    0.00    0.00    0.00    0.00    0.00    0.00    0.00   99.50
04:41:50     all    0.75    0.00    0.25    0.00    0.00    0.00    0.00    0.00    0.00   99.00
04:41:51     all    0.76    0.00    0.00    0.00    0.00    0.00    0.00    0.00    0.00   99.24
04:41:52     all    0.50    0.00    0.00    0.00    0.00    0.00    0.00    0.00    0.00   99.50
04:41:53     all    0.75    0.00    0.25    0.00    0.00    0.00    0.00    0.00    0.00   99.00
04:41:54     all    0.75    0.00    0.25    0.00    0.00    0.00    0.00    0.00    0.00   99.00
04:41:55     all    0.50    0.00    0.00    0.00    0.00    0.00    0.00    0.00    0.00   99.50
04:41:56     all    0.75    0.00    0.00    0.00    0.00    0.00    0.00    0.00    0.00   99.25
04:41:57     all    0.50    0.00    0.25    0.00    0.00    0.00    0.00    0.00    0.00   99.25
04:41:58     all    0.50    0.00    0.00    0.00    0.00    0.25    0.00    0.00    0.00   99.25
04:41:59     all    0.75    0.00    0.25    0.00    0.00    0.00    0.00    0.00    0.00   99.00
04:42:00     all    0.50    0.00    0.25    0.00    0.00    0.00    0.00    0.00    0.00   99.24
04:42:01     all    0.50    0.00    0.00    0.00    0.00    0.00    0.00    0.00    0.00   99.50
04:42:02     all    0.75    0.00    0.00    0.00    0.00    0.25    0.00    0.00    0.00   99.00
04:42:03     all    0.50    0.00    0.25    0.00    0.00    0.00    0.00    0.00    0.00   99.25
04:42:04     all    0.75    0.00    0.00    0.00    0.00    0.00    0.00    0.00    0.00   99.25
04:42:05     all    0.50    0.00    0.00    0.00    0.00    0.00    0.00    0.00    0.00   99.50
04:42:06     all    0.50    0.00    0.25    0.00    0.00    0.00    0.00    0.00    0.00   99.25
04:42:07     all    0.75    0.00    0.00    0.00    0.00    0.00    0.25    0.00    0.00   99.00
04:42:08     all    0.75    0.00    0.25    0.00    0.00    0.00    0.00    0.00    0.00   99.00
04:42:09     all    0.50    0.00    0.25    0.00    0.00    0.00    0.00    0.00    0.00   99.25
04:42:10     all    0.50    0.00    0.00    0.00    0.00    0.25    0.00    0.00    0.00   99.25
04:42:11     all    0.75    0.00    0.00    0.00    0.00    0.00    0.00    0.00    0.00   99.25
04:42:12     all    0.50    0.00    0.25    0.00    0.00    0.00    0.00    0.00    0.00   99.25
04:42:13     all    0.50    0.00    0.25    0.00    0.00    0.00    0.00    0.00    0.00   99.25
04:42:14     all    0.50    0.00    0.00    0.00    0.00    0.00    0.00    0.00    0.00   99.50
04:42:15     all    0.75    0.00    0.00    0.00    0.00    0.00    0.00    0.00    0.00   99.25
04:42:16     all    0.51    0.00    0.00    0.00    0.00    0.00    0.00    0.00    0.00   99.49
04:42:17     all    0.75    0.00    0.50    0.00    0.00    0.00    0.00    0.00    0.00   98.75
04:42:18     all    0.50    0.00    0.00    0.00    0.00    0.00    0.00    0.00    0.00   99.50
04:42:19     all    0.50    0.00    0.00    0.00    0.00    0.00    0.00    0.00    0.00   99.50
04:42:20     all    0.75    0.00    0.00    0.00    0.00    0.00    0.00    0.00    0.00   99.25
04:42:21     all    0.50    0.00    0.25    0.00    0.00    0.00    0.00    0.00    0.00   99.25
04:42:22     all    0.75    0.00    0.00    0.25    0.00    0.00    0.00    0.00    0.00   99.00
04:42:23     all    0.50    0.00    0.50    0.00    0.00    0.00    0.00    0.00    0.00   99.00
04:42:24     all    0.50    0.00    0.00    0.00    0.00    0.00    0.00    0.00    0.00   99.50
04:42:25     all    0.50    0.00    0.25    0.00    0.00    0.00    0.00    0.00    0.00   99.25
04:42:26     all    1.00    0.00    0.00    0.00    0.00    0.00    0.00    0.00    0.00   99.00
04:42:27     all    0.75    0.00    0.00    0.00    0.00    0.00    0.00    0.00    0.00   99.25
04:42:28     all    0.75    0.00    0.25    0.00    0.00    0.00    0.00    0.00    0.00   99.00
04:42:29     all    0.50    0.00    0.25    0.00    0.00    0.00    0.00    0.00    0.00   99.25
04:42:30     all    0.50    0.00    0.00    0.00    0.00    0.00    0.00    0.00    0.00   99.50
04:42:31     all    0.25    0.00    0.00    0.00    0.00    0.00    0.00    0.00    0.00   99.75
04:42:32     all    0.50    0.00    0.25    0.00    0.00    0.00    0.00    0.00    0.00   99.25
04:42:33     all    0.50    0.00    0.00    0.00    0.00    0.00    0.00    0.00    0.00   99.50
04:42:34     all    0.50    0.00    0.00    0.00    0.00    0.00    0.00    0.00    0.00   99.50
04:42:35     all    0.50    0.00    0.00    0.00    0.00    0.00    0.00    0.00    0.00   99.50
04:42:36     all    0.50    0.00    0.25    0.00    0.00    0.00    0.00    0.00    0.00   99.25
04:42:37     all    0.75    0.00    0.00    0.00    0.00    0.00    0.00    0.00    0.00   99.25
04:42:38     all    0.50    0.00    0.00    0.00    0.00    0.00    0.00    0.00    0.00   99.50
04:42:39     all    0.75    0.00    0.25    0.00    0.00    0.25    0.00    0.00    0.00   98.75
04:42:40     all    0.25    0.00    0.00    0.00    0.00    0.25    0.00    0.00    0.00   99.50
04:42:41     all    0.75    0.00    0.00    0.00    0.00    0.00    0.00    0.00    0.00   99.25
04:42:42     all    0.50    0.00    0.25    0.00    0.00    0.00    0.00    0.00    0.00   99.25
04:42:43     all    0.51    0.00    0.00    0.00    0.00    0.00    0.00    0.00    0.00   99.49
04:42:44     all    0.75    0.00    0.00    0.00    0.00    0.00    0.00    0.00    0.00   99.25
04:42:45     all    0.75    0.00    0.25    0.00    0.00    0.00    0.00    0.00    0.00   99.00
04:42:46     all    0.50    0.00    0.00    0.00    0.00    0.00    0.00    0.00    0.00   99.50
04:42:47     all    0.75    0.00    0.00    0.00    0.00    0.00    0.25    0.00    0.00   99.00
04:42:48     all    0.75    0.00    0.25    0.00    0.00    0.00    0.00    0.00    0.00   98.99
04:42:49     all    0.50    0.00    0.00    0.00    0.00    0.00    0.00    0.00    0.00   99.50
04:42:50     all    0.75    0.00    0.00    0.00    0.00    0.25    0.00    0.00    0.00   99.00
04:42:51     all    0.50    0.00    0.25    0.00    0.00    0.00    0.00    0.00    0.00   99.24
04:42:52     all    0.75    0.00    0.25    0.00    0.00    0.00    0.00    0.00    0.00   99.00
04:42:53     all    0.75    0.00    0.00    0.00    0.00    0.00    0.00    0.00    0.00   99.25
04:42:54     all    0.50    0.00    0.25    0.00    0.00    0.00    0.00    0.00    0.00   99.25
04:42:55     all    0.25    0.00    0.00    0.00    0.00    0.00    0.00    0.00    0.00   99.75
04:42:56     all    0.75    0.00    0.00    0.00    0.00    0.00    0.00    0.00    0.00   99.25
04:42:57     all    0.50    0.00    0.25    0.25    0.00    0.00    0.00    0.00    0.00   99.00
04:42:58     all    0.50    0.00    0.00    0.00    0.00    0.00    0.00    0.00    0.00   99.50
04:42:59     all    1.00    0.00    0.25    0.00    0.00    0.25    0.00    0.00    0.00   98.50
04:43:00     all    0.50    0.00    0.00    0.00    0.00    0.00    0.00    0.00    0.00   99.50
04:43:01     all    0.75    0.00    0.00    0.00    0.00    0.00    0.00    0.00    0.00   99.25
04:43:02     all    0.50    0.00    0.50    0.00    0.00    0.00    0.00    0.00    0.00   99.00
04:43:03     all    0.75    0.00    0.00    0.00    0.00    0.00    0.00    0.00    0.00   99.25
04:43:04     all    0.50    0.00    0.00    0.00    0.00    0.00    0.00    0.00    0.00   99.50
04:43:05     all    0.50    0.00    0.25    0.00    0.00    0.00    0.00    0.00    0.00   99.25
04:43:06     all    0.75    0.00    0.00    0.00    0.00    0.00    0.00    0.00    0.00   99.25
04:43:07     all    0.75    0.00    0.00    0.00    0.00    0.00    0.00    0.00    0.00   99.25
04:43:08     all    0.50    0.00    0.00    0.00    0.00    0.00    0.00    0.00    0.00   99.50
04:43:09     all    0.75    0.00    0.25    0.00    0.00    0.00    0.00    0.00    0.00   99.00
04:43:10     all    0.50    0.00    0.00    0.00    0.00    0.00    0.00    0.00    0.00   99.50
04:43:11     all    0.75    0.00    0.25    0.00    0.00    0.00    0.00    0.00    0.00   98.99
04:43:12     all    0.25    0.00    0.00    0.00    0.00    0.00    0.00    0.00    0.00   99.75
04:43:13     all    0.50    0.00    0.25    0.00    0.00    0.00    0.00    0.00    0.00   99.25
04:43:14     all    1.00    0.00    0.25    0.00    0.00    0.25    0.00    0.00    0.00   98.50
04:43:15     all    0.50    0.00    0.00    0.00    0.00    0.00    0.00    0.00    0.00   99.50
04:43:16     all    0.50    0.00    0.00    0.00    0.00    0.00    0.00    0.00    0.00   99.50
04:43:17     all    0.75    0.00    0.25    0.00    0.00    0.00    0.00    0.00    0.00   99.00
04:43:18     all    0.50    0.00    0.00    0.00    0.00    0.00    0.00    0.00    0.00   99.50
04:43:19     all    0.75    0.00    0.00    0.00    0.00    0.00    0.00    0.00    0.00   99.25
04:43:20     all    0.50    0.00    0.25    0.00    0.00    0.00    0.00    0.00    0.00   99.25
04:43:21     all    0.50    0.00    0.50    0.00    0.00    0.00    0.00    0.00    0.00   99.00
04:43:22     all    0.50    0.00    0.00    0.00    0.00    0.25    0.00    0.00    0.00   99.25
04:43:23     all    0.75    0.00    0.25    0.00    0.00    0.00    0.00    0.00    0.00   99.00
04:43:24     all    0.75    0.00    0.25    0.00    0.00    0.00    0.00    0.00    0.00   99.00
04:43:25     all    0.50    0.00    0.00    0.00    0.00    0.00    0.00    0.00    0.00   99.50
04:43:26     all    0.75    0.00    0.00    0.00    0.00    0.00    0.00    0.00    0.00   99.25
04:43:27     all    0.50    0.00    0.00    0.00    0.00    0.00    0.00    0.00    0.00   99.50
04:43:28     all    0.75    0.00    0.25    0.00    0.00    0.00    0.00    0.00    0.00   99.00
04:43:29     all    0.50    0.00    0.00    0.00    0.00    0.25    0.00    0.00    0.00   99.25
04:43:30     all    0.50    0.00    0.25    0.00    0.00    0.00    0.00    0.00    0.00   99.25
04:43:31     all    0.75    0.00    0.00    0.00    0.00    0.00    0.00    0.00    0.00   99.25
04:43:32     all    0.50    0.00    0.00    0.00    0.00    0.00    0.00    0.00    0.00   99.50
04:43:33     all    0.75    0.00    0.50    0.25    0.00    0.00    0.00    0.00    0.00   98.51
04:43:34     all    0.50    0.00    0.00    0.00    0.00    0.00    0.00    0.00    0.00   99.50
04:43:35     all    0.75    0.00    0.00    0.00    0.00    0.00    0.00    0.00    0.00   99.25
04:43:36     all    0.50    0.00    0.00    0.00    0.00    0.25    0.00    0.00    0.00   99.25
04:43:37     all    0.75    0.00    0.25    0.00    0.00    0.00    0.00    0.00    0.00   99.00
04:43:38     all    0.50    0.00    0.00    0.00    0.00    0.00    0.00    0.00    0.00   99.50
04:43:39     all    0.75    0.00    0.25    0.00    0.00    0.00    0.00    0.00    0.00   98.99
04:43:40     all    0.50    0.00    0.00    0.00    0.00    0.25    0.00    0.00    0.00   99.25
04:43:41     all    0.50    0.00    0.00    0.00    0.00    0.00    0.00    0.00    0.00   99.50
04:43:42     all    1.00    0.00    0.25    0.00    0.00    0.00    0.00    0.00    0.00   98.75
04:43:43     all    0.75    0.00    0.00    0.00    0.00    0.00    0.00    0.00    0.00   99.25
04:43:44     all    0.75    0.00    0.00    0.00    0.00    0.00    0.00    0.00    0.00   99.25
04:43:45     all    0.50    0.00    0.25    0.00    0.00    0.00    0.00    0.00    0.00   99.25
04:43:46     all    0.75    0.00    0.00    0.00    0.00    0.00    0.00    0.00    0.00   99.25
04:43:47     all    0.75    0.00    0.00    0.00    0.00    0.00    0.00    0.00    0.00   99.25
04:43:48     all    0.50    0.00    0.25    0.00    0.00    0.00    0.25    0.00    0.00   99.00
04:43:49     all    0.75    0.00    0.00    0.00    0.00    0.00    0.00    0.00    0.00   99.25
04:43:50     all    0.75    0.00    0.25    0.00    0.00    0.00    0.00    0.00    0.00   99.00
04:43:51     all    0.75    0.00    0.00    0.00    0.00    0.25    0.00    0.00    0.00   99.00
04:43:52     all    0.50    0.00    0.00    0.00    0.00    0.00    0.00    0.00    0.00   99.50
04:43:53     all    0.25    0.00    0.25    0.00    0.00    0.00    0.00    0.00    0.00   99.50
04:43:54     all    0.50    0.00    0.25    0.00    0.00    0.25    0.00    0.00    0.00   99.00
04:43:55     all    0.75    0.00    0.00    0.00    0.00    0.00    0.00    0.00    0.00   99.25
04:43:56     all    0.75    0.00    0.25    0.00    0.00    0.00    0.00    0.00    0.00   99.00
04:43:57     all    0.51    0.00    0.00    0.00    0.00    0.00    0.00    0.00    0.00   99.49
04:43:58     all    0.50    0.00    0.25    0.00    0.00    0.00    0.00    0.00    0.00   99.25
04:43:59     all    0.75    0.00    0.00    0.00    0.00    0.00    0.00    0.00    0.00   99.25
04:44:00     all    0.75    0.00    0.00    0.00    0.00    0.00    0.00    0.00    0.00   99.25
04:44:01     all    0.50    0.00    0.25    0.00    0.00    0.00    0.00    0.00    0.00   99.25
04:44:02     all    1.00    0.00    0.50    0.00    0.00    0.25    0.00    0.00    0.00   98.26
04:44:03     all    0.50    0.00    0.00    0.00    0.00    0.00    0.00    0.00    0.00   99.50
04:44:04     all    0.50    0.00    0.25    0.00    0.00    0.00    0.00    0.00    0.00   99.25
04:44:05     all    0.50    0.00    0.00    0.00    0.00    0.00    0.00    0.00    0.00   99.50
04:44:06     all    0.75    0.00    0.25    0.00    0.00    0.00    0.00    0.00    0.00   99.00
04:44:07     all    0.50    0.00    0.00    0.00    0.00    0.00    0.00    0.00    0.00   99.50
04:44:08     all    0.75    0.00    0.00    0.00    0.00    0.00    0.25    0.00    0.00   99.00
04:44:09     all    0.50    0.00    0.25    0.00    0.00    0.00    0.00    0.00    0.00   99.25
04:44:10     all    0.50    0.00    0.00    0.00    0.00    0.00    0.00    0.00    0.00   99.50
04:44:11     all    0.50    0.00    0.25    0.00    0.00    0.00    0.00    0.00    0.00   99.25
04:44:12     all    0.75    0.00    0.00    0.00    0.00    0.00    0.00    0.00    0.00   99.25
04:44:13     all    0.75    0.00    0.00    0.00    0.00    0.25    0.00    0.00    0.00   99.00
04:44:14     all    0.75    0.00    0.00    0.00    0.00    0.00    0.00    0.00    0.00   99.25
04:44:15     all    0.50    0.00    0.00    0.00    0.00    0.00    0.00    0.00    0.00   99.50
04:44:16     all    0.99    0.00    0.25    0.00    0.00    0.25    0.00    0.00    0.00   98.51
04:44:17     all    0.50    0.00    0.00    0.00    0.00    0.00    0.00    0.00    0.00   99.50
04:44:18     all    0.75    0.00    0.00    0.25    0.00    0.00    0.00    0.00    0.00   99.00
04:44:19     all    0.50    0.00    0.00    0.00    0.00    0.00    0.00    0.00    0.00   99.50
04:44:20     all    0.75    0.00    0.25    0.00    0.00    0.25    0.00    0.00    0.00   98.76
04:44:21     all    0.50    0.00    0.00    0.00    0.00    0.00    0.00    0.00    0.00   99.50
04:44:22     all    0.75    0.00    0.00    0.00    0.00    0.00    0.00    0.00    0.00   99.25
04:44:23     all    0.50    0.00    0.25    0.00    0.00    0.25    0.00    0.00    0.00   99.00
04:44:24     all    0.50    0.00    0.00    0.00    0.00    0.00    0.00    0.00    0.00   99.50
04:44:25     all    0.75    0.00    0.00    0.00    0.00    0.00    0.00    0.00    0.00   99.25
04:44:26     all    0.50    0.00    0.25    0.00    0.00    0.00    0.00    0.00    0.00   99.25
04:44:27     all    0.75    0.00    0.25    0.00    0.00    0.25    0.00    0.00    0.00   98.75
04:44:28     all    1.00    0.00    0.00    0.00    0.00    0.00    0.00    0.00    0.00   99.00
04:44:29     all    0.50    0.00    0.25    0.00    0.00    0.00    0.00    0.00    0.00   99.25
04:44:30     all    0.75    0.00    0.00    0.00    0.00    0.00    0.00    0.00    0.00   99.25
04:44:31     all    0.50    0.00    0.25    0.00    0.00    0.00    0.00    0.00    0.00   99.25
04:44:32     all    0.50    0.00    0.00    0.00    0.00    0.25    0.00    0.00    0.00   99.25
04:44:33     all    0.50    0.00    0.00    0.00    0.00    0.00    0.00    0.00    0.00   99.50
04:44:34     all    0.75    0.00    0.00    0.00    0.00    0.00    0.00    0.00    0.00   99.25
04:44:35     all    0.50    0.00    0.50    0.00    0.00    0.25    0.00    0.00    0.00   98.75
04:44:36     all    0.50    0.00    0.00    0.00    0.00    0.00    0.00    0.00    0.00   99.50
04:44:37     all    0.75    0.00    0.00    0.00    0.00    0.00    0.00    0.00    0.00   99.25
04:44:38     all    0.50    0.00    0.00    0.00    0.00    0.00    0.00    0.00    0.00   99.50
04:44:39     all    0.75    0.00    0.00    0.00    0.00    0.25    0.00    0.00    0.00   99.00
04:44:40     all    0.75    0.00    0.25    0.00    0.00    0.00    0.00    0.00    0.00   99.00
04:44:41     all    0.50    0.00    0.00    0.00    0.00    0.25    0.00    0.00    0.00   99.25
04:44:42     all    0.50    0.00    0.25    0.00    0.00    0.00    0.00    0.00    0.00   99.25
04:44:43     all    0.75    0.00    0.00    0.00    0.00    0.00    0.00    0.00    0.00   99.25
04:44:44     all    0.75    0.00    0.25    0.00    0.00    0.00    0.00    0.00    0.00   99.00
04:44:45     all    0.50    0.00    0.00    0.00    0.00    0.25    0.00    0.00    0.00   99.24
04:44:46     all    0.75    0.00    0.00    0.00    0.00    0.00    0.00    0.00    0.00   99.25
04:44:47     all    0.50    0.00    0.50    0.00    0.00    0.00    0.00    0.00    0.00   99.00
04:44:48     all    0.75    0.00    0.00    0.00    0.00    0.00    0.00    0.00    0.00   99.25
04:44:49     all    0.50    0.00    0.00    0.00    0.00    0.25    0.00    0.00    0.00   99.25
04:44:50     all    0.75    0.00    0.00    0.00    0.00    0.00    0.00    0.00    0.00   99.25
04:44:51     all    0.50    0.00    0.00    0.00    0.00    0.00    0.00    0.00    0.00   99.50
04:44:52     all    0.75    0.00    0.25    0.00    0.00    0.00    0.00    0.00    0.00   99.00
04:44:53     all    0.50    0.00    0.00    0.25    0.00    0.00    0.00    0.00    0.00   99.25
04:44:54     all    0.75    0.00    0.00    0.00    0.00    0.25    0.25    0.00    0.00   98.75
04:44:55     all    1.00    0.00    0.00    0.00    0.00    0.00    0.00    0.00    0.00   99.00
04:44:56     all    0.75    0.00    0.25    0.00    0.00    0.00    0.00    0.00    0.00   99.00
04:44:57     all    0.75    0.00    0.00    0.00    0.00    0.25    0.00    0.00    0.00   99.00
04:44:58     all    0.75    0.00    0.00    0.00    0.00    0.00    0.00    0.00    0.00   99.25
04:44:59     all    0.50    0.00    0.25    0.00    0.00    0.00    0.25    0.00    0.00   99.00
04:45:00     all    0.75    0.00    0.50    0.00    0.00    0.00    0.00    0.00    0.00   98.75
04:45:01     all    0.75    0.00    0.00    0.00    0.00    0.25    0.00    0.00    0.00   99.00
04:45:02     all    1.00    0.00    0.50    0.00    0.00    0.00    0.00    0.00    0.00   98.50
04:45:03     all    0.50    0.00    0.00    0.00    0.00    0.00    0.00    0.00    0.00   99.50
04:45:04     all    0.75    0.00    0.00    0.00    0.00    0.25    0.00    0.00    0.00   99.00
04:45:05     all    0.75    0.00    0.00    0.00    0.00    0.00    0.00    0.00    0.00   99.25
04:45:06     all    0.50    0.00    0.25    0.00    0.00    0.00    0.00    0.00    0.00   99.25
04:45:07     all    0.75    0.00    0.00    0.00    0.00    0.00    0.00    0.00    0.00   99.25
04:45:08     all    0.75    0.00    0.00    0.00    0.00    0.25    0.00    0.00    0.00   99.00
04:45:09     all    0.75    0.00    0.25    0.00    0.00    0.00    0.00    0.00    0.00   99.00
04:45:10     all    0.50    0.00    0.25    0.00    0.00    0.00    0.00    0.00    0.00   99.25
04:45:11     all    0.75    0.00    0.00    0.00    0.00    0.00    0.00    0.00    0.00   99.25
04:45:12     all    0.50    0.00    0.25    0.00    0.00    0.00    0.00    0.00    0.00   99.25
04:45:13     all    0.75    0.00    0.00    0.00    0.00    0.25    0.00    0.00    0.00   99.00
04:45:14     all    0.75    0.00    0.25    0.00    0.00    0.00    0.00    0.00    0.00   99.00
04:45:15     all    0.50    0.00    0.00    0.00    0.00    0.25    0.00    0.00    0.00   99.25
04:45:16     all    0.25    0.00    0.50    0.00    0.00    0.00    0.00    0.00    0.00   99.25
04:45:17     all    1.01    0.00    0.00    0.00    0.00    0.00    0.00    0.00    0.00   98.99
04:45:18     all    0.75    0.00    0.25    0.00    0.00    0.00    0.00    0.00    0.00   99.00
04:45:19     all    0.50    0.00    0.00    0.00    0.00    0.00    0.00    0.00    0.00   99.50
04:45:20     all    0.75    0.00    0.00    0.00    0.00    0.00    0.00    0.00    0.00   99.25
04:45:21     all    0.50    0.00    0.25    0.00    0.00    0.00    0.00    0.00    0.00   99.25
04:45:22     all    0.75    0.00    0.00    0.00    0.00    0.00    0.00    0.00    0.00   99.25
04:45:23     all    0.50    0.00    0.00    0.00    0.00    0.00    0.00    0.00    0.00   99.50
04:45:24     all    0.50    0.00    0.00    0.50    0.00    0.00    0.00    0.00    0.00   99.00
04:45:25     all    0.75    0.00    0.00    0.00    0.00    0.00    0.00    0.00    0.00   99.25
04:45:26     all    0.75    0.00    0.25    0.00    0.00    0.00    0.00    0.00    0.00   98.99
04:45:27     all    0.50    0.00    0.25    0.00    0.00    0.00    0.00    0.00    0.00   99.25
04:45:28     all    0.75    0.00    0.00    0.00    0.00    0.00    0.00    0.00    0.00   99.25
04:45:29     all    0.50    0.00    0.00    0.00    0.00    0.00    0.00    0.00    0.00   99.50
04:45:30     all    0.50    0.00    0.00    0.00    0.00    0.00    0.00    0.00    0.00   99.50
04:45:31     all    0.25    0.00    0.00    0.00    0.00    0.00    0.00    0.00    0.00   99.75
04:45:32     all    0.25    0.00    0.25    0.00    0.00    0.25    0.00    0.00    0.00   99.25
04:45:33     all    1.00    0.00    0.25    0.00    0.00    0.00    0.00    0.00    0.00   98.75
04:45:34     all    0.25    0.00    0.00    0.00    0.00    0.00    0.00    0.00    0.00   99.75
04:45:35     all    0.50    0.00    0.25    0.00    0.00    0.00    0.00    0.00    0.00   99.25
04:45:36     all    0.25    0.00    0.00    0.00    0.00    0.00    0.00    0.00    0.00   99.75
04:45:37     all    0.75    0.00    0.00    0.00    0.00    0.00    0.00    0.00    0.00   99.25
04:45:38     all    0.25    0.00    0.00    0.00    0.00    0.00    0.00    0.00    0.00   99.75
04:45:39     all    0.75    0.00    0.25    0.00    0.00    0.00    0.00    0.00    0.00   99.00
04:45:40     all    0.50    0.00    0.00    0.00    0.00    0.25    0.00    0.00    0.00   99.25
04:45:41     all    0.50    0.00    0.00    0.00    0.00    0.00    0.00    0.00    0.00   99.50
04:45:42     all    0.25    0.00    0.25    0.00    0.00    0.00    0.00    0.00    0.00   99.50
04:45:43     all    0.75    0.00    0.25    0.00    0.00    0.00    0.00    0.00    0.00   99.00
04:45:44     all    0.50    0.00    0.00    0.00    0.00    0.00    0.00    0.00    0.00   99.50
04:45:45     all    1.00    0.00    0.00    0.00    0.00    0.00    0.00    0.00    0.00   99.00
04:45:46     all    0.50    0.00    0.00    0.00    0.00    0.00    0.25    0.00    0.00   99.25
04:45:47     all    0.75    0.00    0.25    0.00    0.00    0.00    0.00    0.00    0.00   98.99
04:45:48     all    0.50    0.00    0.00    0.00    0.00    0.00    0.00    0.00    0.00   99.50
04:45:49     all    0.75    0.00    0.25    0.00    0.00    0.00    0.00    0.00    0.00   99.00
04:45:50     all    0.50    0.00    0.25    0.00    0.00    0.00    0.00    0.00    0.00   99.25
04:45:51     all    0.50    0.00    0.00    0.00    0.00    0.00    0.00    0.00    0.00   99.50
04:45:52     all    0.75    0.00    0.25    0.00    0.00    0.00    0.00    0.00    0.00   99.00
04:45:53     all    0.75    0.00    0.00    0.25    0.00    0.25    0.00    0.00    0.00   98.75
04:45:54     all    0.50    0.00    0.25    0.00    0.00    0.00    0.00    0.00    0.00   99.25
04:45:55     all    1.00    0.00    0.25    0.00    0.00    0.00    0.00    0.00    0.00   98.75
04:45:56     all    0.75    0.00    0.00    0.00    0.00    0.00    0.00    0.00    0.00   99.25
04:45:57     all    0.75    0.00    0.00    0.00    0.00    0.00    0.00    0.00    0.00   99.25
04:45:58     all    0.25    0.00    0.00    0.00    0.00    0.00    0.00    0.00    0.00   99.75
04:45:59     all    0.75    0.00    0.00    0.00    0.00    0.00    0.00    0.00    0.00   99.25
04:46:00     all    0.75    0.00    0.25    0.00    0.00    0.00    0.00    0.00    0.00   99.00
04:46:01     all    0.75    0.00    0.25    0.00    0.00    0.00    0.00    0.00    0.00   99.00
04:46:02     all    0.50    0.00    0.00    0.00    0.00    0.00    0.00    0.00    0.00   99.50
04:46:03     all    0.50    0.00    0.25    0.00    0.00    0.00    0.00    0.00    0.00   99.25
04:46:04     all    0.76    0.00    0.00    0.00    0.00    0.00    0.00    0.00    0.00   99.24
04:46:05     all    0.50    0.00    0.25    0.00    0.00    0.00    0.00    0.00    0.00   99.25
04:46:06     all    0.50    0.00    0.00    0.00    0.00    0.25    0.00    0.00    0.00   99.25
04:46:07     all    0.75    0.00    0.50    0.00    0.00    0.25    0.00    0.00    0.00   98.50
04:46:08     all    0.50    0.00    0.00    0.00    0.00    0.00    0.00    0.00    0.00   99.50
04:46:09     all    0.75    0.00    0.00    0.00    0.00    0.00    0.00    0.00    0.00   99.25
04:46:10     all    0.50    0.00    0.25    0.00    0.00    0.00    0.00    0.00    0.00   99.25
04:46:11     all    1.00    0.00    0.00    0.00    0.00    0.00    0.25    0.00    0.00   98.75
04:46:12     all    0.50    0.00    0.00    0.00    0.00    0.00    0.00    0.00    0.00   99.50
04:46:13     all    0.50    0.00    0.25    0.00    0.00    0.00    0.00    0.00    0.00   99.25
04:46:14     all    0.75    0.00    0.00    0.00    0.00    0.00    0.00    0.00    0.00   99.25
04:46:15     all    0.50    0.00    0.00    0.00    0.00    0.00    0.00    0.00    0.00   99.50
04:46:16     all    0.75    0.00    0.25    0.00    0.00    0.50    0.00    0.00    0.00   98.50
04:46:17     all    0.75    0.00    0.00    0.00    0.00    0.00    0.00    0.00    0.00   99.25
04:46:18     all    0.25    0.00    0.00    0.00    0.00    0.00    0.00    0.00    0.00   99.75
04:46:19     all    0.75    0.00    0.50    0.00    0.00    0.00    0.00    0.00    0.00   98.75
04:46:20     all    0.50    0.00    0.25    0.00    0.00    0.00    0.00    0.00    0.00   99.25
04:46:21     all    0.75    0.00    0.00    0.00    0.00    0.00    0.00    0.00    0.00   99.25
04:46:22     all    0.75    0.00    0.00    0.00    0.00    0.00    0.00    0.00    0.00   99.25
04:46:23     all    0.75    0.00    0.00    0.00    0.00    0.00    0.00    0.00    0.00   99.25
04:46:24     all    0.75    0.00    0.25    0.00    0.00    0.00    0.00    0.00    0.00   99.00
04:46:25     all    0.25    0.00    0.00    0.00    0.00    0.00    0.00    0.00    0.00   99.75
04:46:26     all    0.75    0.00    0.00    0.00    0.00    0.00    0.00    0.00    0.00   99.25
04:46:27     all    0.50    0.00    0.50    0.00    0.00    0.00    0.00    0.00    0.00   99.00
04:46:28     all    0.75    0.00    0.00    0.25    0.00    0.00    0.00    0.00    0.00   99.00
04:46:29     all    0.50    0.00    0.00    0.00    0.00    0.00    0.00    0.00    0.00   99.50
04:46:30     all    0.50    0.00    0.25    0.00    0.00    0.00    0.00    0.00    0.00   99.25
04:46:31     all    0.50    0.00    0.00    0.00    0.00    0.00    0.00    0.00    0.00   99.50
04:46:32     all    0.50    0.00    0.00    0.00    0.00    0.25    0.00    0.00    0.00   99.25
04:46:33     all    0.50    0.00    0.25    0.00    0.00    0.00    0.00    0.00    0.00   99.25
04:46:34     all    0.75    0.00    0.00    0.00    0.00    0.00    0.00    0.00    0.00   99.25
04:46:35     all    0.75    0.00    0.25    0.00    0.00    0.00    0.00    0.00    0.00   99.00
04:46:36     all    0.50    0.00    0.00    0.00    0.00    0.00    0.00    0.00    0.00   99.50
04:46:37     all    0.50    0.00    0.25    0.00    0.00    0.00    0.25    0.00    0.00   99.00
04:46:38     all    0.50    0.00    0.00    0.00    0.00    0.00    0.00    0.00    0.00   99.50
04:46:39     all    0.75    0.00    0.50    0.00    0.00    0.00    0.00    0.00    0.00   98.75
04:46:40     all    0.50    0.00    0.00    0.00    0.00    0.00    0.00    0.00    0.00   99.50
04:46:41     all    0.75    0.00    0.25    0.00    0.00    0.00    0.00    0.00    0.00   99.00
04:46:42     all    0.75    0.00    0.00    0.00    0.00    0.00    0.00    0.00    0.00   99.25
04:46:43     all    0.75    0.00    0.00    0.00    0.00    0.25    0.00    0.00    0.00   99.00
04:46:44     all    0.50    0.00    0.00    0.00    0.00    0.00    0.00    0.00    0.00   99.50
04:46:45     all    0.75    0.00    0.00    0.00    0.00    0.25    0.00    0.00    0.00   99.00
04:46:46     all    0.50    0.00    0.25    0.00    0.00    0.00    0.00    0.00    0.00   99.25
04:46:47     all    0.75    0.00    0.00    0.00    0.00    0.00    0.00    0.00    0.00   99.25
04:46:48     all    0.75    0.00    0.00    0.00    0.00    0.00    0.00    0.00    0.00   99.25
04:46:49     all    0.50    0.00    0.25    0.00    0.00    0.00    0.00    0.00    0.00   99.25
04:46:50     all    0.75    0.00    0.00    0.00    0.00    0.25    0.00    0.00    0.00   99.00
04:46:51     all    0.50    0.00    0.25    0.00    0.00    0.00    0.00    0.00    0.00   99.25
04:46:52     all    0.75    0.00    0.00    0.00    0.00    0.00    0.00    0.00    0.00   99.25
04:46:53     all    0.50    0.00    0.00    0.00    0.00    0.00    0.00    0.00    0.00   99.50
04:46:54     all    0.50    0.00    0.00    0.00    0.00    0.25    0.00    0.00    0.00   99.25
04:46:55     all    0.75    0.00    0.25    0.00    0.00    0.00    0.00    0.00    0.00   99.00
04:46:56     all    0.50    0.00    0.00    0.00    0.00    0.00    0.00    0.00    0.00   99.50
04:46:57     all    1.00    0.00    0.00    0.00    0.00    0.25    0.00    0.00    0.00   98.75
04:46:58     all    0.50    0.00    0.50    0.00    0.00    0.00    0.00    0.00    0.00   99.00
04:46:59     all    0.50    0.00    0.00    0.00    0.00    0.00    0.00    0.00    0.00   99.50
04:47:00     all    0.50    0.00    0.00    0.00    0.00    0.25    0.00    0.00    0.00   99.25
04:47:01     all    0.75    0.00    0.50    0.00    0.00    0.00    0.00    0.00    0.00   98.75
04:47:02     all    0.75    0.00    0.00    0.00    0.00    0.00    0.00    0.00    0.00   99.25
04:47:03     all    0.50    0.00    0.00    0.00    0.00    0.00    0.00    0.00    0.00   99.50
04:47:04     all    0.50    0.00    0.25    0.00    0.00    0.00    0.00    0.00    0.00   99.25
04:47:05     all    0.75    0.00    0.00    0.00    0.00    0.00    0.00    0.00    0.00   99.25
04:47:06     all    0.50    0.00    0.00    0.00    0.00    0.00    0.00    0.00    0.00   99.50
04:47:07     all    0.50    0.00    0.25    0.00    0.00    0.00    0.00    0.00    0.00   99.25
04:47:08     all    1.00    0.00    0.00    0.00    0.00    0.00    0.00    0.00    0.00   99.00
Average:     all    0.59    0.00    0.11    0.01    0.00    0.05    0.01    0.00    0.00   99.22
