Linux 6.8.0-1064-gcp (csb-bench-host-gcp) 	08/18/26 	_x86_64_	(4 CPU)

23:49:32     CPU    %usr   %nice    %sys %iowait    %irq   %soft  %steal  %guest  %gnice   %idle
23:49:33     all    7.79    0.00    1.76    0.00    0.00    1.76    0.00    0.00    0.00   88.69
23:49:34     all    6.05    0.00    1.01    0.00    0.00    1.51    0.00    0.00    0.00   91.44
23:49:35     all    5.81    0.00    0.76    0.00    0.00    1.26    0.00    0.00    0.00   92.17
23:49:36     all    6.25    0.00    1.25    0.00    0.00    1.25    0.00    0.00    0.00   91.25
23:49:37     all    5.54    0.00    0.76    0.00    0.00    1.26    0.00    0.00    0.00   92.44
23:49:38     all    6.53    0.00    0.75    0.25    0.00    1.26    0.00    0.00    0.00   91.21
23:49:39     all    6.03    0.00    0.75    0.00    0.00    1.26    0.00    0.00    0.00   91.96
23:49:40     all    6.09    0.00    0.76    0.00    0.00    1.02    0.00    0.00    0.00   92.13
23:49:41     all    5.33    0.00    0.76    0.00    0.00    1.02    0.00    0.00    0.00   92.89
23:49:42     all    5.58    0.00    0.76    0.00    0.00    1.02    0.00    0.00    0.00   92.64
23:49:43     all    5.78    0.00    0.75    0.00    0.00    1.26    0.00    0.00    0.00   92.21
23:49:44     all    5.79    0.00    1.01    0.00    0.00    1.26    0.00    0.00    0.00   91.94
23:49:45     all    5.57    0.00    1.01    0.00    0.00    1.01    0.00    0.00    0.00   92.41
23:49:46     all    5.49    0.00    1.00    0.00    0.00    1.50    0.25    0.00    0.00   91.77
23:49:47     all    6.06    0.00    1.26    0.00    0.00    1.01    0.00    0.00    0.00   91.67
23:49:48     all    5.76    0.00    1.00    0.00    0.00    1.25    0.50    0.00    0.00   91.48
23:49:49     all    5.56    0.00    1.01    0.00    0.00    2.02    0.00    0.00    0.00   91.41
23:49:50     all    5.82    0.00    0.76    0.00    0.00    1.27    0.00    0.00    0.00   92.15
23:49:51     all    5.56    0.00    0.76    0.00    0.00    1.52    0.00    0.00    0.00   92.17
23:49:52     all    6.03    0.00    0.75    0.00    0.00    1.26    0.00    0.00    0.00   91.96
23:49:53     all    5.56    0.00    0.76    0.00    0.00    1.52    0.00    0.00    0.00   92.17
23:49:54     all    6.31    0.00    0.76    0.00    0.00    1.01    0.00    0.00    0.00   91.92
23:49:55     all    5.84    0.00    1.02    0.00    0.00    1.27    0.00    0.00    0.00   91.88
23:49:56     all    5.79    0.00    0.76    0.00    0.00    1.51    0.00    0.00    0.00   91.94
23:49:57     all    5.76    0.00    1.00    0.00    0.00    1.25    0.00    0.00    0.00   91.98
23:49:58     all    5.33    0.00    0.76    0.00    0.00    0.76    0.00    0.00    0.00   93.15
23:49:59     all    6.02    0.00    1.00    0.00    0.00    1.50    0.00    0.00    0.00   91.48
23:50:00     all    5.53    0.00    1.01    0.00    0.00    1.76    0.00    0.00    0.00   91.71
23:50:01     all    5.09    0.00    1.02    0.00    0.00    1.02    0.00    0.00    0.00   92.88
23:50:02     all    6.02    0.00    0.75    0.25    0.00    1.25    0.00    0.00    0.00   91.73
23:50:03     all    5.84    0.00    0.25    0.00    0.00    1.27    0.00    0.00    0.00   92.64
23:50:04     all    6.02    0.00    1.25    0.00    0.00    1.25    0.00    0.00    0.00   91.48
23:50:05     all    5.32    0.00    1.27    0.00    0.00    1.27    0.00    0.00    0.00   92.15
23:50:06     all    6.27    0.00    0.75    0.00    0.00    1.25    0.00    0.00    0.00   91.73
23:50:07     all    5.82    0.00    1.27    0.00    0.00    1.01    0.25    0.00    0.00   91.65
23:50:08     all    6.03    0.00    0.75    0.00    0.00    2.01    0.00    0.00    0.00   91.21
23:50:09     all    6.03    0.00    1.26    0.00    0.00    1.26    0.00    0.00    0.00   91.46
23:50:10     all    5.30    0.00    1.01    0.00    0.00    1.26    0.25    0.00    0.00   92.17
23:50:11     all    6.06    0.00    0.51    0.00    0.00    1.01    0.25    0.00    0.00   92.17
23:50:12     all    5.72    0.00    1.24    0.00    0.00    1.74    0.00    0.00    0.00   91.29
23:50:13     all    5.78    0.00    1.26    0.50    0.00    1.51    0.00    0.00    0.00   90.95
23:50:14     all    6.05    0.00    0.76    0.00    0.00    1.51    0.00    0.00    0.00   91.69
23:50:15     all    6.05    0.00    1.01    0.00    0.00    1.51    0.00    0.00    0.00   91.44
23:50:16     all    6.30    0.00    0.76    0.00    0.00    1.26    0.00    0.00    0.00   91.69
23:50:17     all    5.85    0.00    0.51    0.00    0.00    0.76    0.00    0.00    0.00   92.88
23:50:18     all    6.05    0.00    1.01    0.00    0.00    1.76    0.00    0.00    0.00   91.18
23:50:19     all    6.05    0.00    1.01    0.00    0.00    1.26    0.00    0.00    0.00   91.69
23:50:20     all    5.54    0.00    0.50    0.00    0.00    1.76    0.00    0.00    0.00   92.19
23:50:21     all    5.53    0.00    1.51    0.00    0.00    1.26    0.25    0.00    0.00   91.46
23:50:22     all    5.53    0.00    0.50    0.00    0.00    1.76    0.00    0.00    0.00   92.21
23:50:23     all    6.03    0.00    0.75    0.00    0.00    1.26    0.00    0.00    0.00   91.96
23:50:24     all    5.87    0.00    1.02    0.00    0.00    1.79    0.00    0.00    0.00   91.33
23:50:25     all    5.06    0.00    1.01    0.00    0.00    1.27    0.25    0.00    0.00   92.41
23:50:26     all    5.76    0.00    1.50    0.00    0.00    1.25    0.00    0.00    0.00   91.48
23:50:27     all    5.54    0.00    0.50    0.00    0.00    1.26    0.25    0.00    0.00   92.44
23:50:28     all    6.30    0.00    0.76    0.00    0.00    1.26    0.00    0.00    0.00   91.69
23:50:29     all    5.56    0.00    1.01    0.00    0.00    1.01    0.00    0.00    0.00   92.42
23:50:30     all    5.78    0.00    1.01    0.25    0.00    1.26    0.00    0.00    0.00   91.71
23:50:31     all    6.06    0.00    0.76    0.00    0.00    1.26    0.25    0.00    0.00   91.67
23:50:32     all    5.84    0.00    0.25    0.00    0.00    1.27    0.00    0.00    0.00   92.64
23:50:33     all    6.00    0.00    1.00    0.00    0.00    1.75    0.00    0.00    0.00   91.25
23:50:34     all    5.81    0.00    1.01    0.00    0.00    1.26    0.00    0.00    0.00   91.92
23:50:35     all    5.78    0.00    0.50    0.25    0.00    1.26    0.00    0.00    0.00   92.21
23:50:36     all    6.27    0.00    1.00    0.00    0.00    1.50    0.00    0.00    0.00   91.23
23:50:37     all    5.82    0.00    1.01    0.00    0.00    1.27    0.00    0.00    0.00   91.90
23:50:38     all    6.30    0.00    0.76    0.00    0.00    1.51    0.00    0.00    0.00   91.44
23:50:39     all    6.30    0.00    1.26    0.00    0.00    1.26    0.00    0.00    0.00   91.18
23:50:40     all    6.55    0.00    1.01    0.00    0.00    1.26    0.00    0.00    0.00   91.18
23:50:41     all    5.79    0.00    1.26    0.00    0.00    1.51    0.00    0.00    0.00   91.44
23:50:42     all    6.82    0.00    0.25    0.00    0.00    1.26    0.00    0.00    0.00   91.67
23:50:43     all    6.48    0.00    1.50    0.00    0.00    1.00    0.25    0.00    0.00   90.77
23:50:44     all    5.29    0.00    1.01    0.00    0.00    1.51    0.25    0.00    0.00   91.94
23:50:45     all    6.30    0.00    0.50    0.00    0.00    1.51    0.25    0.00    0.00   91.44
23:50:46     all    6.05    0.00    1.01    0.00    0.00    1.26    0.00    0.00    0.00   91.69
23:50:47     all    6.08    0.00    0.76    0.00    0.00    0.76    0.00    0.00    0.00   92.41
23:50:48     all    6.28    0.00    1.26    0.00    0.00    1.26    0.00    0.00    0.00   91.21
23:50:49     all    6.31    0.00    0.76    0.00    0.00    1.52    0.00    0.00    0.00   91.41
23:50:50     all    6.28    0.00    1.01    0.00    0.00    1.26    0.00    0.00    0.00   91.46
23:50:51     all    5.79    0.00    1.26    0.00    0.00    1.01    0.25    0.00    0.00   91.69
23:50:52     all    5.81    0.00    0.76    0.00    0.00    1.52    0.00    0.00    0.00   91.92
23:50:53     all    6.02    0.00    1.00    0.00    0.00    1.50    0.00    0.00    0.00   91.48
23:50:54     all    6.05    0.00    0.76    0.00    0.00    1.51    0.00    0.00    0.00   91.69
23:50:55     all    6.30    0.00    0.76    0.00    0.00    1.26    0.00    0.00    0.00   91.69
23:50:56     all    6.05    0.00    1.01    0.00    0.00    1.26    0.00    0.00    0.00   91.69
23:50:57     all    5.53    0.00    0.75    0.00    0.00    2.01    0.00    0.00    0.00   91.71
23:50:58     all    5.81    0.00    1.01    0.00    0.00    1.26    0.00    0.00    0.00   91.92
23:50:59     all    5.81    0.00    1.01    0.00    0.00    1.26    0.00    0.00    0.00   91.92
23:51:00     all    6.09    0.00    0.51    0.00    0.00    0.76    0.00    0.00    0.00   92.64
23:51:01     all    5.76    0.00    0.75    0.00    0.00    1.50    0.25    0.00    0.00   91.73
23:51:02     all    5.56    0.00    0.76    0.00    0.00    1.52    0.00    0.00    0.00   92.17
23:51:03     all    4.02    0.00    1.01    0.00    0.00    1.01    0.00    0.00    0.00   93.97
23:51:04     all    4.50    0.00    0.25    0.00    0.00    1.00    0.25    0.00    0.00   94.00
23:51:05     all    5.28    0.00    1.26    0.00    0.00    1.01    0.00    0.00    0.00   92.46
23:51:06     all    5.79    0.00    0.25    0.00    0.00    1.76    0.00    0.00    0.00   92.19
23:51:07     all    5.54    0.00    0.76    0.00    0.00    1.26    0.25    0.00    0.00   92.19
23:51:08     all    5.78    0.00    1.26    0.00    0.00    1.51    0.00    0.00    0.00   91.46
23:51:09     all    6.31    0.00    0.51    0.00    0.00    1.26    0.00    0.00    0.00   91.92
23:51:10     all    6.05    0.00    1.01    0.00    0.00    1.51    0.00    0.00    0.00   91.44
23:51:11     all    6.03    0.00    1.01    0.00    0.00    1.76    0.00    0.00    0.00   91.21
23:51:12     all    5.81    0.00    0.76    0.00    0.00    1.26    0.00    0.00    0.00   92.17
23:51:13     all    6.33    0.00    1.01    0.00    0.00    1.01    0.00    0.00    0.00   91.65
23:51:14     all    5.81    0.00    1.26    0.00    0.00    1.52    0.00    0.00    0.00   91.41
23:51:15     all    5.75    0.00    1.00    0.00    0.00    1.50    0.25    0.00    0.00   91.50
23:51:16     all    5.85    0.00    0.51    0.00    0.00    1.27    0.00    0.00    0.00   92.37
23:51:17     all    5.79    0.00    0.50    0.00    0.00    1.26    0.00    0.00    0.00   92.44
23:51:18     all    6.27    0.00    1.00    0.00    0.00    1.25    0.00    0.00    0.00   91.48
23:51:19     all    6.08    0.00    0.76    0.00    0.00    1.27    0.00    0.00    0.00   91.90
23:51:20     all    5.56    0.00    1.52    0.00    0.00    1.26    0.00    0.00    0.00   91.67
23:51:21     all    5.53    0.00    1.26    0.00    0.00    1.26    0.25    0.00    0.00   91.71
23:51:22     all    5.56    0.00    0.76    0.00    0.00    1.52    0.00    0.00    0.00   92.17
23:51:23     all    6.06    0.00    0.76    0.00    0.00    1.26    0.00    0.00    0.00   91.92
23:51:24     all    6.08    0.00    0.76    0.00    0.00    1.52    0.00    0.00    0.00   91.65
23:51:25     all    6.80    0.00    1.01    0.00    0.00    1.51    0.00    0.00    0.00   90.68
23:51:26     all    7.29    0.00    1.26    0.00    0.00    1.51    0.25    0.00    0.00   89.70
23:51:27     all    6.82    0.00    1.01    0.00    0.00    1.52    0.25    0.00    0.00   90.40
23:51:28     all    7.54    0.00    1.26    0.00    0.00    1.76    0.00    0.00    0.00   89.45
23:51:29     all    7.83    0.00    0.76    0.00    0.00    1.77    0.00    0.00    0.00   89.65
23:51:30     all    8.08    0.00    1.26    0.25    0.00    1.52    0.00    0.00    0.00   88.89
23:51:31     all    7.36    0.00    1.02    0.00    0.00    1.52    0.00    0.00    0.00   90.10
23:51:32     all    7.73    0.00    1.25    0.00    0.00    2.00    0.00    0.00    0.00   89.03
23:51:33     all    7.56    0.00    1.26    0.00    0.00    2.02    0.00    0.00    0.00   89.17
23:51:34     all    7.34    0.00    1.01    0.00    0.00    1.52    0.00    0.00    0.00   90.13
23:51:35     all    7.81    0.00    0.76    0.25    0.00    1.76    0.25    0.00    0.00   89.17
23:51:36     all    7.54    0.00    1.01    0.00    0.00    2.51    0.00    0.00    0.00   88.94
23:51:37     all    7.38    0.00    1.27    0.00    0.00    1.78    0.00    0.00    0.00   89.57
23:51:38     all    8.02    0.00    1.25    0.00    0.00    2.01    0.00    0.00    0.00   88.72
23:51:39     all    7.09    0.00    1.27    0.00    0.00    2.03    0.25    0.00    0.00   89.37
23:51:40     all    7.56    0.00    1.01    0.00    0.00    2.02    0.00    0.00    0.00   89.42
23:51:41     all    7.79    0.00    1.26    0.00    0.00    1.76    0.00    0.00    0.00   89.20
23:51:42     all    7.58    0.00    0.76    0.00    0.00    2.02    0.00    0.00    0.00   89.65
23:51:43     all    7.56    0.00    1.51    0.00    0.00    1.76    0.00    0.00    0.00   89.17
23:51:44     all    7.77    0.00    1.50    0.00    0.00    1.50    0.00    0.00    0.00   89.22
23:51:45     all    7.34    0.00    1.27    0.00    0.00    1.77    0.00    0.00    0.00   89.62
23:51:46     all    7.85    0.00    0.76    0.00    0.00    1.77    0.25    0.00    0.00   89.37
23:51:47     all    7.50    0.00    1.50    0.00    0.00    2.00    0.00    0.00    0.00   89.00
23:51:48     all    7.36    0.00    1.27    0.00    0.00    1.78    0.00    0.00    0.00   89.59
23:51:49     all    7.27    0.00    1.00    0.00    0.00    2.51    0.25    0.00    0.00   88.97
23:51:50     all    8.08    0.00    1.26    0.00    0.00    1.26    0.00    0.00    0.00   89.39
23:51:51     all    8.31    0.00    1.01    0.00    0.00    1.76    0.00    0.00    0.00   88.92
23:51:52     all    7.12    0.00    1.02    0.00    0.00    1.53    0.00    0.00    0.00   90.33
23:51:53     all    7.52    0.00    1.00    0.00    0.00    2.26    0.00    0.00    0.00   89.22
23:51:54     all    7.75    0.00    1.25    0.00    0.00    2.00    0.00    0.00    0.00   89.00
23:51:55     all    7.34    0.00    1.27    0.00    0.00    1.27    0.25    0.00    0.00   89.87
23:51:56     all    7.07    0.00    0.76    0.25    0.00    2.02    0.00    0.00    0.00   89.90
23:51:57     all    7.30    0.00    1.01    0.00    0.00    1.76    0.00    0.00    0.00   89.92
23:51:58     all    7.56    0.00    1.51    0.00    0.00    1.76    0.25    0.00    0.00   88.92
23:51:59     all    7.07    0.00    1.01    0.00    0.00    1.77    0.00    0.00    0.00   90.15
23:52:00     all    7.61    0.00    0.76    0.00    0.00    1.78    0.00    0.00    0.00   89.85
23:52:01     all    7.09    0.00    1.01    0.00    0.00    1.52    0.00    0.00    0.00   90.38
23:52:02     all    7.79    0.00    1.26    0.00    0.00    1.76    0.00    0.00    0.00   89.20
23:52:03     all    7.05    0.00    1.26    0.00    0.00    1.76    0.00    0.00    0.00   89.92
23:52:04     all    7.81    0.00    1.01    0.00    0.00    1.26    0.00    0.00    0.00   89.92
23:52:05     all    7.56    0.00    1.26    0.00    0.00    1.76    0.00    0.00    0.00   89.42
23:52:06     all    7.32    0.00    1.26    0.00    0.00    1.52    0.25    0.00    0.00   89.65
23:52:07     all    7.83    0.00    0.76    0.00    0.00    1.52    0.00    0.00    0.00   89.90
23:52:08     all    7.25    0.00    1.25    0.00    0.00    2.50    0.00    0.00    0.00   89.00
23:52:09     all    7.32    0.00    1.01    0.00    0.00    2.02    0.25    0.00    0.00   89.39
23:52:10     all    7.34    0.00    1.01    0.00    0.00    1.77    0.00    0.00    0.00   89.87
23:52:11     all    7.52    0.00    1.25    0.00    0.00    1.75    0.00    0.00    0.00   89.47
23:52:12     all    7.34    0.00    1.01    0.00    0.00    2.03    0.00    0.00    0.00   89.62
23:52:13     all    7.83    0.00    0.51    0.00    0.00    2.02    0.00    0.00    0.00   89.65
23:52:14     all    7.79    0.00    1.26    0.00    0.00    1.76    0.25    0.00    0.00   88.94
23:52:15     all    7.25    0.00    1.75    0.00    0.00    2.00    0.00    0.00    0.00   89.00
23:52:16     all    7.83    0.00    0.76    0.00    0.00    2.02    0.00    0.00    0.00   89.39
23:52:17     all    7.29    0.00    1.26    0.00    0.00    2.01    0.25    0.00    0.00   89.20
23:52:18     all    7.34    0.00    1.52    0.00    0.00    1.27    0.00    0.00    0.00   89.87
23:52:19     all    8.06    0.00    1.01    0.00    0.00    2.02    0.00    0.00    0.00   88.92
23:52:20     all    7.27    0.00    1.50    0.00    0.00    2.26    0.00    0.00    0.00   88.97
23:52:21     all    7.65    0.00    0.51    0.00    0.00    1.28    0.00    0.00    0.00   90.56
23:52:22     all    7.59    0.00    1.27    0.00    0.00    1.77    0.00    0.00    0.00   89.37
23:52:23     all    8.25    0.00    1.00    0.00    0.00    2.00    0.00    0.00    0.00   88.75
23:52:24     all    7.81    0.00    1.26    0.00    0.00    2.02    0.00    0.00    0.00   88.92
23:52:25     all    7.27    0.00    1.50    0.00    0.00    1.75    0.25    0.00    0.00   89.22
23:52:26     all    8.27    0.00    1.25    0.00    0.00    1.75    0.00    0.00    0.00   88.72
23:52:27     all    7.56    0.00    1.01    0.00    0.00    2.02    0.00    0.00    0.00   89.42
23:52:28     all    7.77    0.00    1.50    0.00    0.00    2.01    0.00    0.00    0.00   88.72
23:52:29     all    7.56    0.00    1.01    0.00    0.00    1.76    0.00    0.00    0.00   89.67
23:52:30     all    7.58    0.00    1.01    0.00    0.00    1.77    0.25    0.00    0.00   89.39
23:52:31     all    8.00    0.00    1.00    0.00    0.00    1.75    0.00    0.00    0.00   89.25
23:52:32     all    6.60    0.00    1.02    0.00    0.00    2.03    0.00    0.00    0.00   90.36
23:52:33     all    7.50    0.00    1.50    0.00    0.00    1.75    0.00    0.00    0.00   89.25
23:52:34     all    7.04    0.00    1.26    0.00    0.00    2.01    0.50    0.00    0.00   89.20
23:52:35     all    7.63    0.00    0.76    0.00    0.00    1.27    0.00    0.00    0.00   90.33
23:52:36     all    7.50    0.00    1.25    0.00    0.00    2.00    0.00    0.00    0.00   89.25
23:52:37     all    7.09    0.00    0.51    0.00    0.00    1.77    0.00    0.00    0.00   90.63
23:52:38     all    7.79    0.00    1.26    0.00    0.00    1.76    0.00    0.00    0.00   89.20
23:52:39     all    7.32    0.00    1.01    0.00    0.00    1.52    0.00    0.00    0.00   90.15
23:52:40     all    7.09    0.00    1.01    0.00    0.00    1.52    0.00    0.00    0.00   90.38
23:52:41     all    8.25    0.00    1.25    0.00    0.00    1.50    0.00    0.00    0.00   89.00
23:52:42     all    7.07    0.00    1.01    0.00    0.00    1.77    0.00    0.00    0.00   90.15
23:52:43     all    6.82    0.00    1.26    0.00    0.00    1.26    0.00    0.00    0.00   90.66
23:52:44     all    7.30    0.00    0.50    0.00    0.00    2.27    0.00    0.00    0.00   89.92
23:52:45     all    7.32    0.00    1.01    0.00    0.00    1.52    0.00    0.00    0.00   90.15
23:52:46     all    7.58    0.00    1.26    0.00    0.00    1.52    0.00    0.00    0.00   89.65
23:52:47     all    7.46    0.00    1.49    0.00    0.00    2.24    0.00    0.00    0.00   88.81
23:52:48     all    7.61    0.00    0.76    0.00    0.00    1.52    0.25    0.00    0.00   89.85
23:52:49     all    7.52    0.00    1.25    0.00    0.00    1.75    0.00    0.00    0.00   89.47
23:52:50     all    7.34    0.00    1.01    0.00    0.00    1.52    0.00    0.00    0.00   90.13
23:52:51     all    7.79    0.00    1.01    0.00    0.00    1.76    0.25    0.00    0.00   89.20
23:52:52     all    7.59    0.00    0.76    0.00    0.00    1.27    0.25    0.00    0.00   90.13
23:52:53     all    7.73    0.00    1.75    0.00    0.00    2.00    0.00    0.00    0.00   88.53
23:52:54     all    7.58    0.00    1.01    0.51    0.00    1.52    0.00    0.00    0.00   89.39
23:52:55     all    7.32    0.00    1.01    0.00    0.00    1.77    0.00    0.00    0.00   89.90
23:52:56     all    7.61    0.00    1.02    0.00    0.00    1.27    0.00    0.00    0.00   90.10
23:52:57     all    7.54    0.00    1.26    0.00    0.00    2.01    0.00    0.00    0.00   89.20
23:52:58     all    7.63    0.00    1.02    0.00    0.00    1.53    0.00    0.00    0.00   89.82
23:52:59     all    8.48    0.00    1.00    0.00    0.00    1.75    0.25    0.00    0.00   88.53
23:53:00     all    7.14    0.00    1.28    0.00    0.00    2.04    0.00    0.00    0.00   89.54
23:53:01     all    7.98    0.00    1.50    0.00    0.00    2.24    0.00    0.00    0.00   88.28
23:53:02     all    8.31    0.00    1.26    0.00    0.00    1.26    0.00    0.00    0.00   89.17
23:53:03     all    7.07    0.00    1.01    0.00    0.00    2.27    0.00    0.00    0.00   89.65
23:53:04     all    7.58    0.00    0.76    0.00    0.00    1.77    0.00    0.00    0.00   89.90
23:53:05     all    7.81    0.00    1.51    0.00    0.00    1.51    0.00    0.00    0.00   89.17
23:53:06     all    7.32    0.00    1.26    0.00    0.00    1.52    0.00    0.00    0.00   89.90
23:53:07     all    7.59    0.00    1.01    0.00    0.00    1.52    0.00    0.00    0.00   89.87
23:53:08     all    7.77    0.00    0.75    0.00    0.00    2.51    0.25    0.00    0.00   88.72
23:53:09     all    7.85    0.00    1.01    0.00    0.00    1.52    0.00    0.00    0.00   89.62
23:53:10     all    7.52    0.00    1.25    0.00    0.00    1.75    0.50    0.00    0.00   88.97
23:53:11     all    7.30    0.00    1.51    0.00    0.00    1.76    0.00    0.00    0.00   89.42
23:53:12     all    8.10    0.00    0.76    0.00    0.00    1.52    0.00    0.00    0.00   89.62
23:53:13     all    7.34    0.00    1.01    0.00    0.00    1.77    0.00    0.00    0.00   89.87
23:53:14     all    8.29    0.00    1.01    0.00    0.00    2.26    0.00    0.00    0.00   88.44
23:53:15     all    7.52    0.00    1.75    0.00    0.00    1.25    0.00    0.00    0.00   89.47
23:53:16     all    7.79    0.00    1.26    0.00    0.00    2.26    0.00    0.00    0.00   88.69
23:53:17     all    7.58    0.00    1.26    0.00    0.00    1.26    0.25    0.00    0.00   89.65
23:53:18     all    7.56    0.00    1.01    0.00    0.00    1.76    0.00    0.00    0.00   89.67
23:53:19     all    7.77    0.00    1.50    0.00    0.00    2.01    0.00    0.00    0.00   88.72
23:53:20     all    7.58    0.00    1.01    0.00    0.00    1.77    0.00    0.00    0.00   89.65
23:53:21     all    7.36    0.00    1.27    0.00    0.00    1.78    0.00    0.00    0.00   89.59
23:53:22     all    7.81    0.00    1.26    0.00    0.00    1.76    0.00    0.00    0.00   89.17
23:53:23     all    8.29    0.00    1.01    0.00    0.00    1.76    0.00    0.00    0.00   88.94
23:53:24     all    7.34    0.00    1.27    0.00    0.00    2.03    0.00    0.00    0.00   89.37
23:53:25     all    7.59    0.00    1.27    0.25    0.00    1.52    0.00    0.00    0.00   89.37
23:53:26     all    8.52    0.00    1.00    0.00    0.00    2.01    0.00    0.00    0.00   88.47
23:53:27     all    7.05    0.00    1.01    0.00    0.00    2.02    0.25    0.00    0.00   89.67
23:53:28     all    7.56    0.00    0.76    0.00    0.00    2.02    0.25    0.00    0.00   89.42
23:53:29     all    7.52    0.00    1.25    0.00    0.00    2.01    0.25    0.00    0.00   88.97
23:53:30     all    7.87    0.00    1.27    0.00    0.00    1.52    0.00    0.00    0.00   89.34
23:53:31     all    7.38    0.00    1.02    0.00    0.00    1.53    0.00    0.00    0.00   90.08
23:53:32     all    8.00    0.00    1.50    0.00    0.00    1.75    0.00    0.00    0.00   88.75
23:53:33     all    7.83    0.00    1.01    0.00    0.00    1.77    0.00    0.00    0.00   89.39
23:53:34     all    7.79    0.00    1.26    0.00    0.00    2.01    0.00    0.00    0.00   88.94
23:53:35     all    7.75    0.00    1.00    0.25    0.00    2.00    0.25    0.00    0.00   88.75
23:53:36     all    8.02    0.00    1.25    0.00    0.00    2.26    0.00    0.00    0.00   88.47
23:53:37     all    7.42    0.00    0.77    0.00    0.00    1.79    0.00    0.00    0.00   90.03
23:53:38     all    7.59    0.00    1.01    0.00    0.00    2.03    0.00    0.00    0.00   89.37
23:53:39     all    8.04    0.00    1.26    0.00    0.00    2.01    0.00    0.00    0.00   88.69
23:53:40     all    8.27    0.00    1.25    0.00    0.00    1.75    0.00    0.00    0.00   88.72
23:53:41     all    7.29    0.00    1.51    0.00    0.00    2.26    0.00    0.00    0.00   88.94
23:53:42     all    7.32    0.00    1.52    0.00    0.00    1.77    0.00    0.00    0.00   89.39
23:53:43     all    7.32    0.00    0.76    0.00    0.00    1.26    0.00    0.00    0.00   90.66
23:53:44     all    7.09    0.00    1.27    0.00    0.00    2.03    0.00    0.00    0.00   89.62
23:53:45     all    7.98    0.00    1.25    0.00    0.00    2.49    0.25    0.00    0.00   88.03
23:53:46     all    7.85    0.00    1.01    0.00    0.00    1.27    0.51    0.00    0.00   89.37
23:53:47     all    8.33    0.00    1.01    0.00    0.00    1.52    0.00    0.00    0.00   89.14
23:53:48     all    8.08    0.00    1.01    0.00    0.00    1.77    0.00    0.00    0.00   89.14
23:53:49     all    8.56    0.00    1.26    0.00    0.00    1.51    0.00    0.00    0.00   88.66
23:53:50     all    8.35    0.00    0.76    0.00    0.00    1.52    0.00    0.00    0.00   89.37
23:53:51     all    8.31    0.00    0.76    0.00    0.00    2.02    0.00    0.00    0.00   88.92
23:53:52     all    7.54    0.00    1.76    0.00    0.00    1.76    0.25    0.00    0.00   88.69
23:53:53     all    7.09    0.00    1.01    0.00    0.00    2.03    0.00    0.00    0.00   89.87
23:53:54     all    7.59    0.00    1.01    0.00    0.00    1.52    0.00    0.00    0.00   89.87
23:53:55     all    7.83    0.00    1.01    0.00    0.00    1.26    0.00    0.00    0.00   89.90
23:53:56     all    8.02    0.00    1.25    0.00    0.00    2.01    0.00    0.00    0.00   88.72
23:53:57     all    7.54    0.00    1.26    0.00    0.00    1.76    0.00    0.00    0.00   89.45
23:53:58     all    7.32    0.00    1.01    0.00    0.00    2.27    0.00    0.00    0.00   89.39
23:53:59     all    7.34    0.00    1.27    0.00    0.00    1.77    0.00    0.00    0.00   89.62
23:54:00     all    7.27    0.00    1.25    0.00    0.00    2.01    0.00    0.00    0.00   89.47
23:54:01     all    8.04    0.00    1.01    0.00    0.00    1.76    0.25    0.00    0.00   88.94
23:54:02     all    8.02    0.00    1.00    0.00    0.00    2.01    0.00    0.00    0.00   88.97
23:54:03     all    7.07    0.00    1.26    0.00    0.00    2.02    0.00    0.00    0.00   89.65
23:54:04     all    3.74    0.00    0.50    0.00    0.00    1.00    0.00    0.00    0.00   94.76
23:54:05     all    4.55    0.00    1.01    0.00    0.00    0.76    0.00    0.00    0.00   93.69
23:54:06     all    7.23    0.00    1.00    0.00    0.00    2.00    0.50    0.00    0.00   89.28
23:54:07     all    7.87    0.00    1.02    0.00    0.00    1.27    0.00    0.00    0.00   89.85
23:54:08     all    6.82    0.00    1.01    0.00    0.00    2.02    0.00    0.00    0.00   90.15
23:54:09     all    8.29    0.00    1.26    0.00    0.00    1.51    0.00    0.00    0.00   88.94
23:54:10     all    7.96    0.00    1.24    0.00    0.00    1.99    0.00    0.00    0.00   88.81
23:54:11     all    7.59    0.00    1.27    0.00    0.00    1.52    0.25    0.00    0.00   89.37
23:54:12     all    8.02    0.00    1.25    0.00    0.00    1.75    0.00    0.00    0.00   88.97
23:54:13     all    7.52    0.00    1.00    0.00    0.00    1.75    0.00    0.00    0.00   89.72
23:54:14     all    7.58    0.00    1.01    0.00    0.00    1.26    0.00    0.00    0.00   90.15
23:54:15     all    6.62    0.00    1.02    0.00    0.00    1.53    0.00    0.00    0.00   90.84
23:54:16     all    7.58    0.00    1.01    0.00    0.00    1.77    0.00    0.00    0.00   89.65
23:54:17     all    7.00    0.00    1.50    0.00    0.00    1.50    0.00    0.00    0.00   90.00
23:54:18     all    7.81    0.00    1.01    0.00    0.00    1.51    0.00    0.00    0.00   89.67
23:54:19     all    7.59    0.00    0.51    0.00    0.00    2.03    0.00    0.00    0.00   89.87
23:54:20     all    7.00    0.00    1.50    0.00    0.00    2.00    0.00    0.00    0.00   89.50
23:54:21     all    8.04    0.00    1.01    0.00    0.00    1.76    0.25    0.00    0.00   88.94
23:54:22     all    7.12    0.00    1.02    0.00    0.00    1.53    0.00    0.00    0.00   90.33
23:54:23     all    7.52    0.00    1.00    0.25    0.00    2.01    0.25    0.00    0.00   88.97
23:54:24     all    7.30    0.00    1.26    0.00    0.00    1.51    0.25    0.00    0.00   89.67
23:54:25     all    7.05    0.00    1.26    0.00    0.00    2.27    0.00    0.00    0.00   89.42
23:54:26     all    7.54    0.00    1.01    0.00    0.00    2.01    0.00    0.00    0.00   89.45
23:54:27     all    7.11    0.00    1.27    0.00    0.00    1.52    0.00    0.00    0.00   90.10
23:54:28     all    7.30    0.00    1.01    0.00    0.00    2.02    0.00    0.00    0.00   89.67
23:54:29     all    7.54    0.00    1.01    0.00    0.00    1.76    0.00    0.00    0.00   89.70
23:54:30     all    7.30    0.00    1.01    0.00    0.00    1.76    0.00    0.00    0.00   89.92
23:54:31     all    7.30    0.00    1.01    0.00    0.00    1.26    0.25    0.00    0.00   90.18
23:54:32     all    8.06    0.00    1.01    0.00    0.00    2.02    0.00    0.00    0.00   88.92
23:54:33     all    7.83    0.00    0.76    0.00    0.00    2.02    0.00    0.00    0.00   89.39
23:54:34     all    7.79    0.00    1.26    0.00    0.00    1.51    0.00    0.00    0.00   89.45
23:54:35     all    7.85    0.00    1.01    0.00    0.00    1.52    0.00    0.00    0.00   89.62
23:54:36     all    8.12    0.00    0.76    0.00    0.00    1.27    0.00    0.00    0.00   89.85
23:54:37     all    7.79    0.00    1.51    0.00    0.00    1.76    0.00    0.00    0.00   88.94
23:54:38     all    7.87    0.00    1.02    0.00    0.00    1.78    0.00    0.00    0.00   89.34
23:54:39     all    7.27    0.00    1.00    0.00    0.00    2.26    0.00    0.00    0.00   89.47
23:54:40     all    7.83    0.00    0.76    0.00    0.00    1.77    0.25    0.00    0.00   89.39
23:54:41     all    7.79    0.00    1.26    0.00    0.00    1.76    0.00    0.00    0.00   89.20
23:54:42     all    6.58    0.00    1.01    0.00    0.00    1.77    0.00    0.00    0.00   90.63
23:54:43     all    7.59    0.00    0.76    0.00    0.00    1.52    0.00    0.00    0.00   90.13
23:54:44     all    7.56    0.00    1.76    0.00    0.00    1.01    0.25    0.00    0.00   89.42
23:54:45     all    7.56    0.00    1.26    0.00    0.00    1.76    0.00    0.00    0.00   89.42
23:54:46     all    7.83    0.00    0.76    0.00    0.00    1.77    0.00    0.00    0.00   89.65
23:54:47     all    7.09    0.00    1.01    0.00    0.00    1.52    0.25    0.00    0.00   90.13
23:54:48     all    7.34    0.00    1.27    0.00    0.00    1.77    0.00    0.00    0.00   89.62
23:54:49     all    8.00    0.00    1.25    0.00    0.00    2.00    0.00    0.00    0.00   88.75
23:54:50     all    7.56    0.00    1.26    0.00    0.00    2.27    0.25    0.00    0.00   88.66
23:54:51     all    7.54    0.00    1.01    0.00    0.00    1.76    0.00    0.00    0.00   89.70
23:54:52     all    8.38    0.00    1.02    0.00    0.00    1.27    0.00    0.00    0.00   89.34
23:54:53     all    7.54    0.00    1.26    0.00    0.00    2.01    0.00    0.00    0.00   89.20
23:54:54     all    7.30    0.00    1.51    0.00    0.00    1.51    0.00    0.00    0.00   89.67
23:54:55     all    7.12    0.00    1.27    0.00    0.00    2.04    0.00    0.00    0.00   89.57
23:54:56     all    8.33    0.00    1.26    0.00    0.00    1.26    0.00    0.00    0.00   89.14
23:54:57     all   14.68    0.00    8.10    8.10    0.00    2.78    0.00    0.00    0.00   66.33
23:54:58     all    9.50    0.00    2.75    1.00    0.00    2.00    0.25    0.00    0.00   84.50
23:54:59     all    7.32    0.00    0.76    0.00    0.00    1.52    0.00    0.00    0.00   90.40
23:55:00     all    7.79    0.00    1.26    0.00    0.00    1.76    0.00    0.00    0.00   89.20
23:55:01     all    7.34    0.00    1.01    0.00    0.00    1.77    0.00    0.00    0.00   89.87
23:55:02     all    8.27    0.00    1.50    0.50    0.00    1.75    0.25    0.00    0.00   87.72
23:55:03     all    7.54    0.00    1.51    0.00    0.00    1.76    0.00    0.00    0.00   89.20
23:55:04     all    7.14    0.00    0.51    0.00    0.00    1.53    0.00    0.00    0.00   90.82
23:55:05     all    7.07    0.00    1.01    0.00    0.00    2.02    0.00    0.00    0.00   89.90
23:55:06     all    8.02    0.00    1.25    0.00    0.00    1.75    0.25    0.00    0.00   88.72
23:55:07     all    7.29    0.00    1.26    0.00    0.00    1.76    0.25    0.00    0.00   89.45
23:55:08     all    7.59    0.00    0.76    0.00    0.00    1.77    0.00    0.00    0.00   89.87
23:55:09     all    7.52    0.00    1.00    0.00    0.00    2.01    0.00    0.00    0.00   89.47
23:55:10     all    8.40    0.00    0.51    0.00    0.00    1.53    0.00    0.00    0.00   89.57
23:55:11     all    7.85    0.00    1.01    0.00    0.00    1.27    0.00    0.00    0.00   89.87
23:55:12     all    7.79    0.00    1.76    0.00    0.00    2.01    0.00    0.00    0.00   88.44
23:55:13     all    7.83    0.00    1.01    0.00    0.00    1.52    0.00    0.00    0.00   89.65
23:55:14     all    7.75    0.00    1.50    0.00    0.00    2.50    0.25    0.00    0.00   88.00
23:55:15     all    7.63    0.00    0.76    0.00    0.00    1.02    0.00    0.00    0.00   90.59
23:55:16     all    7.52    0.00    1.25    0.00    0.00    2.51    0.00    0.00    0.00   88.72
23:55:17     all    7.48    0.00    1.75    0.00    0.00    2.00    0.00    0.00    0.00   88.78
23:55:18     all    7.63    0.00    0.51    0.00    0.00    1.78    0.00    0.00    0.00   90.08
23:55:19     all    8.25    0.00    1.00    0.25    0.00    2.00    0.00    0.00    0.00   88.50
23:55:20     all    7.54    0.00    1.51    0.00    0.00    2.01    0.25    0.00    0.00   88.69
23:55:21     all    7.61    0.00    1.02    0.00    0.00    1.52    0.00    0.00    0.00   89.85
23:55:22     all    7.79    0.00    1.26    0.00    0.00    2.01    0.25    0.00    0.00   88.69
23:55:23     all    8.06    0.00    1.01    0.00    0.00    1.76    0.00    0.00    0.00   89.17
23:55:24     all    7.59    0.00    1.27    0.00    0.00    1.52    0.00    0.00    0.00   89.62
23:55:25     all    8.06    0.00    1.26    0.00    0.00    1.51    0.25    0.00    0.00   88.92
23:55:26     all    8.08    0.00    1.01    0.00    0.00    2.02    0.00    0.00    0.00   88.89
23:55:27     all    7.23    0.00    1.25    0.00    0.00    2.24    0.00    0.00    0.00   89.28
23:55:28     all    7.58    0.00    1.26    0.00    0.00    2.27    0.00    0.00    0.00   88.89
23:55:29     all    7.85    0.00    1.01    0.00    0.00    1.77    0.00    0.00    0.00   89.37
23:55:30     all    8.00    0.00    1.00    0.00    0.00    2.25    0.25    0.00    0.00   88.50
23:55:31     all    7.85    0.00    1.01    0.00    0.00    1.27    0.00    0.00    0.00   89.87
23:55:32     all    8.06    0.00    1.26    0.00    0.00    1.76    0.00    0.00    0.00   88.92
23:55:33     all    7.34    0.00    1.01    0.00    0.00    1.77    0.00    0.00    0.00   89.87
23:55:34     all    7.27    0.00    1.25    0.00    0.00    2.26    0.00    0.00    0.00   89.22
23:55:35     all    8.06    0.00    0.76    0.00    0.00    1.76    0.00    0.00    0.00   89.42
23:55:36     all    7.83    0.00    1.01    0.00    0.00    2.27    0.00    0.00    0.00   88.89
23:55:37     all    7.87    0.00    1.27    0.00    0.00    1.27    0.00    0.00    0.00   89.59
23:55:38     all    7.50    0.00    1.50    0.00    0.00    2.25    0.25    0.00    0.00   88.50
23:55:39     all    7.81    0.00    1.26    0.00    0.00    1.51    0.25    0.00    0.00   89.17
23:55:40     all    6.80    0.00    1.26    0.00    0.00    2.02    0.00    0.00    0.00   89.92
23:55:41     all    7.85    0.00    1.01    0.00    0.00    1.52    0.00    0.00    0.00   89.62
23:55:42     all    8.04    0.00    1.26    0.00    0.00    2.01    0.00    0.00    0.00   88.69
23:55:43     all    7.54    0.00    1.76    0.00    0.00    1.76    0.00    0.00    0.00   88.94
23:55:44     all    7.56    0.00    1.01    0.00    0.00    1.76    0.25    0.00    0.00   89.42
23:55:45     all    7.81    0.00    1.01    0.00    0.00    2.02    0.00    0.00    0.00   89.17
23:55:46     all    7.87    0.00    1.27    0.00    0.00    1.78    0.00    0.00    0.00   89.09
23:55:47     all    7.83    0.00    1.26    0.25    0.00    1.77    0.00    0.00    0.00   88.89
23:55:48     all    8.29    0.00    1.26    0.00    0.00    1.76    0.00    0.00    0.00   88.69
23:55:49     all    7.81    0.00    1.26    0.00    0.00    1.76    0.25    0.00    0.00   88.92
23:55:50     all    7.56    0.00    1.76    0.00    0.00    1.76    0.00    0.00    0.00   88.92
23:55:51     all    8.08    0.00    1.01    0.00    0.00    1.52    0.00    0.00    0.00   89.39
23:55:52     all    7.46    0.00    1.24    0.25    0.00    1.74    0.00    0.00    0.00   89.30
23:55:53     all    7.11    0.00    1.27    0.00    0.00    2.03    0.00    0.00    0.00   89.59
23:55:54     all    7.52    0.00    1.50    0.00    0.00    2.26    0.00    0.00    0.00   88.72
23:55:55     all    7.83    0.00    0.76    0.00    0.00    1.77    0.00    0.00    0.00   89.65
23:55:56     all    8.06    0.00    1.26    0.00    0.00    1.76    0.00    0.00    0.00   88.92
23:55:57     all    7.54    0.00    1.01    0.00    0.00    2.51    0.00    0.00    0.00   88.94
23:55:58     all    7.54    0.00    1.26    0.00    0.00    2.01    0.50    0.00    0.00   88.69
23:55:59     all    7.58    0.00    1.01    0.00    0.00    1.77    0.00    0.00    0.00   89.65
23:56:00     all    8.10    0.00    1.01    0.00    0.00    1.77    0.00    0.00    0.00   89.11
23:56:01     all    7.81    0.00    1.26    0.00    0.00    1.51    0.00    0.00    0.00   89.42
23:56:02     all    7.81    0.00    1.26    0.00    0.00    2.02    0.00    0.00    0.00   88.92
23:56:03     all    7.87    0.00    0.76    0.00    0.00    1.27    0.00    0.00    0.00   90.10
23:56:04     all    6.75    0.00    1.75    0.00    0.00    2.00    0.25    0.00    0.00   89.25
23:56:05     all    7.81    0.00    1.26    0.00    0.00    1.76    0.00    0.00    0.00   89.17
23:56:06     all    7.83    0.00    1.26    0.00    0.00    2.02    0.00    0.00    0.00   88.89
23:56:07     all    7.79    0.00    1.01    0.00    0.00    2.01    0.25    0.00    0.00   88.94
23:56:08     all    8.06    0.00    1.26    0.00    0.00    1.76    0.00    0.00    0.00   88.92
23:56:09     all    7.61    0.00    1.27    0.00    0.00    1.27    0.00    0.00    0.00   89.85
23:56:10     all    8.31    0.00    1.01    0.00    0.00    2.02    0.00    0.00    0.00   88.66
23:56:11     all    8.14    0.00    1.27    0.00    0.00    1.27    0.00    0.00    0.00   89.31
23:56:12     all    7.75    0.00    1.25    0.00    0.00    2.25    0.00    0.00    0.00   88.75
23:56:13     all    8.02    0.00    1.25    0.00    0.00    1.75    0.00    0.00    0.00   88.97
23:56:14     all    7.36    0.00    1.27    0.00    0.00    1.27    0.25    0.00    0.00   89.85
23:56:15     all    7.56    0.00    1.01    0.00    0.00    2.52    0.00    0.00    0.00   88.92
23:56:16     all    8.14    0.00    0.76    0.00    0.00    1.27    0.25    0.00    0.00   89.57
23:56:17     all    7.00    0.00    1.50    0.00    0.00    2.50    0.00    0.00    0.00   89.00
23:56:18     all    8.12    0.00    1.02    0.00    0.00    1.52    0.00    0.00    0.00   89.34
23:56:19     all    7.85    0.00    1.27    0.00    0.00    1.52    0.00    0.00    0.00   89.37
23:56:20     all    8.04    0.00    0.75    0.00    0.00    2.01    0.00    0.00    0.00   89.20
23:56:21     all    7.81    0.00    1.76    0.00    0.00    1.76    0.00    0.00    0.00   88.66
23:56:22     all    7.09    0.00    1.52    0.00    0.00    1.77    0.00    0.00    0.00   89.62
23:56:23     all    7.50    0.00    1.25    0.00    0.00    2.50    0.25    0.00    0.00   88.50
23:56:24     all    7.56    0.00    1.26    0.00    0.00    2.27    0.25    0.00    0.00   88.66
23:56:25     all    7.32    0.00    1.26    0.00    0.00    1.26    0.00    0.00    0.00   90.15
23:56:26     all    8.29    0.00    1.01    0.00    0.00    1.76    0.00    0.00    0.00   88.94
23:56:27     all    7.58    0.00    1.26    0.00    0.00    1.77    0.00    0.00    0.00   89.39
23:56:28     all    7.61    0.00    1.27    0.00    0.00    1.78    0.00    0.00    0.00   89.34
23:56:29     all    7.30    0.00    1.01    0.00    0.00    2.27    0.00    0.00    0.00   89.42
23:56:30     all    8.04    0.00    1.01    0.00    0.00    1.76    0.00    0.00    0.00   89.20
23:56:31     all    8.27    0.00    1.00    0.00    0.00    1.75    0.25    0.00    0.00   88.72
23:56:32     all    7.61    0.00    1.02    0.00    0.00    1.27    0.00    0.00    0.00   90.10
23:56:33     all    7.77    0.00    1.50    0.00    0.00    1.50    0.00    0.00    0.00   89.22
23:56:34     all    7.09    0.00    1.01    0.00    0.00    1.77    0.00    0.00    0.00   90.13
23:56:35     all    8.29    0.00    1.01    0.00    0.00    1.51    0.00    0.00    0.00   89.20
23:56:36     all    7.29    0.00    1.26    0.00    0.00    2.01    0.25    0.00    0.00   89.20
23:56:37     all    8.02    0.00    1.00    0.00    0.00    1.25    0.00    0.00    0.00   89.72
23:56:38     all    7.09    0.00    1.27    0.00    0.00    1.77    0.00    0.00    0.00   89.87
23:56:39     all    7.79    0.00    1.26    0.00    0.00    2.01    0.00    0.00    0.00   88.94
23:56:40     all    7.61    0.00    0.76    0.00    0.00    1.52    0.00    0.00    0.00   90.10
23:56:41     all    7.34    0.00    1.52    0.00    0.00    1.77    0.00    0.00    0.00   89.37
23:56:42     all    7.54    0.00    1.26    0.00    0.00    1.76    0.00    0.00    0.00   89.45
23:56:43     all    7.61    0.00    1.02    0.25    0.00    1.02    0.00    0.00    0.00   90.10
23:56:44     all    7.71    0.00    1.74    0.00    0.00    1.99    0.00    0.00    0.00   88.56
23:56:45     all    7.56    0.00    1.26    0.00    0.00    1.51    0.50    0.00    0.00   89.17
23:56:46     all    7.63    0.00    0.76    0.00    0.00    1.78    0.00    0.00    0.00   89.82
23:56:47     all    7.27    0.00    1.50    0.00    0.00    1.75    0.00    0.00    0.00   89.47
23:56:48     all    7.05    0.00    1.26    0.00    0.00    2.02    0.00    0.00    0.00   89.67
23:56:49     all    7.77    0.00    1.00    0.00    0.00    1.75    0.00    0.00    0.00   89.47
23:56:50     all    6.89    0.00    1.53    0.00    0.00    1.79    0.00    0.00    0.00   89.80
23:56:51     all    8.21    0.00    1.24    0.00    0.00    2.24    0.00    0.00    0.00   88.31
23:56:52     all    6.85    0.00    1.02    0.00    0.00    1.27    0.25    0.00    0.00   90.61
23:56:53     all    8.29    0.00    1.01    0.00    0.00    1.51    0.00    0.00    0.00   89.20
23:56:54     all    7.56    0.00    1.26    0.00    0.00    1.51    0.00    0.00    0.00   89.67
23:56:55     all    7.54    0.00    1.01    0.00    0.00    2.01    0.25    0.00    0.00   89.20
23:56:56     all    8.12    0.00    0.76    0.00    0.00    1.27    0.00    0.00    0.00   89.85
23:56:57     all    7.77    0.00    1.50    0.00    0.00    1.75    0.00    0.00    0.00   88.97
23:56:58     all    7.59    0.00    1.27    0.00    0.00    2.03    0.00    0.00    0.00   89.11
23:56:59     all    7.05    0.00    1.51    0.00    0.00    1.76    0.00    0.00    0.00   89.67
23:57:00     all    8.86    0.00    2.03    1.52    0.00    2.03    0.00    0.00    0.00   85.57
23:57:01     all    7.11    0.00    1.02    0.00    0.00    1.78    0.00    0.00    0.00   90.10
23:57:02     all    6.75    0.00    1.50    0.00    0.00    2.25    0.25    0.00    0.00   89.25
23:57:03     all    7.81    0.00    0.76    0.00    0.00    1.76    0.25    0.00    0.00   89.42
23:57:04     all    4.27    0.00    0.75    0.00    0.00    0.75    0.00    0.00    0.00   94.22
23:57:05     all    5.03    0.00    0.75    0.00    0.00    1.51    0.00    0.00    0.00   92.71
23:57:06     all    7.09    0.00    0.51    0.00    0.00    1.52    0.00    0.00    0.00   90.89
23:57:07     all    7.52    0.00    1.75    0.00    0.00    1.25    0.00    0.00    0.00   89.47
23:57:08     all    8.08    0.00    0.76    0.00    0.00    1.77    0.00    0.00    0.00   89.39
23:57:09     all    7.83    0.00    1.01    0.00    0.00    1.77    0.00    0.00    0.00   89.39
23:57:10     all    7.81    0.00    1.01    0.00    0.00    1.51    0.25    0.00    0.00   89.42
23:57:11     all    7.56    0.00    1.76    0.00    0.00    1.51    0.00    0.00    0.00   89.17
23:57:12     all    7.05    0.00    1.01    0.00    0.00    2.27    0.00    0.00    0.00   89.67
23:57:13     all    7.61    0.00    1.27    0.00    0.00    1.27    0.25    0.00    0.00   89.59
23:57:14     all    7.29    0.00    1.26    0.00    0.00    2.01    0.00    0.00    0.00   89.45
23:57:15     all    8.79    0.00    1.76    0.00    0.00    1.51    0.00    0.00    0.00   87.94
23:57:16     all    7.85    0.00    1.01    0.00    0.00    1.77    0.00    0.00    0.00   89.37
23:57:17     all    7.56    0.00    1.01    0.00    0.00    2.02    0.00    0.00    0.00   89.42
23:57:18     all    7.36    0.00    1.02    0.00    0.00    1.52    0.00    0.00    0.00   90.10
23:57:19     all    8.04    0.00    1.01    0.00    0.00    1.51    0.00    0.00    0.00   89.45
23:57:20     all    7.56    0.00    1.26    0.00    0.00    2.02    0.00    0.00    0.00   89.17
23:57:21     all    7.32    0.00    1.01    0.00    0.00    2.02    0.00    0.00    0.00   89.65
23:57:22     all    7.30    0.00    1.26    0.00    0.00    1.76    0.25    0.00    0.00   89.42
23:57:23     all    7.75    0.00    1.00    0.00    0.00    2.50    0.00    0.00    0.00   88.75
23:57:24     all    8.06    0.00    1.01    0.00    0.00    1.76    0.25    0.00    0.00   88.92
23:57:25     all    7.56    0.00    1.51    0.00    0.00    1.76    0.00    0.00    0.00   89.17
23:57:26     all    8.04    0.00    0.75    0.25    0.00    1.76    0.00    0.00    0.00   89.20
23:57:27     all    7.81    0.00    1.01    0.00    0.00    1.26    0.25    0.00    0.00   89.67
23:57:28     all    6.82    0.00    1.77    0.00    0.00    2.27    0.00    0.00    0.00   89.14
23:57:29     all    7.58    0.00    0.76    0.00    0.00    1.77    0.00    0.00    0.00   89.90
23:57:30     all    7.54    0.00    1.26    0.00    0.00    2.01    0.00    0.00    0.00   89.20
23:57:31     all    7.61    0.00    1.02    0.25    0.00    1.27    0.00    0.00    0.00   89.85
23:57:32     all    7.07    0.00    1.52    0.00    0.00    1.77    0.00    0.00    0.00   89.65
23:57:33     all    7.29    0.00    1.51    0.00    0.00    1.76    0.25    0.00    0.00   89.20
23:57:34     all    7.83    0.00    0.76    0.00    0.00    1.52    0.00    0.00    0.00   89.90
23:57:35     all    7.38    0.00    1.02    0.00    0.00    1.02    0.00    0.00    0.00   90.59
23:57:36     all    7.79    0.00    1.26    0.00    0.00    2.01    0.00    0.00    0.00   88.94
23:57:37     all    7.56    0.00    1.76    0.00    0.00    1.51    0.00    0.00    0.00   89.17
23:57:38     all    7.87    0.00    0.76    0.00    0.00    1.78    0.00    0.00    0.00   89.59
23:57:39     all    8.04    0.00    1.26    0.00    0.00    1.76    0.25    0.00    0.00   88.69
23:57:40     all    7.79    0.00    1.51    0.00    0.00    1.51    0.00    0.00    0.00   89.20
23:57:41     all    7.59    0.00    1.52    0.00    0.00    1.52    0.25    0.00    0.00   89.11
23:57:42     all    7.63    0.00    1.02    0.00    0.00    1.53    0.00    0.00    0.00   89.82
23:57:43     all    8.25    0.00    1.25    0.00    0.00    2.00    0.00    0.00    0.00   88.50
23:57:44     all    8.08    0.00    1.01    0.00    0.00    1.77    0.00    0.00    0.00   89.14
23:57:45     all    7.81    0.00    1.01    0.00    0.00    2.02    0.25    0.00    0.00   88.92
23:57:46     all    7.79    0.00    1.26    0.00    0.00    2.01    0.00    0.00    0.00   88.94
23:57:47     all    7.81    0.00    1.26    0.00    0.00    1.51    0.00    0.00    0.00   89.42
23:57:48     all    7.36    0.00    1.27    0.00    0.00    1.78    0.00    0.00    0.00   89.59
23:57:49     all    8.00    0.00    1.00    0.00    0.00    2.25    0.25    0.00    0.00   88.50
23:57:50     all    8.10    0.00    1.01    0.00    0.00    1.52    0.00    0.00    0.00   89.37
23:57:51     all    8.12    0.00    0.76    0.00    0.00    2.03    0.00    0.00    0.00   89.09
23:57:52     all    8.56    0.00    1.26    0.00    0.00    2.27    0.00    0.00    0.00   87.91
23:57:53     all    8.31    0.00    1.26    0.00    0.00    2.02    0.00    0.00    0.00   88.41
23:57:54     all    8.54    0.00    1.26    0.00    0.00    1.76    0.00    0.00    0.00   88.44
23:57:55     all    7.85    0.00    0.76    0.00    0.00    2.03    0.51    0.00    0.00   88.86
23:57:56     all    9.32    0.00    1.26    0.00    0.00    1.51    0.00    0.00    0.00   87.91
23:57:57     all    7.83    0.00    1.26    0.00    0.00    2.02    0.25    0.00    0.00   88.64
23:57:58     all    8.27    0.00    1.75    0.00    0.00    1.75    0.00    0.00    0.00   88.22
23:57:59     all    7.85    0.00    1.01    0.00    0.00    1.77    0.00    0.00    0.00   89.37
23:58:00     all    8.35    0.00    1.01    0.00    0.00    1.52    0.00    0.00    0.00   89.11
23:58:01     all    7.09    0.00    1.27    0.00    0.00    1.77    0.00    0.00    0.00   89.87
23:58:02     all    8.06    0.00    1.01    0.00    0.00    1.51    0.25    0.00    0.00   89.17
23:58:03     all    7.56    0.00    1.26    0.00    0.00    1.51    0.00    0.00    0.00   89.67
23:58:04     all    7.38    0.00    1.53    0.00    0.00    1.53    0.00    0.00    0.00   89.57
23:58:05     all    8.02    0.00    1.25    0.00    0.00    2.01    0.00    0.00    0.00   88.72
23:58:06     all    8.33    0.00    0.76    0.00    0.00    1.77    0.00    0.00    0.00   89.14
23:58:07     all    7.79    0.00    1.51    0.00    0.00    1.51    0.00    0.00    0.00   89.20
23:58:08     all    8.14    0.00    1.27    0.00    0.00    1.53    0.00    0.00    0.00   89.06
23:58:09     all    8.52    0.00    1.25    0.00    0.00    1.75    0.25    0.00    0.00   88.22
23:58:10     all    8.06    0.00    1.26    0.00    0.00    2.02    0.00    0.00    0.00   88.66
23:58:11     all    8.54    0.00    1.01    0.00    0.00    1.51    0.25    0.00    0.00   88.69
23:58:12     all    7.91    0.00    1.02    0.00    0.00    1.79    0.00    0.00    0.00   89.29
23:58:13     all    7.73    0.00    1.25    0.00    0.00    2.24    0.25    0.00    0.00   88.53
23:58:14     all    7.63    0.00    0.76    0.00    0.00    1.78    0.00    0.00    0.00   89.82
23:58:15     all    8.10    0.00    1.01    0.00    0.00    1.77    0.00    0.00    0.00   89.11
23:58:16     all    8.31    0.00    1.51    0.00    0.00    1.51    0.00    0.00    0.00   88.66
23:58:17     all    8.52    0.00    1.00    0.00    0.00    2.01    0.00    0.00    0.00   88.47
23:58:18     all    7.36    0.00    1.27    0.00    0.00    2.03    0.25    0.00    0.00   89.09
23:58:19     all    8.27    0.00    1.25    0.00    0.00    1.75    0.00    0.00    0.00   88.72
23:58:20     all    7.61    0.00    1.52    0.00    0.00    1.52    0.00    0.00    0.00   89.34
23:58:21     all    7.79    0.00    1.01    0.00    0.00    2.51    0.00    0.00    0.00   88.69
23:58:22     all    7.87    0.00    1.02    0.00    0.00    1.52    0.00    0.00    0.00   89.59
23:58:23     all    7.77    0.00    1.50    0.00    0.00    2.01    0.25    0.00    0.00   88.47
23:58:24     all    7.36    0.00    1.02    0.00    0.00    2.03    0.00    0.00    0.00   89.59
23:58:25     all    7.83    0.00    1.52    0.00    0.00    1.52    0.00    0.00    0.00   89.14
23:58:26     all    8.08    0.00    0.76    0.00    0.00    2.27    0.00    0.00    0.00   88.89
23:58:27     all    8.08    0.00    1.52    0.00    0.00    1.52    0.00    0.00    0.00   88.89
23:58:28     all    7.79    0.00    1.26    0.00    0.00    1.76    0.50    0.00    0.00   88.69
23:58:29     all    7.56    0.00    1.26    0.00    0.00    2.27    0.00    0.00    0.00   88.92
23:58:30     all    7.89    0.00    1.02    0.00    0.00    2.04    0.00    0.00    0.00   89.06
23:58:31     all    8.52    0.00    1.25    0.00    0.00    2.01    0.00    0.00    0.00   88.22
23:58:32     all    7.83    0.00    1.26    0.00    0.00    2.02    0.00    0.00    0.00   88.89
23:58:33     all    8.04    0.00    1.01    0.00    0.00    2.01    0.25    0.00    0.00   88.69
23:58:34     all    7.83    0.00    1.01    0.00    0.00    2.02    0.00    0.00    0.00   89.14
23:58:35     all    8.33    0.00    0.76    0.00    0.00    2.02    0.00    0.00    0.00   88.89
23:58:36     all    7.54    0.00    1.51    0.00    0.00    2.01    0.00    0.00    0.00   88.94
23:58:37     all    7.85    0.00    1.01    0.25    0.00    2.03    0.00    0.00    0.00   88.86
23:58:38     all    8.68    0.00    1.24    0.00    0.00    1.99    0.25    0.00    0.00   87.84
23:58:39     all    8.38    0.00    1.02    0.00    0.00    1.52    0.00    0.00    0.00   89.09
23:58:40     all    8.08    0.00    1.01    0.00    0.00    1.77    0.00    0.00    0.00   89.14
23:58:41     all    7.85    0.00    1.52    0.00    0.00    1.52    0.00    0.00    0.00   89.11
23:58:42     all    8.29    0.00    1.01    0.25    0.00    2.01    0.25    0.00    0.00   88.19
23:58:43     all    7.79    0.00    1.01    0.00    0.00    2.01    0.00    0.00    0.00   89.20
23:58:44     all    8.63    0.00    1.27    0.00    0.00    1.02    0.00    0.00    0.00   89.09
23:58:45     all    8.04    0.00    1.26    0.00    0.00    2.01    0.25    0.00    0.00   88.44
23:58:46     all    8.06    0.00    1.01    0.00    0.00    2.27    0.00    0.00    0.00   88.66
23:58:47     all    8.33    0.00    1.26    0.00    0.00    1.52    0.00    0.00    0.00   88.89
23:58:48     all    7.85    0.00    1.01    0.00    0.00    2.28    0.00    0.00    0.00   88.86
23:58:49     all    8.59    0.00    1.26    0.00    0.00    1.52    0.25    0.00    0.00   88.38
23:58:50     all    8.10    0.00    1.27    0.00    0.00    2.03    0.00    0.00    0.00   88.61
23:58:51     all    7.85    0.00    1.27    0.00    0.00    1.77    0.00    0.00    0.00   89.11
23:58:52     all    8.33    0.00    1.52    0.00    0.00    2.02    0.00    0.00    0.00   88.13
23:58:53     all    7.79    0.00    1.01    0.00    0.00    2.51    0.25    0.00    0.00   88.44
23:58:54     all    7.79    0.00    1.51    0.00    0.00    2.26    0.00    0.00    0.00   88.44
23:58:55     all    8.08    0.00    1.26    0.00    0.00    2.02    0.00    0.00    0.00   88.64
23:58:56     all    8.38    0.00    0.76    0.00    0.00    1.78    0.00    0.00    0.00   89.09
23:58:57     all    8.00    0.00    1.50    0.00    0.00    2.25    0.25    0.00    0.00   88.00
23:58:58     all    7.65    0.00    1.02    0.00    0.00    1.79    0.00    0.00    0.00   89.54
23:58:59     all    8.27    0.00    1.50    0.00    0.00    2.01    0.00    0.00    0.00   88.22
23:59:00     all    8.08    0.00    1.52    0.00    0.00    2.02    0.25    0.00    0.00   88.13
23:59:01     all    7.77    0.00    0.75    0.00    0.00    1.75    0.25    0.00    0.00   89.47
23:59:02     all    7.81    0.00    2.02    0.00    0.00    2.02    0.00    0.00    0.00   88.16
23:59:03     all    8.27    0.00    1.25    0.00    0.00    2.01    0.00    0.00    0.00   88.47
23:59:04     all    7.59    0.00    1.01    0.00    0.00    2.03    0.00    0.00    0.00   89.37
23:59:05     all    7.63    0.00    1.02    0.00    0.00    1.78    0.00    0.00    0.00   89.57
23:59:06     all    8.29    0.00    1.01    0.00    0.00    1.76    0.25    0.00    0.00   88.69
23:59:07     all    7.32    0.00    1.01    0.00    0.00    2.02    0.00    0.00    0.00   89.65
23:59:08     all    7.59    0.00    1.01    0.00    0.00    1.77    0.00    0.00    0.00   89.62
23:59:09     all    7.83    0.00    1.01    0.00    0.00    1.77    0.00    0.00    0.00   89.39
23:59:10     all    7.81    0.00    1.01    0.00    0.00    2.02    0.25    0.00    0.00   88.92
23:59:11     all    7.58    0.00    1.01    0.00    0.00    2.02    0.00    0.00    0.00   89.39
23:59:12     all    8.02    0.00    1.25    0.00    0.00    2.01    0.00    0.00    0.00   88.72
23:59:13     all    7.85    0.00    1.01    0.00    0.00    1.77    0.00    0.00    0.00   89.37
23:59:14     all    7.59    0.00    1.27    0.00    0.00    1.52    0.00    0.00    0.00   89.62
23:59:15     all    7.30    0.00    1.01    0.25    0.00    2.02    0.25    0.00    0.00   89.17
23:59:16     all    8.31    0.00    1.26    0.00    0.00    1.26    0.25    0.00    0.00   88.92
23:59:17     all    7.58    0.00    1.01    0.00    0.00    1.52    0.00    0.00    0.00   89.90
23:59:18     all    8.08    0.00    0.76    0.00    0.00    2.02    0.00    0.00    0.00   89.14
23:59:19     all    7.85    0.00    1.27    0.00    0.00    1.27    0.00    0.00    0.00   89.62
23:59:20     all    7.59    0.00    1.27    0.00    0.00    2.03    0.00    0.00    0.00   89.11
23:59:21     all    7.52    0.00    1.50    0.00    0.00    2.01    0.00    0.00    0.00   88.97
23:59:22     all    8.14    0.00    0.76    0.00    0.00    1.53    0.00    0.00    0.00   89.57
23:59:23     all    7.52    0.00    1.25    0.00    0.00    1.75    0.25    0.00    0.00   89.22
23:59:24     all    7.09    0.00    1.27    0.00    0.00    1.77    0.00    0.00    0.00   89.87
23:59:25     all    8.23    0.00    1.50    0.00    0.00    2.24    0.25    0.00    0.00   87.78
23:59:26     all    8.31    0.00    1.01    0.00    0.00    1.76    0.00    0.00    0.00   88.92
23:59:27     all    7.32    0.00    1.01    0.00    0.00    2.27    0.00    0.00    0.00   89.39
23:59:28     all    7.83    0.00    1.26    0.00    0.00    2.27    0.00    0.00    0.00   88.64
23:59:29     all    8.04    0.00    1.51    0.00    0.00    1.51    0.00    0.00    0.00   88.94
23:59:30     all    7.61    0.00    1.27    0.00    0.00    2.03    0.00    0.00    0.00   89.09
23:59:31     all    7.58    0.00    1.26    0.25    0.00    1.77    0.00    0.00    0.00   89.14
23:59:32     all    7.79    0.00    1.01    0.00    0.00    2.26    0.00    0.00    0.00   88.94
23:59:33     all    8.00    0.00    1.75    0.25    0.00    1.50    0.25    0.00    0.00   88.25
23:59:34     all    7.58    0.00    1.01    0.00    0.00    1.77    0.25    0.00    0.00   89.39
23:59:35     all    7.11    0.00    1.02    0.00    0.00    1.78    0.00    0.00    0.00   90.10
23:59:36     all    7.81    0.00    1.51    0.00    0.00    1.76    0.00    0.00    0.00   88.92
23:59:37     all    7.79    0.00    1.26    0.00    0.00    2.26    0.00    0.00    0.00   88.69
23:59:38     all    8.33    0.00    1.01    0.00    0.00    1.52    0.00    0.00    0.00   89.14
23:59:39     all    8.23    0.00    1.25    0.00    0.00    2.00    0.00    0.00    0.00   88.53
23:59:40     all    7.27    0.00    1.25    0.00    0.00    2.26    0.50    0.00    0.00   88.72
23:59:41     all    8.08    0.00    1.01    0.00    0.00    1.77    0.00    0.00    0.00   89.14
23:59:42     all    8.33    0.00    0.76    0.00    0.00    2.02    0.00    0.00    0.00   88.89
23:59:43     all    7.14    0.00    1.28    0.00    0.00    1.53    0.00    0.00    0.00   90.05
23:59:44     all    8.25    0.00    1.00    0.00    0.00    2.25    0.00    0.00    0.00   88.50
23:59:45     all    7.40    0.00    1.02    0.00    0.00    1.53    0.00    0.00    0.00   90.05
23:59:46     all    8.29    0.00    1.01    0.00    0.00    2.01    0.00    0.00    0.00   88.69
23:59:47     all    7.59    0.00    1.01    0.00    0.00    1.77    0.00    0.00    0.00   89.62
23:59:48     all    7.79    0.00    1.26    0.00    0.00    2.01    0.00    0.00    0.00   88.94
23:59:49     all    7.58    0.00    1.26    0.00    0.00    2.02    0.25    0.00    0.00   88.89
23:59:50     all    8.06    0.00    1.01    0.00    0.00    2.02    0.25    0.00    0.00   88.66
23:59:51     all    7.81    0.00    1.26    0.00    0.00    2.02    0.00    0.00    0.00   88.92
23:59:52     all    8.29    0.00    1.26    0.00    0.00    1.51    0.00    0.00    0.00   88.94
23:59:53     all    8.06    0.00    1.01    0.00    0.00    1.76    0.00    0.00    0.00   89.17
23:59:54     all    8.10    0.00    1.01    0.00    0.00    2.03    0.00    0.00    0.00   88.86
23:59:55     all    8.04    0.00    1.26    0.00    0.00    2.01    0.25    0.00    0.00   88.44
23:59:56     all    7.83    0.00    1.26    0.00    0.00    1.52    0.25    0.00    0.00   89.14
23:59:57     all    8.33    0.00    1.01    0.00    0.00    1.77    0.00    0.00    0.00   88.89
23:59:58     all    7.77    0.00    1.25    0.00    0.00    2.26    0.00    0.00    0.00   88.72
23:59:59     all    6.82    0.00    1.77    0.00    0.00    2.02    0.00    0.00    0.00   89.39
00:00:00     all    7.54    0.00    1.26    0.00    0.00    2.26    0.00    0.00    0.00   88.94
00:00:01     all    8.65    0.00    1.02    0.00    0.00    1.78    0.00    0.00    0.00   88.55
00:00:02     all    8.10    0.00    1.27    0.00    0.00    1.52    0.00    0.00    0.00   89.11
00:00:03     all    7.54    0.00    1.51    0.00    0.00    2.26    0.00    0.00    0.00   88.69
00:00:04     all    5.51    0.00    1.00    0.00    0.00    1.25    0.50    0.00    0.00   91.73
00:00:05     all    3.78    0.00    0.76    0.00    0.00    1.26    0.00    0.00    0.00   94.21
00:00:06     all    7.09    0.00    1.01    0.00    0.00    1.01    0.00    0.00    0.00   90.89
00:00:07     all    6.57    0.00    1.01    0.00    0.00    1.26    0.00    0.00    0.00   91.16
00:00:08     all    7.77    0.00    1.50    0.00    0.00    1.75    0.25    0.00    0.00   88.72
00:00:09     all    8.33    0.00    1.26    0.00    0.00    1.77    0.00    0.00    0.00   88.64
00:00:10     all    7.54    0.00    1.26    0.00    0.00    2.01    0.25    0.00    0.00   88.94
00:00:11     all    7.59    0.00    1.27    0.00    0.00    1.52    0.00    0.00    0.00   89.62
00:00:12     all    7.50    0.00    1.50    0.25    0.00    2.00    0.00    0.00    0.00   88.75
00:00:13     all    7.54    0.00    1.01    0.00    0.00    2.26    0.00    0.00    0.00   89.20
00:00:14     all    7.56    0.00    1.26    0.00    0.00    1.76    0.00    0.00    0.00   89.42
00:00:15     all    8.02    0.00    1.00    0.00    0.00    2.26    0.00    0.00    0.00   88.72
00:00:16     all    7.87    0.00    1.27    0.00    0.00    1.52    0.00    0.00    0.00   89.34
00:00:17     all    7.81    0.00    1.51    0.00    0.00    1.76    0.00    0.00    0.00   88.92
00:00:18     all    7.85    0.00    0.76    0.00    0.00    1.52    0.25    0.00    0.00   89.62
00:00:19     all    8.00    0.00    1.25    0.00    0.00    2.00    0.25    0.00    0.00   88.50
00:00:20     all    8.08    0.00    1.01    0.00    0.00    2.02    0.00    0.00    0.00   88.89
00:00:21     all    7.81    0.00    1.01    0.00    0.00    1.76    0.00    0.00    0.00   89.42
00:00:22     all    7.85    0.00    1.27    0.00    0.00    1.77    0.25    0.00    0.00   88.86
00:00:23     all    7.58    0.00    1.26    0.00    0.00    1.52    0.00    0.00    0.00   89.65
00:00:24     all    9.18    0.26    5.61    0.77    0.00    2.04    0.26    0.00    0.00   81.89
00:00:25     all    7.75    0.00    1.50    0.25    0.00    1.75    0.00    0.00    0.00   88.75
00:00:26     all    8.12    0.00    1.02    0.00    0.00    1.52    0.00    0.00    0.00   89.34
00:00:27     all    8.04    0.00    1.01    0.00    0.00    2.26    0.00    0.00    0.00   88.69
00:00:28     all    8.31    0.00    1.01    0.00    0.00    1.76    0.00    0.00    0.00   88.92
00:00:29     all    7.07    0.00    1.26    0.25    0.00    2.02    0.00    0.00    0.00   89.39
00:00:30     all    8.23    0.00    1.75    0.25    0.00    2.00    0.00    0.00    0.00   87.78
00:00:31     all    7.89    0.00    1.02    0.00    0.00    1.78    0.00    0.00    0.00   89.31
00:00:32     all    7.56    0.00    1.26    0.00    0.00    2.27    0.00    0.00    0.00   88.92
00:00:33     all    8.08    0.00    1.26    0.00    0.00    1.26    0.51    0.00    0.00   88.89
00:00:34     all    8.25    0.00    1.25    0.00    0.00    2.00    0.00    0.00    0.00   88.50
00:00:35     all    8.06    0.00    1.26    0.00    0.00    1.76    0.00    0.00    0.00   88.92
00:00:36     all    8.06    0.00    1.01    0.00    0.00    2.02    0.00    0.00    0.00   88.92
00:00:37     all    7.58    0.00    1.52    0.00    0.00    1.77    0.25    0.00    0.00   88.89
00:00:38     all    8.06    0.00    1.01    0.00    0.00    1.76    0.00    0.00    0.00   89.17
00:00:39     all    7.59    0.00    1.52    0.00    0.00    1.77    0.25    0.00    0.00   88.86
00:00:40     all    8.52    0.00    1.25    0.00    0.00    1.25    0.00    0.00    0.00   88.97
00:00:41     all    7.85    0.00    0.76    0.00    0.00    2.28    0.00    0.00    0.00   89.11
00:00:42     all    7.77    0.00    1.50    0.00    0.00    2.26    0.00    0.00    0.00   88.47
00:00:43     all    7.65    0.00    0.77    0.00    0.00    1.53    0.00    0.00    0.00   90.05
00:00:44     all    8.02    0.00    1.00    0.00    0.00    2.01    0.00    0.00    0.00   88.97
00:00:45     all    7.34    0.00    1.01    0.00    0.00    1.27    0.00    0.00    0.00   90.38
00:00:46     all    7.56    0.00    1.51    0.00    0.00    1.76    0.00    0.00    0.00   89.17
00:00:47     all    7.59    0.00    1.01    0.00    0.00    1.52    0.00    0.00    0.00   89.87
00:00:48     all    8.54    0.00    1.26    0.00    0.00    1.76    0.25    0.00    0.00   88.19
00:00:49     all    7.61    0.00    1.27    0.00    0.00    1.27    0.25    0.00    0.00   89.59
00:00:50     all    8.54    0.00    1.01    0.00    0.00    2.01    0.00    0.00    0.00   88.44
00:00:51     all    7.77    0.00    1.25    0.00    0.00    2.01    0.25    0.00    0.00   88.72
00:00:52     all    7.58    0.00    1.01    0.00    0.00    2.02    0.00    0.00    0.00   89.39
00:00:53     all    8.35    0.00    1.27    0.00    0.00    1.27    0.00    0.00    0.00   89.11
00:00:54     all    7.30    0.00    1.51    0.00    0.00    2.02    0.00    0.00    0.00   89.17
00:00:55     all    7.54    0.00    0.75    0.00    0.00    2.01    0.25    0.00    0.00   89.45
00:00:56     all    8.33    0.00    0.76    0.00    0.00    1.77    0.00    0.00    0.00   89.14
00:00:57     all    7.59    0.00    1.27    0.00    0.00    1.27    0.00    0.00    0.00   89.87
00:00:58     all    7.05    0.00    1.26    0.00    0.00    2.27    0.00    0.00    0.00   89.42
00:00:59     all    7.56    0.00    1.26    0.00    0.00    2.27    0.00    0.00    0.00   88.92
00:01:00     all    8.04    0.00    1.51    0.00    0.00    1.76    0.00    0.00    0.00   88.69
00:01:01     all    8.06    0.00    1.01    0.00    0.00    1.51    0.00    0.00    0.00   89.42
00:01:02     all    7.30    0.00    1.01    0.00    0.00    2.27    0.00    0.00    0.00   89.42
00:01:03     all    7.30    0.00    1.01    0.00    0.00    1.76    0.00    0.00    0.00   89.92
00:01:04     all    7.85    0.00    1.01    0.00    0.00    1.52    0.25    0.00    0.00   89.37
00:01:05     all    8.21    0.00    1.49    0.00    0.00    2.24    0.25    0.00    0.00   87.81
00:01:06     all    7.38    0.00    1.02    0.00    0.00    1.27    0.25    0.00    0.00   90.08
00:01:07     all    8.00    0.00    1.25    0.00    0.00    2.00    0.00    0.00    0.00   88.75
00:01:08     all    7.83    0.00    1.01    0.25    0.00    1.77    0.00    0.00    0.00   89.14
00:01:09     all    6.82    0.00    1.26    0.00    0.00    1.77    0.00    0.00    0.00   90.15
00:01:10     all    7.85    0.00    1.27    0.00    0.00    1.52    0.00    0.00    0.00   89.37
00:01:11     all    7.83    0.00    0.76    0.00    0.00    1.77    0.25    0.00    0.00   89.39
00:01:12     all    8.10    0.00    1.27    0.00    0.00    1.77    0.00    0.00    0.00   88.86
00:01:13     all    7.32    0.00    1.52    0.00    0.00    1.77    0.00    0.00    0.00   89.39
00:01:14     all    7.61    0.00    0.76    0.00    0.00    2.03    0.00    0.00    0.00   89.59
00:01:15     all    8.04    0.00    1.51    0.00    0.00    1.76    0.00    0.00    0.00   88.69
00:01:16     all    7.83    0.00    1.26    0.00    0.00    2.02    0.00    0.00    0.00   88.89
00:01:17     all    8.61    0.00    1.01    0.00    0.00    2.03    0.00    0.00    0.00   88.35
00:01:18     all    8.25    0.00    1.25    0.00    0.00    1.50    0.50    0.00    0.00   88.50
00:01:19     all    7.83    0.00    1.01    0.00    0.00    1.52    0.25    0.00    0.00   89.39
00:01:20     all    7.59    0.00    1.27    0.00    0.00    2.03    0.00    0.00    0.00   89.11
00:01:21     all    8.02    0.00    1.00    0.00    0.00    2.51    0.00    0.00    0.00   88.47
00:01:22     all    7.14    0.00    1.28    0.00    0.00    1.53    0.00    0.00    0.00   90.05
00:01:23     all    7.48    0.00    1.25    0.00    0.00    2.49    0.00    0.00    0.00   88.78
00:01:24     all    8.08    0.00    1.26    0.00    0.00    1.77    0.00    0.00    0.00   88.89
00:01:25     all    7.54    0.00    0.75    0.00    0.00    2.01    0.25    0.00    0.00   89.45
00:01:26     all    7.81    0.00    1.26    0.00    0.00    2.27    0.00    0.00    0.00   88.66
00:01:27     all    7.30    0.00    1.76    0.00    0.00    1.76    0.00    0.00    0.00   89.17
00:01:28     all    7.79    0.00    1.76    0.25    0.00    1.76    0.00    0.00    0.00   88.44
00:01:29     all    7.83    0.00    0.76    0.00    0.00    2.02    0.00    0.00    0.00   89.39
00:01:30     all    8.31    0.00    1.26    0.00    0.00    1.51    0.00    0.00    0.00   88.92
00:01:31     all    7.36    0.00    1.02    0.00    0.00    2.03    0.00    0.00    0.00   89.59
00:01:32     all    7.73    0.00    1.25    0.00    0.00    2.24    0.50    0.00    0.00   88.28
00:01:33     all    7.79    0.00    1.51    0.00    0.00    1.26    0.25    0.00    0.00   89.20
00:01:34     all    7.54    0.00    1.26    0.00    0.00    2.01    0.00    0.00    0.00   89.20
00:01:35     all    7.56    0.00    1.26    0.00    0.00    2.02    0.00    0.00    0.00   89.17
00:01:36     all    7.38    0.00    1.02    0.00    0.00    1.78    0.00    0.00    0.00   89.82
00:01:37     all    8.04    0.00    1.51    0.00    0.00    1.76    0.00    0.00    0.00   88.69
00:01:38     all    7.36    0.00    1.02    0.00    0.00    2.03    0.00    0.00    0.00   89.59
00:01:39     all    8.08    0.00    1.52    0.00    0.00    1.77    0.00    0.00    0.00   88.64
00:01:40     all    8.48    0.00    1.50    0.00    0.00    2.00    0.25    0.00    0.00   87.78
00:01:41     all    8.35    0.00    1.01    0.00    0.00    2.03    0.00    0.00    0.00   88.61
00:01:42     all    8.29    0.00    1.26    0.00    0.00    1.76    0.00    0.00    0.00   88.69
00:01:43     all    7.34    0.00    1.77    0.00    0.00    2.03    0.00    0.00    0.00   88.86
00:01:44     all    8.04    0.00    1.01    0.00    0.00    2.01    0.00    0.00    0.00   88.94
00:01:45     all    7.34    0.00    1.01    0.25    0.00    2.03    0.00    0.00    0.00   89.37
00:01:46     all    8.21    0.00    1.24    0.00    0.00    1.99    0.75    0.00    0.00   87.81
00:01:47     all    7.87    0.00    1.27    0.00    0.00    1.52    0.00    0.00    0.00   89.34
00:01:48     all    7.09    0.00    1.27    0.00    0.00    2.03    0.00    0.00    0.00   89.62
00:01:49     all    7.79    0.00    1.76    0.00    0.00    2.01    0.00    0.00    0.00   88.44
00:01:50     all    8.08    0.00    1.01    0.00    0.00    2.27    0.00    0.00    0.00   88.64
00:01:51     all    8.56    0.00    1.26    0.00    0.00    2.02    0.00    0.00    0.00   88.16
00:01:52     all    7.58    0.00    1.26    0.00    0.00    1.77    0.00    0.00    0.00   89.39
00:01:53     all    8.14    0.00    0.76    0.00    0.00    1.53    0.00    0.00    0.00   89.57
00:01:54     all    8.29    0.00    1.01    0.00    0.00    2.01    0.25    0.00    0.00   88.44
00:01:55     all    8.04    0.00    1.26    0.00    0.00    2.01    0.00    0.00    0.00   88.69
00:01:56     all    7.59    0.00    1.52    0.00    0.00    1.52    0.00    0.00    0.00   89.37
00:01:57     all    8.35    0.00    0.51    0.00    0.00    1.77    0.51    0.00    0.00   88.86
00:01:58     all    7.81    0.00    1.51    0.00    0.00    1.51    0.00    0.00    0.00   89.17
00:01:59     all    7.81    0.00    0.76    0.00    0.00    2.02    0.25    0.00    0.00   89.17
00:02:00     all    8.04    0.00    1.01    0.00    0.00    2.01    0.00    0.00    0.00   88.94
00:02:01     all    8.04    0.00    1.01    0.00    0.00    2.01    0.00    0.00    0.00   88.94
00:02:02     all    7.85    0.00    1.01    0.00    0.00    1.27    0.00    0.00    0.00   89.87
00:02:03     all    7.58    0.00    1.52    0.00    0.00    1.52    0.00    0.00    0.00   89.39
00:02:04     all    8.08    0.00    0.76    0.00    0.00    1.77    0.00    0.00    0.00   89.39
00:02:05     all    7.29    0.00    1.51    0.00    0.00    2.01    0.00    0.00    0.00   89.20
00:02:06     all    7.32    0.00    1.26    0.00    0.00    1.77    0.25    0.00    0.00   89.39
00:02:07     all    7.59    0.00    1.01    0.00    0.00    1.77    0.00    0.00    0.00   89.62
00:02:08     all    7.54    0.00    1.51    0.00    0.00    2.01    0.00    0.00    0.00   88.94
00:02:09     all    7.85    0.00    1.01    0.00    0.00    1.52    0.00    0.00    0.00   89.62
00:02:10     all    7.79    0.00    1.51    0.00    0.00    2.51    0.00    0.00    0.00   88.19
00:02:11     all    8.33    0.00    1.26    0.00    0.00    1.52    0.25    0.00    0.00   88.64
00:02:12     all    8.10    0.00    1.27    0.00    0.00    1.77    0.00    0.00    0.00   88.86
00:02:13     all    7.83    0.00    1.01    0.00    0.00    1.77    0.51    0.00    0.00   88.89
00:02:14     all    8.50    0.00    0.75    0.00    0.00    2.00    0.00    0.00    0.00   88.75
00:02:15     all    7.59    0.00    1.27    0.00    0.00    2.03    0.00    0.00    0.00   89.11
00:02:16     all    8.06    0.00    1.51    0.00    0.00    1.26    0.00    0.00    0.00   89.17
00:02:17     all    7.81    0.00    1.01    0.00    0.00    2.27    0.00    0.00    0.00   88.92
00:02:18     all    7.59    0.00    1.27    0.00    0.00    1.77    0.00    0.00    0.00   89.37
00:02:19     all    7.61    0.00    1.02    0.00    0.00    1.27    0.00    0.00    0.00   90.10
00:02:20     all    7.77    0.00    1.00    0.00    0.00    2.26    0.25    0.00    0.00   88.72
00:02:21     all    6.57    0.00    1.01    0.00    0.00    2.02    0.00    0.00    0.00   90.40
00:02:22     all    6.55    0.00    1.26    0.25    0.00    1.51    0.00    0.00    0.00   90.43
00:02:23     all    6.84    0.00    1.27    0.00    0.00    1.01    0.00    0.00    0.00   90.89
00:02:24     all    6.55    0.00    0.76    0.00    0.00    1.51    0.25    0.00    0.00   90.93
00:02:25     all    4.81    0.00    1.01    0.00    0.00    1.01    0.00    0.00    0.00   93.16
00:02:26     all    5.51    0.00    0.75    0.00    0.00    1.50    0.00    0.00    0.00   92.23
00:02:27     all    5.05    0.00    0.51    0.00    0.00    0.51    0.00    0.00    0.00   93.94
00:02:28     all    3.02    0.00    0.76    0.00    0.00    0.50    0.25    0.00    0.00   95.47
00:02:29     all    3.26    0.00    0.25    0.00    0.00    0.75    0.00    0.00    0.00   95.74
00:02:30     all    3.28    0.00    0.51    0.00    0.00    0.51    0.00    0.00    0.00   95.71
00:02:31     all    3.75    0.00    0.50    0.00    0.00    0.75    0.00    0.00    0.00   95.00
00:02:32     all    3.27    0.00    0.50    0.00    0.00    0.25    0.00    0.00    0.00   95.98
00:02:33     all    2.51    0.00    0.00    0.00    0.00    0.50    0.25    0.00    0.00   96.74
00:02:34     all    3.01    0.00    0.75    0.00    0.00    0.75    0.00    0.00    0.00   95.49
00:02:35     all    3.05    0.00    0.51    0.00    0.00    0.00    0.00    0.00    0.00   96.45
00:02:36     all    3.51    0.00    0.75    0.00    0.00    0.50    0.00    0.00    0.00   95.24
00:02:37     all    3.27    0.00    0.50    0.00    0.00    0.50    0.00    0.00    0.00   95.72
00:02:38     all    3.05    0.00    0.25    0.00    0.00    0.25    0.25    0.00    0.00   96.19
00:02:39     all    3.02    0.00    0.75    0.00    0.00    0.25    0.00    0.00    0.00   95.98
00:02:40     all    2.78    0.00    1.01    0.00    0.00    0.00    0.00    0.00    0.00   96.21
00:02:41     all    2.51    0.00    0.25    0.00    0.00    0.75    0.00    0.00    0.00   96.49
00:02:42     all    1.01    0.00    0.00    0.00    0.00    0.25    0.00    0.00    0.00   98.74
00:02:43     all    1.50    0.00    0.25    0.00    0.00    0.00    0.00    0.00    0.00   98.25
00:02:44     all    1.01    0.00    0.00    0.00    0.00    0.00    0.00    0.00    0.00   98.99
00:02:45     all    1.25    0.00    0.50    0.00    0.00    0.25    0.00    0.00    0.00   98.00
00:02:46     all    1.25    0.00    0.25    0.00    0.00    0.00    0.00    0.00    0.00   98.50
00:02:47     all    1.25    0.00    0.25    0.00    0.00    0.00    0.00    0.00    0.00   98.50
00:02:48     all    1.00    0.00    0.00    0.00    0.00    0.50    0.00    0.00    0.00   98.50
00:02:49     all    1.01    0.00    0.25    0.00    0.00    0.25    0.00    0.00    0.00   98.49
00:02:50     all    1.25    0.00    0.25    0.00    0.00    0.00    0.00    0.00    0.00   98.50
00:02:51     all    0.75    0.00    0.25    0.00    0.00    0.00    0.00    0.00    0.00   98.99
00:02:52     all    6.58    0.00    0.51    0.00    0.00    1.01    0.00    0.00    0.00   91.90
00:02:53     all   10.23    0.00    0.77    0.00    0.00    1.79    0.00    0.00    0.00   87.21
00:02:54     all    9.14    0.00    1.27    0.00    0.00    1.52    0.25    0.00    0.00   87.82
00:02:55     all    8.86    0.00    1.01    0.00    0.00    1.77    0.00    0.00    0.00   88.35
00:02:56     all   10.15    0.00    1.27    0.00    0.00    1.02    0.00    0.00    0.00   87.56
00:02:57     all    9.46    0.00    0.51    0.00    0.00    1.53    0.00    0.00    0.00   88.49
00:02:58     all    8.77    0.00    1.50    0.00    0.00    2.26    0.00    0.00    0.00   87.47
00:02:59     all    9.16    0.00    1.53    0.00    0.00    1.27    0.00    0.00    0.00   88.04
00:03:00     all    9.39    0.00    1.27    0.00    0.00    1.78    0.00    0.00    0.00   87.56
00:03:01     all    9.37    0.00    1.52    0.00    0.00    1.52    0.00    0.00    0.00   87.59
00:03:02     all    9.92    0.00    1.02    0.00    0.00    1.53    0.00    0.00    0.00   87.53
00:03:03     all    9.92    0.00    1.02    0.00    0.00    1.53    0.00    0.00    0.00   87.53
00:03:04     all    8.86    0.00    1.27    0.00    0.00    1.27    0.76    0.00    0.00   87.85
00:03:05     all    4.80    0.00    0.51    0.00    0.00    0.76    0.00    0.00    0.00   93.94
00:03:06     all    7.34    0.00    1.01    0.00    0.00    0.76    0.00    0.00    0.00   90.89
00:03:07     all    7.67    0.00    0.51    0.00    0.00    1.02    0.00    0.00    0.00   90.79
00:03:08     all    8.06    0.00    1.26    0.00    0.00    1.76    0.00    0.00    0.00   88.92
00:03:09     all    9.39    0.00    1.52    0.00    0.00    1.27    0.00    0.00    0.00   87.82
00:03:10     all    8.63    0.00    0.76    0.00    0.00    2.03    0.00    0.00    0.00   88.58
00:03:11     all    9.62    0.00    1.27    0.00    0.00    0.76    0.25    0.00    0.00   88.10
00:03:12     all    9.34    0.00    1.52    0.00    0.00    1.52    0.00    0.00    0.00   87.63
00:03:13     all    9.62    0.00    1.01    0.00    0.00    1.52    0.00    0.00    0.00   87.85
00:03:14     all    9.44    0.00    1.02    0.00    0.00    1.53    0.00    0.00    0.00   88.01
00:03:15     all    8.88    0.00    1.52    0.00    0.00    1.02    0.00    0.00    0.00   88.58
00:03:16     all    9.09    0.00    1.26    0.00    0.00    1.77    0.00    0.00    0.00   87.88
00:03:17     all    8.65    0.00    1.53    0.00    0.00    1.27    0.00    0.00    0.00   88.55
00:03:18     all    7.89    0.00    1.27    0.00    0.00    1.53    0.00    0.00    0.00   89.31
00:03:19     all    8.65    0.00    1.27    0.00    0.00    1.27    0.00    0.00    0.00   88.80
00:03:20     all    9.44    0.00    1.02    0.00    0.00    1.28    0.00    0.00    0.00   88.27
00:03:21     all    8.88    0.00    1.27    0.00    0.00    1.27    0.00    0.00    0.00   88.58
00:03:22     all    9.14    0.00    1.27    0.00    0.00    1.27    0.00    0.00    0.00   88.32
00:03:23     all    9.09    0.00    1.52    0.00    0.00    1.26    0.00    0.00    0.00   88.13
00:03:24     all    8.70    0.00    1.28    0.00    0.00    1.28    0.26    0.00    0.00   88.49
00:03:25     all    8.86    0.00    1.27    0.00    0.00    1.77    0.00    0.00    0.00   88.10
00:03:26     all    9.44    0.00    1.02    0.00    0.00    1.02    0.00    0.00    0.00   88.52
00:03:27     all    9.87    0.00    1.01    0.25    0.00    1.27    0.25    0.00    0.00   87.34
00:03:28     all    8.93    0.00    1.53    0.00    0.00    1.28    0.00    0.00    0.00   88.27
00:03:29     all    9.77    0.00    1.50    0.00    0.00    1.25    0.50    0.00    0.00   86.97
00:03:30     all    9.14    0.00    0.76    0.00    0.00    1.78    0.00    0.00    0.00   88.32
00:03:31     all    8.70    0.00    1.02    0.00    0.00    1.28    0.00    0.00    0.00   89.00
00:03:32     all    9.39    0.00    1.27    0.25    0.00    1.27    0.00    0.00    0.00   87.82
00:03:33     all    9.16    0.00    1.27    0.00    0.00    1.27    0.00    0.00    0.00   88.30
00:03:34     all    9.37    0.00    1.01    0.00    0.00    1.52    0.00    0.00    0.00   88.10
00:03:35     all    8.67    0.00    1.28    0.00    0.00    1.28    0.00    0.00    0.00   88.78
00:03:36     all    9.11    0.00    1.52    0.00    0.00    1.52    0.00    0.00    0.00   87.85
00:03:37     all    9.41    0.00    1.02    0.00    0.00    1.02    0.00    0.00    0.00   88.55
00:03:38     all    8.67    0.00    1.53    0.00    0.00    1.53    0.00    0.00    0.00   88.27
00:03:39     all    8.91    0.00    1.02    0.00    0.00    1.78    0.00    0.00    0.00   88.30
00:03:40     all    9.11    0.00    1.27    0.00    0.00    1.01    0.00    0.00    0.00   88.61
00:03:41     all    8.93    0.00    1.28    0.00    0.00    1.53    0.00    0.00    0.00   88.27
00:03:42     all    9.09    0.00    1.52    0.00    0.00    1.52    0.00    0.00    0.00   87.88
00:03:43     all    8.46    0.00    0.51    0.00    0.00    1.28    0.00    0.00    0.00   89.74
00:03:44     all    8.59    0.00    1.52    0.00    0.00    1.26    0.25    0.00    0.00   88.38
00:03:45     all    9.11    0.00    1.27    0.00    0.00    1.01    0.00    0.00    0.00   88.61
00:03:46     all    8.93    0.00    1.28    0.00    0.00    1.28    0.00    0.00    0.00   88.52
00:03:47     all    8.88    0.00    1.27    0.00    0.00    1.52    0.00    0.00    0.00   88.32
00:03:48     all    8.88    0.00    1.02    0.00    0.00    1.52    0.00    0.00    0.00   88.58
00:03:49     all    9.11    0.00    1.77    0.00    0.00    1.52    0.00    0.00    0.00   87.59
00:03:50     all    9.21    0.00    1.53    0.00    0.00    1.02    0.00    0.00    0.00   88.24
00:03:51     all    9.41    0.00    1.02    0.00    0.00    1.27    0.00    0.00    0.00   88.30
00:03:52     all    8.59    0.00    1.77    0.00    0.00    1.52    0.00    0.00    0.00   88.13
00:03:53     all    9.97    0.00    1.28    0.00    0.00    1.28    0.00    0.00    0.00   87.47
00:03:54     all    8.31    0.00    1.76    0.00    0.00    1.51    0.76    0.00    0.00   87.66
00:03:55     all    8.86    0.00    1.27    0.00    0.00    1.77    0.00    0.00    0.00   88.10
00:03:56     all    9.18    0.00    1.28    0.00    0.00    1.28    0.00    0.00    0.00   88.27
00:03:57     all    9.14    0.00    1.02    0.00    0.00    1.78    0.00    0.00    0.00   88.07
00:03:58     all    9.62    0.00    1.01    0.00    0.00    1.77    0.00    0.00    0.00   87.59
00:03:59     all    9.16    0.00    1.02    0.00    0.00    1.27    0.00    0.00    0.00   88.55
00:04:00     all    9.41    0.00    1.27    0.00    0.00    1.27    0.00    0.00    0.00   88.04
00:04:01     all    8.86    0.00    1.01    0.00    0.00    2.03    0.00    0.00    0.00   88.10
00:04:02     all    9.90    0.00    1.27    0.00    0.00    1.02    0.00    0.00    0.00   87.82
00:04:03     all    8.65    0.00    1.27    0.00    0.00    1.53    0.00    0.00    0.00   88.55
00:04:04     all    8.91    0.00    0.76    0.00    0.00    1.53    0.00    0.00    0.00   88.80
00:04:05     all    8.88    0.00    1.27    0.00    0.00    1.52    0.00    0.00    0.00   88.32
00:04:06     all    9.18    0.00    1.02    0.00    0.00    1.28    0.00    0.00    0.00   88.52
00:04:07     all    9.64    0.00    0.76    0.00    0.00    1.27    0.00    0.00    0.00   88.32
00:04:08     all    9.14    0.00    1.52    0.00    0.00    1.27    0.25    0.00    0.00   87.82
00:04:09     all    9.41    0.00    0.76    0.00    0.00    1.78    0.00    0.00    0.00   88.04
00:04:10     all    8.86    0.00    1.01    0.00    0.00    1.52    0.00    0.00    0.00   88.61
00:04:11     all    9.39    0.00    1.27    0.00    0.00    1.27    0.00    0.00    0.00   88.07
00:04:12     all    9.14    0.00    1.27    0.00    0.00    1.52    0.00    0.00    0.00   88.07
00:04:13     all    9.07    0.00    1.01    0.25    0.00    1.76    0.00    0.00    0.00   87.91
00:04:14     all    8.42    0.00    1.28    0.00    0.00    1.28    0.00    0.00    0.00   89.03
00:04:15     all    9.18    0.00    0.77    0.00    0.00    1.28    0.00    0.00    0.00   88.78
00:04:16     all    8.84    0.00    1.26    0.00    0.00    1.77    0.00    0.00    0.00   88.13
00:04:17     all    9.14    0.00    1.52    0.00    0.00    1.02    0.00    0.00    0.00   88.32
00:04:18     all    8.72    0.00    1.03    0.00    0.00    1.28    0.00    0.00    0.00   88.97
00:04:19     all    9.60    0.00    1.52    0.00    0.00    1.52    0.00    0.00    0.00   87.37
00:04:20     all    8.65    0.00    0.76    0.00    0.00    1.53    0.25    0.00    0.00   88.80
00:04:21     all    9.34    0.00    1.01    0.00    0.00    2.02    0.25    0.00    0.00   87.37
00:04:22     all    8.70    0.00    1.28    0.00    0.00    1.02    0.00    0.00    0.00   89.00
00:04:23     all    8.63    0.00    1.27    0.25    0.00    1.52    0.25    0.00    0.00   88.07
00:04:24     all    9.02    0.00    1.50    0.00    0.00    1.75    0.00    0.00    0.00   87.72
00:04:25     all    8.72    0.00    1.03    0.00    0.00    1.03    0.00    0.00    0.00   89.23
00:04:26     all    9.11    0.00    1.01    0.00    0.00    1.52    0.00    0.00    0.00   88.35
00:04:27     all    9.16    0.00    1.02    0.00    0.00    1.27    0.00    0.00    0.00   88.55
00:04:28     all    8.86    0.00    1.52    0.00    0.00    1.27    0.00    0.00    0.00   88.35
00:04:29     all    9.14    0.00    1.02    0.00    0.00    1.27    0.00    0.00    0.00   88.58
00:04:30     all    8.88    0.00    1.27    0.00    0.00    1.78    0.00    0.00    0.00   88.07
00:04:31     all    8.84    0.00    1.52    0.00    0.00    1.26    0.00    0.00    0.00   88.38
00:04:32     all    8.63    0.00    1.02    0.00    0.00    1.78    0.25    0.00    0.00   88.32
00:04:33     all    9.32    0.00    1.01    0.00    0.00    1.51    0.00    0.00    0.00   88.16
00:04:34     all    8.56    0.00    1.51    0.00    0.00    1.76    0.00    0.00    0.00   88.16
00:04:35     all    8.93    0.00    1.28    0.00    0.00    1.02    0.00    0.00    0.00   88.78
00:04:36     all    9.11    0.00    1.27    0.00    0.00    1.52    0.00    0.00    0.00   88.10
00:04:37     all    8.67    0.00    1.02    0.00    0.00    1.28    0.00    0.00    0.00   89.03
00:04:38     all    8.88    0.00    1.78    0.00    0.00    1.27    0.00    0.00    0.00   88.07
00:04:39     all    8.93    0.00    1.02    0.00    0.00    1.28    0.00    0.00    0.00   88.78
00:04:40     all    8.63    0.00    1.27    0.00    0.00    1.52    0.00    0.00    0.00   88.58
00:04:41     all    9.30    0.00    1.51    0.00    0.00    1.76    0.00    0.00    0.00   87.44
00:04:42     all    8.16    0.00    0.77    0.00    0.00    1.28    0.00    0.00    0.00   89.80
00:04:43     all    9.07    0.00    1.26    0.00    0.00    1.76    0.00    0.00    0.00   87.91
00:04:44     all    8.67    0.00    1.02    0.00    0.00    1.28    0.00    0.00    0.00   89.03
00:04:45     all    8.88    0.00    1.52    0.00    0.00    1.27    0.00    0.00    0.00   88.32
00:04:46     all    9.11    0.00    1.27    0.00    0.00    1.52    0.00    0.00    0.00   88.10
00:04:47     all    9.16    0.00    1.02    0.00    0.00    1.53    0.00    0.00    0.00   88.30
00:04:48     all    8.59    0.00    1.26    0.00    0.00    1.52    0.51    0.00    0.00   88.13
00:04:49     all    9.18    0.00    1.02    0.00    0.00    1.28    0.00    0.00    0.00   88.52
00:04:50     all    8.67    0.00    1.28    0.00    0.00    1.53    0.00    0.00    0.00   88.52
00:04:51     all    9.55    0.00    1.01    0.00    0.00    1.76    0.25    0.00    0.00   87.44
00:04:52     all    9.37    0.00    1.52    0.25    0.00    1.27    0.00    0.00    0.00   87.59
00:04:53     all   10.35    0.00    1.01    0.00    0.00    1.52    0.00    0.00    0.00   87.12
00:04:54     all    8.88    0.00    1.52    0.00    0.00    1.27    0.00    0.00    0.00   88.32
00:04:55     all    8.91    0.00    1.02    0.00    0.00    1.53    0.25    0.00    0.00   88.30
00:04:56     all    9.67    0.00    0.76    0.00    0.00    1.78    0.00    0.00    0.00   87.79
00:04:57     all    9.14    0.00    1.27    0.00    0.00    1.27    0.00    0.00    0.00   88.32
00:04:58     all    9.62    0.00    1.27    0.00    0.00    1.52    0.00    0.00    0.00   87.59
00:04:59     all    8.88    0.00    1.27    0.00    0.00    1.78    0.00    0.00    0.00   88.07
00:05:00     all    9.34    0.00    1.26    0.00    0.00    1.52    0.00    0.00    0.00   87.88
00:05:01     all    8.93    0.00    1.02    0.00    0.00    1.79    0.00    0.00    0.00   88.27
00:05:02     all    8.95    0.00    1.28    0.00    0.00    1.28    0.26    0.00    0.00   88.24
00:05:03     all    9.34    0.00    1.01    0.00    0.00    1.77    0.00    0.00    0.00   87.88
00:05:04     all    8.42    0.00    1.28    0.00    0.00    1.53    0.26    0.00    0.00   88.52
00:05:05     all    8.72    0.00    1.03    0.00    0.00    1.54    0.00    0.00    0.00   88.72
00:05:06     all    9.90    0.00    0.76    0.00    0.00    1.27    0.00    0.00    0.00   88.07
00:05:07     all    9.16    0.00    1.27    0.00    0.00    1.53    0.00    0.00    0.00   88.04
00:05:08     all    8.93    0.00    1.53    0.00    0.00    1.28    0.00    0.00    0.00   88.27
00:05:09     all    9.64    0.00    0.76    0.00    0.00    1.52    0.00    0.00    0.00   88.07
00:05:10     all    9.60    0.00    1.52    0.00    0.00    1.77    0.00    0.00    0.00   87.12
00:05:11     all    9.46    0.00    1.28    0.00    0.00    1.02    0.00    0.00    0.00   88.24
00:05:12     all    9.62    0.00    1.01    0.00    0.00    1.77    0.25    0.00    0.00   87.34
00:05:13     all    9.44    0.00    1.28    0.00    0.00    1.53    0.00    0.00    0.00   87.76
00:05:14     all   10.08    0.00    1.51    0.00    0.00    1.76    0.00    0.00    0.00   86.65
00:05:15     all    8.38    0.00    1.52    0.00    0.00    1.52    0.00    0.00    0.00   88.58
00:05:16     all    8.61    0.00    1.27    0.00    0.00    1.77    0.51    0.00    0.00   87.85
00:05:17     all    9.09    0.00    1.01    0.00    0.00    2.02    0.00    0.00    0.00   87.88
00:05:18     all    9.67    0.00    0.76    0.00    0.00    1.53    0.00    0.00    0.00   88.04
00:05:19     all   10.38    0.00    1.77    0.00    0.00    1.01    0.00    0.00    0.00   86.84
00:05:20     all    9.44    0.00    1.28    0.00    0.00    1.02    0.26    0.00    0.00   88.01
00:05:21     all    9.14    0.00    0.76    0.00    0.00    1.52    0.00    0.00    0.00   88.58
00:05:22     all   10.13    0.00    1.52    0.00    0.00    1.27    0.00    0.00    0.00   87.09
00:05:23     all   10.18    0.00    1.02    0.00    0.00    1.02    0.00    0.00    0.00   87.79
00:05:24     all    8.51    0.00    1.29    0.00    0.00    1.29    0.00    0.00    0.00   88.92
00:05:25     all    9.16    0.00    1.53    0.00    0.00    1.27    0.00    0.00    0.00   88.04
00:05:26     all    9.37    0.00    1.52    0.00    0.00    1.52    0.00    0.00    0.00   87.59
00:05:27     all    9.23    0.00    0.77    0.00    0.00    1.03    0.00    0.00    0.00   88.97
00:05:28     all    8.95    0.00    1.28    0.00    0.00    2.05    0.00    0.00    0.00   87.72
00:05:29     all    9.37    0.00    1.27    0.00    0.00    1.52    0.25    0.00    0.00   87.59
00:05:30     all    8.65    0.00    1.53    0.00    0.00    1.27    0.25    0.00    0.00   88.30
00:05:31     all    9.55    0.00    1.51    0.00    0.00    1.51    0.00    0.00    0.00   87.44
00:05:32     all    9.21    0.00    1.02    0.26    0.00    1.28    0.00    0.00    0.00   88.24
00:05:33     all    9.11    0.00    1.27    0.00    0.00    1.52    0.00    0.00    0.00   88.10
00:05:34     all    9.14    0.00    1.27    0.00    0.00    1.27    0.25    0.00    0.00   88.07
00:05:35     all    9.32    0.00    1.51    0.00    0.00    1.51    0.00    0.00    0.00   87.66
00:05:36     all    8.95    0.00    1.02    0.00    0.00    1.79    0.00    0.00    0.00   88.24
00:05:37     all    9.62    0.00    1.52    0.00    0.00    1.01    0.25    0.00    0.00   87.59
00:05:38     all    9.67    0.00    1.27    0.00    0.00    1.78    0.00    0.00    0.00   87.28
00:05:39     all    9.44    0.00    1.53    0.00    0.00    1.02    0.00    0.00    0.00   88.01
00:05:40     all   10.41    0.00    1.02    0.00    0.00    1.52    0.00    0.00    0.00   87.06
00:05:41     all    9.44    0.00    1.02    0.00    0.00    1.79    0.00    0.00    0.00   87.76
00:05:42     all    9.37    0.00    1.27    0.00    0.00    1.27    0.25    0.00    0.00   87.85
00:05:43     all    8.91    0.00    0.76    0.00    0.00    1.78    0.00    0.00    0.00   88.55
00:05:44     all    9.87    0.00    1.52    0.00    0.00    0.76    0.25    0.00    0.00   87.59
00:05:45     all    9.64    0.00    1.02    0.00    0.00    1.78    0.00    0.00    0.00   87.56
00:05:46     all    9.92    0.00    1.53    0.00    0.00    1.02    0.00    0.00    0.00   87.53
00:05:47     all    9.64    0.00    1.27    0.00    0.00    1.27    0.00    0.00    0.00   87.82
00:05:48     all    8.72    0.00    1.03    0.00    0.00    1.79    0.00    0.00    0.00   88.46
00:05:49     all    9.14    0.00    1.78    0.00    0.00    1.27    0.00    0.00    0.00   87.82
00:05:50     all    8.88    0.00    1.02    0.00    0.00    1.52    0.25    0.00    0.00   88.32
00:05:51     all    8.70    0.00    1.02    0.00    0.00    1.53    0.00    0.00    0.00   88.75
00:05:52     all    8.93    0.00    1.53    0.00    0.00    0.77    0.00    0.00    0.00   88.78
00:05:53     all    8.91    0.00    1.27    0.00    0.00    1.78    0.25    0.00    0.00   87.79
00:05:54     all    8.88    0.00    0.76    0.00    0.00    1.52    0.00    0.00    0.00   88.83
00:05:55     all   10.13    0.00    1.01    0.00    0.00    1.27    0.00    0.00    0.00   87.59
00:05:56     all    9.49    0.00    1.03    0.00    0.00    1.03    0.00    0.00    0.00   88.46
00:05:57     all    8.38    0.00    1.52    0.00    0.00    1.52    0.00    0.00    0.00   88.58
00:05:58     all    9.44    0.00    1.02    0.00    0.00    1.28    0.26    0.00    0.00   88.01
00:05:59     all    9.11    0.00    1.27    0.00    0.00    1.52    0.00    0.00    0.00   88.10
00:06:00     all    8.86    0.00    1.01    0.00    0.00    2.03    0.25    0.00    0.00   87.85
00:06:01     all    9.39    0.00    1.27    0.00    0.00    1.02    0.00    0.00    0.00   88.32
00:06:02     all    9.39    0.00    1.02    0.00    0.00    1.27    0.00    0.00    0.00   88.32
00:06:03     all    8.16    0.00    1.28    0.00    0.00    1.53    0.00    0.00    0.00   89.03
00:06:04     all    8.65    0.00    1.02    0.00    0.00    0.76    0.00    0.00    0.00   89.57
00:06:05     all    4.77    0.00    0.75    0.00    0.00    1.01    0.00    0.00    0.00   93.47
00:06:06     all    5.88    0.00    0.26    0.00    0.00    1.02    0.00    0.00    0.00   92.84
00:06:07     all    7.87    0.00    1.52    0.00    0.00    0.76    0.00    0.00    0.00   89.85
00:06:08     all    7.59    0.00    0.76    0.00    0.00    1.52    0.00    0.00    0.00   90.13
00:06:09     all    9.14    0.00    1.02    0.00    0.00    1.52    0.00    0.00    0.00   88.32
00:06:10     all    8.88    0.00    1.02    0.00    0.00    1.27    0.00    0.00    0.00   88.83
00:06:11     all    8.10    0.00    1.52    0.00    0.00    1.52    0.25    0.00    0.00   88.61
00:06:12     all    8.14    0.00    1.02    0.00    0.00    1.02    0.25    0.00    0.00   89.57
00:06:13     all    8.86    0.00    1.27    0.00    0.00    1.52    0.00    0.00    0.00   88.35
00:06:14     all    9.34    0.00    1.26    0.00    0.00    1.52    0.00    0.00    0.00   87.88
00:06:15     all    9.09    0.00    1.26    0.25    0.00    1.52    0.25    0.00    0.00   87.63
00:06:16     all    8.72    0.00    1.28    0.00    0.00    1.28    0.00    0.00    0.00   88.72
00:06:17     all    8.65    0.00    1.27    0.00    0.00    1.27    0.00    0.00    0.00   88.80
00:06:18     all    8.84    0.00    1.26    0.00    0.00    1.26    0.25    0.00    0.00   88.38
00:06:19     all    8.93    0.00    0.77    0.00    0.00    1.53    0.00    0.00    0.00   88.78
00:06:20     all    8.91    0.00    1.27    0.00    0.00    1.78    0.00    0.00    0.00   88.04
00:06:21     all    8.61    0.00    1.01    0.00    0.00    1.52    0.00    0.00    0.00   88.86
00:06:22     all    9.16    0.00    1.02    0.00    0.00    1.53    0.00    0.00    0.00   88.30
00:06:23     all    8.97    0.00    1.28    0.00    0.00    1.28    0.00    0.00    0.00   88.46
00:06:24     all    9.18    0.00    0.77    0.00    0.00    1.79    0.00    0.00    0.00   88.27
00:06:25     all    8.67    0.00    1.53    0.00    0.00    1.53    0.00    0.00    0.00   88.27
00:06:26     all   10.10    0.00    1.26    0.00    0.00    1.52    0.00    0.00    0.00   87.12
00:06:27     all    9.18    0.00    0.77    0.00    0.00    1.79    0.00    0.00    0.00   88.27
00:06:28     all    9.64    0.00    1.02    0.00    0.00    1.52    0.00    0.00    0.00   87.82
00:06:29     all    8.93    0.00    1.28    0.00    0.00    0.77    0.51    0.00    0.00   88.52
00:06:30     all    9.34    0.00    1.26    0.00    0.00    1.77    0.25    0.00    0.00   87.37
00:06:31     all    8.97    0.00    1.03    0.00    0.00    1.54    0.00    0.00    0.00   88.46
00:06:32     all    8.88    0.00    1.27    0.00    0.00    1.27    0.00    0.00    0.00   88.58
00:06:33     all    8.88    0.00    1.27    0.00    0.00    1.27    0.00    0.00    0.00   88.58
00:06:34     all    9.18    0.00    1.28    0.00    0.00    1.53    0.26    0.00    0.00   87.76
00:06:35     all    9.18    0.00    0.77    0.00    0.00    1.53    0.00    0.00    0.00   88.52
00:06:36     all    9.14    0.00    1.27    0.00    0.00    1.52    0.00    0.00    0.00   88.07
00:06:37     all    8.91    0.00    1.27    0.00    0.00    1.53    0.00    0.00    0.00   88.30
00:06:38     all   10.08    0.00    1.26    0.25    0.00    1.51    0.00    0.00    0.00   86.90
00:06:39     all    9.34    0.00    1.26    0.00    0.00    1.77    0.00    0.00    0.00   87.63
00:06:40     all    8.95    0.00    1.28    0.00    0.00    1.53    0.00    0.00    0.00   88.24
00:06:41     all    8.91    0.00    0.76    0.00    0.00    1.27    0.00    0.00    0.00   89.06
00:06:42     all    8.91    0.00    1.27    0.00    0.00    1.02    0.00    0.00    0.00   88.80
00:06:43     all    9.09    0.00    1.52    0.00    0.00    1.52    0.25    0.00    0.00   87.63
00:06:44     all    8.16    0.00    1.02    0.00    0.00    1.02    0.26    0.00    0.00   89.54
00:06:45     all    8.06    0.00    1.76    0.00    0.00    1.76    0.00    0.00    0.00   88.41
00:06:46     all    8.38    0.00    0.76    0.00    0.00    1.27    0.25    0.00    0.00   89.34
00:06:47     all    7.16    0.00    1.02    0.00    0.00    1.02    0.00    0.00    0.00   90.79
00:06:48     all    8.61    0.00    1.27    0.00    0.00    1.77    0.25    0.00    0.00   88.10
00:06:49     all    8.88    0.00    1.27    0.00    0.00    1.52    0.00    0.00    0.00   88.32
00:06:50     all    9.37    0.00    1.52    0.00    0.00    1.52    0.00    0.00    0.00   87.59
00:06:51     all    7.95    0.00    1.28    0.00    0.00    1.54    0.00    0.00    0.00   89.23
00:06:52     all    9.85    0.00    1.01    0.00    0.00    1.52    0.00    0.00    0.00   87.63
00:06:53     all    9.14    0.00    1.27    0.00    0.00    1.27    0.00    0.00    0.00   88.32
00:06:54     all    9.14    0.00    1.02    0.00    0.00    1.52    0.00    0.00    0.00   88.32
00:06:55     all    9.39    0.00    1.27    0.00    0.00    1.52    0.00    0.00    0.00   87.82
00:06:56     all    9.87    0.00    1.01    0.00    0.00    1.52    0.25    0.00    0.00   87.34
00:06:57     all    8.72    0.00    1.54    0.00    0.00    1.03    0.00    0.00    0.00   88.72
00:06:58     all    9.85    0.00    1.01    0.00    0.00    2.27    0.00    0.00    0.00   86.87
00:06:59     all    8.84    0.00    1.77    0.00    0.00    1.52    0.25    0.00    0.00   87.63
00:07:00     all    9.46    0.00    1.28    0.00    0.00    1.28    0.26    0.00    0.00   87.72
00:07:01     all    9.09    0.00    1.26    0.00    0.00    1.52    0.00    0.00    0.00   88.13
00:07:02     all    9.09    0.00    1.01    0.00    0.00    2.02    0.25    0.00    0.00   87.63
00:07:03     all    9.37    0.00    1.52    0.00    0.00    1.52    0.00    0.00    0.00   87.59
00:07:04     all    9.62    0.00    1.01    0.00    0.00    1.77    0.00    0.00    0.00   87.59
00:07:05     all    8.21    0.00    0.77    0.00    0.00    1.54    0.00    0.00    0.00   89.49
00:07:06     all    9.09    0.00    1.77    0.00    0.00    1.26    0.00    0.00    0.00   87.88
00:07:07     all    8.84    0.00    1.01    0.00    0.00    1.77    0.00    0.00    0.00   88.38
00:07:08     all    8.72    0.00    1.54    0.00    0.00    1.28    0.00    0.00    0.00   88.46
00:07:09     all    9.44    0.00    1.53    0.00    0.00    1.28    0.26    0.00    0.00   87.50
00:07:10     all    9.07    0.00    1.26    0.00    0.00    2.02    0.00    0.00    0.00   87.66
00:07:11     all    9.49    0.00    0.77    0.00    0.00    1.28    0.00    0.00    0.00   88.46
00:07:12     all   10.08    0.00    1.26    0.00    0.00    1.51    0.25    0.00    0.00   86.90
00:07:13     all    9.39    0.00    1.78    0.00    0.00    1.52    0.25    0.00    0.00   87.06
00:07:14     all    9.18    0.00    1.28    0.00    0.00    1.53    0.00    0.00    0.00   88.01
00:07:15     all    8.16    0.00    1.02    0.00    0.00    1.53    0.00    0.00    0.00   89.29
00:07:16     all    8.70    0.00    1.53    0.00    0.00    1.28    0.00    0.00    0.00   88.49
00:07:17     all   10.13    0.00    1.01    0.00    0.00    1.27    0.25    0.00    0.00   87.34
00:07:18     all    8.70    0.00    1.02    0.00    0.00    1.53    0.00    0.00    0.00   88.75
00:07:19     all    9.11    0.00    1.27    0.00    0.00    1.52    0.00    0.00    0.00   88.10
00:07:20     all    9.64    0.00    1.02    0.00    0.00    1.52    0.25    0.00    0.00   87.56
00:07:21     all    9.37    0.00    1.27    0.00    0.00    1.27    0.00    0.00    0.00   88.10
00:07:22     all    9.21    0.00    1.02    0.00    0.00    1.28    0.00    0.00    0.00   88.49
00:07:23     all    9.64    0.00    1.02    0.00    0.00    1.52    0.00    0.00    0.00   87.82
00:07:24     all    9.39    0.00    0.76    0.00    0.00    1.78    0.00    0.00    0.00   88.07
00:07:25     all    8.70    0.00    1.28    0.00    0.00    1.02    0.00    0.00    0.00   89.00
00:07:26     all    9.39    0.00    1.02    0.00    0.00    1.78    0.25    0.00    0.00   87.56
00:07:27     all    9.11    0.00    1.27    0.00    0.00    1.27    0.25    0.00    0.00   88.10
00:07:28     all    9.39    0.00    1.02    0.00    0.00    1.78    0.00    0.00    0.00   87.82
00:07:29     all    9.92    0.00    1.27    0.25    0.00    1.27    0.00    0.00    0.00   87.28
00:07:30     all    9.51    0.00    0.77    0.00    0.00    1.03    0.00    0.00    0.00   88.69
00:07:31     all    9.37    0.00    1.01    0.00    0.00    1.77    0.00    0.00    0.00   87.85
00:07:32     all    8.95    0.00    1.53    0.00    0.00    1.02    0.26    0.00    0.00   88.24
00:07:33     all    9.41    0.00    1.27    0.00    0.00    1.53    0.00    0.00    0.00   87.79
00:07:34     all    9.64    0.00    1.52    0.00    0.00    1.27    0.00    0.00    0.00   87.56
00:07:35     all    8.95    0.00    1.02    0.00    0.00    1.53    0.00    0.00    0.00   88.49
00:07:36     all    9.55    0.00    1.76    0.00    0.00    1.76    0.25    0.00    0.00   86.68
00:07:37     all    9.67    0.00    1.02    0.00    0.00    1.78    0.00    0.00    0.00   87.53
00:07:38     all    9.41    0.00    1.78    0.00    0.00    1.27    0.00    0.00    0.00   87.53
00:07:39     all    9.41    0.00    1.27    0.00    0.00    1.53    0.00    0.00    0.00   87.79
00:07:40     all   11.00    0.00    5.12    0.26    0.00    2.05    0.26    0.00    0.00   81.33
00:07:41     all    8.84    0.00    1.52    0.00    0.00    2.02    0.00    0.00    0.00   87.63
00:07:42     all    8.95    0.00    1.53    0.00    0.00    1.28    0.00    0.00    0.00   88.24
00:07:43     all    9.67    0.00    1.02    0.00    0.00    1.53    0.51    0.00    0.00   87.28
00:07:44     all    9.85    0.00    1.26    0.00    0.00    1.77    0.00    0.00    0.00   87.12
00:07:45     all    9.64    0.00    1.78    0.00    0.00    1.52    0.00    0.00    0.00   87.06
00:07:46     all    9.46    0.00    0.77    0.51    0.00    1.53    0.00    0.00    0.00   87.72
00:07:47     all    9.37    0.00    1.01    0.00    0.00    2.03    0.00    0.00    0.00   87.59
00:07:48     all    9.72    0.00    1.28    0.00    0.00    1.28    0.00    0.00    0.00   87.72
00:07:49     all    9.41    0.00    1.53    0.00    0.00    1.27    0.00    0.00    0.00   87.79
00:07:50     all    8.93    0.00    1.28    0.00    0.00    1.79    0.00    0.00    0.00   88.01
00:07:51     all    9.52    0.00    1.25    0.00    0.00    2.01    0.25    0.00    0.00   86.97
00:07:52     all    8.74    0.00    0.77    0.00    0.00    1.80    0.00    0.00    0.00   88.69
00:07:53     all    9.11    0.00    1.77    0.00    0.00    1.52    0.25    0.00    0.00   87.34
00:07:54     all    9.41    0.00    1.27    0.00    0.00    1.53    0.25    0.00    0.00   87.53
00:07:55     all    9.18    0.00    1.28    0.00    0.00    1.79    0.00    0.00    0.00   87.76
00:07:56     all    9.92    0.00    1.27    0.00    0.00    1.27    0.25    0.00    0.00   87.28
00:07:57     all    9.69    0.00    1.02    0.00    0.00    1.53    0.00    0.00    0.00   87.76
00:07:58     all    9.23    0.00    1.03    0.00    0.00    1.28    0.00    0.00    0.00   88.46
00:07:59     all    9.85    0.00    1.26    0.00    0.00    1.52    0.00    0.00    0.00   87.37
00:08:00     all    9.21    0.00    1.02    0.00    0.00    1.79    0.00    0.00    0.00   87.98
00:08:01     all   10.13    0.00    1.52    0.25    0.00    1.52    0.00    0.00    0.00   86.58
00:08:02     all    9.90    0.00    1.02    0.00    0.00    1.78    0.00    0.00    0.00   87.31
00:08:03     all    9.87    0.00    1.27    0.00    0.00    1.27    0.00    0.00    0.00   87.59
00:08:04     all   10.23    0.00    1.53    0.00    0.00    1.28    0.00    0.00    0.00   86.96
00:08:05     all    8.86    0.00    1.52    0.00    0.00    2.03    0.00    0.00    0.00   87.59
00:08:06     all   10.10    0.00    1.01    0.00    0.00    1.52    0.51    0.00    0.00   86.87
00:08:07     all    8.93    0.00    1.02    0.00    0.00    1.53    0.26    0.00    0.00   88.27
00:08:08     all    9.67    0.00    1.27    0.00    0.00    1.27    0.00    0.00    0.00   87.79
00:08:09     all    9.92    0.00    1.27    0.00    0.00    1.27    0.00    0.00    0.00   87.53
00:08:10     all    9.60    0.00    1.52    0.00    0.00    1.52    0.00    0.00    0.00   87.37
00:08:11     all    9.37    0.00    1.27    0.00    0.00    1.77    0.25    0.00    0.00   87.34
00:08:12     all    9.18    0.00    1.53    0.00    0.00    1.53    0.00    0.00    0.00   87.76
00:08:13     all    9.41    0.00    1.27    0.00    0.00    1.78    0.00    0.00    0.00   87.53
00:08:14     all    9.57    0.00    1.51    0.00    0.00    1.51    0.00    0.00    0.00   87.41
00:08:15     all    9.46    0.00    1.02    0.00    0.00    1.28    0.00    0.00    0.00   88.24
00:08:16     all    9.69    0.00    1.02    0.00    0.00    1.28    0.00    0.00    0.00   88.01
00:08:17     all    8.93    0.00    1.28    0.00    0.00    1.28    0.00    0.00    0.00   88.52
00:08:18     all    9.67    0.00    1.27    0.00    0.00    1.53    0.25    0.00    0.00   87.28
00:08:19     all    9.92    0.00    1.02    0.00    0.00    1.53    0.00    0.00    0.00   87.53
00:08:20     all   10.43    0.00    1.02    0.00    0.00    1.53    0.25    0.00    0.00   86.77
00:08:21     all    9.92    0.00    1.53    0.00    0.00    1.53    0.00    0.00    0.00   87.02
00:08:22     all   10.23    0.00    1.53    0.00    0.00    1.02    0.00    0.00    0.00   87.21
00:08:23     all    9.67    0.00    1.53    0.00    0.00    1.78    0.51    0.00    0.00   86.51
00:08:24     all    9.72    0.00    1.53    0.00    0.00    1.53    0.00    0.00    0.00   87.21
00:08:25     all    8.97    0.00    1.54    0.00    0.00    1.79    0.00    0.00    0.00   87.69
00:08:26     all    9.64    0.00    1.27    0.00    0.00    1.78    0.00    0.00    0.00   87.31
00:08:27     all    9.18    0.00    1.02    0.00    0.00    1.79    0.00    0.00    0.00   88.01
00:08:28     all   10.41    0.00    1.02    0.00    0.00    1.02    0.00    0.00    0.00   87.56
00:08:29     all    9.57    0.00    1.51    0.00    0.00    2.02    0.25    0.00    0.00   86.65
00:08:30     all    9.74    0.00    1.03    0.00    0.00    1.28    0.00    0.00    0.00   87.95
00:08:31     all    9.69    0.00    0.77    0.00    0.00    1.79    0.26    0.00    0.00   87.50
00:08:32     all    9.64    0.00    1.52    0.00    0.00    1.78    0.00    0.00    0.00   87.06
00:08:33     all    9.87    0.00    1.27    0.00    0.00    1.52    0.00    0.00    0.00   87.34
00:08:34     all    9.14    0.00    1.02    0.00    0.00    2.28    0.00    0.00    0.00   87.56
00:08:35     all    9.64    0.00    1.52    0.00    0.00    1.52    0.00    0.00    0.00   87.31
00:08:36     all    9.77    0.00    1.50    0.25    0.00    2.51    0.00    0.00    0.00   85.96
00:08:37     all    9.16    0.00    1.53    0.00    0.00    2.04    0.25    0.00    0.00   87.02
00:08:38     all   10.18    0.00    1.02    0.00    0.00    1.78    0.00    0.00    0.00   87.02
00:08:39     all    9.62    0.00    1.77    0.00    0.00    1.77    0.00    0.00    0.00   86.84
00:08:40     all   10.38    0.00    1.52    0.00    0.00    0.76    0.51    0.00    0.00   86.84
00:08:41     all    9.92    0.00    1.02    0.00    0.00    1.27    0.00    0.00    0.00   87.79
00:08:42     all    9.14    0.00    1.27    0.00    0.00    1.78    0.00    0.00    0.00   87.82
00:08:43     all    8.95    0.00    1.28    0.00    0.00    1.79    0.00    0.00    0.00   87.98
00:08:44     all   10.18    0.00    1.02    0.00    0.00    1.27    0.25    0.00    0.00   87.28
00:08:45     all    9.90    0.00    1.52    0.00    0.00    1.52    0.00    0.00    0.00   87.06
00:08:46     all    9.37    0.00    0.76    0.00    0.00    2.03    0.00    0.00    0.00   87.85
00:08:47     all    8.72    0.00    1.79    0.00    0.00    1.54    0.00    0.00    0.00   87.95
00:08:48     all    9.23    0.00    1.03    0.00    0.00    1.28    0.00    0.00    0.00   88.46
00:08:49     all    8.91    0.00    1.53    0.00    0.00    1.27    0.00    0.00    0.00   88.30
00:08:50     all    9.67    0.00    1.27    0.00    0.00    1.02    0.25    0.00    0.00   87.79
00:08:51     all    9.39    0.00    1.27    0.00    0.00    2.03    0.00    0.00    0.00   87.31
00:08:52     all    9.64    0.00    1.02    0.00    0.00    1.78    0.25    0.00    0.00   87.31
00:08:53     all    9.21    0.00    1.53    0.00    0.00    1.02    0.00    0.00    0.00   88.24
00:08:54     all    9.62    0.00    1.52    0.00    0.00    1.52    0.25    0.00    0.00   87.09
00:08:55     all    9.67    0.00    1.27    0.00    0.00    1.27    0.00    0.00    0.00   87.79
00:08:56     all    8.91    0.00    1.02    0.00    0.00    1.78    0.00    0.00    0.00   88.30
00:08:57     all    9.39    0.00    1.02    0.00    0.00    1.27    0.00    0.00    0.00   88.32
00:08:58     all   10.15    0.00    1.27    0.00    0.00    1.02    0.25    0.00    0.00   87.31
00:08:59     all    9.16    0.00    1.27    0.00    0.00    1.78    0.00    0.00    0.00   87.79
00:09:00     all    8.74    0.00    1.29    0.00    0.00    1.54    0.00    0.00    0.00   88.43
00:09:01     all    9.90    0.00    1.02    0.00    0.00    1.52    0.00    0.00    0.00   87.56
00:09:02     all    9.64    0.00    0.76    0.00    0.00    1.78    0.00    0.00    0.00   87.82
00:09:03     all    8.88    0.00    1.52    0.00    0.00    1.52    0.25    0.00    0.00   87.82
00:09:04     all    9.30    0.00    1.26    0.00    0.00    2.51    0.00    0.00    0.00   86.93
00:09:05     all    6.36    0.00    0.76    0.00    0.00    0.51    0.25    0.00    0.00   92.11
00:09:06     all    5.34    0.00    0.76    0.00    0.00    1.02    0.00    0.00    0.00   92.88
00:09:07     all    7.87    0.00    1.27    0.00    0.00    0.76    0.00    0.00    0.00   90.10
00:09:08     all    8.10    0.00    1.27    0.00    0.00    1.52    0.00    0.00    0.00   89.11
00:09:09     all    8.88    0.00    1.02    0.00    0.00    1.78    0.00    0.00    0.00   88.32
00:09:10     all    8.95    0.00    1.28    0.26    0.00    1.53    0.00    0.00    0.00   87.98
00:09:11     all    9.62    0.00    1.01    0.00    0.00    1.52    0.25    0.00    0.00   87.59
00:09:12     all    8.74    0.00    1.54    0.00    0.00    1.03    0.00    0.00    0.00   88.69
00:09:13     all    9.39    0.00    1.52    0.00    0.00    1.52    0.00    0.00    0.00   87.56
00:09:14     all    9.11    0.00    1.27    0.00    0.00    1.77    0.25    0.00    0.00   87.59
00:09:15     all    8.44    0.00    1.02    0.00    0.00    1.53    0.00    0.00    0.00   89.00
00:09:16     all    9.23    0.00    1.03    0.00    0.00    1.79    0.00    0.00    0.00   87.95
00:09:17     all    9.55    0.00    1.51    0.00    0.00    1.76    0.50    0.00    0.00   86.68
00:09:18     all    8.88    0.00    1.27    0.00    0.00    1.78    0.00    0.00    0.00   88.07
00:09:19     all    9.60    0.00    1.26    0.00    0.00    2.02    0.00    0.00    0.00   87.12
00:09:20     all    8.74    0.00    1.54    0.00    0.00    1.03    0.00    0.00    0.00   88.69
00:09:21     all    9.14    0.00    1.02    0.00    0.00    2.03    0.00    0.00    0.00   87.82
00:09:22     all   10.71    0.00    1.02    0.00    0.00    1.02    0.00    0.00    0.00   87.24
00:09:23     all    9.57    0.00    1.51    0.00    0.00    2.02    0.00    0.00    0.00   86.90
00:09:24     all    9.39    0.00    1.27    0.00    0.00    1.78    0.00    0.00    0.00   87.56
00:09:25     all    8.67    0.00    1.28    0.00    0.00    1.53    0.26    0.00    0.00   88.27
00:09:26     all    9.60    0.00    1.26    0.00    0.00    1.52    0.00    0.00    0.00   87.63
00:09:27     all    9.21    0.00    1.28    0.00    0.00    1.53    0.00    0.00    0.00   87.98
00:09:28     all   10.10    0.00    1.26    0.00    0.00    1.52    0.00    0.00    0.00   87.12
00:09:29     all    9.09    0.00    1.26    0.00    0.00    1.77    0.76    0.00    0.00   87.12
00:09:30     all    9.72    0.00    1.02    0.00    0.00    1.53    0.00    0.00    0.00   87.72
00:09:31     all    9.85    0.00    1.26    0.00    0.00    1.52    0.00    0.00    0.00   87.37
00:09:32     all    9.14    0.00    1.27    0.00    0.00    1.52    0.00    0.00    0.00   88.07
00:09:33     all    8.95    0.00    1.28    0.00    0.00    1.53    0.00    0.00    0.00   88.24
00:09:34     all   10.18    0.00    0.76    0.00    0.00    1.53    0.00    0.00    0.00   87.53
00:09:35     all    9.41    0.00    1.53    0.00    0.00    1.78    0.00    0.00    0.00   87.28
00:09:36     all    9.39    0.00    1.02    0.00    0.00    1.27    0.00    0.00    0.00   88.32
00:09:37     all    8.40    0.00    1.02    0.00    0.00    1.53    0.00    0.00    0.00   89.06
00:09:38     all    9.32    0.00    1.51    0.00    0.00    1.76    0.00    0.00    0.00   87.41
00:09:39     all    8.97    0.00    0.51    0.00    0.00    1.54    0.26    0.00    0.00   88.72
00:09:40     all    9.34    0.00    1.26    0.00    0.00    1.26    0.00    0.00    0.00   88.13
00:09:41     all    8.74    0.00    1.29    0.00    0.00    1.29    0.00    0.00    0.00   88.69
00:09:42     all    8.82    0.00    1.51    0.00    0.00    1.76    0.25    0.00    0.00   87.66
00:09:43     all    9.11    0.00    1.01    0.00    0.00    1.77    0.00    0.00    0.00   88.10
00:09:44     all    8.63    0.00    1.27    0.00    0.00    1.02    0.25    0.00    0.00   88.83
00:09:45     all    8.12    0.00    1.02    0.00    0.00    1.27    0.25    0.00    0.00   89.34
00:09:46     all    7.36    0.00    1.02    0.00    0.00    1.27    0.00    0.00    0.00   90.36
00:09:47     all    8.91    0.00    1.02    0.00    0.00    2.04    0.00    0.00    0.00   88.04
00:09:48     all    8.40    0.00    1.02    0.00    0.00    1.27    0.00    0.00    0.00   89.31
00:09:49     all    9.14    0.00    1.27    0.00    0.00    1.02    0.00    0.00    0.00   88.58
00:09:50     all    8.63    0.00    1.52    0.00    0.00    2.03    0.00    0.00    0.00   87.82
00:09:51     all    9.34    0.00    1.52    0.00    0.00    1.52    0.00    0.00    0.00   87.63
00:09:52     all    9.46    0.00    1.02    0.00    0.00    1.28    0.00    0.00    0.00   88.24
00:09:53     all    9.44    0.00    1.28    0.00    0.00    1.53    0.00    0.00    0.00   87.76
00:09:54     all    9.14    0.00    1.27    0.00    0.00    1.52    0.00    0.00    0.00   88.07
00:09:55     all    9.14    0.00    1.78    0.00    0.00    1.02    0.25    0.00    0.00   87.82
00:09:56     all    8.65    0.00    1.27    0.00    0.00    1.78    0.25    0.00    0.00   88.04
00:09:57     all    9.18    0.00    0.77    0.00    0.00    1.02    0.00    0.00    0.00   89.03
00:09:58     all    8.61    0.00    1.01    0.00    0.00    1.77    0.25    0.00    0.00   88.35
00:09:59     all    8.59    0.00    1.26    0.00    0.00    2.02    0.00    0.00    0.00   88.13
00:10:00     all    8.63    0.00    1.27    0.00    0.00    1.78    0.00    0.00    0.00   88.32
00:10:01     all    8.86    0.00    1.27    0.00    0.00    1.52    0.25    0.00    0.00   88.10
00:10:02     all    9.34    0.00    1.01    0.00    0.00    2.27    0.00    0.00    0.00   87.37
00:10:03     all    9.39    0.00    1.27    0.00    0.00    1.78    0.00    0.00    0.00   87.56
00:10:04     all    8.63    0.00    1.52    0.00    0.00    1.78    0.00    0.00    0.00   88.07
00:10:05     all    9.18    0.00    1.28    0.00    0.00    1.53    0.00    0.00    0.00   88.01
00:10:06     all    9.62    0.00    1.01    0.00    0.00    1.77    0.00    0.00    0.00   87.59
00:10:07     all    9.62    0.00    1.27    0.00    0.00    1.27    0.00    0.00    0.00   87.85
00:10:08     all    9.39    0.00    1.27    0.00    0.00    1.52    0.00    0.00    0.00   87.82
00:10:09     all    8.93    0.00    1.02    0.00    0.00    1.53    0.26    0.00    0.00   88.27
00:10:10     all    9.34    0.00    0.76    0.00    0.00    2.02    0.00    0.00    0.00   87.88
00:10:11     all    9.64    0.00    1.27    0.00    0.00    1.27    0.25    0.00    0.00   87.56
00:10:12     all    9.34    0.00    1.26    0.00    0.00    2.02    0.00    0.00    0.00   87.37
00:10:13     all    8.67    0.00    0.77    0.26    0.00    1.53    0.26    0.00    0.00   88.52
00:10:14     all    8.63    0.00    1.52    0.00    0.00    1.27    0.00    0.00    0.00   88.58
00:10:15     all    9.69    0.00    1.02    0.00    0.00    1.28    0.00    0.00    0.00   88.01
00:10:16     all    8.91    0.00    1.53    0.00    0.00    1.53    0.00    0.00    0.00   88.04
00:10:17     all    8.79    0.00    1.51    0.00    0.00    1.76    0.00    0.00    0.00   87.94
00:10:18     all    8.95    0.00    1.02    0.00    0.00    1.28    0.26    0.00    0.00   88.49
00:10:19     all    8.93    0.00    1.53    0.00    0.00    0.77    0.00    0.00    0.00   88.78
00:10:20     all    9.34    0.00    1.01    0.00    0.00    1.77    0.00    0.00    0.00   87.88
00:10:21     all    9.39    0.00    1.52    0.00    0.00    1.27    0.00    0.00    0.00   87.82
00:10:22     all    9.92    0.00    1.02    0.00    0.00    1.53    0.00    0.00    0.00   87.53
00:10:23     all    9.85    0.00    1.26    0.25    0.00    1.52    0.25    0.00    0.00   86.87
00:10:24     all    8.74    0.00    1.29    0.00    0.00    1.29    0.00    0.00    0.00   88.69
00:10:25     all    9.55    0.00    1.51    0.00    0.00    1.76    0.25    0.00    0.00   86.93
00:10:26     all    9.41    0.00    1.02    0.00    0.00    1.53    0.00    0.00    0.00   88.04
00:10:27     all    9.16    0.00    1.53    0.00    0.00    1.02    0.00    0.00    0.00   88.30
00:10:28     all    9.39    0.00    1.02    0.00    0.00    2.03    0.25    0.00    0.00   87.31
00:10:29     all    8.91    0.00    1.27    0.00    0.00    1.27    0.00    0.00    0.00   88.55
00:10:30     all    9.14    0.00    1.52    0.00    0.00    1.52    0.00    0.00    0.00   87.82
00:10:31     all    9.14    0.00    1.02    0.00    0.00    1.78    0.00    0.00    0.00   88.07
00:10:32     all    9.46    0.00    1.28    0.00    0.00    1.53    0.00    0.00    0.00   87.72
00:10:33     all    9.62    0.00    1.27    0.00    0.00    1.27    0.00    0.00    0.00   87.85
00:10:34     all    9.21    0.00    1.28    0.00    0.00    1.79    0.00    0.00    0.00   87.72
00:10:35     all    9.87    0.00    1.27    0.00    0.00    1.52    0.25    0.00    0.00   87.09
00:10:36     all    9.82    0.00    1.26    0.00    0.00    1.51    0.25    0.00    0.00   87.15
00:10:37     all    9.90    0.00    1.27    0.00    0.00    1.27    0.00    0.00    0.00   87.56
00:10:38     all    9.90    0.00    0.76    0.00    0.00    1.78    0.00    0.00    0.00   87.56
00:10:39     all    9.62    0.00    1.52    0.00    0.00    1.77    0.00    0.00    0.00   87.09
00:10:40     all    9.72    0.00    1.02    0.00    0.00    1.28    0.00    0.00    0.00   87.98
00:10:41     all    9.34    0.00    1.01    0.00    0.00    2.02    0.25    0.00    0.00   87.37
00:10:42     all    8.91    0.00    2.04    0.00    0.00    0.76    0.25    0.00    0.00   88.04
00:10:43     all    8.93    0.00    0.77    0.00    0.00    1.79    0.00    0.00    0.00   88.52
00:10:44     all    9.60    0.00    1.26    0.00    0.00    1.77    0.00    0.00    0.00   87.37
00:10:45     all    9.44    0.00    1.02    0.00    0.00    1.28    0.00    0.00    0.00   88.27
00:10:46     all    9.14    0.00    1.27    0.00    0.00    1.78    0.00    0.00    0.00   87.82
00:10:47     all    8.59    0.00    1.77    0.00    0.00    1.26    0.00    0.00    0.00   88.38
00:10:48     all    9.87    0.00    0.76    0.00    0.00    1.77    0.25    0.00    0.00   87.34
00:10:49     all    9.46    0.00    1.02    0.00    0.00    1.02    0.00    0.00    0.00   88.49
00:10:50     all    8.65    0.00    1.27    0.00    0.00    1.53    0.25    0.00    0.00   88.30
00:10:51     all    9.09    0.00    1.26    0.00    0.00    1.52    0.00    0.00    0.00   88.13
00:10:52     all    8.93    0.00    1.28    0.00    0.00    1.53    0.00    0.00    0.00   88.27
00:10:53     all    9.14    0.00    0.51    0.00    0.00    1.78    0.00    0.00    0.00   88.58
00:10:54     all    8.86    0.00    1.52    0.00    0.00    1.27    0.00    0.00    0.00   88.35
00:10:55     all    8.46    0.00    1.03    0.00    0.00    1.79    0.00    0.00    0.00   88.72
00:10:56     all    8.91    0.00    1.02    0.00    0.00    1.27    0.25    0.00    0.00   88.55
00:10:57     all    8.91    0.00    0.76    0.00    0.00    1.53    0.00    0.00    0.00   88.80
00:10:58     all    9.62    0.00    1.52    0.25    0.00    1.27    0.25    0.00    0.00   87.09
00:10:59     all    8.91    0.00    1.27    0.00    0.00    1.53    0.00    0.00    0.00   88.30
00:11:00     all    9.14    0.00    1.02    0.00    0.00    1.52    0.00    0.00    0.00   88.32
00:11:01     all    8.40    0.00    1.53    0.00    0.00    1.53    0.00    0.00    0.00   88.55
00:11:02     all    8.82    0.00    1.26    0.00    0.00    2.02    0.00    0.00    0.00   87.91
00:11:03     all    8.63    0.00    1.52    0.00    0.00    0.76    0.25    0.00    0.00   88.83
00:11:04     all    8.86    0.00    1.52    0.00    0.00    1.52    0.00    0.00    0.00   88.10
00:11:05     all    9.02    0.00    0.52    0.00    0.00    1.29    0.26    0.00    0.00   88.92
00:11:06     all    8.82    0.00    1.76    0.00    0.00    1.51    0.00    0.00    0.00   87.91
00:11:07     all    8.91    0.00    1.53    0.00    0.00    1.27    0.00    0.00    0.00   88.30
00:11:08     all    9.39    0.00    1.27    0.00    0.00    1.52    0.00    0.00    0.00   87.82
00:11:09     all    8.72    0.00    0.77    0.00    0.00    1.28    0.26    0.00    0.00   88.97
00:11:10     all    9.64    0.00    1.52    0.00    0.00    1.52    0.00    0.00    0.00   87.31
00:11:11     all    8.88    0.00    1.02    0.00    0.00    1.52    0.00    0.00    0.00   88.58
00:11:12     all    8.88    0.00    1.52    0.00    0.00    1.27    0.00    0.00    0.00   88.32
00:11:13     all    9.41    0.00    1.27    0.00    0.00    1.27    0.25    0.00    0.00   87.79
00:11:14     all    9.37    0.00    1.52    0.00    0.00    1.27    0.00    0.00    0.00   87.85
00:11:15     all    9.34    0.00    1.26    0.00    0.00    1.77    0.00    0.00    0.00   87.63
00:11:16     all    8.95    0.00    1.28    0.00    0.00    1.28    0.00    0.00    0.00   88.49
00:11:17     all    8.29    0.00    1.76    0.00    0.00    2.01    0.50    0.00    0.00   87.44
00:11:18     all    8.44    0.00    1.02    0.00    0.00    1.28    0.00    0.00    0.00   89.26
00:11:19     all    5.61    0.00    0.51    0.00    0.00    0.51    0.00    0.00    0.00   93.37
00:11:20     all    4.77    0.00    0.75    0.25    0.00    0.75    0.00    0.00    0.00   93.47
00:11:21     all    4.81    0.00    0.25    0.00    0.00    0.25    0.00    0.00    0.00   94.68
00:11:22     all    3.52    0.00    0.75    0.00    0.00    0.50    0.25    0.00    0.00   94.97
00:11:23     all    4.53    0.00    1.01    0.00    0.00    0.50    0.00    0.00    0.00   93.95
00:11:24     all    4.28    0.00    0.00    0.00    0.00    1.01    0.00    0.00    0.00   94.71
00:11:25     all    3.79    0.00    0.51    0.00    0.00    0.25    0.00    0.00    0.00   95.45
00:11:26     all    4.02    0.00    0.75    0.00    0.00    0.75    0.00    0.00    0.00   94.47
00:11:27     all    3.30    0.00    0.51    0.00    0.00    0.51    0.00    0.00    0.00   95.69
00:11:28     all    9.60    0.00    1.26    0.00    0.00    1.77    0.00    0.00    0.00   87.37
00:11:29     all    9.16    0.00    1.02    0.00    0.00    1.53    0.00    0.00    0.00   88.30
00:11:30     all    8.91    0.00    1.53    0.00    0.00    1.53    0.00    0.00    0.00   88.04
00:11:31     all    8.67    0.00    1.02    0.00    0.00    1.79    0.00    0.00    0.00   88.52
00:11:32     all    8.91    0.00    1.53    0.00    0.00    1.53    0.00    0.00    0.00   88.04
00:11:33     all    8.93    0.00    1.28    0.00    0.00    1.53    0.00    0.00    0.00   88.27
00:11:34     all    8.91    0.00    1.27    0.00    0.00    2.04    0.00    0.00    0.00   87.79
00:11:35     all    9.57    0.00    1.51    0.00    0.00    1.51    0.50    0.00    0.00   86.90
00:11:36     all    8.65    0.00    1.27    0.00    0.00    1.53    0.00    0.00    0.00   88.55
00:11:37     all    9.37    0.00    1.52    0.00    0.00    1.77    0.00    0.00    0.00   87.34
00:11:38     all    9.18    0.00    1.28    0.00    0.00    1.53    0.00    0.00    0.00   88.01
00:11:39     all    8.84    0.00    1.26    0.00    0.00    1.52    0.25    0.00    0.00   88.13
00:11:40     all    9.67    0.00    1.27    0.00    0.00    1.27    0.25    0.00    0.00   87.53
00:11:41     all    9.14    0.00    1.27    0.00    0.00    1.52    0.00    0.00    0.00   88.07
00:11:42     all    9.69    0.00    1.02    0.00    0.00    1.53    0.00    0.00    0.00   87.76
00:11:43     all    9.44    0.00    1.02    0.00    0.00    1.02    0.00    0.00    0.00   88.52
00:11:44     all    9.39    0.00    1.27    0.00    0.00    1.52    0.00    0.00    0.00   87.82
00:11:45     all    8.97    0.00    0.77    0.00    0.00    1.28    0.00    0.00    0.00   88.97
00:11:46     all    8.61    0.00    2.03    0.00    0.00    1.27    0.00    0.00    0.00   88.10
00:11:47     all    8.93    0.00    1.53    0.00    0.00    1.28    0.00    0.00    0.00   88.27
00:11:48     all    8.65    0.00    1.53    0.00    0.00    1.78    0.00    0.00    0.00   88.04
00:11:49     all    8.42    0.00    1.28    0.00    0.00    1.28    0.00    0.00    0.00   89.03
00:11:50     all    9.67    0.00    1.27    0.00    0.00    1.02    0.00    0.00    0.00   88.04
00:11:51     all    8.88    0.00    1.02    0.00    0.00    1.27    0.25    0.00    0.00   88.58
00:11:52     all    9.09    0.00    1.77    0.00    0.00    1.77    0.00    0.00    0.00   87.37
00:11:53     all    9.69    0.00    1.02    0.00    0.00    1.28    0.00    0.00    0.00   88.01
00:11:54     all    8.63    0.00    1.27    0.00    0.00    1.52    0.25    0.00    0.00   88.32
00:11:55     all    9.44    0.00    1.28    0.00    0.00    1.28    0.00    0.00    0.00   88.01
00:11:56     all    9.16    0.00    1.02    0.00    0.00    1.53    0.00    0.00    0.00   88.30
00:11:57     all    8.86    0.00    1.52    0.00    0.00    1.52    0.00    0.00    0.00   88.10
00:11:58     all    8.38    0.00    1.02    0.00    0.00    1.27    0.51    0.00    0.00   88.83
00:11:59     all    8.65    0.00    1.27    0.00    0.00    1.53    0.00    0.00    0.00   88.55
00:12:00     all    8.97    0.00    1.03    0.00    0.00    1.03    0.00    0.00    0.00   88.97
00:12:01     all    8.42    0.00    1.28    0.00    0.00    1.53    0.00    0.00    0.00   88.78
00:12:02     all    9.18    0.00    1.02    0.00    0.00    1.28    0.00    0.00    0.00   88.52
00:12:03     all    8.61    0.00    1.27    0.00    0.00    1.77    0.00    0.00    0.00   88.35
00:12:04     all    8.38    0.00    1.27    0.00    0.00    1.78    0.00    0.00    0.00   88.58
00:12:05     all    8.42    0.00    1.02    0.00    0.00    1.28    0.00    0.00    0.00   89.29
00:12:06     all    4.34    0.00    0.51    0.00    0.00    0.26    0.00    0.00    0.00   94.90
00:12:07     all    7.09    0.00    0.76    0.00    0.00    0.76    0.00    0.00    0.00   91.39
00:12:08     all    8.63    0.00    1.27    0.00    0.00    1.78    0.25    0.00    0.00   88.07
00:12:09     all    8.35    0.00    1.01    0.00    0.00    1.52    0.00    0.00    0.00   89.11
00:12:10     all    9.16    0.00    1.02    0.00    0.00    1.27    0.00    0.00    0.00   88.55
00:12:11     all    9.16    0.00    1.02    0.00    0.00    1.02    0.00    0.00    0.00   88.80
00:12:12     all    9.57    0.00    1.01    0.00    0.00    1.76    0.00    0.00    0.00   87.66
00:12:13     all    8.38    0.00    1.52    0.25    0.00    1.52    0.00    0.00    0.00   88.32
00:12:14     all    8.40    0.00    1.27    0.00    0.00    1.02    0.25    0.00    0.00   89.06
00:12:15     all    8.40    0.00    1.27    0.00    0.00    1.53    0.00    0.00    0.00   88.80
00:12:16     all    8.93    0.00    0.77    0.00    0.00    1.02    0.26    0.00    0.00   89.03
00:12:17     all    9.07    0.00    1.26    0.00    0.00    1.51    0.00    0.00    0.00   88.16
00:12:18     all    8.88    0.00    1.27    0.00    0.00    1.52    0.00    0.00    0.00   88.32
00:12:19     all    9.14    0.00    0.76    0.00    0.00    1.52    0.25    0.00    0.00   88.32
00:12:20     all    8.93    0.00    1.02    0.00    0.00    1.28    0.00    0.00    0.00   88.78
00:12:21     all    8.88    0.00    1.02    0.00    0.00    1.52    0.00    0.00    0.00   88.58
00:12:22     all    8.91    0.00    0.76    0.00    0.00    1.27    0.00    0.00    0.00   89.06
00:12:23     all    8.65    0.00    1.27    0.00    0.00    1.53    0.00    0.00    0.00   88.55
00:12:24     all    9.16    0.00    1.27    0.00    0.00    1.02    0.00    0.00    0.00   88.55
00:12:25     all    8.33    0.00    1.26    0.00    0.00    1.52    0.25    0.00    0.00   88.64
00:12:26     all    9.41    0.00    1.02    0.00    0.00    1.27    0.00    0.00    0.00   88.30
00:12:27     all    8.38    0.00    1.27    0.00    0.00    1.52    0.00    0.00    0.00   88.83
00:12:28     all    8.44    0.00    1.02    0.00    0.00    1.53    0.00    0.00    0.00   89.00
00:12:29     all    8.88    0.00    0.76    0.00    0.00    1.52    0.00    0.00    0.00   88.83
00:12:30     all    8.38    0.00    1.52    0.00    0.00    1.27    0.00    0.00    0.00   88.83
00:12:31     all    8.40    0.00    1.02    0.00    0.00    1.78    0.00    0.00    0.00   88.80
00:12:32     all    8.61    0.00    1.27    0.00    0.00    1.27    0.00    0.00    0.00   88.86
00:12:33     all    9.37    0.00    1.27    0.00    0.00    1.01    0.25    0.00    0.00   88.10
00:12:34     all    8.63    0.00    1.02    0.00    0.00    1.52    0.25    0.00    0.00   88.58
00:12:35     all    8.88    0.00    1.02    0.00    0.00    1.27    0.00    0.00    0.00   88.83
00:12:36     all    8.40    0.00    1.27    0.00    0.00    1.27    0.00    0.00    0.00   89.06
00:12:37     all    8.67    0.00    1.28    0.00    0.00    1.02    0.00    0.00    0.00   89.03
00:12:38     all    8.61    0.00    0.76    0.00    0.00    2.03    0.00    0.00    0.00   88.61
00:12:39     all    8.56    0.00    1.76    0.00    0.00    1.26    0.25    0.00    0.00   88.16
00:12:40     all    8.40    0.00    0.76    0.00    0.00    1.53    0.00    0.00    0.00   89.31
00:12:41     all    9.05    0.00    1.51    0.00    0.00    1.51    0.00    0.00    0.00   87.94
00:12:42     all    8.59    0.00    1.26    0.00    0.00    1.77    0.25    0.00    0.00   88.13
00:12:43     all    9.37    0.00    1.01    0.00    0.00    1.52    0.00    0.00    0.00   88.10
00:12:44     all    9.16    0.00    1.27    0.00    0.00    1.02    0.00    0.00    0.00   88.55
00:12:45     all    8.12    0.00    1.52    0.00    0.00    1.27    0.00    0.00    0.00   89.09
00:12:46     all    7.85    0.00    1.01    0.00    0.00    1.52    0.00    0.00    0.00   89.62
00:12:47     all    8.33    0.00    1.26    0.00    0.00    1.52    0.00    0.00    0.00   88.89
00:12:48     all    8.31    0.00    1.01    0.00    0.00    1.51    0.00    0.00    0.00   89.17
00:12:49     all    9.16    0.00    1.02    0.00    0.00    1.53    0.00    0.00    0.00   88.30
00:12:50     all    8.40    0.00    0.76    0.00    0.00    1.02    0.25    0.00    0.00   89.57
00:12:51     all    8.88    0.00    1.02    0.00    0.00    1.27    0.25    0.00    0.00   88.58
00:12:52     all    8.61    0.00    1.27    0.00    0.00    1.52    0.00    0.00    0.00   88.61
00:12:53     all    9.07    0.00    1.51    0.00    0.00    1.26    0.00    0.00    0.00   88.16
00:12:54     all    8.40    0.00    1.27    0.00    0.00    1.78    0.00    0.00    0.00   88.55
00:12:55     all    8.38    0.00    0.76    0.25    0.00    1.52    0.00    0.00    0.00   89.09
00:12:56     all    8.84    0.00    1.52    0.00    0.00    1.52    0.00    0.00    0.00   88.13
00:12:57     all    8.84    0.00    1.01    0.00    0.00    1.77    0.51    0.00    0.00   87.88
00:12:58     all    9.16    0.00    1.02    0.00    0.00    1.27    0.00    0.00    0.00   88.55
00:12:59     all    9.39    0.00    1.02    0.00    0.00    1.27    0.00    0.00    0.00   88.32
00:13:00     all    8.63    0.00    1.27    0.00    0.00    1.27    0.00    0.00    0.00   88.83
00:13:01     all    8.67    0.00    0.77    0.00    0.00    1.53    0.00    0.00    0.00   89.03
00:13:02     all    8.88    0.00    1.27    0.00    0.00    1.02    0.00    0.00    0.00   88.83
00:13:03     all    8.61    0.00    1.01    0.00    0.00    1.77    0.00    0.00    0.00   88.61
00:13:04     all    8.84    0.00    1.26    0.00    0.00    1.52    0.00    0.00    0.00   88.38
00:13:05     all    8.63    0.00    1.02    0.00    0.00    1.52    0.00    0.00    0.00   88.83
00:13:06     all    8.95    0.00    1.02    0.00    0.00    0.77    0.26    0.00    0.00   89.00
00:13:07     all    9.87    0.00    1.01    0.00    0.00    1.27    0.00    0.00    0.00   87.85
00:13:08     all    8.21    0.00    1.28    0.00    0.00    1.03    0.00    0.00    0.00   89.49
00:13:09     all    8.61    0.00    1.01    0.00    0.00    1.27    0.25    0.00    0.00   88.86
00:13:10     all    8.44    0.00    1.02    0.00    0.00    1.53    0.00    0.00    0.00   89.00
00:13:11     all    8.54    0.00    1.01    0.00    0.00    1.51    0.00    0.00    0.00   88.94
00:13:12     all    8.95    0.00    1.28    0.00    0.00    0.77    0.00    0.00    0.00   89.00
00:13:13     all    9.32    0.00    1.01    0.00    0.00    1.51    0.25    0.00    0.00   87.91
00:13:14     all    8.63    0.00    1.27    0.00    0.00    1.52    0.25    0.00    0.00   88.32
00:13:15     all    9.44    0.00    1.02    0.00    0.00    1.28    0.00    0.00    0.00   88.27
00:13:16     all    9.16    0.00    1.02    0.00    0.00    1.53    0.00    0.00    0.00   88.30
00:13:17     all    9.16    0.00    1.02    0.00    0.00    1.53    0.00    0.00    0.00   88.30
00:13:18     all    8.42    0.00    1.02    0.00    0.00    1.02    0.00    0.00    0.00   89.54
00:13:19     all    9.14    0.00    1.02    0.00    0.00    1.27    0.00    0.00    0.00   88.58
00:13:20     all    8.52    0.00    1.50    0.00    0.00    2.26    0.00    0.00    0.00   87.72
00:13:21     all    7.93    0.00    1.28    0.00    0.00    1.28    0.00    0.00    0.00   89.51
00:13:22     all    9.37    0.00    1.52    0.00    0.00    1.01    0.25    0.00    0.00   87.85
00:13:23     all    9.14    0.00    0.76    0.00    0.00    1.52    0.00    0.00    0.00   88.58
00:13:24     all    9.87    0.00    1.77    0.00    0.00    1.77    0.00    0.00    0.00   86.58
00:13:25     all    8.97    0.00    0.77    0.00    0.00    1.03    0.00    0.00    0.00   89.23
00:13:26     all    8.38    0.00    1.27    0.00    0.00    1.52    0.00    0.00    0.00   88.83
00:13:27     all    8.70    0.00    1.28    0.00    0.00    0.77    0.00    0.00    0.00   89.26
00:13:28     all    9.30    0.00    0.75    0.00    0.00    1.76    0.50    0.00    0.00   87.69
00:13:29     all    8.95    0.00    1.02    0.26    0.00    1.28    0.00    0.00    0.00   88.49
00:13:30     all    9.60    0.00    1.52    0.00    0.00    1.52    0.00    0.00    0.00   87.37
00:13:31     all    8.40    0.00    1.02    0.00    0.00    1.78    0.00    0.00    0.00   88.80
00:13:32     all    9.39    0.00    1.27    0.00    0.00    1.02    0.25    0.00    0.00   88.07
00:13:33     all    8.91    0.00    0.76    0.00    0.00    1.53    0.00    0.00    0.00   88.80
00:13:34     all    9.64    0.00    1.27    0.00    0.00    1.52    0.00    0.00    0.00   87.56
00:13:35     all    9.39    0.00    1.02    0.00    0.00    1.52    0.00    0.00    0.00   88.07
00:13:36     all    9.21    0.00    1.28    0.00    0.00    1.28    0.00    0.00    0.00   88.24
00:13:37     all    9.34    0.00    1.01    0.00    0.00    1.52    0.25    0.00    0.00   87.88
00:13:38     all    8.63    0.00    1.52    0.00    0.00    1.52    0.00    0.00    0.00   88.32
00:13:39     all    9.41    0.00    1.53    0.00    0.00    1.27    0.00    0.00    0.00   87.79
00:13:40     all    9.14    0.00    1.27    0.00    0.00    1.27    0.00    0.00    0.00   88.32
00:13:41     all    9.90    0.00    1.27    0.00    0.00    1.27    0.25    0.00    0.00   87.31
00:13:42     all    8.88    0.00    1.27    0.00    0.00    1.78    0.00    0.00    0.00   88.07
00:13:43     all    9.09    0.00    1.26    0.00    0.00    1.52    0.25    0.00    0.00   87.88
00:13:44     all    8.88    0.00    1.02    0.00    0.00    1.52    0.00    0.00    0.00   88.58
00:13:45     all    8.70    0.00    1.02    0.00    0.00    1.28    0.00    0.00    0.00   89.00
00:13:46     all    9.16    0.00    1.02    0.25    0.00    1.53    0.00    0.00    0.00   88.04
00:13:47     all    9.11    0.00    1.52    0.00    0.00    1.52    0.00    0.00    0.00   87.85
00:13:48     all    8.95    0.00    1.28    0.00    0.00    1.28    0.00    0.00    0.00   88.49
00:13:49     all    9.34    0.00    1.26    0.00    0.00    1.77    0.25    0.00    0.00   87.37
00:13:50     all    9.14    0.00    1.02    0.00    0.00    1.52    0.25    0.00    0.00   88.07
00:13:51     all    8.95    0.00    1.02    0.26    0.00    1.28    0.00    0.00    0.00   88.49
00:13:52     all    9.57    0.00    1.51    0.00    0.00    1.26    0.25    0.00    0.00   87.41
00:13:53     all    8.93    0.00    1.28    0.00    0.00    1.02    0.00    0.00    0.00   88.78
00:13:54     all    8.40    0.00    1.27    0.00    0.00    1.53    0.00    0.00    0.00   88.80
00:13:55     all    8.63    0.00    1.02    0.00    0.00    1.78    0.00    0.00    0.00   88.58
00:13:56     all    7.83    0.00    0.76    0.00    0.00    1.52    0.00    0.00    0.00   89.90
00:13:57     all    7.05    0.00    1.26    0.00    0.00    1.01    0.25    0.00    0.00   90.43
00:13:58     all    7.42    0.00    0.77    0.00    0.00    1.02    0.00    0.00    0.00   90.79
00:13:59     all    6.09    0.00    1.27    0.00    0.00    0.76    0.00    0.00    0.00   91.88
00:14:00     all    6.30    0.00    0.76    0.00    0.00    1.01    0.00    0.00    0.00   91.94
00:14:01     all    5.08    0.00    0.51    0.00    0.00    0.25    0.00    0.00    0.00   94.16
00:14:02     all    4.28    0.00    0.76    0.00    0.00    0.50    0.00    0.00    0.00   94.46
00:14:03     all    4.06    0.00    0.51    0.00    0.00    0.25    0.00    0.00    0.00   95.18
00:14:04     all    4.03    0.00    0.00    0.00    0.00    0.76    0.00    0.00    0.00   95.21
00:14:05     all    3.52    0.00    1.01    0.00    0.00    0.50    0.00    0.00    0.00   94.97
00:14:06     all    3.51    0.00    0.50    0.00    0.00    0.25    0.00    0.00    0.00   95.74
00:14:07     all    3.30    0.00    0.00    0.00    0.00    0.51    0.00    0.00    0.00   96.19
00:14:08     all    3.53    0.00    0.50    0.00    0.00    0.50    0.00    0.00    0.00   95.47
00:14:09     all    3.02    0.00    1.01    0.00    0.00    0.50    0.00    0.00    0.00   95.47
00:14:10     all    3.54    0.00    0.25    0.00    0.00    0.25    0.00    0.00    0.00   95.95
00:14:11     all    3.54    0.00    0.25    0.00    0.00    0.25    0.25    0.00    0.00   95.71
00:14:12     all    4.01    0.00    0.50    0.00    0.00    0.50    0.00    0.00    0.00   94.99
00:14:13     all    3.27    0.00    0.50    0.00    0.00    0.25    0.25    0.00    0.00   95.72
00:14:14     all    3.01    0.00    0.50    0.00    0.00    0.50    0.00    0.00    0.00   95.99
00:14:15     all    1.75    0.00    0.25    0.00    0.00    0.25    0.00    0.00    0.00   97.75
00:14:16     all    1.01    0.00    0.25    0.00    0.00    0.00    0.00    0.00    0.00   98.74
00:14:17     all    1.25    0.00    0.25    0.00    0.00    0.25    0.00    0.00    0.00   98.25
00:14:18     all    1.01    0.00    0.00    0.00    0.00    0.00    0.00    0.00    0.00   98.99
00:14:19     all    1.01    0.00    0.50    0.00    0.00    0.00    0.00    0.00    0.00   98.49
00:14:20     all    1.50    0.00    0.00    0.00    0.00    0.00    0.25    0.00    0.00   98.25
00:14:21     all    1.25    0.00    0.25    0.00    0.00    0.25    0.00    0.00    0.00   98.25
00:14:22     all    1.01    0.00    0.50    0.00    0.00    0.00    0.00    0.00    0.00   98.49
00:14:23     all    1.26    0.00    0.00    0.00    0.00    0.00    0.00    0.00    0.00   98.74
00:14:24     all    1.00    0.00    0.50    0.00    0.00    0.00    0.00    0.00    0.00   98.50
00:14:25     all    0.75    0.00    0.25    0.00    0.00    0.00    0.00    0.00    0.00   98.99
00:14:26     all    0.00    0.00    0.00    0.00    0.00    0.00    0.00    0.00    0.00  100.00
00:14:27     all    0.00    0.00    0.00    0.00    0.00    0.00    0.00    0.00    0.00  100.00
00:14:28     all    0.00    0.00    0.00    0.25    0.00    0.00    0.00    0.00    0.00   99.75
00:14:29     all    0.00    0.00    0.00    0.00    0.00    0.00    0.00    0.00    0.00  100.00
00:14:30     all    0.25    0.00    0.00    0.00    0.00    0.00    0.00    0.00    0.00   99.75
00:14:31     all    0.00    0.00    0.00    0.00    0.00    0.00    0.00    0.00    0.00  100.00
00:14:32     all    0.00    0.00    0.00    0.00    0.00    0.25    0.00    0.00    0.00   99.75
00:14:33     all    0.00    0.00    0.00    0.00    0.00    0.00    0.00    0.00    0.00  100.00
00:14:34     all    0.00    0.00    0.00    0.00    0.00    0.00    0.00    0.00    0.00  100.00
