Linux 6.8.0-1064-gcp (csb-bench-host-gcp) 	08/18/26 	_x86_64_	(4 CPU)

19:44:12     CPU    %usr   %nice    %sys %iowait    %irq   %soft  %steal  %guest  %gnice   %idle
19:44:13     all   21.01    0.00    6.33    0.00    0.00    4.30    0.00    0.00    0.00   68.35
19:44:14     all   14.75    0.00    1.50    0.00    0.00    4.00    0.00    0.00    0.00   79.75
19:44:15     all   15.75    0.00    2.25    0.00    0.00    4.75    0.25    0.00    0.00   77.00
19:44:16     all   17.38    0.00    3.27    0.00    0.00    5.79    0.25    0.00    0.00   73.30
19:44:17     all   21.11    0.00    2.76    0.00    0.00    4.77    0.00    0.00    0.00   71.36
19:44:18     all   21.64    0.00    3.98    0.25    0.00    6.72    0.25    0.00    0.00   67.16
19:44:19     all   22.50    0.00    3.75    0.00    0.00    6.00    0.00    0.00    0.00   67.75
19:44:20     all   15.01    0.00    2.04    0.00    0.00    4.07    0.00    0.00    0.00   78.88
19:44:21     all   13.85    0.00    2.52    0.00    0.00    3.78    0.25    0.00    0.00   79.60
19:44:22     all   16.41    0.00    2.78    0.00    0.00    4.29    0.00    0.00    0.00   76.52
19:44:23     all   19.08    0.00    3.05    0.00    0.00    5.34    0.00    0.00    0.00   72.52
19:44:24     all   19.50    0.00    3.50    0.00    0.00    6.00    0.00    0.00    0.00   71.00
19:44:25     all   22.17    0.00    3.53    0.00    0.00    5.54    0.00    0.00    0.00   68.77
19:44:26     all   18.00    0.00    2.50    0.00    0.00    5.75    0.50    0.00    0.00   73.25
19:44:27     all   13.60    0.00    2.27    0.00    0.00    4.53    0.00    0.00    0.00   79.60
19:44:28     all   15.75    0.00    2.50    0.00    0.00    4.25    0.25    0.00    0.00   77.25
19:44:29     all   17.88    0.00    2.77    0.00    0.00    5.04    0.00    0.00    0.00   74.31
19:44:30     all   20.51    0.00    3.29    0.00    0.00    5.57    0.00    0.00    0.00   70.63
19:44:31     all   21.61    0.00    3.27    0.00    0.00    6.03    0.00    0.00    0.00   69.10
19:44:32     all   18.23    0.00    3.29    0.00    0.00    5.57    0.25    0.00    0.00   72.66
19:44:33     all   15.40    0.00    2.02    0.00    0.00    4.55    0.00    0.00    0.00   78.03
19:44:34     all   15.70    0.00    2.03    0.00    0.00    4.30    0.00    0.00    0.00   77.97
19:44:35     all   17.68    0.00    2.78    0.00    0.00    4.80    0.25    0.00    0.00   74.49
19:44:36     all   19.65    0.00    3.02    0.00    0.00    5.04    0.00    0.00    0.00   72.29
19:44:37     all   20.91    0.00    3.78    0.00    0.00    6.30    0.25    0.00    0.00   68.77
19:44:38     all   18.23    0.00    3.29    0.00    0.00    5.57    0.25    0.00    0.00   72.66
19:44:39     all   14.36    0.00    2.23    0.00    0.00    4.46    0.00    0.00    0.00   78.96
19:44:40     all   14.94    0.00    1.27    0.00    0.00    4.30    0.00    0.00    0.00   79.49
19:44:41     all   16.41    0.00    2.02    0.00    0.00    4.80    0.00    0.00    0.00   76.77
19:44:42     all   20.40    0.00    3.27    0.00    0.00    5.29    0.00    0.00    0.00   71.03
19:44:43     all   20.35    0.00    3.77    0.00    0.00    6.78    0.25    0.00    0.00   68.84
19:44:44     all   21.36    0.00    4.27    0.00    0.00    6.28    0.00    0.00    0.00   68.09
19:44:45     all   18.84    0.00    2.51    0.00    0.00    5.53    0.00    0.00    0.00   73.12
19:44:46     all   14.94    0.00    2.53    0.00    0.00    4.05    0.25    0.00    0.00   78.23
19:44:47     all   16.37    0.00    2.27    0.00    0.00    4.53    0.00    0.00    0.00   76.83
19:44:48     all   16.79    0.00    3.01    0.00    0.00    5.76    0.25    0.00    0.00   74.19
19:44:49     all   20.20    0.00    3.03    0.00    0.00    5.81    0.25    0.00    0.00   70.71
19:44:50     all   20.91    0.00    3.53    0.00    0.00    6.55    0.00    0.00    0.00   69.02
19:44:51     all   17.79    0.00    2.76    0.00    0.00    5.01    0.00    0.00    0.00   74.44
19:44:52     all   15.11    0.00    2.52    0.00    0.00    3.78    0.00    0.00    0.00   78.59
19:44:53     all   14.90    0.00    2.27    0.00    0.00    4.04    0.00    0.00    0.00   78.79
19:44:54     all   17.54    0.00    3.26    0.00    0.00    5.76    0.25    0.00    0.00   73.18
19:44:55     all   20.05    0.00    3.55    0.00    0.00    5.58    0.00    0.00    0.00   70.81
19:44:56     all   21.55    0.00    3.26    0.00    0.00    5.76    0.25    0.00    0.00   69.17
19:44:57     all   20.10    0.00    3.02    0.00    0.00    6.03    0.50    0.00    0.00   70.35
19:44:58     all   15.87    0.00    2.52    0.00    0.00    4.28    0.00    0.00    0.00   77.33
19:44:59     all   17.13    0.00    3.27    0.50    0.00    4.79    0.00    0.00    0.00   74.31
19:45:00     all   17.56    0.00    3.82    0.76    0.00    5.34    0.00    0.00    0.00   72.52
19:45:01     all   18.50    0.00    3.50    0.75    0.00    6.50    0.00    0.00    0.00   70.75
19:45:02     all   19.90    0.00    3.27    0.00    0.00    6.05    0.25    0.00    0.00   70.53
19:45:03     all   16.92    0.00    3.03    0.00    0.00    4.55    0.00    0.00    0.00   75.51
19:45:04     all   14.18    0.00    1.77    0.00    0.00    4.56    0.00    0.00    0.00   79.49
19:45:05     all   16.62    0.00    2.02    0.25    0.00    4.03    0.50    0.00    0.00   76.57
19:45:06     all   18.70    0.00    2.99    0.00    0.00    4.49    0.25    0.00    0.00   73.57
19:45:07     all   19.85    0.00    3.52    0.00    0.00    5.78    0.00    0.00    0.00   70.85
19:45:08     all   22.36    0.00    3.27    0.00    0.00    6.78    0.00    0.00    0.00   67.59
19:45:09     all   22.47    0.00    3.03    0.00    0.00    5.56    0.00    0.00    0.00   68.94
19:45:10     all   16.71    0.00    2.53    0.00    0.00    5.06    0.00    0.00    0.00   75.70
19:45:11     all   14.07    0.00    2.76    0.00    0.00    4.77    0.00    0.00    0.00   78.39
19:45:12     all   16.83    0.00    2.26    0.00    0.00    5.03    0.25    0.00    0.00   75.63
19:45:13     all   19.24    0.00    3.80    0.00    0.00    5.32    0.25    0.00    0.00   71.39
19:45:14     all   21.04    0.00    2.97    0.00    0.00    6.19    0.50    0.00    0.00   69.31
19:45:15     all   23.48    0.00    3.54    0.00    0.00    5.81    0.00    0.00    0.00   67.17
19:45:16     all   17.21    0.00    2.24    0.00    0.00    4.99    0.00    0.00    0.00   75.56
19:45:17     all   14.21    0.00    2.54    0.00    0.00    3.55    0.00    0.00    0.00   79.70
19:45:18     all   15.83    0.00    2.26    0.00    0.00    4.27    0.00    0.00    0.00   77.64
19:45:19     all   17.05    0.00    2.54    0.00    0.00    4.58    0.00    0.00    0.00   75.83
19:45:20     all   20.35    0.00    2.73    0.00    0.00    6.45    0.00    0.00    0.00   70.47
19:45:21     all   20.92    0.00    3.57    0.00    0.00    5.10    0.26    0.00    0.00   70.15
19:45:22     all   19.06    0.00    2.97    0.00    0.00    6.44    0.74    0.00    0.00   70.79
19:45:23     all   17.63    0.00    3.02    0.00    0.00    5.04    0.00    0.00    0.00   74.31
19:45:24     all   14.90    0.00    2.27    0.00    0.00    4.29    0.00    0.00    0.00   78.54
19:45:25     all   17.84    0.00    3.27    0.00    0.00    5.53    0.00    0.00    0.00   73.37
19:45:26     all   20.20    0.00    2.78    0.00    0.00    6.57    0.00    0.00    0.00   70.45
19:45:27     all   20.45    0.00    3.49    0.00    0.00    6.48    0.00    0.00    0.00   69.58
19:45:28     all   18.99    0.00    3.29    0.00    0.00    6.33    0.00    0.00    0.00   71.39
19:45:29     all   16.04    0.00    2.51    0.00    0.00    5.01    0.00    0.00    0.00   76.44
19:45:30     all   15.11    0.00    2.52    0.00    0.00    4.53    0.25    0.00    0.00   77.58
19:45:31     all   16.87    0.00    2.98    0.00    0.00    5.21    0.74    0.00    0.00   74.19
19:45:32     all   16.12    0.00    2.02    0.00    0.00    4.79    0.00    0.00    0.00   77.08
19:45:33     all   21.16    0.00    3.78    0.00    0.00    5.54    0.00    0.00    0.00   69.52
19:45:34     all   23.56    0.00    3.76    0.00    0.00    6.02    0.00    0.00    0.00   66.67
19:45:35     all   19.65    0.00    2.52    0.00    0.00    6.30    0.00    0.00    0.00   71.54
19:45:36     all   12.34    0.00    2.27    0.00    0.00    3.53    0.00    0.00    0.00   81.86
19:45:37     all   14.75    0.00    2.00    0.00    0.00    4.50    0.00    0.00    0.00   78.75
19:45:38     all   16.96    0.00    2.78    0.00    0.00    4.30    0.25    0.00    0.00   75.70
19:45:39     all   17.50    0.00    3.00    0.00    0.00    6.00    0.50    0.00    0.00   73.00
19:45:41     all   20.50    0.00    4.00    0.00    0.00    6.25    0.25    0.00    0.00   69.00
19:45:42     all   21.27    0.00    3.80    0.00    0.00    6.33    0.00    0.00    0.00   68.61
19:45:42     all   22.22    0.00    3.03    0.00    0.00    5.81    0.00    0.00    0.00   68.94
19:45:43     all   18.89    0.00    3.02    0.00    0.00    5.79    0.00    0.00    0.00   72.29
19:45:44     all   10.05    0.00    1.01    0.25    0.00    3.02    0.00    0.00    0.00   85.68
19:45:45     all   14.43    0.00    2.03    0.00    0.00    4.05    0.00    0.00    0.00   79.49
19:45:46     all   17.50    0.00    3.00    0.00    0.00    5.75    0.50    0.00    0.00   73.25
19:45:47     all   20.20    0.00    2.99    0.00    0.00    5.24    0.00    0.00    0.00   71.57
19:45:49     all   20.80    0.00    3.01    0.00    0.00    6.02    0.50    0.00    0.00   69.67
19:45:50     all   21.86    0.00    4.27    0.00    0.00    7.29    0.00    0.00    0.00   66.58
19:45:51     all   22.17    0.00    3.02    0.00    0.00    5.79    0.00    0.00    0.00   69.02
19:45:52     all   17.38    0.00    2.77    0.00    0.00    5.04    0.00    0.00    0.00   74.81
19:45:53     all   13.64    0.00    2.02    0.00    0.00    3.54    0.00    0.00    0.00   80.81
19:45:54     all   14.29    0.00    2.01    0.00    0.00    4.01    0.00    0.00    0.00   79.70
19:45:55     all   16.12    0.00    3.27    0.00    0.00    4.79    0.00    0.00    0.00   75.82
19:45:56     all   20.05    0.00    2.76    0.00    0.00    5.76    0.50    0.00    0.00   70.93
19:45:57     all   22.42    0.00    3.02    0.00    0.00    6.55    0.00    0.00    0.00   68.01
19:45:58     all   24.69    0.00    3.53    0.00    0.00    6.30    0.50    0.00    0.00   64.99
19:45:59     all   19.45    0.00    3.24    0.00    0.00    5.24    0.00    0.00    0.00   72.07
19:46:00     all   20.10    0.00    2.29    0.00    0.00    4.33    0.00    0.00    0.00   73.28
19:46:01     all   19.40    0.00    3.02    0.00    0.00    5.04    0.00    0.00    0.00   72.54
19:46:02     all   19.44    0.00    3.28    0.00    0.00    5.30    0.00    0.00    0.00   71.97
19:46:03     all   20.05    0.00    3.05    0.00    0.00    5.08    0.00    0.00    0.00   71.83
19:46:04     all   20.76    0.00    2.78    0.00    0.00    4.81    0.00    0.00    0.00   71.65
19:46:05     all   19.60    0.00    3.02    0.00    0.00    5.03    0.00    0.00    0.00   72.36
19:46:06     all   19.04    0.00    3.30    0.00    0.00    4.57    0.00    0.00    0.00   73.10
19:46:07     all   21.07    0.00    3.30    0.00    0.00    5.08    0.00    0.00    0.00   70.56
19:46:08     all   16.71    0.00    2.49    0.00    0.00    3.49    0.50    0.00    0.00   76.81
19:46:09     all   19.44    0.00    2.78    0.00    0.00    5.05    0.00    0.00    0.00   72.73
19:46:10     all   23.54    0.00    3.54    0.25    0.00    4.30    0.00    0.00    0.00   68.35
19:46:11     all   23.74    0.00    3.54    0.00    0.00    5.56    0.51    0.00    0.00   66.67
19:46:12     all   18.84    0.00    2.76    0.00    0.00    5.03    0.00    0.00    0.00   73.37
19:46:13     all   17.42    0.00    3.28    0.00    0.00    4.80    0.00    0.00    0.00   74.49
19:46:14     all   18.69    0.00    2.78    0.00    0.00    4.29    0.00    0.00    0.00   74.24
19:46:15     all   20.96    0.00    3.54    0.00    0.00    5.56    0.00    0.00    0.00   69.95
19:46:16     all   19.85    0.00    3.52    0.00    0.00    5.03    0.00    0.00    0.00   71.61
19:46:17     all   20.85    0.00    3.52    0.00    0.00    5.03    0.00    0.00    0.00   70.60
19:46:18     all   19.35    0.00    3.27    0.00    0.00    5.28    0.00    0.00    0.00   72.11
19:46:19     all   19.04    0.00    2.79    0.00    0.00    4.31    0.00    0.00    0.00   73.86
19:46:20     all   19.80    0.00    2.79    0.00    0.00    4.57    0.00    0.00    0.00   72.84
19:46:21     all   19.40    0.00    4.23    0.00    0.00    4.98    0.50    0.00    0.00   70.90
19:46:22     all   19.69    0.00    2.81    0.00    0.00    4.60    0.00    0.00    0.00   72.89
19:46:23     all   18.99    0.00    2.78    0.00    0.00    4.81    0.00    0.00    0.00   73.42
19:46:24     all   22.14    0.00    3.23    0.00    0.00    4.98    0.50    0.00    0.00   69.15
19:46:25     all   20.25    0.00    3.04    0.00    0.00    5.06    0.00    0.00    0.00   71.65
19:46:26     all   18.48    0.00    3.29    0.00    0.00    5.06    0.00    0.00    0.00   73.16
19:46:27     all   18.94    0.00    3.54    0.00    0.00    5.05    0.00    0.00    0.00   72.47
19:46:28     all   19.65    0.00    3.02    0.00    0.00    4.53    0.00    0.00    0.00   72.80
19:46:29     all   20.81    0.00    3.05    0.00    0.00    4.82    0.00    0.00    0.00   71.32
19:46:30     all   19.65    0.00    2.77    0.00    0.00    5.29    0.00    0.00    0.00   72.29
19:46:31     all   20.25    0.00    3.04    0.00    0.00    4.81    0.00    0.00    0.00   71.90
19:46:32     all   18.48    0.00    2.78    0.00    0.00    4.30    0.25    0.00    0.00   74.18
19:46:33     all   18.80    0.00    2.51    0.00    0.00    4.76    0.25    0.00    0.00   73.68
19:46:34     all   19.59    0.00    2.80    0.00    0.00    4.83    0.00    0.00    0.00   72.77
19:46:35     all   19.49    0.00    3.29    0.00    0.00    4.81    0.00    0.00    0.00   72.41
19:46:36     all   21.41    0.00    4.03    0.00    0.00    5.29    0.00    0.00    0.00   69.27
19:46:37     all   20.65    0.00    3.53    0.00    0.00    5.29    0.00    0.00    0.00   70.53
19:46:38     all   19.05    0.00    3.51    0.25    0.00    4.51    0.50    0.00    0.00   72.18
19:46:39     all   19.14    0.00    2.52    0.00    0.00    4.53    0.00    0.00    0.00   73.80
19:46:40     all   20.45    0.00    3.54    0.00    0.00    5.05    0.00    0.00    0.00   70.96
19:46:41     all   20.71    0.00    3.54    0.00    0.00    5.05    0.00    0.00    0.00   70.71
19:46:42     all   19.14    0.00    2.77    0.00    0.00    4.53    0.00    0.00    0.00   73.55
19:46:43     all   19.08    0.00    2.54    0.00    0.00    4.58    0.00    0.00    0.00   73.79
19:46:44     all   20.60    0.00    3.52    0.00    0.00    4.27    0.00    0.00    0.00   71.61
19:46:45     all   20.96    0.00    3.03    0.00    0.00    5.05    0.00    0.00    0.00   70.96
19:46:46     all   21.30    0.00    3.51    0.00    0.00    5.01    0.00    0.00    0.00   70.18
19:46:47     all   18.84    0.00    2.51    0.00    0.00    4.77    0.50    0.00    0.00   73.37
19:46:48     all   19.25    0.00    2.75    0.00    0.00    4.25    0.00    0.00    0.00   73.75
19:46:49     all   19.14    0.00    3.02    0.00    0.00    4.28    0.00    0.00    0.00   73.55
19:46:50     all   20.56    0.00    2.54    0.00    0.00    5.08    0.00    0.00    0.00   71.83
19:46:51     all   21.27    0.00    3.04    0.00    0.00    4.56    0.00    0.00    0.00   71.14
19:46:52     all   19.60    0.00    3.02    0.00    0.00    5.78    0.50    0.00    0.00   71.11
19:46:53     all   19.95    0.00    3.28    0.00    0.00    4.55    0.00    0.00    0.00   72.22
19:46:54     all   19.54    0.00    2.54    0.00    0.00    5.33    0.00    0.00    0.00   72.59
19:46:55     all   19.40    0.00    3.27    0.00    0.00    5.29    0.00    0.00    0.00   72.04
19:46:56     all   18.89    0.00    3.53    0.00    0.00    5.04    0.00    0.00    0.00   72.54
19:46:57     all   20.96    0.00    3.03    0.00    0.00    4.55    0.00    0.00    0.00   71.46
19:46:58     all   20.05    0.00    3.05    0.00    0.00    4.57    0.00    0.00    0.00   72.34
19:46:59     all   19.85    0.00    3.27    0.00    0.00    4.02    0.00    0.00    0.00   72.86
19:47:00     all   17.47    0.00    2.78    0.00    0.00    4.56    0.00    0.00    0.00   75.19
19:47:01     all   21.25    0.00    3.50    0.00    0.00    5.25    0.50    0.00    0.00   69.50
19:47:02     all   20.96    0.00    3.03    0.00    0.00    5.56    0.00    0.00    0.00   70.45
19:47:03     all   19.49    0.00    2.78    0.00    0.00    4.81    0.00    0.00    0.00   72.91
19:47:04     all   18.89    0.00    2.77    0.00    0.00    4.53    0.25    0.00    0.00   73.55
19:47:05     all   20.85    0.00    3.02    0.00    0.00    6.28    0.25    0.00    0.00   69.60
19:47:06     all   19.54    0.00    3.30    0.00    0.00    5.08    0.00    0.00    0.00   72.08
19:47:07     all   22.08    0.00    3.05    0.00    0.00    5.08    0.00    0.00    0.00   69.80
19:47:08     all   20.85    0.00    4.02    0.00    0.00    5.78    0.00    0.00    0.00   69.35
19:47:09     all   15.87    0.00    2.52    0.00    0.00    3.78    0.25    0.00    0.00   77.58
19:47:10     all    8.86    0.00    1.52    0.00    0.00    1.77    0.00    0.00    0.00   87.85
19:47:11     all   20.60    0.00    2.76    0.00    0.00    5.28    0.25    0.00    0.00   71.11
19:47:12     all   23.92    0.00    3.56    0.00    0.00    6.62    0.25    0.00    0.00   65.65
19:47:13     all   25.00    0.00    4.29    0.00    0.00    7.32    0.00    0.00    0.00   63.38
19:47:14     all   24.87    0.00    3.55    0.00    0.00    6.09    0.25    0.00    0.00   65.23
19:47:15     all   21.55    0.00    3.51    0.00    0.00    5.51    0.00    0.00    0.00   69.42
19:47:16     all   21.12    0.00    3.31    0.00    0.00    5.60    0.00    0.00    0.00   69.97
19:47:17     all   21.11    0.00    3.27    0.00    0.00    5.28    0.00    0.00    0.00   70.35
19:47:18     all   21.12    0.00    3.31    0.00    0.00    5.34    0.00    0.00    0.00   70.23
19:47:19     all   22.42    0.00    3.27    0.00    0.00    5.29    0.00    0.00    0.00   69.02
19:47:20     all   21.72    0.00    4.04    0.00    0.00    5.81    0.00    0.00    0.00   68.43
19:47:21     all   22.42    0.00    2.77    0.00    0.00    5.29    0.00    0.00    0.00   69.52
19:47:22     all   22.53    0.00    3.54    0.00    0.00    4.30    0.00    0.00    0.00   69.62
19:47:23     all   20.20    0.00    3.03    0.00    0.00    5.81    0.00    0.00    0.00   70.96
19:47:24     all   22.22    0.00    3.28    0.00    0.00    5.05    0.25    0.00    0.00   69.19
19:47:25     all   21.97    0.00    3.54    0.00    0.00    5.30    0.76    0.00    0.00   68.43
19:47:26     all   23.04    0.00    4.05    0.00    0.00    4.81    0.00    0.00    0.00   68.10
19:47:27     all   21.05    0.00    3.26    0.00    0.00    5.51    0.00    0.00    0.00   70.18
19:47:28     all   21.72    0.00    3.28    0.00    0.00    5.56    0.00    0.00    0.00   69.44
19:47:29     all   21.77    0.00    3.29    0.00    0.00    4.81    0.00    0.00    0.00   70.13
19:47:30     all   18.89    0.00    3.78    0.00    0.00    5.54    0.00    0.00    0.00   71.79
19:47:31     all   22.98    0.00    3.03    0.00    0.00    4.80    0.00    0.00    0.00   69.19
19:47:32     all   22.08    0.00    3.30    0.00    0.00    5.08    0.00    0.00    0.00   69.54
19:47:33     all   20.90    0.00    2.99    0.00    0.00    5.97    0.00    0.00    0.00   70.15
19:47:34     all   22.11    0.00    3.52    0.00    0.00    5.53    0.00    0.00    0.00   68.84
19:47:35     all   21.07    0.00    3.30    0.00    0.00    5.33    0.00    0.00    0.00   70.30
19:47:36     all   20.80    0.00    3.51    0.00    0.00    6.02    0.25    0.00    0.00   69.42
19:47:37     all   21.16    0.00    3.53    0.00    0.00    5.04    0.25    0.00    0.00   70.03
19:47:38     all   22.39    0.00    3.31    0.00    0.00    6.11    0.00    0.00    0.00   68.19
19:47:39     all   22.61    0.00    2.51    0.00    0.00    4.77    0.00    0.00    0.00   70.10
19:47:40     all   20.91    0.00    3.02    0.00    0.00    5.79    0.00    0.00    0.00   70.28
19:47:41     all   21.45    0.00    3.99    0.00    0.00    5.99    0.25    0.00    0.00   68.33
19:47:42     all   20.92    0.00    3.57    0.00    0.00    5.61    0.00    0.00    0.00   69.90
19:47:43     all   21.36    0.00    3.77    0.00    0.00    5.28    0.25    0.00    0.00   69.35
19:47:44     all   21.68    0.00    3.32    0.00    0.00    5.61    0.00    0.00    0.00   69.39
19:47:45     all   21.86    0.00    3.02    0.00    0.00    6.03    0.00    0.00    0.00   69.10
19:47:46     all   20.71    0.00    3.54    0.00    0.00    5.05    0.00    0.00    0.00   70.71
19:47:47     all   21.91    0.00    3.02    0.00    0.00    6.05    0.00    0.00    0.00   69.02
19:47:48     all   21.72    0.00    3.54    0.00    0.00    4.80    0.25    0.00    0.00   69.70
19:47:49     all   21.11    0.00    3.52    0.00    0.00    5.53    0.25    0.00    0.00   69.60
19:47:50     all   22.53    0.00    3.04    0.00    0.00    6.33    0.00    0.00    0.00   68.10
19:47:51     all   22.69    0.00    3.24    0.00    0.00    5.74    0.00    0.00    0.00   68.33
19:47:52     all   22.45    0.00    2.55    0.00    0.00    5.10    0.00    0.00    0.00   69.90
19:47:53     all   24.24    0.00    3.79    0.00    0.00    5.30    0.00    0.00    0.00   66.67
19:47:54     all   20.76    0.00    3.04    0.00    0.00    6.08    0.00    0.00    0.00   70.13
19:47:55     all   21.05    0.00    3.51    0.00    0.00    5.26    0.00    0.00    0.00   70.18
19:47:56     all   22.51    0.00    3.32    0.00    0.00    4.35    0.00    0.00    0.00   69.82
19:47:57     all   21.97    0.00    3.54    0.00    0.00    5.56    0.00    0.00    0.00   68.94
19:47:58     all   22.36    0.00    3.77    0.00    0.00    5.28    0.00    0.00    0.00   68.59
19:47:59     all   20.10    0.00    3.27    0.25    0.00    5.78    0.75    0.00    0.00   69.85
19:48:00     all   23.99    0.00    3.28    0.00    0.00    5.30    0.25    0.00    0.00   67.17
19:48:01     all   21.66    0.00    3.27    0.00    0.00    5.29    0.00    0.00    0.00   69.77
19:48:02     all   21.16    0.00    3.27    0.00    0.00    5.54    0.00    0.00    0.00   70.03
19:48:03     all   23.35    0.00    3.81    0.00    0.00    5.58    0.00    0.00    0.00   67.26
19:48:04     all   22.67    0.00    3.53    0.00    0.00    5.29    0.00    0.00    0.00   68.51
19:48:05     all   21.61    0.00    3.27    0.00    0.00    6.28    0.00    0.00    0.00   68.84
19:48:06     all   21.83    0.00    3.81    0.00    0.00    5.84    0.00    0.00    0.00   68.53
19:48:07     all   22.06    0.00    3.51    0.00    0.00    5.51    0.00    0.00    0.00   68.92
19:48:08     all   21.77    0.00    3.04    0.00    0.00    5.57    0.00    0.00    0.00   69.62
19:48:09     all   22.78    0.00    2.78    0.00    0.00    5.57    0.25    0.00    0.00   68.61
19:48:10     all   22.36    0.00    3.77    0.00    0.00    6.28    0.25    0.00    0.00   67.34
19:48:11     all   21.72    0.00    3.79    0.00    0.00    5.56    0.00    0.00    0.00   68.94
19:48:12     all   22.86    0.00    3.52    0.00    0.00    5.78    0.00    0.00    0.00   67.84
19:48:13     all   22.11    0.00    3.52    0.00    0.00    6.03    0.50    0.00    0.00   67.84
19:48:14     all   21.52    0.00    3.29    0.00    0.00    6.08    0.00    0.00    0.00   69.11
19:48:15     all   23.60    0.00    3.55    0.00    0.00    5.58    0.00    0.00    0.00   67.26
19:48:16     all   23.23    0.00    3.54    0.00    0.00    5.81    0.00    0.00    0.00   67.42
19:48:17     all   22.92    0.00    3.53    0.00    0.00    5.54    0.00    0.00    0.00   68.01
19:48:18     all   24.05    0.00    2.78    0.00    0.00    5.82    0.00    0.00    0.00   67.34
19:48:19     all   22.75    0.00    3.75    0.00    0.00    6.00    0.00    0.00    0.00   67.50
19:48:20     all   20.56    0.00    2.79    0.00    0.00    6.09    0.00    0.00    0.00   70.56
19:48:21     all   23.23    0.00    2.78    0.00    0.00    5.81    0.25    0.00    0.00   67.93
19:48:22     all   24.00    0.00    3.75    0.00    0.00    5.75    0.25    0.00    0.00   66.25
19:48:23     all   22.17    0.00    3.78    0.00    0.00    6.55    0.00    0.00    0.00   67.51
19:48:24     all   23.10    0.00    3.30    0.00    0.00    5.84    0.00    0.00    0.00   67.77
19:48:25     all   21.97    0.00    3.54    0.00    0.00    6.31    0.00    0.00    0.00   68.18
19:48:26     all   22.67    0.00    3.78    0.00    0.00    6.55    0.00    0.00    0.00   67.00
19:48:27     all   22.53    0.00    3.29    0.00    0.00    4.81    0.00    0.00    0.00   69.37
19:48:28     all   24.31    0.00    3.76    0.00    0.00    5.51    0.00    0.00    0.00   66.42
19:48:29     all   22.22    0.00    4.04    0.00    0.00    5.56    0.25    0.00    0.00   67.93
19:48:30     all   22.17    0.00    3.27    0.00    0.00    6.05    0.00    0.00    0.00   68.51
19:48:31     all   23.43    0.00    4.28    0.00    0.00    6.05    0.50    0.00    0.00   65.74
19:48:32     all   23.35    0.00    3.30    0.00    0.00    7.11    0.00    0.00    0.00   66.24
19:48:33     all   24.18    0.00    3.27    0.00    0.00    4.28    0.25    0.00    0.00   68.01
19:48:34     all   22.28    0.00    4.30    0.00    0.00    5.82    0.00    0.00    0.00   67.59
19:48:35     all   22.28    0.00    3.29    0.00    0.00    5.82    0.00    0.00    0.00   68.61
19:48:36     all   23.54    0.00    3.80    0.00    0.00    5.57    0.00    0.00    0.00   67.09
19:48:37     all   23.43    0.00    3.27    0.00    0.00    5.79    0.00    0.00    0.00   67.51
19:48:38     all   22.11    0.00    3.52    0.00    0.00    6.53    0.00    0.00    0.00   67.84
19:48:39     all   23.23    0.00    3.79    0.00    0.00    6.06    0.00    0.00    0.00   66.92
19:48:40     all   23.16    0.00    3.31    0.00    0.00    6.36    0.00    0.00    0.00   67.18
19:48:41     all   23.37    0.00    3.52    0.00    0.00    5.28    0.25    0.00    0.00   67.59
19:48:42     all   24.75    0.00    3.03    0.00    0.00    5.56    0.00    0.00    0.00   66.67
19:48:43     all   22.81    0.00    4.26    0.00    0.00    6.52    0.25    0.00    0.00   66.17
19:48:44     all   21.94    0.00    3.83    0.26    0.00    5.87    0.00    0.00    0.00   68.11
19:48:45     all   10.33    0.00    1.76    0.00    0.00    2.52    0.00    0.00    0.00   85.39
19:48:46     all   17.79    0.00    2.51    0.00    0.00    4.01    0.25    0.00    0.00   75.44
19:48:47     all   25.00    0.00    4.04    0.00    0.00    7.07    0.00    0.00    0.00   63.89
19:48:48     all   26.01    0.00    4.29    0.00    0.00    7.58    0.25    0.00    0.00   61.87
19:48:49     all   26.77    0.00    4.80    0.00    0.00    7.07    0.00    0.00    0.00   61.36
19:48:50     all   27.16    0.00    4.06    0.00    0.00    7.11    0.00    0.00    0.00   61.68
19:48:51     all   24.30    0.00    3.29    0.00    0.00    6.58    0.00    0.00    0.00   65.82
19:48:52     all   22.14    0.00    3.56    0.00    0.00    5.85    0.00    0.00    0.00   68.45
19:48:53     all   22.86    0.00    3.27    0.00    0.00    6.03    0.25    0.00    0.00   67.59
19:48:54     all   24.69    0.00    3.53    0.00    0.00    5.29    0.00    0.00    0.00   66.50
19:48:55     all   24.94    0.00    3.53    0.00    0.00    6.55    0.25    0.00    0.00   64.74
19:48:56     all   23.54    0.00    4.30    0.00    0.00    6.33    0.00    0.00    0.00   65.82
19:48:57     all   22.47    0.00    3.28    0.00    0.00    6.31    0.00    0.00    0.00   67.93
19:48:58     all   23.43    0.00    4.53    0.00    0.00    5.54    0.00    0.00    0.00   66.50
19:48:59     all   25.00    0.00    3.28    0.00    0.00    6.57    0.00    0.00    0.00   65.15
19:49:00     all   24.11    0.00    3.55    0.00    0.00    5.84    0.00    0.00    0.00   66.50
19:49:01     all   23.54    0.00    4.05    0.00    0.00    5.57    0.00    0.00    0.00   66.84
19:49:02     all   23.93    0.00    3.78    0.00    0.00    6.30    0.25    0.00    0.00   65.74
19:49:03     all   24.75    0.00    4.04    0.00    0.00    5.81    0.00    0.00    0.00   65.40
19:49:04     all   23.74    0.00    3.28    0.00    0.00    5.81    0.25    0.00    0.00   66.92
19:49:05     all   23.54    0.00    3.80    0.00    0.00    5.82    0.25    0.00    0.00   66.58
19:49:06     all   24.69    0.00    3.53    0.25    0.00    7.05    0.25    0.00    0.00   64.23
19:49:07     all   22.78    0.00    4.56    0.00    0.00    6.33    0.00    0.00    0.00   66.33
19:49:08     all   24.56    0.00    3.76    0.00    0.00    6.77    0.00    0.00    0.00   64.91
19:49:09     all   23.29    0.00    3.29    0.00    0.00    6.58    0.00    0.00    0.00   66.84
19:49:10     all   23.62    0.00    4.27    0.00    0.00    6.03    0.00    0.00    0.00   66.08
19:49:11     all   26.58    0.00    3.04    0.00    0.00    6.08    0.00    0.00    0.00   64.30
19:49:12     all   25.44    0.00    3.78    0.00    0.00    6.80    0.00    0.00    0.00   63.98
19:49:13     all   24.69    0.00    4.03    0.00    0.00    5.54    0.00    0.00    0.00   65.74
19:49:14     all   23.10    0.00    3.55    0.00    0.00    5.58    0.00    0.00    0.00   67.77
19:49:15     all   23.75    0.00    3.50    0.00    0.00    5.50    0.25    0.00    0.00   67.00
19:49:16     all   24.12    0.00    3.52    0.00    0.00    6.78    0.25    0.00    0.00   65.33
19:49:17     all   24.94    0.00    3.78    0.00    0.00    6.55    0.25    0.00    0.00   64.48
19:49:18     all   24.43    0.00    4.03    0.00    0.00    6.05    0.00    0.00    0.00   65.49
19:49:19     all   24.68    0.00    3.82    0.00    0.00    6.11    0.00    0.00    0.00   65.39
19:49:20     all   24.30    0.00    3.29    0.00    0.00    5.57    0.00    0.00    0.00   66.84
19:49:21     all   23.13    0.00    3.73    0.00    0.00    6.47    0.00    0.00    0.00   66.67
19:49:22     all   24.24    0.00    3.28    0.00    0.00    6.82    0.25    0.00    0.00   65.40
19:49:23     all   23.99    0.00    3.79    0.00    0.00    6.57    0.00    0.00    0.00   65.66
19:49:24     all   23.04    0.00    3.54    0.00    0.00    5.82    0.00    0.00    0.00   67.59
19:49:25     all   24.17    0.00    3.05    0.00    0.00    6.11    0.00    0.00    0.00   66.67
19:49:26     all   25.06    0.00    4.26    0.00    0.00    6.77    0.25    0.00    0.00   63.66
19:49:27     all   23.10    0.00    3.81    0.00    0.00    6.09    0.25    0.00    0.00   66.75
19:49:28     all   24.31    0.00    3.76    0.00    0.00    6.27    0.00    0.00    0.00   65.66
19:49:29     all   23.54    0.00    3.80    0.00    0.00    5.32    0.00    0.00    0.00   67.34
19:49:30     all   24.18    0.00    3.78    0.00    0.00    6.30    0.00    0.00    0.00   65.74
19:49:31     all   24.56    0.00    3.29    0.00    0.00    6.33    0.00    0.00    0.00   65.82
19:49:32     all   25.13    0.00    3.05    0.00    0.00    5.58    0.00    0.00    0.00   66.24
19:49:33     all   24.37    0.00    3.77    0.00    0.00    6.03    0.25    0.00    0.00   65.58
19:49:34     all   23.54    0.00    3.04    0.00    0.00    6.08    0.00    0.00    0.00   67.34
19:49:35     all   22.59    0.00    4.06    0.00    0.00    6.35    0.00    0.00    0.00   67.01
19:49:36     all   25.06    0.00    3.54    0.00    0.00    6.58    0.00    0.00    0.00   64.81
19:49:37     all   23.81    0.00    3.51    0.00    0.00    6.27    0.50    0.00    0.00   65.91
19:49:38     all   23.99    0.00    4.29    0.00    0.00    6.06    0.25    0.00    0.00   65.40
19:49:39     all   24.43    0.00    4.03    0.00    0.00    6.80    0.00    0.00    0.00   64.74
19:49:40     all   23.68    0.00    4.03    0.00    0.00    5.79    0.00    0.00    0.00   66.50
19:49:41     all   23.04    0.00    4.05    0.00    0.00    5.32    0.00    0.00    0.00   67.59
19:49:42     all   23.60    0.00    3.55    0.00    0.00    7.11    0.00    0.00    0.00   65.74
19:49:43     all   24.75    0.00    4.29    0.00    0.00    6.06    0.00    0.00    0.00   64.90
19:49:44     all   24.62    0.00    3.27    0.00    0.00    6.28    0.00    0.00    0.00   65.83
19:49:45     all   24.62    0.00    2.79    0.00    0.00    6.09    0.00    0.00    0.00   66.50
19:49:46     all   24.06    0.00    3.76    0.00    0.00    6.52    0.00    0.00    0.00   65.66
19:49:47     all   22.96    0.00    3.32    0.00    0.00    6.12    0.00    0.00    0.00   67.60
19:49:48     all   24.62    0.00    3.27    0.00    0.00    6.28    0.25    0.00    0.00   65.58
19:49:49     all   23.75    0.00    3.25    0.00    0.00    6.75    0.50    0.00    0.00   65.75
19:49:50     all   23.62    0.00    3.77    0.00    0.00    6.03    0.00    0.00    0.00   66.58
19:49:51     all   23.80    0.00    3.54    0.00    0.00    6.33    0.00    0.00    0.00   66.33
19:49:52     all   23.81    0.00    3.51    0.00    0.00    6.77    0.00    0.00    0.00   65.91
19:49:53     all   24.11    0.00    3.30    0.00    0.00    6.35    0.00    0.00    0.00   66.24
19:49:54     all   23.99    0.00    3.54    0.00    0.00    5.81    0.00    0.00    0.00   66.67
19:49:55     all   23.75    0.00    4.25    0.00    0.00    6.25    0.25    0.00    0.00   65.50
19:49:56     all   24.43    0.00    4.07    0.00    0.00    5.34    0.00    0.00    0.00   66.16
19:49:57     all   23.56    0.00    3.76    0.00    0.00    6.27    0.00    0.00    0.00   66.42
19:49:58     all   23.54    0.00    3.80    0.00    0.00    6.08    0.00    0.00    0.00   66.58
19:49:59     all   25.75    0.00    3.75    0.00    0.00    6.25    0.25    0.00    0.00   64.00
19:50:00     all   24.37    0.00    3.27    0.00    0.00    5.78    0.25    0.00    0.00   66.33
19:50:01     all   23.10    0.00    4.31    0.25    0.00    5.84    0.00    0.00    0.00   66.50
19:50:02     all   23.38    0.00    3.73    0.00    0.00    6.72    0.00    0.00    0.00   66.17
19:50:03     all   23.86    0.00    3.81    0.00    0.00    5.58    0.00    0.00    0.00   66.75
19:50:04     all   23.86    0.00    3.05    0.00    0.00    6.09    0.25    0.00    0.00   66.75
19:50:05     all   23.48    0.00    3.79    0.00    0.00    6.31    0.00    0.00    0.00   66.41
19:50:06     all   23.93    0.00    4.03    0.00    0.00    6.30    0.00    0.00    0.00   65.74
19:50:07     all   22.98    0.00    4.29    0.00    0.00    6.31    0.00    0.00    0.00   66.41
19:50:08     all   24.18    0.00    3.53    0.00    0.00    6.80    0.00    0.00    0.00   65.49
19:50:09     all   24.05    0.00    3.80    0.00    0.00    6.58    0.25    0.00    0.00   65.32
19:50:10     all   23.93    0.00    3.27    0.00    0.00    7.05    0.50    0.00    0.00   65.24
19:50:11     all   24.62    0.00    3.77    0.00    0.00    6.28    0.00    0.00    0.00   65.33
19:50:12     all   25.63    0.00    3.55    0.00    0.00    5.33    0.00    0.00    0.00   65.48
19:50:13     all   25.31    0.00    3.76    0.00    0.00    6.77    0.00    0.00    0.00   64.16
19:50:14     all   23.02    0.00    3.84    0.00    0.00    6.65    0.00    0.00    0.00   66.50
19:50:15     all   24.37    0.00    4.06    0.00    0.00    5.08    0.00    0.00    0.00   66.50
19:50:16     all   25.00    0.00    3.54    0.00    0.00    5.30    0.00    0.00    0.00   66.16
19:50:17     all   23.43    0.00    4.28    0.00    0.00    6.30    0.25    0.00    0.00   65.74
19:50:18     all   24.11    0.00    4.06    0.00    0.00    6.85    0.00    0.00    0.00   64.97
19:50:19     all   23.56    0.00    3.76    0.00    0.00    6.02    0.25    0.00    0.00   66.42
19:50:20     all   25.25    0.00    4.04    0.00    0.00    5.56    0.00    0.00    0.00   65.15
19:50:21     all   23.48    0.00    4.04    0.00    0.00    5.56    0.25    0.00    0.00   66.67
19:50:22     all   23.62    0.00    4.02    0.00    0.00    6.03    0.00    0.00    0.00   66.33
19:50:23     all   24.30    0.00    3.54    0.00    0.00    6.33    0.00    0.00    0.00   65.82
19:50:24     all   24.74    0.00    4.08    0.00    0.00    6.38    0.26    0.00    0.00   64.54
19:50:25     all   23.23    0.00    3.79    0.00    0.00    6.06    0.00    0.00    0.00   66.92
19:50:26     all   21.83    0.00    3.55    0.00    0.00    5.33    0.00    0.00    0.00   69.29
19:50:27     all   20.00    0.00    3.50    0.00    0.00    5.25    0.00    0.00    0.00   71.25
19:50:28     all   24.43    0.00    3.53    0.00    0.00    7.05    0.25    0.00    0.00   64.74
19:50:29     all   25.76    0.00    4.55    0.00    0.00    6.57    0.00    0.00    0.00   63.13
19:50:30     all   26.07    0.00    3.51    0.25    0.00    6.52    0.00    0.00    0.00   63.66
19:50:31     all   23.48    0.00    3.54    0.00    0.00    5.81    0.00    0.00    0.00   67.17
19:50:32     all   23.12    0.00    3.77    0.00    0.00    6.03    0.00    0.00    0.00   67.09
19:50:33     all   23.80    0.00    3.80    0.00    0.00    6.08    0.25    0.00    0.00   66.08
19:50:34     all   24.18    0.00    4.03    0.00    0.00    6.30    0.00    0.00    0.00   65.49
19:50:35     all   23.62    0.00    3.52    0.00    0.00    5.53    0.25    0.00    0.00   67.09
19:50:36     all   24.87    0.00    3.52    0.00    0.00    6.28    0.00    0.00    0.00   65.33
19:50:37     all   22.90    0.00    4.07    0.00    0.00    6.62    0.25    0.00    0.00   66.16
19:50:38     all   25.38    0.00    3.02    0.00    0.00    6.28    0.00    0.00    0.00   65.33
19:50:39     all   23.54    0.00    4.56    0.00    0.00    5.57    0.25    0.00    0.00   66.08
19:50:40     all   24.37    0.00    3.81    0.00    0.00    6.35    0.00    0.00    0.00   65.48
19:50:41     all   24.37    0.00    3.52    0.00    0.00    5.28    0.00    0.00    0.00   66.83
19:50:42     all   23.68    0.00    3.78    0.00    0.00    6.55    0.00    0.00    0.00   65.99
19:50:43     all   24.62    0.00    3.77    0.00    0.00    6.78    0.25    0.00    0.00   64.57
19:50:44     all   24.94    0.00    3.82    0.00    0.00    6.36    0.00    0.00    0.00   64.89
19:50:45     all   24.87    0.00    3.77    0.00    0.00    6.03    0.00    0.00    0.00   65.33
19:50:46     all   22.75    0.00    4.00    0.25    0.00    6.50    0.25    0.00    0.00   66.25
19:50:47     all   22.59    0.00    3.05    0.00    0.00    6.35    0.00    0.00    0.00   68.02
19:50:48     all   24.37    0.00    4.02    0.00    0.00    6.53    0.25    0.00    0.00   64.82
19:50:49     all   25.82    0.00    3.54    0.00    0.00    5.82    0.00    0.00    0.00   64.81
19:50:50     all   24.06    0.00    4.01    0.00    0.00    6.02    0.00    0.00    0.00   65.91
19:50:51     all   22.78    0.00    3.80    0.00    0.00    7.09    0.00    0.00    0.00   66.33
19:50:52     all   23.93    0.00    3.78    0.00    0.00    6.05    0.00    0.00    0.00   66.25
19:50:53     all   23.19    0.00    3.99    0.00    0.00    6.23    0.50    0.00    0.00   66.08
19:50:54     all   24.49    0.00    3.32    0.00    0.00    6.63    0.00    0.00    0.00   65.56
19:50:55     all   23.56    0.00    4.01    0.00    0.00    6.27    0.25    0.00    0.00   65.91
19:50:56     all   25.63    0.00    4.02    0.00    0.00    6.28    0.00    0.00    0.00   64.07
19:50:57     all   23.80    0.00    3.80    0.00    0.00    6.08    0.00    0.00    0.00   66.33
19:50:58     all   24.31    0.00    3.76    0.00    0.00    6.27    0.00    0.00    0.00   65.66
19:50:59     all   24.24    0.00    3.54    0.00    0.00    7.07    0.00    0.00    0.00   65.15
19:51:00     all   24.75    0.00    3.75    0.00    0.00    6.75    0.00    0.00    0.00   64.75
19:51:01     all   23.04    0.00    3.80    0.00    0.00    6.33    0.00    0.00    0.00   66.84
19:51:02     all   23.56    0.00    3.76    0.00    0.00    6.52    0.50    0.00    0.00   65.66
19:51:03     all   22.90    0.00    3.05    0.00    0.00    6.87    0.00    0.00    0.00   67.18
19:51:04     all   23.50    0.00    3.50    0.00    0.00    7.00    0.25    0.00    0.00   65.75
19:51:05     all   23.86    0.00    3.55    0.00    0.00    6.35    0.00    0.00    0.00   66.24
19:51:06     all   23.50    0.00    4.25    0.00    0.00    6.00    0.00    0.00    0.00   66.25
19:51:07     all   26.08    0.00    3.80    0.00    0.00    6.08    0.25    0.00    0.00   63.80
19:51:08     all   24.69    0.00    4.28    0.00    0.00    7.30    0.00    0.00    0.00   63.73
19:51:09     all   24.49    0.00    3.79    0.00    0.00    6.31    0.00    0.00    0.00   65.40
19:51:10     all   24.06    0.00    4.01    0.00    0.00    5.76    0.00    0.00    0.00   66.17
19:51:11     all   23.99    0.00    3.54    0.00    0.00    6.57    0.00    0.00    0.00   65.91
19:51:12     all   22.53    0.00    3.80    0.00    0.00    6.58    0.00    0.00    0.00   67.09
19:51:13     all   25.00    0.00    3.54    0.00    0.00    6.06    0.25    0.00    0.00   65.15
19:51:14     all   25.94    0.00    3.27    0.00    0.00    5.79    0.25    0.00    0.00   64.74
19:51:15     all   22.81    0.00    3.51    0.00    0.00    6.52    0.00    0.00    0.00   67.17
19:51:16     all   23.80    0.00    3.04    0.00    0.00    6.33    0.25    0.00    0.00   66.58
19:51:17     all   23.68    0.00    4.53    0.00    0.00    5.54    0.00    0.00    0.00   66.25
19:51:18     all   24.24    0.00    3.54    0.00    0.00    6.06    0.00    0.00    0.00   66.16
19:51:19     all   23.99    0.00    3.54    0.00    0.00    6.82    0.00    0.00    0.00   65.66
19:51:20     all   22.67    0.00    3.53    0.00    0.00    6.05    0.00    0.00    0.00   67.76
19:51:21     all   23.65    0.00    2.83    0.00    0.00    6.43    0.00    0.00    0.00   67.10
19:51:22     all   24.69    0.00    3.99    0.00    0.00    6.98    0.25    0.00    0.00   64.09
19:51:23     all   23.93    0.00    3.78    0.00    0.00    6.55    0.00    0.00    0.00   65.74
19:51:24     all   24.94    0.00    3.02    0.00    0.00    6.05    0.25    0.00    0.00   65.74
19:51:25     all   23.23    0.00    3.28    0.00    0.00    5.81    0.25    0.00    0.00   67.42
19:51:26     all   23.72    0.00    3.83    0.00    0.00    5.61    0.00    0.00    0.00   66.84
19:51:27     all   23.69    0.00    4.24    0.00    0.00    6.23    0.00    0.00    0.00   65.84
19:51:28     all   24.69    0.00    3.78    0.00    0.00    6.30    0.00    0.00    0.00   65.24
19:51:29     all   23.35    0.00    4.31    0.00    0.00    5.84    0.00    0.00    0.00   66.50
19:51:30     all   23.62    0.00    3.27    0.25    0.00    6.03    0.00    0.00    0.00   66.83
19:51:31     all   23.04    0.00    3.54    0.00    0.00    6.58    0.25    0.00    0.00   66.58
19:51:32     all   23.25    0.00    3.75    0.00    0.00    6.75    0.00    0.00    0.00   66.25
19:51:33     all   22.73    0.00    4.04    0.00    0.00    5.56    0.00    0.00    0.00   67.68
19:51:34     all   23.16    0.00    3.31    0.00    0.00    6.36    0.00    0.00    0.00   67.18
19:51:35     all   23.68    0.00    4.28    0.00    0.00    5.79    0.25    0.00    0.00   65.99
19:51:36     all   23.68    0.00    4.03    0.00    0.00    6.05    0.25    0.00    0.00   65.99
19:51:37     all   24.30    0.00    3.58    0.00    0.00    5.88    0.00    0.00    0.00   66.24
19:51:38     all   23.25    0.00    4.25    0.00    0.00    6.25    0.25    0.00    0.00   66.00
19:51:39     all   23.60    0.00    3.81    0.00    0.00    5.58    0.00    0.00    0.00   67.01
19:51:40     all   25.63    0.00    4.02    0.00    0.00    5.03    0.00    0.00    0.00   65.33
19:51:41     all   23.56    0.00    3.51    0.00    0.00    6.02    0.00    0.00    0.00   66.92
19:51:42     all   23.27    0.00    3.32    0.00    0.00    6.39    0.00    0.00    0.00   67.01
19:51:43     all   24.18    0.00    3.78    0.00    0.00    7.30    0.00    0.00    0.00   64.74
19:51:44     all   25.06    0.00    3.80    0.00    0.00    6.84    0.00    0.00    0.00   64.30
19:51:45     all   15.25    0.00    2.75    0.00    0.00    4.50    0.50    0.00    0.00   77.00
19:51:46     all   15.23    0.00    2.54    0.00    0.00    3.30    0.25    0.00    0.00   78.68
19:51:47     all   24.25    0.00    4.00    0.00    0.00    7.25    0.00    0.00    0.00   64.50
19:51:48     all   26.33    0.00    4.05    0.00    0.00    7.59    0.00    0.00    0.00   62.03
19:51:49     all   27.00    0.00    5.25    0.00    0.00    7.50    0.00    0.00    0.00   60.25
19:51:50     all   27.57    0.00    4.26    0.00    0.00    6.52    0.00    0.00    0.00   61.65
19:51:51     all   23.74    0.00    3.54    0.00    0.00    6.31    0.00    0.00    0.00   66.41
19:51:52     all   21.63    0.00    3.56    0.00    0.00    6.11    0.25    0.00    0.00   68.45
19:51:53     all   24.30    0.00    4.05    0.00    0.00    5.57    0.00    0.00    0.00   66.08
19:51:54     all   23.93    0.00    3.27    0.00    0.00    6.80    0.25    0.00    0.00   65.74
19:51:55     all   24.43    0.00    3.27    0.00    0.00    5.54    0.25    0.00    0.00   66.50
19:51:56     all   24.87    0.00    4.06    0.00    0.00    6.60    0.00    0.00    0.00   64.47
19:51:57     all   23.68    0.00    3.78    0.00    0.00    6.55    0.00    0.00    0.00   65.99
19:51:58     all   23.43    0.00    3.78    0.00    0.00    6.55    0.00    0.00    0.00   66.25
19:51:59     all   24.94    0.00    4.03    0.00    0.00    6.30    0.25    0.00    0.00   64.48
19:52:00     all   22.98    0.00    4.04    0.00    0.00    6.57    0.00    0.00    0.00   66.41
19:52:01     all   23.50    0.00    3.75    0.00    0.00    5.75    0.00    0.00    0.00   67.00
19:52:02     all   21.97    0.00    3.54    0.00    0.00    6.06    0.00    0.00    0.00   68.43
19:52:03     all   24.43    0.00    3.53    0.00    0.00    6.55    0.00    0.00    0.00   65.49
19:52:04     all   25.06    0.00    4.22    0.00    0.00    6.45    0.50    0.00    0.00   63.77
19:52:05     all   23.81    0.00    3.51    0.00    0.00    6.27    0.25    0.00    0.00   66.17
19:52:06     all   24.05    0.00    3.29    0.00    0.00    6.08    0.00    0.00    0.00   66.58
19:52:07     all   24.43    0.00    3.78    0.00    0.00    6.30    0.00    0.00    0.00   65.49
19:52:08     all   23.66    0.00    3.82    0.00    0.00    5.85    0.00    0.00    0.00   66.67
19:52:09     all   24.94    0.00    3.27    0.00    0.00    6.05    0.00    0.00    0.00   65.74
19:52:10     all   24.18    0.00    4.03    0.00    0.00    6.05    0.00    0.00    0.00   65.74
19:52:11     all   23.60    0.00    3.30    0.00    0.00    6.85    0.00    0.00    0.00   66.24
19:52:12     all   22.03    0.00    4.05    0.00    0.00    5.82    0.00    0.00    0.00   68.10
19:52:13     all   23.12    0.00    3.52    0.00    0.00    6.28    0.50    0.00    0.00   66.58
19:52:14     all   24.24    0.00    3.79    0.00    0.00    5.56    0.00    0.00    0.00   66.41
19:52:15     all   23.60    0.00    3.55    0.00    0.00    6.35    0.00    0.00    0.00   66.50
19:52:16     all   25.25    0.00    4.29    0.00    0.00    5.81    0.00    0.00    0.00   64.65
19:52:17     all   23.12    0.00    3.77    0.00    0.00    6.28    0.25    0.00    0.00   66.58
19:52:18     all   23.87    0.00    3.52    0.00    0.00    5.78    0.00    0.00    0.00   66.83
19:52:19     all   22.73    0.00    3.54    0.00    0.00    6.06    0.00    0.00    0.00   67.68
19:52:20     all   23.25    0.00    3.75    0.00    0.00    6.75    0.25    0.00    0.00   66.00
19:52:21     all   23.68    0.00    3.53    0.00    0.00    6.05    0.00    0.00    0.00   66.75
19:52:22     all   24.12    0.00    4.27    0.00    0.00    5.78    0.00    0.00    0.00   65.83
19:52:23     all   24.11    0.00    3.81    0.00    0.00    6.09    0.00    0.00    0.00   65.99
19:52:24     all   24.17    0.00    3.31    0.00    0.00    5.85    0.00    0.00    0.00   66.67
19:52:25     all   23.12    0.00    4.02    0.00    0.00    6.28    0.25    0.00    0.00   66.33
19:52:26     all   23.74    0.00    3.28    0.00    0.00    5.30    0.00    0.00    0.00   67.68
19:52:27     all   25.13    0.00    3.27    0.00    0.00    5.78    0.25    0.00    0.00   65.58
19:52:28     all   25.13    0.00    2.79    0.00    0.00    6.85    0.00    0.00    0.00   65.23
19:52:29     all   22.36    0.00    4.52    0.00    0.00    6.78    0.00    0.00    0.00   66.33
19:52:30     all   23.29    0.00    3.29    0.00    0.00    6.58    0.00    0.00    0.00   66.84
19:52:31     all   22.86    0.00    3.52    0.00    0.00    6.28    0.25    0.00    0.00   67.09
19:52:32     all   23.12    0.00    4.02    0.00    0.00    6.78    0.00    0.00    0.00   66.08
19:52:33     all   24.49    0.00    3.79    0.00    0.00    5.81    0.00    0.00    0.00   65.91
19:52:34     all   24.25    0.00    4.25    0.00    0.00    6.50    0.00    0.00    0.00   65.00
19:52:35     all   22.17    0.00    3.53    0.00    0.00    6.30    0.00    0.00    0.00   68.01
19:52:36     all   23.82    0.00    4.22    0.00    0.00    6.20    0.25    0.00    0.00   65.51
19:52:37     all   23.66    0.00    3.31    0.00    0.00    6.36    0.25    0.00    0.00   66.41
19:52:38     all   24.30    0.00    3.29    0.00    0.00    6.08    0.00    0.00    0.00   66.33
19:52:39     all   24.56    0.00    3.76    0.00    0.00    6.77    0.25    0.00    0.00   64.66
19:52:40     all   24.38    0.00    3.23    0.00    0.00    6.97    0.00    0.00    0.00   65.42
19:52:41     all   22.70    0.00    4.34    0.00    0.00    5.10    0.00    0.00    0.00   67.86
19:52:42     all   24.44    0.00    3.24    0.00    0.00    6.48    0.00    0.00    0.00   65.84
19:52:43     all   23.50    0.00    3.75    0.25    0.00    6.50    0.00    0.00    0.00   66.00
19:52:44     all   24.05    0.00    4.05    0.00    0.00    6.08    0.00    0.00    0.00   65.82
19:52:45     all   23.60    0.00    3.55    0.00    0.00    6.09    0.00    0.00    0.00   66.75
19:52:46     all   23.99    0.00    4.04    0.00    0.00    6.06    0.25    0.00    0.00   65.66
19:52:47     all   23.12    0.00    3.27    0.00    0.00    6.78    0.25    0.00    0.00   66.58
19:52:48     all   22.28    0.00    4.56    0.00    0.00    6.58    0.00    0.00    0.00   66.58
19:52:49     all   24.37    0.00    4.31    0.00    0.00    6.09    0.00    0.00    0.00   65.23
19:52:50     all   24.37    0.00    3.05    0.00    0.00    6.35    0.00    0.00    0.00   66.24
19:52:51     all   24.50    0.00    4.25    0.00    0.00    6.00    0.25    0.00    0.00   65.00
19:52:52     all   23.54    0.00    3.54    0.00    0.00    6.33    0.25    0.00    0.00   66.33
19:52:53     all   24.69    0.00    4.53    0.00    0.00    6.55    0.00    0.00    0.00   64.23
19:52:54     all   25.76    0.00    4.04    0.00    0.00    5.56    0.00    0.00    0.00   64.65
19:52:55     all   24.81    0.00    3.54    0.00    0.00    6.58    0.00    0.00    0.00   65.06
19:52:56     all   24.81    0.00    3.04    0.00    0.00    6.08    0.25    0.00    0.00   65.82
19:52:57     all   22.73    0.00    3.79    0.00    0.00    6.06    0.00    0.00    0.00   67.42
19:52:58     all   24.05    0.00    3.29    0.00    0.00    5.82    0.00    0.00    0.00   66.84
19:52:59     all   24.69    0.00    4.03    0.00    0.00    7.05    0.00    0.00    0.00   64.23
19:53:00     all   23.93    0.00    4.03    0.00    0.00    6.30    0.25    0.00    0.00   65.49
19:53:01     all   23.87    0.00    3.27    0.00    0.00    6.53    0.25    0.00    0.00   66.08
19:53:02     all   23.62    0.00    3.27    0.00    0.00    6.78    0.00    0.00    0.00   66.33
19:53:03     all   24.62    0.00    4.02    0.00    0.00    5.78    0.00    0.00    0.00   65.58
19:53:04     all   25.19    0.00    3.78    0.00    0.00    6.05    0.00    0.00    0.00   64.99
19:53:05     all   23.80    0.00    3.29    0.00    0.00    6.33    0.00    0.00    0.00   66.58
19:53:06     all   23.93    0.00    4.03    0.00    0.00    6.05    0.00    0.00    0.00   65.99
19:53:07     all   24.87    0.00    3.27    0.00    0.00    6.53    0.00    0.00    0.00   65.33
19:53:08     all   23.12    0.00    4.27    0.00    0.00    6.03    0.25    0.00    0.00   66.33
19:53:09     all   24.37    0.00    3.55    0.00    0.00    5.84    0.25    0.00    0.00   65.99
19:53:10     all   22.86    0.00    4.52    0.00    0.00    7.04    0.00    0.00    0.00   65.58
19:53:11     all   23.87    0.00    4.02    0.00    0.00    6.28    0.00    0.00    0.00   65.83
19:53:12     all   22.70    0.00    3.83    0.00    0.00    6.38    0.00    0.00    0.00   67.09
19:53:13     all   24.69    0.00    3.78    0.00    0.00    6.30    0.25    0.00    0.00   64.99
19:53:14     all   24.62    0.00    4.27    0.00    0.00    6.28    0.00    0.00    0.00   64.82
19:53:15     all   24.87    0.00    3.77    0.00    0.00    6.28    0.00    0.00    0.00   65.08
19:53:16     all   24.81    0.00    3.54    0.00    0.00    6.08    0.00    0.00    0.00   65.57
19:53:17     all   25.50    0.00    3.75    0.00    0.00    7.00    0.00    0.00    0.00   63.75
19:53:18     all   25.25    0.00    3.79    0.00    0.00    6.82    0.25    0.00    0.00   63.89
19:53:19     all   25.31    0.00    3.51    0.00    0.00    6.27    0.25    0.00    0.00   64.66
19:53:20     all   25.51    0.00    3.54    0.00    0.00    6.06    0.00    0.00    0.00   64.90
19:53:21     all   25.81    0.00    4.01    0.00    0.00    6.27    0.00    0.00    0.00   63.91
19:53:22     all   24.68    0.00    3.82    0.00    0.00    5.85    0.00    0.00    0.00   65.65
19:53:23     all   24.56    0.00    3.80    0.00    0.00    6.84    0.00    0.00    0.00   64.81
19:53:24     all   26.93    0.00    3.99    0.00    0.00    6.48    0.50    0.00    0.00   62.09
19:53:25     all   25.75    0.00    3.75    0.00    0.00    6.25    0.00    0.00    0.00   64.25
19:53:26     all   25.25    0.00    4.29    0.00    0.00    6.31    0.00    0.00    0.00   64.14
19:53:27     all   25.13    0.00    4.06    0.00    0.00    6.85    0.00    0.00    0.00   63.96
19:53:28     all   25.82    0.00    3.80    0.00    0.00    6.84    0.00    0.00    0.00   63.54
19:53:29     all   24.81    0.00    4.30    0.00    0.00    7.34    0.00    0.00    0.00   63.54
19:53:30     all   25.19    0.00    3.78    0.00    0.00    6.55    0.25    0.00    0.00   64.23
19:53:31     all   24.94    0.00    3.78    0.00    0.00    7.05    0.00    0.00    0.00   64.23
19:53:32     all   24.50    0.00    3.75    0.00    0.00    7.25    0.00    0.00    0.00   64.50
19:53:33     all   26.20    0.00    3.27    0.00    0.00    6.55    0.25    0.00    0.00   63.73
19:53:34     all   26.08    0.00    4.56    0.00    0.00    6.84    0.25    0.00    0.00   62.28
19:53:35     all   25.19    0.00    3.31    0.00    0.00    6.36    0.00    0.00    0.00   65.14
19:53:36     all   25.44    0.00    4.03    0.00    0.00    6.30    0.00    0.00    0.00   64.23
19:53:37     all   25.88    0.00    4.02    0.00    0.00    7.79    0.00    0.00    0.00   62.31
19:53:38     all   24.37    0.00    4.27    0.25    0.00    7.04    0.25    0.00    0.00   63.82
19:53:39     all   25.69    0.00    3.27    0.00    0.00    6.55    0.25    0.00    0.00   64.23
19:53:40     all   26.07    0.00    4.51    0.00    0.00    7.27    0.00    0.00    0.00   62.16
19:53:41     all   26.90    0.00    3.81    0.00    0.00    7.36    0.00    0.00    0.00   61.93
19:53:42     all   27.00    0.00    4.25    0.00    0.00    6.50    0.00    0.00    0.00   62.25
19:53:43     all   25.25    0.00    4.25    0.00    0.00    6.50    0.00    0.00    0.00   64.00
19:53:44     all   25.38    0.00    3.81    0.00    0.00    6.35    0.25    0.00    0.00   64.21
19:53:45     all   26.45    0.00    4.53    0.00    0.00    7.30    0.00    0.00    0.00   61.71
19:53:46     all   27.27    0.00    4.55    0.00    0.00    6.31    0.25    0.00    0.00   61.62
19:53:47     all   25.81    0.00    4.51    0.00    0.00    7.27    0.00    0.00    0.00   62.41
19:53:48     all   26.45    0.00    4.28    0.00    0.00    6.05    0.00    0.00    0.00   63.22
19:53:49     all   25.82    0.00    3.80    0.00    0.00    7.59    0.25    0.00    0.00   62.53
19:53:50     all   27.59    0.00    3.54    0.00    0.00    6.33    0.00    0.00    0.00   62.53
19:53:51     all   26.33    0.00    3.54    0.00    0.00    7.09    0.00    0.00    0.00   63.04
19:53:52     all   26.87    0.00    4.23    0.00    0.00    6.72    0.25    0.00    0.00   61.94
19:53:53     all   27.30    0.00    3.57    0.00    0.00    6.63    0.00    0.00    0.00   62.50
19:53:54     all   26.63    0.00    3.52    0.00    0.00    7.29    0.00    0.00    0.00   62.56
19:53:55     all   26.01    0.00    4.04    0.00    0.00    6.82    0.25    0.00    0.00   62.88
19:53:56     all   27.27    0.00    4.29    0.00    0.00    7.07    0.00    0.00    0.00   61.36
19:53:57     all   27.02    0.00    4.80    0.00    0.00    6.06    0.00    0.00    0.00   62.12
19:53:58     all   26.77    0.00    4.55    0.00    0.00    7.32    0.00    0.00    0.00   61.36
19:53:59     all   26.13    0.00    4.27    0.00    0.00    7.29    0.25    0.00    0.00   62.06
19:54:00     all   25.81    0.00    4.51    0.25    0.00    7.02    0.25    0.00    0.00   62.16
19:54:01     all   27.96    0.00    4.53    0.00    0.00    6.55    0.00    0.00    0.00   60.96
19:54:02     all   28.35    0.00    4.30    0.00    0.00    6.84    0.00    0.00    0.00   60.51
19:54:03     all   27.66    0.00    3.81    0.00    0.00    8.12    0.00    0.00    0.00   60.41
19:54:04     all   26.95    0.00    4.28    0.00    0.00    7.30    0.50    0.00    0.00   60.96
19:54:05     all   27.32    0.00    3.76    0.00    0.00    7.27    0.00    0.00    0.00   61.65
19:54:06     all   27.50    0.00    3.75    0.00    0.00    8.25    0.25    0.00    0.00   60.25
19:54:07     all   27.34    0.00    4.81    0.00    0.00    7.59    0.00    0.00    0.00   60.25
19:54:08     all   28.17    0.00    3.81    0.00    0.00    7.87    0.00    0.00    0.00   60.15
19:54:09     all   27.14    0.00    4.27    0.00    0.00    7.29    0.25    0.00    0.00   61.06
19:54:10     all   26.84    0.00    4.30    0.00    0.00    7.34    0.00    0.00    0.00   61.52
19:54:11     all   27.39    0.00    4.27    0.00    0.00    7.29    0.25    0.00    0.00   60.80
19:54:12     all   26.75    0.00    4.25    0.00    0.00    7.25    0.25    0.00    0.00   61.50
19:54:13     all   26.90    0.00    4.31    0.00    0.00    8.12    0.00    0.00    0.00   60.66
19:54:14     all   27.82    0.00    4.01    0.00    0.00    7.02    0.25    0.00    0.00   60.90
19:54:15     all   26.58    0.00    3.54    0.00    0.00    7.09    0.00    0.00    0.00   62.78
19:54:16     all   26.63    0.00    4.27    0.00    0.00    8.29    0.00    0.00    0.00   60.80
19:54:17     all   27.27    0.00    5.05    0.00    0.00    7.58    0.00    0.00    0.00   60.10
19:54:18     all   27.89    0.00    4.27    0.00    0.00    7.04    0.25    0.00    0.00   60.55
19:54:19     all   27.64    0.00    4.27    0.00    0.00    6.78    0.25    0.00    0.00   61.06
19:54:20     all   27.14    0.00    3.77    0.00    0.00    6.28    0.00    0.00    0.00   62.81
19:54:21     all   26.63    0.00    4.27    0.00    0.00    6.28    0.25    0.00    0.00   62.56
19:54:22     all   28.35    0.00    3.80    0.00    0.00    6.84    0.00    0.00    0.00   61.01
19:54:23     all   27.66    0.00    5.08    0.00    0.00    7.61    0.00    0.00    0.00   59.64
19:54:24     all   28.25    0.00    4.00    0.00    0.00    7.50    0.25    0.00    0.00   60.00
19:54:25     all   26.63    0.00    3.77    0.00    0.00    7.29    0.00    0.00    0.00   62.31
19:54:26     all   27.02    0.00    4.55    0.00    0.00    7.07    0.00    0.00    0.00   61.36
19:54:27     all   28.21    0.00    4.28    0.00    0.00    7.05    0.00    0.00    0.00   60.45
19:54:28     all   26.57    0.00    4.26    0.00    0.00    7.52    0.25    0.00    0.00   61.40
19:54:29     all   25.63    0.00    4.57    0.00    0.00    6.85    0.00    0.00    0.00   62.94
19:54:30     all   28.11    0.00    3.98    0.00    0.00    6.97    0.25    0.00    0.00   60.70
19:54:31     all   27.34    0.00    4.56    0.00    0.00    8.10    0.25    0.00    0.00   59.75
19:54:32     all   29.15    0.00    4.27    0.00    0.00    6.78    0.00    0.00    0.00   59.80
19:54:33     all   26.97    0.00    4.33    0.00    0.00    7.89    0.00    0.00    0.00   60.81
19:54:34     all   27.02    0.00    4.29    0.00    0.00    6.57    0.00    0.00    0.00   62.12
19:54:35     all   26.14    0.00    4.31    0.00    0.00    7.36    0.00    0.00    0.00   62.18
19:54:36     all   26.07    0.00    3.51    0.00    0.00    7.02    0.50    0.00    0.00   62.91
19:54:37     all   25.63    0.00    4.06    0.00    0.00    6.85    0.25    0.00    0.00   63.20
19:54:38     all   27.46    0.00    3.78    0.00    0.00    7.56    0.00    0.00    0.00   61.21
19:54:39     all   26.85    0.00    4.60    0.00    0.00    6.14    0.00    0.00    0.00   62.40
19:54:40     all   26.70    0.00    4.03    0.00    0.00    7.30    0.00    0.00    0.00   61.96
19:54:41     all   25.76    0.00    5.05    0.00    0.00    7.07    0.00    0.00    0.00   62.12
19:54:42     all   26.45    0.00    4.28    0.00    0.00    6.55    0.00    0.00    0.00   62.72
19:54:43     all   27.02    0.00    3.79    0.00    0.00    6.57    0.25    0.00    0.00   62.37
19:54:44     all   26.07    0.00    4.26    0.00    0.00    7.27    0.00    0.00    0.00   62.41
19:54:45     all   22.42    0.00    2.77    0.25    0.00    5.79    0.25    0.00    0.00   68.51
19:54:46     all   13.00    0.00    2.50    0.00    0.00    3.25    0.25    0.00    0.00   81.00
19:54:47     all   22.36    0.00    4.77    0.00    0.00    6.28    0.00    0.00    0.00   66.58
19:54:48     all   27.64    0.00    4.27    0.00    0.00    6.53    0.25    0.00    0.00   61.31
19:54:49     all   27.20    0.00    5.29    0.00    0.00    7.30    0.00    0.00    0.00   60.20
19:54:50     all   27.71    0.00    4.28    0.00    0.00    7.05    0.00    0.00    0.00   60.96
19:54:51     all   28.68    0.00    3.30    0.00    0.00    7.11    0.00    0.00    0.00   60.91
19:54:52     all   27.85    0.00    3.80    0.00    0.00    7.09    0.00    0.00    0.00   61.27
19:54:53     all   28.18    0.00    4.74    0.00    0.00    7.73    0.00    0.00    0.00   59.35
19:54:54     all   28.39    0.00    4.02    0.00    0.00    6.53    0.25    0.00    0.00   60.80
19:54:55     all   28.39    0.00    3.52    0.00    0.00    7.79    0.25    0.00    0.00   60.05
19:54:56     all   27.71    0.00    4.79    0.00    0.00    7.81    0.00    0.00    0.00   59.70
19:54:57     all   28.68    0.00    4.31    0.00    0.00    6.85    0.00    0.00    0.00   60.15
19:54:58     all   28.79    0.00    4.29    0.00    0.00    6.82    0.25    0.00    0.00   59.85
19:54:59     all   28.35    0.00    4.05    0.00    0.00    7.59    0.00    0.00    0.00   60.00
19:55:00     all   27.75    0.00    4.75    0.00    0.00    7.00    0.00    0.00    0.00   60.50
19:55:01     all   28.18    0.00    3.74    0.00    0.00    6.98    0.25    0.00    0.00   60.85
19:55:02     all   26.84    0.00    4.56    0.00    0.00    7.09    0.00    0.00    0.00   61.52
19:55:03     all   27.55    0.00    4.08    0.00    0.00    6.63    0.00    0.00    0.00   61.73
19:55:04     all   25.44    0.00    4.49    0.00    0.00    7.98    0.50    0.00    0.00   61.60
19:55:05     all   25.25    0.00    4.04    0.00    0.00    7.07    0.00    0.00    0.00   63.64
19:55:06     all   26.90    0.00    4.06    0.00    0.00    8.12    0.00    0.00    0.00   60.91
19:55:07     all   28.28    0.00    4.04    0.00    0.00    7.32    0.00    0.00    0.00   60.35
19:55:08     all   31.25    0.00    5.00    0.00    0.00    8.25    0.25    0.00    0.00   55.25
19:55:09     all   26.52    0.00    3.54    0.00    0.00    8.33    0.00    0.00    0.00   61.62
19:55:10     all   25.94    0.00    3.78    0.00    0.00    7.81    0.00    0.00    0.00   62.47
19:55:11     all   26.18    0.00    3.99    0.00    0.00    7.73    0.75    0.00    0.00   61.35
19:55:12     all   27.53    0.00    4.04    0.00    0.00    7.07    0.00    0.00    0.00   61.36
19:55:13     all   27.71    0.00    4.28    0.00    0.00    7.05    0.00    0.00    0.00   60.96
19:55:14     all   27.09    0.00    3.54    0.00    0.00    7.59    0.00    0.00    0.00   61.77
19:55:15     all   27.09    0.00    3.80    0.00    0.00    7.34    0.00    0.00    0.00   61.77
19:55:16     all   26.38    0.00    4.02    0.00    0.00    7.54    0.00    0.00    0.00   62.06
19:55:17     all   25.94    0.00    4.28    0.00    0.00    7.05    0.00    0.00    0.00   62.72
19:55:18     all   27.53    0.00    4.29    0.00    0.00    6.57    0.25    0.00    0.00   61.36
19:55:19     all   27.39    0.00    4.02    0.00    0.00    7.79    0.75    0.00    0.00   60.05
19:55:20     all   28.86    0.00    5.32    0.00    0.00    6.58    0.00    0.00    0.00   59.24
19:55:21     all   25.82    0.00    4.30    0.00    0.00    6.58    0.00    0.00    0.00   63.29
19:55:22     all   28.14    0.00    3.77    0.00    0.00    7.79    0.00    0.00    0.00   60.30
19:55:23     all   28.39    0.00    4.27    0.00    0.00    7.29    0.00    0.00    0.00   60.05
19:55:24     all   27.32    0.00    4.26    0.00    0.00    7.27    0.00    0.00    0.00   61.15
19:55:25     all   28.39    0.00    4.27    0.00    0.00    6.78    0.00    0.00    0.00   60.55
19:55:26     all   27.39    0.00    4.27    0.00    0.00    7.04    0.50    0.00    0.00   60.80
19:55:27     all   26.70    0.00    4.28    0.00    0.00    6.55    0.00    0.00    0.00   62.47
19:55:28     all   26.90    0.00    4.06    0.00    0.00    6.85    0.25    0.00    0.00   61.93
19:55:29     all   27.02    0.00    3.54    0.00    0.00    7.58    0.25    0.00    0.00   61.62
19:55:30     all   27.59    0.00    4.81    0.00    0.00    7.34    0.00    0.00    0.00   60.25
19:55:31     all   26.20    0.00    4.03    0.00    0.00    7.56    0.00    0.00    0.00   62.22
19:55:32     all   27.27    0.00    4.04    0.00    0.00    6.31    0.00    0.00    0.00   62.37
19:55:33     all   27.46    0.00    5.29    0.00    0.00    7.05    0.00    0.00    0.00   60.20
19:55:34     all   27.18    0.00    4.10    0.00    0.00    7.18    0.26    0.00    0.00   61.28
19:55:35     all   26.88    0.00    4.27    0.00    0.00    6.78    0.00    0.00    0.00   62.06
19:55:36     all   27.50    0.00    4.25    0.00    0.00    7.00    0.25    0.00    0.00   61.00
19:55:37     all   27.66    0.00    4.31    0.00    0.00    7.11    0.00    0.00    0.00   60.91
19:55:38     all   28.35    0.00    4.81    0.00    0.00    7.34    0.25    0.00    0.00   59.24
19:55:39     all   28.17    0.00    3.55    0.00    0.00    7.11    0.00    0.00    0.00   61.17
19:55:40     all   26.58    0.00    3.80    0.00    0.00    7.34    0.25    0.00    0.00   62.03
19:55:41     all   27.20    0.00    4.03    0.00    0.00    7.56    0.25    0.00    0.00   60.96
19:55:42     all   26.45    0.00    4.28    0.00    0.00    7.30    0.00    0.00    0.00   61.96
19:55:43     all   27.34    0.00    3.80    0.00    0.00    6.84    0.00    0.00    0.00   62.03
19:55:44     all   27.27    0.00    4.55    0.00    0.00    7.32    0.25    0.00    0.00   60.61
19:55:45     all   27.48    0.00    4.33    0.00    0.00    7.38    0.00    0.00    0.00   60.81
19:55:46     all   28.03    0.00    4.29    0.00    0.00    7.58    0.00    0.00    0.00   60.10
19:55:47     all   28.07    0.00    4.26    0.00    0.00    7.52    0.00    0.00    0.00   60.15
19:55:48     all   27.23    0.00    3.56    0.00    0.00    8.14    0.00    0.00    0.00   61.07
19:55:49     all   26.88    0.00    4.77    0.00    0.00    7.79    0.50    0.00    0.00   60.05
19:55:50     all   26.65    0.00    4.31    0.00    0.00    7.11    0.00    0.00    0.00   61.93
19:55:51     all   26.77    0.00    4.04    0.00    0.00    6.57    0.25    0.00    0.00   62.37
19:55:52     all   27.96    0.00    4.28    0.00    0.00    7.30    0.25    0.00    0.00   60.20
19:55:53     all   28.79    0.00    3.28    0.00    0.00    7.07    0.00    0.00    0.00   60.86
19:55:54     all   27.32    0.00    4.51    0.00    0.00    6.52    0.00    0.00    0.00   61.65
19:55:55     all   27.46    0.00    3.78    0.00    0.00    7.30    0.00    0.00    0.00   61.46
19:55:56     all   28.57    0.00    3.83    0.00    0.00    6.89    0.00    0.00    0.00   60.71
19:55:57     all   27.00    0.00    4.50    0.00    0.00    7.75    0.25    0.00    0.00   60.50
19:55:58     all   27.09    0.00    4.05    0.00    0.00    6.84    0.00    0.00    0.00   62.03
19:55:59     all   27.39    0.00    4.27    0.00    0.00    6.78    0.00    0.00    0.00   61.56
19:56:00     all   27.53    0.00    3.79    0.00    0.00    6.82    0.51    0.00    0.00   61.36
19:56:01     all   28.17    0.00    4.82    0.00    0.00    7.36    0.00    0.00    0.00   59.64
19:56:02     all   26.63    0.00    4.52    0.00    0.00    7.79    0.25    0.00    0.00   60.80
19:56:03     all   27.64    0.00    3.77    0.00    0.00    7.79    0.00    0.00    0.00   60.80
19:56:04     all   27.20    0.00    3.78    0.00    0.00    7.05    0.00    0.00    0.00   61.96
19:56:05     all   27.96    0.00    4.53    0.00    0.00    7.05    0.25    0.00    0.00   60.20
19:56:06     all   29.26    0.00    3.82    0.00    0.00    7.38    0.00    0.00    0.00   59.54
19:56:07     all   28.21    0.00    4.53    0.00    0.00    7.56    0.00    0.00    0.00   59.70
19:56:08     all   27.78    0.00    4.55    0.00    0.00    7.07    0.25    0.00    0.00   60.35
19:56:09     all   27.39    0.00    4.02    0.00    0.00    7.79    0.25    0.00    0.00   60.55
19:56:10     all   27.75    0.00    5.25    0.00    0.00    6.75    0.00    0.00    0.00   60.25
19:56:11     all   28.57    0.00    4.01    0.00    0.00    7.52    0.25    0.00    0.00   59.65
19:56:12     all   28.25    0.00    4.00    0.00    0.00    7.50    0.25    0.00    0.00   60.00
19:56:13     all   28.28    0.00    3.79    0.00    0.00    7.58    0.00    0.00    0.00   60.35
19:56:14     all   28.50    0.00    4.50    0.00    0.00    8.25    0.00    0.00    0.00   58.75
19:56:15     all   27.89    0.00    4.02    0.00    0.00    7.04    0.25    0.00    0.00   60.80
19:56:16     all   27.32    0.00    4.01    0.00    0.00    7.77    0.00    0.00    0.00   60.90
19:56:17     all   27.96    0.00    3.78    0.00    0.00    7.81    0.50    0.00    0.00   59.95
19:56:18     all   29.87    0.00    4.30    0.00    0.00    7.34    0.00    0.00    0.00   58.48
19:56:19     all   29.10    0.00    4.48    0.00    0.00    8.21    0.25    0.00    0.00   57.96
19:56:20     all   27.37    0.00    4.09    0.00    0.00    6.91    0.00    0.00    0.00   61.64
19:56:21     all   27.41    0.00    4.06    0.00    0.00    6.60    0.25    0.00    0.00   61.68
19:56:22     all   27.41    0.00    4.31    0.00    0.00    8.12    0.25    0.00    0.00   59.90
19:56:23     all   28.61    0.00    3.98    0.25    0.00    7.46    0.00    0.00    0.00   59.70
19:56:24     all   28.28    0.00    3.54    0.00    0.00    8.59    0.25    0.00    0.00   59.34
19:56:25     all   27.89    0.00    4.52    0.00    0.00    7.29    0.25    0.00    0.00   60.05
19:56:26     all   28.32    0.00    4.08    0.00    0.00    7.65    0.00    0.00    0.00   59.95
19:56:27     all   27.07    0.00    4.51    0.00    0.00    8.52    0.25    0.00    0.00   59.65
19:56:28     all   26.84    0.00    4.56    0.00    0.00    7.34    0.25    0.00    0.00   61.01
19:56:29     all   26.28    0.00    4.85    0.00    0.00    7.14    0.00    0.00    0.00   61.73
19:56:30     all   26.37    0.00    4.48    0.00    0.00    7.71    0.00    0.00    0.00   61.44
19:56:31     all   27.64    0.00    4.52    0.00    0.00    7.54    0.00    0.00    0.00   60.30
19:56:32     all   28.03    0.00    4.29    0.00    0.00    7.83    0.00    0.00    0.00   59.85
19:56:33     all   27.27    0.00    4.29    0.00    0.00    7.32    0.25    0.00    0.00   60.86
19:56:34     all   26.84    0.00    4.05    0.00    0.00    7.09    0.25    0.00    0.00   61.77
19:56:35     all   26.84    0.00    4.05    0.00    0.00    7.34    0.25    0.00    0.00   61.52
19:56:36     all   29.04    0.00    4.55    0.00    0.00    6.82    0.25    0.00    0.00   59.34
19:56:37     all   26.90    0.00    3.30    0.00    0.00    7.36    0.00    0.00    0.00   62.44
19:56:38     all   27.53    0.00    4.55    0.00    0.00    7.07    0.00    0.00    0.00   60.86
19:56:39     all   27.53    0.00    4.29    0.00    0.00    7.58    0.00    0.00    0.00   60.61
19:56:40     all   27.93    0.00    4.24    0.00    0.00    7.73    0.00    0.00    0.00   60.10
19:56:41     all   27.66    0.00    4.31    0.25    0.00    6.35    0.25    0.00    0.00   61.17
19:56:42     all   26.95    0.00    4.28    0.00    0.00    7.56    0.25    0.00    0.00   60.96
19:56:43     all   26.70    0.00    4.28    0.00    0.00    7.30    0.25    0.00    0.00   61.46
19:56:44     all   26.58    0.00    4.30    0.00    0.00    6.84    0.25    0.00    0.00   62.03
19:56:45     all   26.97    0.00    4.07    0.00    0.00    7.12    0.00    0.00    0.00   61.83
19:56:46     all   28.03    0.00    4.04    0.00    0.00    7.83    0.00    0.00    0.00   60.10
19:56:47     all   27.57    0.00    4.51    0.00    0.00    7.77    0.00    0.00    0.00   60.15
19:56:48     all   27.23    0.00    3.82    0.00    0.00    6.11    0.00    0.00    0.00   62.85
19:56:49     all   27.59    0.00    4.05    0.00    0.00    6.58    0.00    0.00    0.00   61.77
19:56:50     all   27.25    0.00    4.75    0.00    0.00    7.75    0.00    0.00    0.00   60.25
19:56:51     all   27.32    0.00    5.26    0.00    0.00    7.02    0.25    0.00    0.00   60.15
19:56:52     all   27.81    0.00    3.57    0.00    0.00    6.38    0.00    0.00    0.00   62.24
19:56:53     all   26.07    0.00    4.51    0.00    0.00    7.27    0.50    0.00    0.00   61.65
19:56:54     all   25.69    0.00    4.28    0.00    0.00    6.30    0.00    0.00    0.00   63.73
19:56:55     all   26.20    0.00    3.27    0.00    0.00    6.80    0.25    0.00    0.00   63.48
19:56:56     all   28.93    0.00    4.57    0.00    0.00    7.11    0.00    0.00    0.00   59.39
19:56:57     all   27.66    0.00    3.81    0.00    0.00    7.61    0.00    0.00    0.00   60.91
19:56:58     all   27.18    0.00    4.24    0.00    0.00    7.48    0.00    0.00    0.00   61.10
19:56:59     all   27.82    0.00    4.26    0.00    0.00    7.02    0.00    0.00    0.00   60.90
19:57:00     all   28.32    0.00    4.51    0.00    0.00    7.27    0.00    0.00    0.00   59.90
19:57:01     all   27.74    0.00    4.07    0.00    0.00    5.85    0.25    0.00    0.00   62.09
19:57:02     all   26.25    0.00    3.50    0.00    0.00    7.25    0.00    0.00    0.00   63.00
19:57:03     all   25.50    0.00    4.25    0.00    0.00    6.50    0.25    0.00    0.00   63.50
19:57:04     all   27.34    0.00    5.06    0.00    0.00    6.58    0.00    0.00    0.00   61.01
19:57:05     all   26.77    0.00    4.55    0.00    0.00    7.83    0.00    0.00    0.00   60.86
19:57:06     all   26.95    0.00    3.78    0.00    0.00    7.30    0.00    0.00    0.00   61.96
19:57:07     all   26.45    0.00    4.03    0.00    0.00    7.81    0.25    0.00    0.00   61.46
19:57:08     all   27.53    0.00    4.55    0.25    0.00    7.32    0.00    0.00    0.00   60.35
19:57:09     all   26.75    0.00    4.75    0.00    0.00    7.25    0.00    0.00    0.00   61.25
19:57:10     all   25.82    0.00    4.05    0.00    0.00    7.34    0.51    0.00    0.00   62.28
19:57:11     all   27.02    0.00    4.80    0.00    0.00    7.07    0.00    0.00    0.00   61.11
19:57:12     all   26.77    0.00    4.55    0.00    0.00    7.32    0.00    0.00    0.00   61.36
19:57:13     all   27.07    0.00    4.51    0.00    0.00    7.27    0.25    0.00    0.00   60.90
19:57:14     all   27.16    0.00    4.06    0.00    0.00    6.60    0.00    0.00    0.00   62.18
19:57:15     all   27.02    0.00    4.55    0.00    0.00    6.57    0.00    0.00    0.00   61.87
19:57:16     all   28.35    0.00    4.05    0.00    0.00    6.58    0.00    0.00    0.00   61.01
19:57:17     all   27.02    0.00    3.79    0.00    0.00    7.32    0.00    0.00    0.00   61.87
19:57:18     all   26.38    0.00    4.02    0.00    0.00    7.79    0.00    0.00    0.00   61.81
19:57:19     all   27.16    0.00    4.06    0.00    0.00    7.11    0.00    0.00    0.00   61.68
19:57:20     all   27.16    0.00    3.55    0.00    0.00    7.11    0.25    0.00    0.00   61.93
19:57:21     all   27.36    0.00    4.48    0.00    0.00    6.72    0.50    0.00    0.00   60.95
19:57:22     all   24.94    0.00    4.79    0.00    0.00    7.56    0.00    0.00    0.00   62.72
19:57:23     all   27.66    0.00    4.31    0.00    0.00    6.60    0.00    0.00    0.00   61.42
19:57:24     all   27.74    0.00    4.07    0.00    0.00    7.38    0.00    0.00    0.00   60.81
19:57:25     all   26.82    0.00    4.51    0.00    0.00    6.77    0.25    0.00    0.00   61.65
19:57:26     all   26.84    0.00    4.05    0.00    0.00    6.84    0.00    0.00    0.00   62.28
19:57:27     all   28.72    0.00    4.28    0.00    0.00    7.05    0.00    0.00    0.00   59.95
19:57:28     all   28.72    0.00    4.03    0.00    0.00    6.80    0.00    0.00    0.00   60.45
19:57:29     all   27.02    0.00    4.04    0.00    0.00    6.31    0.25    0.00    0.00   62.37
19:57:30     all   25.19    0.00    4.03    0.00    0.00    7.30    0.25    0.00    0.00   63.22
19:57:31     all   28.32    0.00    3.76    0.00    0.00    7.52    0.00    0.00    0.00   60.40
19:57:32     all   28.07    0.00    4.51    0.00    0.00    8.02    0.00    0.00    0.00   59.40
19:57:33     all   27.46    0.00    4.53    0.00    0.00    6.55    0.25    0.00    0.00   61.21
19:57:34     all   26.40    0.00    3.55    0.00    0.00    7.11    0.00    0.00    0.00   62.94
19:57:35     all   26.32    0.00    3.76    0.00    0.00    6.52    0.00    0.00    0.00   63.41
19:57:36     all   26.82    0.00    4.51    0.00    0.00    6.77    0.00    0.00    0.00   61.90
19:57:37     all   26.33    0.00    3.80    0.00    0.00    7.09    0.25    0.00    0.00   62.53
19:57:38     all   27.92    0.00    4.06    0.00    0.00    6.85    0.00    0.00    0.00   61.17
19:57:39     all   26.52    0.00    4.55    0.00    0.00    7.58    0.51    0.00    0.00   60.86
19:57:40     all   26.75    0.00    4.50    0.00    0.00    7.75    0.00    0.00    0.00   61.00
19:57:41     all   25.89    0.00    4.31    0.00    0.00    6.85    0.00    0.00    0.00   62.94
19:57:42     all   26.65    0.00    4.31    0.00    0.00    7.11    0.00    0.00    0.00   61.93
19:57:43     all   25.83    0.00    3.32    0.00    0.00    6.65    0.00    0.00    0.00   64.19
19:57:44     all   25.56    0.00    4.51    0.00    0.00    7.52    0.00    0.00    0.00   62.41
19:57:45     all   26.88    0.00    4.02    0.00    0.00    6.78    0.00    0.00    0.00   62.31
19:57:46     all   10.91    0.00    1.78    0.00    0.00    2.54    0.25    0.00    0.00   84.52
19:57:47     all   11.78    0.00    2.51    0.00    0.00    3.51    0.00    0.00    0.00   82.21
19:57:48     all   26.08    0.00    4.05    0.00    0.00    6.58    0.00    0.00    0.00   63.29
19:57:49     all   28.68    0.00    4.99    0.00    0.00    8.23    0.50    0.00    0.00   57.61
19:57:50     all   28.46    0.00    5.04    0.00    0.00    7.81    0.00    0.00    0.00   58.69
19:57:51     all   28.64    0.00    4.52    0.00    0.00    8.54    0.25    0.00    0.00   58.04
19:57:52     all   28.28    0.00    4.80    0.00    0.00    7.83    0.00    0.00    0.00   59.09
19:57:53     all   29.65    0.00    4.02    0.00    0.00    7.79    0.00    0.00    0.00   58.54
19:57:54     all   29.15    0.00    4.27    0.00    0.00    9.30    0.00    0.00    0.00   57.29
19:57:55     all   28.07    0.00    4.76    0.00    0.00    8.27    0.00    0.00    0.00   58.90
19:57:56     all   29.22    0.00    4.53    0.00    0.00    7.81    0.50    0.00    0.00   57.93
19:57:57     all   29.28    0.00    4.47    0.00    0.00    7.94    0.25    0.00    0.00   58.06
19:57:58     all   28.43    0.00    4.57    0.00    0.00    7.87    0.00    0.00    0.00   59.14
19:57:59     all   29.37    0.00    4.30    0.00    0.00    7.09    0.00    0.00    0.00   59.24
19:58:00     all   28.39    0.00    5.03    0.00    0.00    7.29    0.00    0.00    0.00   59.30
19:58:01     all   29.11    0.00    4.56    0.00    0.00    7.34    0.00    0.00    0.00   58.99
19:58:02     all   28.97    0.00    4.28    0.00    0.00    7.30    0.25    0.00    0.00   59.19
19:58:03     all   27.46    0.00    4.03    0.00    0.00    7.30    0.00    0.00    0.00   61.21
19:58:04     all   26.26    0.00    4.29    0.00    0.00    7.58    0.00    0.00    0.00   61.87
19:58:05     all   27.96    0.00    4.03    0.00    0.00    6.80    0.25    0.00    0.00   60.96
19:58:06     all   28.03    0.00    4.55    0.00    0.00    7.83    0.25    0.00    0.00   59.34
19:58:07     all   26.95    0.00    4.53    0.00    0.00    7.05    0.00    0.00    0.00   61.46
19:58:08     all   26.79    0.00    3.83    0.00    0.00    7.40    0.00    0.00    0.00   61.99
19:58:09     all   27.53    0.00    4.29    0.00    0.00    7.58    0.00    0.00    0.00   60.61
19:58:10     all   29.40    0.00    4.02    0.00    0.00    7.29    0.00    0.00    0.00   59.30
19:58:11     all   28.54    0.00    4.55    0.25    0.00    7.07    0.25    0.00    0.00   59.34
19:58:12     all   27.20    0.00    4.53    0.00    0.00    7.81    0.00    0.00    0.00   60.45
19:58:13     all   27.82    0.00    4.01    0.00    0.00    7.52    0.00    0.00    0.00   60.65
19:58:14     all   26.33    0.00    4.56    0.00    0.00    7.59    0.00    0.00    0.00   61.52
19:58:15     all   27.46    0.00    5.04    0.00    0.00    7.56    0.25    0.00    0.00   59.70
19:58:16     all   30.08    0.00    4.26    0.00    0.00    6.77    0.50    0.00    0.00   58.40
19:58:17     all   29.29    0.00    4.55    0.00    0.00    7.58    0.00    0.00    0.00   58.59
19:58:18     all   26.88    0.00    4.27    0.00    0.00    7.54    0.00    0.00    0.00   61.31
19:58:19     all   27.59    0.00    3.80    0.00    0.00    7.34    0.00    0.00    0.00   61.27
19:58:20     all   28.54    0.00    4.04    0.00    0.00    7.07    0.00    0.00    0.00   60.35
19:58:21     all   26.72    0.00    4.83    0.00    0.00    7.12    0.00    0.00    0.00   61.32
19:58:22     all   28.50    0.00    4.75    0.00    0.00    7.75    0.25    0.00    0.00   58.75
19:58:23     all   28.57    0.00    4.76    0.00    0.00    7.02    0.25    0.00    0.00   59.40
19:58:24     all   28.46    0.00    4.53    0.00    0.00    7.81    0.25    0.00    0.00   58.94
19:58:25     all   29.37    0.00    4.30    0.00    0.00    6.84    0.00    0.00    0.00   59.49
19:58:26     all   28.32    0.00    4.26    0.00    0.00    8.77    0.25    0.00    0.00   58.40
19:58:27     all   28.35    0.00    4.56    0.00    0.00    7.85    0.00    0.00    0.00   59.24
19:58:28     all   28.64    0.00    5.03    0.00    0.00    7.29    0.00    0.00    0.00   59.05
19:58:29     all   28.35    0.00    4.56    0.00    0.00    7.59    0.00    0.00    0.00   59.49
19:58:30     all   28.50    0.00    4.50    0.00    0.00    7.50    0.50    0.00    0.00   59.00
19:58:31     all   29.43    0.00    4.24    0.00    0.00    7.98    0.25    0.00    0.00   58.10
19:58:32     all   28.72    0.00    4.53    0.00    0.00    8.31    0.00    0.00    0.00   58.44
19:58:33     all   28.72    0.00    4.53    0.00    0.00    8.06    0.00    0.00    0.00   58.69
19:58:34     all   26.82    0.00    4.26    0.00    0.00    6.52    0.00    0.00    0.00   62.41
19:58:35     all   28.35    0.00    4.56    0.00    0.00    7.34    0.00    0.00    0.00   59.75
19:58:36     all   29.40    0.00    5.03    0.00    0.00    7.54    0.25    0.00    0.00   57.79
19:58:37     all   29.55    0.00    4.29    0.00    0.00    7.58    0.00    0.00    0.00   58.59
19:58:38     all   28.17    0.00    3.81    0.00    0.00    8.12    0.00    0.00    0.00   59.90
19:58:39     all   28.57    0.00    4.76    0.00    0.00    8.02    0.25    0.00    0.00   58.40
19:58:40     all   28.93    0.00    4.31    0.00    0.00    7.87    0.00    0.00    0.00   58.88
19:58:41     all   29.65    0.00    4.02    0.00    0.00    8.04    0.50    0.00    0.00   57.79
19:58:42     all   28.50    0.00    4.25    0.00    0.00    8.50    0.00    0.00    0.00   58.75
19:58:43     all   28.50    0.00    4.83    0.00    0.00    8.40    0.00    0.00    0.00   58.27
19:58:44     all   29.00    0.00    4.50    0.00    0.00    8.00    0.00    0.00    0.00   58.50
19:58:45     all   27.85    0.00    4.30    0.51    0.00    7.34    0.00    0.00    0.00   60.00
19:58:46     all   30.23    0.00    4.28    0.00    0.00    7.81    0.00    0.00    0.00   57.68
19:58:47     all   29.11    0.00    4.30    0.00    0.00    7.09    0.00    0.00    0.00   59.49
19:58:48     all   28.57    0.00    4.51    0.00    0.00    8.77    0.25    0.00    0.00   57.89
19:58:49     all   28.28    0.00    4.55    0.00    0.00    7.58    0.51    0.00    0.00   59.09
19:58:50     all   28.64    0.00    5.03    0.00    0.00    8.29    0.00    0.00    0.00   58.04
19:58:51     all   29.55    0.00    4.29    0.00    0.00    7.32    0.00    0.00    0.00   58.84
19:58:52     all   29.97    0.00    5.04    0.00    0.00    7.05    0.00    0.00    0.00   57.93
19:58:53     all   28.89    0.00    4.52    0.00    0.00    8.04    0.00    0.00    0.00   58.54
19:58:54     all   30.50    0.00    4.00    0.00    0.00    7.25    0.25    0.00    0.00   58.00
19:58:55     all   29.01    0.00    4.58    0.00    0.00    7.89    0.00    0.00    0.00   58.52
19:58:56     all   28.14    0.00    5.53    0.00    0.00    8.29    0.25    0.00    0.00   57.79
19:58:57     all   27.71    0.00    5.29    0.00    0.00    7.56    0.25    0.00    0.00   59.19
19:58:58     all   30.10    0.00    4.34    0.00    0.00    7.14    0.00    0.00    0.00   58.42
19:58:59     all   29.97    0.00    4.03    0.00    0.00    8.31    0.00    0.00    0.00   57.68
19:59:00     all   28.24    0.00    3.56    0.00    0.00    6.87    0.00    0.00    0.00   61.32
19:59:01     all   29.32    0.00    4.51    0.00    0.00    8.27    0.00    0.00    0.00   57.89
19:59:02     all   28.64    0.00    4.52    0.00    0.00    8.04    0.25    0.00    0.00   58.54
19:59:03     all   29.47    0.00    4.28    0.00    0.00    7.30    0.00    0.00    0.00   58.94
19:59:04     all   28.35    0.00    4.30    0.00    0.00    7.34    0.00    0.00    0.00   60.00
19:59:05     all   28.57    0.00    4.01    0.00    0.00    7.77    0.50    0.00    0.00   59.15
19:59:06     all   28.14    0.00    4.52    0.00    0.00    7.29    0.25    0.00    0.00   59.80
19:59:07     all   28.03    0.00    4.29    0.00    0.00    6.82    0.00    0.00    0.00   60.86
19:59:08     all   26.07    0.00    4.26    0.00    0.00    7.27    0.00    0.00    0.00   62.41
19:59:09     all   26.08    0.00    4.30    0.00    0.00    6.08    0.00    0.00    0.00   63.54
19:59:10     all   26.46    0.00    3.82    0.00    0.00    7.12    0.00    0.00    0.00   62.60
19:59:11     all   23.48    0.00    3.54    0.00    0.00    6.31    0.00    0.00    0.00   66.67
19:59:12     all   23.10    0.00    3.55    0.00    0.00    5.58    0.00    0.00    0.00   67.77
19:59:13     all   22.73    0.00    3.79    0.00    0.00    4.55    0.00    0.00    0.00   68.94
19:59:14     all   19.90    0.00    3.23    0.00    0.00    5.97    0.50    0.00    0.00   70.40
19:59:15     all   19.05    0.00    3.26    0.00    0.00    5.01    0.00    0.00    0.00   72.68
19:59:16     all   17.22    0.00    2.28    0.00    0.00    4.30    0.25    0.00    0.00   75.95
19:59:17     all   14.25    0.00    2.29    0.00    0.00    3.82    0.00    0.00    0.00   79.64
19:59:18     all   13.82    0.00    2.51    0.00    0.00    3.27    0.00    0.00    0.00   80.40
19:59:19     all   13.67    0.00    1.77    0.00    0.00    2.53    0.00    0.00    0.00   82.03
19:59:20     all   13.10    0.00    2.02    0.00    0.00    2.52    0.25    0.00    0.00   82.12
19:59:21     all   12.63    0.00    1.52    0.00    0.00    2.78    0.00    0.00    0.00   83.08
19:59:22     all   10.10    0.00    1.77    0.00    0.00    2.78    0.00    0.00    0.00   85.35
19:59:23     all    9.00    0.00    1.50    0.00    0.00    2.25    0.00    0.00    0.00   87.25
19:59:24     all    8.10    0.00    1.27    0.00    0.00    1.52    0.25    0.00    0.00   88.86
19:59:25     all    6.57    0.00    1.26    0.00    0.00    1.77    0.00    0.00    0.00   90.40
19:59:26     all    6.85    0.00    1.02    0.00    0.00    1.52    0.00    0.00    0.00   90.61
19:59:27     all    6.82    0.00    0.76    0.00    0.00    1.01    0.00    0.00    0.00   91.41
19:59:28     all    6.30    0.00    1.01    0.76    0.00    1.51    0.00    0.00    0.00   90.43
19:59:29     all    5.03    0.00    1.76    0.00    0.00    1.51    0.25    0.00    0.00   91.46
19:59:30     all    5.28    0.00    0.50    0.00    0.00    1.01    0.00    0.00    0.00   93.22
19:59:31     all    4.79    0.00    1.01    0.00    0.00    1.01    0.25    0.00    0.00   92.95
19:59:32     all    4.29    0.00    0.76    0.00    0.00    0.51    0.00    0.00    0.00   94.44
19:59:33     all    3.77    0.00    0.50    0.00    0.00    0.50    0.00    0.00    0.00   95.23
19:59:34     all    3.02    0.00    0.76    0.00    0.00    0.50    0.00    0.00    0.00   95.72
19:59:35     all    3.50    0.00    0.75    0.00    0.00    0.75    0.00    0.00    0.00   95.00
19:59:36     all    3.78    0.00    0.50    0.00    0.00    0.76    0.00    0.00    0.00   94.96
19:59:37     all    3.78    0.00    0.50    0.00    0.00    0.50    0.25    0.00    0.00   94.96
19:59:38     all    3.28    0.00    0.51    0.00    0.00    0.51    0.00    0.00    0.00   95.71
19:59:39     all    3.78    0.00    0.50    0.00    0.00    0.50    0.00    0.00    0.00   95.21
19:59:40     all    3.02    0.00    0.25    0.00    0.00    0.76    0.00    0.00    0.00   95.97
19:59:41     all    3.26    0.00    0.50    0.00    0.00    0.50    0.00    0.00    0.00   95.74
19:59:42     all    2.01    0.00    0.75    0.00    0.00    0.00    0.00    0.00    0.00   97.24
19:59:43     all    2.02    0.00    0.00    0.00    0.00    0.50    0.00    0.00    0.00   97.48
19:59:44     all    2.02    0.00    0.25    0.00    0.00    0.00    0.00    0.00    0.00   97.73
19:59:45     all    1.51    0.00    0.25    0.00    0.00    0.00    0.00    0.00    0.00   98.24
19:59:46     all    1.50    0.00    0.00    0.00    0.00    0.25    0.25    0.00    0.00   98.00
19:59:47     all    1.26    0.00    0.76    0.00    0.00    0.00    0.00    0.00    0.00   97.98
19:59:48     all    1.25    0.00    0.00    0.00    0.00    0.00    0.00    0.00    0.00   98.75
19:59:49     all    0.50    0.00    0.00    0.00    0.00    0.00    0.00    0.00    0.00   99.50
19:59:50     all   23.16    0.00    2.80    0.00    0.00    6.87    0.00    0.00    0.00   67.18
19:59:51     all   37.91    0.00    4.58    0.00    0.00   11.96    0.00    0.00    0.00   45.55
19:59:52     all   37.94    0.00    4.27    0.00    0.00   11.81    0.00    0.00    0.00   45.98
19:59:53     all   39.65    0.00    5.05    0.00    0.00   10.61    0.00    0.00    0.00   44.70
19:59:54     all   38.85    0.00    4.26    0.00    0.00   10.78    0.25    0.00    0.00   45.86
19:59:55     all   38.58    0.00    4.57    0.00    0.00   10.66    0.00    0.00    0.00   46.19
19:59:56     all   40.51    0.00    4.56    0.00    0.00   10.89    0.00    0.00    0.00   44.05
19:59:57     all   40.71    0.00    4.07    0.00    0.00   10.18    0.00    0.00    0.00   45.04
19:59:58     all   37.63    0.00    4.55    0.00    0.00   11.87    0.25    0.00    0.00   45.71
19:59:59     all   40.25    0.00    4.56    0.00    0.00   10.13    0.25    0.00    0.00   44.81
20:00:00     all   38.38    0.00    4.80    0.00    0.00   10.10    0.25    0.00    0.00   46.46
20:00:01     all   37.97    0.00    4.81    0.00    0.00   10.38    0.00    0.00    0.00   46.84
20:00:02     all   38.38    0.00    4.29    0.00    0.00    9.85    0.00    0.00    0.00   47.47
20:00:03     all   38.73    0.00    4.56    0.00    0.00   10.13    0.00    0.00    0.00   46.58
20:00:04     all   39.10    0.00    5.01    0.00    0.00   10.03    0.00    0.00    0.00   45.86
20:00:05     all   38.36    0.00    4.09    0.00    0.00   10.23    0.26    0.00    0.00   47.06
20:00:06     all   40.81    0.00    4.53    0.00    0.00   11.34    0.00    0.00    0.00   43.32
20:00:07     all   41.12    0.00    4.06    0.00    0.00   10.91    0.00    0.00    0.00   43.91
20:00:08     all   40.00    0.00    4.50    0.00    0.00   10.75    0.25    0.00    0.00   44.50
20:00:09     all   39.44    0.00    4.58    0.00    0.00   11.70    0.00    0.00    0.00   44.27
20:00:10     all   38.75    0.00    5.50    0.50    0.00    9.75    0.50    0.00    0.00   45.00
20:00:11     all   39.80    0.00    4.53    0.00    0.00   10.83    0.00    0.00    0.00   44.84
20:00:12     all   42.24    0.00    4.33    0.00    0.00   10.18    0.00    0.00    0.00   43.26
20:00:13     all   41.21    0.00    4.52    0.00    0.00   10.80    0.00    0.00    0.00   43.47
20:00:14     all   38.32    0.00    5.33    0.00    0.00    9.90    0.25    0.00    0.00   46.19
20:00:15     all   38.64    0.00    4.80    0.00    0.00    9.85    0.00    0.00    0.00   46.72
20:00:16     all   38.48    0.00    4.05    0.00    0.00   10.63    0.00    0.00    0.00   46.84
20:00:17     all   37.79    0.00    4.11    0.00    0.00    9.77    0.00    0.00    0.00   48.33
20:00:18     all   38.29    0.00    4.03    0.00    0.00   10.33    0.25    0.00    0.00   47.10
20:00:19     all   39.43    0.00    4.12    0.00    0.00    9.79    0.00    0.00    0.00   46.65
20:00:20     all   39.04    0.00    5.29    0.00    0.00   10.58    0.25    0.00    0.00   44.84
20:00:21     all   40.10    0.00    4.11    0.00    0.00    9.25    0.00    0.00    0.00   46.53
20:00:22     all   39.03    0.00    4.08    0.00    0.00    9.95    0.26    0.00    0.00   46.68
20:00:23     all   41.62    0.00    4.31    0.00    0.00    9.90    0.00    0.00    0.00   44.16
20:00:24     all   38.42    0.00    5.34    0.00    0.00   10.43    0.25    0.00    0.00   45.55
20:00:25     all   37.56    0.00    4.57    0.00    0.00   10.41    0.00    0.00    0.00   47.46
20:00:26     all   39.03    0.00    3.83    0.00    0.00   10.46    0.00    0.00    0.00   46.68
20:00:27     all   41.16    0.00    4.29    0.00    0.00   10.35    0.00    0.00    0.00   44.19
20:00:28     all   40.46    0.00    4.58    0.00    0.00    9.92    0.00    0.00    0.00   45.04
20:00:29     all   40.36    0.00    4.82    0.00    0.00   10.15    0.00    0.00    0.00   44.67
20:00:30     all   40.00    0.00    3.80    0.00    0.00   10.38    0.00    0.00    0.00   45.82
20:00:31     all   39.65    0.00    5.05    0.00    0.00   10.61    0.51    0.00    0.00   44.19
20:00:32     all   41.31    0.00    5.04    0.00    0.00   10.08    0.25    0.00    0.00   43.32
20:00:33     all   40.40    0.00    4.80    0.00    0.00   10.86    0.00    0.00    0.00   43.94
20:00:34     all   38.64    0.00    5.05    0.00    0.00    9.34    0.25    0.00    0.00   46.72
20:00:35     all   39.24    0.00    4.30    0.00    0.00    9.62    0.00    0.00    0.00   46.84
20:00:36     all   41.18    0.00    4.60    0.00    0.00   10.23    0.00    0.00    0.00   43.99
20:00:37     all   38.83    0.00    4.57    0.00    0.00   10.41    0.00    0.00    0.00   46.19
20:00:38     all   39.39    0.00    4.29    0.00    0.00    9.60    0.00    0.00    0.00   46.72
20:00:39     all   38.69    0.00    5.28    0.00    0.00   10.80    0.00    0.00    0.00   45.23
20:00:40     all   40.76    0.00    4.56    0.00    0.00    9.62    0.00    0.00    0.00   45.06
20:00:41     all   40.46    0.00    4.58    0.00    0.00   10.43    0.25    0.00    0.00   44.27
20:00:42     all   40.05    0.00    4.53    0.00    0.00   10.08    0.25    0.00    0.00   45.09
20:00:43     all   38.60    0.00    4.26    0.00    0.00   10.28    0.25    0.00    0.00   46.62
20:00:44     all   39.64    0.00    4.35    0.00    0.00    9.21    0.00    0.00    0.00   46.80
20:00:45     all   38.83    0.00    5.33    0.00    0.00   11.17    0.00    0.00    0.00   44.67
20:00:46     all   23.69    0.00    2.99    0.00    0.00    6.48    0.25    0.00    0.00   66.58
20:00:47     all   23.10    0.00    3.05    0.00    0.00    5.33    0.00    0.00    0.00   68.53
20:00:48     all   33.42    0.00    4.02    0.00    0.00    8.54    0.00    0.00    0.00   54.02
20:00:49     all   40.31    0.00    4.59    0.00    0.00   10.97    0.00    0.00    0.00   44.13
20:00:50     all   40.45    0.00    5.28    0.00    0.00   11.06    0.00    0.00    0.00   43.22
20:00:51     all   40.35    0.00    5.51    0.00    0.00   10.03    0.00    0.00    0.00   44.11
20:00:52     all   40.31    0.00    4.59    0.00    0.00   11.22    0.00    0.00    0.00   43.88
20:00:53     all   41.65    0.00    4.49    0.00    0.00   11.22    0.75    0.00    0.00   41.90
20:00:54     all   40.82    0.00    4.59    0.00    0.00    9.69    0.00    0.00    0.00   44.90
20:00:55     all   40.95    0.00    5.03    0.00    0.00   10.05    0.25    0.00    0.00   43.72
20:00:56     all   40.31    0.00    4.08    0.00    0.00   10.71    0.00    0.00    0.00   44.90
20:00:57     all   39.80    0.00    4.53    0.00    0.00   11.08    0.00    0.00    0.00   44.58
20:00:58     all   39.64    0.00    4.60    0.00    0.00   10.23    0.00    0.00    0.00   45.52
20:00:59     all   40.05    0.00    4.28    0.00    0.00   10.58    0.00    0.00    0.00   45.09
20:01:00     all   39.14    0.00    4.80    0.00    0.00    9.85    0.00    0.00    0.00   46.21
20:01:01     all   40.51    0.00    5.06    0.00    0.00   10.13    0.00    0.00    0.00   44.30
20:01:02     all   39.95    0.00    4.33    0.00    0.00   10.18    0.00    0.00    0.00   45.55
20:01:03     all   39.20    0.00    5.03    0.00    0.00   10.05    0.50    0.00    0.00   45.23
20:01:04     all   39.85    0.00    4.82    0.00    0.00   10.41    0.25    0.00    0.00   44.67
20:01:05     all   40.98    0.00    4.12    0.00    0.00   11.34    0.00    0.00    0.00   43.56
20:01:06     all   39.50    0.00    5.25    0.00    0.00   10.50    0.25    0.00    0.00   44.50
20:01:07     all   40.31    0.00    4.85    0.00    0.00   10.20    0.00    0.00    0.00   44.64
20:01:08     all   41.01    0.00    5.06    0.00    0.00    9.87    0.00    0.00    0.00   44.05
20:01:09     all   39.80    0.00    5.10    0.00    0.00    9.69    0.00    0.00    0.00   45.41
20:01:10     all   40.15    0.00    5.05    0.00    0.00   10.35    0.00    0.00    0.00   44.44
20:01:11     all   39.29    0.00    5.10    0.00    0.00   10.97    0.00    0.00    0.00   44.64
20:01:12     all   41.39    0.00    4.63    0.00    0.00    9.25    0.00    0.00    0.00   44.73
20:01:13     all   39.95    0.00    3.56    0.00    0.00   10.43    0.00    0.00    0.00   46.06
20:01:14     all   40.31    0.00    4.59    0.00    0.00   10.20    0.00    0.00    0.00   44.90
20:01:15     all   39.20    0.00    4.52    0.00    0.00    9.80    0.25    0.00    0.00   46.23
20:01:16     all   38.94    0.00    4.77    0.00    0.00   10.55    0.50    0.00    0.00   45.23
20:01:17     all   40.97    0.00    4.33    0.00    0.00    9.92    0.25    0.00    0.00   44.53
20:01:18     all   41.12    0.00    4.57    0.00    0.00    9.90    0.00    0.00    0.00   44.42
20:01:19     all   38.89    0.00    5.05    0.00    0.00   10.61    0.00    0.00    0.00   45.45
20:01:20     all   39.09    0.00    4.82    0.00    0.00    9.64    0.00    0.00    0.00   46.45
20:01:21     all   40.30    0.00    4.53    0.00    0.00   10.33    0.00    0.00    0.00   44.84
20:01:22     all   39.64    0.00    4.86    0.00    0.00    9.97    0.00    0.00    0.00   45.52
20:01:23     all   38.75    0.00    4.75    0.00    0.00   10.50    0.00    0.00    0.00   46.00
20:01:24     all   39.85    0.00    4.82    0.00    0.00    9.64    0.00    0.00    0.00   45.69
20:01:25     all   40.00    0.00    4.05    0.00    0.00   10.63    0.00    0.00    0.00   45.32
20:01:26     all   40.86    0.00    4.31    0.00    0.00   10.41    0.00    0.00    0.00   44.42
20:01:27     all   38.89    0.00    4.29    0.00    0.00   10.10    0.25    0.00    0.00   46.46
20:01:28     all   40.55    0.00    4.79    0.00    0.00   10.08    0.50    0.00    0.00   44.08
20:01:29     all   41.22    0.00    4.33    0.00    0.00   10.43    0.25    0.00    0.00   43.77
20:01:30     all   39.59    0.00    5.08    0.00    0.00   10.15    0.00    0.00    0.00   45.18
20:01:31     all   39.49    0.00    5.06    0.00    0.00   10.38    0.00    0.00    0.00   45.06
20:01:32     all   41.12    0.00    4.57    0.00    0.00   10.41    0.00    0.00    0.00   43.91
20:01:33     all   40.05    0.00    5.04    0.00    0.00   10.83    0.00    0.00    0.00   44.08
20:01:34     all   40.25    0.00    4.81    0.00    0.00   10.13    0.00    0.00    0.00   44.81
20:01:35     all   40.97    0.00    4.83    0.25    0.00    9.92    0.00    0.00    0.00   44.02
20:01:36     all   41.56    0.00    4.79    0.00    0.00   11.59    0.00    0.00    0.00   42.07
20:01:37     all   40.91    0.00    5.05    0.00    0.00   10.35    0.00    0.00    0.00   43.69
20:01:38     all   39.75    0.00    4.30    0.00    0.00   10.38    0.25    0.00    0.00   45.32
20:01:39     all   40.30    0.00    5.54    0.00    0.00   10.08    0.00    0.00    0.00   44.08
20:01:40     all   40.70    0.00    5.03    0.00    0.00   10.55    0.75    0.00    0.00   42.96
20:01:41     all   40.20    0.00    4.52    0.00    0.00   11.31    0.00    0.00    0.00   43.97
20:01:42     all   40.82    0.00    5.10    0.00    0.00    9.44    0.00    0.00    0.00   44.64
20:01:43     all   40.35    0.00    5.51    0.00    0.00   10.28    0.00    0.00    0.00   43.86
20:01:44     all   41.52    0.00    4.05    0.00    0.00    9.87    0.00    0.00    0.00   44.56
20:01:45     all   40.55    0.00    4.28    0.00    0.00   10.33    0.25    0.00    0.00   44.58
20:01:46     all   41.16    0.00    4.04    0.00    0.00   10.35    0.25    0.00    0.00   44.19
20:01:47     all   41.41    0.00    4.04    0.00    0.00   10.35    0.25    0.00    0.00   43.94
20:01:48     all   40.61    0.00    4.57    0.00    0.00    9.90    0.00    0.00    0.00   44.92
20:01:49     all   40.45    0.00    4.27    0.00    0.00   10.80    0.25    0.00    0.00   44.22
20:01:50     all   40.20    0.00    5.53    0.00    0.00   11.31    0.00    0.00    0.00   42.96
20:01:51     all   40.76    0.00    4.30    0.00    0.00   10.89    0.00    0.00    0.00   44.05
20:01:52     all   40.10    0.00    4.31    0.00    0.00   10.66    0.00    0.00    0.00   44.92
20:01:53     all   38.89    0.00    4.80    0.00    0.00   10.86    0.00    0.00    0.00   45.45
20:01:54     all   40.25    0.00    4.05    0.00    0.00   11.65    0.00    0.00    0.00   44.05
20:01:55     all   39.25    0.00    4.75    0.00    0.00   11.00    0.00    0.00    0.00   45.00
20:01:56     all   40.30    0.00    5.04    0.00    0.00   10.83    0.25    0.00    0.00   43.58
20:01:57     all   41.00    0.00    3.75    0.00    0.00   11.50    0.50    0.00    0.00   43.25
20:01:58     all   40.15    0.00    4.35    0.00    0.00   11.00    0.00    0.00    0.00   44.50
20:01:59     all   40.10    0.00    4.31    0.00    0.00   10.15    0.00    0.00    0.00   45.43
20:02:00     all   40.25    0.00    5.06    0.00    0.00    9.87    0.00    0.00    0.00   44.81
20:02:01     all   39.04    0.00    4.79    0.00    0.00   10.08    0.25    0.00    0.00   45.84
20:02:02     all   38.97    0.00    4.87    0.00    0.00    9.49    0.00    0.00    0.00   46.67
20:02:03     all   37.76    0.00    5.61    0.00    0.00    9.69    0.00    0.00    0.00   46.94
20:02:04     all   38.58    0.00    4.82    0.00    0.00   10.91    0.00    0.00    0.00   45.69
20:02:05     all   36.36    0.00    4.80    0.00    0.00   11.11    0.00    0.00    0.00   47.73
20:02:06     all   38.30    0.00    4.37    0.00    0.00   10.80    0.00    0.00    0.00   46.53
20:02:07     all   40.20    0.00    4.52    0.00    0.00    9.55    0.25    0.00    0.00   45.48
20:02:08     all   37.97    0.00    4.81    0.00    0.00   10.89    0.25    0.00    0.00   46.08
20:02:09     all   39.70    0.00    4.77    0.00    0.00   10.80    0.00    0.00    0.00   44.72
20:02:10     all   39.74    0.00    4.87    0.00    0.00   10.51    0.26    0.00    0.00   44.62
20:02:11     all   41.16    0.00    4.04    0.00    0.00   10.35    0.00    0.00    0.00   44.44
20:02:12     all   38.99    0.00    5.06    0.00    0.00   11.14    0.00    0.00    0.00   44.81
20:02:13     all   41.07    0.00    4.59    0.00    0.00    9.44    0.00    0.00    0.00   44.90
20:02:14     all   39.54    0.00    4.34    0.00    0.00   10.71    0.26    0.00    0.00   45.15
20:02:15     all   38.89    0.00    4.55    0.00    0.00   10.86    0.00    0.00    0.00   45.71
20:02:16     all   39.29    0.00    4.53    0.00    0.00   11.08    0.00    0.00    0.00   45.09
20:02:17     all   39.95    0.00    4.02    0.00    0.00   10.80    0.00    0.00    0.00   45.23
20:02:18     all   40.45    0.00    4.02    0.00    0.00   10.05    0.00    0.00    0.00   45.48
20:02:19     all   38.79    0.00    3.78    0.00    0.00   11.59    0.00    0.00    0.00   45.84
20:02:20     all   39.60    0.00    5.01    0.00    0.00    9.27    0.25    0.00    0.00   45.86
20:02:21     all   38.85    0.00    4.51    0.00    0.00   10.78    0.25    0.00    0.00   45.61
20:02:22     all   38.27    0.00    4.85    0.00    0.00   10.20    0.00    0.00    0.00   46.68
20:02:23     all   38.64    0.00    4.55    0.00    0.00   10.10    0.25    0.00    0.00   46.46
20:02:24     all   38.83    0.00    5.08    0.00    0.00   10.15    0.00    0.00    0.00   45.94
20:02:25     all   39.39    0.00    4.55    0.25    0.00   11.36    0.00    0.00    0.00   44.44
20:02:26     all   39.25    0.00    5.00    0.00    0.00   10.50    0.00    0.00    0.00   45.25
20:02:27     all   37.97    0.00    4.81    0.00    0.00   10.63    0.25    0.00    0.00   46.33
20:02:28     all   38.44    0.00    4.27    0.00    0.00   10.30    0.00    0.00    0.00   46.98
20:02:29     all   39.45    0.00    4.52    0.00    0.00    9.55    0.00    0.00    0.00   46.48
20:02:30     all   41.12    0.00    4.82    0.00    0.00    9.90    0.25    0.00    0.00   43.91
20:02:31     all   38.29    0.00    5.29    0.00    0.00   11.34    0.25    0.00    0.00   44.84
20:02:32     all   40.51    0.00    4.05    0.00    0.00   10.13    0.00    0.00    0.00   45.32
20:02:33     all   39.39    0.00    4.80    0.00    0.00    9.34    0.25    0.00    0.00   46.21
20:02:34     all   39.69    0.00    4.07    0.00    0.00   10.94    0.00    0.00    0.00   45.29
20:02:35     all   40.51    0.00    5.06    0.00    0.00    9.11    0.00    0.00    0.00   45.32
20:02:36     all   38.79    0.00    5.04    0.00    0.00   11.84    0.00    0.00    0.00   44.33
20:02:37     all   40.30    0.00    4.03    0.00    0.00   10.58    0.25    0.00    0.00   44.84
20:02:38     all   39.55    0.00    5.04    0.00    0.00   10.33    0.00    0.00    0.00   45.09
20:02:39     all   40.76    0.00    4.81    0.00    0.00    9.87    0.00    0.00    0.00   44.56
20:02:40     all   39.45    0.00    4.52    0.00    0.00   10.30    0.00    0.00    0.00   45.73
20:02:41     all   39.39    0.00    4.55    0.00    0.00   10.35    0.51    0.00    0.00   45.20
20:02:42     all   36.84    0.00    4.76    0.00    0.00   11.28    0.00    0.00    0.00   47.12
20:02:43     all   40.00    0.00    4.05    0.00    0.00    9.62    0.00    0.00    0.00   46.33
20:02:44     all   38.89    0.00    4.80    0.00    0.00   10.61    0.00    0.00    0.00   45.71
20:02:45     all   39.55    0.00    4.28    0.00    0.00   10.83    0.25    0.00    0.00   45.09
20:02:46     all   40.97    0.00    4.58    0.00    0.00    9.92    0.00    0.00    0.00   44.53
20:02:47     all   39.19    0.00    4.58    0.00    0.00   10.94    0.00    0.00    0.00   45.29
20:02:48     all   40.60    0.00    4.01    0.00    0.00   10.03    0.00    0.00    0.00   45.36
20:02:49     all   39.70    0.00    4.52    0.00    0.00   10.80    0.00    0.00    0.00   44.97
20:02:50     all   39.34    0.00    4.82    0.00    0.00   10.66    0.25    0.00    0.00   44.92
20:02:51     all   39.80    0.00    4.53    0.00    0.00   10.58    0.25    0.00    0.00   44.84
20:02:52     all   39.03    0.00    4.85    0.00    0.00    9.18    0.26    0.00    0.00   46.68
20:02:53     all   38.07    0.00    4.57    0.00    0.00    9.39    0.00    0.00    0.00   47.97
20:02:54     all   37.69    0.00    4.27    0.00    0.00   11.06    0.00    0.00    0.00   46.98
20:02:55     all   38.05    0.00    3.60    0.00    0.00    9.51    0.00    0.00    0.00   48.84
20:02:56     all   39.14    0.00    4.80    0.00    0.00    9.85    0.00    0.00    0.00   46.21
20:02:57     all   39.35    0.00    4.01    0.00    0.00   10.78    0.25    0.00    0.00   45.61
20:02:58     all   39.54    0.00    4.08    0.00    0.00   10.97    0.00    0.00    0.00   45.41
20:02:59     all   38.58    0.00    5.08    0.00    0.00    9.90    0.00    0.00    0.00   46.45
20:03:00     all   40.20    0.00    4.58    0.00    0.00   10.43    0.00    0.00    0.00   44.78
20:03:01     all   40.00    0.00    5.00    0.00    0.00   10.75    0.25    0.00    0.00   44.00
20:03:02     all   40.10    0.00    5.33    0.00    0.00   10.15    0.25    0.00    0.00   44.16
20:03:03     all   39.39    0.00    4.09    0.00    0.00    9.97    0.00    0.00    0.00   46.55
20:03:04     all   39.60    0.00    4.76    0.00    0.00   11.28    0.00    0.00    0.00   44.36
20:03:05     all   39.04    0.00    4.53    0.00    0.00   10.33    0.25    0.00    0.00   45.84
20:03:06     all   38.58    0.00    5.08    0.00    0.00   11.17    0.00    0.00    0.00   45.18
20:03:07     all   37.72    0.00    5.06    0.00    0.00    9.87    0.00    0.00    0.00   47.34
20:03:08     all   39.59    0.00    3.81    0.00    0.00   10.66    0.00    0.00    0.00   45.94
20:03:09     all   38.94    0.00    4.27    0.00    0.00   10.55    0.25    0.00    0.00   45.98
20:03:10     all   40.00    0.00    4.56    0.00    0.00   10.89    0.00    0.00    0.00   44.56
20:03:11     all   41.71    0.00    4.77    0.00    0.00   11.56    0.00    0.00    0.00   41.96
20:03:12     all   39.20    0.00    4.52    0.00    0.00   11.06    0.00    0.00    0.00   45.23
20:03:13     all   38.58    0.00    4.82    0.00    0.00   10.15    0.00    0.00    0.00   46.45
20:03:14     all   40.00    0.00    4.05    0.00    0.00   10.38    0.25    0.00    0.00   45.32
20:03:15     all   39.49    0.00    5.06    0.00    0.00   10.13    0.25    0.00    0.00   45.06
20:03:16     all   39.29    0.00    4.59    0.00    0.00   10.97    0.00    0.00    0.00   45.15
20:03:17     all   38.79    0.00    4.79    0.00    0.00    9.82    0.00    0.00    0.00   46.60
20:03:18     all   38.94    0.00    4.77    0.00    0.00   10.80    0.25    0.00    0.00   45.23
20:03:19     all   39.95    0.00    4.07    0.00    0.00    9.92    0.00    0.00    0.00   46.06
20:03:20     all   38.89    0.00    5.30    0.00    0.00   10.86    0.00    0.00    0.00   44.95
20:03:21     all   38.83    0.00    4.31    0.00    0.00   10.91    0.00    0.00    0.00   45.94
20:03:22     all   40.56    0.00    5.10    0.00    0.00    9.95    0.00    0.00    0.00   44.39
20:03:23     all   39.20    0.00    4.77    0.00    0.00   10.05    0.25    0.00    0.00   45.73
20:03:24     all   39.20    0.00    5.03    0.00    0.00   10.55    0.00    0.00    0.00   45.23
20:03:25     all   38.64    0.00    4.80    0.00    0.00   10.61    0.25    0.00    0.00   45.71
20:03:26     all   41.31    0.00    5.04    0.00    0.00    9.32    0.00    0.00    0.00   44.33
20:03:27     all   39.55    0.00    4.79    0.00    0.00    9.82    0.00    0.00    0.00   45.84
20:03:28     all   38.83    0.00    4.31    0.00    0.00   10.15    0.00    0.00    0.00   46.70
20:03:29     all   38.64    0.00    4.80    0.00    0.00   10.10    0.25    0.00    0.00   46.21
20:03:30     all   38.65    0.00    4.99    0.00    0.00   10.72    0.25    0.00    0.00   45.39
20:03:31     all   39.95    0.00    4.77    0.00    0.00    9.80    0.00    0.00    0.00   45.48
20:03:32     all   39.55    0.00    4.79    0.00    0.00   10.83    0.00    0.00    0.00   44.84
20:03:33     all   40.31    0.00    4.34    0.00    0.00   10.20    0.00    0.00    0.00   45.15
20:03:34     all   40.00    0.00    4.50    0.00    0.00   10.00    0.00    0.00    0.00   45.50
20:03:35     all   38.62    0.00    4.60    0.00    0.00   10.74    0.00    0.00    0.00   46.04
20:03:36     all   40.30    0.00    4.79    0.00    0.00   10.08    0.25    0.00    0.00   44.58
20:03:37     all   40.61    0.00    4.31    0.00    0.00   10.15    0.00    0.00    0.00   44.92
20:03:38     all   40.50    0.00    4.00    0.00    0.00   11.25    0.25    0.00    0.00   44.00
20:03:39     all   37.72    0.00    5.06    0.00    0.00   10.89    0.00    0.00    0.00   46.33
20:03:40     all   39.20    0.00    5.03    0.00    0.00   10.30    0.00    0.00    0.00   45.48
20:03:41     all   39.20    0.00    4.52    0.00    0.00    9.80    0.00    0.00    0.00   46.48
20:03:42     all   39.55    0.00    5.22    0.00    0.00   10.95    0.50    0.00    0.00   43.78
20:03:43     all   40.00    0.00    4.36    0.00    0.00    9.49    0.00    0.00    0.00   46.15
20:03:44     all   40.00    0.00    5.25    0.00    0.00   10.50    0.00    0.00    0.00   44.25
20:03:45     all   38.73    0.00    5.06    0.00    0.00   11.14    0.00    0.00    0.00   45.06
20:03:46     all   30.73    0.00    3.78    0.00    0.00    7.81    0.00    0.00    0.00   57.68
20:03:47     all   18.39    0.00    2.52    0.00    0.00    5.04    0.00    0.00    0.00   74.06
20:03:48     all   28.93    0.00    3.55    0.00    0.00    8.63    0.00    0.00    0.00   58.88
20:03:49     all   39.55    0.00    5.29    0.00    0.00   10.08    0.50    0.00    0.00   44.58
20:03:50     all   38.89    0.00    4.55    0.00    0.00   10.86    0.00    0.00    0.00   45.71
20:03:51     all   39.55    0.00    4.28    0.00    0.00   10.33    0.00    0.00    0.00   45.84
20:03:52     all   40.15    0.00    4.80    0.00    0.00   10.35    0.25    0.00    0.00   44.44
20:03:53     all   37.69    0.00    5.28    0.00    0.00   10.55    0.00    0.00    0.00   46.48
20:03:54     all   38.89    0.00    5.05    0.00    0.00   10.86    0.00    0.00    0.00   45.20
20:03:55     all   37.19    0.00    4.77    0.00    0.00   11.06    0.00    0.00    0.00   46.98
20:03:56     all   38.38    0.00    5.05    0.00    0.00   10.86    0.25    0.00    0.00   45.45
20:03:57     all   38.64    0.00    4.80    0.00    0.00   10.61    0.00    0.00    0.00   45.96
20:03:58     all   38.32    0.00    5.58    0.00    0.00   10.41    0.00    0.00    0.00   45.69
20:03:59     all   38.38    0.00    4.80    0.00    0.00   10.86    0.00    0.00    0.00   45.96
20:04:00     all   41.12    0.00    4.31    0.00    0.00    9.90    0.00    0.00    0.00   44.67
20:04:01     all   38.58    0.00    5.08    0.00    0.00   10.66    0.51    0.00    0.00   45.18
20:04:02     all   38.62    0.00    5.12    0.00    0.00    9.72    0.00    0.00    0.00   46.55
20:04:03     all   39.75    0.00    5.00    0.00    0.00   10.50    0.25    0.00    0.00   44.50
20:04:04     all   38.89    0.00    4.80    0.00    0.00   11.11    0.00    0.00    0.00   45.20
20:04:05     all   38.64    0.00    5.30    0.00    0.00    9.85    0.00    0.00    0.00   46.21
20:04:06     all   40.20    0.00    4.58    0.00    0.00   10.69    0.00    0.00    0.00   44.53
20:04:07     all   39.24    0.00    4.56    0.00    0.00   10.38    0.00    0.00    0.00   45.82
20:04:08     all   39.90    0.00    4.74    0.25    0.00   10.97    0.00    0.00    0.00   44.14
20:04:09     all   41.73    0.00    4.07    0.00    0.00   10.18    0.25    0.00    0.00   43.77
20:04:10     all   40.81    0.00    5.29    0.00    0.00   10.08    0.00    0.00    0.00   43.83
20:04:11     all   41.18    0.00    4.35    0.00    0.00   10.74    0.00    0.00    0.00   43.73
20:04:12     all   40.35    0.00    4.76    0.00    0.00   11.53    0.25    0.00    0.00   43.11
20:04:13     all   42.42    0.00    4.55    0.00    0.00    9.34    0.25    0.00    0.00   43.43
20:04:14     all   41.16    0.00    4.29    0.00    0.00   11.36    0.25    0.00    0.00   42.93
20:04:15     all   41.27    0.00    4.30    0.00    0.00   10.63    0.00    0.00    0.00   43.80
20:04:16     all   40.55    0.00    5.04    0.00    0.00   11.08    0.00    0.00    0.00   43.32
20:04:17     all   41.73    0.00    4.58    0.00    0.00   10.69    0.00    0.00    0.00   43.00
20:04:18     all   40.76    0.00    4.30    0.00    0.00    9.62    0.00    0.00    0.00   45.32
20:04:19     all   41.46    0.00    4.77    0.00    0.00   11.31    0.00    0.00    0.00   42.46
20:04:20     all   40.36    0.00    4.06    0.25    0.00   10.91    0.00    0.00    0.00   44.42
20:04:21     all   39.64    0.00    4.86    0.00    0.00   10.23    0.00    0.00    0.00   45.27
20:04:22     all   40.71    0.00    4.58    0.00    0.00   10.69    0.25    0.00    0.00   43.77
20:04:23     all   40.40    0.00    4.55    0.00    0.00   10.35    0.00    0.00    0.00   44.70
20:04:24     all   40.30    0.00    5.04    0.00    0.00   10.58    0.25    0.00    0.00   43.83
20:04:25     all   40.76    0.00    4.30    0.00    0.00   10.38    0.25    0.00    0.00   44.30
20:04:26     all   39.60    0.00    5.01    0.00    0.00   10.53    0.25    0.00    0.00   44.61
20:04:27     all   39.19    0.00    5.09    0.00    0.00   10.94    0.00    0.00    0.00   44.78
20:04:28     all   40.86    0.00    4.31    0.00    0.00   10.91    0.00    0.00    0.00   43.91
20:04:29     all   39.14    0.00    5.05    0.00    0.00   10.35    0.00    0.00    0.00   45.45
20:04:30     all   40.51    0.00    4.30    0.00    0.00   10.38    0.00    0.00    0.00   44.81
20:04:31     all   40.20    0.00    4.58    0.00    0.00   10.69    0.00    0.00    0.00   44.53
20:04:32     all   40.35    0.00    4.76    0.00    0.00   10.03    0.00    0.00    0.00   44.86
20:04:33     all   38.05    0.00    4.88    0.00    0.00   10.54    0.00    0.00    0.00   46.53
20:04:34     all   38.54    0.00    4.03    0.00    0.00    9.32    0.50    0.00    0.00   47.61
20:04:35     all   38.32    0.00    4.82    0.00    0.00   10.66    0.00    0.00    0.00   46.19
20:04:36     all   38.35    0.00    4.76    0.00    0.00   11.03    0.00    0.00    0.00   45.86
20:04:37     all   39.95    0.00    4.58    0.00    0.00   10.43    0.25    0.00    0.00   44.78
20:04:38     all   40.60    0.00    4.76    0.00    0.00   10.03    0.25    0.00    0.00   44.36
20:04:39     all   40.00    0.00    4.56    0.00    0.00   10.13    0.00    0.00    0.00   45.32
20:04:40     all   37.76    0.00    4.59    0.00    0.00   10.71    0.00    0.00    0.00   46.94
20:04:41     all   40.15    0.00    4.04    0.00    0.00   10.35    0.00    0.00    0.00   45.45
20:04:42     all   39.65    0.00    4.80    0.00    0.00   10.61    0.00    0.00    0.00   44.95
20:04:43     all   39.39    0.00    4.60    0.00    0.00    9.72    0.00    0.00    0.00   46.29
20:04:44     all   39.29    0.00    4.53    0.00    0.00   10.58    0.00    0.00    0.00   45.59
20:04:45     all   39.39    0.00    4.29    0.00    0.00   10.10    0.25    0.00    0.00   45.96
20:04:46     all   41.12    0.00    4.82    0.00    0.00   10.91    0.25    0.00    0.00   42.89
20:04:47     all   40.40    0.00    4.80    0.00    0.00   11.11    0.25    0.00    0.00   43.43
20:04:48     all   40.86    0.00    4.06    0.00    0.00   10.66    0.00    0.00    0.00   44.42
20:04:49     all   40.25    0.00    4.50    0.00    0.00   10.25    0.25    0.00    0.00   44.75
20:04:50     all   41.52    0.00    4.81    0.00    0.00   10.63    0.00    0.00    0.00   43.04
20:04:51     all   41.28    0.00    4.10    0.00    0.00   10.51    0.00    0.00    0.00   44.10
20:04:52     all   41.27    0.00    4.81    0.00    0.00    9.62    0.00    0.00    0.00   44.30
20:04:53     all   39.65    0.00    4.80    0.00    0.00   10.86    0.00    0.00    0.00   44.70
20:04:54     all   40.41    0.00    5.37    0.00    0.00    9.72    0.00    0.00    0.00   44.50
20:04:55     all   40.95    0.00    4.77    0.00    0.00   11.06    0.00    0.00    0.00   43.22
20:04:56     all   40.92    0.00    4.35    0.00    0.00    9.97    0.26    0.00    0.00   44.50
20:04:57     all   40.55    0.00    5.04    0.00    0.00   10.58    0.00    0.00    0.00   43.83
20:04:58     all   40.66    0.00    5.05    0.25    0.00   10.86    0.25    0.00    0.00   42.93
20:04:59     all   40.35    0.00    5.01    0.00    0.00   11.03    0.00    0.00    0.00   43.61
20:05:00     all   41.71    0.00    4.77    0.00    0.00   10.80    0.25    0.00    0.00   42.46
20:05:01     all   41.16    0.00    4.55    0.00    0.00   10.35    0.25    0.00    0.00   43.69
20:05:02     all   42.71    0.00    4.60    0.00    0.00    9.97    0.00    0.00    0.00   42.71
20:05:03     all   41.52    0.00    4.56    0.00    0.00   10.89    0.00    0.00    0.00   43.04
20:05:04     all   42.42    0.00    4.80    0.00    0.00   11.11    0.00    0.00    0.00   41.67
20:05:05     all   43.26    0.00    4.07    0.00    0.00   10.18    0.00    0.00    0.00   42.49
20:05:06     all   41.73    0.00    5.09    0.00    0.00   11.45    0.00    0.00    0.00   41.73
20:05:07     all   43.00    0.00    4.75    0.00    0.00   10.25    0.25    0.00    0.00   41.75
20:05:08     all   41.12    0.00    5.08    0.25    0.00   10.15    0.51    0.00    0.00   42.89
20:05:09     all   40.76    0.00    4.56    0.00    0.00   11.39    0.00    0.00    0.00   43.29
20:05:10     all   43.15    0.00    4.57    0.00    0.00   10.66    0.25    0.00    0.00   41.37
20:05:11     all   43.18    0.00    4.55    0.00    0.00   10.86    0.00    0.00    0.00   41.41
20:05:12     all   43.11    0.00    3.83    0.00    0.00   10.97    0.00    0.00    0.00   42.09
20:05:13     all   41.06    0.00    5.79    0.00    0.00   10.83    0.00    0.00    0.00   42.32
20:05:14     all   41.52    0.00    4.81    0.00    0.00   10.38    0.25    0.00    0.00   43.04
20:05:15     all   40.76    0.00    5.06    0.00    0.00   10.89    0.00    0.00    0.00   43.29
20:05:16     all   40.82    0.00    4.34    0.00    0.00   10.71    0.00    0.00    0.00   44.13
20:05:17     all   40.35    0.00    5.01    0.00    0.00   10.53    0.25    0.00    0.00   43.86
20:05:18     all   39.65    0.00    4.80    0.00    0.00   10.86    0.00    0.00    0.00   44.70
20:05:19     all   40.46    0.00    4.07    0.00    0.00   10.69    0.25    0.00    0.00   44.53
20:05:20     all   39.95    0.00    4.83    0.00    0.00   10.94    0.00    0.00    0.00   44.27
20:05:21     all   40.51    0.00    4.30    0.00    0.00    9.87    0.00    0.00    0.00   45.32
20:05:22     all   41.43    0.00    4.09    0.00    0.00   11.00    0.00    0.00    0.00   43.48
20:05:23     all   39.24    0.00    5.06    0.00    0.00   10.13    0.25    0.00    0.00   45.32
20:05:24     all   40.20    0.00    5.09    0.00    0.00   10.94    0.25    0.00    0.00   43.51
20:05:25     all   38.85    0.00    5.26    0.00    0.00   11.03    0.00    0.00    0.00   44.86
20:05:26     all   40.40    0.00    4.99    0.00    0.00   10.22    0.00    0.00    0.00   44.39
20:05:27     all   40.55    0.00    4.79    0.00    0.00   10.08    0.25    0.00    0.00   44.33
20:05:28     all   41.62    0.00    5.33    0.00    0.00    9.90    0.00    0.00    0.00   43.15
20:05:29     all   39.90    0.00    5.05    0.00    0.00   11.11    0.00    0.00    0.00   43.94
20:05:30     all   40.86    0.00    4.82    0.00    0.00   10.91    0.00    0.00    0.00   43.40
20:05:31     all   40.10    0.00    4.31    0.00    0.00   10.15    0.00    0.00    0.00   45.43
20:05:32     all   39.39    0.00    5.30    0.00    0.00    9.85    0.25    0.00    0.00   45.20
20:05:33     all   40.55    0.00    4.79    0.00    0.00   10.33    0.00    0.00    0.00   44.33
20:05:34     all   38.54    0.00    4.53    0.00    0.00   11.59    0.25    0.00    0.00   45.09
20:05:35     all   37.37    0.00    4.55    0.00    0.00   10.61    0.00    0.00    0.00   47.47
20:05:36     all   39.95    0.00    4.58    0.00    0.00   10.18    0.25    0.00    0.00   45.04
20:05:37     all   41.28    0.00    4.36    0.00    0.00    9.74    0.00    0.00    0.00   44.62
20:05:38     all   40.05    0.00    5.29    0.00    0.00   10.58    0.00    0.00    0.00   44.08
20:05:39     all   39.60    0.00    4.51    0.00    0.00   10.28    0.00    0.00    0.00   45.61
20:05:40     all   38.54    0.00    4.28    0.00    0.00   10.58    0.25    0.00    0.00   46.35
20:05:41     all   38.72    0.00    4.36    0.00    0.00    9.49    0.00    0.00    0.00   47.44
20:05:42     all   40.20    0.00    4.77    0.00    0.00   10.80    0.00    0.00    0.00   44.22
20:05:43     all   39.60    0.00    4.76    0.00    0.00   10.78    0.25    0.00    0.00   44.61
20:05:44     all   40.76    0.00    4.56    0.00    0.00   10.38    0.00    0.00    0.00   44.30
20:05:45     all   41.06    0.00    4.28    0.00    0.00   11.08    0.00    0.00    0.00   43.58
20:05:46     all   40.40    0.00    4.80    0.00    0.00   11.11    0.51    0.00    0.00   43.18
20:05:47     all   41.27    0.00    4.56    0.00    0.00   11.14    0.00    0.00    0.00   43.04
20:05:48     all   41.12    0.00    4.57    0.00    0.00    9.90    0.00    0.00    0.00   44.42
20:05:49     all   40.77    0.00    5.13    0.00    0.00   10.51    0.00    0.00    0.00   43.59
20:05:50     all   41.31    0.00    4.79    0.00    0.00   10.33    0.00    0.00    0.00   43.58
20:05:51     all   40.46    0.00    4.58    0.00    0.00   10.18    0.25    0.00    0.00   44.53
20:05:52     all   39.90    0.00    5.05    0.00    0.00   11.11    0.00    0.00    0.00   43.94
20:05:53     all   40.46    0.00    4.58    0.00    0.00   10.18    0.00    0.00    0.00   44.78
20:05:54     all   40.25    0.00    4.30    0.00    0.00   10.38    0.00    0.00    0.00   45.06
20:05:55     all   40.66    0.00    4.29    0.00    0.00   10.61    0.25    0.00    0.00   44.19
20:05:56     all   40.71    0.00    4.58    0.00    0.00   11.20    0.00    0.00    0.00   43.51
20:05:57     all   39.90    0.00    5.30    0.00    0.00   11.11    0.00    0.00    0.00   43.69
20:05:58     all   40.15    0.00    4.29    0.00    0.00   11.11    0.25    0.00    0.00   44.19
20:05:59     all   40.66    0.00    4.80    0.00    0.00   10.86    0.25    0.00    0.00   43.43
20:06:00     all   41.12    0.00    4.82    0.00    0.00    9.90    0.00    0.00    0.00   44.16
20:06:01     all   41.01    0.00    4.30    0.00    0.00   10.89    0.25    0.00    0.00   43.54
20:06:02     all   41.10    0.00    5.26    0.00    0.00   10.28    0.00    0.00    0.00   43.36
20:06:03     all   41.88    0.00    4.06    0.00    0.00   10.91    0.00    0.00    0.00   43.15
20:06:04     all   41.46    0.00    5.53    0.00    0.00   11.06    0.00    0.00    0.00   41.96
20:06:05     all   41.84    0.00    4.59    0.00    0.00    9.95    0.00    0.00    0.00   43.62
20:06:06     all   40.40    0.00    5.05    0.00    0.00   11.11    0.00    0.00    0.00   43.43
20:06:07     all   40.92    0.00    4.35    0.00    0.00   10.74    0.00    0.00    0.00   43.99
20:06:08     all   40.45    0.00    4.77    0.00    0.00   10.55    0.25    0.00    0.00   43.97
20:06:09     all   38.94    0.00    4.52    0.00    0.00   11.06    0.25    0.00    0.00   45.23
20:06:10     all   41.43    0.00    4.09    0.00    0.00   10.49    0.00    0.00    0.00   43.99
20:06:11     all   43.04    0.00    4.05    0.00    0.00   10.89    0.00    0.00    0.00   42.03
20:06:12     all   40.31    0.00    5.10    0.00    0.00   10.71    0.51    0.00    0.00   43.37
20:06:13     all   41.98    0.00    4.33    0.00    0.00   10.69    0.00    0.00    0.00   43.00
20:06:14     all   41.98    0.00    4.58    0.00    0.00   10.18    0.00    0.00    0.00   43.26
20:06:15     all   40.10    0.00    4.82    0.00    0.00   11.17    0.00    0.00    0.00   43.91
20:06:16     all   41.67    0.00    5.05    0.00    0.00   10.35    0.00    0.00    0.00   42.93
20:06:17     all   40.05    0.00    4.53    0.00    0.00   11.34    0.00    0.00    0.00   44.08
20:06:18     all   40.82    0.00    4.34    0.00    0.00   10.46    0.00    0.00    0.00   44.39
20:06:19     all   41.52    0.00    4.30    0.00    0.00   10.89    0.00    0.00    0.00   43.29
20:06:20     all   41.31    0.00    4.53    0.00    0.00   10.33    0.50    0.00    0.00   43.32
20:06:21     all   39.39    0.00    4.80    0.00    0.00   10.61    0.00    0.00    0.00   45.20
20:06:22     all   41.06    0.00    5.54    0.00    0.00   11.34    0.00    0.00    0.00   42.07
20:06:23     all   39.34    0.00    5.33    0.00    0.00    9.64    0.25    0.00    0.00   45.43
20:06:24     all   39.49    0.00    4.56    0.00    0.00   10.89    0.25    0.00    0.00   44.81
20:06:25     all   38.64    0.00    4.80    0.00    0.00    9.60    0.00    0.00    0.00   46.97
20:06:26     all   39.49    0.00    4.30    0.00    0.00   10.89    0.00    0.00    0.00   45.32
20:06:27     all   40.51    0.00    4.36    0.00    0.00    9.74    0.00    0.00    0.00   45.38
20:06:28     all   39.85    0.00    5.26    0.00    0.00   10.28    0.00    0.00    0.00   44.61
20:06:29     all   38.89    0.00    4.29    0.00    0.00   11.11    0.00    0.00    0.00   45.71
20:06:30     all   40.30    0.00    4.79    0.00    0.00   10.33    0.25    0.00    0.00   44.33
20:06:31     all   41.48    0.00    4.07    0.00    0.00   10.69    0.00    0.00    0.00   43.77
20:06:32     all   41.12    0.00    4.06    0.00    0.00   10.66    0.25    0.00    0.00   43.91
20:06:33     all   39.59    0.00    5.33    0.00    0.00    9.90    0.25    0.00    0.00   44.92
20:06:34     all   40.20    0.00    4.77    0.00    0.00   10.55    0.00    0.00    0.00   44.47
20:06:35     all   41.07    0.00    4.59    0.00    0.00    9.69    0.00    0.00    0.00   44.64
20:06:36     all   39.29    0.00    4.53    0.00    0.00   10.08    0.00    0.00    0.00   46.10
20:06:37     all   38.83    0.00    5.33    0.00    0.00   10.91    0.25    0.00    0.00   44.67
20:06:38     all   39.59    0.00    4.82    0.00    0.00    9.90    0.00    0.00    0.00   45.69
20:06:39     all   39.09    0.00    5.08    0.00    0.00   10.66    0.00    0.00    0.00   45.18
20:06:40     all   40.66    0.00    4.55    0.00    0.00   10.35    0.00    0.00    0.00   44.44
20:06:41     all   41.12    0.00    4.82    0.00    0.00   10.15    0.25    0.00    0.00   43.65
20:06:42     all   40.66    0.00    4.55    0.00    0.00   10.86    0.00    0.00    0.00   43.94
20:06:43     all   40.10    0.00    4.31    0.00    0.00   10.66    0.00    0.00    0.00   44.92
20:06:44     all   40.10    0.00    4.57    0.00    0.00   10.15    0.00    0.00    0.00   45.18
20:06:45     all   40.40    0.00    3.79    0.00    0.00   10.10    0.51    0.00    0.00   45.20
20:06:46     all   39.39    0.00    4.80    0.00    0.00   11.11    0.00    0.00    0.00   44.70
20:06:47     all   15.19    0.00    2.03    0.00    0.00    3.80    0.00    0.00    0.00   78.99
20:06:48     all   27.07    0.00    3.01    0.00    0.00    7.52    0.00    0.00    0.00   62.41
20:06:49     all   36.27    0.00    4.53    0.00    0.00    9.82    0.25    0.00    0.00   49.12
20:06:50     all   40.05    0.00    5.54    0.00    0.00   10.83    0.00    0.00    0.00   43.58
20:06:51     all   41.07    0.00    4.08    0.00    0.00   11.48    0.00    0.00    0.00   43.37
20:06:52     all   41.06    0.00    5.29    0.00    0.00   10.83    0.25    0.00    0.00   42.57
20:06:53     all   41.21    0.00    4.77    0.00    0.00   11.06    0.00    0.00    0.00   42.96
20:06:54     all   40.05    0.00    4.03    0.00    0.00   11.08    0.00    0.00    0.00   44.84
20:06:55     all   40.40    0.00    5.99    0.00    0.00   10.22    0.50    0.00    0.00   42.89
20:06:56     all   40.75    0.00    4.50    0.00    0.00   11.50    0.25    0.00    0.00   43.00
20:06:57     all   41.28    0.00    4.62    0.00    0.00   10.00    0.00    0.00    0.00   44.10
20:06:58     all   40.25    0.00    5.00    0.00    0.00   11.00    0.00    0.00    0.00   43.75
20:06:59     all   40.66    0.00    4.80    0.00    0.00   11.11    0.00    0.00    0.00   43.43
20:07:00     all   39.59    0.00    5.08    0.00    0.00   10.15    0.00    0.00    0.00   45.18
20:07:01     all   40.25    0.00    4.56    0.00    0.00   10.89    0.25    0.00    0.00   44.05
20:07:02     all   40.60    0.00    4.26    0.00    0.00   11.03    0.50    0.00    0.00   43.61
20:07:03     all   40.60    0.00    4.51    0.00    0.00   10.78    0.00    0.00    0.00   44.11
20:07:04     all   43.43    0.00    4.04    0.00    0.00   10.10    0.00    0.00    0.00   42.42
20:07:05     all   41.88    0.00    5.08    0.00    0.00   10.91    0.00    0.00    0.00   42.13
20:07:06     all   42.03    0.00    4.30    0.25    0.00   10.63    0.25    0.00    0.00   42.53
20:07:07     all   41.71    0.00    4.52    0.00    0.00   11.31    0.00    0.00    0.00   42.46
20:07:08     all   41.12    0.00    4.82    0.00    0.00   10.66    0.00    0.00    0.00   43.40
20:07:09     all   41.77    0.00    5.06    0.00    0.00   10.13    0.00    0.00    0.00   43.04
20:07:10     all   42.78    0.00    4.30    0.00    0.00   10.63    0.25    0.00    0.00   42.03
20:07:11     all   41.71    0.00    4.52    0.00    0.00   10.55    0.25    0.00    0.00   42.96
20:07:12     all   42.93    0.00    4.80    0.00    0.00   10.35    0.25    0.00    0.00   41.67
20:07:13     all   41.06    0.00    4.53    0.00    0.00   10.83    0.00    0.00    0.00   43.58
20:07:14     all   48.48    0.00    6.06    0.00    0.00   10.86    0.00    0.00    0.00   34.60
20:07:15     all   39.39    0.00    5.05    0.00    0.00   11.11    0.00    0.00    0.00   44.44
20:07:16     all   40.81    0.00    4.53    0.00    0.00   11.34    0.00    0.00    0.00   43.32
20:07:17     all   40.76    0.00    5.06    0.00    0.00   10.13    0.25    0.00    0.00   43.80
20:07:18     all   41.98    0.00    4.07    0.00    0.00   11.20    0.00    0.00    0.00   42.75
20:07:19     all   41.52    0.00    5.06    0.00    0.00   10.63    0.25    0.00    0.00   42.53
20:07:20     all   41.77    0.00    4.05    0.00    0.00   11.39    0.00    0.00    0.00   42.78
20:07:21     all   40.10    0.00    4.57    0.00    0.00   11.68    0.00    0.00    0.00   43.65
20:07:22     all   41.62    0.00    4.57    0.00    0.00   11.17    0.00    0.00    0.00   42.64
20:07:23     all   41.67    0.00    4.55    0.00    0.00   10.10    0.25    0.00    0.00   43.43
20:07:24     all   41.96    0.00    5.03    0.00    0.00   10.30    0.25    0.00    0.00   42.46
20:07:25     all   40.82    0.00    4.34    0.00    0.00   10.71    0.00    0.00    0.00   44.13
20:07:26     all   40.91    0.00    5.05    0.00    0.00   10.61    0.25    0.00    0.00   43.18
20:07:27     all   40.25    0.00    5.32    0.00    0.00   10.13    0.00    0.00    0.00   44.30
20:07:28     all   41.84    0.00    4.59    0.00    0.00    9.69    0.00    0.00    0.00   43.88
20:07:29     all   39.90    0.00    5.30    0.00    0.00   11.11    0.00    0.00    0.00   43.69
20:07:30     all   42.28    0.00    3.80    0.00    0.00   10.63    0.25    0.00    0.00   43.04
20:07:31     all   42.49    0.00    4.83    0.00    0.00    9.92    0.00    0.00    0.00   42.75
20:07:32     all   41.22    0.00    5.09    0.00    0.00   10.18    0.00    0.00    0.00   43.51
20:07:33     all   40.97    0.00    4.58    0.00    0.00   10.43    0.25    0.00    0.00   43.77
20:07:34     all   39.39    0.00    5.05    0.00    0.00   10.35    0.00    0.00    0.00   45.20
20:07:35     all   40.30    0.00    4.53    0.00    0.00   10.33    0.00    0.00    0.00   44.84
20:07:36     all   41.77    0.00    4.30    0.00    0.00   10.13    0.25    0.00    0.00   43.54
20:07:37     all   41.60    0.00    4.76    0.00    0.00   11.03    0.00    0.00    0.00   42.61
20:07:38     all   42.35    0.00    5.36    0.00    0.00   10.71    0.00    0.00    0.00   41.58
20:07:39     all   40.91    0.00    4.55    0.00    0.00   10.86    0.25    0.00    0.00   43.43
20:07:40     all   40.86    0.00    4.31    0.00    0.00   10.66    0.00    0.00    0.00   44.16
20:07:41     all   41.41    0.00    4.80    0.00    0.00   11.62    0.25    0.00    0.00   41.92
20:07:42     all   41.07    0.00    4.85    0.00    0.00   10.20    0.00    0.00    0.00   43.88
20:07:43     all   40.81    0.00    4.79    0.00    0.00   10.33    0.00    0.00    0.00   44.08
20:07:44     all   40.30    0.00    4.79    0.00    0.00   10.83    0.25    0.00    0.00   43.83
20:07:45     all   40.35    0.00    4.51    0.00    0.00   11.28    0.00    0.00    0.00   43.86
20:07:46     all   41.67    0.00    4.80    0.00    0.00   10.35    0.00    0.00    0.00   43.18
20:07:47     all   40.82    0.00    4.59    0.00    0.00   10.46    0.00    0.00    0.00   44.13
20:07:48     all   41.12    0.00    4.57    0.00    0.00   10.91    0.00    0.00    0.00   43.40
20:07:49     all   39.65    0.00    4.29    0.25    0.00   10.61    0.00    0.00    0.00   45.20
20:07:50     all   39.90    0.00    5.30    0.00    0.00   10.35    0.25    0.00    0.00   44.19
20:07:51     all   40.55    0.00    4.79    0.00    0.00   10.58    0.00    0.00    0.00   44.08
20:07:52     all   40.56    0.00    4.59    0.00    0.00   10.20    0.26    0.00    0.00   44.39
20:07:53     all   39.45    0.00    5.53    0.00    0.00   11.06    0.25    0.00    0.00   43.72
20:07:54     all   40.46    0.00    5.34    0.00    0.00   10.69    0.00    0.00    0.00   43.51
20:07:55     all   39.49    0.00    5.06    0.00    0.00   11.14    0.25    0.00    0.00   44.05
20:07:56     all   42.53    0.00    5.32    0.00    0.00    9.11    0.00    0.00    0.00   43.04
20:07:57     all   40.86    0.00    5.33    0.00    0.00   10.41    0.00    0.00    0.00   43.40
20:07:58     all   42.13    0.00    4.82    0.00    0.00   10.66    0.00    0.00    0.00   42.39
20:07:59     all   42.13    0.00    4.57    0.00    0.00   10.15    0.00    0.00    0.00   43.15
20:08:00     all   41.37    0.00    4.31    0.00    0.00   10.15    0.00    0.00    0.00   44.16
20:08:01     all   39.85    0.00    3.81    0.00    0.00   11.42    0.00    0.00    0.00   44.92
20:08:02     all   40.25    0.00    5.32    0.00    0.00   10.89    0.25    0.00    0.00   43.29
20:08:03     all   40.51    0.00    4.56    0.00    0.00   10.38    0.25    0.00    0.00   44.30
20:08:04     all   39.85    0.00    4.31    0.00    0.00   10.15    0.00    0.00    0.00   45.69
20:08:05     all   39.14    0.00    4.55    0.00    0.00   11.11    0.25    0.00    0.00   44.95
20:08:06     all   40.70    0.00    5.78    0.00    0.00   10.55    0.25    0.00    0.00   42.71
20:08:07     all   40.76    0.00    4.56    0.00    0.00   10.63    0.00    0.00    0.00   44.05
20:08:08     all   42.53    0.00    4.30    0.00    0.00   10.13    0.00    0.00    0.00   43.04
20:08:09     all   42.39    0.00    4.57    0.00    0.00   10.41    0.00    0.00    0.00   42.64
20:08:10     all   41.67    0.00    5.05    0.00    0.00   10.86    0.00    0.00    0.00   42.42
20:08:11     all   42.86    0.00    4.08    0.00    0.00    9.95    0.00    0.00    0.00   43.11
20:08:12     all   41.06    0.00    5.29    0.00    0.00   10.08    0.25    0.00    0.00   43.32
20:08:13     all   41.48    0.00    3.82    0.00    0.00   10.43    0.25    0.00    0.00   44.02
20:08:14     all   41.01    0.00    4.30    0.00    0.00   11.14    0.00    0.00    0.00   43.54
20:08:15     all   41.77    0.00    4.56    0.00    0.00   10.13    0.25    0.00    0.00   43.29
20:08:16     all   40.81    0.00    5.54    0.00    0.00   10.83    0.00    0.00    0.00   42.82
20:08:17     all   39.75    0.00    4.56    0.00    0.00   10.63    0.25    0.00    0.00   44.81
20:08:18     all   40.66    0.00    4.55    0.00    0.00   11.11    0.00    0.00    0.00   43.69
20:08:19     all   41.62    0.00    3.81    0.00    0.00   10.15    0.00    0.00    0.00   44.42
20:08:20     all   41.15    0.00    5.49    0.00    0.00   10.97    0.00    0.00    0.00   42.39
20:08:21     all   41.22    0.00    4.58    0.00    0.00   10.18    0.00    0.00    0.00   44.02
20:08:22     all   42.07    0.00    4.53    0.00    0.00   10.58    0.00    0.00    0.00   42.82
20:08:23     all   39.65    0.00    5.05    0.00    0.00   11.62    0.25    0.00    0.00   43.43
20:08:24     all   39.19    0.00    5.60    0.00    0.00   10.69    0.00    0.00    0.00   44.53
20:08:25     all   39.10    0.00    4.76    0.00    0.00   11.03    0.00    0.00    0.00   45.11
20:08:26     all   41.96    0.00    4.77    0.00    0.00   10.05    0.25    0.00    0.00   42.96
20:08:27     all   40.31    0.00    4.34    0.00    0.00   10.20    0.26    0.00    0.00   44.90
20:08:28     all   40.00    0.00    5.25    0.00    0.00   11.25    0.25    0.00    0.00   43.25
20:08:29     all   40.40    0.00    4.29    0.00    0.00   10.61    0.00    0.00    0.00   44.70
20:08:30     all   39.55    0.00    5.04    0.00    0.00   10.58    0.00    0.00    0.00   44.84
20:08:31     all   40.66    0.00    4.09    0.00    0.00   11.00    0.00    0.00    0.00   44.25
20:08:32     all   42.36    0.00    4.51    0.00    0.00   10.53    0.00    0.00    0.00   42.61
20:08:33     all   41.12    0.00    5.08    0.00    0.00   10.41    0.00    0.00    0.00   43.40
20:08:34     all   40.00    0.00    5.06    0.00    0.00   10.63    0.25    0.00    0.00   44.05
20:08:35     all   41.31    0.00    4.53    0.00    0.00   11.59    0.00    0.00    0.00   42.57
20:08:36     all   40.56    0.00    4.34    0.00    0.00   11.48    0.00    0.00    0.00   43.62
20:08:37     all   40.95    0.00    5.53    0.00    0.00   10.30    0.00    0.00    0.00   43.22
20:08:38     all   41.62    0.00    4.82    0.00    0.00    9.64    0.00    0.00    0.00   43.91
20:08:39     all   40.15    0.00    4.04    0.00    0.00   10.61    0.25    0.00    0.00   44.95
20:08:40     all   40.71    0.00    4.58    0.00    0.00    9.67    0.25    0.00    0.00   44.78
20:08:41     all   40.66    0.00    5.30    0.00    0.00   11.36    0.25    0.00    0.00   42.42
20:08:42     all   41.62    0.00    4.57    0.00    0.00   10.15    0.00    0.00    0.00   43.65
20:08:43     all   40.00    0.00    4.30    0.00    0.00   11.14    0.00    0.00    0.00   44.56
20:08:44     all   38.85    0.00    4.51    0.00    0.00   10.53    0.00    0.00    0.00   46.12
20:08:45     all   39.24    0.00    4.81    0.00    0.00   10.63    0.00    0.00    0.00   45.32
20:08:46     all   41.21    0.00    4.52    0.00    0.00    9.55    0.25    0.00    0.00   44.47
20:08:47     all   40.55    0.00    5.04    0.00    0.00   10.33    0.00    0.00    0.00   44.08
20:08:48     all   38.52    0.00    3.83    0.00    0.00   10.20    0.00    0.00    0.00   47.45
20:08:49     all   39.18    0.00    4.64    0.00    0.00   10.05    0.00    0.00    0.00   46.13
20:08:50     all   41.01    0.00    4.81    0.00    0.00   10.13    0.25    0.00    0.00   43.80
20:08:51     all   39.29    0.00    5.04    0.00    0.00   11.34    0.00    0.00    0.00   44.33
20:08:52     all   40.41    0.00    4.35    0.00    0.00   10.74    0.00    0.00    0.00   44.50
20:08:53     all   40.76    0.00    5.32    0.00    0.00    9.87    0.00    0.00    0.00   44.05
20:08:54     all   40.00    0.00    4.30    0.00    0.00   10.63    0.51    0.00    0.00   44.56
20:08:55     all   39.90    0.00    5.12    0.00    0.00    9.46    0.26    0.00    0.00   45.27
20:08:56     all   40.20    0.00    4.52    0.00    0.00   11.06    0.00    0.00    0.00   44.22
20:08:57     all   39.19    0.00    4.83    0.00    0.00   10.69    0.00    0.00    0.00   45.29
20:08:58     all   40.55    0.00    4.28    0.00    0.00   10.33    0.00    0.00    0.00   44.84
20:08:59     all   40.41    0.00    4.86    0.00    0.00    9.72    0.00    0.00    0.00   45.01
20:09:00     all   41.10    0.00    4.76    0.00    0.00   10.03    0.25    0.00    0.00   43.86
20:09:01     all   39.95    0.00    4.27    0.00    0.00   11.31    0.00    0.00    0.00   44.47
20:09:02     all   41.01    0.00    5.06    0.00    0.00    9.62    0.00    0.00    0.00   44.30
20:09:03     all   40.82    0.00    4.85    0.00    0.00   10.46    0.00    0.00    0.00   43.88
20:09:04     all   38.64    0.00    4.29    0.00    0.00   10.35    0.00    0.00    0.00   46.72
20:09:05     all   41.01    0.00    4.56    0.00    0.00    9.62    0.25    0.00    0.00   44.56
20:09:06     all   40.70    0.00    5.28    0.00    0.00   10.05    0.25    0.00    0.00   43.72
20:09:07     all   39.80    0.00    4.28    0.00    0.00   11.08    0.25    0.00    0.00   44.58
20:09:08     all   39.14    0.00    5.05    0.25    0.00   10.61    0.00    0.00    0.00   44.95
20:09:09     all   39.69    0.00    4.33    0.00    0.00   10.94    0.00    0.00    0.00   45.04
20:09:10     all   39.75    0.00    5.32    0.00    0.00    9.87    0.00    0.00    0.00   45.06
20:09:11     all   40.86    0.00    4.31    0.00    0.00   10.41    0.00    0.00    0.00   44.42
20:09:12     all   40.97    0.00    4.33    0.00    0.00   10.43    0.00    0.00    0.00   44.27
20:09:13     all   40.60    0.00    4.51    0.00    0.00   10.28    0.25    0.00    0.00   44.36
20:09:14     all   40.15    0.00    4.35    0.00    0.00   10.74    0.00    0.00    0.00   44.76
20:09:15     all   39.59    0.00    5.58    0.00    0.00   10.41    0.00    0.00    0.00   44.42
20:09:16     all   42.13    0.00    4.31    0.00    0.00   10.15    0.00    0.00    0.00   43.40
20:09:17     all   40.66    0.00    4.80    0.00    0.00   10.35    0.00    0.00    0.00   44.19
20:09:18     all   41.88    0.00    5.08    0.00    0.00    9.90    0.00    0.00    0.00   43.15
20:09:19     all   39.49    0.00    5.57    0.00    0.00   11.14    0.25    0.00    0.00   43.54
20:09:20     all   39.90    0.00    4.80    0.00    0.00   10.61    0.00    0.00    0.00   44.70
20:09:21     all   39.04    0.00    4.53    0.00    0.00   10.58    0.50    0.00    0.00   45.34
20:09:22     all   40.46    0.00    5.34    0.00    0.00   10.43    0.00    0.00    0.00   43.77
20:09:23     all   40.05    0.00    4.28    0.00    0.00   11.08    0.00    0.00    0.00   44.58
20:09:24     all   41.16    0.00    5.30    0.00    0.00   10.10    0.00    0.00    0.00   43.43
20:09:25     all   40.00    0.00    4.56    0.00    0.00   11.14    0.00    0.00    0.00   44.30
20:09:26     all   39.20    0.00    4.52    0.00    0.00   11.81    0.25    0.00    0.00   44.22
20:09:27     all   39.49    0.00    4.81    0.00    0.00   10.63    0.00    0.00    0.00   45.06
20:09:28     all   39.80    0.00    4.59    0.00    0.00    9.95    0.00    0.00    0.00   45.66
20:09:29     all   40.66    0.00    4.29    0.00    0.00   10.61    0.00    0.00    0.00   44.44
20:09:30     all   38.48    0.00    5.57    0.25    0.00   10.38    0.00    0.00    0.00   45.32
20:09:31     all   39.45    0.00    4.52    0.00    0.00   10.80    0.00    0.00    0.00   45.23
20:09:32     all   40.30    0.00    4.03    0.00    0.00   11.08    0.25    0.00    0.00   44.33
20:09:33     all   38.89    0.00    4.80    0.00    0.00    9.85    0.00    0.00    0.00   46.46
20:09:34     all   37.28    0.00    5.04    0.00    0.00   10.83    0.25    0.00    0.00   46.60
20:09:35     all   38.79    0.00    4.79    0.00    0.00   10.58    0.00    0.00    0.00   45.84
20:09:36     all   41.71    0.00    4.52    0.00    0.00   10.55    0.25    0.00    0.00   42.96
20:09:37     all   40.30    0.00    4.79    0.00    0.00   10.83    0.00    0.00    0.00   44.08
20:09:38     all   40.51    0.00    5.06    0.00    0.00    9.37    0.00    0.00    0.00   45.06
20:09:39     all   40.41    0.00    4.35    0.00    0.00   10.23    0.26    0.00    0.00   44.76
20:09:40     all   42.07    0.00    4.79    0.00    0.00   10.58    0.00    0.00    0.00   42.57
20:09:41     all   39.59    0.00    4.82    0.00    0.00   11.17    0.00    0.00    0.00   44.42
20:09:42     all   40.36    0.00    4.57    0.00    0.00    9.90    0.00    0.00    0.00   45.18
20:09:43     all   38.17    0.00    4.83    0.00    0.00   10.94    0.00    0.00    0.00   46.06
20:09:44     all   39.44    0.00    4.33    0.00    0.00   10.43    0.00    0.00    0.00   45.80
20:09:45     all   39.80    0.00    4.53    0.00    0.00    9.82    0.00    0.00    0.00   45.84
20:09:46     all   40.15    0.00    4.55    0.00    0.00   10.61    0.25    0.00    0.00   44.44
20:09:47     all   23.48    0.00    2.78    0.00    0.00    5.30    0.00    0.00    0.00   68.43
20:09:48     all   24.37    0.00    2.79    0.00    0.00    5.58    0.76    0.00    0.00   66.50
20:09:49     all   36.22    0.00    4.34    0.00    0.00    7.91    0.00    0.00    0.00   51.53
20:09:50     all   40.10    0.00    4.57    0.00    0.00   10.66    0.00    0.00    0.00   44.67
20:09:51     all   40.20    0.00    4.77    0.00    0.00   10.30    0.00    0.00    0.00   44.72
20:09:52     all   41.27    0.00    4.56    0.00    0.00    9.87    0.00    0.00    0.00   44.30
20:09:53     all   39.80    0.00    4.85    0.00    0.00   10.97    0.00    0.00    0.00   44.39
20:09:54     all   39.80    0.00    4.03    0.00    0.00   11.08    0.00    0.00    0.00   45.09
20:09:55     all   40.00    0.00    5.00    0.00    0.00   10.00    0.25    0.00    0.00   44.75
20:09:56     all   39.64    0.00    5.12    0.00    0.00   11.00    0.00    0.00    0.00   44.25
20:09:57     all   38.44    0.00    4.77    0.00    0.00   11.56    0.00    0.00    0.00   45.23
20:09:58     all   38.89    0.00    4.55    0.00    0.00   11.11    0.00    0.00    0.00   45.45
20:09:59     all   38.58    0.00    5.08    0.00    0.00   10.66    0.25    0.00    0.00   45.43
20:10:00     all   39.90    0.00    5.56    0.00    0.00   10.35    0.25    0.00    0.00   43.94
20:10:01     all   40.81    0.00    4.79    0.00    0.00   10.08    0.25    0.00    0.00   44.08
20:10:02     all   39.49    0.00    5.06    0.00    0.00   10.63    0.00    0.00    0.00   44.81
20:10:03     all   40.81    0.00    4.53    0.00    0.00   10.33    0.00    0.00    0.00   44.33
20:10:04     all   41.01    0.00    4.81    0.00    0.00   10.89    0.00    0.00    0.00   43.29
20:10:05     all   40.51    0.00    4.56    0.00    0.00   11.14    0.00    0.00    0.00   43.80
20:10:06     all   41.31    0.00    4.28    0.00    0.00   10.83    0.00    0.00    0.00   43.58
20:10:07     all   42.03    0.00    4.81    0.00    0.00    9.37    0.25    0.00    0.00   43.54
20:10:08     all   38.40    0.00    4.74    0.00    0.00   11.22    0.00    0.00    0.00   45.64
20:10:09     all   38.93    0.00    4.33    0.00    0.00    9.92    0.00    0.00    0.00   46.82
20:10:10     all   38.93    0.00    5.09    0.00    0.00   10.18    0.00    0.00    0.00   45.80
20:10:11     all   39.50    0.00    4.25    0.00    0.00    9.75    0.25    0.00    0.00   46.25
20:10:12     all   38.44    0.00    4.27    0.00    0.00    9.55    0.25    0.00    0.00   47.49
20:10:13     all   34.68    0.00    4.05    0.00    0.00    9.11    0.25    0.00    0.00   51.90
20:10:14     all   33.42    0.00    3.83    0.00    0.00    8.16    0.00    0.00    0.00   54.59
20:10:15     all   30.20    0.00    4.31    0.00    0.00    8.38    0.00    0.00    0.00   57.11
20:10:16     all   28.86    0.00    3.29    0.00    0.00    7.34    0.25    0.00    0.00   60.25
20:10:17     all   26.34    0.00    3.07    0.00    0.00    6.39    0.00    0.00    0.00   64.19
20:10:18     all   21.77    0.00    3.04    0.00    0.00    4.56    0.00    0.00    0.00   70.63
20:10:19     all   18.84    0.00    2.01    0.00    0.00    5.03    0.25    0.00    0.00   73.87
20:10:20     all   16.96    0.00    2.53    0.00    0.00    4.05    0.51    0.00    0.00   75.95
20:10:21     all   17.01    0.00    1.78    0.00    0.00    4.31    0.00    0.00    0.00   76.90
20:10:22     all   16.46    0.00    1.77    0.00    0.00    3.80    0.00    0.00    0.00   77.97
20:10:23     all   14.25    0.00    2.04    0.00    0.00    2.80    0.00    0.00    0.00   80.92
20:10:24     all   12.18    0.00    1.02    0.25    0.00    2.54    0.00    0.00    0.00   84.01
20:10:25     all    9.60    0.00    1.77    0.00    0.00    2.27    0.25    0.00    0.00   86.11
20:10:26     all    9.41    0.00    1.02    0.00    0.00    2.04    0.00    0.00    0.00   87.53
20:10:27     all    8.08    0.00    1.01    0.00    0.00    1.52    0.00    0.00    0.00   89.39
20:10:28     all    7.59    0.00    1.27    0.00    0.00    1.27    0.00    0.00    0.00   89.87
20:10:29     all    6.27    0.00    1.25    0.00    0.00    1.25    0.00    0.00    0.00   91.23
20:10:30     all    6.06    0.00    0.76    0.00    0.00    1.26    0.25    0.00    0.00   91.67
20:10:31     all    6.05    0.00    1.01    0.00    0.00    0.76    0.25    0.00    0.00   91.94
20:10:32     all    5.30    0.00    0.76    0.00    0.00    0.76    0.00    0.00    0.00   93.18
20:10:33     all    4.30    0.00    0.51    0.00    0.00    0.76    0.00    0.00    0.00   94.43
20:10:34     all    3.28    0.00    0.76    0.00    0.00    0.51    0.00    0.00    0.00   95.45
20:10:35     all    4.29    0.00    0.51    0.00    0.00    0.51    0.25    0.00    0.00   94.44
20:10:36     all    4.53    0.00    0.76    0.00    0.00    0.76    0.00    0.00    0.00   93.95
20:10:37     all    4.04    0.00    0.25    0.00    0.00    0.76    0.00    0.00    0.00   94.95
20:10:38     all    4.53    0.00    0.76    0.00    0.00    0.50    0.00    0.00    0.00   94.21
20:10:39     all    3.80    0.00    0.51    0.00    0.00    0.51    0.00    0.00    0.00   95.19
20:10:40     all    4.01    0.00    0.50    0.00    0.00    0.50    0.00    0.00    0.00   94.99
20:10:41     all    2.54    0.00    0.51    0.00    0.00    0.51    0.00    0.00    0.00   96.44
20:10:42     all    2.77    0.00    0.25    0.00    0.00    0.00    0.00    0.00    0.00   96.98
20:10:43     all    2.74    0.00    0.75    0.00    0.00    0.75    0.00    0.00    0.00   95.76
20:10:44     all    2.02    0.00    0.00    0.00    0.00    0.00    0.00    0.00    0.00   97.98
20:10:45     all    1.26    0.00    0.50    0.00    0.00    0.00    0.00    0.00    0.00   98.24
20:10:46     all    2.26    0.00    0.25    0.00    0.00    0.50    0.00    0.00    0.00   96.99
20:10:47     all    1.01    0.00    0.00    0.00    0.00    0.00    0.00    0.00    0.00   98.99
20:10:48     all    1.76    0.00    1.01    0.00    0.00    0.00    0.00    0.00    0.00   97.24
20:10:49     all    0.25    0.00    0.00    0.00    0.00    0.00    0.00    0.00    0.00   99.75
20:10:50     all    0.00    0.00    0.00    0.00    0.00    0.00    0.00    0.00    0.00  100.00
20:10:51     all    0.00    0.00    0.00    0.00    0.00    0.00    0.00    0.00    0.00  100.00
20:10:52     all    0.00    0.00    0.00    0.00    0.00    0.00    0.00    0.00    0.00  100.00
20:10:53     all    0.00    0.00    0.00    0.00    0.00    0.00    0.00    0.00    0.00  100.00
20:10:54     all    0.00    0.00    0.00    0.00    0.00    0.00    0.00    0.00    0.00  100.00
20:10:55     all    0.00    0.00    0.25    0.00    0.00    0.00    0.00    0.00    0.00   99.75
20:10:56     all    0.00    0.00    0.00    0.00    0.00    0.00    0.00    0.00    0.00  100.00
20:10:57     all    0.00    0.00    0.00    0.00    0.00    0.00    0.00    0.00    0.00  100.00
20:10:58     all    0.00    0.00    0.00    0.00    0.00    0.00    0.00    0.00    0.00  100.00
