Linux 6.8.0-1064-gcp (csb-bench-host-gcp) 	08/18/26 	_x86_64_	(4 CPU)

00:48:38     CPU    %usr   %nice    %sys %iowait    %irq   %soft  %steal  %guest  %gnice   %idle
00:48:39     all    2.52    0.00    1.01    0.00    0.00    0.76    0.00    0.00    0.00   95.72
00:48:40     all    2.02    0.00    0.25    0.00    0.00    0.25    0.00    0.00    0.00   97.48
00:48:41     all    2.26    0.00    0.50    0.00    0.00    0.25    0.00    0.00    0.00   96.99
00:48:42     all    1.52    0.00    0.51    0.00    0.00    0.00    0.25    0.00    0.00   97.73
00:48:43     all    2.03    0.00    0.51    0.00    0.00    0.25    0.25    0.00    0.00   96.96
00:48:44     all    2.01    0.00    0.75    0.25    0.00    0.00    0.00    0.00    0.00   96.98
00:48:45     all    2.26    0.00    0.25    0.00    0.00    0.50    0.00    0.00    0.00   96.99
00:48:46     all    2.01    0.00    0.50    0.00    0.00    0.25    0.25    0.00    0.00   96.98
00:48:47     all    1.75    0.00    0.50    0.00    0.00    0.50    0.00    0.00    0.00   97.24
00:48:48     all    2.02    0.00    0.25    0.00    0.00    0.00    0.25    0.00    0.00   97.48
00:48:49     all    1.77    0.00    0.51    0.00    0.00    0.25    0.00    0.00    0.00   97.47
00:48:50     all    2.01    0.00    0.25    0.25    0.00    0.50    0.00    0.00    0.00   96.98
00:48:51     all    2.25    0.00    1.00    0.00    0.00    0.25    0.00    0.00    0.00   96.50
00:48:52     all    2.53    0.00    0.00    0.00    0.00    0.25    0.00    0.00    0.00   97.22
00:48:53     all    2.01    0.00    0.50    0.00    0.00    0.50    0.00    0.00    0.00   96.98
00:48:54     all    2.02    0.00    0.25    0.00    0.00    0.25    0.00    0.00    0.00   97.47
00:48:55     all    2.03    0.00    0.25    0.00    0.00    0.00    0.00    0.00    0.00   97.72
00:48:56     all    2.24    0.00    1.00    0.00    0.00    0.50    0.00    0.00    0.00   96.27
00:48:57     all    2.03    0.00    0.00    0.00    0.00    0.00    0.00    0.00    0.00   97.97
00:48:58     all    2.25    0.00    0.50    0.00    0.00    0.50    0.00    0.00    0.00   96.75
00:48:59     all    1.77    0.00    0.25    0.00    0.00    0.00    0.00    0.00    0.00   97.98
00:49:00     all    2.27    0.00    0.25    0.00    0.00    0.25    0.00    0.00    0.00   97.23
00:49:01     all    1.76    0.00    0.50    0.00    0.00    0.25    0.00    0.00    0.00   97.48
00:49:02     all    2.24    0.00    0.50    0.00    0.00    0.75    0.00    0.00    0.00   96.51
00:49:03     all    1.77    0.00    0.00    0.00    0.00    0.00    0.00    0.00    0.00   98.23
00:49:04     all    2.52    0.00    0.25    0.00    0.00    0.00    0.00    0.00    0.00   97.23
00:49:05     all    2.01    0.00    0.75    0.00    0.00    0.00    0.00    0.00    0.00   97.24
00:49:06     all    2.27    0.00    0.25    0.00    0.00    0.50    0.00    0.00    0.00   96.98
00:49:07     all    1.76    0.00    0.00    0.00    0.00    0.50    0.00    0.00    0.00   97.74
00:49:08     all    2.27    0.00    0.50    0.00    0.00    0.00    0.00    0.00    0.00   97.23
00:49:09     all    1.52    0.00    0.25    0.00    0.00    0.00    0.00    0.00    0.00   98.22
00:49:10     all    2.52    0.00    0.25    0.00    0.00    0.00    0.00    0.00    0.00   97.23
00:49:11     all    2.26    0.00    0.50    0.00    0.00    0.50    0.00    0.00    0.00   96.74
00:49:12     all    2.25    0.00    0.50    0.00    0.00    0.00    0.25    0.00    0.00   97.00
00:49:13     all    1.77    0.00    0.25    0.00    0.00    0.25    0.25    0.00    0.00   97.47
00:49:14     all    2.01    0.00    0.75    0.00    0.00    0.25    0.00    0.00    0.00   96.98
00:49:15     all    2.26    0.00    0.50    0.25    0.00    0.50    0.00    0.00    0.00   96.49
00:49:16     all    2.51    0.00    0.75    0.00    0.00    0.25    0.00    0.00    0.00   96.49
00:49:17     all    1.77    0.00    0.25    0.00    0.00    0.51    0.00    0.00    0.00   97.47
00:49:18     all    2.01    0.00    0.75    0.00    0.00    0.25    0.00    0.00    0.00   96.99
00:49:19     all    2.00    0.00    0.25    0.25    0.00    0.50    0.00    0.00    0.00   97.00
00:49:20     all    1.77    0.00    0.00    0.00    0.00    0.51    0.00    0.00    0.00   97.73
00:49:21     all    2.01    0.00    0.75    0.00    0.00    0.00    0.00    0.00    0.00   97.24
00:49:22     all    2.00    0.00    0.25    0.00    0.00    0.75    0.25    0.00    0.00   96.75
00:49:23     all    1.78    0.00    0.25    0.00    0.00    0.00    0.00    0.00    0.00   97.97
00:49:24     all    2.01    0.00    0.50    0.00    0.00    0.25    0.00    0.00    0.00   97.24
00:49:25     all    1.77    0.00    0.25    0.00    0.00    0.00    0.00    0.00    0.00   97.98
00:49:26     all    2.27    0.00    0.50    0.00    0.00    0.00    0.00    0.00    0.00   97.23
00:49:27     all    2.01    0.00    0.25    0.00    0.00    0.75    0.00    0.00    0.00   96.99
00:49:28     all    1.75    0.00    0.50    0.00    0.00    0.50    0.00    0.00    0.00   97.25
00:49:29     all    2.03    0.00    0.00    0.00    0.00    0.00    0.00    0.00    0.00   97.97
00:49:30     all    1.76    0.00    0.50    0.00    0.00    0.50    0.00    0.00    0.00   97.24
00:49:31     all    2.26    0.00    0.50    0.00    0.00    0.25    0.00    0.00    0.00   96.99
00:49:32     all    2.02    0.00    0.00    0.00    0.00    0.25    0.00    0.00    0.00   97.73
00:49:33     all    1.99    0.00    0.50    0.00    0.00    0.50    0.25    0.00    0.00   96.77
00:49:34     all    2.01    0.00    0.50    0.00    0.00    0.25    0.00    0.00    0.00   97.24
00:49:35     all    1.76    0.00    0.50    0.00    0.00    0.50    0.00    0.00    0.00   97.23
00:49:36     all    2.02    0.00    0.25    0.00    0.00    0.00    0.00    0.00    0.00   97.73
00:49:37     all    2.01    0.00    0.75    0.00    0.00    0.25    0.00    0.00    0.00   96.99
00:49:38     all    2.01    0.00    0.00    0.00    0.00    0.25    0.00    0.00    0.00   97.74
00:49:39     all    1.76    0.00    0.50    0.00    0.00    0.25    0.00    0.00    0.00   97.48
00:49:40     all    2.01    0.00    0.25    0.00    0.00    0.50    0.00    0.00    0.00   97.24
00:49:41     all    2.51    0.00    0.25    0.00    0.00    0.00    0.00    0.00    0.00   97.24
00:49:42     all    2.00    0.00    0.50    0.00    0.00    0.50    0.00    0.00    0.00   97.00
00:49:43     all    1.77    0.00    0.25    0.00    0.00    0.00    0.00    0.00    0.00   97.98
00:49:44     all    1.75    0.00    0.50    0.00    0.00    0.00    0.00    0.00    0.00   97.74
00:49:45     all    2.02    0.00    0.00    0.00    0.00    0.25    0.00    0.00    0.00   97.73
00:49:46     all    2.02    0.00    0.25    0.00    0.00    0.25    0.00    0.00    0.00   97.48
00:49:47     all    2.01    0.00    1.00    0.00    0.00    0.25    0.00    0.00    0.00   96.74
00:49:48     all    2.26    0.00    0.25    0.00    0.00    0.50    0.00    0.00    0.00   96.98
00:49:49     all    2.02    0.00    0.51    0.00    0.00    0.00    0.00    0.00    0.00   97.47
00:49:50     all    2.25    0.00    0.25    0.00    0.00    0.75    0.00    0.00    0.00   96.75
00:49:51     all    1.77    0.00    0.25    0.00    0.00    0.00    0.00    0.00    0.00   97.98
00:49:52     all    2.24    0.00    0.50    0.00    0.00    0.75    0.00    0.00    0.00   96.52
00:49:53     all    2.02    0.00    0.00    0.00    0.00    0.25    0.00    0.00    0.00   97.73
00:49:54     all    1.77    0.00    0.25    0.00    0.00    0.00    0.00    0.00    0.00   97.98
00:49:55     all    2.01    0.00    0.50    0.00    0.00    0.25    0.00    0.00    0.00   97.24
00:49:56     all    1.77    0.00    0.00    0.00    0.00    0.25    0.00    0.00    0.00   97.97
00:49:57     all    2.01    0.00    0.25    0.00    0.00    0.25    0.25    0.00    0.00   97.24
00:49:58     all    2.00    0.00    0.75    0.00    0.00    0.50    0.00    0.00    0.00   96.76
00:49:59     all    1.77    0.00    0.00    0.00    0.00    0.25    0.00    0.00    0.00   97.98
00:50:00     all    2.24    0.00    0.75    0.25    0.00    0.50    0.25    0.00    0.00   96.02
00:50:01     all    1.76    0.00    0.25    0.00    0.00    0.50    0.00    0.00    0.00   97.49
00:50:02     all    2.01    0.00    0.75    0.00    0.00    0.00    0.00    0.00    0.00   97.24
00:50:03     all    1.77    0.00    0.00    0.00    0.00    0.25    0.00    0.00    0.00   97.97
00:50:04     all    2.01    0.00    0.00    0.00    0.00    0.50    0.00    0.00    0.00   97.49
00:50:05     all    2.25    0.00    0.75    0.00    0.00    0.00    0.00    0.00    0.00   97.00
00:50:06     all    2.02    0.00    0.00    0.00    0.00    0.00    0.00    0.00    0.00   97.98
00:50:07     all    2.01    0.00    0.25    0.00    0.00    0.25    0.00    0.00    0.00   97.49
00:50:08     all    1.50    0.00    0.50    0.00    0.00    0.50    0.00    0.00    0.00   97.49
00:50:09     all    1.27    0.00    0.00    0.00    0.00    0.00    0.00    0.00    0.00   98.73
00:50:10     all    0.50    0.00    0.00    0.00    0.00    0.00    0.00    0.00    0.00   99.50
00:50:11     all    1.26    0.00    0.25    0.00    0.00    0.00    0.00    0.00    0.00   98.49
00:50:12     all    1.76    0.00    0.25    0.00    0.00    0.25    0.00    0.00    0.00   97.74
00:50:13     all    1.50    0.00    0.50    0.00    0.00    0.75    0.00    0.00    0.00   97.26
00:50:14     all    1.77    0.00    0.25    0.00    0.00    0.00    0.00    0.00    0.00   97.98
00:50:15     all    2.26    0.00    0.25    0.00    0.00    0.25    0.00    0.00    0.00   97.24
00:50:16     all    1.76    0.00    0.75    0.00    0.00    0.25    0.00    0.00    0.00   97.24
00:50:17     all    2.01    0.00    0.25    0.00    0.00    0.25    0.00    0.00    0.00   97.49
00:50:18     all    1.77    0.00    0.25    0.00    0.00    0.25    0.00    0.00    0.00   97.73
00:50:19     all    2.26    0.00    0.50    0.00    0.00    0.25    0.00    0.00    0.00   96.99
00:50:20     all    2.52    0.00    0.25    0.00    0.00    0.25    0.25    0.00    0.00   96.73
00:50:21     all    2.02    0.00    1.01    0.50    0.00    0.25    0.00    0.00    0.00   96.22
00:50:22     all    2.51    0.00    0.50    0.00    0.00    0.25    0.00    0.00    0.00   96.74
00:50:23     all    2.26    0.00    0.25    0.00    0.00    0.75    0.00    0.00    0.00   96.73
00:50:24     all    2.27    0.00    0.25    0.00    0.00    0.00    0.00    0.00    0.00   97.47
00:50:25     all    2.01    0.00    0.75    0.00    0.00    0.00    0.00    0.00    0.00   97.24
00:50:26     all    2.28    0.00    0.25    0.00    0.00    0.00    0.00    0.00    0.00   97.46
00:50:27     all    2.74    0.00    0.00    0.00    0.00    1.00    0.00    0.00    0.00   96.26
00:50:28     all    2.01    0.00    0.75    0.00    0.00    0.50    0.00    0.00    0.00   96.73
00:50:29     all    2.01    0.00    0.25    0.00    0.00    0.00    0.00    0.00    0.00   97.74
00:50:30     all    2.26    0.00    0.50    0.00    0.00    0.25    0.00    0.00    0.00   96.99
00:50:31     all    2.27    0.00    0.50    0.00    0.00    0.50    0.00    0.00    0.00   96.73
00:50:32     all    2.52    0.00    0.76    0.00    0.00    0.25    0.00    0.00    0.00   96.47
00:50:33     all    2.51    0.00    0.25    0.00    0.00    0.25    0.00    0.00    0.00   96.98
00:50:34     all    2.26    0.00    0.50    0.00    0.00    0.50    0.00    0.00    0.00   96.73
00:50:35     all    2.02    0.00    0.25    0.00    0.00    0.50    0.00    0.00    0.00   97.23
00:50:36     all    2.03    0.00    0.51    0.00    0.00    0.00    0.00    0.00    0.00   97.47
00:50:37     all    2.51    0.00    0.25    0.00    0.00    0.50    0.00    0.00    0.00   96.74
00:50:38     all    2.25    0.00    0.50    0.25    0.00    0.50    0.00    0.00    0.00   96.50
00:50:39     all    2.03    0.00    0.51    0.00    0.00    0.00    0.00    0.00    0.00   97.47
00:50:40     all    2.24    0.00    0.75    0.00    0.00    0.50    0.00    0.00    0.00   96.51
00:50:41     all    2.53    0.00    0.25    0.00    0.00    0.25    0.00    0.00    0.00   96.96
00:50:42     all    2.01    0.00    0.25    0.00    0.00    0.25    0.25    0.00    0.00   97.24
00:50:43     all    2.01    0.00    0.50    0.00    0.00    0.50    0.00    0.00    0.00   96.98
00:50:44     all    2.53    0.00    0.00    0.00    0.00    0.00    0.00    0.00    0.00   97.47
00:50:45     all    2.01    0.00    0.50    0.00    0.00    0.50    0.00    0.00    0.00   96.98
00:50:46     all    2.51    0.00    0.50    0.00    0.00    0.25    0.25    0.00    0.00   96.49
00:50:47     all    2.27    0.00    0.25    0.00    0.00    0.00    0.00    0.00    0.00   97.47
00:50:48     all    2.01    0.00    0.50    0.00    0.00    0.25    0.00    0.00    0.00   97.24
00:50:49     all    2.27    0.00    0.76    0.00    0.00    0.25    0.00    0.00    0.00   96.73
00:50:50     all    2.78    0.00    1.26    1.52    0.00    0.76    0.00    0.00    0.00   93.69
00:50:51     all    1.77    0.00    0.76    0.00    0.00    0.25    0.00    0.00    0.00   97.22
00:50:52     all    2.27    0.00    0.76    0.00    0.00    0.25    0.00    0.00    0.00   96.73
00:50:53     all    2.27    0.00    0.00    0.00    0.00    0.25    0.00    0.00    0.00   97.47
00:50:54     all    2.26    0.00    0.25    0.00    0.00    0.25    0.00    0.00    0.00   97.24
00:50:55     all    2.26    0.00    0.50    0.25    0.00    0.25    0.00    0.00    0.00   96.73
00:50:56     all    2.02    0.00    0.50    0.00    0.00    0.50    0.00    0.00    0.00   96.98
00:50:57     all    2.27    0.00    0.00    0.00    0.00    0.25    0.00    0.00    0.00   97.48
00:50:58     all    2.26    0.00    0.75    0.00    0.00    0.25    0.00    0.00    0.00   96.73
00:50:59     all    2.28    0.00    0.00    0.00    0.00    0.00    0.00    0.00    0.00   97.72
00:51:00     all    2.23    0.00    0.99    0.25    0.00    0.74    0.00    0.00    0.00   95.79
00:51:01     all    2.03    0.00    0.00    0.00    0.00    0.00    0.00    0.00    0.00   97.97
00:51:02     all    1.76    0.00    0.00    0.00    0.00    0.50    0.25    0.00    0.00   97.48
00:51:03     all    2.75    0.00    0.75    0.00    0.00    0.00    0.00    0.00    0.00   96.50
00:51:04     all    1.77    0.00    0.25    0.00    0.00    0.51    0.00    0.00    0.00   97.47
00:51:05     all    2.00    0.00    0.75    0.00    0.00    0.50    0.25    0.00    0.00   96.51
00:51:06     all    2.52    0.00    0.00    0.00    0.00    0.25    0.00    0.00    0.00   97.23
00:51:07     all    2.01    0.00    0.50    0.00    0.00    0.25    0.00    0.00    0.00   97.24
00:51:08     all    2.03    0.00    0.00    0.00    0.00    0.25    0.00    0.00    0.00   97.72
00:51:09     all    2.74    0.00    0.50    0.00    0.00    0.50    0.00    0.00    0.00   96.26
00:51:10     all    2.02    0.00    0.50    0.00    0.00    0.25    0.00    0.00    0.00   97.23
00:51:11     all    2.51    0.00    0.25    0.00    0.00    0.50    0.00    0.00    0.00   96.73
00:51:12     all    2.28    0.00    0.51    0.00    0.00    0.00    0.00    0.00    0.00   97.22
00:51:13     all    2.50    0.00    0.25    0.00    0.00    0.50    0.00    0.00    0.00   96.75
00:51:14     all    1.76    0.00    0.76    0.00    0.00    0.00    0.00    0.00    0.00   97.48
00:51:15     all    2.51    0.00    0.00    0.00    0.00    0.75    0.00    0.00    0.00   96.74
00:51:16     all    2.27    0.00    0.25    0.00    0.00    0.25    0.00    0.00    0.00   97.23
00:51:17     all    2.26    0.00    0.50    0.00    0.00    0.50    0.00    0.00    0.00   96.74
00:51:18     all    2.01    0.00    0.50    0.00    0.00    0.50    0.00    0.00    0.00   96.98
00:51:19     all    2.26    0.00    0.50    0.00    0.00    0.25    0.00    0.00    0.00   96.98
00:51:20     all    2.01    0.00    0.50    0.00    0.00    0.25    0.00    0.00    0.00   97.24
00:51:21     all    2.27    0.00    0.25    0.00    0.00    0.51    0.00    0.00    0.00   96.97
00:51:22     all    2.49    0.00    0.75    0.00    0.00    0.50    0.00    0.00    0.00   96.27
00:51:23     all    2.03    0.00    0.25    0.00    0.00    0.25    0.00    0.00    0.00   97.46
00:51:24     all    2.27    0.00    0.25    0.00    0.00    0.50    0.00    0.00    0.00   96.98
00:51:25     all    2.76    0.00    0.50    0.00    0.00    0.25    0.00    0.00    0.00   96.48
00:51:26     all    2.26    0.00    0.25    0.00    0.00    0.25    0.25    0.00    0.00   96.98
00:51:27     all    2.25    0.00    0.75    0.00    0.00    0.25    0.00    0.00    0.00   96.75
00:51:28     all    2.27    0.00    0.00    0.00    0.00    0.50    0.00    0.00    0.00   97.23
00:51:29     all    2.27    0.00    0.50    0.00    0.00    0.50    0.00    0.00    0.00   96.73
00:51:30     all    2.27    0.00    0.50    0.00    0.00    0.00    0.00    0.00    0.00   97.23
00:51:31     all    2.27    0.00    0.50    0.00    0.00    0.76    0.00    0.00    0.00   96.47
00:51:32     all    2.51    0.00    0.00    0.00    0.00    0.25    0.00    0.00    0.00   97.24
00:51:33     all    2.26    0.00    0.75    0.00    0.00    0.25    0.00    0.00    0.00   96.74
00:51:34     all    2.28    0.00    0.25    0.00    0.00    0.00    0.00    0.00    0.00   97.46
00:51:35     all    2.76    0.00    0.25    0.00    0.00    0.50    0.00    0.00    0.00   96.49
00:51:36     all    2.26    0.00    0.50    0.00    0.00    0.00    0.50    0.00    0.00   96.74
00:51:37     all    2.27    0.00    0.51    0.00    0.00    0.51    0.00    0.00    0.00   96.72
00:51:38     all    2.51    0.00    0.25    0.00    0.00    0.25    0.00    0.00    0.00   96.98
00:51:39     all    2.27    0.00    0.25    0.00    0.00    0.00    0.00    0.00    0.00   97.47
00:51:40     all    2.52    0.00    0.50    0.25    0.00    0.00    0.00    0.00    0.00   96.73
00:51:41     all    2.49    0.00    0.25    0.00    0.00    1.00    0.00    0.00    0.00   96.26
00:51:42     all    1.76    0.00    1.01    0.00    0.00    0.25    0.00    0.00    0.00   96.98
00:51:43     all    2.27    0.00    0.25    0.00    0.00    0.50    0.00    0.00    0.00   96.98
00:51:44     all    2.51    0.00    0.50    0.00    0.00    0.25    0.00    0.00    0.00   96.73
00:51:45     all    2.27    0.00    0.25    0.00    0.00    0.25    0.00    0.00    0.00   97.22
00:51:46     all    2.26    0.00    0.50    0.00    0.00    0.50    0.00    0.00    0.00   96.74
00:51:47     all    2.51    0.00    0.50    0.00    0.00    0.50    0.00    0.00    0.00   96.48
00:51:48     all    2.27    0.00    0.25    0.00    0.00    0.25    0.00    0.00    0.00   97.23
00:51:49     all    2.51    0.00    0.75    0.00    0.00    0.50    0.00    0.00    0.00   96.23
00:51:50     all    2.27    0.00    0.25    0.00    0.00    0.00    0.00    0.00    0.00   97.47
00:51:51     all    2.51    0.00    0.25    0.00    0.00    0.50    0.00    0.00    0.00   96.73
00:51:52     all    2.27    0.00    0.50    0.00    0.00    0.00    0.00    0.00    0.00   97.23
00:51:53     all    2.51    0.00    0.50    0.00    0.00    0.50    0.00    0.00    0.00   96.48
00:51:54     all    2.01    0.00    0.75    0.00    0.00    0.50    0.00    0.00    0.00   96.73
00:51:55     all    2.26    0.00    0.50    0.00    0.00    0.50    0.00    0.00    0.00   96.73
00:51:56     all    2.50    0.00    0.25    0.25    0.00    0.50    0.25    0.00    0.00   96.25
00:51:57     all    2.28    0.00    0.76    0.00    0.00    0.00    0.00    0.00    0.00   96.95
00:51:58     all    2.26    0.00    0.00    0.00    0.00    0.50    0.00    0.00    0.00   97.24
00:51:59     all    2.25    0.00    0.75    0.00    0.00    0.50    0.00    0.00    0.00   96.50
00:52:00     all    2.26    0.00    0.50    0.00    0.00    0.25    0.00    0.00    0.00   96.98
00:52:01     all    2.27    0.00    0.25    0.00    0.00    0.25    0.00    0.00    0.00   97.23
00:52:02     all    2.26    0.00    0.25    0.00    0.00    0.50    0.25    0.00    0.00   96.74
00:52:03     all    2.25    0.00    0.50    0.00    0.00    0.50    0.25    0.00    0.00   96.50
00:52:04     all    2.26    0.00    0.00    0.00    0.00    0.75    0.00    0.00    0.00   96.99
00:52:05     all    2.25    0.00    0.75    0.00    0.00    0.50    0.00    0.00    0.00   96.50
00:52:06     all    2.27    0.00    0.25    0.00    0.00    0.25    0.00    0.00    0.00   97.22
00:52:07     all    1.76    0.00    0.50    0.00    0.00    0.25    0.00    0.00    0.00   97.49
00:52:08     all    2.02    0.00    0.25    0.00    0.00    0.25    0.00    0.00    0.00   97.48
00:52:09     all    2.51    0.00    0.50    0.00    0.00    0.50    0.00    0.00    0.00   96.48
00:52:10     all    2.01    0.00    0.25    0.00    0.00    0.75    0.00    0.00    0.00   96.99
00:52:11     all    2.28    0.00    0.25    0.00    0.00    0.00    0.00    0.00    0.00   97.46
00:52:12     all    2.52    0.00    0.25    0.76    0.00    0.25    0.00    0.00    0.00   96.22
00:52:13     all    2.25    0.00    0.00    0.50    0.00    0.75    0.00    0.00    0.00   96.50
00:52:14     all    2.51    0.00    0.50    0.00    0.00    0.00    0.00    0.00    0.00   96.98
00:52:15     all    2.02    0.00    0.50    0.00    0.00    0.50    0.00    0.00    0.00   96.98
00:52:16     all    2.51    0.00    0.25    0.00    0.00    0.50    0.00    0.00    0.00   96.74
00:52:17     all    2.26    0.00    0.50    0.00    0.00    0.25    0.25    0.00    0.00   96.74
00:52:18     all    2.26    0.00    0.50    0.00    0.00    0.50    0.00    0.00    0.00   96.74
00:52:19     all    2.27    0.00    0.25    0.00    0.00    0.50    0.00    0.00    0.00   96.98
00:52:20     all    2.02    0.00    0.25    0.00    0.00    0.51    0.00    0.00    0.00   97.22
00:52:21     all    2.02    0.00    0.25    0.00    0.00    0.00    0.00    0.00    0.00   97.73
00:52:22     all    2.51    0.00    0.50    0.00    0.00    0.50    0.00    0.00    0.00   96.49
00:52:23     all    2.28    0.00    0.25    0.00    0.00    0.00    0.00    0.00    0.00   97.47
00:52:24     all    2.50    0.00    0.25    0.00    0.00    0.75    0.00    0.00    0.00   96.50
00:52:25     all    2.01    0.00    0.50    0.00    0.00    0.50    0.00    0.00    0.00   96.98
00:52:26     all    2.01    0.00    0.25    0.00    0.00    0.50    0.00    0.00    0.00   97.24
00:52:27     all    2.51    0.00    0.50    0.00    0.00    0.25    0.00    0.00    0.00   96.73
00:52:28     all    2.01    0.00    0.50    0.00    0.00    0.50    0.00    0.00    0.00   96.98
00:52:29     all    2.51    0.00    0.50    0.00    0.00    0.25    0.00    0.00    0.00   96.74
00:52:30     all    1.77    0.00    0.00    0.00    0.00    0.76    0.00    0.00    0.00   97.47
00:52:31     all    2.26    0.00    0.50    0.00    0.00    0.25    0.00    0.00    0.00   96.98
00:52:32     all    2.52    0.00    0.00    0.00    0.00    0.25    0.00    0.00    0.00   97.23
00:52:33     all    2.26    0.00    0.50    0.00    0.00    0.25    0.00    0.00    0.00   96.99
00:52:34     all    2.49    0.00    0.50    0.00    0.00    0.50    0.00    0.00    0.00   96.51
00:52:35     all    2.02    0.00    0.00    0.00    0.00    0.50    0.00    0.00    0.00   97.48
00:52:36     all    2.27    0.00    0.50    0.00    0.00    0.00    0.00    0.00    0.00   97.23
00:52:37     all    2.01    0.00    0.25    0.00    0.00    0.50    0.00    0.00    0.00   97.24
00:52:38     all    2.27    0.00    0.00    0.00    0.00    0.25    0.00    0.00    0.00   97.48
00:52:39     all    2.25    0.00    0.75    0.00    0.00    0.25    0.25    0.00    0.00   96.50
00:52:40     all    2.27    0.00    0.51    0.00    0.00    0.00    0.00    0.00    0.00   97.22
00:52:41     all    2.49    0.00    0.25    0.00    0.00    0.75    0.25    0.00    0.00   96.26
00:52:42     all    2.02    0.00    0.25    0.00    0.00    0.25    0.00    0.00    0.00   97.47
00:52:43     all    2.51    0.00    0.25    0.00    0.00    0.00    0.00    0.00    0.00   97.24
00:52:44     all    2.25    0.00    0.75    0.00    0.00    0.25    0.00    0.00    0.00   96.75
00:52:45     all    2.03    0.00    0.00    0.25    0.00    0.25    0.00    0.00    0.00   97.47
00:52:46     all    2.00    0.00    0.75    0.00    0.00    0.50    0.00    0.00    0.00   96.75
00:52:47     all    2.02    0.00    0.25    0.00    0.00    0.25    0.00    0.00    0.00   97.47
00:52:48     all    2.76    0.00    0.25    0.00    0.00    0.00    0.00    0.00    0.00   96.99
00:52:49     all    2.25    0.00    0.50    0.00    0.00    0.75    0.00    0.00    0.00   96.50
00:52:50     all    2.03    0.00    0.25    0.00    0.00    0.00    0.00    0.00    0.00   97.72
00:52:51     all    2.74    0.00    0.50    0.00    0.00    0.50    0.00    0.00    0.00   96.27
00:52:52     all    2.02    0.00    0.25    0.00    0.00    0.00    0.00    0.00    0.00   97.73
00:52:53     all    2.26    0.00    0.50    0.00    0.00    0.50    0.00    0.00    0.00   96.74
00:52:54     all    2.03    0.00    0.51    0.00    0.00    0.25    0.00    0.00    0.00   97.22
00:52:55     all    2.76    0.00    0.00    0.00    0.00    0.50    0.00    0.00    0.00   96.74
00:52:56     all    2.25    0.00    1.00    0.00    0.00    0.25    0.00    0.00    0.00   96.50
00:52:57     all    2.03    0.00    0.00    0.00    0.00    0.25    0.00    0.00    0.00   97.72
00:52:58     all    2.50    0.00    0.25    0.00    0.00    0.50    0.00    0.00    0.00   96.75
00:52:59     all    2.26    0.00    0.50    0.00    0.00    0.25    0.00    0.00    0.00   96.98
00:53:00     all    2.50    0.00    0.25    0.25    0.00    0.50    0.00    0.00    0.00   96.50
00:53:01     all    2.03    0.00    0.76    0.00    0.00    0.00    0.00    0.00    0.00   97.22
00:53:02     all    2.01    0.00    0.50    0.00    0.00    0.25    0.00    0.00    0.00   97.24
00:53:03     all    2.50    0.00    0.00    0.00    0.00    0.75    0.00    0.00    0.00   96.75
00:53:04     all    2.02    0.00    0.50    0.00    0.00    0.25    0.00    0.00    0.00   97.23
00:53:05     all    2.26    0.00    0.50    0.00    0.00    0.25    0.00    0.00    0.00   96.99
00:53:06     all    2.02    0.00    0.25    0.00    0.00    0.50    0.00    0.00    0.00   97.23
00:53:07     all    2.26    0.00    0.50    0.00    0.00    0.00    0.00    0.00    0.00   97.24
00:53:08     all    2.01    0.00    0.50    0.00    0.00    0.25    0.00    0.00    0.00   97.24
00:53:09     all    2.01    0.00    0.25    0.00    0.00    0.50    0.00    0.00    0.00   97.24
00:53:10     all    0.75    0.00    0.25    0.00    0.00    0.25    0.00    0.00    0.00   98.75
00:53:11     all    1.26    0.00    0.00    0.00    0.00    0.00    0.00    0.00    0.00   98.74
00:53:12     all    1.51    0.00    0.50    0.25    0.00    0.25    0.00    0.00    0.00   97.49
00:53:13     all    1.26    0.00    0.00    0.00    0.00    0.25    0.00    0.00    0.00   98.49
00:53:14     all    1.75    0.00    0.25    0.00    0.00    0.25    0.00    0.00    0.00   97.74
00:53:15     all    2.51    0.00    0.25    0.00    0.00    0.25    0.00    0.00    0.00   96.99
00:53:16     all    1.76    0.00    0.50    0.00    0.00    0.50    0.00    0.00    0.00   97.24
00:53:17     all    2.26    0.00    0.25    0.00    0.00    0.25    0.00    0.00    0.00   97.24
00:53:18     all    2.27    0.00    0.25    0.00    0.00    0.25    0.00    0.00    0.00   97.22
00:53:19     all    2.01    0.00    0.25    0.00    0.00    0.50    0.00    0.00    0.00   97.24
00:53:20     all    2.26    0.00    0.50    0.00    0.00    0.25    0.00    0.00    0.00   96.98
00:53:21     all    2.01    0.00    0.50    0.00    0.00    0.25    0.00    0.00    0.00   97.24
00:53:22     all    1.76    0.00    0.25    0.00    0.00    0.50    0.00    0.00    0.00   97.48
00:53:23     all    2.76    0.00    0.25    0.00    0.00    0.25    0.00    0.00    0.00   96.74
00:53:24     all    1.75    0.00    0.75    0.00    0.00    0.75    0.25    0.00    0.00   96.51
00:53:25     all    2.03    0.00    0.00    0.00    0.00    0.00    0.00    0.00    0.00   97.97
00:53:26     all    2.02    0.00    0.25    0.00    0.00    0.50    0.00    0.00    0.00   97.23
00:53:27     all    2.51    0.00    0.50    0.00    0.00    0.00    0.00    0.00    0.00   96.99
00:53:28     all    2.02    0.00    0.25    0.00    0.00    0.50    0.00    0.00    0.00   97.23
00:53:29     all    1.76    0.00    0.25    0.00    0.00    0.25    0.25    0.00    0.00   97.48
00:53:30     all    2.50    0.00    0.25    0.00    0.00    0.50    0.00    0.00    0.00   96.75
00:53:31     all    2.02    0.00    1.01    0.00    0.00    0.25    0.00    0.00    0.00   96.73
00:53:32     all    2.51    0.00    0.00    0.00    0.00    0.75    0.00    0.00    0.00   96.73
00:53:33     all    2.27    0.00    0.25    0.00    0.00    0.00    0.00    0.00    0.00   97.48
00:53:34     all    2.02    0.00    0.25    0.00    0.00    0.25    0.25    0.00    0.00   97.22
00:53:35     all    2.26    0.00    0.25    0.00    0.00    0.50    0.00    0.00    0.00   96.99
00:53:36     all    2.01    0.00    0.25    0.00    0.00    0.25    0.00    0.00    0.00   97.49
00:53:37     all    2.26    0.00    0.50    0.00    0.00    0.00    0.00    0.00    0.00   97.24
00:53:38     all    2.26    0.00    0.50    0.00    0.00    0.75    0.00    0.00    0.00   96.49
00:53:39     all    2.03    0.00    0.00    0.00    0.00    0.00    0.00    0.00    0.00   97.97
00:53:40     all    2.02    0.00    0.76    0.00    0.00    0.25    0.00    0.00    0.00   96.97
00:53:41     all    2.74    0.00    0.25    0.00    0.00    0.50    0.25    0.00    0.00   96.26
00:53:42     all    2.26    0.00    0.50    0.00    0.00    0.50    0.00    0.00    0.00   96.74
00:53:43     all    1.77    0.00    0.00    0.00    0.00    0.25    0.00    0.00    0.00   97.98
00:53:44     all    2.02    0.00    0.51    0.00    0.00    0.25    0.00    0.00    0.00   97.22
00:53:45     all    2.49    0.00    0.75    0.00    0.00    0.25    0.00    0.00    0.00   96.52
00:53:46     all    2.27    0.00    0.00    0.00    0.00    0.50    0.00    0.00    0.00   97.23
00:53:47     all    2.03    0.00    0.00    0.00    0.00    0.00    0.00    0.00    0.00   97.97
00:53:48     all    2.26    0.00    0.75    0.00    0.00    0.25    0.00    0.00    0.00   96.74
00:53:49     all    2.51    0.00    0.25    0.00    0.00    0.25    0.00    0.00    0.00   96.98
00:53:50     all    2.02    0.00    0.50    0.00    0.00    0.25    0.00    0.00    0.00   97.23
00:53:51     all    2.26    0.00    0.50    0.25    0.00    0.50    0.00    0.00    0.00   96.49
00:53:52     all    2.51    0.00    0.00    0.00    0.00    0.50    0.00    0.00    0.00   96.98
00:53:53     all    2.02    0.00    0.50    0.00    0.00    0.25    0.00    0.00    0.00   97.23
00:53:54     all    2.27    0.00    0.25    0.00    0.00    0.25    0.00    0.00    0.00   97.23
00:53:55     all    2.03    0.00    0.00    0.00    0.00    0.25    0.00    0.00    0.00   97.72
00:53:56     all    2.25    0.00    0.75    0.00    0.00    0.25    0.00    0.00    0.00   96.75
00:53:57     all    1.75    0.00    0.50    0.00    0.00    0.50    0.00    0.00    0.00   97.24
00:53:58     all    2.27    0.00    0.00    0.00    0.00    0.25    0.00    0.00    0.00   97.47
00:53:59     all    2.51    0.00    0.50    0.00    0.00    0.25    0.00    0.00    0.00   96.74
00:54:00     all    2.26    0.00    0.00    0.00    0.00    0.50    0.00    0.00    0.00   97.24
00:54:01     all    2.50    0.00    0.75    0.25    0.00    0.25    0.00    0.00    0.00   96.25
00:54:02     all    2.02    0.00    0.50    0.00    0.00    0.50    0.00    0.00    0.00   96.98
00:54:03     all    2.51    0.00    0.75    0.00    0.00    0.25    0.00    0.00    0.00   96.48
00:54:04     all    3.02    0.00    0.00    0.00    0.00    0.25    0.00    0.00    0.00   96.73
00:54:05     all    2.25    0.00    0.50    0.00    0.00    0.75    0.00    0.00    0.00   96.50
00:54:06     all    2.03    0.00    0.51    0.00    0.00    0.25    0.00    0.00    0.00   97.22
00:54:07     all    2.27    0.00    0.25    0.00    0.00    0.25    0.00    0.00    0.00   97.23
00:54:08     all    2.50    0.00    0.75    0.00    0.00    0.50    0.00    0.00    0.00   96.25
00:54:09     all    2.25    0.00    0.50    0.00    0.00    0.25    0.25    0.00    0.00   96.75
00:54:10     all    2.28    0.00    0.25    0.00    0.00    0.25    0.00    0.00    0.00   97.22
00:54:11     all    2.27    0.00    0.50    0.00    0.00    0.25    0.00    0.00    0.00   96.98
00:54:12     all    2.26    0.00    0.25    0.00    0.00    0.50    0.00    0.00    0.00   96.99
00:54:13     all    2.03    0.00    0.51    0.00    0.00    0.25    0.00    0.00    0.00   97.22
00:54:14     all    2.74    0.00    0.25    0.00    0.00    0.75    0.00    0.00    0.00   96.27
00:54:15     all    2.27    0.00    0.50    0.00    0.00    0.25    0.00    0.00    0.00   96.98
00:54:16     all    2.27    0.00    0.51    0.00    0.00    0.51    0.00    0.00    0.00   96.72
00:54:17     all    2.26    0.00    0.50    0.00    0.00    0.25    0.00    0.00    0.00   96.99
00:54:18     all    2.27    0.00    0.50    0.00    0.00    0.00    0.00    0.00    0.00   97.23
00:54:19     all    2.02    0.00    0.51    0.00    0.00    0.25    0.00    0.00    0.00   97.22
00:54:20     all    2.26    0.00    0.25    0.00    0.00    0.50    0.00    0.00    0.00   96.99
00:54:21     all    2.51    0.00    0.25    0.00    0.00    0.50    0.00    0.00    0.00   96.73
00:54:22     all    1.77    0.00    0.25    0.00    0.00    0.25    0.25    0.00    0.00   97.47
00:54:23     all    2.49    0.00    0.50    0.00    0.00    0.50    0.00    0.00    0.00   96.51
00:54:24     all    2.02    0.00    0.00    0.00    0.00    0.25    0.00    0.00    0.00   97.73
00:54:25     all    2.50    0.00    0.50    0.00    0.00    0.50    0.00    0.00    0.00   96.50
00:54:26     all    2.26    0.00    0.75    0.00    0.00    0.25    0.00    0.00    0.00   96.74
00:54:27     all    1.78    0.00    0.00    0.00    0.00    0.25    0.00    0.00    0.00   97.97
00:54:28     all    2.50    0.00    0.50    0.00    0.00    0.50    0.00    0.00    0.00   96.50
00:54:29     all    2.27    0.00    0.00    0.00    0.00    0.50    0.00    0.00    0.00   97.23
00:54:30     all    2.26    0.00    0.75    0.00    0.00    0.00    0.00    0.00    0.00   96.98
00:54:31     all    2.02    0.00    0.51    0.00    0.00    0.51    0.00    0.00    0.00   96.97
00:54:32     all    2.51    0.00    0.25    0.00    0.00    0.25    0.00    0.00    0.00   96.99
00:54:33     all    2.26    0.00    0.25    0.00    0.00    0.75    0.00    0.00    0.00   96.74
00:54:34     all    2.02    0.00    0.50    0.00    0.00    0.25    0.00    0.00    0.00   97.23
00:54:35     all    2.27    0.00    0.50    0.00    0.00    0.25    0.00    0.00    0.00   96.98
00:54:36     all    2.03    0.00    0.76    0.00    0.00    0.25    0.00    0.00    0.00   96.96
00:54:37     all    2.02    0.00    0.25    0.00    0.00    0.50    0.00    0.00    0.00   97.23
00:54:38     all    2.50    0.00    0.50    0.25    0.00    0.25    0.00    0.00    0.00   96.50
00:54:39     all    2.01    0.00    0.75    0.00    0.00    0.50    0.00    0.00    0.00   96.73
00:54:40     all    2.51    0.00    0.00    0.00    0.00    0.50    0.00    0.00    0.00   96.98
00:54:41     all    2.26    0.00    0.75    0.00    0.00    0.00    0.00    0.00    0.00   96.98
00:54:42     all    2.27    0.00    0.25    0.00    0.00    0.51    0.00    0.00    0.00   96.97
00:54:43     all    2.26    0.00    0.25    0.00    0.00    0.25    0.00    0.00    0.00   97.24
00:54:44     all    2.01    0.00    0.50    0.00    0.00    0.50    0.00    0.00    0.00   96.98
00:54:45     all    2.26    0.00    0.25    0.00    0.00    0.50    0.00    0.00    0.00   96.99
00:54:46     all    2.26    0.00    0.50    0.00    0.00    0.00    0.25    0.00    0.00   96.98
00:54:47     all    2.02    0.00    0.25    0.00    0.00    0.51    0.00    0.00    0.00   97.22
00:54:48     all    2.51    0.00    0.50    0.00    0.00    0.00    0.00    0.00    0.00   96.99
00:54:49     all    2.26    0.00    0.50    0.00    0.00    0.25    0.25    0.00    0.00   96.74
00:54:50     all    2.03    0.00    0.51    0.00    0.00    0.25    0.00    0.00    0.00   97.22
00:54:51     all    2.50    0.00    0.50    0.00    0.00    0.50    0.00    0.00    0.00   96.50
00:54:52     all    2.26    0.00    0.50    0.00    0.00    0.25    0.00    0.00    0.00   96.98
00:54:53     all    2.01    0.00    0.50    0.00    0.00    0.50    0.00    0.00    0.00   96.99
00:54:54     all    2.27    0.00    0.25    0.00    0.00    0.25    0.00    0.00    0.00   97.23
00:54:55     all    2.02    0.00    0.25    0.00    0.00    0.25    0.00    0.00    0.00   97.48
00:54:56     all    2.01    0.00    0.50    0.00    0.00    0.25    0.00    0.00    0.00   97.24
00:54:57     all    2.01    0.00    0.50    0.00    0.00    0.25    0.00    0.00    0.00   97.24
00:54:58     all    2.02    0.00    0.25    0.00    0.00    0.25    0.00    0.00    0.00   97.47
00:54:59     all    2.27    0.00    0.00    0.00    0.00    0.00    0.00    0.00    0.00   97.73
00:55:00     all    1.75    0.00    1.00    0.00    0.00    0.50    0.00    0.00    0.00   96.74
00:55:01     all    2.27    0.00    0.00    0.00    0.00    0.25    0.00    0.00    0.00   97.48
00:55:02     all    2.26    0.00    0.50    0.00    0.00    0.50    0.00    0.00    0.00   96.73
00:55:03     all    2.02    0.00    0.76    0.00    0.00    0.00    0.00    0.00    0.00   97.23
00:55:04     all    2.02    0.00    0.25    0.25    0.00    0.25    0.00    0.00    0.00   97.23
00:55:05     all    2.26    0.00    0.50    0.00    0.00    0.00    0.00    0.00    0.00   97.24
00:55:06     all    2.01    0.00    0.25    0.00    0.00    0.50    0.00    0.00    0.00   97.24
00:55:07     all    2.50    0.00    1.00    0.00    0.00    0.25    0.00    0.00    0.00   96.25
00:55:08     all    2.02    0.00    0.25    0.25    0.00    0.25    0.00    0.00    0.00   97.23
00:55:09     all    2.26    0.00    0.50    0.00    0.00    0.25    0.00    0.00    0.00   96.99
00:55:10     all    2.03    0.00    0.00    0.00    0.00    0.51    0.00    0.00    0.00   97.47
00:55:11     all    2.26    0.00    0.50    0.00    0.00    0.50    0.00    0.00    0.00   96.74
00:55:12     all    2.51    0.00    0.00    0.00    0.00    0.50    0.00    0.00    0.00   96.99
00:55:13     all    2.01    0.00    0.75    0.00    0.00    0.25    0.25    0.00    0.00   96.74
00:55:14     all    2.02    0.00    0.25    0.00    0.00    0.25    0.00    0.00    0.00   97.48
00:55:15     all    2.51    0.00    0.00    0.00    0.00    0.75    0.00    0.00    0.00   96.74
00:55:16     all    1.52    0.00    0.51    0.00    0.00    0.25    0.00    0.00    0.00   97.72
00:55:17     all    2.74    0.00    0.50    0.00    0.00    0.50    0.00    0.00    0.00   96.26
00:55:18     all    2.27    0.00    0.25    0.00    0.00    0.25    0.00    0.00    0.00   97.23
00:55:19     all    2.01    0.00    0.75    0.00    0.00    0.00    0.00    0.00    0.00   97.24
00:55:20     all    2.26    0.00    0.25    0.00    0.00    0.50    0.00    0.00    0.00   96.99
00:55:21     all    2.28    0.00    0.25    0.00    0.00    0.00    0.00    0.00    0.00   97.47
00:55:22     all    2.27    0.00    0.00    0.00    0.00    0.25    0.00    0.00    0.00   97.48
00:55:23     all    2.50    0.00    0.25    0.00    0.00    0.50    0.00    0.00    0.00   96.75
00:55:24     all    2.01    0.00    0.75    0.00    0.00    0.25    0.00    0.00    0.00   96.99
00:55:25     all    2.02    0.00    0.00    0.00    0.00    0.25    0.00    0.00    0.00   97.73
00:55:26     all    2.27    0.00    0.25    0.00    0.00    0.25    0.00    0.00    0.00   97.23
00:55:27     all    2.00    0.00    0.25    0.00    0.00    0.75    0.00    0.00    0.00   97.00
00:55:28     all    2.27    0.00    0.25    0.00    0.00    0.00    0.00    0.00    0.00   97.47
00:55:29     all    1.75    0.00    0.75    0.00    0.00    0.50    0.00    0.00    0.00   96.99
00:55:30     all    2.52    0.00    0.25    0.00    0.00    0.00    0.00    0.00    0.00   97.23
00:55:31     all    2.01    0.00    0.50    0.00    0.00    0.25    0.00    0.00    0.00   97.24
00:55:32     all    1.76    0.00    0.75    0.00    0.00    0.50    0.00    0.00    0.00   96.98
00:55:33     all    1.99    0.00    0.25    0.25    0.00    0.50    0.25    0.00    0.00   96.77
00:55:34     all    2.02    0.00    0.50    0.00    0.00    0.00    0.00    0.00    0.00   97.48
00:55:35     all    2.27    0.00    0.00    0.00    0.00    0.50    0.00    0.00    0.00   97.23
00:55:36     all    2.01    0.00    0.50    0.00    0.00    0.00    0.00    0.00    0.00   97.49
00:55:37     all    2.26    0.00    0.50    0.00    0.00    0.25    0.00    0.00    0.00   96.98
00:55:38     all    2.24    0.00    0.25    0.00    0.00    0.75    0.00    0.00    0.00   96.76
00:55:39     all    2.02    0.00    0.76    0.00    0.00    0.25    0.00    0.00    0.00   96.98
00:55:40     all    2.28    0.00    0.25    0.00    0.00    0.25    0.00    0.00    0.00   97.22
00:55:41     all    2.01    0.00    0.50    0.00    0.00    0.25    0.00    0.00    0.00   97.24
00:55:42     all    2.53    0.00    0.00    0.00    0.00    0.00    0.00    0.00    0.00   97.47
00:55:43     all    2.51    0.00    0.50    0.00    0.00    0.50    0.00    0.00    0.00   96.49
00:55:44     all    2.01    0.00    0.50    0.00    0.00    0.50    0.00    0.00    0.00   96.99
00:55:45     all    2.77    0.00    0.00    0.00    0.00    0.00    0.00    0.00    0.00   97.23
00:55:46     all    2.01    0.00    1.00    0.00    0.00    0.50    0.00    0.00    0.00   96.49
00:55:47     all    2.02    0.00    0.25    0.00    0.00    0.25    0.00    0.00    0.00   97.48
00:55:48     all    2.51    0.00    0.25    0.00    0.00    0.25    0.00    0.00    0.00   96.98
00:55:49     all    2.02    0.00    0.76    0.00    0.00    0.25    0.00    0.00    0.00   96.98
00:55:50     all    2.76    0.00    0.50    0.00    0.00    0.00    0.00    0.00    0.00   96.74
00:55:51     all    2.25    0.00    0.50    0.00    0.00    0.50    0.25    0.00    0.00   96.50
00:55:52     all    2.01    0.00    0.75    0.00    0.00    0.50    0.00    0.00    0.00   96.73
00:55:53     all    2.51    0.00    0.25    0.00    0.00    0.25    0.00    0.00    0.00   96.99
00:55:54     all    2.03    0.00    0.00    0.00    0.00    0.00    0.00    0.00    0.00   97.97
00:55:55     all    2.00    0.00    0.75    0.00    0.00    0.75    0.00    0.00    0.00   96.50
00:55:56     all    2.52    0.00    0.25    0.00    0.00    0.25    0.00    0.00    0.00   96.98
00:55:57     all    2.28    0.00    0.00    0.00    0.00    0.00    0.00    0.00    0.00   97.72
00:55:58     all    2.00    0.00    1.00    0.00    0.00    0.50    0.00    0.00    0.00   96.50
00:55:59     all    2.28    0.00    0.00    0.00    0.00    0.00    0.00    0.00    0.00   97.72
00:56:00     all    2.00    0.00    0.75    0.00    0.00    1.00    0.00    0.00    0.00   96.25
00:56:01     all    2.26    0.00    0.50    0.00    0.00    0.25    0.00    0.00    0.00   96.98
00:56:02     all    2.51    0.00    0.25    0.00    0.00    0.25    0.00    0.00    0.00   96.98
00:56:03     all    1.77    0.00    0.51    0.00    0.00    0.25    0.00    0.00    0.00   97.47
00:56:04     all    2.51    0.00    0.50    0.00    0.00    0.00    0.00    0.00    0.00   96.98
00:56:05     all    2.02    0.00    0.25    0.00    0.00    0.25    0.00    0.00    0.00   97.47
00:56:06     all    2.02    0.00    0.25    0.00    0.00    0.25    0.00    0.00    0.00   97.48
00:56:07     all    2.00    0.00    0.75    0.00    0.00    0.50    0.00    0.00    0.00   96.75
00:56:08     all    2.03    0.00    0.25    0.00    0.00    0.25    0.00    0.00    0.00   97.47
00:56:09     all    2.27    0.00    0.50    0.00    0.00    0.00    0.00    0.00    0.00   97.23
00:56:10     all    1.50    0.00    0.50    0.00    0.00    0.25    0.00    0.00    0.00   97.74
00:56:11     all    1.51    0.00    0.00    0.00    0.00    0.00    0.00    0.00    0.00   98.49
00:56:12     all    2.01    0.00    0.75    0.00    0.00    0.25    0.00    0.00    0.00   96.99
00:56:13     all    2.76    0.00    0.25    0.00    0.00    0.25    0.25    0.00    0.00   96.49
00:56:14     all    1.25    0.00    0.50    0.00    0.00    0.25    0.00    0.00    0.00   97.99
00:56:15     all    1.51    0.00    0.25    0.00    0.00    0.00    0.00    0.00    0.00   98.24
00:56:16     all    2.51    0.00    0.25    0.00    0.00    0.50    0.00    0.00    0.00   96.74
00:56:17     all    1.75    0.00    0.25    0.00    0.00    0.50    0.25    0.00    0.00   97.25
00:56:18     all    2.27    0.00    0.25    0.00    0.00    0.00    0.25    0.00    0.00   97.23
00:56:19     all    2.02    0.00    0.50    0.00    0.00    0.25    0.00    0.00    0.00   97.23
00:56:20     all    2.26    0.00    0.50    0.00    0.00    0.50    0.00    0.00    0.00   96.73
00:56:21     all    2.27    0.00    0.25    0.00    0.00    0.00    0.00    0.00    0.00   97.47
00:56:22     all    2.76    0.00    0.50    0.00    0.00    0.25    0.00    0.00    0.00   96.49
00:56:23     all    2.01    0.00    0.25    0.25    0.00    0.50    0.00    0.00    0.00   96.98
00:56:24     all    2.02    0.00    0.25    0.00    0.00    0.00    0.00    0.00    0.00   97.73
00:56:25     all    2.76    0.00    0.50    0.00    0.00    0.00    0.00    0.00    0.00   96.73
00:56:26     all    2.28    0.00    0.00    0.00    0.00    0.00    0.00    0.00    0.00   97.72
00:56:27     all    2.00    0.00    0.75    0.00    0.00    0.75    0.00    0.00    0.00   96.50
00:56:28     all    1.78    0.00    0.25    0.00    0.00    0.25    0.00    0.00    0.00   97.72
00:56:29     all    2.27    0.00    0.50    0.00    0.00    0.00    0.00    0.00    0.00   97.23
00:56:30     all    2.51    0.00    0.25    0.00    0.00    0.25    0.00    0.00    0.00   96.99
00:56:31     all    2.01    0.00    0.50    0.00    0.00    0.75    0.00    0.00    0.00   96.73
00:56:32     all    2.77    0.00    0.50    0.00    0.00    0.00    0.00    0.00    0.00   96.73
00:56:33     all    2.27    0.00    0.50    0.00    0.00    0.25    0.00    0.00    0.00   96.98
00:56:34     all    2.27    0.00    0.50    0.00    0.00    0.00    0.00    0.00    0.00   97.23
00:56:35     all    2.52    0.00    0.00    0.00    0.00    0.50    0.00    0.00    0.00   96.98
00:56:36     all    1.77    0.00    0.76    0.00    0.00    0.00    0.00    0.00    0.00   97.47
00:56:37     all    2.52    0.00    0.00    0.00    0.00    0.25    0.00    0.00    0.00   97.23
00:56:38     all    2.27    0.00    0.50    0.00    0.00    0.25    0.00    0.00    0.00   96.98
00:56:39     all    2.52    0.00    0.25    0.00    0.00    0.50    0.00    0.00    0.00   96.73
00:56:40     all    2.02    0.00    0.25    0.00    0.00    0.00    0.00    0.00    0.00   97.73
00:56:41     all    2.52    0.00    0.25    0.00    0.00    0.25    0.00    0.00    0.00   96.98
00:56:42     all    2.74    0.00    0.75    0.00    0.00    0.75    0.00    0.00    0.00   95.76
00:56:43     all    2.53    0.00    0.00    0.00    0.00    0.25    0.00    0.00    0.00   97.22
00:56:44     all    2.01    0.00    0.75    0.00    0.00    0.50    0.00    0.00    0.00   96.74
00:56:45     all    2.27    0.00    0.25    0.00    0.00    0.00    0.00    0.00    0.00   97.47
00:56:46     all    2.26    0.00    0.50    0.00    0.00    0.50    0.00    0.00    0.00   96.74
00:56:47     all    2.02    0.00    0.51    0.00    0.00    0.25    0.00    0.00    0.00   97.22
00:56:48     all    2.51    0.00    0.00    0.25    0.00    0.25    0.25    0.00    0.00   96.74
00:56:49     all    1.78    0.00    0.51    0.00    0.00    0.51    0.00    0.00    0.00   97.21
00:56:50     all    2.76    0.00    0.50    0.00    0.00    0.00    0.00    0.00    0.00   96.74
00:56:51     all    2.02    0.00    0.76    0.25    0.00    0.00    0.00    0.00    0.00   96.97
00:56:52     all    2.50    0.00    0.50    0.00    0.00    0.50    0.00    0.00    0.00   96.50
00:56:53     all    2.52    0.00    0.25    0.00    0.00    0.25    0.00    0.00    0.00   96.98
00:56:54     all    1.76    0.00    0.50    0.00    0.00    0.25    0.00    0.00    0.00   97.49
00:56:55     all    2.01    0.00    0.75    0.00    0.00    0.00    0.25    0.00    0.00   96.99
00:56:56     all    2.27    0.00    0.25    0.00    0.00    0.51    0.00    0.00    0.00   96.97
00:56:57     all    2.26    0.00    0.75    0.00    0.00    0.00    0.00    0.00    0.00   96.98
00:56:58     all    2.02    0.00    0.00    0.00    0.00    0.51    0.00    0.00    0.00   97.47
00:56:59     all    2.51    0.00    0.75    0.00    0.00    0.00    0.00    0.00    0.00   96.73
00:57:00     all    2.01    0.00    0.00    0.00    0.00    0.75    0.00    0.00    0.00   97.24
00:57:01     all    2.51    0.00    0.25    0.00    0.00    0.00    0.00    0.00    0.00   97.24
00:57:02     all    2.49    0.00    0.75    0.25    0.00    0.50    0.00    0.00    0.00   96.01
00:57:03     all    2.76    0.00    0.00    0.00    0.00    0.25    0.00    0.00    0.00   96.98
00:57:04     all    2.01    0.00    0.50    0.00    0.00    0.50    0.00    0.00    0.00   96.98
00:57:05     all    2.03    0.00    0.25    0.00    0.00    0.25    0.00    0.00    0.00   97.46
00:57:06     all    2.02    0.00    0.51    0.00    0.00    0.25    0.00    0.00    0.00   97.22
00:57:07     all    2.26    0.00    0.00    0.00    0.00    0.50    0.00    0.00    0.00   97.24
00:57:08     all    2.49    0.00    0.50    0.00    0.00    0.75    0.00    0.00    0.00   96.26
00:57:09     all    2.27    0.00    0.00    0.00    0.00    0.25    0.00    0.00    0.00   97.47
00:57:10     all    2.51    0.00    0.25    0.00    0.00    0.25    0.00    0.00    0.00   96.98
00:57:11     all    2.51    0.00    0.75    0.00    0.00    0.50    0.00    0.00    0.00   96.23
00:57:12     all    2.00    0.00    0.75    0.00    0.00    0.25    0.00    0.00    0.00   97.00
00:57:13     all    1.77    0.00    0.25    0.00    0.00    0.51    0.00    0.00    0.00   97.47
00:57:14     all    2.51    0.00    0.75    0.00    0.00    0.50    0.00    0.00    0.00   96.24
00:57:15     all    2.51    0.00    0.50    0.00    0.00    0.25    0.00    0.00    0.00   96.73
00:57:16     all    2.02    0.00    0.50    0.00    0.00    0.25    0.00    0.00    0.00   97.23
00:57:17     all    2.27    0.00    0.25    0.00    0.00    0.25    0.00    0.00    0.00   97.22
00:57:18     all    1.99    0.00    0.50    0.00    0.00    0.50    0.25    0.00    0.00   96.77
00:57:19     all    2.01    0.00    0.25    0.00    0.00    0.50    0.00    0.00    0.00   97.24
00:57:20     all    2.26    0.00    0.50    0.00    0.00    0.50    0.00    0.00    0.00   96.73
00:57:21     all    2.28    0.00    0.00    0.00    0.00    0.00    0.25    0.00    0.00   97.47
00:57:22     all    2.01    0.00    0.50    0.00    0.00    0.50    0.25    0.00    0.00   96.74
00:57:23     all    2.25    0.00    0.50    0.00    0.00    0.25    0.00    0.00    0.00   97.00
00:57:24     all    2.02    0.00    0.25    0.00    0.00    0.51    0.00    0.00    0.00   97.22
00:57:25     all    2.01    0.00    0.75    0.00    0.00    0.25    0.00    0.00    0.00   96.98
00:57:26     all    2.26    0.00    0.25    0.00    0.00    0.50    0.00    0.00    0.00   96.99
00:57:27     all    2.03    0.00    0.00    0.00    0.00    0.00    0.00    0.00    0.00   97.97
00:57:28     all    2.26    0.00    0.25    0.00    0.00    0.25    0.00    0.00    0.00   97.24
00:57:29     all    2.26    0.00    0.50    0.00    0.00    0.00    0.00    0.00    0.00   97.24
00:57:30     all    2.01    0.00    0.25    0.00    0.00    0.75    0.00    0.00    0.00   96.98
00:57:31     all    2.26    0.00    0.50    0.00    0.00    0.50    0.00    0.00    0.00   96.73
00:57:32     all    2.26    0.00    0.25    0.00    0.00    0.50    0.00    0.00    0.00   96.98
00:57:33     all    2.01    0.00    0.50    0.00    0.00    0.50    0.00    0.00    0.00   96.99
00:57:34     all    2.27    0.00    0.25    0.00    0.00    0.00    0.00    0.00    0.00   97.47
00:57:35     all    2.27    0.00    0.25    0.00    0.00    0.25    0.00    0.00    0.00   97.23
00:57:36     all    2.49    0.00    0.50    0.25    0.00    0.75    0.00    0.00    0.00   96.02
00:57:37     all    2.02    0.00    0.50    0.00    0.00    0.25    0.00    0.00    0.00   97.23
00:57:38     all    2.26    0.00    0.25    0.00    0.00    0.50    0.00    0.00    0.00   96.98
00:57:39     all    2.51    0.00    0.75    0.00    0.00    0.00    0.00    0.00    0.00   96.73
00:57:40     all    2.02    0.00    0.25    0.00    0.00    0.25    0.00    0.00    0.00   97.48
00:57:41     all    2.51    0.00    0.25    0.25    0.00    0.25    0.00    0.00    0.00   96.73
00:57:42     all    2.26    0.00    0.50    0.00    0.00    0.25    0.25    0.00    0.00   96.74
00:57:43     all    1.76    0.00    0.75    0.00    0.00    0.25    0.00    0.00    0.00   97.24
00:57:44     all    2.02    0.00    0.00    0.00    0.00    0.51    0.00    0.00    0.00   97.47
00:57:45     all    2.26    0.00    0.50    0.00    0.00    0.25    0.00    0.00    0.00   96.98
00:57:46     all    2.51    0.00    0.75    0.00    0.00    0.50    0.00    0.00    0.00   96.24
00:57:47     all    2.26    0.00    0.50    0.00    0.00    0.25    0.00    0.00    0.00   96.98
00:57:48     all    1.79    0.00    0.00    0.00    0.00    0.00    0.00    0.00    0.00   98.21
00:57:49     all    1.99    0.00    0.75    0.00    0.00    0.75    0.00    0.00    0.00   96.52
00:57:50     all    2.27    0.00    0.25    0.00    0.00    0.25    0.00    0.00    0.00   97.22
00:57:51     all    2.26    0.00    0.25    0.00    0.00    0.50    0.00    0.00    0.00   96.98
00:57:52     all    2.01    0.00    0.25    0.00    0.00    0.25    0.00    0.00    0.00   97.49
00:57:53     all    2.76    0.00    0.00    0.00    0.00    0.50    0.00    0.00    0.00   96.74
00:57:54     all    2.01    0.00    0.75    0.00    0.00    0.25    0.00    0.00    0.00   96.98
00:57:55     all    2.27    0.00    0.00    0.00    0.00    0.25    0.00    0.00    0.00   97.48
00:57:56     all    2.24    0.00    0.75    0.00    0.00    0.75    0.25    0.00    0.00   96.02
00:57:57     all    2.01    0.00    0.50    0.00    0.00    0.25    0.00    0.00    0.00   97.24
00:57:58     all    1.52    0.00    0.00    0.00    0.00    0.25    0.00    0.00    0.00   98.23
00:57:59     all    2.50    0.00    0.50    0.00    0.00    0.00    0.00    0.00    0.00   97.00
00:58:00     all    2.50    0.00    0.50    0.00    0.00    0.75    0.00    0.00    0.00   96.25
00:58:01     all    2.03    0.00    0.00    0.00    0.00    0.00    0.00    0.00    0.00   97.97
00:58:02     all    2.27    0.00    0.25    0.00    0.00    0.25    0.00    0.00    0.00   97.23
00:58:03     all    2.26    0.00    0.50    0.00    0.00    0.50    0.00    0.00    0.00   96.74
00:58:04     all    2.02    0.00    0.00    0.00    0.00    0.25    0.00    0.00    0.00   97.73
00:58:05     all    2.26    0.00    0.75    0.00    0.00    0.25    0.00    0.00    0.00   96.74
00:58:06     all    2.26    0.00    0.25    0.00    0.00    0.50    0.00    0.00    0.00   96.99
00:58:07     all    2.02    0.00    0.25    0.00    0.00    0.00    0.00    0.00    0.00   97.73
00:58:08     all    2.01    0.00    0.75    0.00    0.00    0.50    0.00    0.00    0.00   96.74
00:58:09     all    2.02    0.00    0.00    0.25    0.00    0.25    0.00    0.00    0.00   97.47
00:58:10     all    2.27    0.00    0.25    0.00    0.00    0.00    0.00    0.00    0.00   97.48
00:58:11     all    2.26    0.00    0.50    0.00    0.00    0.50    0.00    0.00    0.00   96.73
00:58:12     all    1.77    0.00    0.51    0.00    0.00    0.25    0.00    0.00    0.00   97.47
00:58:13     all    2.75    0.00    0.25    0.00    0.00    0.50    0.00    0.00    0.00   96.50
00:58:14     all    2.02    0.00    0.50    0.00    0.00    0.00    0.00    0.00    0.00   97.48
00:58:15     all    2.01    0.00    0.25    0.00    0.00    0.50    0.00    0.00    0.00   97.24
00:58:16     all    2.53    0.00    0.00    0.00    0.00    0.00    0.00    0.00    0.00   97.47
00:58:17     all    2.25    0.00    1.00    0.00    0.00    0.25    0.00    0.00    0.00   96.50
00:58:18     all    2.03    0.00    0.25    0.00    0.00    0.25    0.00    0.00    0.00   97.47
00:58:19     all    2.25    0.00    0.75    0.00    0.00    0.50    0.00    0.00    0.00   96.50
00:58:20     all    2.03    0.00    0.00    0.00    0.00    0.25    0.00    0.00    0.00   97.72
00:58:21     all    2.76    0.00    0.50    0.00    0.00    0.25    0.00    0.00    0.00   96.49
00:58:22     all    2.25    0.00    0.25    0.00    0.00    0.75    0.00    0.00    0.00   96.75
00:58:23     all    2.52    0.00    0.25    0.00    0.00    0.00    0.00    0.00    0.00   97.23
00:58:24     all    2.02    0.00    0.50    0.00    0.00    0.25    0.00    0.00    0.00   97.23
00:58:25     all    2.52    0.00    0.25    0.00    0.00    0.25    0.00    0.00    0.00   96.98
00:58:26     all    2.24    0.00    0.75    0.00    0.00    0.50    0.00    0.00    0.00   96.51
00:58:27     all    2.27    0.00    0.00    0.00    0.00    0.25    0.00    0.00    0.00   97.47
00:58:28     all    2.02    0.00    0.50    0.00    0.00    0.00    0.00    0.00    0.00   97.48
00:58:29     all    2.02    0.00    0.51    0.00    0.00    0.00    0.00    0.00    0.00   97.47
00:58:30     all    2.50    0.00    0.25    0.00    0.00    0.50    0.00    0.00    0.00   96.75
00:58:31     all    2.01    0.00    0.50    0.00    0.00    0.25    0.25    0.00    0.00   96.98
00:58:32     all    2.51    0.00    0.25    0.00    0.00    0.25    0.00    0.00    0.00   96.99
00:58:33     all    2.01    0.00    0.25    0.00    0.00    0.75    0.00    0.00    0.00   96.98
00:58:34     all    2.01    0.00    0.50    0.00    0.00    0.25    0.25    0.00    0.00   96.98
00:58:35     all    2.25    0.00    0.50    0.00    0.00    0.25    0.00    0.00    0.00   97.00
00:58:36     all    1.77    0.00    0.25    0.00    0.00    0.51    0.00    0.00    0.00   97.47
00:58:37     all    2.27    0.00    0.25    0.00    0.00    0.25    0.25    0.00    0.00   96.98
00:58:38     all    2.26    0.00    0.75    0.00    0.00    0.25    0.00    0.00    0.00   96.74
00:58:39     all    2.01    0.00    0.25    0.00    0.00    0.50    0.00    0.00    0.00   97.24
00:58:40     all    2.02    0.00    0.50    0.00    0.00    0.25    0.00    0.00    0.00   97.23
00:58:41     all    2.26    0.00    0.25    0.00    0.00    0.50    0.00    0.00    0.00   96.98
00:58:42     all    2.03    0.00    0.25    0.00    0.00    0.00    0.00    0.00    0.00   97.72
00:58:43     all    2.75    0.00    0.25    0.00    0.00    0.50    0.00    0.00    0.00   96.50
00:58:44     all    2.02    0.00    0.25    0.00    0.00    0.25    0.00    0.00    0.00   97.47
00:58:45     all    2.26    0.00    0.50    0.00    0.00    0.25    0.00    0.00    0.00   96.99
00:58:46     all    2.27    0.00    0.50    0.00    0.00    0.50    0.00    0.00    0.00   96.73
00:58:47     all    2.01    0.00    0.50    0.25    0.00    0.25    0.00    0.00    0.00   96.99
00:58:48     all    2.26    0.00    0.25    0.00    0.00    0.50    0.00    0.00    0.00   96.98
00:58:49     all    2.26    0.00    0.25    0.00    0.00    0.75    0.00    0.00    0.00   96.73
00:58:50     all    2.49    0.00    0.75    0.00    0.00    0.50    0.25    0.00    0.00   96.01
00:58:51     all    2.02    0.00    0.25    0.00    0.00    0.25    0.00    0.00    0.00   97.47
00:58:52     all    2.50    0.00    0.50    0.00    0.00    0.25    0.00    0.00    0.00   96.75
00:58:53     all    2.02    0.00    0.25    0.00    0.00    0.25    0.00    0.00    0.00   97.47
00:58:54     all    2.02    0.00    0.50    0.00    0.00    0.25    0.00    0.00    0.00   97.23
00:58:55     all    2.74    0.00    0.50    0.00    0.00    0.50    0.00    0.00    0.00   96.27
00:58:56     all    2.03    0.00    0.00    0.00    0.00    0.25    0.00    0.00    0.00   97.72
00:58:57     all    2.51    0.00    0.50    0.00    0.00    0.25    0.00    0.00    0.00   96.74
00:58:58     all    1.77    0.00    0.51    0.00    0.00    0.25    0.00    0.00    0.00   97.47
00:58:59     all    2.28    0.00    0.00    0.00    0.00    0.51    0.00    0.00    0.00   97.22
00:59:00     all    2.00    0.00    0.75    0.00    0.00    0.25    0.00    0.00    0.00   97.00
00:59:01     all    2.51    0.00    0.25    0.00    0.00    0.50    0.00    0.00    0.00   96.74
00:59:02     all    2.27    0.00    0.50    0.00    0.00    0.00    0.00    0.00    0.00   97.23
00:59:03     all    2.27    0.00    0.25    0.00    0.00    0.25    0.00    0.00    0.00   97.23
00:59:04     all    2.01    0.00    0.50    0.00    0.00    0.50    0.00    0.00    0.00   96.99
00:59:05     all    2.50    0.00    0.50    0.00    0.00    0.00    0.00    0.00    0.00   97.00
00:59:06     all    2.03    0.00    0.25    0.00    0.00    0.00    0.00    0.00    0.00   97.72
00:59:07     all    2.26    0.00    0.00    0.00    0.00    0.75    0.00    0.00    0.00   96.99
00:59:08     all    1.76    0.00    0.50    0.00    0.00    0.25    0.25    0.00    0.00   97.23
00:59:09     all    2.49    0.00    0.75    0.00    0.00    0.50    0.00    0.00    0.00   96.26
00:59:10     all    2.27    0.00    0.00    0.00    0.00    0.00    0.00    0.00    0.00   97.73
00:59:11     all    1.01    0.00    0.00    0.00    0.00    0.25    0.00    0.00    0.00   98.74
00:59:12     all    1.51    0.00    0.25    0.00    0.00    0.00    0.00    0.00    0.00   98.24
00:59:13     all    1.76    0.00    0.25    0.00    0.00    0.50    0.00    0.00    0.00   97.49
00:59:14     all    2.01    0.00    0.75    0.00    0.00    0.25    0.00    0.00    0.00   96.98
00:59:15     all    1.51    0.00    0.00    0.00    0.00    0.00    0.25    0.00    0.00   98.24
00:59:16     all    2.51    0.00    0.50    0.00    0.00    0.00    0.00    0.00    0.00   96.98
00:59:17     all    1.76    0.00    0.50    0.00    0.00    0.00    0.00    0.00    0.00   97.73
00:59:18     all    2.26    0.00    0.25    0.00    0.00    0.50    0.00    0.00    0.00   96.99
00:59:19     all    2.02    0.00    0.25    0.25    0.00    0.50    0.00    0.00    0.00   96.98
00:59:20     all    2.26    0.00    0.50    0.00    0.00    0.00    0.00    0.00    0.00   97.24
00:59:21     all    2.50    0.00    0.75    0.00    0.00    0.50    0.00    0.00    0.00   96.25
00:59:22     all    2.29    0.00    0.25    0.00    0.00    0.00    0.00    0.00    0.00   97.46
00:59:23     all    2.27    0.00    0.25    0.00    0.00    0.76    0.00    0.00    0.00   96.73
00:59:24     all    2.25    0.00    0.50    0.00    0.00    0.50    0.00    0.00    0.00   96.75
00:59:25     all    2.52    0.00    0.50    0.00    0.00    0.25    0.00    0.00    0.00   96.73
00:59:26     all    2.26    0.00    0.50    0.00    0.00    0.25    0.00    0.00    0.00   96.98
00:59:27     all    2.26    0.00    0.50    0.00    0.00    0.50    0.00    0.00    0.00   96.74
00:59:28     all    2.03    0.00    0.00    0.00    0.00    0.25    0.00    0.00    0.00   97.72
00:59:29     all    2.51    0.00    0.50    0.00    0.00    0.25    0.00    0.00    0.00   96.73
00:59:30     all    2.50    0.00    0.25    0.00    0.00    0.75    0.00    0.00    0.00   96.50
00:59:31     all    2.03    0.00    0.51    0.00    0.00    0.00    0.00    0.00    0.00   97.47
00:59:32     all    2.01    0.00    0.25    0.00    0.00    0.75    0.00    0.00    0.00   96.99
00:59:33     all    2.52    0.00    0.25    0.00    0.00    0.00    0.00    0.00    0.00   97.23
00:59:34     all    2.25    0.00    0.50    0.00    0.00    1.00    0.00    0.00    0.00   96.25
00:59:35     all    2.28    0.00    0.25    0.00    0.00    0.25    0.00    0.00    0.00   97.22
00:59:36     all    2.26    0.00    0.75    0.00    0.00    0.25    0.00    0.00    0.00   96.73
00:59:37     all    2.27    0.00    0.25    0.00    0.00    0.51    0.00    0.00    0.00   96.97
00:59:38     all    2.26    0.00    0.50    0.00    0.00    0.00    0.25    0.00    0.00   96.98
00:59:39     all    2.03    0.00    0.00    0.00    0.00    0.25    0.00    0.00    0.00   97.72
00:59:40     all    2.72    0.00    0.74    0.00    0.00    0.74    0.50    0.00    0.00   95.30
00:59:41     all    2.29    0.00    0.00    0.00    0.00    0.00    0.00    0.00    0.00   97.71
00:59:42     all    2.51    0.00    0.50    0.00    0.00    0.50    0.00    0.00    0.00   96.49
00:59:43     all    1.75    0.00    0.75    0.00    0.00    0.50    0.00    0.00    0.00   96.99
00:59:44     all    2.52    0.00    0.25    0.00    0.00    0.25    0.00    0.00    0.00   96.98
00:59:45     all    2.02    0.00    0.51    0.00    0.00    0.25    0.00    0.00    0.00   97.22
00:59:46     all    2.50    0.00    0.50    0.00    0.00    0.25    0.00    0.00    0.00   96.75
00:59:47     all    2.02    0.00    0.25    0.00    0.00    0.76    0.00    0.00    0.00   96.97
00:59:48     all    2.53    0.00    0.00    0.00    0.00    0.00    0.00    0.00    0.00   97.47
00:59:49     all    2.50    0.00    0.50    0.00    0.00    0.75    0.00    0.00    0.00   96.25
00:59:50     all    2.53    0.00    0.25    0.00    0.00    0.00    0.00    0.00    0.00   97.22
00:59:51     all    2.26    0.00    0.75    0.00    0.00    0.25    0.00    0.00    0.00   96.74
00:59:52     all    2.26    0.00    0.25    0.25    0.00    0.25    0.00    0.00    0.00   96.98
00:59:53     all    2.26    0.00    0.50    0.00    0.00    0.50    0.00    0.00    0.00   96.73
00:59:54     all    2.51    0.00    0.75    0.00    0.00    0.50    0.00    0.00    0.00   96.23
00:59:55     all    2.27    0.00    0.00    0.00    0.00    0.25    0.00    0.00    0.00   97.48
00:59:56     all    2.26    0.00    0.50    0.00    0.00    0.50    0.00    0.00    0.00   96.73
00:59:57     all    2.26    0.00    0.50    0.00    0.00    0.25    0.00    0.00    0.00   96.98
00:59:58     all    2.51    0.00    0.00    0.00    0.00    0.75    0.00    0.00    0.00   96.74
00:59:59     all    2.02    0.00    0.50    0.00    0.00    0.25    0.00    0.00    0.00   97.23
01:00:00     all    2.26    0.00    0.50    0.00    0.00    0.50    0.00    0.00    0.00   96.73
01:00:01     all    2.52    0.00    0.00    0.00    0.00    0.25    0.00    0.00    0.00   97.23
01:00:02     all    2.27    0.00    0.25    0.00    0.00    0.25    0.00    0.00    0.00   97.23
01:00:03     all    2.25    0.00    0.25    0.00    0.00    0.75    0.00    0.00    0.00   96.75
01:00:04     all    2.02    0.00    0.50    0.00    0.00    0.50    0.00    0.00    0.00   96.98
01:00:05     all    2.26    0.00    0.25    0.00    0.00    0.00    0.00    0.00    0.00   97.49
01:00:06     all    2.01    0.00    0.50    0.00    0.00    0.50    0.25    0.00    0.00   96.74
01:00:07     all    2.25    0.00    0.25    0.00    0.00    1.00    0.00    0.00    0.00   96.50
01:00:08     all    2.03    0.00    0.51    0.00    0.00    0.00    0.00    0.00    0.00   97.47
01:00:09     all    2.27    0.00    0.00    0.00    0.00    0.25    0.00    0.00    0.00   97.47
01:00:10     all    1.76    0.00    1.01    0.00    0.00    0.50    0.00    0.00    0.00   96.73
01:00:11     all    2.27    0.00    0.25    0.00    0.00    0.25    0.00    0.00    0.00   97.23
01:00:12     all    2.49    0.00    0.25    0.00    0.00    0.75    0.25    0.00    0.00   96.27
01:00:13     all    2.27    0.00    0.25    0.00    0.00    0.50    0.00    0.00    0.00   96.98
01:00:14     all    1.77    0.00    0.25    0.00    0.00    0.25    0.00    0.00    0.00   97.73
01:00:15     all    2.01    0.00    0.50    0.00    0.00    0.50    0.00    0.00    0.00   96.99
01:00:16     all    2.52    0.00    0.25    0.00    0.00    0.25    0.00    0.00    0.00   96.98
01:00:17     all    2.01    0.00    0.50    0.00    0.00    0.50    0.00    0.00    0.00   96.98
01:00:18     all    2.25    0.00    0.50    0.00    0.00    0.25    0.25    0.00    0.00   96.75
01:00:19     all    2.02    0.00    0.50    0.00    0.00    0.25    0.00    0.00    0.00   97.23
01:00:20     all    1.50    0.00    0.00    0.00    0.00    0.50    0.00    0.00    0.00   97.99
01:00:21     all    1.76    0.00    0.50    0.00    0.00    0.00    0.00    0.00    0.00   97.73
01:00:22     all    1.75    0.00    0.25    0.00    0.00    0.50    0.00    0.00    0.00   97.50
01:00:23     all    1.76    0.00    0.25    0.00    0.00    0.00    0.00    0.00    0.00   97.98
01:00:24     all    2.01    0.00    0.25    0.00    0.00    0.50    0.00    0.00    0.00   97.24
01:00:25     all    1.76    0.00    0.75    0.00    0.00    0.00    0.00    0.00    0.00   97.49
01:00:26     all    1.75    0.00    0.00    0.25    0.00    0.25    0.00    0.00    0.00   97.75
01:00:27     all    1.01    0.00    0.25    0.00    0.00    0.00    0.00    0.00    0.00   98.74
01:00:28     all    1.00    0.00    0.25    0.00    0.00    0.50    0.00    0.00    0.00   98.25
01:00:29     all    1.25    0.00    0.50    0.00    0.00    0.00    0.00    0.00    0.00   98.25
01:00:30     all    1.50    0.00    0.25    0.00    0.00    0.25    0.00    0.00    0.00   98.00
01:00:31     all    1.01    0.00    0.00    0.00    0.00    0.25    0.00    0.00    0.00   98.74
01:00:32     all    1.25    0.00    0.25    0.00    0.00    0.25    0.00    0.00    0.00   98.25
01:00:33     all    1.00    0.00    0.25    0.00    0.00    0.50    0.00    0.00    0.00   98.25
01:00:34     all    1.25    0.00    0.00    0.00    0.00    0.00    0.25    0.00    0.00   98.50
01:00:35     all    1.25    0.00    0.25    0.00    0.00    0.50    0.00    0.00    0.00   98.00
01:00:36     all    1.01    0.00    0.00    0.00    0.00    0.00    0.00    0.00    0.00   98.99
01:00:37     all    1.00    0.00    0.50    0.00    0.00    0.25    0.00    0.00    0.00   98.25
01:00:38     all    0.76    0.00    0.00    0.25    0.00    0.00    0.00    0.00    0.00   98.99
01:00:39     all    1.01    0.00    0.25    0.00    0.00    0.25    0.00    0.00    0.00   98.49
01:00:40     all    1.25    0.00    0.25    0.00    0.00    0.00    0.00    0.00    0.00   98.50
01:00:41     all    1.50    0.00    0.25    0.00    0.00    0.50    0.00    0.00    0.00   97.75
01:00:42     all    0.25    0.00    0.50    0.00    0.00    0.00    0.00    0.00    0.00   99.25
01:00:43     all    0.75    0.00    0.00    0.00    0.00    0.00    0.00    0.00    0.00   99.25
01:00:44     all    0.50    0.00    0.25    0.00    0.00    0.25    0.00    0.00    0.00   99.00
01:00:45     all    0.75    0.00    0.00    0.00    0.00    0.00    0.25    0.00    0.00   99.00
01:00:46     all    0.50    0.00    0.00    0.00    0.00    0.25    0.00    0.00    0.00   99.25
01:00:47     all    2.49    0.00    0.75    0.50    0.00    0.25    0.00    0.00    0.00   96.02
01:00:48     all    2.80    0.00    0.00    0.00    0.00    0.51    0.00    0.00    0.00   96.69
01:00:49     all    3.02    0.00    0.50    0.00    0.00    0.50    0.00    0.00    0.00   95.97
01:00:50     all    3.79    0.00    0.51    0.00    0.00    0.00    0.00    0.00    0.00   95.71
01:00:51     all    3.27    0.00    0.75    0.00    0.00    0.75    0.00    0.00    0.00   95.23
01:00:52     all    3.54    0.00    0.25    0.00    0.00    0.00    0.00    0.00    0.00   96.20
01:00:53     all    4.01    0.00    0.25    0.00    0.00    0.75    0.00    0.00    0.00   94.99
01:00:54     all    3.31    0.00    0.25    0.00    0.00    0.25    0.00    0.00    0.00   96.18
01:00:55     all    3.51    0.00    0.75    0.00    0.00    0.25    0.00    0.00    0.00   95.49
01:00:56     all    3.52    0.00    0.50    0.00    0.00    0.50    0.00    0.00    0.00   95.48
01:00:57     all    3.81    0.00    0.51    0.00    0.00    0.00    0.25    0.00    0.00   95.43
01:00:58     all    4.00    0.00    0.75    0.00    0.00    0.75    0.00    0.00    0.00   94.50
01:00:59     all    4.30    0.00    1.01    0.00    0.00    0.51    0.00    0.00    0.00   94.18
01:01:00     all    3.28    0.00    0.76    0.00    0.00    0.00    0.00    0.00    0.00   95.96
01:01:01     all    3.03    0.00    0.25    0.00    0.00    0.25    0.00    0.00    0.00   96.46
01:01:02     all    3.54    0.00    0.51    0.00    0.00    0.25    0.00    0.00    0.00   95.71
01:01:03     all    3.51    0.00    0.75    0.00    0.00    0.50    0.00    0.00    0.00   95.24
01:01:04     all    3.56    0.00    0.25    0.00    0.00    0.00    0.00    0.00    0.00   96.18
01:01:05     all    3.52    0.00    0.75    0.00    0.00    0.50    0.00    0.00    0.00   95.23
01:01:06     all    3.54    0.00    0.51    0.00    0.00    0.00    0.00    0.00    0.00   95.95
01:01:07     all    3.52    0.00    0.50    0.00    0.00    0.75    0.00    0.00    0.00   95.23
01:01:08     all    3.54    0.00    0.51    0.00    0.00    0.25    0.00    0.00    0.00   95.71
01:01:09     all    2.51    0.00    0.50    0.00    0.00    0.25    0.00    0.00    0.00   96.73
01:01:10     all    3.79    0.00    0.51    0.00    0.00    0.25    0.00    0.00    0.00   95.45
01:01:11     all    3.27    0.00    0.00    0.00    0.00    0.50    0.25    0.00    0.00   95.97
01:01:12     all    3.28    0.00    0.76    0.00    0.00    0.25    0.00    0.00    0.00   95.71
01:01:13     all    3.03    0.00    0.25    0.00    0.00    0.25    0.00    0.00    0.00   96.46
01:01:14     all    3.26    0.00    0.75    0.00    0.00    0.50    0.00    0.00    0.00   95.49
01:01:15     all    3.28    0.00    0.51    0.00    0.00    0.25    0.00    0.00    0.00   95.96
01:01:16     all    3.80    0.00    0.25    0.00    0.00    0.25    0.00    0.00    0.00   95.70
01:01:17     all    3.27    0.00    0.50    0.00    0.00    0.50    0.00    0.00    0.00   95.72
01:01:18     all    3.75    0.00    0.75    0.00    0.00    0.25    0.00    0.00    0.00   95.25
01:01:19     all    3.54    0.00    0.51    0.00    0.00    0.25    0.00    0.00    0.00   95.70
01:01:20     all    3.54    0.00    0.51    0.00    0.00    0.25    0.00    0.00    0.00   95.70
01:01:21     all    3.53    0.00    0.50    0.00    0.00    0.25    0.00    0.00    0.00   95.72
01:01:22     all    3.78    0.00    0.25    0.00    0.00    0.50    0.00    0.00    0.00   95.47
01:01:23     all    4.03    0.00    0.76    0.00    0.00    0.00    0.00    0.00    0.00   95.21
01:01:24     all    3.81    0.00    0.51    0.00    0.00    0.00    0.00    0.00    0.00   95.69
01:01:25     all    2.54    0.00    0.00    0.00    0.00    0.51    0.00    0.00    0.00   96.95
01:01:26     all    3.25    0.00    1.00    0.25    0.00    0.25    0.25    0.00    0.00   95.00
01:01:27     all    4.03    0.00    0.25    0.00    0.00    0.25    0.25    0.00    0.00   95.21
01:01:28     all    3.53    0.00    0.76    0.00    0.00    0.25    0.00    0.00    0.00   95.47
01:01:29     all    3.80    0.00    0.76    0.00    0.00    0.25    0.00    0.00    0.00   95.19
01:01:30     all    4.02    0.00    0.50    0.25    0.00    0.50    0.00    0.00    0.00   94.72
01:01:31     all    3.27    0.00    0.75    0.00    0.00    0.50    0.00    0.00    0.00   95.48
01:01:32     all    3.55    0.00    0.25    0.00    0.00    0.25    0.00    0.00    0.00   95.94
01:01:33     all    3.53    0.00    0.76    0.00    0.00    0.25    0.00    0.00    0.00   95.47
01:01:34     all    3.31    0.00    0.25    0.00    0.00    0.00    0.00    0.00    0.00   96.44
01:01:35     all    4.02    0.00    0.25    0.00    0.00    0.25    0.00    0.00    0.00   95.48
01:01:36     all    3.28    0.00    0.51    0.00    0.00    0.25    0.00    0.00    0.00   95.96
01:01:37     all    3.53    0.00    1.01    0.00    0.00    0.50    0.00    0.00    0.00   94.96
01:01:38     all    3.54    0.00    0.25    0.00    0.00    0.25    0.00    0.00    0.00   95.95
01:01:39     all    3.52    0.00    0.25    0.00    0.00    0.75    0.00    0.00    0.00   95.48
01:01:40     all    3.76    0.00    0.75    0.00    0.00    0.25    0.25    0.00    0.00   94.99
01:01:41     all    3.54    0.00    0.25    0.00    0.00    0.25    0.00    0.00    0.00   95.95
01:01:42     all    3.53    0.00    0.76    0.00    0.00    0.25    0.00    0.00    0.00   95.47
01:01:43     all    4.04    0.00    0.51    0.00    0.00    0.51    0.00    0.00    0.00   94.95
01:01:44     all    4.04    0.00    0.51    0.00    0.00    0.25    0.00    0.00    0.00   95.20
01:01:45     all    3.81    0.00    0.76    0.00    0.00    0.00    0.00    0.00    0.00   95.43
01:01:46     all    3.56    0.00    0.25    0.00    0.00    0.00    0.00    0.00    0.00   96.18
01:01:47     all    3.27    0.00    0.76    0.00    0.00    0.00    0.00    0.00    0.00   95.97
01:01:48     all    3.80    0.00    0.25    0.00    0.00    0.51    0.25    0.00    0.00   95.19
01:01:49     all    3.76    0.00    0.75    0.00    0.00    0.50    0.00    0.00    0.00   94.99
01:01:50     all    4.05    0.00    0.51    0.00    0.00    0.00    0.25    0.00    0.00   95.19
01:01:51     all    3.32    0.00    0.26    0.00    0.00    0.26    0.00    0.00    0.00   96.17
01:01:52     all    3.04    0.00    0.76    0.00    0.00    0.25    0.00    0.00    0.00   95.95
01:01:53     all    3.79    0.00    0.51    0.00    0.00    0.25    0.00    0.00    0.00   95.45
01:01:54     all    3.79    0.00    0.25    0.00    0.00    0.25    0.00    0.00    0.00   95.71
01:01:55     all    3.54    0.00    0.51    0.00    0.00    0.25    0.00    0.00    0.00   95.71
01:01:56     all    3.30    0.00    0.25    0.00    0.00    0.25    0.00    0.00    0.00   96.19
01:01:57     all    3.29    0.00    0.76    0.00    0.00    0.00    0.00    0.00    0.00   95.95
01:01:58     all    3.76    0.00    0.50    0.00    0.00    0.75    0.00    0.00    0.00   94.99
01:01:59     all    3.51    0.00    0.25    0.00    0.00    0.75    0.00    0.00    0.00   95.49
01:02:00     all    3.54    0.00    0.51    0.00    0.00    0.25    0.00    0.00    0.00   95.70
01:02:01     all    3.51    0.00    1.00    0.00    0.00    0.25    0.00    0.00    0.00   95.24
01:02:02     all    3.56    0.00    0.00    0.25    0.00    0.25    0.00    0.00    0.00   95.93
01:02:03     all    3.51    0.00    0.75    0.00    0.00    0.50    0.00    0.00    0.00   95.24
01:02:04     all    3.27    0.00    0.50    0.00    0.00    0.25    0.00    0.00    0.00   95.98
01:02:05     all    3.05    0.00    0.25    0.00    0.00    0.25    0.00    0.00    0.00   96.45
01:02:06     all    3.50    0.00    0.75    0.00    0.00    0.50    0.00    0.00    0.00   95.25
01:02:07     all    3.56    0.00    0.51    0.00    0.00    0.25    0.00    0.00    0.00   95.67
01:02:08     all    4.00    0.00    0.75    0.00    0.00    0.50    0.25    0.00    0.00   94.50
01:02:09     all    3.78    0.00    0.25    0.00    0.00    0.50    0.00    0.00    0.00   95.47
01:02:10     all    2.80    0.00    0.25    0.00    0.00    0.51    0.00    0.00    0.00   96.44
01:02:11     all    1.75    0.00    0.75    0.00    0.00    0.00    0.25    0.00    0.00   97.25
01:02:12     all    1.25    0.00    0.00    0.00    0.00    0.25    0.00    0.00    0.00   98.50
01:02:13     all    2.76    0.00    0.50    0.00    0.00    0.25    0.00    0.00    0.00   96.49
01:02:14     all    3.57    0.00    0.26    0.00    0.00    0.51    0.00    0.00    0.00   95.66
01:02:15     all    2.77    0.00    0.25    0.00    0.00    0.25    0.00    0.00    0.00   96.73
01:02:16     all    3.78    0.00    0.50    0.00    0.00    0.00    0.00    0.00    0.00   95.72
01:02:17     all    3.26    0.00    0.50    0.00    0.00    0.75    0.00    0.00    0.00   95.49
01:02:18     all    3.54    0.00    0.25    0.00    0.00    0.00    0.00    0.00    0.00   96.20
01:02:19     all    3.27    0.00    0.25    0.00    0.00    0.25    0.00    0.00    0.00   96.23
01:02:20     all    3.78    0.00    0.50    0.00    0.00    0.25    0.00    0.00    0.00   95.47
01:02:21     all    3.27    0.00    0.50    0.00    0.00    0.25    0.00    0.00    0.00   95.97
01:02:22     all    3.28    0.00    0.25    0.00    0.00    0.76    0.00    0.00    0.00   95.71
01:02:23     all    3.28    0.00    0.51    0.00    0.00    0.25    0.00    0.00    0.00   95.96
01:02:24     all    3.27    0.00    0.50    0.00    0.00    0.25    0.25    0.00    0.00   95.72
01:02:25     all    3.52    0.00    0.25    0.25    0.00    0.75    0.00    0.00    0.00   95.23
01:02:26     all    3.28    0.00    0.76    0.00    0.00    0.25    0.00    0.00    0.00   95.71
01:02:27     all    3.54    0.00    0.25    0.00    0.00    0.25    0.00    0.00    0.00   95.95
01:02:28     all    3.53    0.00    0.76    0.00    0.00    0.50    0.00    0.00    0.00   95.21
01:02:29     all    3.77    0.00    0.50    0.00    0.00    0.25    0.00    0.00    0.00   95.48
01:02:30     all    3.54    0.00    0.76    0.00    0.00    0.25    0.00    0.00    0.00   95.44
01:02:31     all    3.78    0.00    0.25    0.00    0.00    0.50    0.00    0.00    0.00   95.47
01:02:32     all    4.01    0.00    0.50    0.00    0.00    0.50    0.00    0.00    0.00   94.99
01:02:33     all    3.29    0.00    0.76    0.00    0.00    0.00    0.00    0.00    0.00   95.95
01:02:34     all    3.54    0.00    0.76    0.00    0.00    0.51    0.00    0.00    0.00   95.19
01:02:35     all    3.27    0.00    0.50    0.00    0.00    0.50    0.25    0.00    0.00   95.48
01:02:36     all    3.28    0.00    0.25    0.00    0.00    0.76    0.00    0.00    0.00   95.71
01:02:37     all    4.03    0.00    0.76    0.00    0.00    0.00    0.00    0.00    0.00   95.21
01:02:38     all    3.79    0.00    0.25    0.00    0.00    0.25    0.00    0.00    0.00   95.71
01:02:39     all    3.55    0.00    0.76    0.00    0.00    0.00    0.00    0.00    0.00   95.69
01:02:40     all    3.76    0.00    0.75    0.00    0.00    0.75    0.00    0.00    0.00   94.74
01:02:41     all    3.81    0.00    0.51    0.00    0.00    0.00    0.00    0.00    0.00   95.69
01:02:42     all    4.04    0.00    0.51    0.00    0.00    0.25    0.00    0.00    0.00   95.20
01:02:43     all    3.54    0.00    0.51    0.00    0.00    0.25    0.00    0.00    0.00   95.71
01:02:44     all    4.04    0.00    0.76    0.00    0.00    0.25    0.00    0.00    0.00   94.95
01:02:45     all    3.54    0.00    0.25    0.00    0.00    0.51    0.00    0.00    0.00   95.70
01:02:46     all    3.55    0.00    0.51    0.00    0.00    0.25    0.00    0.00    0.00   95.69
01:02:47     all    3.30    0.00    0.51    0.00    0.00    0.25    0.00    0.00    0.00   95.94
01:02:48     all    3.79    0.00    0.25    0.00    0.00    0.25    0.00    0.00    0.00   95.71
01:02:49     all    3.31    0.00    0.25    0.00    0.00    0.25    0.00    0.00    0.00   96.18
01:02:50     all    3.76    0.00    0.75    0.00    0.00    0.50    0.25    0.00    0.00   94.74
01:02:51     all    3.81    0.00    0.25    0.00    0.00    0.00    0.00    0.00    0.00   95.94
01:02:52     all    3.04    0.00    0.76    0.00    0.00    0.00    0.00    0.00    0.00   96.20
01:02:53     all    4.29    0.00    0.00    0.00    0.00    0.25    0.00    0.00    0.00   95.45
01:02:54     all    3.77    0.00    1.01    0.00    0.00    0.25    0.00    0.00    0.00   94.97
01:02:55     all    3.05    0.00    0.25    0.00    0.00    0.25    0.00    0.00    0.00   96.45
01:02:56     all    3.52    0.00    0.75    0.00    0.00    0.25    0.25    0.00    0.00   95.23
01:02:57     all    3.04    0.00    0.51    0.00    0.00    0.25    0.00    0.00    0.00   96.20
01:02:58     all    3.54    0.00    0.51    0.00    0.00    0.25    0.25    0.00    0.00   95.45
01:02:59     all    4.03    0.00    0.25    0.00    0.00    0.25    0.00    0.00    0.00   95.47
01:03:00     all    3.06    0.00    0.51    0.00    0.00    0.00    0.00    0.00    0.00   96.43
01:03:01     all    3.27    0.00    0.75    0.00    0.00    0.75    0.00    0.00    0.00   95.23
01:03:02     all    3.79    0.00    0.51    0.00    0.00    0.25    0.00    0.00    0.00   95.45
01:03:03     all    3.30    0.00    0.51    0.00    0.00    0.25    0.00    0.00    0.00   95.94
01:03:04     all    3.79    0.00    0.51    0.00    0.00    0.00    0.00    0.00    0.00   95.71
01:03:05     all    3.30    0.00    0.51    0.00    0.00    0.51    0.00    0.00    0.00   95.69
01:03:06     all    3.53    0.00    0.50    0.00    0.00    0.50    0.00    0.00    0.00   95.47
01:03:07     all    3.05    0.00    0.51    0.25    0.00    0.25    0.00    0.00    0.00   95.94
01:03:08     all    3.76    0.00    1.00    0.00    0.00    0.00    0.00    0.00    0.00   95.24
01:03:09     all    3.03    0.00    0.00    0.00    0.00    0.51    0.00    0.00    0.00   96.46
01:03:10     all    3.55    0.00    0.51    0.00    0.00    0.00    0.00    0.00    0.00   95.94
01:03:11     all    3.28    0.00    1.01    0.00    0.00    0.25    0.25    0.00    0.00   95.20
01:03:12     all    4.02    0.00    0.50    0.00    0.00    0.25    0.00    0.00    0.00   95.23
01:03:13     all    2.80    0.00    0.76    0.00    0.00    0.00    0.00    0.00    0.00   96.44
01:03:14     all    3.76    0.00    0.25    0.00    0.00    1.00    0.00    0.00    0.00   94.99
01:03:15     all    3.78    0.00    1.01    0.00    0.00    0.00    0.00    0.00    0.00   95.21
01:03:16     all    3.02    0.00    0.50    0.00    0.00    0.25    0.25    0.00    0.00   95.97
01:03:17     all    3.04    0.00    0.51    0.25    0.00    0.25    0.00    0.00    0.00   95.95
01:03:18     all    3.30    0.00    0.51    0.00    0.00    0.00    0.00    0.00    0.00   96.19
01:03:19     all    3.53    0.00    0.25    0.00    0.00    0.50    0.00    0.00    0.00   95.72
01:03:20     all    3.78    0.00    0.50    0.00    0.00    0.00    0.00    0.00    0.00   95.72
01:03:21     all    2.81    0.00    0.51    0.00    0.00    0.00    0.00    0.00    0.00   96.68
01:03:22     all    3.27    0.00    0.50    0.00    0.00    0.25    0.25    0.00    0.00   95.73
01:03:23     all    3.03    0.00    0.51    0.00    0.00    0.51    0.00    0.00    0.00   95.96
01:03:24     all    3.80    0.00    0.25    0.00    0.00    0.00    0.00    0.00    0.00   95.95
01:03:25     all    3.04    0.00    0.76    0.00    0.00    0.25    0.00    0.00    0.00   95.95
01:03:26     all    3.03    0.00    0.25    0.00    0.00    0.25    0.00    0.00    0.00   96.46
01:03:27     all    3.30    0.00    0.51    0.00    0.00    0.25    0.00    0.00    0.00   95.94
01:03:28     all    3.53    0.00    0.25    0.00    0.00    0.50    0.00    0.00    0.00   95.72
01:03:29     all    3.04    0.00    0.76    0.00    0.00    0.25    0.00    0.00    0.00   95.95
01:03:30     all    3.55    0.00    0.25    0.00    0.00    0.25    0.00    0.00    0.00   95.94
01:03:31     all    3.30    0.00    0.76    0.00    0.00    0.00    0.00    0.00    0.00   95.94
01:03:32     all    3.52    0.00    0.50    0.00    0.00    0.75    0.00    0.00    0.00   95.23
01:03:33     all    3.55    0.00    0.25    0.00    0.00    0.00    0.00    0.00    0.00   96.19
01:03:34     all    3.02    0.00    0.75    0.00    0.00    0.25    0.00    0.00    0.00   95.98
01:03:35     all    2.78    0.00    0.25    0.00    0.00    0.25    0.00    0.00    0.00   96.71
01:03:36     all    3.74    0.00    0.75    0.00    0.00    0.50    0.00    0.00    0.00   95.01
01:03:37     all    3.79    0.00    0.51    0.00    0.00    1.01    0.00    0.00    0.00   94.70
01:03:38     all    3.05    0.00    0.25    0.00    0.00    0.00    0.00    0.00    0.00   96.70
01:03:39     all    3.51    0.00    0.75    0.00    0.00    0.50    0.00    0.00    0.00   95.24
01:03:40     all    3.05    0.00    0.25    0.25    0.00    0.51    0.00    0.00    0.00   95.94
01:03:41     all    3.75    0.00    0.75    0.00    0.00    0.25    0.00    0.00    0.00   95.25
01:03:42     all    3.54    0.00    0.00    0.00    0.00    0.51    0.00    0.00    0.00   95.95
01:03:43     all    3.01    0.00    1.00    0.00    0.00    0.25    0.00    0.00    0.00   95.74
01:03:44     all    3.81    0.00    0.25    0.00    0.00    0.00    0.00    0.00    0.00   95.94
01:03:45     all    3.27    0.00    0.76    0.00    0.00    0.25    0.00    0.00    0.00   95.72
01:03:46     all    3.54    0.00    0.25    0.00    0.00    0.51    0.00    0.00    0.00   95.71
01:03:47     all    3.27    0.00    0.50    0.00    0.00    0.50    0.00    0.00    0.00   95.72
01:03:48     all    3.27    0.00    0.76    0.00    0.00    0.25    0.00    0.00    0.00   95.72
01:03:49     all    3.76    0.00    0.25    0.00    0.00    0.25    0.25    0.00    0.00   95.49
01:03:50     all    3.02    0.00    0.76    0.00    0.00    0.25    0.25    0.00    0.00   95.72
01:03:51     all    3.80    0.00    0.00    0.00    0.00    0.00    0.00    0.00    0.00   96.20
01:03:52     all    2.75    0.00    0.75    0.00    0.00    1.00    0.25    0.00    0.00   95.25
01:03:53     all    3.52    0.00    0.50    0.00    0.00    0.25    0.00    0.00    0.00   95.73
01:03:54     all    3.28    0.00    0.76    0.00    0.00    0.25    0.00    0.00    0.00   95.71
01:03:55     all    3.02    0.00    0.50    0.00    0.00    0.50    0.00    0.00    0.00   95.97
01:03:56     all    3.53    0.00    0.76    0.00    0.00    0.25    0.00    0.00    0.00   95.47
01:03:57     all    3.28    0.00    0.25    0.00    0.00    0.25    0.00    0.00    0.00   96.21
01:03:58     all    3.04    0.00    0.51    0.00    0.00    0.25    0.00    0.00    0.00   96.20
01:03:59     all    3.50    0.00    0.50    0.00    0.00    0.50    0.00    0.00    0.00   95.50
01:04:00     all    3.81    0.00    0.25    0.00    0.00    0.25    0.00    0.00    0.00   95.69
01:04:01     all    3.02    0.00    0.76    0.00    0.00    0.50    0.00    0.00    0.00   95.72
01:04:02     all    3.54    0.00    0.25    0.00    0.00    0.25    0.00    0.00    0.00   95.96
01:04:03     all    3.54    0.00    0.51    0.00    0.00    0.51    0.00    0.00    0.00   95.45
01:04:04     all    3.04    0.00    0.25    0.00    0.00    0.00    0.00    0.00    0.00   96.71
01:04:05     all    3.52    0.00    0.50    0.00    0.00    0.25    0.00    0.00    0.00   95.73
01:04:06     all    3.54    0.00    0.25    0.00    0.00    0.25    0.00    0.00    0.00   95.95
01:04:07     all    3.76    0.00    0.50    0.00    0.00    0.50    0.00    0.00    0.00   95.24
01:04:08     all    3.27    0.00    0.50    0.00    0.00    0.50    0.00    0.00    0.00   95.72
01:04:09     all    3.29    0.00    0.51    0.00    0.00    0.00    0.00    0.00    0.00   96.20
01:04:10     all    3.53    0.00    0.50    0.00    0.00    0.50    0.00    0.00    0.00   95.47
01:04:11     all    3.79    0.00    0.25    0.00    0.00    0.51    0.00    0.00    0.00   95.45
01:04:12     all    3.03    0.00    0.76    0.00    0.00    0.25    0.00    0.00    0.00   95.96
01:04:13     all    3.03    0.00    0.51    0.00    0.00    0.25    0.25    0.00    0.00   95.96
01:04:14     all    3.77    0.00    0.25    0.00    0.00    0.25    0.00    0.00    0.00   95.73
01:04:15     all    3.00    0.00    0.75    0.00    0.00    1.00    0.25    0.00    0.00   95.00
01:04:16     all    3.54    0.00    0.76    0.00    0.00    0.00    0.00    0.00    0.00   95.71
01:04:17     all    3.31    0.00    0.00    0.00    0.00    0.25    0.00    0.00    0.00   96.44
01:04:18     all    3.50    0.00    0.75    0.00    0.00    0.50    0.25    0.00    0.00   95.00
01:04:19     all    3.03    0.00    0.51    0.00    0.00    0.25    0.00    0.00    0.00   96.21
01:04:20     all    3.27    0.00    0.50    0.00    0.00    0.75    0.00    0.00    0.00   95.48
01:04:21     all    3.31    0.00    0.25    0.00    0.00    0.25    0.00    0.00    0.00   96.18
01:04:22     all    3.54    0.00    0.00    0.00    0.00    0.00    0.00    0.00    0.00   96.46
01:04:23     all    3.02    0.00    1.01    0.00    0.00    0.25    0.00    0.00    0.00   95.72
01:04:24     all    3.26    0.00    0.50    0.00    0.00    0.50    0.00    0.00    0.00   95.74
01:04:25     all    3.28    0.00    0.51    0.00    0.00    0.51    0.00    0.00    0.00   95.71
01:04:26     all    3.54    0.00    0.00    0.00    0.00    0.25    0.00    0.00    0.00   96.21
01:04:27     all    3.53    0.00    0.76    0.00    0.00    0.25    0.00    0.00    0.00   95.47
01:04:28     all    3.29    0.00    0.25    0.00    0.00    0.51    0.00    0.00    0.00   95.95
01:04:29     all    3.73    0.00    1.00    0.00    0.00    0.50    0.00    0.00    0.00   94.78
01:04:30     all    3.57    0.00    0.00    0.00    0.00    0.00    0.00    0.00    0.00   96.43
01:04:31     all    3.26    0.00    0.75    0.00    0.00    0.50    0.00    0.00    0.00   95.49
01:04:32     all    3.54    0.00    0.25    0.00    0.00    0.25    0.00    0.00    0.00   95.95
01:04:33     all    3.75    0.00    0.50    0.00    0.00    0.25    0.50    0.00    0.00   95.00
01:04:34     all    3.28    0.00    0.51    0.00    0.00    0.51    0.00    0.00    0.00   95.71
01:04:35     all    2.54    0.00    0.25    0.00    0.00    0.25    0.00    0.00    0.00   96.95
01:04:36     all    3.75    0.00    0.75    0.00    0.00    0.25    0.00    0.00    0.00   95.25
01:04:37     all    2.78    0.00    0.51    0.00    0.00    0.51    0.00    0.00    0.00   96.20
01:04:38     all    3.03    0.00    0.51    0.00    0.00    0.00    0.00    0.00    0.00   96.46
01:04:39     all    3.02    0.00    0.50    0.00    0.00    0.50    0.00    0.00    0.00   95.98
01:04:40     all    3.80    0.00    0.25    0.00    0.00    0.00    0.00    0.00    0.00   95.95
01:04:41     all    2.52    0.00    1.01    0.25    0.00    0.50    0.00    0.00    0.00   95.72
01:04:42     all    3.78    0.00    0.76    0.00    0.00    0.25    0.00    0.00    0.00   95.21
01:04:43     all    3.03    0.00    0.00    0.00    0.00    0.51    0.00    0.00    0.00   96.46
01:04:44     all    2.78    0.00    0.51    0.00    0.00    0.00    0.00    0.00    0.00   96.71
01:04:45     all    2.51    0.00    1.00    0.00    0.00    0.25    0.25    0.00    0.00   95.99
01:04:46     all    3.03    0.00    0.25    0.00    0.00    0.51    0.00    0.00    0.00   96.21
01:04:47     all    2.52    0.00    0.76    0.25    0.00    0.00    0.00    0.00    0.00   96.47
01:04:48     all    3.53    0.00    0.25    0.00    0.00    0.25    0.00    0.00    0.00   95.97
01:04:49     all    2.78    0.00    0.25    0.00    0.00    0.51    0.00    0.00    0.00   96.46
01:04:50     all    2.78    0.00    0.51    0.00    0.00    0.00    0.00    0.00    0.00   96.71
01:04:51     all    3.27    0.00    0.50    0.00    0.00    0.25    0.00    0.00    0.00   95.98
01:04:52     all    3.03    0.00    0.51    0.00    0.00    0.51    0.00    0.00    0.00   95.96
01:04:53     all    3.04    0.00    0.25    0.00    0.00    0.00    0.00    0.00    0.00   96.71
01:04:54     all    2.77    0.00    0.50    0.00    0.00    0.50    0.25    0.00    0.00   95.97
01:04:55     all    2.53    0.00    0.25    0.00    0.00    0.25    0.00    0.00    0.00   96.97
01:04:56     all    2.76    0.00    0.50    0.00    0.00    0.50    0.00    0.00    0.00   96.23
01:04:57     all    3.27    0.00    0.25    0.00    0.00    0.50    0.00    0.00    0.00   95.97
01:04:58     all    3.02    0.00    0.75    0.00    0.00    0.25    0.00    0.00    0.00   95.98
01:04:59     all    2.52    0.00    0.50    0.00    0.00    0.76    0.00    0.00    0.00   96.22
01:05:00     all    2.76    0.00    0.75    0.00    0.00    0.25    0.00    0.00    0.00   96.23
01:05:01     all    3.27    0.00    0.50    0.00    0.00    0.00    0.00    0.00    0.00   96.22
01:05:02     all    3.26    0.00    0.50    0.00    0.00    0.25    0.25    0.00    0.00   95.74
01:05:03     all    2.78    0.00    0.25    0.00    0.00    0.25    0.00    0.00    0.00   96.72
01:05:04     all    3.27    0.00    0.50    0.00    0.00    0.50    0.00    0.00    0.00   95.73
01:05:05     all    2.30    0.00    0.00    0.00    0.00    0.26    0.00    0.00    0.00   97.45
01:05:06     all    3.02    0.00    0.76    0.00    0.00    0.25    0.00    0.00    0.00   95.97
01:05:07     all    2.78    0.00    0.25    0.00    0.00    0.25    0.00    0.00    0.00   96.71
01:05:08     all    2.76    0.00    0.00    0.00    0.00    0.25    0.25    0.00    0.00   96.74
01:05:09     all    3.27    0.00    0.75    0.00    0.00    0.25    0.00    0.00    0.00   95.73
01:05:10     all    3.02    0.00    0.50    0.25    0.00    0.50    0.00    0.00    0.00   95.73
01:05:11     all    2.52    0.00    0.00    0.00    0.00    0.25    0.00    0.00    0.00   97.23
01:05:12     all    1.02    0.00    0.25    0.00    0.00    0.00    0.00    0.00    0.00   98.73
01:05:13     all    2.00    0.00    0.50    0.00    0.00    0.25    0.00    0.00    0.00   97.25
01:05:14     all    2.02    0.00    0.50    0.00    0.00    0.25    0.00    0.00    0.00   97.23
01:05:15     all    3.02    0.00    0.25    0.00    0.00    0.25    0.00    0.00    0.00   96.47
01:05:16     all    3.03    0.00    0.25    0.00    0.00    0.25    0.00    0.00    0.00   96.46
01:05:17     all    3.02    0.00    0.75    0.00    0.00    0.00    0.00    0.00    0.00   96.23
01:05:18     all    2.53    0.00    0.00    0.00    0.00    0.76    0.25    0.00    0.00   96.46
01:05:19     all    3.02    0.00    0.75    0.00    0.00    0.25    0.00    0.00    0.00   95.98
01:05:20     all    3.02    0.00    0.25    0.25    0.00    0.50    0.25    0.00    0.00   95.73
01:05:21     all    2.52    0.00    0.50    0.00    0.00    0.25    0.00    0.00    0.00   96.73
01:05:22     all    2.27    0.00    0.50    0.00    0.00    0.25    0.00    0.00    0.00   96.98
01:05:23     all    3.28    0.00    0.25    0.00    0.00    0.00    0.00    0.00    0.00   96.46
01:05:24     all    2.79    0.00    0.51    0.00    0.00    0.25    0.00    0.00    0.00   96.45
01:05:25     all    2.27    0.00    0.50    0.00    0.00    0.25    0.00    0.00    0.00   96.98
01:05:26     all    3.02    0.00    0.50    0.00    0.00    0.25    0.00    0.00    0.00   96.22
01:05:27     all    3.02    0.00    0.25    0.00    0.00    0.25    0.00    0.00    0.00   96.47
01:05:28     all    3.54    0.00    0.25    0.00    0.00    0.25    0.00    0.00    0.00   95.96
01:05:29     all    3.02    0.00    0.75    0.00    0.00    0.25    0.00    0.00    0.00   95.98
01:05:30     all    2.53    0.00    0.51    0.00    0.00    0.25    0.00    0.00    0.00   96.72
01:05:31     all    3.54    0.00    0.00    0.00    0.00    0.00    0.00    0.00    0.00   96.46
01:05:32     all    3.03    0.00    0.51    0.25    0.00    0.25    0.00    0.00    0.00   95.96
01:05:33     all    3.02    0.00    0.25    0.00    0.00    0.75    0.00    0.00    0.00   95.98
01:05:34     all    2.74    0.00    0.75    0.00    0.00    0.50    0.25    0.00    0.00   95.76
01:05:35     all    3.29    0.00    0.25    0.00    0.00    0.00    0.00    0.00    0.00   96.46
01:05:36     all    3.25    0.00    0.50    0.00    0.00    0.25    0.00    0.00    0.00   96.00
01:05:37     all    2.54    0.00    0.25    0.00    0.00    0.25    0.00    0.00    0.00   96.95
01:05:38     all    2.78    0.00    0.25    0.00    0.00    0.51    0.00    0.00    0.00   96.46
01:05:39     all    3.24    0.00    0.75    0.00    0.00    0.50    0.00    0.00    0.00   95.51
01:05:40     all    3.03    0.00    0.51    0.00    0.00    0.25    0.00    0.00    0.00   96.21
01:05:41     all    2.53    0.00    0.25    0.00    0.00    0.25    0.00    0.00    0.00   96.97
01:05:42     all    3.03    0.00    0.25    0.00    0.00    0.00    0.25    0.00    0.00   96.46
01:05:43     all    2.76    0.00    0.50    0.00    0.00    0.50    0.00    0.00    0.00   96.24
01:05:44     all    2.53    0.00    0.25    0.00    0.00    0.51    0.00    0.00    0.00   96.72
01:05:45     all    3.27    0.00    0.75    0.00    0.00    0.00    0.00    0.00    0.00   95.98
01:05:46     all    2.78    0.00    0.25    0.00    0.00    0.51    0.00    0.00    0.00   96.46
01:05:47     all    2.77    0.00    0.50    0.00    0.00    0.25    0.00    0.00    0.00   96.47
01:05:48     all    3.27    0.00    0.50    0.00    0.00    0.25    0.00    0.00    0.00   95.98
01:05:49     all    3.02    0.00    0.00    0.00    0.00    0.50    0.00    0.00    0.00   96.48
01:05:50     all    3.27    0.00    0.50    0.00    0.00    0.00    0.25    0.00    0.00   95.97
01:05:51     all    3.01    0.00    0.50    0.00    0.00    0.50    0.00    0.00    0.00   95.99
01:05:52     all    2.78    0.00    0.51    0.00    0.00    0.25    0.00    0.00    0.00   96.46
01:05:53     all    3.03    0.00    0.25    0.00    0.00    0.00    0.00    0.00    0.00   96.72
01:05:54     all    2.76    0.00    0.50    0.00    0.00    0.50    0.00    0.00    0.00   96.23
01:05:55     all    3.03    0.00    0.51    0.00    0.00    0.25    0.00    0.00    0.00   96.21
01:05:56     all    2.76    0.00    0.50    0.00    0.00    0.25    0.00    0.00    0.00   96.48
01:05:57     all    3.02    0.00    0.00    0.00    0.00    0.25    0.00    0.00    0.00   96.73
01:05:58     all    2.78    0.00    0.25    0.00    0.00    0.51    0.00    0.00    0.00   96.46
01:05:59     all    3.02    0.00    0.25    0.00    0.00    0.25    0.00    0.00    0.00   96.47
01:06:00     all    3.26    0.00    0.50    0.00    0.00    0.25    0.00    0.00    0.00   95.99
01:06:01     all    2.53    0.00    0.25    0.00    0.00    0.51    0.00    0.00    0.00   96.72
01:06:02     all    3.03    0.00    0.51    0.00    0.00    0.00    0.00    0.00    0.00   96.46
01:06:03     all    3.02    0.00    0.25    0.00    0.00    0.25    0.00    0.00    0.00   96.47
01:06:04     all    2.53    0.00    0.25    0.00    0.00    0.25    0.00    0.00    0.00   96.97
01:06:05     all    3.02    0.00    0.25    0.00    0.00    0.50    0.00    0.00    0.00   96.23
01:06:06     all    2.53    0.00    0.25    0.00    0.00    0.25    0.00    0.00    0.00   96.96
01:06:07     all    2.98    0.00    0.99    0.00    0.00    0.50    0.50    0.00    0.00   95.04
01:06:08     all    2.78    0.00    0.51    0.00    0.00    0.25    0.00    0.00    0.00   96.46
01:06:09     all    3.52    0.00    0.25    0.00    0.00    0.25    0.00    0.00    0.00   95.98
01:06:10     all    3.05    0.00    0.00    0.00    0.00    0.25    0.00    0.00    0.00   96.70
01:06:11     all    3.50    0.00    0.50    0.25    0.00    0.25    0.00    0.00    0.00   95.50
01:06:12     all    2.78    0.00    0.51    0.00    0.00    0.25    0.00    0.00    0.00   96.46
01:06:13     all    2.78    0.00    0.25    0.00    0.00    0.25    0.00    0.00    0.00   96.71
01:06:14     all    3.27    0.00    0.50    0.00    0.00    0.25    0.00    0.00    0.00   95.97
01:06:15     all    2.78    0.00    0.25    0.00    0.00    0.00    0.00    0.00    0.00   96.97
01:06:16     all    2.76    0.00    0.50    0.00    0.00    0.25    0.00    0.00    0.00   96.48
01:06:17     all    2.52    0.00    0.25    0.00    0.00    0.25    0.00    0.00    0.00   96.98
01:06:18     all    3.50    0.00    0.25    0.00    0.00    0.50    0.00    0.00    0.00   95.75
01:06:19     all    2.76    0.00    0.50    0.00    0.00    0.75    0.25    0.00    0.00   95.74
01:06:20     all    3.27    0.00    0.25    0.00    0.00    0.25    0.00    0.00    0.00   96.22
01:06:21     all    3.27    0.00    0.25    0.00    0.00    0.25    0.00    0.00    0.00   96.22
01:06:22     all    2.78    0.00    0.51    0.00    0.00    0.25    0.00    0.00    0.00   96.46
01:06:23     all    3.04    0.00    0.00    0.00    0.00    0.25    0.00    0.00    0.00   96.71
01:06:24     all    3.00    0.00    0.75    0.00    0.00    0.25    0.00    0.00    0.00   96.00
01:06:25     all    2.51    0.00    0.75    0.00    0.00    0.25    0.00    0.00    0.00   96.48
01:06:26     all    3.03    0.00    0.25    0.00    0.00    0.25    0.00    0.00    0.00   96.46
01:06:27     all    2.52    0.00    0.25    0.00    0.00    0.25    0.00    0.00    0.00   96.98
01:06:28     all    2.78    0.00    0.25    0.00    0.00    0.25    0.00    0.00    0.00   96.72
01:06:29     all    2.76    0.00    0.75    0.00    0.00    0.00    0.00    0.00    0.00   96.49
01:06:30     all    2.78    0.00    0.25    0.00    0.00    0.51    0.00    0.00    0.00   96.46
01:06:31     all    2.52    0.00    0.25    0.00    0.00    0.50    0.00    0.00    0.00   96.73
01:06:32     all    3.02    0.00    0.25    0.00    0.00    0.25    0.00    0.00    0.00   96.47
01:06:33     all    2.76    0.00    0.50    0.00    0.00    0.00    0.00    0.00    0.00   96.73
01:06:34     all    2.76    0.00    0.50    0.00    0.00    0.75    0.00    0.00    0.00   95.98
01:06:35     all    2.77    0.00    0.25    0.00    0.00    0.25    0.00    0.00    0.00   96.73
01:06:36     all    3.25    0.00    0.50    0.00    0.00    0.25    0.00    0.00    0.00   96.00
01:06:37     all    2.54    0.00    0.51    0.00    0.00    0.00    0.00    0.00    0.00   96.95
01:06:38     all    3.26    0.00    0.00    0.00    0.00    0.50    0.25    0.00    0.00   95.99
01:06:39     all    2.51    0.00    0.75    0.00    0.00    0.25    0.00    0.00    0.00   96.48
01:06:40     all    2.76    0.00    0.50    0.00    0.00    0.75    0.00    0.00    0.00   95.99
01:06:41     all    2.28    0.00    0.25    0.00    0.00    0.25    0.00    0.00    0.00   97.22
01:06:42     all    3.02    0.00    0.50    0.00    0.00    0.00    0.00    0.00    0.00   96.47
01:06:43     all    2.52    0.00    0.25    0.00    0.00    0.25    0.00    0.00    0.00   96.98
01:06:44     all    2.53    0.00    0.51    0.00    0.00    0.00    0.00    0.00    0.00   96.97
01:06:45     all    2.28    0.00    0.51    0.00    0.00    0.00    0.00    0.00    0.00   97.22
01:06:46     all    2.53    0.00    0.25    0.00    0.00    0.25    0.00    0.00    0.00   96.97
01:06:47     all    2.76    0.00    0.25    0.00    0.00    0.50    0.25    0.00    0.00   96.23
01:06:48     all    3.05    0.00    0.25    0.00    0.00    0.00    0.00    0.00    0.00   96.70
01:06:49     all    3.03    0.00    0.51    0.00    0.00    0.00    0.00    0.00    0.00   96.46
01:06:50     all    2.02    0.00    0.25    0.00    0.00    0.25    0.00    0.00    0.00   97.47
01:06:51     all    2.28    0.00    0.25    0.00    0.00    0.00    0.00    0.00    0.00   97.47
01:06:52     all    2.49    0.00    0.75    0.00    0.00    0.25    0.00    0.00    0.00   96.51
01:06:53     all    2.04    0.00    0.00    0.00    0.00    0.00    0.00    0.00    0.00   97.96
01:06:54     all    2.78    0.00    0.25    0.00    0.00    0.25    0.00    0.00    0.00   96.71
01:06:55     all    3.01    0.00    0.75    0.25    0.00    0.25    0.00    0.00    0.00   95.74
01:06:56     all    3.04    0.00    0.25    0.00    0.00    0.00    0.00    0.00    0.00   96.71
01:06:57     all    3.53    0.00    0.25    0.00    0.00    0.25    0.00    0.00    0.00   95.97
01:06:58     all    2.54    0.00    0.51    0.00    0.00    0.25    0.00    0.00    0.00   96.70
01:06:59     all    3.24    0.00    0.75    0.00    0.00    0.50    0.00    0.00    0.00   95.51
01:07:00     all    3.29    0.00    0.25    0.00    0.00    0.00    0.00    0.00    0.00   96.46
01:07:01     all    3.04    0.00    0.00    0.00    0.00    0.25    0.00    0.00    0.00   96.71
01:07:02     all    3.02    0.00    0.75    0.00    0.00    0.25    0.00    0.00    0.00   95.98
01:07:03     all    2.79    0.00    0.00    0.00    0.00    0.00    0.00    0.00    0.00   97.21
01:07:04     all    2.75    0.00    1.00    0.00    0.00    0.50    0.00    0.00    0.00   95.75
01:07:05     all    2.78    0.00    0.00    0.00    0.00    0.00    0.00    0.00    0.00   97.22
01:07:06     all    2.30    0.00    0.00    0.00    0.00    0.00    0.00    0.00    0.00   97.70
01:07:07     all    3.51    0.00    0.25    0.00    0.00    0.25    0.25    0.00    0.00   95.74
01:07:08     all    2.78    0.00    0.76    0.00    0.00    0.00    0.00    0.00    0.00   96.46
01:07:09     all    3.03    0.00    0.25    0.00    0.00    0.00    0.00    0.00    0.00   96.72
01:07:10     all    2.26    0.00    0.75    0.00    0.00    0.25    0.00    0.00    0.00   96.73
01:07:11     all    3.02    0.00    0.25    0.00    0.00    0.25    0.25    0.00    0.00   96.22
01:07:12     all    2.78    0.00    0.25    0.00    0.00    0.51    0.00    0.00    0.00   96.46
01:07:13     all    3.00    0.00    0.75    0.00    0.00    0.25    0.00    0.00    0.00   96.00
01:07:14     all    2.04    0.00    0.26    0.00    0.00    0.00    0.00    0.00    0.00   97.70
01:07:15     all    2.78    0.00    0.51    0.00    0.00    0.00    0.00    0.00    0.00   96.71
01:07:16     all    2.76    0.00    0.25    0.00    0.00    0.25    0.00    0.00    0.00   96.73
01:07:17     all    2.53    0.00    0.51    0.00    0.00    0.25    0.00    0.00    0.00   96.71
01:07:18     all    3.27    0.00    0.50    0.00    0.00    0.00    0.00    0.00    0.00   96.23
01:07:19     all    2.31    0.00    0.00    0.00    0.00    0.00    0.00    0.00    0.00   97.69
01:07:20     all    2.76    0.00    0.75    0.00    0.00    0.25    0.25    0.00    0.00   95.98
01:07:21     all    3.25    0.00    0.25    0.00    0.00    0.75    0.00    0.00    0.00   95.75
01:07:22     all    2.52    0.00    0.50    0.00    0.00    0.00    0.00    0.00    0.00   96.98
01:07:23     all    2.52    0.00    1.01    0.00    0.00    0.00    0.00    0.00    0.00   96.47
01:07:24     all    2.78    0.00    0.00    0.00    0.00    0.00    0.00    0.00    0.00   97.22
01:07:25     all    2.52    0.00    0.25    0.00    0.00    0.25    0.00    0.00    0.00   96.98
01:07:26     all    2.76    0.00    0.25    0.25    0.00    0.00    0.00    0.00    0.00   96.73
01:07:27     all    2.52    0.00    0.00    0.00    0.00    0.50    0.00    0.00    0.00   96.98
01:07:28     all    2.02    0.00    0.50    0.00    0.00    0.25    0.25    0.00    0.00   96.98
01:07:29     all    2.51    0.00    0.50    0.00    0.00    0.00    0.00    0.00    0.00   96.98
01:07:30     all    3.01    0.00    0.50    0.00    0.00    0.25    0.00    0.00    0.00   96.24
01:07:31     all    2.78    0.00    0.25    0.00    0.00    0.25    0.00    0.00    0.00   96.72
01:07:32     all    2.51    0.00    0.25    0.00    0.00    0.50    0.00    0.00    0.00   96.73
01:07:33     all    2.53    0.00    0.51    0.00    0.00    0.25    0.00    0.00    0.00   96.72
01:07:34     all    2.75    0.00    0.75    0.00    0.00    0.25    0.00    0.00    0.00   96.25
01:07:35     all    2.78    0.00    0.25    0.00    0.00    0.00    0.00    0.00    0.00   96.97
01:07:36     all    2.51    0.00    0.50    0.00    0.00    0.50    0.00    0.00    0.00   96.49
01:07:37     all    2.78    0.00    0.25    0.00    0.00    0.00    0.00    0.00    0.00   96.97
01:07:38     all    2.53    0.00    0.25    0.00    0.00    0.25    0.00    0.00    0.00   96.96
01:07:39     all    2.03    0.00    0.25    0.00    0.00    0.00    0.00    0.00    0.00   97.72
01:07:40     all    3.02    0.00    0.75    0.00    0.00    0.25    0.00    0.00    0.00   95.98
01:07:41     all    3.02    0.00    0.50    0.00    0.00    0.00    0.00    0.00    0.00   96.47
01:07:42     all    2.78    0.00    0.25    0.00    0.00    0.25    0.00    0.00    0.00   96.71
01:07:43     all    3.02    0.00    0.76    0.00    0.00    0.00    0.00    0.00    0.00   96.22
01:07:44     all    2.78    0.00    0.00    0.00    0.00    0.25    0.00    0.00    0.00   96.97
01:07:45     all    2.52    0.00    0.25    0.00    0.00    0.50    0.25    0.00    0.00   96.47
01:07:46     all    2.78    0.00    0.51    0.00    0.00    0.00    0.00    0.00    0.00   96.72
01:07:47     all    3.27    0.00    1.01    0.00    0.00    0.25    0.00    0.00    0.00   95.48
01:07:48     all    3.27    0.00    0.25    0.00    0.00    0.25    0.00    0.00    0.00   96.22
01:07:49     all    2.75    0.00    0.75    0.00    0.00    0.50    0.00    0.00    0.00   96.00
01:07:50     all    2.53    0.00    0.25    0.00    0.00    0.25    0.00    0.00    0.00   96.96
01:07:51     all    2.99    0.00    0.50    0.00    0.00    0.50    0.00    0.00    0.00   96.01
01:07:52     all    3.05    0.00    0.51    0.00    0.00    0.00    0.00    0.00    0.00   96.45
01:07:53     all    2.52    0.00    0.25    0.00    0.00    0.50    0.00    0.00    0.00   96.73
01:07:54     all    3.02    0.00    0.50    0.00    0.00    0.50    0.00    0.00    0.00   95.98
01:07:55     all    2.76    0.00    0.25    0.00    0.00    0.50    0.00    0.00    0.00   96.49
01:07:56     all    2.51    0.00    0.50    0.00    0.00    0.25    0.00    0.00    0.00   96.73
01:07:57     all    2.27    0.00    0.51    0.00    0.00    0.00    0.00    0.00    0.00   97.22
01:07:58     all    2.76    0.00    0.50    0.00    0.00    0.50    0.00    0.00    0.00   96.23
01:07:59     all    2.28    0.00    0.00    0.00    0.00    0.25    0.00    0.00    0.00   97.47
01:08:00     all    3.23    0.00    0.74    0.00    0.00    0.50    0.25    0.00    0.00   95.29
01:08:01     all    2.53    0.00    0.00    0.00    0.00    0.00    0.00    0.00    0.00   97.47
01:08:02     all    2.77    0.00    0.76    0.00    0.00    0.25    0.00    0.00    0.00   96.22
01:08:03     all    3.27    0.00    0.25    0.00    0.00    0.00    0.00    0.00    0.00   96.47
01:08:04     all    1.77    0.00    0.51    0.00    0.00    0.51    0.00    0.00    0.00   97.22
01:08:05     all    2.78    0.00    0.25    0.25    0.00    0.00    0.00    0.00    0.00   96.72
01:08:06     all    3.01    0.00    0.25    0.00    0.00    0.50    0.00    0.00    0.00   96.24
01:08:07     all    2.02    0.00    0.76    0.00    0.00    0.00    0.00    0.00    0.00   97.23
01:08:08     all    2.76    0.00    0.50    0.00    0.00    0.50    0.00    0.00    0.00   96.24
01:08:09     all    2.03    0.00    0.25    0.00    0.00    0.00    0.00    0.00    0.00   97.72
01:08:10     all    2.76    0.00    0.25    0.00    0.00    0.25    0.00    0.00    0.00   96.73
01:08:11     all    2.27    0.00    0.50    0.00    0.00    0.50    0.00    0.00    0.00   96.73
01:08:12     all    1.00    0.00    0.25    0.00    0.00    0.25    0.00    0.00    0.00   98.50
01:08:13     all    1.76    0.00    0.00    0.00    0.00    0.00    0.00    0.00    0.00   98.24
01:08:14     all    2.26    0.00    0.75    0.00    0.00    0.25    0.00    0.00    0.00   96.74
01:08:15     all    1.51    0.00    0.25    0.00    0.00    0.25    0.00    0.00    0.00   97.99
01:08:16     all    2.75    0.00    0.50    0.00    0.00    0.75    0.00    0.00    0.00   96.00
01:08:17     all    2.03    0.00    0.25    0.00    0.00    0.00    0.25    0.00    0.00   97.46
01:08:18     all    2.77    0.00    0.25    0.00    0.00    0.25    0.00    0.00    0.00   96.73
01:08:19     all    2.25    0.00    0.25    0.00    0.00    0.50    0.00    0.00    0.00   97.00
01:08:20     all    2.77    0.00    0.50    0.00    0.00    0.00    0.00    0.00    0.00   96.73
01:08:21     all    2.75    0.00    0.25    0.00    0.00    0.50    0.00    0.00    0.00   96.50
01:08:22     all    2.26    0.00    0.75    0.00    0.00    0.25    0.00    0.00    0.00   96.73
01:08:23     all    2.54    0.00    0.00    0.00    0.00    0.00    0.00    0.00    0.00   97.46
01:08:24     all    2.49    0.00    0.75    0.00    0.00    0.50    0.00    0.00    0.00   96.27
01:08:25     all    2.28    0.00    0.00    0.00    0.00    0.00    0.00    0.00    0.00   97.72
01:08:26     all    2.51    0.00    0.25    0.00    0.00    0.25    0.00    0.00    0.00   96.98
01:08:27     all    2.52    0.00    0.50    0.00    0.00    0.00    0.00    0.00    0.00   96.98
01:08:28     all    2.51    0.00    0.25    0.00    0.00    0.75    0.00    0.00    0.00   96.49
01:08:29     all    2.51    0.00    0.00    0.00    0.00    0.25    0.00    0.00    0.00   97.24
01:08:30     all    2.26    0.00    0.50    0.00    0.00    0.25    0.25    0.00    0.00   96.73
01:08:31     all    2.27    0.00    0.25    0.00    0.00    0.50    0.00    0.00    0.00   96.98
01:08:32     all    2.76    0.00    0.75    0.00    0.00    0.00    0.00    0.00    0.00   96.48
01:08:33     all    2.53    0.00    0.00    0.00    0.00    0.00    0.00    0.00    0.00   97.47
01:08:34     all    2.76    0.00    0.75    0.00    0.00    0.25    0.00    0.00    0.00   96.24
01:08:35     all    2.53    0.00    0.00    0.00    0.00    0.25    0.00    0.00    0.00   97.22
01:08:36     all    2.51    0.00    0.50    0.00    0.00    0.25    0.00    0.00    0.00   96.73
01:08:37     all    2.52    0.00    0.50    0.25    0.00    0.00    0.00    0.00    0.00   96.73
01:08:38     all    2.51    0.00    0.25    0.00    0.00    0.75    0.00    0.00    0.00   96.49
Average:     all    2.51    0.00    0.41    0.01    0.00    0.30    0.02    0.00    0.00   96.74
