Linux 6.8.0-1064-gcp (csb-bench-host-gcp) 	08/18/26 	_x86_64_	(4 CPU)

00:24:25     CPU    %usr   %nice    %sys %iowait    %irq   %soft  %steal  %guest  %gnice   %idle
00:24:26     all    0.50    0.00    0.00    0.00    0.00    0.00    0.00    0.00    0.00   99.50
00:24:27     all    0.50    0.00    0.25    0.00    0.00    0.25    0.00    0.00    0.00   99.00
00:24:28     all    0.50    0.00    0.25    0.00    0.00    0.00    0.00    0.00    0.00   99.25
00:24:29     all    0.25    0.00    0.00    0.00    0.00    0.00    0.25    0.00    0.00   99.50
00:24:30     all    0.75    0.00    0.25    0.00    0.00    0.00    0.00    0.00    0.00   99.00
00:24:31     all    0.50    0.00    0.00    0.00    0.00    0.00    0.00    0.00    0.00   99.50
00:24:32     all    0.50    0.00    0.00    0.00    0.00    0.25    0.00    0.00    0.00   99.25
00:24:33     all    0.50    0.00    0.25    0.00    0.00    0.00    0.00    0.00    0.00   99.25
00:24:34     all    0.50    0.00    0.00    0.00    0.00    0.00    0.00    0.00    0.00   99.50
00:24:35     all    0.25    0.00    0.00    0.00    0.00    0.00    0.00    0.00    0.00   99.75
00:24:36     all    0.50    0.00    0.25    0.00    0.00    0.00    0.00    0.00    0.00   99.25
00:24:37     all    0.50    0.00    0.00    0.00    0.00    0.00    0.00    0.00    0.00   99.50
00:24:38     all    0.75    0.00    0.00    0.00    0.00    0.25    0.00    0.00    0.00   99.00
00:24:39     all    0.50    0.00    0.00    0.00    0.00    0.00    0.00    0.00    0.00   99.50
00:24:40     all    0.25    0.00    0.25    0.00    0.00    0.00    0.00    0.00    0.00   99.50
00:24:41     all    0.50    0.00    0.00    0.00    0.00    0.00    0.25    0.00    0.00   99.25
00:24:42     all    0.50    0.00    0.50    0.00    0.00    0.00    0.00    0.00    0.00   99.00
00:24:43     all    0.50    0.00    0.00    0.00    0.00    0.25    0.00    0.00    0.00   99.25
00:24:44     all    0.50    0.00    0.00    0.00    0.00    0.00    0.00    0.00    0.00   99.50
00:24:45     all    0.25    0.00    0.25    0.00    0.00    0.00    0.00    0.00    0.00   99.50
00:24:46     all    0.75    0.00    0.00    0.00    0.00    0.00    0.00    0.00    0.00   99.25
00:24:47     all    0.75    0.00    0.00    0.00    0.00    0.00    0.00    0.00    0.00   99.25
00:24:48     all    0.50    0.00    0.00    0.00    0.00    0.00    0.00    0.00    0.00   99.50
00:24:49     all    0.50    0.00    0.00    0.00    0.00    0.00    0.00    0.00    0.00   99.50
00:24:50     all    0.50    0.00    0.25    0.00    0.00    0.25    0.00    0.00    0.00   99.00
00:24:51     all    0.75    0.00    0.00    0.00    0.00    0.00    0.00    0.00    0.00   99.25
00:24:52     all    0.25    0.00    0.25    0.00    0.00    0.00    0.00    0.00    0.00   99.50
00:24:53     all    0.50    0.00    0.00    0.00    0.00    0.00    0.00    0.00    0.00   99.50
00:24:54     all    0.50    0.00    0.25    0.00    0.00    0.25    0.00    0.00    0.00   99.00
00:24:55     all    0.50    0.00    0.25    0.00    0.00    0.00    0.00    0.00    0.00   99.25
00:24:56     all    0.50    0.00    0.00    0.00    0.00    0.00    0.00    0.00    0.00   99.50
00:24:57     all    0.50    0.00    0.00    0.00    0.00    0.25    0.00    0.00    0.00   99.25
00:24:58     all    0.50    0.00    0.00    0.00    0.00    0.00    0.00    0.00    0.00   99.50
00:24:59     all    0.50    0.00    0.25    0.00    0.00    0.00    0.00    0.00    0.00   99.25
00:25:00     all    0.50    0.00    0.00    0.00    0.00    0.00    0.00    0.00    0.00   99.50
00:25:01     all    0.50    0.00    0.25    0.00    0.00    0.00    0.00    0.00    0.00   99.25
00:25:02     all    0.50    0.00    0.50    0.50    0.00    0.00    0.00    0.00    0.00   98.50
00:25:03     all    0.50    0.00    0.25    0.00    0.00    0.00    0.00    0.00    0.00   99.25
00:25:04     all    0.50    0.00    0.00    0.00    0.00    0.00    0.00    0.00    0.00   99.50
00:25:05     all    0.50    0.00    0.25    0.25    0.00    0.25    0.00    0.00    0.00   98.75
00:25:06     all    0.75    0.00    0.00    0.00    0.00    0.00    0.00    0.00    0.00   99.25
00:25:07     all    0.50    0.00    0.25    0.00    0.00    0.00    0.00    0.00    0.00   99.25
00:25:08     all    0.25    0.00    0.25    0.00    0.00    0.00    0.00    0.00    0.00   99.50
00:25:09     all    0.50    0.00    0.00    0.00    0.00    0.25    0.00    0.00    0.00   99.25
00:25:10     all    0.75    0.00    0.00    0.00    0.00    0.00    0.00    0.00    0.00   99.25
00:25:11     all    0.76    0.00    0.00    0.00    0.00    0.00    0.00    0.00    0.00   99.24
00:25:12     all    0.25    0.00    0.00    0.00    0.00    0.25    0.00    0.00    0.00   99.50
00:25:13     all    0.50    0.00    0.25    0.00    0.00    0.00    0.00    0.00    0.00   99.25
00:25:14     all    0.75    0.00    0.00    0.00    0.00    0.00    0.00    0.00    0.00   99.25
00:25:15     all    0.25    0.00    0.00    0.00    0.00    0.00    0.00    0.00    0.00   99.75
00:25:16     all    0.50    0.00    0.25    0.00    0.00    0.00    0.00    0.00    0.00   99.25
00:25:17     all    0.50    0.00    0.00    0.00    0.00    0.00    0.00    0.00    0.00   99.50
00:25:18     all    0.50    0.00    0.00    0.00    0.00    0.25    0.00    0.00    0.00   99.25
00:25:19     all    0.75    0.00    0.25    0.00    0.00    0.00    0.00    0.00    0.00   99.00
00:25:20     all    0.50    0.00    0.00    0.00    0.00    0.25    0.00    0.00    0.00   99.25
00:25:21     all    0.50    0.00    0.00    0.00    0.00    0.00    0.00    0.00    0.00   99.50
00:25:22     all    0.50    0.00    0.50    0.00    0.00    0.00    0.00    0.00    0.00   99.00
00:25:23     all    0.50    0.00    0.00    0.00    0.00    0.00    0.00    0.00    0.00   99.50
00:25:24     all    0.50    0.00    0.00    0.00    0.00    0.00    0.00    0.00    0.00   99.50
00:25:25     all    0.75    0.00    0.00    0.00    0.00    0.00    0.00    0.00    0.00   99.25
00:25:26     all    0.50    0.00    0.25    0.00    0.00    0.00    0.00    0.00    0.00   99.25
00:25:27     all    0.25    0.00    0.25    0.00    0.00    0.00    0.25    0.00    0.00   99.25
00:25:28     all    0.50    0.00    0.00    0.00    0.00    0.00    0.00    0.00    0.00   99.50
00:25:29     all    0.50    0.00    0.00    0.00    0.00    0.25    0.00    0.00    0.00   99.25
00:25:30     all    0.50    0.00    0.25    0.00    0.00    0.00    0.00    0.00    0.00   99.25
00:25:31     all    0.50    0.00    0.00    0.00    0.00    0.00    0.00    0.00    0.00   99.50
00:25:32     all    0.75    0.00    0.00    0.00    0.00    0.00    0.00    0.00    0.00   99.25
00:25:33     all    0.50    0.00    0.00    0.00    0.00    0.00    0.00    0.00    0.00   99.50
00:25:34     all    0.50    0.00    0.25    0.00    0.00    0.00    0.00    0.00    0.00   99.25
00:25:35     all    0.50    0.00    0.25    0.25    0.00    0.25    0.00    0.00    0.00   98.76
00:25:36     all    0.50    0.00    0.00    0.00    0.00    0.25    0.00    0.00    0.00   99.25
00:25:37     all    0.50    0.00    0.25    0.00    0.00    0.00    0.00    0.00    0.00   99.25
00:25:38     all    0.25    0.00    0.00    0.00    0.00    0.00    0.00    0.00    0.00   99.75
00:25:39     all    0.75    0.00    0.00    0.00    0.00    0.25    0.00    0.00    0.00   99.00
00:25:40     all    0.50    0.00    0.00    0.25    0.00    0.00    0.00    0.00    0.00   99.25
00:25:41     all    0.50    0.00    0.25    0.00    0.00    0.00    0.00    0.00    0.00   99.25
00:25:42     all    0.75    0.00    0.25    0.00    0.00    0.00    0.00    0.00    0.00   99.00
00:25:43     all    0.25    0.00    0.00    0.00    0.00    0.00    0.00    0.00    0.00   99.75
00:25:44     all    0.50    0.00    0.00    0.00    0.00    0.25    0.00    0.00    0.00   99.25
00:25:45     all    0.50    0.00    0.50    0.00    0.00    0.00    0.00    0.00    0.00   99.00
00:25:46     all    0.50    0.00    0.00    0.00    0.00    0.00    0.00    0.00    0.00   99.50
00:25:47     all    0.50    0.00    0.00    0.00    0.00    0.00    0.00    0.00    0.00   99.50
00:25:48     all    0.50    0.00    0.25    0.00    0.00    0.00    0.00    0.00    0.00   99.25
00:25:49     all    0.50    0.00    0.25    0.00    0.00    0.25    0.00    0.00    0.00   99.00
00:25:50     all    0.50    0.00    0.00    0.00    0.00    0.00    0.00    0.00    0.00   99.50
00:25:51     all    0.75    0.00    0.25    0.00    0.00    0.00    0.00    0.00    0.00   99.00
00:25:52     all    0.50    0.00    0.00    0.00    0.00    0.00    0.00    0.00    0.00   99.50
00:25:53     all    0.50    0.00    0.00    0.00    0.00    0.00    0.00    0.00    0.00   99.50
00:25:54     all    0.50    0.00    0.25    0.00    0.00    0.00    0.00    0.00    0.00   99.25
00:25:55     all    0.50    0.00    0.00    0.00    0.00    0.00    0.00    0.00    0.00   99.50
00:25:56     all    0.25    0.00    0.00    0.00    0.00    0.00    0.00    0.00    0.00   99.75
00:25:57     all    0.25    0.00    0.25    0.00    0.00    0.00    0.00    0.00    0.00   99.50
00:25:58     all    0.25    0.00    0.00    0.00    0.00    0.00    0.00    0.00    0.00   99.75
00:25:59     all    0.25    0.00    0.25    0.00    0.00    0.00    0.00    0.00    0.00   99.50
00:26:00     all    0.25    0.00    0.00    0.00    0.00    0.00    0.00    0.00    0.00   99.75
00:26:01     all    0.75    0.00    0.00    0.00    0.00    0.00    0.00    0.00    0.00   99.25
00:26:02     all    0.25    0.00    0.25    0.00    0.00    0.00    0.00    0.00    0.00   99.50
00:26:03     all    0.25    0.00    0.00    0.00    0.00    0.00    0.00    0.00    0.00   99.75
00:26:04     all    0.75    0.00    0.00    0.00    0.00    0.25    0.00    0.00    0.00   99.00
00:26:05     all    0.75    0.00    0.25    0.00    0.00    0.00    0.00    0.00    0.00   99.00
00:26:06     all    0.50    0.00    0.00    0.00    0.00    0.00    0.00    0.00    0.00   99.50
00:26:07     all    0.25    0.00    0.00    0.00    0.00    0.00    0.00    0.00    0.00   99.75
00:26:08     all    0.75    0.00    0.25    0.00    0.00    0.00    0.00    0.00    0.00   99.00
00:26:09     all    0.50    0.00    0.00    0.00    0.00    0.00    0.00    0.00    0.00   99.50
00:26:10     all    0.50    0.00    0.00    0.25    0.00    0.00    0.00    0.00    0.00   99.25
00:26:11     all    0.50    0.00    0.25    0.00    0.00    0.25    0.00    0.00    0.00   99.00
00:26:12     all    0.75    0.00    0.25    0.00    0.00    0.00    0.00    0.00    0.00   98.99
00:26:13     all    0.75    0.00    0.00    0.00    0.00    0.00    0.00    0.00    0.00   99.25
00:26:14     all    0.50    0.00    0.00    0.00    0.00    0.25    0.00    0.00    0.00   99.25
00:26:15     all    0.50    0.00    0.25    0.00    0.00    0.00    0.25    0.00    0.00   99.00
00:26:16     all    0.75    0.00    0.25    0.00    0.00    0.25    0.00    0.00    0.00   98.75
00:26:17     all    0.50    0.00    0.00    0.00    0.00    0.00    0.00    0.00    0.00   99.50
00:26:18     all    0.75    0.00    0.25    0.00    0.00    0.00    0.00    0.00    0.00   99.00
00:26:19     all    0.75    0.00    0.00    0.00    0.00    0.00    0.00    0.00    0.00   99.25
00:26:20     all    0.75    0.00    0.00    0.00    0.00    0.00    0.00    0.00    0.00   99.25
00:26:21     all    0.50    0.00    0.25    0.00    0.00    0.25    0.00    0.00    0.00   99.00
00:26:22     all    0.50    0.00    0.00    0.00    0.00    0.00    0.00    0.00    0.00   99.50
00:26:23     all    0.50    0.00    0.50    0.00    0.00    0.00    0.00    0.00    0.00   99.00
00:26:24     all    0.50    0.00    0.00    0.00    0.00    0.25    0.00    0.00    0.00   99.25
00:26:25     all    0.50    0.00    0.00    0.00    0.00    0.00    0.00    0.00    0.00   99.50
00:26:26     all    0.75    0.00    0.25    0.00    0.00    0.00    0.00    0.00    0.00   99.00
00:26:27     all    0.25    0.00    0.00    0.00    0.00    0.00    0.00    0.00    0.00   99.75
00:26:28     all    0.50    0.00    0.00    0.00    0.00    0.00    0.00    0.00    0.00   99.50
00:26:29     all    0.50    0.00    0.25    0.00    0.00    0.25    0.00    0.00    0.00   99.00
00:26:30     all    0.50    0.00    0.25    0.25    0.00    0.00    0.00    0.00    0.00   99.00
00:26:31     all    0.75    0.00    0.00    0.00    0.00    0.00    0.00    0.00    0.00   99.25
00:26:32     all    0.25    0.00    0.00    0.00    0.00    0.00    0.00    0.00    0.00   99.75
00:26:33     all    0.75    0.00    0.00    0.00    0.00    0.25    0.00    0.00    0.00   99.00
00:26:34     all    0.75    0.00    0.25    0.00    0.00    0.00    0.00    0.00    0.00   99.00
00:26:35     all    0.25    0.00    0.00    0.00    0.00    0.25    0.00    0.00    0.00   99.50
00:26:36     all    0.75    0.00    0.00    0.00    0.00    0.00    0.00    0.00    0.00   99.25
00:26:37     all    0.50    0.00    0.25    0.00    0.00    0.00    0.00    0.00    0.00   99.25
00:26:38     all    0.50    0.00    0.00    0.00    0.00    0.25    0.00    0.00    0.00   99.25
00:26:39     all    0.50    0.00    0.00    0.00    0.00    0.00    0.00    0.00    0.00   99.50
00:26:40     all    0.50    0.00    0.00    0.00    0.00    0.25    0.00    0.00    0.00   99.25
00:26:41     all    0.50    0.00    0.00    0.00    0.00    0.00    0.00    0.00    0.00   99.50
00:26:42     all    0.50    0.00    0.25    0.00    0.00    0.00    0.00    0.00    0.00   99.25
00:26:43     all    0.25    0.00    0.00    0.00    0.00    0.25    0.00    0.00    0.00   99.50
00:26:44     all    0.75    0.00    0.25    0.00    0.00    0.25    0.00    0.00    0.00   98.76
00:26:45     all    0.75    0.00    0.00    0.00    0.00    0.00    0.00    0.00    0.00   99.25
00:26:46     all    0.50    0.00    0.00    0.00    0.00    0.00    0.00    0.00    0.00   99.50
00:26:47     all    0.50    0.00    0.00    0.00    0.00    0.00    0.00    0.00    0.00   99.50
00:26:48     all    0.50    0.00    0.25    0.00    0.00    0.00    0.00    0.00    0.00   99.25
00:26:49     all    0.50    0.00    0.00    0.00    0.00    0.25    0.00    0.00    0.00   99.25
00:26:50     all    0.75    0.00    0.00    0.00    0.00    0.00    0.00    0.00    0.00   99.25
00:26:51     all    0.50    0.00    0.25    0.00    0.00    0.25    0.00    0.00    0.00   99.00
00:26:52     all    0.50    0.00    0.25    0.00    0.00    0.00    0.00    0.00    0.00   99.25
00:26:53     all    0.50    0.00    0.00    0.00    0.00    0.00    0.00    0.00    0.00   99.50
00:26:54     all    0.75    0.00    0.25    0.00    0.00    0.25    0.00    0.00    0.00   98.76
00:26:55     all    0.75    0.00    0.00    0.00    0.00    0.00    0.00    0.00    0.00   99.25
00:26:56     all    0.75    0.00    0.00    0.25    0.00    0.00    0.00    0.00    0.00   98.99
00:26:57     all    0.50    0.00    0.00    0.00    0.00    0.00    0.00    0.00    0.00   99.50
00:26:58     all    0.75    0.00    0.25    0.00    0.00    0.25    0.00    0.00    0.00   98.76
00:26:59     all    0.50    0.00    0.00    0.00    0.00    0.00    0.00    0.00    0.00   99.50
00:27:00     all    0.50    0.00    0.00    0.00    0.00    0.25    0.00    0.00    0.00   99.25
00:27:01     all    0.50    0.00    0.50    0.00    0.00    0.00    0.00    0.00    0.00   99.00
00:27:02     all    0.50    0.00    0.00    0.00    0.00    0.00    0.00    0.00    0.00   99.50
00:27:03     all    0.75    0.00    0.00    0.00    0.00    0.00    0.00    0.00    0.00   99.25
00:27:04     all    0.50    0.00    0.25    0.00    0.00    0.00    0.00    0.00    0.00   99.25
00:27:05     all    0.75    0.00    0.00    0.00    0.00    0.25    0.00    0.00    0.00   99.00
00:27:06     all    0.50    0.00    0.00    0.00    0.00    0.00    0.00    0.00    0.00   99.50
00:27:07     all    0.50    0.00    0.00    0.00    0.00    0.25    0.00    0.00    0.00   99.25
00:27:08     all    0.75    0.00    0.25    0.00    0.00    0.00    0.00    0.00    0.00   99.00
00:27:09     all    0.75    0.00    0.00    0.00    0.00    0.00    0.00    0.00    0.00   99.25
00:27:10     all    0.50    0.00    0.25    0.00    0.00    0.25    0.00    0.00    0.00   99.00
00:27:11     all    0.75    0.00    0.00    0.00    0.00    0.00    0.00    0.00    0.00   99.25
00:27:12     all    0.50    0.00    0.25    0.00    0.00    0.25    0.00    0.00    0.00   99.00
00:27:13     all    0.75    0.00    0.00    0.00    0.00    0.25    0.00    0.00    0.00   99.00
00:27:14     all    0.50    0.00    0.00    0.00    0.00    0.00    0.00    0.00    0.00   99.50
00:27:15     all    0.50    0.00    0.50    0.00    0.00    0.00    0.00    0.00    0.00   98.99
00:27:16     all    0.25    0.00    0.00    0.00    0.00    0.00    0.00    0.00    0.00   99.75
00:27:17     all    0.75    0.00    0.00    0.00    0.00    0.25    0.00    0.00    0.00   99.00
00:27:18     all    0.50    0.00    0.00    0.00    0.00    0.00    0.00    0.00    0.00   99.50
00:27:19     all    0.75    0.00    0.00    0.00    0.00    0.00    0.00    0.00    0.00   99.25
00:27:20     all    0.50    0.00    0.25    0.00    0.00    0.00    0.00    0.00    0.00   99.25
00:27:21     all    1.00    0.00    0.00    0.00    0.00    0.00    0.00    0.00    0.00   99.00
00:27:22     all    0.50    0.00    0.25    0.00    0.00    0.00    0.00    0.00    0.00   99.25
00:27:23     all    0.50    0.00    0.25    0.00    0.00    0.25    0.00    0.00    0.00   99.00
00:27:24     all    0.50    0.00    0.00    0.00    0.00    0.00    0.00    0.00    0.00   99.50
00:27:25     all    0.75    0.00    0.25    0.00    0.00    0.00    0.00    0.00    0.00   99.00
00:27:26     all    0.50    0.00    0.25    0.00    0.00    0.25    0.00    0.00    0.00   99.00
00:27:27     all    0.50    0.00    0.00    0.00    0.00    0.00    0.00    0.00    0.00   99.50
00:27:28     all    0.76    0.00    0.00    0.00    0.00    0.00    0.00    0.00    0.00   99.24
00:27:29     all    0.50    0.00    0.50    0.00    0.00    0.00    0.00    0.00    0.00   99.00
00:27:30     all    0.50    0.00    0.00    0.00    0.00    0.00    0.00    0.00    0.00   99.50
00:27:31     all    0.50    0.00    0.25    0.00    0.00    0.25    0.00    0.00    0.00   99.00
00:27:32     all    0.75    0.00    0.00    0.00    0.00    0.00    0.00    0.00    0.00   99.25
00:27:33     all    0.50    0.00    0.00    0.25    0.00    0.25    0.00    0.00    0.00   99.00
00:27:34     all    0.75    0.00    0.00    0.00    0.00    0.00    0.00    0.00    0.00   99.25
00:27:35     all    0.75    0.00    0.25    0.00    0.00    0.25    0.00    0.00    0.00   98.75
00:27:36     all    0.50    0.00    0.00    0.00    0.00    0.00    0.00    0.00    0.00   99.50
00:27:37     all    0.75    0.00    0.25    0.00    0.00    0.00    0.00    0.00    0.00   99.00
00:27:38     all    0.50    0.00    0.00    0.00    0.00    0.00    0.00    0.00    0.00   99.50
00:27:39     all    0.25    0.00    0.50    0.00    0.00    0.25    0.00    0.00    0.00   99.00
00:27:40     all    0.50    0.00    0.00    0.00    0.00    0.00    0.00    0.00    0.00   99.50
00:27:41     all    0.50    0.00    0.00    0.00    0.00    0.00    0.25    0.00    0.00   99.25
00:27:42     all    0.50    0.00    0.25    0.00    0.00    0.00    0.00    0.00    0.00   99.25
00:27:43     all    0.75    0.00    0.25    0.00    0.00    0.50    0.00    0.00    0.00   98.51
00:27:44     all    0.50    0.00    0.00    0.00    0.00    0.00    0.00    0.00    0.00   99.50
00:27:45     all    0.50    0.00    0.25    0.00    0.00    0.25    0.00    0.00    0.00   99.00
00:27:46     all    0.75    0.00    0.00    0.00    0.00    0.00    0.00    0.00    0.00   99.25
00:27:47     all    0.50    0.00    0.25    0.00    0.00    0.00    0.00    0.00    0.00   99.25
00:27:48     all    0.50    0.00    0.00    0.00    0.00    0.25    0.00    0.00    0.00   99.25
00:27:49     all    0.76    0.00    0.00    0.00    0.00    0.00    0.00    0.00    0.00   99.24
00:27:50     all    1.00    0.00    0.25    0.00    0.00    0.00    0.00    0.00    0.00   98.75
00:27:51     all    0.50    0.00    0.25    0.00    0.00    0.25    0.00    0.00    0.00   99.00
00:27:52     all    0.50    0.00    0.00    0.00    0.00    0.00    0.00    0.00    0.00   99.50
00:27:53     all    0.50    0.00    0.25    0.00    0.00    0.00    0.00    0.00    0.00   99.25
00:27:54     all    0.75    0.00    0.00    1.25    0.00    0.50    0.00    0.00    0.00   97.49
00:27:55     all    0.75    0.00    0.00    0.25    0.00    0.00    0.00    0.00    0.00   99.00
00:27:56     all    0.50    0.00    0.25    0.00    0.00    0.00    0.25    0.00    0.00   99.00
00:27:57     all    0.50    0.00    0.25    0.00    0.00    0.00    0.00    0.00    0.00   99.25
00:27:58     all    0.75    0.00    0.00    0.00    0.00    0.00    0.00    0.00    0.00   99.25
00:27:59     all    0.75    0.00    0.00    0.00    0.00    0.00    0.00    0.00    0.00   99.25
00:28:00     all    0.50    0.00    0.25    0.00    0.00    0.50    0.00    0.00    0.00   98.75
00:28:01     all    0.75    0.00    0.00    0.00    0.00    0.00    0.00    0.00    0.00   99.25
00:28:02     all    0.50    0.00    0.00    0.00    0.00    0.25    0.00    0.00    0.00   99.25
00:28:03     all    0.25    0.00    0.25    0.00    0.00    0.00    0.00    0.00    0.00   99.50
00:28:04     all    0.75    0.00    0.00    0.00    0.00    0.00    0.00    0.00    0.00   99.25
00:28:05     all    0.50    0.00    0.25    0.00    0.00    0.00    0.00    0.00    0.00   99.25
00:28:06     all    0.50    0.00    0.00    0.00    0.00    0.00    0.00    0.00    0.00   99.50
00:28:07     all    0.75    0.00    0.25    0.00    0.00    0.00    0.25    0.00    0.00   98.75
00:28:08     all    0.50    0.00    0.00    0.00    0.00    0.00    0.00    0.00    0.00   99.50
00:28:09     all    0.50    0.00    0.25    0.00    0.00    0.00    0.00    0.00    0.00   99.25
00:28:10     all    0.75    0.00    0.00    0.00    0.00    0.00    0.00    0.00    0.00   99.25
00:28:11     all    0.50    0.00    0.25    0.25    0.00    0.25    0.00    0.00    0.00   98.75
00:28:12     all    0.50    0.00    0.00    0.00    0.00    0.00    0.00    0.00    0.00   99.50
00:28:13     all    0.50    0.00    0.00    0.00    0.00    0.00    0.00    0.00    0.00   99.50
00:28:14     all    0.75    0.00    0.25    0.00    0.00    0.00    0.00    0.00    0.00   99.00
00:28:15     all    0.75    0.00    0.25    0.00    0.00    0.00    0.00    0.00    0.00   99.00
00:28:16     all    0.50    0.00    0.25    0.00    0.00    0.00    0.00    0.00    0.00   99.25
00:28:17     all    0.75    0.00    0.00    0.00    0.00    0.00    0.00    0.00    0.00   99.25
00:28:18     all    0.50    0.00    0.00    0.00    0.00    0.00    0.00    0.00    0.00   99.50
00:28:19     all    0.75    0.00    0.00    0.00    0.00    0.25    0.00    0.00    0.00   99.00
00:28:20     all    0.50    0.00    0.25    0.00    0.00    0.00    0.00    0.00    0.00   99.25
00:28:21     all    0.75    0.00    0.00    0.00    0.00    0.00    0.00    0.00    0.00   99.25
00:28:22     all    0.50    0.00    0.00    0.00    0.00    0.00    0.00    0.00    0.00   99.50
00:28:23     all    1.00    0.00    0.75    0.00    0.00    0.25    0.00    0.00    0.00   98.01
00:28:24     all    0.50    0.00    0.25    0.00    0.00    0.25    0.00    0.00    0.00   99.00
00:28:25     all    0.75    0.00    0.25    0.00    0.00    0.00    0.00    0.00    0.00   99.00
00:28:26     all    0.75    0.00    0.00    0.00    0.00    0.00    0.00    0.00    0.00   99.25
00:28:27     all    0.75    0.00    0.25    0.00    0.00    0.00    0.00    0.00    0.00   99.00
00:28:28     all    0.50    0.00    0.00    0.00    0.00    0.00    0.00    0.00    0.00   99.50
00:28:29     all    0.75    0.00    0.00    0.00    0.00    0.00    0.00    0.00    0.00   99.25
00:28:30     all    0.50    0.00    0.00    0.00    0.00    0.00    0.00    0.00    0.00   99.50
00:28:31     all    0.50    0.00    0.25    0.00    0.00    0.00    0.00    0.00    0.00   99.25
00:28:32     all    0.75    0.00    0.25    0.00    0.00    0.25    0.00    0.00    0.00   98.76
00:28:33     all    0.50    0.00    0.25    0.00    0.00    0.00    0.00    0.00    0.00   99.25
00:28:34     all    0.75    0.00    0.25    0.00    0.00    0.00    0.00    0.00    0.00   99.00
00:28:35     all    0.75    0.00    0.25    0.00    0.00    0.00    0.00    0.00    0.00   99.00
00:28:36     all    0.50    0.00    0.00    0.00    0.00    0.00    0.00    0.00    0.00   99.50
00:28:37     all    0.50    0.00    0.25    0.00    0.00    0.25    0.00    0.00    0.00   99.00
00:28:38     all    0.50    0.00    0.25    0.00    0.00    0.00    0.00    0.00    0.00   99.25
00:28:39     all    0.75    0.00    0.00    0.25    0.00    0.00    0.00    0.00    0.00   99.00
00:28:40     all    0.50    0.00    0.00    0.00    0.00    0.00    0.00    0.00    0.00   99.50
00:28:41     all    0.75    0.00    0.25    0.00    0.00    0.00    0.00    0.00    0.00   99.00
00:28:42     all    0.50    0.00    0.00    0.00    0.00    0.00    0.00    0.00    0.00   99.50
00:28:43     all    0.50    0.00    0.25    0.00    0.00    0.00    0.00    0.00    0.00   99.25
00:28:44     all    0.75    0.00    0.25    0.00    0.00    0.25    0.00    0.00    0.00   98.75
00:28:45     all    0.76    0.00    0.00    0.00    0.00    0.00    0.00    0.00    0.00   99.24
00:28:46     all    0.50    0.00    0.00    0.00    0.00    0.00    0.00    0.00    0.00   99.50
00:28:47     all    0.75    0.00    0.25    0.00    0.00    0.00    0.00    0.00    0.00   99.00
00:28:48     all    0.50    0.00    0.25    0.00    0.00    0.25    0.00    0.00    0.00   99.00
00:28:49     all    0.50    0.00    0.00    0.00    0.00    0.00    0.00    0.00    0.00   99.50
00:28:50     all    0.50    0.00    0.25    0.00    0.00    0.00    0.00    0.00    0.00   99.25
00:28:51     all    1.00    0.00    0.00    0.00    0.00    0.00    0.00    0.00    0.00   99.00
00:28:52     all    0.75    0.00    0.00    0.00    0.00    0.00    0.00    0.00    0.00   99.25
00:28:53     all    0.75    0.00    0.00    0.00    0.00    0.25    0.00    0.00    0.00   99.00
00:28:54     all    0.50    0.00    0.00    0.00    0.00    0.00    0.25    0.00    0.00   99.25
00:28:55     all    0.50    0.00    0.25    0.00    0.00    0.00    0.00    0.00    0.00   99.25
00:28:56     all    0.50    0.00    0.25    0.00    0.00    0.00    0.00    0.00    0.00   99.25
00:28:57     all    0.25    0.00    0.50    0.00    0.00    0.00    0.00    0.00    0.00   99.25
00:28:58     all    0.25    0.00    0.00    0.00    0.00    0.00    0.00    0.00    0.00   99.75
00:28:59     all    0.25    0.00    0.00    0.00    0.00    0.00    0.00    0.00    0.00   99.75
00:29:00     all    0.50    0.00    0.00    0.00    0.00    0.00    0.00    0.00    0.00   99.50
00:29:01     all    0.50    0.00    0.00    0.00    0.00    0.00    0.00    0.00    0.00   99.50
00:29:02     all    0.75    0.00    0.25    0.00    0.00    0.00    0.00    0.00    0.00   98.99
00:29:03     all    0.99    0.00    0.25    0.00    0.00    0.25    0.00    0.00    0.00   98.51
00:29:04     all    0.25    0.00    0.25    0.25    0.00    0.00    0.00    0.00    0.00   99.25
00:29:05     all    0.75    0.00    0.00    0.00    0.00    0.00    0.00    0.00    0.00   99.25
00:29:06     all    0.50    0.00    0.00    0.00    0.00    0.00    0.00    0.00    0.00   99.50
00:29:07     all    0.50    0.00    0.25    0.00    0.00    0.00    0.00    0.00    0.00   99.25
00:29:08     all    0.50    0.00    0.00    0.00    0.00    0.00    0.00    0.00    0.00   99.50
00:29:09     all    0.50    0.00    0.00    0.00    0.00    0.00    0.00    0.00    0.00   99.50
00:29:10     all    0.50    0.00    0.25    0.00    0.00    0.00    0.00    0.00    0.00   99.25
00:29:11     all    1.00    0.00    0.25    0.00    0.00    0.25    0.00    0.00    0.00   98.51
00:29:12     all    0.50    0.00    0.25    0.00    0.00    0.25    0.00    0.00    0.00   99.00
00:29:13     all    0.50    0.00    0.25    0.00    0.00    0.00    0.00    0.00    0.00   99.25
00:29:14     all    0.50    0.00    0.25    0.00    0.00    0.00    0.00    0.00    0.00   99.25
00:29:15     all    0.50    0.00    0.00    0.00    0.00    0.00    0.00    0.00    0.00   99.50
00:29:16     all    0.50    0.00    0.25    0.25    0.00    0.25    0.00    0.00    0.00   98.75
00:29:17     all    0.50    0.00    0.25    0.00    0.00    0.00    0.00    0.00    0.00   99.25
00:29:18     all    0.75    0.00    0.25    0.00    0.00    0.00    0.00    0.00    0.00   99.00
00:29:19     all    0.50    0.00    0.00    0.00    0.00    0.00    0.00    0.00    0.00   99.50
00:29:20     all    0.75    0.00    0.25    0.00    0.00    0.00    0.00    0.00    0.00   99.00
00:29:21     all    0.50    0.00    0.00    0.00    0.00    0.00    0.00    0.00    0.00   99.50
00:29:22     all    0.75    0.00    0.50    0.00    0.00    0.00    0.00    0.00    0.00   98.76
00:29:23     all    0.50    0.00    0.00    0.00    0.00    0.00    0.00    0.00    0.00   99.50
00:29:24     all    0.75    0.00    0.00    0.00    0.00    0.00    0.00    0.00    0.00   99.25
00:29:25     all    0.50    0.00    0.25    0.00    0.00    0.25    0.00    0.00    0.00   99.00
00:29:26     all    0.50    0.00    0.00    0.00    0.00    0.00    0.00    0.00    0.00   99.50
00:29:27     all    0.50    0.00    0.50    0.00    0.00    0.00    0.00    0.00    0.00   99.00
00:29:28     all    0.50    0.00    0.00    0.00    0.00    0.00    0.00    0.00    0.00   99.50
00:29:29     all    0.75    0.00    0.25    0.00    0.00    0.00    0.25    0.00    0.00   98.75
00:29:30     all    0.50    0.00    0.00    0.00    0.00    0.00    0.00    0.00    0.00   99.50
00:29:31     all    0.50    0.00    0.00    0.00    0.00    0.00    0.00    0.00    0.00   99.50
00:29:32     all    0.75    0.00    0.00    0.00    0.00    0.00    0.00    0.00    0.00   99.25
00:29:33     all    0.75    0.00    0.25    0.00    0.00    0.00    0.00    0.00    0.00   99.00
00:29:34     all    0.50    0.00    0.00    0.00    0.00    0.00    0.00    0.00    0.00   99.50
00:29:35     all    0.75    0.00    0.50    0.00    0.00    0.25    0.00    0.00    0.00   98.51
00:29:36     all    0.50    0.00    0.00    0.00    0.00    0.25    0.00    0.00    0.00   99.25
00:29:37     all    0.50    0.00    0.25    0.00    0.00    0.25    0.25    0.00    0.00   98.74
00:29:38     all    0.75    0.00    0.00    0.00    0.00    0.00    0.00    0.00    0.00   99.25
00:29:39     all    0.50    0.00    0.00    0.00    0.00    0.00    0.00    0.00    0.00   99.50
00:29:40     all    1.00    0.00    0.25    0.00    0.00    0.00    0.00    0.00    0.00   98.75
00:29:41     all    0.25    0.00    0.00    0.00    0.00    0.00    0.00    0.00    0.00   99.75
00:29:42     all    0.51    0.00    0.00    0.00    0.00    0.00    0.00    0.00    0.00   99.49
00:29:43     all    0.75    0.00    0.00    0.00    0.00    0.25    0.00    0.00    0.00   99.00
00:29:44     all    0.50    0.00    0.00    0.00    0.00    0.00    0.00    0.00    0.00   99.50
00:29:45     all    0.50    0.00    0.25    0.25    0.00    0.00    0.00    0.00    0.00   99.00
00:29:46     all    0.50    0.00    0.00    0.00    0.00    0.00    0.00    0.00    0.00   99.50
00:29:47     all    0.50    0.00    0.00    0.00    0.00    0.00    0.00    0.00    0.00   99.50
00:29:48     all    0.75    0.00    0.25    0.00    0.00    0.00    0.00    0.00    0.00   99.00
00:29:49     all    0.76    0.00    0.00    0.00    0.00    0.00    0.00    0.00    0.00   99.24
00:29:50     all    0.75    0.00    0.25    0.00    0.00    0.00    0.00    0.00    0.00   99.00
00:29:51     all    0.50    0.00    0.25    0.00    0.00    0.00    0.00    0.00    0.00   99.25
00:29:52     all    0.50    0.00    0.00    0.00    0.00    0.25    0.00    0.00    0.00   99.25
00:29:53     all    0.50    0.00    0.00    0.00    0.00    0.00    0.00    0.00    0.00   99.50
00:29:54     all    0.75    0.00    0.25    0.00    0.00    0.00    0.00    0.00    0.00   98.99
00:29:55     all    0.50    0.00    0.25    0.00    0.00    0.00    0.00    0.00    0.00   99.25
00:29:56     all    0.50    0.00    0.00    0.00    0.00    0.25    0.00    0.00    0.00   99.24
00:29:57     all    0.50    0.00    0.25    0.00    0.00    0.00    0.00    0.00    0.00   99.25
00:29:58     all    0.50    0.00    0.25    0.00    0.00    0.00    0.00    0.00    0.00   99.25
00:29:59     all    0.50    0.00    0.00    0.00    0.00    0.00    0.00    0.00    0.00   99.50
00:30:00     all    0.75    0.00    0.50    0.00    0.00    0.00    0.00    0.00    0.00   98.76
00:30:01     all    0.50    0.00    0.00    0.00    0.00    0.25    0.00    0.00    0.00   99.25
00:30:02     all    0.25    0.00    0.00    0.00    0.00    0.00    0.00    0.00    0.00   99.75
00:30:03     all    0.75    0.00    0.25    0.00    0.00    0.00    0.00    0.00    0.00   99.00
00:30:04     all    0.75    0.00    0.00    0.00    0.00    0.00    0.00    0.00    0.00   99.25
00:30:05     all    0.50    0.00    0.00    0.00    0.00    0.00    0.00    0.00    0.00   99.50
00:30:06     all    0.50    0.00    0.25    0.00    0.00    0.25    0.00    0.00    0.00   99.00
00:30:07     all    0.75    0.00    0.00    0.00    0.00    0.00    0.00    0.00    0.00   99.25
00:30:08     all    0.50    0.00    0.00    0.00    0.00    0.00    0.00    0.00    0.00   99.50
00:30:09     all    0.75    0.00    0.00    0.00    0.00    0.00    0.00    0.00    0.00   99.25
00:30:10     all    0.50    0.00    0.25    0.00    0.00    0.25    0.00    0.00    0.00   99.00
00:30:11     all    0.50    0.00    0.00    0.00    0.00    0.00    0.00    0.00    0.00   99.50
00:30:12     all    0.75    0.00    0.25    0.00    0.00    0.00    0.00    0.00    0.00   99.00
00:30:13     all    0.50    0.00    0.25    0.00    0.00    0.00    0.00    0.00    0.00   99.25
00:30:14     all    0.75    0.00    0.25    0.00    0.00    0.25    0.00    0.00    0.00   98.76
00:30:15     all    0.50    0.00    0.00    0.00    0.00    0.00    0.25    0.00    0.00   99.25
00:30:16     all    0.50    0.00    0.25    0.00    0.00    0.25    0.00    0.00    0.00   99.00
00:30:17     all    0.75    0.00    0.00    0.00    0.00    0.00    0.00    0.00    0.00   99.25
00:30:18     all    0.50    0.00    0.25    0.00    0.00    0.00    0.00    0.00    0.00   99.25
00:30:19     all    0.50    0.00    0.00    0.00    0.00    0.25    0.00    0.00    0.00   99.25
00:30:20     all    1.00    0.00    0.00    0.00    0.00    0.25    0.00    0.00    0.00   98.75
00:30:21     all    0.25    0.00    0.25    0.00    0.00    0.25    0.00    0.00    0.00   99.25
00:30:22     all    0.50    0.00    0.00    0.00    0.00    0.00    0.00    0.00    0.00   99.50
00:30:23     all    0.75    0.00    0.00    0.00    0.00    0.00    0.00    0.00    0.00   99.25
00:30:24     all    1.01    0.00    1.51    2.26    0.00    0.50    0.00    0.00    0.00   94.72
00:30:25     all    0.25    0.00    0.00    0.00    0.00    0.00    0.00    0.00    0.00   99.75
00:30:26     all    0.50    0.00    0.25    0.00    0.00    0.00    0.00    0.00    0.00   99.25
00:30:27     all    0.75    0.00    0.00    0.00    0.00    0.25    0.00    0.00    0.00   99.00
00:30:28     all    0.75    0.00    0.00    0.00    0.00    0.00    0.00    0.00    0.00   99.25
00:30:29     all    0.50    0.00    0.50    0.00    0.00    0.00    0.00    0.00    0.00   99.00
00:30:30     all    0.25    0.00    0.00    0.00    0.00    0.25    0.00    0.00    0.00   99.50
00:30:31     all    0.75    0.00    0.00    0.00    0.00    0.00    0.00    0.00    0.00   99.25
00:30:32     all    0.50    0.00    0.00    0.00    0.00    0.00    0.00    0.00    0.00   99.50
00:30:33     all    0.50    0.00    0.25    0.00    0.00    0.25    0.00    0.00    0.00   99.00
00:30:34     all    0.75    0.00    0.00    0.00    0.00    0.00    0.00    0.00    0.00   99.25
00:30:35     all    0.50    0.00    0.00    0.00    0.00    0.00    0.00    0.00    0.00   99.50
00:30:36     all    0.50    0.00    0.25    0.00    0.00    0.00    0.25    0.00    0.00   99.00
00:30:37     all    1.00    0.00    0.00    0.00    0.00    0.25    0.00    0.00    0.00   98.75
00:30:38     all    0.50    0.00    0.00    0.00    0.00    0.00    0.00    0.00    0.00   99.50
00:30:39     all    0.50    0.00    0.25    0.00    0.00    0.00    0.00    0.00    0.00   99.25
00:30:40     all    0.50    0.00    0.00    0.00    0.00    0.00    0.00    0.00    0.00   99.50
00:30:41     all    0.50    0.00    0.00    0.00    0.00    0.00    0.00    0.00    0.00   99.50
00:30:42     all    0.50    0.00    0.25    0.25    0.00    0.00    0.00    0.00    0.00   99.00
00:30:43     all    0.50    0.00    0.25    0.00    0.00    0.25    0.00    0.00    0.00   99.00
00:30:44     all    0.50    0.00    0.50    0.00    0.00    0.25    0.00    0.00    0.00   98.75
00:30:45     all    0.50    0.00    0.25    0.00    0.00    0.00    0.00    0.00    0.00   99.25
00:30:46     all    0.50    0.00    0.00    0.00    0.00    0.00    0.00    0.00    0.00   99.50
00:30:47     all    0.75    0.00    0.00    0.00    0.00    0.50    0.00    0.00    0.00   98.75
00:30:48     all    0.50    0.00    0.00    0.00    0.00    0.00    0.00    0.00    0.00   99.50
00:30:49     all    0.75    0.00    0.00    0.00    0.00    0.00    0.00    0.00    0.00   99.25
00:30:50     all    0.50    0.00    0.00    0.00    0.00    0.25    0.00    0.00    0.00   99.25
00:30:51     all    0.75    0.00    0.25    0.00    0.00    0.00    0.00    0.00    0.00   99.00
00:30:52     all    0.50    0.00    0.00    0.00    0.00    0.00    0.00    0.00    0.00   99.50
00:30:53     all    0.75    0.00    0.00    0.00    0.00    0.25    0.00    0.00    0.00   99.00
00:30:54     all    0.50    0.00    0.25    0.25    0.00    0.00    0.00    0.00    0.00   99.00
00:30:55     all    0.50    0.00    0.00    0.00    0.00    0.00    0.00    0.00    0.00   99.50
00:30:56     all    0.50    0.00    0.00    0.00    0.00    0.25    0.00    0.00    0.00   99.25
00:30:57     all    0.50    0.00    0.25    0.00    0.00    0.00    0.00    0.00    0.00   99.25
00:30:58     all    0.50    0.00    0.25    0.00    0.00    0.00    0.00    0.00    0.00   99.25
00:30:59     all    0.50    0.00    0.00    0.00    0.00    0.25    0.00    0.00    0.00   99.25
00:31:00     all    0.50    0.00    0.25    0.00    0.00    0.00    0.00    0.00    0.00   99.25
00:31:01     all    0.75    0.00    0.00    0.00    0.00    0.25    0.00    0.00    0.00   99.00
00:31:02     all    0.75    0.00    0.00    0.00    0.00    0.00    0.00    0.00    0.00   99.25
00:31:03     all    0.50    0.00    0.00    0.00    0.00    0.25    0.00    0.00    0.00   99.25
00:31:04     all    0.50    0.00    0.50    0.00    0.00    0.00    0.00    0.00    0.00   99.00
00:31:05     all    0.75    0.00    0.00    0.00    0.00    0.00    0.00    0.00    0.00   99.25
00:31:06     all    0.50    0.00    0.00    0.00    0.00    0.00    0.00    0.00    0.00   99.50
00:31:07     all    0.50    0.00    0.25    0.00    0.00    0.25    0.00    0.00    0.00   99.00
00:31:08     all    0.50    0.00    0.00    0.00    0.00    0.00    0.00    0.00    0.00   99.50
00:31:09     all    0.75    0.00    0.00    0.00    0.00    0.00    0.00    0.00    0.00   99.25
00:31:10     all    0.50    0.00    0.00    0.00    0.00    0.25    0.00    0.00    0.00   99.25
00:31:11     all    1.00    0.00    0.25    0.00    0.00    0.00    0.00    0.00    0.00   98.75
00:31:12     all    0.50    0.00    0.00    0.00    0.00    0.25    0.00    0.00    0.00   99.25
00:31:13     all    0.75    0.00    0.25    0.00    0.00    0.00    0.00    0.00    0.00   99.00
00:31:14     all    0.50    0.00    0.25    0.00    0.00    0.00    0.00    0.00    0.00   99.25
00:31:15     all    0.75    0.00    0.00    0.00    0.00    0.25    0.00    0.00    0.00   99.00
00:31:16     all    0.50    0.00    0.00    0.00    0.00    0.00    0.00    0.00    0.00   99.50
00:31:17     all    0.75    0.00    0.00    0.00    0.00    0.00    0.00    0.00    0.00   99.25
00:31:18     all    0.50    0.00    0.25    0.00    0.00    0.25    0.00    0.00    0.00   99.00
00:31:19     all    0.75    0.00    0.00    0.00    0.00    0.00    0.00    0.00    0.00   99.25
00:31:20     all    0.75    0.00    0.25    0.00    0.00    0.25    0.00    0.00    0.00   98.76
00:31:21     all    0.75    0.00    0.00    0.25    0.00    0.00    0.00    0.00    0.00   99.00
00:31:22     all    0.50    0.00    0.25    0.00    0.00    0.00    0.00    0.00    0.00   99.25
00:31:23     all    0.50    0.00    0.00    0.00    0.00    0.00    0.00    0.00    0.00   99.50
00:31:24     all    0.75    0.00    0.25    0.00    0.00    0.25    0.00    0.00    0.00   98.75
00:31:25     all    0.50    0.00    0.00    0.00    0.00    0.00    0.00    0.00    0.00   99.50
00:31:26     all    0.50    0.00    0.25    0.00    0.00    0.25    0.00    0.00    0.00   99.00
00:31:27     all    0.50    0.00    0.00    0.00    0.00    0.00    0.00    0.00    0.00   99.50
00:31:28     all    0.75    0.00    0.25    0.00    0.00    0.00    0.00    0.00    0.00   99.00
00:31:29     all    0.50    0.00    0.00    0.00    0.00    0.25    0.00    0.00    0.00   99.25
00:31:30     all    0.50    0.00    0.25    0.00    0.00    0.25    0.00    0.00    0.00   99.00
00:31:31     all    0.50    0.00    0.25    0.00    0.00    0.00    0.00    0.00    0.00   99.25
00:31:32     all    0.50    0.00    0.00    0.00    0.00    0.25    0.00    0.00    0.00   99.25
00:31:33     all    0.25    0.00    0.25    0.00    0.00    0.00    0.00    0.00    0.00   99.50
00:31:34     all    0.75    0.00    0.25    0.00    0.00    0.25    0.00    0.00    0.00   98.75
00:31:35     all    0.50    0.00    0.00    0.00    0.00    0.00    0.00    0.00    0.00   99.50
00:31:36     all    0.75    0.00    0.00    0.00    0.00    0.50    0.25    0.00    0.00   98.51
00:31:37     all    0.50    0.00    0.25    0.00    0.00    0.00    0.00    0.00    0.00   99.25
00:31:38     all    0.75    0.00    0.00    0.00    0.00    0.00    0.00    0.00    0.00   99.25
00:31:39     all    0.50    0.00    0.00    0.00    0.00    0.25    0.00    0.00    0.00   99.25
00:31:40     all    0.75    0.00    0.25    0.00    0.00    0.00    0.00    0.00    0.00   99.00
00:31:41     all    0.50    0.00    0.25    0.00    0.00    0.00    0.00    0.00    0.00   99.25
00:31:42     all    0.75    0.00    0.00    0.00    0.00    0.00    0.00    0.00    0.00   99.25
00:31:43     all    0.50    0.00    0.00    0.00    0.00    0.25    0.00    0.00    0.00   99.25
00:31:44     all    0.50    0.00    0.00    0.00    0.00    0.00    0.00    0.00    0.00   99.50
00:31:45     all    0.75    0.00    0.25    0.25    0.00    0.25    0.00    0.00    0.00   98.51
00:31:46     all    0.75    0.00    0.00    0.00    0.00    0.00    0.00    0.00    0.00   99.25
00:31:47     all    0.50    0.00    0.00    0.00    0.00    0.25    0.00    0.00    0.00   99.25
00:31:48     all    0.50    0.00    0.25    0.00    0.00    0.00    0.00    0.00    0.00   99.25
00:31:49     all    1.00    0.00    0.25    0.00    0.00    0.00    0.00    0.00    0.00   98.75
00:31:50     all    1.00    0.00    0.00    0.00    0.00    0.25    0.00    0.00    0.00   98.75
00:31:51     all    0.50    0.00    0.00    0.00    0.00    0.00    0.00    0.00    0.00   99.50
00:31:52     all    0.75    0.00    0.00    0.00    0.00    0.00    0.00    0.00    0.00   99.25
00:31:53     all    0.50    0.00    0.25    0.00    0.00    0.00    0.00    0.00    0.00   99.25
00:31:54     all    0.75    0.00    0.00    0.00    0.00    0.25    0.00    0.00    0.00   99.00
00:31:55     all    0.50    0.00    0.00    0.00    0.00    0.00    0.00    0.00    0.00   99.50
00:31:56     all    0.50    0.00    0.00    0.00    0.00    0.25    0.00    0.00    0.00   99.25
00:31:57     all    0.50    0.00    0.25    0.00    0.00    0.00    0.00    0.00    0.00   99.25
00:31:58     all    0.25    0.00    0.00    0.00    0.00    0.25    0.00    0.00    0.00   99.50
00:31:59     all    0.50    0.00    0.00    0.00    0.00    0.00    0.00    0.00    0.00   99.50
00:32:00     all    0.25    0.00    0.00    0.00    0.00    0.00    0.00    0.00    0.00   99.75
00:32:01     all    0.50    0.00    0.00    0.00    0.00    0.00    0.00    0.00    0.00   99.50
00:32:02     all    0.50    0.00    0.25    0.00    0.00    0.00    0.00    0.00    0.00   99.25
00:32:03     all    0.50    0.00    0.00    0.00    0.00    0.25    0.00    0.00    0.00   99.25
00:32:04     all    0.00    0.00    0.25    0.00    0.00    0.00    0.00    0.00    0.00   99.75
00:32:05     all    0.75    0.00    0.00    0.00    0.00    0.00    0.00    0.00    0.00   99.25
00:32:06     all    0.75    0.00    0.00    0.00    0.00    0.00    0.00    0.00    0.00   99.25
00:32:07     all    0.50    0.00    0.25    0.00    0.00    0.00    0.00    0.00    0.00   99.25
00:32:08     all    0.50    0.00    0.00    0.00    0.00    0.25    0.00    0.00    0.00   99.25
00:32:09     all    0.25    0.00    0.25    0.00    0.00    0.00    0.00    0.00    0.00   99.50
00:32:10     all    0.50    0.00    0.00    0.00    0.00    0.25    0.00    0.00    0.00   99.25
00:32:11     all    0.75    0.00    0.00    0.00    0.00    0.00    0.00    0.00    0.00   99.25
00:32:12     all    0.50    0.00    0.25    0.25    0.00    0.25    0.00    0.00    0.00   98.75
00:32:13     all    0.50    0.00    0.00    0.00    0.00    0.00    0.00    0.00    0.00   99.50
00:32:14     all    1.00    0.00    0.00    0.00    0.00    0.00    0.00    0.00    0.00   99.00
00:32:15     all    0.50    0.00    0.25    0.00    0.00    0.25    0.00    0.00    0.00   99.00
00:32:16     all    0.50    0.00    0.00    0.00    0.00    0.25    0.00    0.00    0.00   99.25
00:32:17     all    0.75    0.00    0.00    0.00    0.00    0.25    0.00    0.00    0.00   99.00
00:32:18     all    0.50    0.00    0.00    0.00    0.00    0.00    0.00    0.00    0.00   99.50
00:32:19     all    0.75    0.00    0.25    0.00    0.00    0.00    0.00    0.00    0.00   99.00
00:32:20     all    0.50    0.00    0.00    0.00    0.00    0.25    0.00    0.00    0.00   99.25
00:32:21     all    0.25    0.00    0.25    0.00    0.00    0.00    0.25    0.00    0.00   99.25
00:32:22     all    0.50    0.00    0.00    0.00    0.00    0.00    0.00    0.00    0.00   99.50
00:32:23     all    0.75    0.00    0.00    0.00    0.00    0.25    0.00    0.00    0.00   99.00
00:32:24     all    0.75    0.00    0.25    0.00    0.00    0.00    0.00    0.00    0.00   99.00
00:32:25     all    0.50    0.00    0.00    0.25    0.00    0.00    0.00    0.00    0.00   99.25
00:32:26     all    0.75    0.00    0.50    0.00    0.00    0.25    0.00    0.00    0.00   98.51
00:32:27     all    0.50    0.00    0.00    0.00    0.00    0.00    0.00    0.00    0.00   99.50
00:32:28     all    0.50    0.00    0.25    0.00    0.00    0.25    0.00    0.00    0.00   99.00
00:32:29     all    0.75    0.00    0.00    0.00    0.00    0.00    0.00    0.00    0.00   99.25
00:32:30     all    0.50    0.00    0.25    0.00    0.00    0.25    0.25    0.00    0.00   98.75
00:32:31     all    0.50    0.00    0.00    0.00    0.00    0.00    0.00    0.00    0.00   99.50
00:32:32     all    0.50    0.00    0.00    0.00    0.00    0.25    0.00    0.00    0.00   99.25
00:32:33     all    0.50    0.00    0.25    0.00    0.00    0.00    0.00    0.00    0.00   99.25
00:32:34     all    0.50    0.00    0.00    0.00    0.00    0.25    0.00    0.00    0.00   99.25
00:32:35     all    0.50    0.00    0.25    0.00    0.00    0.00    0.00    0.00    0.00   99.25
00:32:36     all    0.75    0.00    0.00    0.00    0.00    0.25    0.00    0.00    0.00   99.00
00:32:37     all    0.50    0.00    0.25    0.00    0.00    0.00    0.00    0.00    0.00   99.25
00:32:38     all    0.75    0.00    0.00    0.00    0.00    0.25    0.00    0.00    0.00   99.00
00:32:39     all    0.75    0.00    0.00    0.00    0.00    0.00    0.00    0.00    0.00   99.25
00:32:40     all    0.75    0.00    0.50    0.00    0.00    0.00    0.00    0.00    0.00   98.75
00:32:41     all    0.50    0.00    0.00    0.00    0.00    0.25    0.00    0.00    0.00   99.25
00:32:42     all    0.50    0.00    0.00    0.00    0.00    0.00    0.00    0.00    0.00   99.50
00:32:43     all    0.50    0.00    0.25    0.00    0.00    0.25    0.00    0.00    0.00   99.00
00:32:44     all    0.25    0.00    0.00    0.00    0.00    0.00    0.00    0.00    0.00   99.75
00:32:45     all    0.50    0.00    0.00    0.00    0.00    0.00    0.00    0.00    0.00   99.50
00:32:46     all    0.50    0.00    0.25    0.00    0.00    0.25    0.00    0.00    0.00   99.00
00:32:47     all    0.50    0.00    0.00    0.00    0.00    0.00    0.00    0.00    0.00   99.50
00:32:48     all    0.50    0.00    0.25    0.00    0.00    0.00    0.00    0.00    0.00   99.25
00:32:49     all    0.50    0.00    0.25    0.00    0.00    0.00    0.00    0.00    0.00   99.25
00:32:50     all    0.50    0.00    0.25    0.00    0.00    0.25    0.00    0.00    0.00   99.00
00:32:51     all    0.25    0.00    0.00    0.00    0.00    0.00    0.00    0.00    0.00   99.75
00:32:52     all    0.50    0.00    0.00    0.00    0.00    0.25    0.00    0.00    0.00   99.25
00:32:53     all    0.50    0.00    0.00    0.00    0.00    0.00    0.00    0.00    0.00   99.50
00:32:54     all    0.50    0.00    0.00    0.00    0.00    0.00    0.25    0.00    0.00   99.25
00:32:55     all    0.50    0.00    0.00    0.00    0.00    0.00    0.00    0.00    0.00   99.50
00:32:56     all    0.50    0.00    0.25    0.00    0.00    0.25    0.00    0.00    0.00   99.00
00:32:57     all    0.50    0.00    0.00    0.00    0.00    0.00    0.00    0.00    0.00   99.50
00:32:58     all    0.50    0.00    0.00    0.00    0.00    0.00    0.00    0.00    0.00   99.50
00:32:59     all    0.50    0.00    0.00    0.00    0.00    0.25    0.00    0.00    0.00   99.25
00:33:00     all    0.50    0.00    0.50    0.00    0.00    0.00    0.00    0.00    0.00   99.00
00:33:01     all    0.50    0.00    0.00    0.00    0.00    0.00    0.00    0.00    0.00   99.50
00:33:02     all    0.00    0.00    0.00    0.00    0.00    0.25    0.00    0.00    0.00   99.75
00:33:03     all    0.50    0.00    0.25    0.00    0.00    0.00    0.00    0.00    0.00   99.25
00:33:04     all    0.25    0.00    0.25    0.00    0.00    0.00    0.00    0.00    0.00   99.49
00:33:05     all    1.00    0.00    0.25    0.00    0.00    0.00    0.00    0.00    0.00   98.75
00:33:06     all    0.25    0.00    0.25    0.25    0.00    0.00    0.00    0.00    0.00   99.25
00:33:07     all    0.25    0.00    0.25    0.00    0.00    0.50    0.00    0.00    0.00   99.00
00:33:08     all    0.50    0.00    0.00    0.00    0.00    0.00    0.00    0.00    0.00   99.50
00:33:09     all    0.50    0.00    0.25    0.00    0.00    0.00    0.00    0.00    0.00   99.25
00:33:10     all    0.50    0.00    0.00    0.00    0.00    0.00    0.00    0.00    0.00   99.50
00:33:11     all    0.50    0.00    0.00    0.00    0.00    0.00    0.00    0.00    0.00   99.50
00:33:12     all    0.50    0.00    0.25    0.00    0.00    0.00    0.00    0.00    0.00   99.25
00:33:13     all    0.50    0.00    0.25    0.00    0.00    0.25    0.00    0.00    0.00   99.00
00:33:14     all    0.50    0.00    0.00    0.00    0.00    0.00    0.00    0.00    0.00   99.50
00:33:15     all    0.50    0.00    0.25    0.00    0.00    0.00    0.00    0.00    0.00   99.25
00:33:16     all    0.50    0.00    0.00    0.00    0.00    0.00    0.00    0.00    0.00   99.50
00:33:17     all    0.50    0.00    0.00    0.00    0.00    0.00    0.00    0.00    0.00   99.50
00:33:18     all    0.50    0.00    0.25    0.00    0.00    0.00    0.00    0.00    0.00   99.25
00:33:19     all    0.50    0.00    0.00    0.00    0.00    0.25    0.00    0.00    0.00   99.25
00:33:20     all    0.50    0.00    0.00    0.00    0.00    0.00    0.00    0.00    0.00   99.50
00:33:21     all    0.75    0.00    0.00    0.00    0.00    0.00    0.00    0.00    0.00   99.25
00:33:22     all    0.25    0.00    0.25    0.00    0.00    0.00    0.00    0.00    0.00   99.50
00:33:23     all    0.50    0.00    0.00    0.00    0.00    0.00    0.00    0.00    0.00   99.50
00:33:24     all    0.50    0.00    0.25    0.00    0.00    0.00    0.00    0.00    0.00   99.25
00:33:25     all    0.50    0.00    0.00    0.00    0.00    0.00    0.00    0.00    0.00   99.50
00:33:26     all    0.50    0.00    0.00    0.00    0.00    0.00    0.00    0.00    0.00   99.50
00:33:27     all    0.50    0.00    0.25    0.00    0.00    0.00    0.00    0.00    0.00   99.25
00:33:28     all    0.50    0.00    0.25    0.00    0.00    0.00    0.00    0.00    0.00   99.25
00:33:29     all    0.25    0.00    0.00    0.00    0.00    0.00    0.00    0.00    0.00   99.75
00:33:30     all    0.50    0.00    0.25    0.00    0.00    0.25    0.00    0.00    0.00   99.00
00:33:31     all    0.50    0.00    0.00    0.00    0.00    0.00    0.00    0.00    0.00   99.50
00:33:32     all    0.75    0.00    0.00    0.00    0.00    0.00    0.00    0.00    0.00   99.25
00:33:33     all    0.75    0.00    0.25    0.00    0.00    0.25    0.00    0.00    0.00   98.75
00:33:34     all    0.50    0.00    0.25    0.00    0.00    0.00    0.00    0.00    0.00   99.25
00:33:35     all    0.50    0.00    0.00    0.00    0.00    0.00    0.00    0.00    0.00   99.50
00:33:36     all    0.50    0.00    0.25    0.00    0.00    0.00    0.00    0.00    0.00   99.25
00:33:37     all    0.50    0.00    0.00    0.00    0.00    0.00    0.00    0.00    0.00   99.50
00:33:38     all    0.75    0.00    0.00    0.00    0.00    0.00    0.00    0.00    0.00   99.25
00:33:39     all    0.50    0.00    0.00    0.00    0.00    0.00    0.00    0.00    0.00   99.50
00:33:40     all    1.00    0.00    0.25    0.00    0.00    0.25    0.00    0.00    0.00   98.50
00:33:41     all    0.50    0.00    0.25    0.00    0.00    0.00    0.00    0.00    0.00   99.25
00:33:42     all    0.50    0.00    0.00    0.00    0.00    0.00    0.00    0.00    0.00   99.50
00:33:43     all    0.50    0.00    0.25    0.00    0.00    0.00    0.00    0.00    0.00   99.25
00:33:44     all    0.75    0.00    0.25    0.00    0.00    0.00    0.00    0.00    0.00   99.00
00:33:45     all    0.51    0.00    0.00    0.00    0.00    0.00    0.00    0.00    0.00   99.49
00:33:46     all    0.50    0.00    0.25    0.00    0.00    0.25    0.00    0.00    0.00   99.00
00:33:47     all    0.75    0.00    0.00    0.00    0.00    0.25    0.00    0.00    0.00   99.00
00:33:48     all    0.50    0.00    0.00    0.00    0.00    0.00    0.00    0.00    0.00   99.50
00:33:49     all    0.75    0.00    0.00    0.00    0.00    0.25    0.00    0.00    0.00   99.00
00:33:50     all    0.50    0.00    0.50    0.00    0.00    0.00    0.00    0.00    0.00   99.00
00:33:51     all    0.75    0.00    0.00    0.00    0.00    0.00    0.00    0.00    0.00   99.25
00:33:52     all    0.75    0.00    0.00    0.25    0.00    0.00    0.00    0.00    0.00   99.00
00:33:53     all    0.50    0.00    0.25    0.00    0.00    0.00    0.00    0.00    0.00   99.25
00:33:54     all    0.50    0.00    0.00    0.00    0.00    0.00    0.00    0.00    0.00   99.50
00:33:55     all    0.75    0.00    0.00    0.00    0.00    0.00    0.00    0.00    0.00   99.25
00:33:56     all    0.50    0.00    0.00    0.00    0.00    0.00    0.00    0.00    0.00   99.50
00:33:57     all    0.50    0.00    0.00    0.00    0.00    0.00    0.00    0.00    0.00   99.50
00:33:58     all    0.50    0.00    0.00    0.00    0.00    0.00    0.00    0.00    0.00   99.50
00:33:59     all    0.50    0.00    0.25    0.00    0.00    0.00    0.00    0.00    0.00   99.25
00:34:00     all    1.25    0.00    0.00    0.00    0.00    0.00    0.00    0.00    0.00   98.75
00:34:01     all    0.50    0.00    0.00    0.00    0.00    0.00    0.00    0.00    0.00   99.50
00:34:02     all    0.50    0.00    0.25    0.00    0.00    0.00    0.00    0.00    0.00   99.25
00:34:03     all    0.75    0.00    0.00    0.00    0.00    0.25    0.00    0.00    0.00   99.00
00:34:04     all    0.51    0.00    0.00    0.00    0.00    0.00    0.00    0.00    0.00   99.49
00:34:05     all    0.50    0.00    0.25    0.00    0.00    0.00    0.00    0.00    0.00   99.25
00:34:06     all    0.75    0.00    0.00    0.00    0.00    0.50    0.00    0.00    0.00   98.75
00:34:07     all    0.75    0.00    0.00    0.00    0.00    0.00    0.00    0.00    0.00   99.25
00:34:08     all    0.50    0.00    0.50    0.00    0.00    0.25    0.00    0.00    0.00   98.75
00:34:09     all    0.75    0.00    0.00    0.00    0.00    0.00    0.00    0.00    0.00   99.25
00:34:10     all    0.75    0.00    0.00    0.00    0.00    0.25    0.00    0.00    0.00   99.00
00:34:11     all    0.50    0.00    0.25    0.00    0.00    0.00    0.00    0.00    0.00   99.25
00:34:12     all    0.50    0.00    0.00    0.00    0.00    0.25    0.25    0.00    0.00   99.00
00:34:13     all    0.50    0.00    0.25    0.00    0.00    0.00    0.00    0.00    0.00   99.25
00:34:14     all    0.75    0.00    0.00    0.00    0.00    0.00    0.00    0.00    0.00   99.25
00:34:15     all    0.50    0.00    0.00    0.00    0.00    0.25    0.00    0.00    0.00   99.25
00:34:16     all    0.50    0.00    0.25    0.00    0.00    0.00    0.00    0.00    0.00   99.24
00:34:17     all    0.50    0.00    0.00    0.00    0.00    0.00    0.00    0.00    0.00   99.50
00:34:18     all    0.50    0.00    0.25    0.00    0.00    0.25    0.00    0.00    0.00   99.00
00:34:19     all    0.50    0.00    0.00    0.00    0.00    0.00    0.00    0.00    0.00   99.50
00:34:20     all    0.50    0.00    0.00    0.00    0.00    0.25    0.00    0.00    0.00   99.25
00:34:21     all    0.50    0.00    0.25    0.00    0.00    0.00    0.00    0.00    0.00   99.25
00:34:22     all    1.00    0.00    0.25    0.00    0.00    0.00    0.00    0.00    0.00   98.75
00:34:23     all    0.50    0.00    0.25    0.00    0.00    0.00    0.00    0.00    0.00   99.24
00:34:24     all    1.00    0.00    0.50    0.00    0.00    0.25    0.00    0.00    0.00   98.26
00:34:25     all    0.50    0.00    0.25    0.00    0.00    0.00    0.00    0.00    0.00   99.25
00:34:26     all    0.76    0.00    0.00    0.00    0.00    0.00    0.00    0.00    0.00   99.24
00:34:27     all    0.50    0.00    0.25    0.00    0.00    0.00    0.00    0.00    0.00   99.25
00:34:28     all    0.75    0.00    0.00    0.00    0.00    0.25    0.00    0.00    0.00   99.00
00:34:29     all    0.50    0.00    0.00    0.00    0.00    0.00    0.00    0.00    0.00   99.50
00:34:30     all    0.75    0.00    0.25    0.25    0.00    0.00    0.00    0.00    0.00   98.75
00:34:31     all    0.75    0.00    0.25    0.00    0.00    0.00    0.25    0.00    0.00   98.75
00:34:32     all    0.75    0.00    0.00    0.00    0.00    0.00    0.00    0.00    0.00   99.25
00:34:33     all    0.50    0.00    0.25    0.00    0.00    0.00    0.00    0.00    0.00   99.25
00:34:34     all    0.75    0.00    0.00    0.00    0.00    0.00    0.00    0.00    0.00   99.25
00:34:35     all    0.75    0.00    0.00    0.00    0.00    0.25    0.00    0.00    0.00   98.99
00:34:36     all    0.50    0.00    0.00    0.00    0.00    0.00    0.00    0.00    0.00   99.50
00:34:37     all    1.00    0.00    0.25    0.00    0.00    0.00    0.25    0.00    0.00   98.50
00:34:38     all    0.50    0.00    0.00    0.00    0.00    0.00    0.00    0.00    0.00   99.50
00:34:39     all    0.50    0.00    0.00    0.00    0.00    0.00    0.00    0.00    0.00   99.50
00:34:40     all    1.00    0.00    0.25    0.00    0.00    0.00    0.00    0.00    0.00   98.75
00:34:41     all    0.50    0.00    0.00    0.00    0.00    0.00    0.00    0.00    0.00   99.50
00:34:42     all    0.50    0.00    0.50    0.00    0.00    0.00    0.00    0.00    0.00   99.00
00:34:43     all    1.00    0.00    0.00    0.00    0.00    0.00    0.00    0.00    0.00   99.00
00:34:44     all    0.75    0.00    0.00    0.00    0.00    0.00    0.00    0.00    0.00   99.25
00:34:45     all    0.50    0.00    0.25    0.00    0.00    0.00    0.00    0.00    0.00   99.25
00:34:46     all    0.75    0.00    0.00    0.00    0.00    0.00    0.00    0.00    0.00   99.25
00:34:47     all    0.75    0.00    0.00    0.00    0.00    0.00    0.00    0.00    0.00   99.25
00:34:48     all    0.51    0.00    0.00    0.00    0.00    0.00    0.00    0.00    0.00   99.49
00:34:49     all    1.00    0.00    0.25    0.00    0.00    0.00    0.00    0.00    0.00   98.75
00:34:50     all    0.75    0.00    0.00    0.00    0.00    0.00    0.00    0.00    0.00   99.25
00:34:51     all    0.75    0.00    0.00    0.00    0.00    0.00    0.00    0.00    0.00   99.25
00:34:52     all    0.50    0.00    0.25    0.00    0.00    0.00    0.00    0.00    0.00   99.25
00:34:53     all    0.75    0.00    0.25    0.00    0.00    0.00    0.00    0.00    0.00   99.00
00:34:54     all    0.76    0.00    0.00    0.25    0.00    0.00    0.00    0.00    0.00   98.99
00:34:55     all    0.75    0.00    0.00    0.00    0.00    0.00    0.00    0.00    0.00   99.25
00:34:56     all    0.50    0.00    0.25    0.00    0.00    0.00    0.00    0.00    0.00   99.25
00:34:57     all    1.00    0.00    0.00    0.00    0.00    0.00    0.00    0.00    0.00   99.00
00:34:58     all    0.00    0.00    0.00    0.00    0.00    0.00    0.00    0.00    0.00  100.00
00:34:59     all    0.25    0.00    0.25    0.00    0.00    0.00    0.00    0.00    0.00   99.50
00:35:00     all    0.25    0.00    0.00    0.00    0.00    0.00    0.00    0.00    0.00   99.75
00:35:01     all    0.50    0.00    0.00    0.00    0.00    0.00    0.00    0.00    0.00   99.50
00:35:02     all    0.75    0.00    0.25    0.00    0.00    0.25    0.00    0.00    0.00   98.75
00:35:03     all    0.75    0.00    0.25    0.00    0.00    0.00    0.00    0.00    0.00   99.00
00:35:04     all    0.50    0.00    0.25    0.00    0.00    0.00    0.00    0.00    0.00   99.25
00:35:05     all    0.50    0.00    0.00    0.00    0.00    0.00    0.00    0.00    0.00   99.50
00:35:06     all    0.50    0.00    0.00    0.00    0.00    0.00    0.00    0.00    0.00   99.50
00:35:07     all    0.75    0.00    0.25    0.25    0.00    0.00    0.00    0.00    0.00   98.74
00:35:08     all    0.50    0.00    0.00    0.00    0.00    0.00    0.00    0.00    0.00   99.50
00:35:09     all    0.75    0.00    0.00    0.00    0.00    0.00    0.00    0.00    0.00   99.25
00:35:10     all    0.75    0.00    0.00    0.00    0.00    0.25    0.00    0.00    0.00   99.00
00:35:11     all    0.50    0.00    0.25    0.00    0.00    0.00    0.00    0.00    0.00   99.25
00:35:12     all    0.76    0.00    0.00    0.00    0.00    0.00    0.00    0.00    0.00   99.24
00:35:13     all    0.50    0.00    0.00    0.00    0.00    0.00    0.00    0.00    0.00   99.50
00:35:14     all    0.50    0.00    0.00    0.00    0.00    0.00    0.00    0.00    0.00   99.50
00:35:15     all    0.50    0.00    0.00    0.00    0.00    0.00    0.00    0.00    0.00   99.50
00:35:16     all    0.75    0.00    0.25    0.00    0.00    0.00    0.00    0.00    0.00   99.00
00:35:17     all    0.50    0.00    0.00    0.00    0.00    0.00    0.00    0.00    0.00   99.50
00:35:18     all    0.75    0.00    0.00    0.00    0.00    0.25    0.00    0.00    0.00   98.99
00:35:19     all    0.75    0.00    0.00    0.00    0.00    0.00    0.00    0.00    0.00   99.25
00:35:20     all    1.00    0.00    0.50    0.00    0.00    0.00    0.00    0.00    0.00   98.50
00:35:21     all    0.50    0.00    0.00    0.00    0.00    0.25    0.00    0.00    0.00   99.25
00:35:22     all    0.50    0.00    0.25    0.00    0.00    0.00    0.00    0.00    0.00   99.25
00:35:23     all    0.50    0.00    0.00    0.00    0.00    0.00    0.25    0.00    0.00   99.25
00:35:24     all    0.75    0.00    0.25    0.00    0.00    0.00    0.00    0.00    0.00   99.00
00:35:25     all    0.75    0.00    0.00    0.00    0.00    0.00    0.00    0.00    0.00   99.25
00:35:26     all    0.51    0.00    0.00    0.00    0.00    0.00    0.00    0.00    0.00   99.49
00:35:27     all    0.75    0.00    0.00    0.00    0.00    0.00    0.00    0.00    0.00   99.25
00:35:28     all    0.75    0.00    0.25    0.00    0.00    0.00    0.00    0.00    0.00   98.99
00:35:29     all    0.75    0.00    0.00    0.00    0.00    0.00    0.00    0.00    0.00   99.25
00:35:30     all    0.50    0.00    0.25    0.00    0.00    0.25    0.00    0.00    0.00   99.00
00:35:31     all    0.76    0.00    0.25    0.00    0.00    0.00    0.00    0.00    0.00   98.99
00:35:32     all    0.50    0.00    0.00    0.00    0.00    0.00    0.00    0.00    0.00   99.50
00:35:33     all    0.75    0.00    0.25    0.00    0.00    0.00    0.00    0.00    0.00   99.00
00:35:34     all    0.50    0.00    0.25    0.25    0.00    0.00    0.00    0.00    0.00   99.00
00:35:35     all    1.00    0.00    0.00    0.00    0.00    0.00    0.00    0.00    0.00   99.00
00:35:36     all    0.50    0.00    0.25    0.00    0.00    0.25    0.00    0.00    0.00   98.99
00:35:37     all    0.75    0.00    0.00    0.00    0.00    0.00    0.00    0.00    0.00   99.25
00:35:38     all    0.50    0.00    0.25    0.00    0.00    0.00    0.00    0.00    0.00   99.25
00:35:39     all    0.75    0.00    0.00    0.00    0.00    0.25    0.00    0.00    0.00   99.00
00:35:40     all    0.75    0.00    0.00    0.00    0.00    0.00    0.00    0.00    0.00   99.25
00:35:41     all    0.50    0.00    0.00    0.00    0.00    0.00    0.00    0.00    0.00   99.50
00:35:42     all    0.50    0.00    0.25    0.00    0.00    0.00    0.00    0.00    0.00   99.25
00:35:43     all    0.75    0.00    0.00    0.00    0.00    0.00    0.00    0.00    0.00   99.25
00:35:44     all    0.50    0.00    0.25    0.00    0.00    0.00    0.00    0.00    0.00   99.25
00:35:45     all    0.75    0.00    0.00    0.00    0.00    0.00    0.00    0.00    0.00   99.25
00:35:46     all    0.75    0.00    0.00    0.00    0.00    0.00    0.00    0.00    0.00   99.25
00:35:47     all    0.50    0.00    0.25    0.00    0.00    0.00    0.00    0.00    0.00   99.25
00:35:48     all    0.75    0.00    0.00    0.00    0.00    0.00    0.00    0.00    0.00   99.25
00:35:49     all    0.75    0.00    0.75    0.00    0.00    0.00    0.00    0.00    0.00   98.50
00:35:50     all    0.75    0.00    0.00    0.00    0.00    0.00    0.00    0.00    0.00   99.25
00:35:51     all    0.75    0.00    0.00    0.00    0.00    0.00    0.00    0.00    0.00   99.25
00:35:52     all    0.50    0.00    0.25    0.00    0.00    0.25    0.00    0.00    0.00   99.00
00:35:53     all    0.75    0.00    0.00    0.00    0.00    0.00    0.00    0.00    0.00   99.25
00:35:54     all    0.75    0.00    0.25    0.00    0.00    0.00    0.00    0.00    0.00   99.00
00:35:55     all    0.75    0.00    0.00    0.00    0.00    0.00    0.00    0.00    0.00   99.25
00:35:56     all    0.50    0.00    0.00    0.00    0.00    0.00    0.00    0.00    0.00   99.50
00:35:57     all    1.01    0.00    0.50    0.00    0.00    0.00    0.00    0.00    0.00   98.49
00:35:58     all    0.50    0.00    0.00    0.00    0.00    0.00    0.00    0.00    0.00   99.50
00:35:59     all    1.01    0.00    0.00    0.00    0.00    0.00    0.00    0.00    0.00   98.99
00:36:00     all    0.50    0.00    0.50    0.00    0.00    0.00    0.00    0.00    0.00   99.00
00:36:01     all    0.75    0.00    0.00    0.00    0.00    0.00    0.00    0.00    0.00   99.25
00:36:02     all    0.75    0.00    0.00    0.25    0.00    0.00    0.00    0.00    0.00   98.99
00:36:03     all    0.75    0.00    0.00    0.00    0.00    0.25    0.00    0.00    0.00   99.00
00:36:04     all    0.50    0.00    0.25    0.00    0.00    0.00    0.00    0.00    0.00   99.25
00:36:05     all    0.75    0.00    0.00    0.00    0.00    0.00    0.00    0.00    0.00   99.25
00:36:06     all    0.50    0.00    0.00    0.00    0.00    0.00    0.00    0.00    0.00   99.50
00:36:07     all    0.75    0.00    0.00    0.00    0.00    0.00    0.00    0.00    0.00   99.25
00:36:08     all    0.75    0.00    0.00    0.00    0.00    0.00    0.00    0.00    0.00   99.25
00:36:09     all    0.51    0.00    0.00    0.00    0.00    0.00    0.00    0.00    0.00   99.49
00:36:10     all    1.00    0.00    0.00    0.00    0.00    0.25    0.00    0.00    0.00   98.76
00:36:11     all    0.50    0.00    0.25    0.00    0.00    0.00    0.00    0.00    0.00   99.25
00:36:12     all    0.75    0.00    0.00    0.00    0.00    0.00    0.25    0.00    0.00   98.99
00:36:13     all    0.75    0.00    0.00    0.00    0.00    0.00    0.00    0.00    0.00   99.25
00:36:14     all    0.75    0.00    0.25    0.00    0.00    0.25    0.00    0.00    0.00   98.75
00:36:15     all    0.75    0.00    0.25    0.00    0.00    0.00    0.00    0.00    0.00   99.00
00:36:16     all    0.50    0.00    0.00    0.25    0.00    0.00    0.00    0.00    0.00   99.25
00:36:17     all    0.75    0.00    0.25    0.00    0.00    0.00    0.00    0.00    0.00   99.00
00:36:18     all    0.75    0.00    0.00    0.00    0.00    0.00    0.00    0.00    0.00   99.25
00:36:19     all    0.75    0.00    0.00    0.00    0.00    0.00    0.00    0.00    0.00   99.25
00:36:20     all    0.50    0.00    0.25    0.00    0.00    0.00    0.00    0.00    0.00   99.25
00:36:21     all    0.75    0.00    0.00    0.00    0.00    0.00    0.00    0.00    0.00   99.25
00:36:22     all    0.50    0.00    0.25    0.00    0.00    0.00    0.00    0.00    0.00   99.25
00:36:23     all    0.75    0.00    0.00    0.00    0.00    0.00    0.00    0.00    0.00   99.25
00:36:24     all    0.50    0.00    0.25    0.00    0.00    0.00    0.25    0.00    0.00   99.00
00:36:25     all    0.25    0.00    0.00    0.00    0.00    0.00    0.00    0.00    0.00   99.75
00:36:26     all    1.00    0.00    0.25    0.00    0.00    0.00    0.00    0.00    0.00   98.75
00:36:27     all    0.75    0.00    0.00    0.00    0.00    0.25    0.00    0.00    0.00   98.99
00:36:28     all    0.50    0.00    0.25    0.00    0.00    0.25    0.00    0.00    0.00   99.00
00:36:29     all    0.75    0.00    0.00    0.00    0.00    0.00    0.00    0.00    0.00   99.25
00:36:30     all    0.50    0.00    0.00    0.00    0.00    0.00    0.00    0.00    0.00   99.50
00:36:31     all    0.75    0.00    0.00    0.00    0.00    0.00    0.00    0.00    0.00   99.25
00:36:32     all    0.75    0.00    0.25    0.00    0.00    0.00    0.00    0.00    0.00   99.00
00:36:33     all    0.76    0.00    0.00    0.00    0.00    0.00    0.00    0.00    0.00   99.24
00:36:34     all    0.75    0.00    0.00    0.00    0.00    0.00    0.25    0.00    0.00   99.00
00:36:35     all    0.50    0.00    0.00    0.00    0.00    0.00    0.00    0.00    0.00   99.50
00:36:36     all    0.75    0.00    0.25    0.00    0.00    0.00    0.00    0.00    0.00   99.00
00:36:37     all    0.75    0.00    0.25    0.00    0.00    0.00    0.00    0.00    0.00   98.99
00:36:38     all    0.50    0.00    0.25    0.00    0.00    0.25    0.00    0.00    0.00   99.00
00:36:39     all    0.50    0.00    0.00    0.00    0.00    0.00    0.00    0.00    0.00   99.50
00:36:40     all    0.75    0.00    0.25    0.00    0.00    0.00    0.00    0.00    0.00   99.00
00:36:41     all    0.76    0.00    0.00    0.00    0.00    0.00    0.00    0.00    0.00   99.24
00:36:42     all    0.75    0.00    0.25    0.00    0.00    0.00    0.00    0.00    0.00   99.00
00:36:43     all    0.75    0.00    0.00    0.00    0.00    0.00    0.00    0.00    0.00   99.25
00:36:44     all    0.76    0.00    0.00    0.00    0.00    0.00    0.00    0.00    0.00   99.24
00:36:45     all    0.50    0.00    0.25    0.00    0.00    0.25    0.00    0.00    0.00   99.00
00:36:46     all    0.75    0.00    0.00    0.00    0.00    0.00    0.00    0.00    0.00   99.25
00:36:47     all    0.50    0.00    0.25    0.00    0.00    0.00    0.00    0.00    0.00   99.25
00:36:48     all    0.50    0.00    0.25    0.00    0.00    0.00    0.00    0.00    0.00   99.25
00:36:49     all    1.01    0.00    0.00    0.00    0.00    0.00    0.00    0.00    0.00   98.99
00:36:50     all    0.75    0.00    0.00    0.00    0.00    0.00    0.00    0.00    0.00   99.25
00:36:51     all    0.50    0.00    0.00    0.00    0.00    0.00    0.00    0.00    0.00   99.50
00:36:52     all    0.75    0.00    0.25    0.00    0.00    0.00    0.00    0.00    0.00   99.00
00:36:53     all    0.50    0.00    0.25    0.00    0.00    0.00    0.00    0.00    0.00   99.25
00:36:54     all    0.76    0.00    0.00    0.00    0.00    0.00    0.00    0.00    0.00   99.24
00:36:55     all    0.75    0.00    0.00    0.00    0.00    0.00    0.00    0.00    0.00   99.25
00:36:56     all    0.50    0.00    0.00    0.25    0.00    0.00    0.00    0.00    0.00   99.25
00:36:57     all    0.75    0.00    0.25    0.00    0.00    0.00    0.00    0.00    0.00   99.00
00:36:58     all    0.75    0.00    0.00    0.00    0.00    0.25    0.00    0.00    0.00   99.00
00:36:59     all    0.50    0.00    0.25    0.00    0.00    0.00    0.00    0.00    0.00   99.25
00:37:00     all    0.75    0.00    0.00    0.00    0.00    0.25    0.00    0.00    0.00   99.00
00:37:01     all    0.50    0.00    0.25    0.00    0.00    0.00    0.00    0.00    0.00   99.25
00:37:02     all    0.50    0.00    0.00    0.00    0.00    0.00    0.00    0.00    0.00   99.50
00:37:03     all    0.75    0.00    0.25    0.00    0.00    0.00    0.00    0.00    0.00   99.00
00:37:04     all    0.75    0.00    0.00    0.00    0.00    0.00    0.00    0.00    0.00   99.25
00:37:05     all    0.50    0.00    0.00    0.00    0.00    0.00    0.00    0.00    0.00   99.50
00:37:06     all    0.75    0.00    0.50    0.00    0.00    0.00    0.00    0.00    0.00   98.75
00:37:07     all    0.75    0.00    0.00    0.00    0.00    0.00    0.00    0.00    0.00   99.25
00:37:08     all    0.75    0.00    0.25    0.00    0.00    0.00    0.00    0.00    0.00   99.00
00:37:09     all    0.75    0.00    0.00    0.00    0.00    0.50    0.00    0.00    0.00   98.75
00:37:10     all    1.00    0.00    0.25    0.00    0.00    0.00    0.00    0.00    0.00   98.75
00:37:11     all    0.51    0.00    0.00    0.00    0.00    0.00    0.00    0.00    0.00   99.49
00:37:12     all    0.75    0.00    0.00    0.00    0.00    0.00    0.00    0.00    0.00   99.25
00:37:13     all    0.50    0.00    0.25    0.00    0.00    0.00    0.00    0.00    0.00   99.25
00:37:14     all    0.75    0.00    0.00    0.00    0.00    0.00    0.00    0.00    0.00   99.25
00:37:15     all    0.75    0.00    0.00    0.00    0.00    0.00    0.00    0.00    0.00   99.25
00:37:16     all    0.75    0.00    0.25    0.00    0.00    0.00    0.00    0.00    0.00   98.99
00:37:17     all    0.75    0.00    0.25    0.00    0.00    0.00    0.00    0.00    0.00   99.00
00:37:18     all    0.50    0.00    0.25    0.00    0.00    0.00    0.00    0.00    0.00   99.25
00:37:19     all    0.75    0.00    0.25    0.00    0.00    0.00    0.00    0.00    0.00   99.00
00:37:20     all    0.50    0.00    0.00    0.00    0.00    0.00    0.00    0.00    0.00   99.50
00:37:21     all    1.00    0.00    0.00    0.00    0.00    0.25    0.00    0.00    0.00   98.75
00:37:22     all    0.75    0.00    0.00    0.00    0.00    0.00    0.00    0.00    0.00   99.25
00:37:23     all    0.75    0.00    0.00    0.00    0.00    0.00    0.00    0.00    0.00   99.25
00:37:24     all    0.75    0.00    0.25    0.00    0.00    0.00    0.00    0.00    0.00   99.00
00:37:25     all    0.50    0.00    0.25    0.00    0.00    0.00    0.00    0.00    0.00   99.25
00:37:26     all    0.75    0.00    0.00    0.00    0.00    0.00    0.00    0.00    0.00   99.25
00:37:27     all    0.76    0.00    0.00    0.00    0.00    0.00    0.00    0.00    0.00   99.24
00:37:28     all    0.50    0.00    0.25    0.00    0.00    0.00    0.00    0.00    0.00   99.25
00:37:29     all    1.00    0.00    0.25    0.00    0.00    0.00    0.00    0.00    0.00   98.75
00:37:30     all    0.50    0.00    0.25    0.00    0.00    0.00    0.00    0.00    0.00   99.25
00:37:31     all    0.75    0.00    0.00    0.00    0.00    0.50    0.00    0.00    0.00   98.76
00:37:32     all    0.50    0.00    0.00    0.25    0.00    0.00    0.00    0.00    0.00   99.24
00:37:33     all    0.75    0.00    0.25    0.00    0.00    0.00    0.00    0.00    0.00   99.00
00:37:34     all    1.00    0.00    0.00    0.00    0.00    0.00    0.00    0.00    0.00   99.00
00:37:35     all    0.50    0.00    0.25    0.00    0.00    0.00    0.00    0.00    0.00   99.25
00:37:36     all    0.50    0.00    0.00    0.00    0.00    0.00    0.00    0.00    0.00   99.50
00:37:37     all    0.75    0.00    0.00    0.00    0.00    0.00    0.25    0.00    0.00   99.00
00:37:38     all    0.50    0.00    0.25    0.00    0.00    0.00    0.00    0.00    0.00   99.24
00:37:39     all    0.75    0.00    0.25    0.00    0.00    0.00    0.00    0.00    0.00   99.00
00:37:40     all    0.50    0.00    0.25    0.00    0.00    0.25    0.00    0.00    0.00   99.00
00:37:41     all    0.75    0.00    0.00    0.00    0.00    0.00    0.00    0.00    0.00   99.25
00:37:42     all    0.50    0.00    0.00    0.00    0.00    0.00    0.00    0.00    0.00   99.50
00:37:43     all    1.00    0.00    0.00    0.00    0.00    0.25    0.00    0.00    0.00   98.75
00:37:44     all    0.50    0.00    0.25    0.00    0.00    0.00    0.00    0.00    0.00   99.25
00:37:45     all    0.75    0.00    0.00    0.00    0.00    0.00    0.00    0.00    0.00   99.25
00:37:46     all    0.75    0.00    0.00    0.00    0.00    0.00    0.00    0.00    0.00   99.25
00:37:47     all    0.75    0.00    0.00    0.00    0.00    0.25    0.00    0.00    0.00   99.00
00:37:48     all    0.25    0.00    0.25    0.00    0.00    0.00    0.25    0.00    0.00   99.25
00:37:49     all    1.00    0.00    0.00    0.00    0.00    0.25    0.00    0.00    0.00   98.75
00:37:50     all    0.75    0.00    0.00    0.00    0.00    0.00    0.00    0.00    0.00   99.25
00:37:51     all    0.75    0.00    0.25    0.00    0.00    0.00    0.00    0.00    0.00   99.00
00:37:52     all    0.50    0.00    0.00    0.00    0.00    0.00    0.00    0.00    0.00   99.50
00:37:53     all    0.75    0.00    0.25    0.00    0.00    0.25    0.00    0.00    0.00   98.75
00:37:54     all    0.50    0.00    0.00    0.00    0.00    0.00    0.00    0.00    0.00   99.50
00:37:55     all    0.75    0.00    0.00    0.00    0.00    0.25    0.00    0.00    0.00   99.00
00:37:56     all    0.75    0.00    0.25    0.00    0.00    0.25    0.00    0.00    0.00   98.75
00:37:57     all    0.50    0.00    0.00    0.00    0.00    0.00    0.00    0.00    0.00   99.50
00:37:58     all    0.50    0.00    0.00    0.00    0.00    0.00    0.00    0.00    0.00   99.50
00:37:59     all    0.25    0.00    0.25    0.00    0.00    0.00    0.00    0.00    0.00   99.50
00:38:00     all    0.00    0.00    0.25    0.00    0.00    0.00    0.25    0.00    0.00   99.50
00:38:01     all    0.50    0.00    0.00    0.00    0.00    0.00    0.00    0.00    0.00   99.50
00:38:02     all    0.25    0.00    0.00    0.00    0.00    0.25    0.00    0.00    0.00   99.50
00:38:03     all    0.75    0.00    0.00    0.00    0.00    0.00    0.00    0.00    0.00   99.25
00:38:04     all    0.75    0.00    0.00    0.00    0.00    0.00    0.00    0.00    0.00   99.25
00:38:05     all    0.50    0.00    0.25    0.00    0.00    0.25    0.00    0.00    0.00   99.00
00:38:06     all    0.50    0.00    0.00    0.00    0.00    0.00    0.00    0.00    0.00   99.50
00:38:07     all    1.00    0.00    0.00    0.00    0.00    0.00    0.00    0.00    0.00   99.00
00:38:08     all    0.75    0.00    0.25    0.00    0.00    0.00    0.00    0.00    0.00   99.00
00:38:09     all    0.50    0.00    0.00    0.00    0.00    0.25    0.00    0.00    0.00   99.25
00:38:10     all    0.75    0.00    0.00    0.00    0.00    0.25    0.00    0.00    0.00   99.00
00:38:11     all    0.50    0.00    0.25    0.00    0.00    0.00    0.00    0.00    0.00   99.25
00:38:12     all    0.75    0.00    0.25    0.00    0.00    0.00    0.00    0.00    0.00   99.00
00:38:13     all    0.75    0.00    0.00    0.00    0.00    0.25    0.00    0.00    0.00   99.00
00:38:14     all    0.50    0.00    0.00    0.00    0.00    0.00    0.00    0.00    0.00   99.50
00:38:15     all    0.75    0.00    0.25    0.00    0.00    0.00    0.00    0.00    0.00   99.00
00:38:16     all    0.50    0.00    0.00    0.00    0.00    0.00    0.00    0.00    0.00   99.50
00:38:17     all    0.75    0.00    0.00    0.00    0.00    0.00    0.00    0.00    0.00   99.25
00:38:18     all    0.50    0.00    0.25    0.00    0.00    0.25    0.00    0.00    0.00   99.00
00:38:19     all    0.75    0.00    0.00    0.25    0.00    0.00    0.00    0.00    0.00   99.00
00:38:20     all    0.50    0.00    0.25    0.00    0.00    0.00    0.00    0.00    0.00   99.25
00:38:21     all    0.75    0.00    0.25    0.00    0.00    0.00    0.00    0.00    0.00   99.00
00:38:22     all    0.75    0.00    0.00    0.00    0.00    0.00    0.00    0.00    0.00   99.25
00:38:23     all    1.00    0.00    0.25    0.00    0.00    0.00    0.00    0.00    0.00   98.75
00:38:24     all    0.50    0.00    0.25    0.00    0.00    0.00    0.00    0.00    0.00   99.25
00:38:25     all    0.75    0.00    0.00    0.00    0.00    0.00    0.00    0.00    0.00   99.25
00:38:26     all    0.50    0.00    0.00    0.00    0.00    0.00    0.00    0.00    0.00   99.50
00:38:27     all    0.75    0.00    0.25    0.00    0.00    0.00    0.00    0.00    0.00   98.99
00:38:28     all    0.75    0.00    0.00    0.00    0.00    0.00    0.00    0.00    0.00   99.25
00:38:29     all    0.75    0.00    0.00    0.00    0.00    0.00    0.00    0.00    0.00   99.25
00:38:30     all    0.75    0.00    0.25    0.00    0.00    0.00    0.00    0.00    0.00   98.99
00:38:31     all    0.75    0.00    0.00    0.00    0.00    0.00    0.00    0.00    0.00   99.25
00:38:32     all    0.50    0.00    0.00    0.00    0.00    0.00    0.00    0.00    0.00   99.50
00:38:33     all    0.75    0.00    0.50    0.00    0.00    0.00    0.00    0.00    0.00   98.75
00:38:34     all    0.50    0.00    0.25    0.00    0.00    0.25    0.00    0.00    0.00   99.00
00:38:35     all    0.75    0.00    0.25    0.00    0.00    0.50    0.00    0.00    0.00   98.50
00:38:36     all    0.75    0.00    0.00    0.00    0.00    0.00    0.00    0.00    0.00   99.25
00:38:37     all    0.50    0.00    0.25    0.00    0.00    0.00    0.00    0.00    0.00   99.25
00:38:38     all    0.75    0.00    0.25    0.00    0.00    0.00    0.00    0.00    0.00   99.00
00:38:39     all    0.75    0.00    0.00    0.00    0.00    0.00    0.00    0.00    0.00   99.25
00:38:40     all    0.76    0.00    0.00    0.00    0.00    0.00    0.00    0.00    0.00   99.24
00:38:41     all    0.75    0.00    0.25    0.00    0.00    0.00    0.00    0.00    0.00   99.00
00:38:42     all    0.50    0.00    0.00    0.00    0.00    0.00    0.00    0.00    0.00   99.50
00:38:43     all    0.75    0.00    0.00    0.00    0.00    0.00    0.00    0.00    0.00   99.25
00:38:44     all    0.75    0.00    0.00    0.00    0.00    0.00    0.00    0.00    0.00   99.25
00:38:45     all    0.75    0.00    0.25    0.00    0.00    0.00    0.00    0.00    0.00   98.99
00:38:46     all    0.75    0.00    0.00    0.00    0.00    0.00    0.00    0.00    0.00   99.25
00:38:47     all    0.25    0.00    0.00    0.00    0.00    0.00    0.00    0.00    0.00   99.75
00:38:48     all    0.75    0.00    0.25    0.00    0.00    0.00    0.00    0.00    0.00   99.00
00:38:49     all    0.50    0.00    0.00    0.00    0.00    0.25    0.00    0.00    0.00   99.25
00:38:50     all    0.50    0.00    0.25    0.00    0.00    0.00    0.00    0.00    0.00   99.25
00:38:51     all    0.75    0.00    0.00    0.00    0.00    0.00    0.00    0.00    0.00   99.25
00:38:52     all    1.00    0.00    0.25    0.00    0.00    0.25    0.00    0.00    0.00   98.51
00:38:53     all    0.76    0.00    0.00    0.00    0.00    0.00    0.00    0.00    0.00   99.24
00:38:54     all    0.75    0.00    0.00    0.00    0.00    0.00    0.00    0.00    0.00   99.25
00:38:55     all    0.75    0.00    0.25    0.00    0.00    0.00    0.00    0.00    0.00   99.00
00:38:56     all    0.75    0.00    0.25    0.00    0.00    0.00    0.00    0.00    0.00   98.99
00:38:57     all    0.75    0.00    0.00    0.00    0.00    0.00    0.00    0.00    0.00   99.25
00:38:58     all    0.75    0.00    0.25    0.00    0.00    0.00    0.00    0.00    0.00   99.00
00:38:59     all    0.76    0.00    0.00    0.00    0.00    0.00    0.00    0.00    0.00   99.24
00:39:00     all    0.25    0.00    0.25    0.00    0.00    0.00    0.00    0.00    0.00   99.50
00:39:01     all    0.75    0.00    0.00    0.00    0.00    0.00    0.00    0.00    0.00   99.25
00:39:02     all    0.50    0.00    0.00    0.00    0.00    0.00    0.00    0.00    0.00   99.50
00:39:03     all    0.75    0.00    0.25    0.25    0.00    0.00    0.00    0.00    0.00   98.75
00:39:04     all    0.50    0.00    0.00    0.00    0.00    0.00    0.00    0.00    0.00   99.50
00:39:05     all    0.50    0.00    0.25    0.00    0.00    0.00    0.25    0.00    0.00   99.00
00:39:06     all    0.76    0.00    0.00    0.00    0.00    0.00    0.00    0.00    0.00   99.24
00:39:07     all    1.01    0.00    0.00    0.00    0.00    0.00    0.00    0.00    0.00   98.99
00:39:08     all    0.50    0.00    0.50    0.00    0.00    0.25    0.00    0.00    0.00   98.75
00:39:09     all    0.75    0.00    0.50    0.00    0.00    0.00    0.00    0.00    0.00   98.75
00:39:10     all    0.50    0.00    0.00    0.00    0.00    0.00    0.00    0.00    0.00   99.50
00:39:11     all    1.00    0.00    0.00    0.00    0.00    0.00    0.00    0.00    0.00   99.00
00:39:12     all    0.50    0.00    0.25    0.00    0.00    0.00    0.00    0.00    0.00   99.25
00:39:13     all    0.75    0.00    0.00    0.25    0.00    0.00    0.00    0.00    0.00   98.99
00:39:14     all    0.75    0.00    0.25    0.00    0.00    0.00    0.00    0.00    0.00   99.00
00:39:15     all    0.50    0.00    0.00    0.00    0.00    0.00    0.00    0.00    0.00   99.50
00:39:16     all    0.75    0.00    0.00    0.00    0.00    0.00    0.00    0.00    0.00   99.25
00:39:17     all    0.50    0.00    0.25    0.00    0.00    0.00    0.00    0.00    0.00   99.25
00:39:18     all    0.75    0.00    0.25    0.00    0.00    0.00    0.00    0.00    0.00   99.00
00:39:19     all    1.00    0.00    0.00    0.00    0.00    0.00    0.00    0.00    0.00   99.00
00:39:20     all    0.75    0.00    0.00    0.00    0.00    0.00    0.00    0.00    0.00   99.25
00:39:21     all    0.50    0.00    0.25    0.00    0.00    0.00    0.00    0.00    0.00   99.24
00:39:22     all    0.75    0.00    0.00    0.00    0.00    0.00    0.00    0.00    0.00   99.25
00:39:23     all    0.75    0.00    0.25    0.00    0.00    0.00    0.00    0.00    0.00   99.00
00:39:24     all    0.50    0.00    0.00    0.00    0.00    0.00    0.00    0.00    0.00   99.50
00:39:25     all    0.75    0.00    0.00    0.00    0.00    0.00    0.00    0.00    0.00   99.25
00:39:26     all    0.50    0.00    0.25    0.00    0.00    0.00    0.00    0.00    0.00   99.25
00:39:27     all    0.75    0.00    0.00    0.00    0.00    0.25    0.00    0.00    0.00   99.00
00:39:28     all    0.75    0.00    0.50    0.00    0.00    0.00    0.00    0.00    0.00   98.76
00:39:29     all    0.76    0.00    0.00    0.00    0.00    0.00    0.00    0.00    0.00   99.24
00:39:30     all    0.75    0.00    0.00    0.00    0.00    0.00    0.00    0.00    0.00   99.25
00:39:31     all    0.50    0.00    0.00    0.00    0.00    0.25    0.00    0.00    0.00   99.25
00:39:32     all    0.75    0.00    0.25    0.00    0.00    0.00    0.00    0.00    0.00   98.99
00:39:33     all    0.75    0.00    0.00    0.00    0.00    0.00    0.00    0.00    0.00   99.25
00:39:34     all    1.01    0.00    0.00    0.00    0.00    0.00    0.00    0.00    0.00   98.99
00:39:35     all    0.75    0.00    0.25    0.00    0.00    0.00    0.00    0.00    0.00   99.00
00:39:36     all    0.50    0.00    0.00    0.00    0.00    0.00    0.00    0.00    0.00   99.50
00:39:37     all    0.75    0.00    0.00    0.00    0.00    0.00    0.00    0.00    0.00   99.25
00:39:38     all    0.75    0.00    0.50    0.00    0.00    0.25    0.00    0.00    0.00   98.50
00:39:39     all    0.50    0.00    0.25    0.00    0.00    0.00    0.00    0.00    0.00   99.24
00:39:40     all    0.75    0.00    0.25    0.00    0.00    0.00    0.00    0.00    0.00   99.00
00:39:41     all    0.76    0.00    0.00    0.00    0.00    0.00    0.00    0.00    0.00   99.24
00:39:42     all    0.75    0.00    0.25    0.00    0.00    0.00    0.00    0.00    0.00   99.00
00:39:43     all    0.50    0.00    0.00    0.00    0.00    0.25    0.00    0.00    0.00   99.25
00:39:44     all    0.76    0.00    0.00    0.00    0.00    0.00    0.00    0.00    0.00   99.24
00:39:45     all    0.75    0.00    0.25    0.00    0.00    0.00    0.00    0.00    0.00   99.00
00:39:46     all    0.75    0.00    0.25    0.00    0.00    0.00    0.00    0.00    0.00   99.00
00:39:47     all    0.75    0.00    0.00    0.00    0.00    0.25    0.00    0.00    0.00   99.00
00:39:48     all    0.75    0.00    0.50    0.00    0.00    0.00    0.00    0.00    0.00   98.75
00:39:49     all    1.01    0.00    0.00    0.00    0.00    0.00    0.00    0.00    0.00   98.99
00:39:50     all    0.75    0.00    0.25    0.00    0.00    0.00    0.00    0.00    0.00   99.00
00:39:51     all    0.75    0.00    0.25    0.25    0.00    0.00    0.00    0.00    0.00   98.75
00:39:52     all    0.76    0.00    0.00    0.00    0.00    0.00    0.00    0.00    0.00   99.24
00:39:53     all    0.75    0.00    0.25    0.00    0.00    0.25    0.00    0.00    0.00   98.75
00:39:54     all    0.50    0.00    0.25    0.00    0.00    0.00    0.00    0.00    0.00   99.25
00:39:55     all    0.75    0.00    0.25    0.00    0.00    0.00    0.25    0.00    0.00   98.75
00:39:56     all    0.50    0.00    0.00    0.25    0.00    0.00    0.00    0.00    0.00   99.24
00:39:57     all    0.75    0.00    0.00    0.00    0.00    0.00    0.00    0.00    0.00   99.25
00:39:58     all    1.00    0.00    0.00    0.00    0.00    0.00    0.00    0.00    0.00   99.00
00:39:59     all    0.50    0.00    0.25    0.00    0.00    0.00    0.00    0.00    0.00   99.25
00:40:00     all    0.75    0.00    0.00    0.00    0.00    0.00    0.00    0.00    0.00   99.25
00:40:01     all    0.75    0.00    0.00    0.00    0.00    0.00    0.00    0.00    0.00   99.25
00:40:02     all    0.75    0.00    0.00    0.00    0.00    0.00    0.00    0.00    0.00   99.25
00:40:03     all    0.50    0.00    0.25    0.00    0.00    0.00    0.00    0.00    0.00   99.25
00:40:04     all    0.75    0.00    0.00    0.00    0.00    0.25    0.00    0.00    0.00   99.00
00:40:05     all    0.75    0.00    0.25    0.00    0.00    0.00    0.00    0.00    0.00   99.00
00:40:06     all    0.76    0.00    0.00    0.00    0.00    0.00    0.00    0.00    0.00   99.24
00:40:07     all    0.50    0.00    0.25    0.00    0.00    0.25    0.25    0.00    0.00   98.75
00:40:08     all    0.75    0.00    0.00    0.00    0.00    0.00    0.00    0.00    0.00   99.25
00:40:09     all    0.75    0.00    0.00    0.00    0.00    0.00    0.00    0.00    0.00   99.25
00:40:10     all    1.00    0.00    0.50    0.00    0.00    0.25    0.00    0.00    0.00   98.25
00:40:11     all    1.25    0.00    0.50    0.00    0.00    0.00    0.00    0.00    0.00   98.25
00:40:12     all    0.76    0.00    0.00    0.00    0.00    0.00    0.00    0.00    0.00   99.24
00:40:13     all    0.50    0.00    0.00    0.00    0.00    0.00    0.00    0.00    0.00   99.50
00:40:14     all    0.75    0.00    0.25    0.00    0.00    0.00    0.00    0.00    0.00   98.99
00:40:15     all    0.75    0.00    0.00    0.00    0.00    0.00    0.00    0.00    0.00   99.25
00:40:16     all    0.75    0.00    0.25    0.00    0.00    0.25    0.00    0.00    0.00   98.75
00:40:17     all    1.00    0.00    0.00    0.25    0.00    0.00    0.00    0.00    0.00   98.75
00:40:18     all    0.75    0.00    0.25    0.00    0.00    0.00    0.25    0.00    0.00   98.75
00:40:19     all    0.50    0.00    0.25    0.00    0.00    0.00    0.00    0.00    0.00   99.25
00:40:20     all    0.75    0.00    0.00    0.00    0.00    0.00    0.00    0.00    0.00   99.25
00:40:21     all    1.00    0.00    0.00    0.00    0.00    0.25    0.00    0.00    0.00   98.75
00:40:22     all    0.50    0.00    0.00    0.00    0.00    0.00    0.00    0.00    0.00   99.50
00:40:23     all    0.75    0.00    0.25    0.00    0.00    0.00    0.00    0.00    0.00   99.00
00:40:24     all    0.50    0.00    0.00    0.00    0.00    0.00    0.00    0.00    0.00   99.50
00:40:25     all    0.75    0.00    0.25    0.00    0.00    0.00    0.00    0.00    0.00   99.00
00:40:26     all    0.76    0.00    0.00    0.25    0.00    0.00    0.00    0.00    0.00   98.99
00:40:27     all    0.75    0.00    0.00    0.00    0.00    0.00    0.00    0.00    0.00   99.25
00:40:28     all    0.75    0.00    0.25    0.00    0.00    0.00    0.00    0.00    0.00   99.00
00:40:29     all    0.50    0.00    0.00    0.00    0.00    0.00    0.00    0.00    0.00   99.50
00:40:30     all    0.75    0.00    0.00    0.00    0.00    0.00    0.00    0.00    0.00   99.25
00:40:31     all    0.75    0.00    0.25    0.00    0.00    0.25    0.00    0.00    0.00   98.75
00:40:32     all    0.50    0.00    0.00    0.00    0.00    0.00    0.00    0.00    0.00   99.50
00:40:33     all    0.50    0.00    0.25    0.00    0.00    0.00    0.00    0.00    0.00   99.25
00:40:34     all    0.50    0.00    0.25    0.00    0.00    0.00    0.00    0.00    0.00   99.25
00:40:35     all    0.76    0.00    0.00    0.00    0.00    0.00    0.00    0.00    0.00   99.24
00:40:36     all    0.75    0.00    0.00    0.00    0.00    0.25    0.00    0.00    0.00   99.00
00:40:37     all    0.75    0.00    0.25    0.00    0.00    0.00    0.00    0.00    0.00   99.00
00:40:38     all    0.75    0.00    0.00    0.00    0.00    0.00    0.00    0.00    0.00   99.25
00:40:39     all    0.75    0.00    0.25    0.00    0.00    0.00    0.00    0.00    0.00   99.00
00:40:40     all    0.50    0.00    0.00    0.00    0.00    0.00    0.00    0.00    0.00   99.50
00:40:41     all    0.75    0.00    0.25    0.00    0.00    0.00    0.00    0.00    0.00   99.00
00:40:42     all    0.76    0.00    0.25    0.00    0.00    0.00    0.00    0.00    0.00   98.99
00:40:43     all    0.50    0.00    1.01    0.00    0.00    0.00    0.00    0.00    0.00   98.49
00:40:44     all    0.75    0.00    0.00    0.00    0.00    0.25    0.00    0.00    0.00   99.00
00:40:45     all    0.75    0.00    0.25    0.00    0.00    0.00    0.00    0.00    0.00   99.00
00:40:46     all    0.50    0.00    0.00    0.00    0.00    0.00    0.00    0.00    0.00   99.50
00:40:47     all    1.00    0.00    0.25    0.00    0.00    0.00    0.00    0.00    0.00   98.75
00:40:48     all    0.50    0.00    0.50    0.00    0.00    0.00    0.00    0.00    0.00   99.00
00:40:49     all    0.75    0.00    0.00    0.00    0.00    0.00    0.00    0.00    0.00   99.25
00:40:50     all    1.00    0.00    0.25    0.00    0.00    0.00    0.00    0.00    0.00   98.75
00:40:51     all    0.75    0.00    0.00    0.00    0.00    0.00    0.00    0.00    0.00   99.25
00:40:52     all    0.75    0.00    0.25    0.00    0.00    0.00    0.00    0.00    0.00   99.00
00:40:53     all    0.75    0.00    0.00    0.00    0.00    0.00    0.00    0.00    0.00   99.25
00:40:54     all    0.75    0.00    0.25    0.00    0.00    0.00    0.00    0.00    0.00   99.00
00:40:55     all    0.50    0.00    0.00    0.00    0.00    0.25    0.00    0.00    0.00   99.25
00:40:56     all    1.00    0.00    0.00    0.00    0.00    0.00    0.00    0.00    0.00   99.00
00:40:57     all    0.75    0.00    0.00    0.00    0.00    0.25    0.00    0.00    0.00   99.00
00:40:58     all    0.75    0.00    0.25    0.00    0.00    0.00    0.00    0.00    0.00   99.00
00:40:59     all    0.25    0.00    0.00    0.00    0.00    0.25    0.00    0.00    0.00   99.50
00:41:00     all    0.25    0.00    0.00    0.00    0.00    0.00    0.00    0.00    0.00   99.75
00:41:01     all    0.50    0.00    0.00    0.00    0.00    0.00    0.00    0.00    0.00   99.50
00:41:02     all    0.75    0.00    0.00    0.00    0.00    0.00    0.00    0.00    0.00   99.25
00:41:03     all    0.00    0.00    0.00    0.25    0.00    0.25    0.00    0.00    0.00   99.50
00:41:04     all    0.75    0.00    0.25    0.00    0.00    0.25    0.00    0.00    0.00   98.76
00:41:05     all    0.50    0.00    0.00    0.00    0.00    0.00    0.00    0.00    0.00   99.50
00:41:06     all    0.75    0.00    0.25    0.00    0.00    0.25    0.00    0.00    0.00   98.75
00:41:07     all    0.50    0.00    0.00    0.00    0.00    0.00    0.00    0.00    0.00   99.50
00:41:08     all    0.75    0.00    0.25    0.00    0.00    0.00    0.00    0.00    0.00   99.00
00:41:09     all    0.75    0.00    0.00    0.00    0.00    0.00    0.00    0.00    0.00   99.25
00:41:10     all    0.50    0.00    0.00    0.00    0.00    0.25    0.00    0.00    0.00   99.25
00:41:11     all    0.75    0.00    0.00    0.00    0.00    0.00    0.00    0.00    0.00   99.25
00:41:12     all    0.75    0.00    0.25    0.00    0.00    0.00    0.00    0.00    0.00   99.00
00:41:13     all    0.50    0.00    0.25    0.00    0.00    0.00    0.00    0.00    0.00   99.25
00:41:14     all    0.75    0.00    0.25    0.00    0.00    0.25    0.00    0.00    0.00   98.75
00:41:15     all    0.50    0.00    0.25    0.00    0.00    0.00    0.00    0.00    0.00   99.25
00:41:16     all    0.50    0.00    0.00    0.00    0.00    0.00    0.00    0.00    0.00   99.50
00:41:17     all    0.75    0.00    0.00    0.00    0.00    0.00    0.00    0.00    0.00   99.25
00:41:18     all    0.50    0.00    0.00    0.00    0.00    0.25    0.00    0.00    0.00   99.25
00:41:19     all    0.75    0.00    0.00    0.00    0.00    0.00    0.00    0.00    0.00   99.25
00:41:20     all    0.50    0.00    0.25    0.25    0.00    0.00    0.00    0.00    0.00   99.00
00:41:21     all    1.00    0.00    0.00    0.00    0.00    0.00    0.00    0.00    0.00   99.00
00:41:22     all    0.75    0.00    0.00    0.00    0.00    0.25    0.00    0.00    0.00   99.00
00:41:23     all    0.75    0.00    0.25    0.00    0.00    0.00    0.00    0.00    0.00   99.00
00:41:24     all    0.75    0.00    0.00    0.00    0.00    0.00    0.00    0.00    0.00   99.25
00:41:25     all    0.75    0.00    0.00    0.00    0.00    0.00    0.00    0.00    0.00   99.25
00:41:26     all    0.50    0.00    0.25    0.00    0.00    0.25    0.00    0.00    0.00   99.00
00:41:27     all    0.75    0.00    0.00    0.00    0.00    0.00    0.00    0.00    0.00   99.25
00:41:28     all    0.75    0.00    0.25    0.00    0.00    0.00    0.00    0.00    0.00   99.00
00:41:29     all    0.75    0.00    0.00    0.00    0.00    0.25    0.00    0.00    0.00   99.00
00:41:30     all    0.50    0.00    0.25    0.00    0.00    0.00    0.00    0.00    0.00   99.25
00:41:31     all    1.00    0.00    0.00    0.00    0.00    0.00    0.00    0.00    0.00   99.00
00:41:32     all    0.75    0.00    0.25    0.00    0.00    0.25    0.00    0.00    0.00   98.75
00:41:33     all    0.75    0.00    0.00    0.00    0.00    0.00    0.00    0.00    0.00   99.25
00:41:34     all    0.75    0.00    0.00    0.00    0.00    0.00    0.00    0.00    0.00   99.25
00:41:35     all    0.50    0.00    0.25    0.00    0.00    0.25    0.00    0.00    0.00   99.00
00:41:36     all    0.75    0.00    0.25    0.00    0.00    0.00    0.00    0.00    0.00   99.00
00:41:37     all    0.75    0.00    0.00    0.00    0.00    0.00    0.00    0.00    0.00   99.25
00:41:38     all    0.75    0.00    0.25    0.00    0.00    0.00    0.25    0.00    0.00   98.75
00:41:39     all    0.75    0.00    0.00    0.00    0.00    0.00    0.00    0.00    0.00   99.25
00:41:40     all    0.75    0.00    0.00    0.00    0.00    0.00    0.00    0.00    0.00   99.25
00:41:41     all    0.50    0.00    0.50    0.00    0.00    0.00    0.00    0.00    0.00   99.00
00:41:42     all    1.00    0.00    0.25    0.25    0.00    0.00    0.00    0.00    0.00   98.50
00:41:43     all    0.75    0.00    0.00    0.00    0.00    0.00    0.00    0.00    0.00   99.25
00:41:44     all    0.50    0.00    0.25    0.00    0.00    0.00    0.00    0.00    0.00   99.24
00:41:45     all    0.75    0.00    0.50    0.00    0.00    0.25    0.00    0.00    0.00   98.50
00:41:46     all    1.00    0.00    0.00    0.00    0.00    0.00    0.00    0.00    0.00   99.00
00:41:47     all    1.00    0.00    0.25    0.00    0.00    0.00    0.00    0.00    0.00   98.75
00:41:48     all    0.50    0.00    0.25    0.00    0.00    0.00    0.00    0.00    0.00   99.24
00:41:49     all    0.75    0.00    0.25    0.00    0.00    0.00    0.00    0.00    0.00   99.00
00:41:50     all    0.50    0.00    0.25    0.00    0.00    0.25    0.25    0.00    0.00   98.75
00:41:51     all    0.50    0.00    0.00    0.00    0.00    0.00    0.00    0.00    0.00   99.50
00:41:52     all    0.75    0.00    0.25    0.00    0.00    0.00    0.00    0.00    0.00   99.00
00:41:53     all    0.75    0.00    0.00    0.00    0.00    0.00    0.00    0.00    0.00   99.25
00:41:54     all    1.00    0.00    0.00    0.00    0.00    0.00    0.00    0.00    0.00   99.00
00:41:55     all    0.75    0.00    0.50    0.00    0.00    0.25    0.00    0.00    0.00   98.50
00:41:56     all    0.50    0.00    0.25    0.00    0.00    0.00    0.00    0.00    0.00   99.25
00:41:57     all    0.75    0.00    0.00    0.00    0.00    0.00    0.00    0.00    0.00   99.25
00:41:58     all    0.75    0.00    0.00    0.00    0.00    0.00    0.00    0.00    0.00   99.25
00:41:59     all    0.75    0.00    0.25    0.00    0.00    0.00    0.00    0.00    0.00   99.00
00:42:00     all    0.75    0.00    0.00    0.00    0.00    0.00    0.00    0.00    0.00   99.25
00:42:01     all    0.75    0.00    0.00    0.00    0.00    0.00    0.00    0.00    0.00   99.25
00:42:02     all    0.75    0.00    0.25    0.00    0.00    0.25    0.00    0.00    0.00   98.75
00:42:03     all    1.00    0.00    0.00    0.00    0.00    0.00    0.00    0.00    0.00   99.00
00:42:04     all    0.75    0.00    0.00    0.00    0.00    0.25    0.00    0.00    0.00   99.00
00:42:05     all    0.50    0.00    0.00    0.00    0.00    0.00    0.00    0.00    0.00   99.50
00:42:06     all    1.00    0.00    0.25    0.00    0.00    0.00    0.25    0.00    0.00   98.50
00:42:07     all    0.75    0.00    0.00    0.00    0.00    0.00    0.00    0.00    0.00   99.25
00:42:08     all    0.50    0.00    0.25    0.00    0.00    0.00    0.00    0.00    0.00   99.25
00:42:09     all    0.50    0.00    0.00    0.00    0.00    0.00    0.00    0.00    0.00   99.50
00:42:10     all    0.75    0.00    0.00    0.00    0.00    0.00    0.00    0.00    0.00   99.25
00:42:11     all    1.00    0.00    0.25    0.00    0.00    0.00    0.25    0.00    0.00   98.50
00:42:12     all    0.75    0.00    0.25    0.00    0.00    0.00    0.00    0.00    0.00   99.00
00:42:13     all    0.75    0.00    0.00    0.00    0.00    0.00    0.00    0.00    0.00   99.25
00:42:14     all    0.50    0.00    0.25    0.00    0.00    0.00    0.00    0.00    0.00   99.24
00:42:15     all    0.75    0.00    0.00    0.00    0.00    0.00    0.00    0.00    0.00   99.25
00:42:16     all    0.50    0.00    0.25    0.00    0.00    0.25    0.00    0.00    0.00   99.00
00:42:17     all    0.50    0.00    0.50    0.00    0.00    0.25    0.00    0.00    0.00   98.75
00:42:18     all    1.25    0.00    0.00    0.25    0.00    0.25    0.00    0.00    0.00   98.25
00:42:19     all    0.75    0.00    0.25    0.00    0.00    0.00    0.00    0.00    0.00   99.00
00:42:20     all    0.75    0.00    0.00    0.00    0.00    0.00    0.00    0.00    0.00   99.25
00:42:21     all    0.75    0.00    0.00    0.00    0.00    0.25    0.00    0.00    0.00   98.99
00:42:22     all    0.75    0.00    0.25    0.00    0.00    0.00    0.00    0.00    0.00   99.00
00:42:23     all    0.75    0.00    0.00    0.00    0.00    0.00    0.00    0.00    0.00   99.25
00:42:24     all    0.75    0.00    0.00    0.00    0.00    0.00    0.00    0.00    0.00   99.25
00:42:25     all    1.00    0.00    0.25    0.25    0.00    0.00    0.00    0.00    0.00   98.50
00:42:26     all    0.50    0.00    0.00    0.00    0.00    0.00    0.00    0.00    0.00   99.50
00:42:27     all    0.75    0.00    0.00    0.00    0.00    0.00    0.00    0.00    0.00   99.25
00:42:28     all    0.75    0.00    0.25    0.00    0.00    0.00    0.00    0.00    0.00   99.00
00:42:29     all    0.75    0.00    0.00    0.00    0.00    0.00    0.00    0.00    0.00   99.25
00:42:30     all    0.75    0.00    0.25    0.00    0.00    0.00    0.00    0.00    0.00   98.99
00:42:31     all    0.75    0.00    0.25    0.00    0.00    0.25    0.00    0.00    0.00   98.75
00:42:32     all    1.00    0.00    0.25    0.00    0.00    0.00    0.00    0.00    0.00   98.75
00:42:33     all    0.75    0.00    0.00    0.00    0.00    0.25    0.00    0.00    0.00   98.99
00:42:34     all    0.75    0.00    0.50    0.00    0.00    0.00    0.25    0.00    0.00   98.50
00:42:35     all    0.75    0.00    0.00    0.00    0.00    0.00    0.00    0.00    0.00   99.25
00:42:36     all    0.75    0.00    0.25    0.25    0.00    0.00    0.00    0.00    0.00   98.74
00:42:37     all    0.75    0.00    0.00    0.00    0.00    0.00    0.00    0.00    0.00   99.25
00:42:38     all    0.50    0.00    0.25    0.00    0.00    0.00    0.00    0.00    0.00   99.25
00:42:39     all    0.75    0.00    0.00    0.00    0.00    0.00    0.00    0.00    0.00   99.25
00:42:40     all    0.50    0.00    0.25    0.00    0.00    0.00    0.00    0.00    0.00   99.25
00:42:41     all    0.75    0.00    0.25    0.00    0.00    0.00    0.00    0.00    0.00   99.00
00:42:42     all    0.50    0.00    0.00    0.00    0.00    0.00    0.00    0.00    0.00   99.50
00:42:43     all    0.50    0.00    0.25    0.00    0.00    0.00    0.00    0.00    0.00   99.24
00:42:44     all    0.75    0.00    0.00    0.00    0.00    0.25    0.00    0.00    0.00   99.00
00:42:45     all    0.75    0.00    0.25    0.00    0.00    0.00    0.00    0.00    0.00   99.00
00:42:46     all    0.75    0.00    0.00    0.25    0.00    0.00    0.00    0.00    0.00   98.99
00:42:47     all    0.75    0.00    0.00    0.00    0.00    0.00    0.00    0.00    0.00   99.25
00:42:48     all    0.75    0.00    0.25    0.00    0.00    0.00    0.00    0.00    0.00   99.00
00:42:49     all    0.75    0.00    0.50    0.00    0.00    0.00    0.00    0.00    0.00   98.75
00:42:50     all    1.01    0.00    0.00    0.00    0.00    0.00    0.00    0.00    0.00   98.99
00:42:51     all    0.75    0.00    0.25    0.00    0.00    0.25    0.00    0.00    0.00   98.75
00:42:52     all    0.75    0.00    0.00    0.00    0.00    0.00    0.00    0.00    0.00   99.25
00:42:53     all    0.50    0.00    0.25    0.00    0.00    0.00    0.00    0.00    0.00   99.25
00:42:54     all    0.50    0.00    0.00    0.00    0.00    0.25    0.00    0.00    0.00   99.25
00:42:55     all    1.00    0.00    0.00    0.00    0.00    0.00    0.00    0.00    0.00   99.00
00:42:56     all    0.50    0.00    0.25    0.00    0.00    0.00    0.00    0.00    0.00   99.24
00:42:57     all    0.75    0.00    0.00    0.00    0.00    0.00    0.00    0.00    0.00   99.25
00:42:58     all    0.50    0.00    0.00    0.00    0.00    0.00    0.00    0.00    0.00   99.50
00:42:59     all    0.75    0.00    0.25    0.00    0.00    0.00    0.00    0.00    0.00   99.00
00:43:00     all    1.00    0.00    0.25    0.00    0.00    0.00    0.00    0.00    0.00   98.75
00:43:01     all    0.75    0.00    0.00    0.00    0.00    0.00    0.00    0.00    0.00   99.25
00:43:02     all    0.75    0.00    0.25    0.00    0.00    0.00    0.00    0.00    0.00   98.99
00:43:03     all    0.75    0.00    0.00    0.00    0.00    0.25    0.00    0.00    0.00   99.00
00:43:04     all    0.51    0.00    0.25    0.00    0.00    0.00    0.00    0.00    0.00   99.24
00:43:05     all    0.75    0.00    0.00    0.00    0.00    0.00    0.00    0.00    0.00   99.25
00:43:06     all    0.75    0.00    0.50    0.00    0.00    0.00    0.00    0.00    0.00   98.75
00:43:07     all    0.75    0.00    0.00    0.00    0.00    0.00    0.00    0.00    0.00   99.25
00:43:08     all    0.75    0.00    0.00    0.00    0.00    0.00    0.00    0.00    0.00   99.25
00:43:09     all    0.75    0.00    0.25    0.00    0.00    0.00    0.00    0.00    0.00   99.00
00:43:10     all    0.76    0.00    0.00    0.00    0.00    0.00    0.00    0.00    0.00   99.24
00:43:11     all    1.00    0.00    0.25    0.00    0.00    0.25    0.00    0.00    0.00   98.51
00:43:12     all    0.50    0.00    0.00    0.00    0.00    0.00    0.00    0.00    0.00   99.50
00:43:13     all    0.75    0.00    0.00    0.00    0.00    0.00    0.25    0.00    0.00   99.00
00:43:14     all    0.75    0.00    0.25    0.00    0.00    0.00    0.00    0.00    0.00   99.00
00:43:15     all    1.00    0.00    0.00    0.00    0.00    0.00    0.00    0.00    0.00   99.00
00:43:16     all    0.75    0.00    0.50    0.00    0.00    0.00    0.00    0.00    0.00   98.75
00:43:17     all    0.75    0.00    0.00    0.25    0.00    0.00    0.00    0.00    0.00   99.00
00:43:18     all    0.75    0.00    0.00    0.00    0.00    0.00    0.00    0.00    0.00   99.25
00:43:19     all    0.76    0.00    0.00    0.00    0.00    0.00    0.00    0.00    0.00   99.24
00:43:20     all    0.75    0.00    0.25    0.00    0.00    0.00    0.00    0.00    0.00   99.00
00:43:21     all    0.75    0.00    0.25    0.00    0.00    0.25    0.00    0.00    0.00   98.75
00:43:22     all    1.00    0.00    0.25    0.00    0.00    0.25    0.00    0.00    0.00   98.50
00:43:23     all    0.76    0.00    0.00    0.00    0.00    0.00    0.00    0.00    0.00   99.24
00:43:24     all    0.75    0.00    0.25    0.00    0.00    0.25    0.00    0.00    0.00   98.75
00:43:25     all    0.75    0.00    0.00    0.00    0.00    0.00    0.00    0.00    0.00   99.25
00:43:26     all    0.75    0.00    0.25    0.00    0.00    0.00    0.00    0.00    0.00   99.00
00:43:27     all    0.76    0.00    0.00    0.00    0.00    0.00    0.00    0.00    0.00   99.24
00:43:28     all    0.75    0.00    0.25    0.00    0.00    0.00    0.00    0.00    0.00   99.00
00:43:29     all    0.75    0.00    0.00    0.00    0.00    0.00    0.00    0.00    0.00   99.25
00:43:30     all    0.75    0.00    0.25    0.00    0.00    0.00    0.00    0.00    0.00   99.00
00:43:31     all    0.75    0.00    0.00    0.00    0.00    0.00    0.25    0.00    0.00   99.00
00:43:32     all    0.75    0.00    0.50    0.00    0.00    0.00    0.00    0.00    0.00   98.75
00:43:33     all    0.50    0.00    0.00    0.00    0.00    0.00    0.00    0.00    0.00   99.50
00:43:34     all    0.75    0.00    0.00    0.00    0.00    0.00    0.00    0.00    0.00   99.25
00:43:35     all    0.25    0.00    0.00    0.00    0.00    0.00    0.00    0.00    0.00   99.75
00:43:36     all    0.75    0.00    0.25    0.00    0.00    0.00    0.00    0.00    0.00   99.00
00:43:37     all    1.00    0.00    0.00    0.00    0.00    0.00    0.00    0.00    0.00   99.00
00:43:38     all    0.50    0.00    0.25    0.00    0.00    0.00    0.00    0.00    0.00   99.25
00:43:39     all    0.76    0.00    0.00    0.00    0.00    0.00    0.00    0.00    0.00   99.24
00:43:40     all    1.00    0.00    0.00    0.00    0.00    0.25    0.00    0.00    0.00   98.75
00:43:41     all    0.76    0.00    0.00    0.00    0.00    0.00    0.00    0.00    0.00   99.24
00:43:42     all    1.00    0.00    0.00    0.00    0.00    0.00    0.00    0.00    0.00   99.00
00:43:43     all    0.75    0.00    0.25    0.00    0.00    0.00    0.00    0.00    0.00   99.00
00:43:44     all    0.75    0.00    0.25    0.00    0.00    0.25    0.00    0.00    0.00   98.75
00:43:45     all    0.75    0.00    0.00    0.00    0.00    0.00    0.00    0.00    0.00   99.25
00:43:46     all    0.50    0.00    0.00    0.00    0.00    0.00    0.00    0.00    0.00   99.50
00:43:47     all    0.75    0.00    0.75    0.00    0.00    0.25    0.00    0.00    0.00   98.25
00:43:48     all    0.75    0.00    0.00    0.00    0.00    0.00    0.00    0.00    0.00   99.25
00:43:49     all    1.00    0.00    0.25    0.00    0.00    0.00    0.00    0.00    0.00   98.75
00:43:50     all    0.75    0.00    0.25    0.00    0.00    0.00    0.00    0.00    0.00   98.99
00:43:51     all    0.50    0.00    0.00    0.25    0.00    0.00    0.00    0.00    0.00   99.25
00:43:52     all    0.50    0.00    0.00    0.00    0.00    0.00    0.00    0.00    0.00   99.50
00:43:53     all    1.00    0.00    0.50    0.00    0.00    0.00    0.00    0.00    0.00   98.50
00:43:54     all    1.00    0.00    0.00    0.00    0.00    0.00    0.00    0.00    0.00   99.00
00:43:55     all    0.75    0.00    0.25    0.00    0.00    0.00    0.00    0.00    0.00   98.99
00:43:56     all    0.75    0.00    0.00    0.00    0.00    0.00    0.00    0.00    0.00   99.25
00:43:57     all    0.50    0.00    0.00    0.00    0.00    0.00    0.00    0.00    0.00   99.50
00:43:58     all    0.75    0.00    0.25    0.00    0.00    0.00    0.00    0.00    0.00   99.00
00:43:59     all    0.75    0.00    0.00    0.00    0.00    0.00    0.00    0.00    0.00   99.25
00:44:00     all    0.25    0.00    0.00    0.00    0.00    0.00    0.00    0.00    0.00   99.75
00:44:01     all    0.25    0.00    0.00    0.00    0.00    0.00    0.00    0.00    0.00   99.75
00:44:02     all    0.75    0.00    0.25    0.00    0.00    0.00    0.00    0.00    0.00   99.00
00:44:03     all    0.50    0.00    0.00    0.00    0.00    0.00    0.00    0.00    0.00   99.50
00:44:04     all    0.50    0.00    0.25    0.00    0.00    0.00    0.00    0.00    0.00   99.25
00:44:05     all    0.75    0.00    0.00    0.00    0.00    0.00    0.00    0.00    0.00   99.25
00:44:06     all    0.50    0.00    0.00    0.00    0.00    0.25    0.00    0.00    0.00   99.25
00:44:07     all    0.75    0.00    0.25    0.00    0.00    0.00    0.00    0.00    0.00   99.00
00:44:08     all    0.50    0.00    0.00    0.00    0.00    0.00    0.00    0.00    0.00   99.50
00:44:09     all    0.25    0.00    0.25    0.00    0.00    0.25    0.00    0.00    0.00   99.25
00:44:10     all    0.00    0.00    0.00    0.00    0.00    0.00    0.00    0.00    0.00  100.00
00:44:11     all    0.00    0.00    0.00    0.00    0.00    0.00    0.00    0.00    0.00  100.00
00:44:12     all    0.00    0.00    0.00    0.00    0.00    0.00    0.00    0.00    0.00  100.00
00:44:13     all    0.25    0.00    0.00    0.00    0.00    0.00    0.00    0.00    0.00   99.75
00:44:14     all    0.00    0.00    0.00    0.00    0.00    0.00    0.00    0.00    0.00  100.00
00:44:15     all    0.00    0.00    0.00    0.00    0.00    0.00    0.00    0.00    0.00  100.00
00:44:16     all    0.00    0.00    0.00    0.00    0.00    0.00    0.00    0.00    0.00  100.00
00:44:17     all    0.00    0.00    0.00    0.00    0.00    0.00    0.00    0.00    0.00  100.00
00:44:18     all    0.00    0.00    0.00    0.00    0.00    0.00    0.00    0.00    0.00  100.00
