Linux 6.8.0-1064-gcp (csb-bench-host-gcp) 	08/18/26 	_x86_64_	(4 CPU)

05:18:03     CPU    %usr   %nice    %sys %iowait    %irq   %soft  %steal  %guest  %gnice   %idle
05:18:04     all    8.04    0.00    2.51    0.00    0.00    2.01    0.00    0.00    0.00   87.44
05:18:05     all    6.77    0.00    0.75    0.00    0.00    1.75    0.25    0.00    0.00   90.48
05:18:06     all    6.55    0.00    0.76    0.25    0.00    2.27    0.00    0.00    0.00   90.18
05:18:07     all    6.53    0.00    0.75    0.00    0.00    1.76    0.00    0.00    0.00   90.95
05:18:08     all    6.05    0.00    1.26    0.00    0.00    1.51    0.00    0.00    0.00   91.18
05:18:09     all    6.28    0.00    1.01    0.00    0.00    1.76    0.00    0.00    0.00   90.95
05:18:10     all    6.09    0.00    1.02    0.00    0.00    1.52    0.00    0.00    0.00   91.37
05:18:11     all    6.30    0.00    0.76    0.00    0.00    1.26    0.25    0.00    0.00   91.44
05:18:12     all    5.82    0.00    1.01    0.00    0.00    1.52    0.00    0.00    0.00   91.65
05:18:13     all    5.79    0.00    1.26    0.00    0.00    1.51    0.00    0.00    0.00   91.44
05:18:14     all    5.50    0.00    1.25    0.00    0.00    1.75    0.25    0.00    0.00   91.25
05:18:15     all    6.33    0.00    0.76    0.00    0.00    1.52    0.00    0.00    0.00   91.39
05:18:16     all    6.55    0.00    1.01    0.00    0.00    1.26    0.00    0.00    0.00   91.18
05:18:17     all    6.60    0.00    0.76    0.00    0.00    1.27    0.00    0.00    0.00   91.37
05:18:18     all    5.99    0.00    1.25    0.00    0.00    2.24    0.25    0.00    0.00   90.27
05:18:19     all    6.35    0.00    0.76    0.00    0.00    1.52    0.00    0.00    0.00   91.37
05:18:20     all    6.55    0.00    1.01    0.00    0.00    1.51    0.00    0.00    0.00   90.93
05:18:21     all    6.33    0.00    0.51    0.00    0.00    1.77    0.25    0.00    0.00   91.14
05:18:22     all    6.28    0.00    1.26    0.00    0.00    2.26    0.00    0.00    0.00   90.20
05:18:23     all    6.31    0.00    1.01    0.00    0.00    1.26    0.00    0.00    0.00   91.41
05:18:24     all    6.31    0.00    0.76    0.25    0.00    1.52    0.00    0.00    0.00   91.16
05:18:25     all    6.09    0.00    1.27    0.00    0.00    1.78    0.25    0.00    0.00   90.61
05:18:26     all    6.80    0.00    0.76    0.00    0.00    2.02    0.25    0.00    0.00   90.18
05:18:27     all    6.53    0.00    1.26    0.00    0.00    1.26    0.00    0.00    0.00   90.95
05:18:28     all    7.05    0.00    0.50    0.00    0.00    1.76    0.00    0.00    0.00   90.68
05:18:29     all    6.11    0.00    0.76    0.00    0.00    1.53    0.00    0.00    0.00   91.60
05:18:30     all    6.25    0.00    1.50    0.00    0.00    2.00    0.25    0.00    0.00   90.00
05:18:31     all    6.11    0.00    0.76    0.00    0.00    1.27    0.00    0.00    0.00   91.86
05:18:32     all    6.05    0.00    1.26    0.00    0.00    1.51    0.00    0.00    0.00   91.18
05:18:33     all    5.85    0.00    1.02    0.00    0.00    1.53    0.00    0.00    0.00   91.60
05:18:34     all    5.81    0.00    0.76    0.00    0.00    1.52    0.00    0.00    0.00   91.92
05:18:35     all    6.30    0.00    1.26    0.00    0.00    1.51    0.25    0.00    0.00   90.68
05:18:36     all    6.06    0.00    1.26    0.00    0.00    1.77    0.25    0.00    0.00   90.66
05:18:37     all    5.84    0.00    0.51    0.00    0.00    1.52    0.00    0.00    0.00   92.13
05:18:38     all    6.75    0.00    1.00    0.00    0.00    1.50    0.25    0.00    0.00   90.50
05:18:39     all    6.06    0.00    0.76    0.00    0.00    1.52    0.00    0.00    0.00   91.67
05:18:40     all    6.82    0.00    0.76    0.00    0.00    1.26    0.00    0.00    0.00   91.16
05:18:41     all    6.35    0.00    0.51    0.00    0.00    1.52    0.00    0.00    0.00   91.62
05:18:42     all    6.78    0.00    1.26    0.00    0.00    1.51    0.00    0.00    0.00   90.45
05:18:43     all    5.82    0.00    1.01    0.00    0.00    1.52    0.00    0.00    0.00   91.65
05:18:44     all    6.57    0.00    1.01    0.00    0.00    1.26    0.00    0.00    0.00   91.16
05:18:45     all    6.28    0.00    0.75    0.00    0.00    2.01    0.25    0.00    0.00   90.70
05:18:46     all    6.35    0.00    1.27    0.25    0.00    1.27    0.00    0.00    0.00   90.86
05:18:47     all    5.79    0.00    1.01    0.00    0.00    1.76    0.00    0.00    0.00   91.44
05:18:48     all    5.05    0.00    0.76    0.00    0.00    1.26    0.25    0.00    0.00   92.68
05:18:49     all    4.04    0.00    1.01    0.00    0.00    1.26    0.00    0.00    0.00   93.69
05:18:50     all    5.28    0.00    0.50    0.00    0.00    1.01    0.00    0.00    0.00   93.22
05:18:51     all    5.51    0.00    1.00    0.00    0.00    1.50    0.00    0.00    0.00   91.98
05:18:52     all    6.53    0.00    0.75    0.00    0.00    1.51    0.50    0.00    0.00   90.70
05:18:53     all    5.85    0.00    0.76    0.00    0.00    2.04    0.00    0.00    0.00   91.35
05:18:54     all    6.27    0.00    1.00    0.00    0.00    1.75    0.00    0.00    0.00   90.98
05:18:55     all    6.28    0.00    1.26    0.00    0.00    1.51    0.00    0.00    0.00   90.95
05:18:56     all    6.35    0.00    0.76    0.00    0.00    1.52    0.00    0.00    0.00   91.37
05:18:57     all    6.05    0.00    1.01    0.00    0.00    1.51    0.00    0.00    0.00   91.44
05:18:58     all    6.06    0.00    1.01    0.00    0.00    1.77    0.00    0.00    0.00   91.16
05:18:59     all    6.36    0.00    0.51    0.00    0.00    0.76    0.51    0.00    0.00   91.86
05:19:00     all    6.30    0.00    1.01    0.00    0.00    1.76    0.00    0.00    0.00   90.93
05:19:01     all    6.06    0.00    0.76    0.00    0.00    1.52    0.00    0.00    0.00   91.67
05:19:02     all    6.50    0.00    1.25    0.00    0.00    2.00    0.00    0.00    0.00   90.25
05:19:03     all    5.85    0.00    1.02    0.00    0.00    1.53    0.00    0.00    0.00   91.60
05:19:04     all    6.82    0.00    0.51    0.00    0.00    1.77    0.00    0.00    0.00   90.91
05:19:05     all    6.75    0.00    1.00    0.00    0.00    1.75    0.25    0.00    0.00   90.25
05:19:06     all    6.33    0.00    0.76    0.00    0.00    1.77    0.25    0.00    0.00   90.89
05:19:07     all    6.31    0.00    1.26    0.00    0.00    1.52    0.00    0.00    0.00   90.91
05:19:08     all    6.05    0.00    1.01    0.00    0.00    1.51    0.00    0.00    0.00   91.44
05:19:09     all    5.60    0.00    1.53    0.00    0.00    1.53    0.00    0.00    0.00   91.35
05:19:10     all    6.25    0.00    0.75    0.25    0.00    2.00    0.00    0.00    0.00   90.75
05:19:11     all    6.05    0.00    1.26    0.00    0.00    2.27    0.00    0.00    0.00   90.43
05:19:12     all    6.06    0.00    1.01    0.00    0.00    2.02    0.25    0.00    0.00   90.66
05:19:13     all    6.05    0.00    1.26    0.00    0.00    1.51    0.00    0.00    0.00   91.18
05:19:14     all    6.06    0.00    0.76    0.00    0.00    1.77    0.00    0.00    0.00   91.41
05:19:15     all    6.31    0.00    1.01    0.00    0.00    1.52    0.25    0.00    0.00   90.91
05:19:16     all    6.30    0.00    1.01    0.00    0.00    2.02    0.00    0.00    0.00   90.68
05:19:17     all    6.77    0.00    1.00    0.00    0.00    1.75    0.00    0.00    0.00   90.48
05:19:18     all    5.81    0.00    1.01    0.00    0.00    1.77    0.25    0.00    0.00   91.16
05:19:19     all    6.38    0.00    0.51    0.00    0.00    1.28    0.00    0.00    0.00   91.84
05:19:20     all    7.30    0.00    1.26    0.00    0.00    2.02    0.00    0.00    0.00   89.42
05:19:21     all    6.09    0.00    1.52    0.00    0.00    1.27    0.00    0.00    0.00   91.12
05:19:22     all    7.05    0.00    0.50    0.00    0.00    2.02    0.25    0.00    0.00   90.18
05:19:23     all    6.58    0.00    1.01    0.00    0.00    1.27    0.00    0.00    0.00   91.14
05:19:24     all    6.31    0.00    0.76    0.00    0.00    1.77    0.00    0.00    0.00   91.16
05:19:25     all    6.57    0.00    1.26    0.00    0.00    1.26    0.25    0.00    0.00   90.66
05:19:26     all    6.85    0.00    1.02    0.00    0.00    1.52    0.00    0.00    0.00   90.61
05:19:27     all    5.85    0.00    1.02    0.00    0.00    1.78    0.00    0.00    0.00   91.35
05:19:28     all    6.57    0.00    0.76    0.00    0.00    1.77    0.00    0.00    0.00   90.91
05:19:29     all    6.28    0.00    1.51    0.00    0.00    1.51    0.25    0.00    0.00   90.45
05:19:30     all    6.52    0.00    1.25    0.00    0.00    1.75    0.00    0.00    0.00   90.48
05:19:31     all    5.82    0.00    1.01    0.00    0.00    1.77    0.25    0.00    0.00   91.14
05:19:32     all    6.78    0.00    0.75    0.00    0.00    1.76    0.00    0.00    0.00   90.70
05:19:33     all    6.05    0.00    1.26    0.00    0.00    1.76    0.00    0.00    0.00   90.93
05:19:34     all    4.04    0.00    0.76    0.00    0.00    1.01    0.00    0.00    0.00   94.19
05:19:35     all    4.27    0.00    0.75    0.00    0.00    1.01    0.00    0.00    0.00   93.97
05:19:36     all    5.81    0.00    0.76    0.00    0.00    1.26    0.00    0.00    0.00   92.17
05:19:37     all    6.31    0.00    0.76    0.00    0.00    1.01    0.51    0.00    0.00   91.41
05:19:38     all    6.53    0.00    1.01    0.00    0.00    2.01    0.00    0.00    0.00   90.45
05:19:39     all    6.08    0.00    0.76    0.00    0.00    1.77    0.00    0.00    0.00   91.39
05:19:40     all    7.05    0.00    0.76    0.00    0.00    1.76    0.00    0.00    0.00   90.43
05:19:41     all    6.05    0.00    1.26    0.00    0.00    1.51    0.00    0.00    0.00   91.18
05:19:42     all    6.35    0.00    0.76    0.00    0.00    1.52    0.00    0.00    0.00   91.37
05:19:43     all    6.25    0.00    1.00    0.25    0.00    1.75    0.00    0.00    0.00   90.75
05:19:44     all    6.82    0.00    0.76    0.00    0.00    1.77    0.00    0.00    0.00   90.66
05:19:45     all    6.58    0.00    1.27    0.00    0.00    1.27    0.00    0.00    0.00   90.89
05:19:46     all    6.23    0.00    1.50    0.00    0.00    1.50    0.25    0.00    0.00   90.52
05:19:47     all    6.28    0.00    1.01    0.00    0.00    1.76    0.25    0.00    0.00   90.70
05:19:48     all    6.84    0.00    1.01    0.00    0.00    1.52    0.00    0.00    0.00   90.63
05:19:49     all    6.11    0.00    0.76    0.00    0.00    1.53    0.25    0.00    0.00   91.35
05:19:50     all    6.05    0.00    1.26    0.00    0.00    2.02    0.00    0.00    0.00   90.68
05:19:51     all    6.62    0.00    0.76    0.00    0.00    1.53    0.00    0.00    0.00   91.09
05:19:52     all    7.54    0.00    1.26    0.00    0.00    1.76    0.00    0.00    0.00   89.45
05:19:53     all    7.34    0.00    0.76    0.00    0.00    2.03    0.00    0.00    0.00   89.87
05:19:54     all    7.36    0.00    1.02    0.00    0.00    1.52    0.25    0.00    0.00   89.85
05:19:55     all    8.04    0.00    1.51    0.00    0.00    1.76    0.00    0.00    0.00   88.69
05:19:56     all    7.77    0.00    1.00    0.00    0.00    2.01    0.00    0.00    0.00   89.22
05:19:57     all    8.16    0.00    1.02    0.00    0.00    1.28    0.00    0.00    0.00   89.54
05:19:58     all    8.00    0.00    1.00    0.00    0.00    2.25    0.25    0.00    0.00   88.50
05:19:59     all    8.10    0.00    1.27    0.00    0.00    1.77    0.25    0.00    0.00   88.61
05:20:00     all    7.81    0.00    1.01    0.00    0.00    2.77    0.00    0.00    0.00   88.41
05:20:01     all    8.79    0.00    1.26    0.00    0.00    1.76    0.25    0.00    0.00   87.94
05:20:02     all    8.10    0.00    1.01    0.00    0.00    2.53    0.00    0.00    0.00   88.35
05:20:03     all    7.58    0.00    1.26    0.00    0.00    1.77    0.00    0.00    0.00   89.39
05:20:04     all    8.56    0.00    1.51    0.00    0.00    2.27    0.00    0.00    0.00   87.66
05:20:05     all    8.12    0.00    1.02    0.00    0.00    2.03    0.00    0.00    0.00   88.83
05:20:06     all    7.87    0.00    1.52    0.00    0.00    2.03    0.00    0.00    0.00   88.58
05:20:07     all    8.54    0.00    1.26    0.00    0.00    2.01    0.25    0.00    0.00   87.94
05:20:08     all    8.38    0.00    1.02    0.00    0.00    2.28    0.00    0.00    0.00   88.32
05:20:09     all    8.29    0.00    1.01    0.00    0.00    2.01    0.50    0.00    0.00   88.19
05:20:10     all    7.81    0.00    1.51    0.00    0.00    2.27    0.25    0.00    0.00   88.16
05:20:11     all    8.61    0.00    1.27    0.00    0.00    1.77    0.00    0.00    0.00   88.35
05:20:12     all    8.63    0.00    1.02    0.00    0.00    1.78    0.00    0.00    0.00   88.58
05:20:13     all    8.14    0.00    1.02    0.00    0.00    2.29    0.00    0.00    0.00   88.55
05:20:14     all    8.79    0.00    1.51    0.00    0.00    1.76    0.00    0.00    0.00   87.94
05:20:15     all    8.31    0.00    1.26    0.00    0.00    2.02    0.00    0.00    0.00   88.41
05:20:16     all    9.11    0.00    1.27    0.00    0.00    2.03    0.00    0.00    0.00   87.59
05:20:17     all    7.89    0.00    1.53    0.00    0.00    1.78    0.00    0.00    0.00   88.80
05:20:18     all    8.59    0.00    1.01    0.00    0.00    2.53    0.00    0.00    0.00   87.88
05:20:19     all    8.18    0.00    1.02    0.00    0.00    1.79    0.00    0.00    0.00   89.00
05:20:20     all    8.59    0.00    1.26    0.00    0.00    1.77    0.00    0.00    0.00   88.38
05:20:21     all    8.54    0.00    1.51    0.00    0.00    2.01    0.75    0.00    0.00   87.19
05:20:22     all    8.63    0.00    1.27    0.00    0.00    1.78    0.25    0.00    0.00   88.07
05:20:23     all    8.52    0.00    1.50    0.25    0.00    2.51    0.00    0.00    0.00   87.22
05:20:24     all    8.91    0.00    1.78    0.25    0.00    1.78    0.00    0.00    0.00   87.28
05:20:25     all    8.10    0.00    1.52    0.00    0.00    2.28    0.00    0.00    0.00   88.10
05:20:26     all    8.31    0.00    1.51    0.00    0.00    2.27    0.00    0.00    0.00   87.91
05:20:27     all    8.84    0.00    1.26    0.00    0.00    2.02    0.00    0.00    0.00   87.88
05:20:28     all    8.40    0.00    1.27    0.00    0.00    1.53    0.00    0.00    0.00   88.80
05:20:29     all    7.85    0.00    1.52    0.00    0.00    2.28    0.00    0.00    0.00   88.35
05:20:30     all    8.86    0.00    1.01    0.00    0.00    2.28    0.00    0.00    0.00   87.85
05:20:31     all    9.07    0.00    1.26    0.00    0.00    1.76    0.50    0.00    0.00   87.41
05:20:32     all    8.79    0.00    1.26    0.00    0.00    2.26    0.50    0.00    0.00   87.19
05:20:33     all    8.59    0.00    1.52    0.00    0.00    2.27    0.00    0.00    0.00   87.63
05:20:34     all    8.61    0.00    1.27    0.00    0.00    2.03    0.00    0.00    0.00   88.10
05:20:35     all    8.38    0.00    1.02    0.00    0.00    2.28    0.00    0.00    0.00   88.32
05:20:36     all    8.56    0.00    1.51    0.00    0.00    2.27    0.00    0.00    0.00   87.66
05:20:37     all    8.88    0.00    1.52    0.00    0.00    1.78    0.00    0.00    0.00   87.82
05:20:38     all    8.33    0.00    1.52    0.00    0.00    2.27    0.00    0.00    0.00   87.88
05:20:39     all    8.61    0.00    1.27    0.00    0.00    2.03    0.25    0.00    0.00   87.85
05:20:40     all    8.59    0.00    1.26    0.25    0.00    1.77    0.25    0.00    0.00   87.88
05:20:41     all    8.59    0.00    1.01    0.00    0.00    2.27    0.00    0.00    0.00   88.13
05:20:42     all    8.59    0.00    1.26    0.00    0.00    1.77    0.00    0.00    0.00   88.38
05:20:43     all    8.10    0.00    1.77    0.00    0.00    2.03    0.00    0.00    0.00   88.10
05:20:44     all    8.27    0.00    1.50    0.00    0.00    2.26    0.25    0.00    0.00   87.72
05:20:45     all    8.84    0.00    1.26    0.00    0.00    2.02    0.25    0.00    0.00   87.63
05:20:46     all    8.59    0.00    1.01    0.00    0.00    2.53    0.00    0.00    0.00   87.88
05:20:47     all    8.56    0.00    1.26    0.00    0.00    2.02    0.00    0.00    0.00   88.16
05:20:48     all    8.61    0.00    1.27    0.00    0.00    1.77    0.00    0.00    0.00   88.35
05:20:49     all    8.67    0.00    1.02    0.00    0.00    2.04    0.00    0.00    0.00   88.27
05:20:50     all    8.25    0.00    1.50    0.00    0.00    2.75    0.25    0.00    0.00   87.25
05:20:51     all    9.30    0.00    1.26    0.25    0.00    1.76    0.25    0.00    0.00   87.19
05:20:52     all    8.61    0.00    1.01    0.00    0.00    2.53    0.00    0.00    0.00   87.85
05:20:53     all    9.02    0.00    1.75    0.00    0.00    1.75    0.00    0.00    0.00   87.47
05:20:54     all    8.31    0.00    1.76    0.00    0.00    2.52    0.00    0.00    0.00   87.41
05:20:55     all    8.52    0.00    1.25    0.00    0.00    2.76    0.25    0.00    0.00   87.22
05:20:56     all    8.06    0.00    1.26    0.00    0.00    2.52    0.25    0.00    0.00   87.91
05:20:57     all    8.63    0.00    1.27    0.00    0.00    2.03    0.00    0.00    0.00   88.07
05:20:58     all    8.86    0.00    1.27    0.00    0.00    2.03    0.00    0.00    0.00   87.85
05:20:59     all    8.10    0.00    1.27    0.00    0.00    2.03    0.00    0.00    0.00   88.61
05:21:00     all    8.86    0.00    1.27    0.00    0.00    1.52    0.25    0.00    0.00   88.10
05:21:01     all    8.56    0.00    1.01    0.00    0.00    2.27    0.25    0.00    0.00   87.91
05:21:02     all    7.83    0.00    1.52    0.00    0.00    2.53    0.00    0.00    0.00   88.13
05:21:03     all    7.63    0.00    1.02    0.25    0.00    1.78    0.00    0.00    0.00   89.31
05:21:04     all    8.31    0.00    1.26    0.00    0.00    2.52    0.00    0.00    0.00   87.91
05:21:05     all    8.10    0.00    1.27    0.00    0.00    2.28    0.00    0.00    0.00   88.35
05:21:06     all    8.04    0.00    1.51    0.00    0.00    2.76    0.00    0.00    0.00   87.69
05:21:07     all    8.35    0.00    1.27    0.00    0.00    1.77    0.25    0.00    0.00   88.35
05:21:08     all    8.06    0.00    1.01    0.00    0.00    2.27    0.00    0.00    0.00   88.66
05:21:09     all    8.63    0.00    1.02    0.00    0.00    1.52    0.25    0.00    0.00   88.58
05:21:10     all    8.79    0.00    1.26    0.00    0.00    1.76    0.00    0.00    0.00   88.19
05:21:11     all    7.30    0.00    1.76    0.00    0.00    2.02    0.25    0.00    0.00   88.66
05:21:12     all    8.06    0.00    1.01    0.00    0.00    2.52    0.25    0.00    0.00   88.16
05:21:13     all    7.61    0.00    1.78    0.00    0.00    2.03    0.00    0.00    0.00   88.58
05:21:14     all    8.56    0.00    1.26    0.00    0.00    1.76    0.00    0.00    0.00   88.41
05:21:15     all    8.35    0.00    1.27    0.25    0.00    1.77    0.00    0.00    0.00   88.35
05:21:16     all    8.35    0.00    1.27    0.00    0.00    2.03    0.00    0.00    0.00   88.35
05:21:17     all    7.87    0.00    1.52    0.00    0.00    1.78    0.00    0.00    0.00   88.83
05:21:18     all    7.83    0.00    1.01    0.00    0.00    1.77    0.00    0.00    0.00   89.39
05:21:19     all    8.33    0.00    1.77    0.00    0.00    1.77    0.00    0.00    0.00   88.13
05:21:20     all    8.33    0.00    1.01    0.00    0.00    2.02    0.25    0.00    0.00   88.38
05:21:21     all    7.61    0.00    1.27    0.00    0.00    2.28    0.00    0.00    0.00   88.83
05:21:22     all    7.81    0.00    1.01    0.00    0.00    2.02    0.25    0.00    0.00   88.92
05:21:23     all    8.48    0.00    1.50    0.00    0.00    2.00    0.50    0.00    0.00   87.53
05:21:24     all    7.36    0.00    1.02    0.00    0.00    2.03    0.00    0.00    0.00   89.59
05:21:25     all    8.79    0.00    1.26    0.00    0.00    2.26    0.00    0.00    0.00   87.69
05:21:26     all    8.14    0.00    1.53    0.00    0.00    1.53    0.00    0.00    0.00   88.80
05:21:27     all    8.33    0.00    1.01    0.00    0.00    2.02    0.00    0.00    0.00   88.64
05:21:28     all    7.58    0.00    1.26    0.00    0.00    2.27    0.00    0.00    0.00   88.89
05:21:29     all    8.61    0.00    0.76    0.00    0.00    2.28    0.00    0.00    0.00   88.35
05:21:30     all    8.29    0.00    1.51    0.00    0.00    2.01    0.00    0.00    0.00   88.19
05:21:31     all    7.85    0.00    1.52    0.00    0.00    2.28    0.00    0.00    0.00   88.35
05:21:32     all    8.56    0.00    1.26    0.00    0.00    1.76    0.00    0.00    0.00   88.41
05:21:33     all    7.85    0.00    1.01    0.00    0.00    2.03    0.00    0.00    0.00   89.11
05:21:34     all    8.10    0.00    1.27    0.00    0.00    2.28    0.00    0.00    0.00   88.35
05:21:35     all    8.29    0.00    1.51    0.00    0.00    2.01    0.75    0.00    0.00   87.44
05:21:36     all    8.82    0.00    1.01    0.00    0.00    2.27    0.25    0.00    0.00   87.66
05:21:37     all    8.33    0.00    1.52    0.00    0.00    2.27    0.00    0.00    0.00   87.88
05:21:38     all    8.33    0.00    1.52    0.00    0.00    2.02    0.00    0.00    0.00   88.13
05:21:39     all    8.02    0.00    2.01    0.00    0.00    2.51    0.00    0.00    0.00   87.47
05:21:40     all    9.05    0.00    1.26    0.00    0.00    2.76    0.00    0.00    0.00   86.93
05:21:41     all    8.16    0.00    1.02    0.00    0.00    1.79    0.00    0.00    0.00   89.03
05:21:42     all    7.58    0.00    2.02    0.00    0.00    2.27    0.00    0.00    0.00   88.13
05:21:43     all    8.88    0.00    0.76    0.00    0.00    1.52    0.00    0.00    0.00   88.83
05:21:44     all    9.07    0.00    1.51    0.00    0.00    1.51    0.00    0.00    0.00   87.91
05:21:45     all    8.06    0.00    1.01    0.00    0.00    2.27    0.00    0.00    0.00   88.66
05:21:46     all    8.29    0.00    1.26    0.00    0.00    2.01    0.50    0.00    0.00   87.94
05:21:47     all    8.38    0.00    1.27    0.00    0.00    1.78    0.00    0.00    0.00   88.58
05:21:48     all    8.08    0.00    1.26    0.00    0.00    2.27    0.00    0.00    0.00   88.38
05:21:49     all    8.79    0.00    1.26    0.00    0.00    2.01    0.50    0.00    0.00   87.44
05:21:50     all    8.40    0.00    1.27    0.00    0.00    1.78    0.00    0.00    0.00   88.55
05:21:51     all    7.85    0.00    1.52    0.00    0.00    2.28    0.00    0.00    0.00   88.35
05:21:52     all    8.31    0.00    1.01    0.00    0.00    2.52    0.00    0.00    0.00   88.16
05:21:53     all    9.07    0.00    1.26    0.00    0.00    2.02    0.00    0.00    0.00   87.66
05:21:54     all    8.67    0.00    1.02    0.00    0.00    1.79    0.00    0.00    0.00   88.52
05:21:55     all    8.04    0.00    1.26    0.00    0.00    2.76    0.00    0.00    0.00   87.94
05:21:56     all   15.42    0.00    9.95    9.20    0.00    3.98    0.25    0.00    0.00   61.19
05:21:57     all   34.60    0.00   11.11    5.81    0.00    3.54    0.00    0.00    0.00   44.95
05:21:58     all   13.53    0.00    9.52    1.25    0.00    2.76    0.25    0.00    0.00   72.68
05:21:59     all   19.90    0.00   10.08    0.25    0.00    3.02    0.00    0.00    0.00   66.75
05:22:00     all   11.14    0.00    3.54    1.77    0.00    3.54    0.25    0.00    0.00   79.75
05:22:01     all   27.75    0.00    6.25    0.00    0.00    3.50    0.25    0.00    0.00   62.25
05:22:02     all   26.38    0.75    6.78    0.50    0.00    3.02    0.00    0.00    0.00   62.56
05:22:03     all    8.06   10.83    8.31    6.30    0.00    3.02    0.00    0.00    0.00   63.48
05:22:04     all    9.50   17.25    7.25    1.00    0.00    3.00    0.00    0.00    0.00   62.00
05:22:05     all    8.56    8.31   12.34    5.04    0.00    2.77    0.25    0.00    0.00   62.72
05:22:06     all    8.31   14.61    7.05    3.78    0.00    2.52    0.00    0.00    0.00   63.73
05:22:07     all    8.06   21.41    4.28    0.00    0.00    2.77    0.00    0.00    0.00   63.48
05:22:08     all   15.59   11.14    6.44    0.74    0.00    3.47    0.00    0.00    0.00   62.62
05:22:09     all   31.25    0.00    3.50    0.00    0.00    2.50    0.25    0.00    0.00   62.50
05:22:10     all   25.63    0.00    8.29    0.50    0.00    3.27    0.00    0.00    0.00   62.31
05:22:11     all   13.78   18.80    1.50    0.00    0.00    2.76    0.00    0.00    0.00   63.16
05:22:12     all   12.00   20.50    1.75    0.00    0.00    2.75    0.25    0.00    0.00   62.75
05:22:13     all    9.37    0.00    2.03    0.00    0.00    2.28    0.00    0.00    0.00   86.33
05:22:14     all    9.32    0.00    1.76    0.00    0.00    2.52    0.00    0.00    0.00   86.40
05:22:15     all    8.10    0.00    1.77    0.00    0.00    1.52    0.25    0.00    0.00   88.35
05:22:16     all    8.79    0.00    1.51    0.00    0.00    2.26    0.00    0.00    0.00   87.44
05:22:17     all    8.12    0.00    1.27    0.00    0.00    2.03    0.25    0.00    0.00   88.32
05:22:18     all    8.65    0.00    1.02    0.00    0.00    1.53    0.00    0.00    0.00   88.80
05:22:19     all    9.09    0.00    1.52    0.00    0.00    1.77    0.00    0.00    0.00   87.63
05:22:20     all    8.82    0.00    1.51    0.00    0.00    1.76    0.00    0.00    0.00   87.91
05:22:21     all    8.65    0.00    1.02    0.00    0.00    1.78    0.25    0.00    0.00   88.30
05:22:22     all    9.11    0.00    1.27    0.00    0.00    1.77    0.00    0.00    0.00   87.85
05:22:23     all    9.09    0.00    1.01    0.00    0.00    1.77    0.00    0.00    0.00   88.13
05:22:24     all    8.82    0.00    1.26    0.00    0.00    2.52    0.00    0.00    0.00   87.41
05:22:25     all    8.06    0.00    1.51    0.00    0.00    2.27    0.00    0.00    0.00   88.16
05:22:26     all    8.08    0.00    1.52    0.00    0.00    2.27    0.25    0.00    0.00   87.88
05:22:27     all    8.63    0.00    1.02    0.00    0.00    2.28    0.00    0.00    0.00   88.07
05:22:28     all    8.25    0.00    1.75    0.00    0.00    1.50    0.50    0.00    0.00   88.00
05:22:29     all    8.59    0.00    0.76    0.00    0.00    2.27    0.00    0.00    0.00   88.38
05:22:30     all    9.30    0.00    1.26    0.00    0.00    1.76    0.00    0.00    0.00   87.69
05:22:31     all    8.38    0.00    1.02    0.25    0.00    2.28    0.00    0.00    0.00   88.07
05:22:32     all    8.56    0.00    2.77    7.56    0.00    2.02    0.00    0.00    0.00   79.09
05:22:33     all    8.56    0.00    1.26    0.25    0.00    2.02    0.25    0.00    0.00   87.66
05:22:34     all    7.59    0.00    1.27    0.00    0.00    1.77    0.00    0.00    0.00   89.37
05:22:35     all    2.78    0.00    0.76    0.00    0.00    1.01    0.00    0.00    0.00   95.45
05:22:36     all    7.34    0.00    0.76    0.00    0.00    0.76    0.00    0.00    0.00   91.14
05:22:37     all    7.30    0.00    1.26    0.00    0.00    1.76    0.00    0.00    0.00   89.67
05:22:38     all    7.87    0.00    1.02    0.00    0.00    2.03    0.00    0.00    0.00   89.09
05:22:39     all    8.82    0.00    1.01    0.00    0.00    2.27    0.00    0.00    0.00   87.91
05:22:40     all    7.81    0.00    1.51    0.00    0.00    2.02    0.00    0.00    0.00   88.66
05:22:41     all    8.14    0.00    1.27    0.00    0.00    2.04    0.00    0.00    0.00   88.55
05:22:42     all    8.29    0.00    1.26    0.00    0.00    1.76    0.50    0.00    0.00   88.19
05:22:43     all    8.79    0.00    2.76    8.54    0.00    2.26    0.00    0.00    0.00   77.64
05:22:44     all    8.16    0.00    0.77    0.00    0.00    2.04    0.00    0.00    0.00   89.03
05:22:45     all    8.06    0.00    1.76    0.00    0.00    2.02    0.00    0.00    0.00   88.16
05:22:46     all    8.56    0.00    1.26    0.00    0.00    1.76    0.00    0.00    0.00   88.41
05:22:47     all    7.83    0.00    1.01    0.00    0.00    2.02    0.25    0.00    0.00   88.89
05:22:48     all    8.06    0.00    1.51    0.00    0.00    2.52    0.00    0.00    0.00   87.91
05:22:49     all    7.81    0.00    1.26    0.00    0.00    2.02    0.25    0.00    0.00   88.66
05:22:50     all    8.35    0.00    1.27    0.00    0.00    1.77    0.00    0.00    0.00   88.61
05:22:51     all    8.59    0.00    1.01    0.00    0.00    2.53    0.00    0.00    0.00   87.88
05:22:52     all    8.61    0.00    1.52    0.00    0.00    2.03    0.00    0.00    0.00   87.85
05:22:53     all    7.81    0.00    1.26    0.00    0.00    1.76    0.25    0.00    0.00   88.92
05:22:54     all    8.79    0.00    1.76    0.00    0.00    1.76    0.00    0.00    0.00   87.69
05:22:55     all    8.08    0.00    1.26    0.00    0.00    2.02    0.25    0.00    0.00   88.38
05:22:56     all    8.61    0.00    1.27    0.00    0.00    2.03    0.00    0.00    0.00   88.10
05:22:57     all    8.82    0.00    1.01    0.00    0.00    2.27    0.00    0.00    0.00   87.91
05:22:58     all    8.10    0.00    1.27    0.00    0.00    2.03    0.00    0.00    0.00   88.61
05:22:59     all    8.82    0.00    1.26    0.00    0.00    2.02    0.00    0.00    0.00   87.91
05:23:00     all    8.10    0.00    1.52    0.00    0.00    1.77    0.25    0.00    0.00   88.35
05:23:01     all    8.25    0.00    1.50    0.00    0.00    2.50    0.00    0.00    0.00   87.75
05:23:02     all    7.63    0.00    1.02    0.00    0.00    1.53    0.00    0.00    0.00   89.82
05:23:03     all    8.56    0.00    1.26    0.00    0.00    2.02    0.25    0.00    0.00   87.91
05:23:04     all    8.04    0.00    1.01    0.00    0.00    2.26    0.00    0.00    0.00   88.69
05:23:05     all    8.12    0.00    1.02    0.00    0.00    1.78    0.25    0.00    0.00   88.83
05:23:06     all    8.31    0.00    1.76    0.00    0.00    2.02    0.00    0.00    0.00   87.91
05:23:07     all    8.82    0.00    1.01    0.00    0.00    2.02    0.00    0.00    0.00   88.16
05:23:08     all    8.61    0.00    1.27    0.00    0.00    1.27    0.25    0.00    0.00   88.61
05:23:09     all    8.38    0.00    1.27    0.00    0.00    2.28    0.00    0.00    0.00   88.07
05:23:10     all    8.56    0.00    1.51    0.00    0.00    2.02    0.00    0.00    0.00   87.91
05:23:11     all    8.08    0.00    1.52    0.00    0.00    2.02    0.00    0.00    0.00   88.38
05:23:12     all    8.61    0.00    1.01    0.00    0.00    2.03    0.00    0.00    0.00   88.35
05:23:13     all    8.61    0.00    1.27    0.00    0.00    2.03    0.00    0.00    0.00   88.10
05:23:14     all    9.05    0.00    1.51    0.00    0.00    2.26    0.00    0.00    0.00   87.19
05:23:15     all    7.85    0.00    1.27    0.00    0.00    1.77    0.00    0.00    0.00   89.11
05:23:16     all    9.02    0.00    1.25    0.00    0.00    1.75    0.75    0.00    0.00   87.22
05:23:17     all    8.38    0.00    1.27    0.00    0.00    2.03    0.00    0.00    0.00   88.32
05:23:18     all    8.31    0.00    1.26    0.00    0.00    1.76    0.00    0.00    0.00   88.66
05:23:19     all    8.59    0.00    1.77    0.00    0.00    2.27    0.00    0.00    0.00   87.37
05:23:20     all    9.14    0.00    1.02    0.00    0.00    1.78    0.00    0.00    0.00   88.07
05:23:21     all    9.07    0.00    1.26    0.00    0.00    1.76    0.25    0.00    0.00   87.66
05:23:22     all    9.07    0.00    1.51    0.00    0.00    2.02    0.00    0.00    0.00   87.41
05:23:23     all    8.59    0.00    1.26    0.00    0.00    2.53    0.00    0.00    0.00   87.63
05:23:24     all    8.12    0.00    1.27    0.00    0.00    2.03    0.00    0.00    0.00   88.58
05:23:25     all    8.77    0.00    1.50    0.00    0.00    2.26    0.25    0.00    0.00   87.22
05:23:26     all    8.56    0.00    1.26    0.00    0.00    2.27    0.25    0.00    0.00   87.66
05:23:27     all    8.86    0.00    1.27    0.00    0.00    2.03    0.25    0.00    0.00   87.59
05:23:28     all    9.32    0.00    1.26    0.25    0.00    2.02    0.00    0.00    0.00   87.15
05:23:29     all    8.12    0.00    1.02    0.00    0.00    2.54    0.00    0.00    0.00   88.32
05:23:30     all    8.31    0.00    1.01    0.00    0.00    2.27    0.00    0.00    0.00   88.41
05:23:31     all    8.88    0.00    1.27    0.00    0.00    1.78    0.00    0.00    0.00   88.07
05:23:32     all    8.33    0.00    1.26    0.00    0.00    2.02    0.25    0.00    0.00   88.13
05:23:33     all    7.85    0.00    1.77    0.25    0.00    2.28    0.00    0.00    0.00   87.85
05:23:34     all    8.86    0.00    1.27    0.00    0.00    1.52    0.25    0.00    0.00   88.10
05:23:35     all    9.27    0.00    1.25    0.00    0.00    2.01    0.00    0.00    0.00   87.47
05:23:36     all    8.12    0.00    1.52    0.00    0.00    1.78    0.25    0.00    0.00   88.32
05:23:37     all    8.59    0.00    1.26    0.00    0.00    2.02    0.00    0.00    0.00   88.13
05:23:38     all    9.11    0.00    1.01    0.00    0.00    1.77    0.00    0.00    0.00   88.10
05:23:39     all    8.33    0.00    1.26    0.00    0.00    2.02    0.00    0.00    0.00   88.38
05:23:40     all    8.61    0.00    1.27    0.00    0.00    2.03    0.25    0.00    0.00   87.85
05:23:41     all    7.79    0.00    2.01    0.00    0.00    2.26    0.00    0.00    0.00   87.94
05:23:42     all    8.08    0.00    1.01    0.00    0.00    2.27    0.00    0.00    0.00   88.64
05:23:43     all    8.33    0.00    1.52    0.00    0.00    2.27    0.00    0.00    0.00   87.88
05:23:44     all    8.79    0.00    1.26    0.00    0.00    1.51    0.50    0.00    0.00   87.94
05:23:45     all    8.82    0.00    1.51    0.00    0.00    1.76    0.00    0.00    0.00   87.91
05:23:46     all    8.61    0.00    1.27    0.00    0.00    2.03    0.00    0.00    0.00   88.10
05:23:47     all    9.14    0.00    1.02    0.00    0.00    1.78    0.00    0.00    0.00   88.07
05:23:48     all    7.87    0.00    1.02    0.00    0.00    2.28    0.25    0.00    0.00   88.58
05:23:49     all    8.59    0.00    1.77    0.00    0.00    1.77    0.00    0.00    0.00   87.88
05:23:50     all    8.86    0.00    1.27    0.00    0.00    2.03    0.00    0.00    0.00   87.85
05:23:51     all    8.79    0.00    1.51    0.00    0.00    1.76    0.00    0.00    0.00   87.94
05:23:52     all    8.79    0.00    1.51    0.00    0.00    2.01    0.25    0.00    0.00   87.44
05:23:53     all    7.59    0.00    1.27    0.00    0.00    2.78    0.00    0.00    0.00   88.35
05:23:54     all    8.04    0.00    1.01    0.00    0.00    2.51    0.25    0.00    0.00   88.19
05:23:55     all    9.09    0.00    1.01    0.00    0.00    1.52    0.00    0.00    0.00   88.38
05:23:56     all    7.81    0.00    1.51    0.00    0.00    2.02    0.00    0.00    0.00   88.66
05:23:57     all    8.38    0.00    1.27    0.00    0.00    1.78    0.25    0.00    0.00   88.32
05:23:58     all    7.79    0.00    1.01    0.00    0.00    2.26    0.00    0.00    0.00   88.94
05:23:59     all    8.63    0.00    1.27    0.00    0.00    2.03    0.00    0.00    0.00   88.07
05:24:00     all    8.29    0.00    1.76    0.00    0.00    2.01    0.00    0.00    0.00   87.94
05:24:01     all    8.82    0.00    1.01    0.00    0.00    1.76    0.25    0.00    0.00   88.16
05:24:02     all    8.35    0.00    1.27    0.00    0.00    1.77    0.00    0.00    0.00   88.61
05:24:03     all    7.83    0.00    1.52    0.00    0.00    1.77    0.00    0.00    0.00   88.89
05:24:04     all    7.09    0.00    1.27    0.00    0.00    2.03    0.00    0.00    0.00   89.62
05:24:05     all    8.12    0.00    1.02    0.00    0.00    1.78    0.00    0.00    0.00   89.09
05:24:06     all    7.34    0.00    1.52    0.00    0.00    1.77    0.00    0.00    0.00   89.37
05:24:07     all    8.56    0.00    1.01    0.00    0.00    2.02    0.00    0.00    0.00   88.41
05:24:08     all    8.04    0.00    1.26    0.00    0.00    2.01    0.50    0.00    0.00   88.19
05:24:09     all    7.79    0.00    1.26    0.00    0.00    1.76    0.00    0.00    0.00   89.20
05:24:10     all    8.08    0.00    1.26    0.00    0.00    1.52    0.00    0.00    0.00   89.14
05:24:11     all    8.63    0.00    1.02    0.00    0.00    1.78    0.00    0.00    0.00   88.58
05:24:12     all    8.52    0.00    1.25    0.00    0.00    2.01    0.00    0.00    0.00   88.22
05:24:13     all    7.89    0.00    0.76    0.00    0.00    2.04    0.00    0.00    0.00   89.31
05:24:14     all    8.29    0.00    1.26    0.00    0.00    2.01    0.00    0.00    0.00   88.44
05:24:15     all    8.04    0.00    1.51    0.00    0.00    1.51    0.25    0.00    0.00   88.69
05:24:16     all    8.52    0.00    1.50    0.00    0.00    2.26    0.00    0.00    0.00   87.72
05:24:17     all    7.77    0.00    1.00    0.25    0.00    2.51    0.25    0.00    0.00   88.22
05:24:18     all    8.14    0.00    1.02    0.00    0.00    1.78    0.00    0.00    0.00   89.06
05:24:19     all    8.31    0.00    1.26    0.00    0.00    2.27    0.00    0.00    0.00   88.16
05:24:20     all    8.08    0.00    1.52    0.00    0.00    2.02    0.00    0.00    0.00   88.38
05:24:21     all    7.83    0.00    1.52    0.00    0.00    2.02    0.00    0.00    0.00   88.64
05:24:22     all    8.82    0.00    1.26    0.00    0.00    1.51    0.25    0.00    0.00   88.16
05:24:23     all    7.67    0.00    0.51    0.00    0.00    1.53    0.00    0.00    0.00   90.28
05:24:24     all    8.29    0.00    1.01    0.00    0.00    2.01    0.25    0.00    0.00   88.44
05:24:25     all    7.83    0.00    1.52    0.00    0.00    2.27    0.00    0.00    0.00   88.38
05:24:26     all    8.48    0.00    1.50    0.00    0.00    2.24    0.00    0.00    0.00   87.78
05:24:27     all    7.93    0.00    1.02    0.00    0.00    1.53    0.00    0.00    0.00   89.51
05:24:28     all    8.29    0.00    1.26    0.00    0.00    2.26    0.00    0.00    0.00   88.19
05:24:29     all    8.04    0.00    1.76    0.00    0.00    1.51    0.25    0.00    0.00   88.44
05:24:30     all    7.54    0.00    1.51    0.00    0.00    2.26    0.25    0.00    0.00   88.44
05:24:31     all    8.61    0.00    1.01    0.00    0.00    2.03    0.00    0.00    0.00   88.35
05:24:32     all    8.29    0.00    1.51    0.25    0.00    1.76    0.00    0.00    0.00   88.19
05:24:33     all    8.08    0.00    1.26    0.00    0.00    2.02    0.00    0.00    0.00   88.64
05:24:34     all    8.84    0.00    0.76    0.00    0.00    2.02    0.00    0.00    0.00   88.38
05:24:35     all    8.12    0.00    1.52    0.00    0.00    2.03    0.00    0.00    0.00   88.32
05:24:36     all    8.31    0.00    1.01    0.00    0.00    2.27    0.25    0.00    0.00   88.16
05:24:37     all    8.54    0.00    1.26    0.00    0.00    2.26    0.00    0.00    0.00   87.94
05:24:38     all    8.82    0.00    0.76    0.00    0.00    1.76    0.25    0.00    0.00   88.41
05:24:39     all    8.33    0.00    1.26    0.00    0.00    1.77    0.00    0.00    0.00   88.64
05:24:40     all    8.59    0.00    1.26    0.00    0.00    2.27    0.00    0.00    0.00   87.88
05:24:41     all    8.82    0.00    1.01    0.00    0.00    1.76    0.00    0.00    0.00   88.41
05:24:42     all    7.34    0.00    1.27    0.00    0.00    2.28    0.00    0.00    0.00   89.11
05:24:43     all    7.32    0.00    1.26    0.00    0.00    2.27    0.25    0.00    0.00   88.89
05:24:44     all    7.59    0.00    1.52    0.00    0.00    2.03    0.00    0.00    0.00   88.86
05:24:45     all    7.81    0.00    1.51    0.00    0.00    2.27    0.25    0.00    0.00   88.16
05:24:46     all    7.61    0.00    1.02    0.00    0.00    1.78    0.00    0.00    0.00   89.59
05:24:47     all    8.59    0.00    0.76    0.00    0.00    2.27    0.00    0.00    0.00   88.38
05:24:48     all    8.12    0.00    1.52    0.00    0.00    1.78    0.00    0.00    0.00   88.58
05:24:49     all    8.04    0.00    1.51    0.00    0.00    2.01    0.25    0.00    0.00   88.19
05:24:50     all    8.10    0.00    1.27    0.00    0.00    2.03    0.00    0.00    0.00   88.61
05:24:51     all    8.31    0.00    1.76    0.00    0.00    2.02    0.00    0.00    0.00   87.91
05:24:52     all    7.85    0.00    1.52    0.00    0.00    2.03    0.00    0.00    0.00   88.61
05:24:53     all    8.52    0.00    1.50    0.00    0.00    2.01    0.25    0.00    0.00   87.72
05:24:54     all    8.06    0.00    1.76    0.00    0.00    2.02    0.00    0.00    0.00   88.16
05:24:55     all    8.56    0.00    1.01    0.00    0.00    2.27    0.25    0.00    0.00   87.91
05:24:56     all    8.59    0.00    1.52    0.00    0.00    1.77    0.00    0.00    0.00   88.13
05:24:57     all    8.33    0.00    1.26    0.00    0.00    2.27    0.00    0.00    0.00   88.13
05:24:58     all    8.29    0.00    1.51    0.00    0.00    2.26    0.00    0.00    0.00   87.94
05:24:59     all    8.31    0.00    1.01    0.00    0.00    2.27    0.25    0.00    0.00   88.16
05:25:00     all    8.33    0.00    1.26    0.00    0.00    2.27    0.25    0.00    0.00   87.88
05:25:01     all    7.87    0.00    2.28    0.00    0.00    1.52    0.00    0.00    0.00   88.32
05:25:02     all    9.02    0.00    1.25    0.00    0.00    2.26    0.00    0.00    0.00   87.47
05:25:03     all    8.14    0.00    1.02    0.00    0.00    2.04    0.00    0.00    0.00   88.80
05:25:04     all    8.06    0.00    1.76    0.00    0.00    2.52    0.00    0.00    0.00   87.66
05:25:05     all    8.79    0.00    1.01    0.00    0.00    1.76    0.50    0.00    0.00   87.94
05:25:06     all    7.81    0.00    1.51    0.00    0.00    2.77    0.00    0.00    0.00   87.91
05:25:07     all    8.61    0.00    1.77    0.00    0.00    1.52    0.00    0.00    0.00   88.10
05:25:08     all    8.56    0.00    1.26    0.25    0.00    1.51    0.00    0.00    0.00   88.41
05:25:09     all    8.42    0.00    0.77    0.00    0.00    1.79    0.00    0.00    0.00   89.03
05:25:10     all    8.35    0.00    1.27    0.00    0.00    1.77    0.00    0.00    0.00   88.61
05:25:11     all    8.54    0.00    1.51    0.00    0.00    2.26    0.00    0.00    0.00   87.69
05:25:12     all    8.29    0.00    2.01    0.00    0.00    2.01    0.25    0.00    0.00   87.44
05:25:13     all    8.35    0.00    1.01    0.00    0.00    1.77    0.25    0.00    0.00   88.61
05:25:14     all    9.14    0.00    1.02    0.00    0.00    1.52    0.00    0.00    0.00   88.32
05:25:15     all    8.56    0.00    1.01    0.00    0.00    2.52    0.00    0.00    0.00   87.91
05:25:16     all    8.38    0.00    0.76    0.00    0.00    2.03    0.00    0.00    0.00   88.83
05:25:17     all    8.56    0.00    1.76    0.00    0.00    2.02    0.00    0.00    0.00   87.66
05:25:18     all    9.05    0.00    1.76    0.00    0.00    1.51    0.25    0.00    0.00   87.44
05:25:19     all    8.10    0.00    1.01    0.00    0.00    2.03    0.25    0.00    0.00   88.61
05:25:20     all    8.84    0.00    1.52    0.00    0.00    2.02    0.00    0.00    0.00   87.63
05:25:21     all    8.31    0.00    1.01    0.00    0.00    1.76    0.00    0.00    0.00   88.92
05:25:22     all    8.56    0.00    0.76    0.00    0.00    2.02    0.25    0.00    0.00   88.41
05:25:23     all    8.33    0.00    1.77    0.00    0.00    2.27    0.00    0.00    0.00   87.63
05:25:24     all    8.63    0.00    1.02    0.00    0.00    1.52    0.00    0.00    0.00   88.83
05:25:25     all    8.27    0.00    1.75    0.00    0.00    2.51    0.25    0.00    0.00   87.22
05:25:26     all    8.59    0.00    1.01    0.00    0.00    2.27    0.00    0.00    0.00   88.13
05:25:27     all    7.58    0.00    1.01    0.00    0.00    2.53    0.25    0.00    0.00   88.64
05:25:28     all    8.84    0.00    1.52    0.00    0.00    1.52    0.00    0.00    0.00   88.13
05:25:29     all    8.35    0.00    1.27    0.00    0.00    2.03    0.00    0.00    0.00   88.35
05:25:30     all    8.56    0.00    1.26    0.00    0.00    1.76    0.25    0.00    0.00   88.16
05:25:31     all    8.79    0.00    1.26    0.00    0.00    2.51    0.00    0.00    0.00   87.44
05:25:32     all    8.27    0.00    1.75    0.00    0.00    2.26    0.25    0.00    0.00   87.47
05:25:33     all    8.08    0.00    1.01    0.00    0.00    2.27    0.00    0.00    0.00   88.64
05:25:34     all    8.33    0.00    1.52    0.00    0.00    2.02    0.00    0.00    0.00   88.13
05:25:35     all    4.01    0.00    0.50    0.00    0.00    1.25    0.00    0.00    0.00   94.24
05:25:36     all    6.31    0.00    1.01    0.00    0.00    1.52    0.00    0.00    0.00   91.16
05:25:37     all    7.77    0.00    1.00    0.00    0.00    2.26    0.50    0.00    0.00   88.47
05:25:38     all    8.56    0.00    1.51    0.00    0.00    1.76    0.00    0.00    0.00   88.16
05:25:39     all    8.65    0.00    1.27    0.00    0.00    2.04    0.00    0.00    0.00   88.04
05:25:40     all    9.11    0.00    1.01    0.00    0.00    2.28    0.00    0.00    0.00   87.59
05:25:41     all    8.35    0.00    1.27    0.00    0.00    1.77    0.51    0.00    0.00   88.10
05:25:42     all    7.85    0.00    0.76    0.00    0.00    2.28    0.00    0.00    0.00   89.11
05:25:43     all    8.86    0.00    1.77    0.00    0.00    1.77    0.00    0.00    0.00   87.59
05:25:44     all    8.54    0.00    1.76    0.00    0.00    2.51    0.00    0.00    0.00   87.19
05:25:45     all    8.63    0.00    1.52    0.00    0.00    1.78    0.25    0.00    0.00   87.82
05:25:46     all    8.52    0.00    1.50    0.00    0.00    2.51    0.25    0.00    0.00   87.22
05:25:47     all    8.86    0.00    1.27    0.00    0.00    2.03    0.00    0.00    0.00   87.85
05:25:48     all    9.32    0.00    1.26    0.00    0.00    2.27    0.25    0.00    0.00   86.90
05:25:49     all    8.31    0.00    1.51    0.00    0.00    2.27    0.25    0.00    0.00   87.66
05:25:50     all    9.09    0.00    1.01    0.25    0.00    2.02    0.00    0.00    0.00   87.63
05:25:51     all    8.59    0.00    1.01    0.00    0.00    1.52    0.25    0.00    0.00   88.64
05:25:52     all    8.40    0.00    1.02    0.00    0.00    2.04    0.00    0.00    0.00   88.55
05:25:53     all    8.56    0.00    1.26    0.00    0.00    2.52    0.00    0.00    0.00   87.66
05:25:54     all    8.12    0.00    1.78    0.00    0.00    2.28    0.00    0.00    0.00   87.82
05:25:55     all    8.33    0.00    1.52    0.00    0.00    2.27    0.00    0.00    0.00   87.88
05:25:56     all    8.33    0.00    1.26    0.00    0.00    2.27    0.25    0.00    0.00   87.88
05:25:57     all    8.79    0.00    1.26    0.00    0.00    2.26    0.25    0.00    0.00   87.44
05:25:58     all    8.56    0.00    1.51    0.25    0.00    1.76    0.50    0.00    0.00   87.41
05:25:59     all    9.39    0.00    1.02    0.00    0.00    1.78    0.00    0.00    0.00   87.82
05:26:00     all    8.59    0.00    1.26    0.00    0.00    2.53    0.00    0.00    0.00   87.63
05:26:01     all    8.59    0.00    1.52    0.00    0.00    2.02    0.00    0.00    0.00   87.88
05:26:02     all    8.88    0.00    1.27    0.00    0.00    1.52    0.00    0.00    0.00   88.32
05:26:03     all    8.54    0.00    1.76    0.00    0.00    2.26    0.25    0.00    0.00   87.19
05:26:04     all    8.29    0.00    1.76    0.00    0.00    2.26    0.25    0.00    0.00   87.44
05:26:05     all    9.07    0.00    1.01    0.00    0.00    1.51    0.50    0.00    0.00   87.91
05:26:06     all    8.91    0.00    1.02    0.00    0.00    2.54    0.00    0.00    0.00   87.53
05:26:07     all    8.10    0.00    1.77    0.00    0.00    2.28    0.00    0.00    0.00   87.85
05:26:08     all    9.30    0.00    1.76    0.00    0.00    1.51    0.00    0.00    0.00   87.44
05:26:09     all    8.88    0.00    0.76    0.00    0.00    2.54    0.00    0.00    0.00   87.82
05:26:10     all    8.29    0.00    1.76    0.00    0.00    2.26    0.00    0.00    0.00   87.69
05:26:11     all    9.16    0.00    1.02    0.00    0.00    2.04    0.25    0.00    0.00   87.53
05:26:12     all    8.56    0.00    1.76    0.00    0.00    2.02    0.25    0.00    0.00   87.41
05:26:13     all    8.79    0.00    1.26    0.00    0.00    2.26    0.00    0.00    0.00   87.69
05:26:14     all    8.63    0.00    1.52    0.00    0.00    2.03    0.00    0.00    0.00   87.82
05:26:15     all    8.33    0.00    1.26    0.00    0.00    2.27    0.51    0.00    0.00   87.63
05:26:16     all    8.82    0.00    1.26    0.00    0.00    2.02    0.00    0.00    0.00   87.91
05:26:17     all    8.63    0.00    1.52    0.00    0.00    1.78    0.00    0.00    0.00   88.07
05:26:18     all    8.42    0.00    1.02    0.00    0.00    1.79    0.00    0.00    0.00   88.78
05:26:19     all    8.52    0.00    1.75    0.00    0.00    2.01    0.00    0.00    0.00   87.72
05:26:20     all    8.61    0.00    1.01    0.00    0.00    1.52    0.25    0.00    0.00   88.61
05:26:21     all    8.38    0.00    1.27    0.00    0.00    2.03    0.25    0.00    0.00   88.07
05:26:22     all    8.29    0.00    2.01    0.00    0.00    2.51    0.00    0.00    0.00   87.19
05:26:23     all    8.35    0.00    1.27    0.00    0.00    2.03    0.00    0.00    0.00   88.35
05:26:24     all    8.29    0.00    1.26    0.00    0.00    2.26    0.00    0.00    0.00   88.19
05:26:25     all    7.83    0.00    1.52    0.00    0.00    1.52    0.51    0.00    0.00   88.64
05:26:26     all    8.38    0.00    1.02    0.00    0.00    2.28    0.00    0.00    0.00   88.32
05:26:27     all    8.12    0.00    1.27    0.00    0.00    2.03    0.00    0.00    0.00   88.58
05:26:28     all    8.82    0.00    1.01    0.00    0.00    2.27    0.00    0.00    0.00   87.91
05:26:29     all    8.84    0.00    1.77    0.00    0.00    1.52    0.25    0.00    0.00   87.63
05:26:30     all    8.35    0.00    1.01    0.00    0.00    2.53    0.00    0.00    0.00   88.10
05:26:31     all    8.38    0.00    1.27    0.00    0.00    2.03    0.25    0.00    0.00   88.07
05:26:32     all    9.05    0.00    1.51    0.00    0.00    2.26    0.00    0.00    0.00   87.19
05:26:33     all    7.91    0.00    1.02    0.00    0.00    2.04    0.00    0.00    0.00   89.03
05:26:34     all    8.31    0.00    1.76    0.00    0.00    1.76    0.00    0.00    0.00   88.16
05:26:35     all    7.56    0.00    1.26    0.00    0.00    2.02    0.00    0.00    0.00   89.17
05:26:36     all    8.59    0.00    1.01    0.00    0.00    2.02    0.00    0.00    0.00   88.38
05:26:37     all    7.59    0.00    1.01    0.00    0.00    2.53    0.25    0.00    0.00   88.61
05:26:38     all    8.56    0.00    1.51    0.00    0.00    1.76    0.00    0.00    0.00   88.16
05:26:39     all    8.33    0.00    1.26    0.00    0.00    2.02    0.51    0.00    0.00   87.88
05:26:40     all    8.10    0.00    1.52    0.00    0.00    2.03    0.00    0.00    0.00   88.35
05:26:41     all    8.59    0.00    1.01    0.00    0.00    2.27    0.25    0.00    0.00   87.88
05:26:42     all    8.86    0.00    1.52    0.00    0.00    1.77    0.00    0.00    0.00   87.85
05:26:43     all    7.77    0.00    2.01    0.00    0.00    2.26    0.00    0.00    0.00   87.97
05:26:44     all    8.59    0.00    1.01    0.00    0.00    1.77    0.00    0.00    0.00   88.64
05:26:45     all    7.85    0.00    1.27    0.00    0.00    2.28    0.00    0.00    0.00   88.61
05:26:46     all    8.59    0.00    1.01    0.00    0.00    1.77    0.00    0.00    0.00   88.64
05:26:47     all    8.33    0.00    1.01    0.00    0.00    2.27    0.00    0.00    0.00   88.38
05:26:48     all    8.33    0.00    1.52    0.00    0.00    1.52    0.00    0.00    0.00   88.64
05:26:49     all    7.61    0.00    1.27    0.00    0.00    2.03    0.00    0.00    0.00   89.09
05:26:50     all    8.86    0.00    1.01    0.00    0.00    1.27    0.00    0.00    0.00   88.86
05:26:51     all    7.83    0.00    0.76    0.00    0.00    2.27    0.25    0.00    0.00   88.89
05:26:52     all    8.29    0.00    1.51    0.00    0.00    2.01    0.00    0.00    0.00   88.19
05:26:53     all    7.85    0.00    0.76    0.00    0.00    2.28    0.51    0.00    0.00   88.61
05:26:54     all    7.81    0.00    1.76    0.00    0.00    1.76    0.25    0.00    0.00   88.41
05:26:55     all    8.08    0.00    1.01    0.00    0.00    2.02    0.00    0.00    0.00   88.89
05:26:56     all    8.33    0.00    1.26    0.00    0.00    2.02    0.00    0.00    0.00   88.38
05:26:57     all    8.08    0.00    1.26    0.00    0.00    1.77    0.00    0.00    0.00   88.89
05:26:58     all    8.56    0.00    1.01    0.00    0.00    2.27    0.00    0.00    0.00   88.16
05:26:59     all    8.06    0.00    1.51    0.00    0.00    2.02    0.00    0.00    0.00   88.41
05:27:00     all    7.79    0.00    1.51    0.25    0.00    2.26    0.00    0.00    0.00   88.19
05:27:01     all    8.10    0.00    0.76    0.00    0.00    1.77    0.00    0.00    0.00   89.37
05:27:02     all    7.34    0.00    1.52    0.00    0.00    2.03    0.00    0.00    0.00   89.11
05:27:03     all    8.10    0.00    1.27    0.00    0.00    2.03    0.00    0.00    0.00   88.61
05:27:04     all    8.56    0.00    1.01    0.00    0.00    2.02    0.00    0.00    0.00   88.41
05:27:05     all    7.54    0.00    1.26    0.00    0.00    2.26    0.25    0.00    0.00   88.69
05:27:06     all    7.87    0.00    0.76    0.00    0.00    1.78    0.25    0.00    0.00   89.34
05:27:07     all    7.79    0.00    1.01    0.00    0.00    1.76    0.25    0.00    0.00   89.20
05:27:08     all    7.61    0.00    1.27    0.00    0.00    1.78    0.00    0.00    0.00   89.34
05:27:09     all    8.52    0.00    1.50    0.00    0.00    1.50    0.25    0.00    0.00   88.22
05:27:10     all    7.58    0.00    1.01    0.00    0.00    2.53    0.00    0.00    0.00   88.89
05:27:11     all    7.36    0.00    1.78    0.00    0.00    1.52    0.00    0.00    0.00   89.34
05:27:12     all    8.04    0.00    1.01    0.00    0.00    2.51    0.00    0.00    0.00   88.44
05:27:13     all    7.87    0.00    1.02    0.00    0.00    2.03    0.00    0.00    0.00   89.09
05:27:14     all    7.56    0.00    1.76    0.00    0.00    2.27    0.00    0.00    0.00   88.41
05:27:15     all    8.40    0.00    1.27    0.00    0.00    1.53    0.00    0.00    0.00   88.80
05:27:16     all    8.77    0.00    1.50    0.00    0.00    2.01    0.00    0.00    0.00   87.72
05:27:17     all    7.83    0.00    1.26    0.00    0.00    2.27    0.00    0.00    0.00   88.64
05:27:18     all    8.33    0.00    1.26    0.00    0.00    1.77    0.00    0.00    0.00   88.64
05:27:19     all    8.33    0.00    1.52    0.00    0.00    1.77    0.25    0.00    0.00   88.13
05:27:20     all    8.79    0.00    1.51    0.00    0.00    2.26    0.25    0.00    0.00   87.19
05:27:21     all    8.04    0.00    1.26    0.00    0.00    2.26    0.25    0.00    0.00   88.19
05:27:22     all    8.31    0.00    1.26    0.00    0.00    2.27    0.00    0.00    0.00   88.16
05:27:23     all    8.86    0.00    1.01    0.00    0.00    1.52    0.25    0.00    0.00   88.35
05:27:24     all   10.89    0.00    1.27    0.00    0.00    2.28    0.00    0.00    0.00   85.57
05:27:25     all    7.85    0.00    1.52    0.00    0.00    1.77    0.00    0.00    0.00   88.86
05:27:26     all    8.31    0.00    1.26    0.00    0.00    2.52    0.00    0.00    0.00   87.91
05:27:27     all    8.61    0.00    1.01    0.00    0.00    1.52    0.00    0.00    0.00   88.86
05:27:28     all    8.61    0.00    0.76    0.00    0.00    1.77    0.00    0.00    0.00   88.86
05:27:29     all    8.54    0.00    1.26    0.00    0.00    2.01    0.00    0.00    0.00   88.19
05:27:30     all    8.08    0.00    1.26    0.00    0.00    1.77    0.00    0.00    0.00   88.89
05:27:31     all    8.31    0.00    1.26    0.00    0.00    1.76    0.50    0.00    0.00   88.16
05:27:32     all    8.31    0.00    1.01    0.00    0.00    2.02    0.00    0.00    0.00   88.66
05:27:33     all    8.10    0.00    1.27    0.00    0.00    1.52    0.25    0.00    0.00   88.86
05:27:34     all    6.84    0.00    1.27    0.00    0.00    2.53    0.00    0.00    0.00   89.37
05:27:35     all    8.35    0.00    1.01    0.00    0.00    2.03    0.00    0.00    0.00   88.61
05:27:36     all    7.81    0.00    1.51    0.00    0.00    2.27    0.25    0.00    0.00   88.16
05:27:37     all    8.08    0.00    1.01    0.00    0.00    2.27    0.00    0.00    0.00   88.64
05:27:38     all    8.31    0.00    1.26    0.00    0.00    2.02    0.00    0.00    0.00   88.41
05:27:39     all    7.85    0.00    1.52    0.00    0.00    2.03    0.00    0.00    0.00   88.61
05:27:40     all    8.06    0.00    1.01    0.00    0.00    2.52    0.00    0.00    0.00   88.41
05:27:41     all    8.38    0.00    1.52    0.00    0.00    1.27    0.00    0.00    0.00   88.83
05:27:42     all    8.31    0.00    1.01    0.00    0.00    2.27    0.25    0.00    0.00   88.16
05:27:43     all    8.10    0.00    1.01    0.00    0.00    1.77    0.00    0.00    0.00   89.11
05:27:44     all    8.84    0.00    1.01    0.00    0.00    1.52    0.25    0.00    0.00   88.38
05:27:45     all    8.35    0.00    1.01    0.00    0.00    1.77    0.00    0.00    0.00   88.86
05:27:46     all    8.04    0.00    1.76    0.00    0.00    2.01    0.00    0.00    0.00   88.19
05:27:47     all    8.31    0.00    1.01    0.00    0.00    1.76    0.25    0.00    0.00   88.66
05:27:48     all    8.33    0.00    1.26    0.00    0.00    1.77    0.00    0.00    0.00   88.64
05:27:49     all    7.83    0.00    1.52    0.00    0.00    2.02    0.00    0.00    0.00   88.64
05:27:50     all    9.55    0.00    1.01    0.00    0.00    2.01    0.00    0.00    0.00   87.44
05:27:51     all    7.83    0.00    1.26    0.00    0.00    1.77    0.25    0.00    0.00   88.89
05:27:52     all    8.33    0.00    1.26    0.00    0.00    2.27    0.00    0.00    0.00   88.13
05:27:53     all    8.33    0.00    1.26    0.00    0.00    1.77    0.00    0.00    0.00   88.64
05:27:54     all    8.29    0.00    1.76    0.25    0.00    1.76    0.00    0.00    0.00   87.94
05:27:55     all    8.27    0.00    1.25    0.00    0.00    2.26    0.25    0.00    0.00   87.97
05:27:56     all    8.12    0.00    0.76    0.00    0.00    1.78    0.25    0.00    0.00   89.09
05:27:57     all    7.79    0.00    1.26    0.00    0.00    2.26    0.00    0.00    0.00   88.69
05:27:58     all    7.83    0.00    1.26    0.00    0.00    2.02    0.00    0.00    0.00   88.89
05:27:59     all    7.30    0.00    1.26    0.00    0.00    2.27    0.00    0.00    0.00   89.17
05:28:00     all    7.61    0.00    1.02    0.00    0.00    1.52    0.00    0.00    0.00   89.85
05:28:01     all    7.27    0.00    1.25    0.00    0.00    2.26    0.25    0.00    0.00   88.97
05:28:02     all    7.61    0.00    1.52    0.00    0.00    2.03    0.00    0.00    0.00   88.83
05:28:03     all    7.87    0.00    0.76    0.00    0.00    1.27    0.00    0.00    0.00   90.10
05:28:04     all    7.54    0.00    1.51    0.00    0.00    2.01    0.00    0.00    0.00   88.94
05:28:05     all    8.61    0.00    1.01    0.00    0.00    2.03    0.00    0.00    0.00   88.35
05:28:06     all    8.08    0.00    1.52    0.00    0.00    1.77    0.00    0.00    0.00   88.64
05:28:07     all    8.27    0.00    1.25    0.00    0.00    2.51    0.25    0.00    0.00   87.72
05:28:08     all    9.02    0.00    1.00    0.00    0.00    2.01    0.25    0.00    0.00   87.72
05:28:09     all    8.08    0.00    1.52    0.00    0.00    1.77    0.00    0.00    0.00   88.64
05:28:10     all    8.08    0.00    0.76    0.00    0.00    3.03    0.25    0.00    0.00   87.88
05:28:11     all    8.33    0.00    1.26    0.00    0.00    1.77    0.00    0.00    0.00   88.64
05:28:12     all    8.88    0.00    0.76    0.00    0.00    2.03    0.00    0.00    0.00   88.32
05:28:13     all    8.56    0.00    1.26    0.00    0.00    2.02    0.00    0.00    0.00   88.16
05:28:14     all    8.35    0.00    1.52    0.00    0.00    1.77    0.00    0.00    0.00   88.35
05:28:15     all    8.71    0.00    1.24    0.00    0.00    2.24    0.00    0.00    0.00   87.81
05:28:16     all    8.70    0.00    0.77    0.00    0.00    1.28    0.26    0.00    0.00   89.00
05:28:17     all    8.56    0.00    1.51    0.00    0.00    2.27    0.00    0.00    0.00   87.66
05:28:18     all    8.33    0.00    1.26    0.00    0.00    1.77    0.00    0.00    0.00   88.64
05:28:19     all    8.38    0.00    1.52    0.00    0.00    1.52    0.00    0.00    0.00   88.58
05:28:20     all    8.25    0.00    1.25    0.00    0.00    2.50    0.50    0.00    0.00   87.50
05:28:21     all    7.83    0.00    1.52    0.00    0.00    1.77    0.25    0.00    0.00   88.64
05:28:22     all    8.38    0.00    1.02    0.00    0.00    1.78    0.00    0.00    0.00   88.83
05:28:23     all    7.58    0.00    1.26    0.00    0.00    2.02    0.00    0.00    0.00   89.14
05:28:24     all    7.58    0.00    1.77    0.00    0.00    2.02    0.00    0.00    0.00   88.64
05:28:25     all    8.79    0.00    1.26    0.00    0.00    2.26    0.00    0.00    0.00   87.69
05:28:26     all    8.82    0.00    1.26    0.00    0.00    2.02    0.00    0.00    0.00   87.91
05:28:27     all    7.83    0.00    1.52    0.00    0.00    2.27    0.00    0.00    0.00   88.38
05:28:28     all    8.27    0.00    1.50    0.00    0.00    2.01    0.00    0.00    0.00   88.22
05:28:29     all    7.87    0.00    1.27    0.00    0.00    1.78    0.00    0.00    0.00   89.09
05:28:30     all    8.54    0.00    1.51    0.00    0.00    2.01    0.25    0.00    0.00   87.69
05:28:31     all    8.35    0.00    1.27    0.00    0.00    2.03    0.00    0.00    0.00   88.35
05:28:32     all    8.33    0.00    1.26    0.00    0.00    1.77    0.51    0.00    0.00   88.13
05:28:33     all    8.06    0.00    1.51    0.25    0.00    2.02    0.00    0.00    0.00   88.16
05:28:34     all    8.40    0.00    0.51    0.00    0.00    2.04    0.00    0.00    0.00   89.06
05:28:35     all    6.25    0.00    1.00    0.00    0.00    1.00    0.25    0.00    0.00   91.50
05:28:36     all    3.78    0.00    0.25    0.00    0.00    1.01    0.00    0.00    0.00   94.96
05:28:37     all    6.60    0.00    1.02    0.00    0.00    1.52    0.00    0.00    0.00   90.86
05:28:38     all    7.81    0.00    1.51    0.00    0.00    1.76    0.00    0.00    0.00   88.92
05:28:39     all    8.33    0.00    1.52    0.00    0.00    1.52    0.00    0.00    0.00   88.64
05:28:40     all    8.61    0.00    1.27    0.00    0.00    2.28    0.00    0.00    0.00   87.85
05:28:41     all    8.61    0.00    1.27    0.00    0.00    1.77    0.00    0.00    0.00   88.35
05:28:42     all    7.81    0.00    1.76    0.00    0.00    2.27    0.00    0.00    0.00   88.16
05:28:43     all    8.84    0.00    1.26    0.00    0.00    2.02    0.00    0.00    0.00   87.88
05:28:44     all    8.59    0.00    1.52    0.00    0.00    1.52    0.76    0.00    0.00   87.63
05:28:45     all    8.59    0.00    1.52    0.00    0.00    2.02    0.00    0.00    0.00   87.88
05:28:46     all    8.84    0.00    0.76    0.00    0.00    2.27    0.00    0.00    0.00   88.13
05:28:47     all    8.06    0.00    1.76    0.00    0.00    1.76    0.00    0.00    0.00   88.41
05:28:48     all    8.12    0.00    1.02    0.00    0.00    2.28    0.00    0.00    0.00   88.58
05:28:49     all    8.77    0.00    1.25    0.00    0.00    2.01    0.25    0.00    0.00   87.72
05:28:50     all    7.87    0.00    1.02    0.00    0.00    2.03    0.00    0.00    0.00   89.09
05:28:51     all    8.33    0.00    1.26    0.00    0.00    1.77    0.00    0.00    0.00   88.64
05:28:52     all    8.54    0.00    1.26    0.00    0.00    2.01    0.00    0.00    0.00   88.19
05:28:53     all    7.83    0.00    1.26    0.00    0.00    2.02    0.00    0.00    0.00   88.89
05:28:54     all    8.38    0.00    0.76    0.00    0.00    1.27    0.00    0.00    0.00   89.59
05:28:55     all    8.61    0.00    1.01    0.00    0.00    2.03    0.00    0.00    0.00   88.35
05:28:56     all    8.29    0.00    1.26    0.00    0.00    2.01    0.50    0.00    0.00   87.94
05:28:57     all    8.33    0.00    1.26    0.00    0.00    1.77    0.00    0.00    0.00   88.64
05:28:58     all    8.06    0.00    1.51    0.00    0.00    1.76    0.00    0.00    0.00   88.66
05:28:59     all    8.02    0.00    1.25    0.00    0.00    2.01    0.25    0.00    0.00   88.47
05:29:00     all    8.12    0.00    1.02    0.00    0.00    1.78    0.00    0.00    0.00   89.09
05:29:01     all    8.00    0.00    1.25    0.00    0.00    2.50    0.00    0.00    0.00   88.25
05:29:02     all    7.85    0.00    1.01    0.00    0.00    1.52    0.00    0.00    0.00   89.62
05:29:03     all    6.87    0.00    1.02    0.00    0.00    2.04    0.00    0.00    0.00   90.08
05:29:04     all    8.08    0.00    1.52    0.00    0.00    1.52    0.00    0.00    0.00   88.89
05:29:05     all    7.81    0.00    1.01    0.00    0.00    2.27    0.00    0.00    0.00   88.92
05:29:06     all    7.32    0.00    1.52    0.00    0.00    1.52    0.25    0.00    0.00   89.39
05:29:07     all    8.00    0.00    1.25    0.00    0.00    2.25    0.00    0.00    0.00   88.50
05:29:08     all    7.58    0.00    1.52    0.25    0.00    1.52    0.00    0.00    0.00   89.14
05:29:09     all    7.91    0.00    1.02    0.00    0.00    1.79    0.00    0.00    0.00   89.29
05:29:10     all    8.04    0.00    1.51    0.00    0.00    2.01    0.00    0.00    0.00   88.44
05:29:11     all    7.81    0.00    1.01    0.00    0.00    1.51    0.50    0.00    0.00   89.17
05:29:12     all    7.81    0.00    1.51    0.00    0.00    1.76    0.00    0.00    0.00   88.92
05:29:13     all    7.77    0.00    1.00    0.00    0.00    2.26    0.00    0.00    0.00   88.97
05:29:14     all    7.59    0.00    1.27    0.00    0.00    1.27    0.00    0.00    0.00   89.87
05:29:15     all    7.56    0.00    1.01    0.00    0.00    2.77    0.00    0.00    0.00   88.66
05:29:16     all    7.89    0.00    1.02    0.00    0.00    1.53    0.00    0.00    0.00   89.57
05:29:17     all    7.54    0.00    1.76    0.00    0.00    1.51    0.00    0.00    0.00   89.20
05:29:18     all    7.81    0.00    1.26    0.00    0.00    2.52    0.00    0.00    0.00   88.41
05:29:19     all    8.52    0.00    0.75    0.00    0.00    2.01    0.25    0.00    0.00   88.47
05:29:20     all    8.33    0.00    1.26    0.00    0.00    1.52    0.00    0.00    0.00   88.89
05:29:21     all    8.10    0.00    0.76    0.00    0.00    1.77    0.00    0.00    0.00   89.37
05:29:22     all    8.35    0.00    1.01    0.00    0.00    1.77    0.00    0.00    0.00   88.86
05:29:23     all    8.54    0.00    0.75    0.00    0.00    2.01    0.00    0.00    0.00   88.69
05:29:24     all    7.54    0.00    1.51    0.00    0.00    2.01    0.25    0.00    0.00   88.69
05:29:25     all    8.56    0.00    1.26    0.00    0.00    2.02    0.00    0.00    0.00   88.16
05:29:26     all    8.27    0.00    0.75    0.00    0.00    2.01    0.25    0.00    0.00   88.72
05:29:27     all    8.56    0.00    1.01    0.00    0.00    1.76    0.00    0.00    0.00   88.66
05:29:28     all    7.07    0.00    1.77    0.00    0.00    1.77    0.00    0.00    0.00   89.39
05:29:29     all    8.00    0.00    1.25    0.00    0.00    2.25    0.25    0.00    0.00   88.25
05:29:30     all    8.08    0.00    1.01    0.00    0.00    2.02    0.00    0.00    0.00   88.89
05:29:31     all    8.14    0.00    1.02    0.00    0.00    1.78    0.00    0.00    0.00   89.06
05:29:32     all    8.06    0.00    1.51    0.00    0.00    2.02    0.00    0.00    0.00   88.41
05:29:33     all    7.32    0.00    1.26    0.00    0.00    2.27    0.00    0.00    0.00   89.14
05:29:34     all    7.83    0.00    0.76    0.00    0.00    1.77    0.00    0.00    0.00   89.65
05:29:35     all    7.61    0.00    1.27    0.00    0.00    1.78    0.00    0.00    0.00   89.34
05:29:36     all    7.83    0.00    1.01    0.00    0.00    1.77    0.00    0.00    0.00   89.39
05:29:37     all    8.04    0.00    1.26    0.00    0.00    2.26    0.25    0.00    0.00   88.19
05:29:38     all    8.33    0.00    1.52    0.00    0.00    1.01    0.00    0.00    0.00   89.14
05:29:39     all    7.83    0.00    0.76    0.00    0.00    2.53    0.00    0.00    0.00   88.89
05:29:40     all    7.54    0.00    1.51    0.00    0.00    1.51    0.50    0.00    0.00   88.94
05:29:41     all    7.81    0.00    1.01    0.00    0.00    2.27    0.00    0.00    0.00   88.92
05:29:42     all    8.29    0.00    1.01    0.00    0.00    2.01    0.25    0.00    0.00   88.44
05:29:43     all    8.08    0.00    1.26    0.00    0.00    1.52    0.00    0.00    0.00   89.14
05:29:44     all    7.85    0.00    0.76    0.00    0.00    1.77    0.00    0.00    0.00   89.62
05:29:45     all    7.34    0.00    1.27    0.00    0.00    2.03    0.00    0.00    0.00   89.37
05:29:46     all    7.85    0.00    1.77    0.00    0.00    1.27    0.00    0.00    0.00   89.11
05:29:47     all    8.25    0.00    1.00    0.00    0.00    2.50    0.00    0.00    0.00   88.25
05:29:48     all    7.59    0.00    1.27    0.00    0.00    1.77    0.00    0.00    0.00   89.37
05:29:49     all    8.10    0.00    1.01    0.00    0.00    1.52    0.00    0.00    0.00   89.37
05:29:50     all    7.98    0.00    1.50    0.00    0.00    2.24    0.00    0.00    0.00   88.28
05:29:51     all    8.14    0.00    1.02    0.00    0.00    1.02    0.00    0.00    0.00   89.82
05:29:52     all    8.27    0.00    1.25    0.00    0.00    2.26    0.00    0.00    0.00   88.22
05:29:53     all    7.85    0.00    1.27    0.00    0.00    1.52    0.00    0.00    0.00   89.37
05:29:54     all    8.33    0.00    0.76    0.00    0.00    2.02    0.25    0.00    0.00   88.64
05:29:55     all    8.31    0.00    1.01    0.00    0.00    2.02    0.00    0.00    0.00   88.66
05:29:56     all    8.00    0.00    1.00    0.00    0.00    2.50    0.25    0.00    0.00   88.25
05:29:57     all    7.83    0.00    1.26    0.00    0.00    2.27    0.00    0.00    0.00   88.64
05:29:58     all    7.87    0.00    0.76    0.00    0.00    1.78    0.25    0.00    0.00   89.34
05:29:59     all    8.21    0.00    1.74    0.00    0.00    1.99    0.25    0.00    0.00   87.81
05:30:00     all    7.40    0.00    1.28    0.00    0.00    2.04    0.00    0.00    0.00   89.29
05:30:01     all    8.06    0.00    1.01    0.00    0.00    1.76    0.00    0.00    0.00   89.17
05:30:02     all    7.30    0.00    0.76    0.00    0.00    2.52    0.00    0.00    0.00   89.42
05:30:03     all    7.34    0.00    1.77    0.00    0.00    1.52    0.00    0.00    0.00   89.37
05:30:04     all    7.58    0.00    1.01    0.00    0.00    2.02    0.00    0.00    0.00   89.39
05:30:05     all    8.04    0.00    1.26    0.00    0.00    2.01    0.00    0.00    0.00   88.69
05:30:06     all    8.10    0.00    0.76    0.00    0.00    1.77    0.00    0.00    0.00   89.37
05:30:07     all    8.02    0.00    1.00    0.00    0.00    2.26    0.00    0.00    0.00   88.72
05:30:08     all    8.08    0.00    1.01    0.00    0.00    1.52    0.00    0.00    0.00   89.39
05:30:09     all    7.75    0.00    1.50    0.25    0.00    2.25    0.00    0.00    0.00   88.25
05:30:10     all    8.12    0.00    1.02    0.00    0.00    1.52    0.25    0.00    0.00   89.09
05:30:11     all    8.29    0.00    1.01    0.00    0.00    2.01    0.00    0.00    0.00   88.69
05:30:12     all    7.89    0.00    1.02    0.00    0.00    1.53    0.25    0.00    0.00   89.31
05:30:13     all    8.06    0.00    1.26    0.00    0.00    1.51    0.25    0.00    0.00   88.92
05:30:14     all    7.81    0.00    1.26    0.00    0.00    1.76    0.25    0.00    0.00   88.92
05:30:15     all    7.32    0.00    1.01    0.00    0.00    2.02    0.00    0.00    0.00   89.65
05:30:16     all    7.85    0.00    1.52    0.00    0.00    2.03    0.00    0.00    0.00   88.61
05:30:17     all    8.35    0.00    1.01    0.00    0.00    1.52    0.00    0.00    0.00   89.11
05:30:18     all    8.33    0.00    1.26    0.00    0.00    1.52    0.00    0.00    0.00   88.89
05:30:19     all    8.06    0.00    1.26    0.00    0.00    1.76    0.00    0.00    0.00   88.92
05:30:20     all    9.05    0.00    1.26    0.25    0.00    1.76    0.00    0.00    0.00   87.69
05:30:21     all    8.33    0.00    1.01    0.00    0.00    2.02    0.00    0.00    0.00   88.64
05:30:22     all    8.38    0.00    1.02    0.00    0.00    1.52    0.00    0.00    0.00   89.09
05:30:23     all    7.54    0.00    1.01    0.00    0.00    3.02    0.00    0.00    0.00   88.44
05:30:24     all    8.10    0.00    1.52    0.00    0.00    2.28    0.25    0.00    0.00   87.85
05:30:25     all    8.02    0.00    1.75    0.00    0.00    1.75    0.50    0.00    0.00   87.97
05:30:26     all    7.91    0.00    0.77    0.00    0.00    1.53    0.00    0.00    0.00   89.80
05:30:27     all    8.06    0.00    0.76    0.00    0.00    2.02    0.00    0.00    0.00   89.17
05:30:28     all    7.54    0.00    1.26    0.00    0.00    2.26    0.25    0.00    0.00   88.69
05:30:29     all    7.56    0.00    1.51    0.00    0.00    2.02    0.00    0.00    0.00   88.92
05:30:30     all    7.59    0.00    1.01    0.00    0.00    1.77    0.00    0.00    0.00   89.62
05:30:31     all    8.12    0.00    1.27    0.00    0.00    1.52    0.00    0.00    0.00   89.09
05:30:32     all    7.59    0.00    1.27    0.00    0.00    2.03    0.00    0.00    0.00   89.11
05:30:33     all    8.29    0.00    1.51    0.00    0.00    1.76    0.00    0.00    0.00   88.44
05:30:34     all    7.83    0.00    1.26    0.00    0.00    2.02    0.00    0.00    0.00   88.89
05:30:35     all    8.59    0.00    1.26    0.00    0.00    1.26    0.25    0.00    0.00   88.64
05:30:36     all    8.61    0.00    0.51    0.00    0.00    2.03    0.25    0.00    0.00   88.61
05:30:37     all    7.32    0.00    1.52    0.00    0.00    2.27    0.00    0.00    0.00   88.89
05:30:38     all    7.77    0.00    1.50    0.00    0.00    2.51    0.25    0.00    0.00   87.97
05:30:39     all    7.87    0.00    1.02    0.00    0.00    1.78    0.00    0.00    0.00   89.34
05:30:40     all    7.38    0.00    1.27    0.00    0.00    2.04    0.00    0.00    0.00   89.31
05:30:41     all    7.79    0.00    1.51    0.00    0.00    2.26    0.00    0.00    0.00   88.44
05:30:42     all    8.82    0.00    1.01    0.00    0.00    1.76    0.00    0.00    0.00   88.41
05:30:43     all    8.61    0.00    1.01    0.00    0.00    2.03    0.25    0.00    0.00   88.10
05:30:44     all    8.79    0.00    1.26    0.00    0.00    1.51    0.00    0.00    0.00   88.44
05:30:45     all    8.35    0.00    1.52    0.00    0.00    2.03    0.00    0.00    0.00   88.10
05:30:46     all    8.54    0.00    1.01    0.00    0.00    2.51    0.00    0.00    0.00   87.94
05:30:47     all    7.81    0.00    1.51    0.25    0.00    2.02    0.25    0.00    0.00   88.16
05:30:48     all    7.85    0.00    1.27    0.00    0.00    1.77    0.25    0.00    0.00   88.86
05:30:49     all    8.35    0.00    1.27    0.00    0.00    1.52    0.00    0.00    0.00   88.86
05:30:50     all    8.77    0.00    1.00    0.00    0.00    2.51    0.00    0.00    0.00   87.72
05:30:51     all    8.29    0.00    1.51    0.00    0.00    2.01    0.00    0.00    0.00   88.19
05:30:52     all    8.08    0.00    1.26    0.00    0.00    1.77    0.25    0.00    0.00   88.64
05:30:53     all    8.35    0.00    1.01    0.00    0.00    2.03    0.00    0.00    0.00   88.61
05:30:54     all    8.35    0.00    1.52    0.00    0.00    1.77    0.00    0.00    0.00   88.35
05:30:55     all    9.32    0.00    1.51    0.00    0.00    1.76    0.00    0.00    0.00   87.41
05:30:56     all    8.40    0.00    1.27    0.00    0.00    2.29    0.00    0.00    0.00   88.04
05:30:57     all    9.00    0.00    1.00    0.00    0.00    2.50    0.25    0.00    0.00   87.25
05:30:58     all    8.82    0.00    1.01    0.00    0.00    2.02    0.25    0.00    0.00   87.91
05:30:59     all    8.59    0.00    1.26    0.00    0.00    2.02    0.25    0.00    0.00   87.88
05:31:00     all    9.11    0.00    1.01    0.00    0.00    2.03    0.00    0.00    0.00   87.85
05:31:01     all    8.59    0.00    1.52    0.00    0.00    2.27    0.00    0.00    0.00   87.63
05:31:02     all    8.33    0.00    1.01    0.00    0.00    2.27    0.00    0.00    0.00   88.38
05:31:03     all    7.81    0.00    1.26    0.00    0.00    1.76    0.25    0.00    0.00   88.92
05:31:04     all    8.16    0.00    1.28    0.00    0.00    2.04    0.00    0.00    0.00   88.52
05:31:05     all    9.05    0.00    1.26    0.00    0.00    2.26    0.00    0.00    0.00   87.44
05:31:06     all    8.35    0.00    1.77    0.00    0.00    2.03    0.00    0.00    0.00   87.85
05:31:07     all    8.54    0.00    1.26    0.00    0.00    2.51    0.50    0.00    0.00   87.19
05:31:08     all    8.54    0.00    1.26    0.00    0.00    2.01    0.25    0.00    0.00   87.94
05:31:09     all    8.59    0.00    1.26    0.00    0.00    2.27    0.00    0.00    0.00   87.88
05:31:10     all    8.61    0.00    1.01    0.00    0.00    2.03    0.00    0.00    0.00   88.35
05:31:11     all    7.58    0.00    2.02    0.00    0.00    2.02    0.00    0.00    0.00   88.38
05:31:12     all    7.59    0.00    1.01    0.00    0.00    1.52    0.00    0.00    0.00   89.87
05:31:13     all    7.30    0.00    1.26    0.00    0.00    1.76    0.00    0.00    0.00   89.67
05:31:14     all    6.78    0.00    1.01    0.00    0.00    1.76    0.00    0.00    0.00   90.45
05:31:15     all    4.80    0.00    1.01    0.00    0.00    1.01    0.25    0.00    0.00   92.93
05:31:16     all    4.28    0.00    0.76    0.00    0.00    1.51    0.00    0.00    0.00   93.45
05:31:17     all    0.00    0.00    0.00    0.00    0.00    0.00    0.00    0.00    0.00  100.00
05:31:18     all    1.75    0.00    0.25    0.00    0.00    0.25    0.00    0.00    0.00   97.74
05:31:19     all    4.55    0.00    0.51    0.00    0.00    0.51    0.00    0.00    0.00   94.44
05:31:20     all    4.02    0.00    0.75    0.00    0.00    0.75    0.00    0.00    0.00   94.47
05:31:21     all    4.03    0.00    0.50    0.00    0.00    1.01    0.00    0.00    0.00   94.46
05:31:22     all    4.27    0.00    0.00    0.00    0.00    0.50    0.50    0.00    0.00   94.72
05:31:23     all    4.04    0.00    0.76    0.00    0.00    0.76    0.25    0.00    0.00   94.19
05:31:24     all    4.03    0.00    0.50    0.00    0.00    0.76    0.00    0.00    0.00   94.71
05:31:25     all    4.07    0.00    0.25    0.00    0.00    0.25    0.00    0.00    0.00   95.42
05:31:26     all    4.01    0.00    0.50    0.00    0.00    0.75    0.00    0.00    0.00   94.74
05:31:27     all    2.78    0.00    0.25    0.00    0.00    0.76    0.00    0.00    0.00   96.20
05:31:28     all    2.26    0.00    0.50    0.25    0.00    0.00    0.00    0.00    0.00   96.99
05:31:29     all    1.49    0.00    0.25    0.00    0.00    0.50    0.00    0.00    0.00   97.76
05:31:30     all    1.01    0.00    0.00    0.00    0.00    0.00    0.00    0.00    0.00   98.99
05:31:31     all    1.00    0.00    0.25    0.00    0.00    0.25    0.00    0.00    0.00   98.50
05:31:32     all    1.25    0.00    0.50    0.00    0.00    0.00    0.00    0.00    0.00   98.25
05:31:33     all    1.25    0.00    0.00    0.00    0.00    0.25    0.00    0.00    0.00   98.50
05:31:34     all    1.00    0.00    0.25    0.00    0.00    0.25    0.00    0.00    0.00   98.50
05:31:35     all    1.01    0.00    0.00    0.00    0.00    0.00    0.00    0.00    0.00   98.99
05:31:36     all    0.50    0.00    0.00    0.00    0.00    0.00    0.00    0.00    0.00   99.50
05:31:37     all    0.25    0.00    0.00    0.00    0.00    0.50    0.00    0.00    0.00   99.25
05:31:38     all    0.75    0.00    0.25    0.00    0.00    0.00    0.00    0.00    0.00   99.00
05:31:39     all    0.76    0.00    0.25    0.00    0.00    0.00    0.00    0.00    0.00   98.99
05:31:40     all    1.25    0.00    0.00    0.00    0.00    0.25    0.00    0.00    0.00   98.50
05:31:41     all    0.50    0.00    0.00    0.00    0.00    0.25    0.00    0.00    0.00   99.25
05:31:42     all    1.01    0.00    0.00    0.00    0.00    0.00    0.00    0.00    0.00   98.99
05:31:43     all    1.01    0.00    0.00    0.00    0.00    0.00    0.00    0.00    0.00   98.99
05:31:44     all    0.75    0.00    0.50    0.00    0.00    0.25    0.00    0.00    0.00   98.50
05:31:45     all    1.01    0.00    0.00    0.00    0.00    0.00    0.00    0.00    0.00   98.99
05:31:46     all    1.25    0.00    0.00    0.00    0.00    0.25    0.00    0.00    0.00   98.50
05:31:47     all    6.84    0.00    1.01    0.25    0.00    1.27    0.00    0.00    0.00   90.63
05:31:48     all    9.54    0.00    1.03    0.00    0.00    1.80    0.00    0.00    0.00   87.63
05:31:49     all   10.33    0.00    1.51    0.00    0.00    1.76    0.50    0.00    0.00   85.89
05:31:50     all   10.38    0.00    1.52    0.00    0.00    2.03    0.00    0.00    0.00   86.08
05:31:51     all    9.67    0.00    1.27    0.00    0.00    2.04    0.00    0.00    0.00   87.02
05:31:52     all   10.46    0.00    1.28    0.00    0.00    1.53    0.26    0.00    0.00   86.48
05:31:53     all   10.75    0.00    1.75    0.00    0.00    2.50    0.25    0.00    0.00   84.75
05:31:54     all   10.20    0.00    1.53    0.00    0.00    1.53    0.00    0.00    0.00   86.73
05:31:55     all   11.20    0.00    0.76    0.00    0.00    1.78    0.00    0.00    0.00   86.26
05:31:56     all    9.67    0.00    1.78    0.00    0.00    1.53    0.00    0.00    0.00   87.02
05:31:57     all   10.54    0.00    1.03    0.00    0.00    1.54    0.00    0.00    0.00   86.89
05:31:58     all   10.38    0.00    1.52    0.00    0.00    2.03    0.25    0.00    0.00   85.82
05:31:59     all    9.97    0.00    1.28    0.00    0.00    1.53    0.00    0.00    0.00   87.21
05:32:00     all   10.10    0.00    1.26    0.00    0.00    1.52    0.51    0.00    0.00   86.62
05:32:01     all   10.08    0.00    1.29    0.00    0.00    1.29    0.00    0.00    0.00   87.34
05:32:02     all    9.87    0.00    1.27    0.00    0.00    2.03    0.00    0.00    0.00   86.84
05:32:03     all    9.90    0.00    1.52    0.00    0.00    1.52    0.25    0.00    0.00   86.80
05:32:04     all    9.62    0.00    1.52    0.00    0.00    2.28    0.00    0.00    0.00   86.58
05:32:05     all   10.20    0.00    1.02    0.00    0.00    1.28    0.00    0.00    0.00   87.50
05:32:06     all    9.97    0.00    1.28    0.00    0.00    1.79    0.00    0.00    0.00   86.96
05:32:07     all   11.11    0.00    1.26    0.00    0.00    2.02    0.25    0.00    0.00   85.35
05:32:08     all   10.15    0.00    1.27    0.00    0.00    1.52    0.51    0.00    0.00   86.55
05:32:09     all   10.49    0.00    0.77    0.00    0.00    1.79    0.00    0.00    0.00   86.96
05:32:10     all   10.61    0.00    1.52    0.00    0.00    1.77    0.00    0.00    0.00   86.11
05:32:11     all   11.73    0.00    1.02    0.00    0.00    1.02    0.00    0.00    0.00   86.22
05:32:12     all    9.69    0.00    1.28    0.00    0.00    2.04    0.00    0.00    0.00   86.99
05:32:13     all   10.13    0.00    1.27    0.00    0.00    2.03    0.25    0.00    0.00   86.33
05:32:14     all   10.18    0.00    1.02    0.00    0.00    1.53    0.00    0.00    0.00   87.28
05:32:15     all    9.95    0.00    1.28    0.00    0.00    1.79    0.00    0.00    0.00   86.99
05:32:16     all   10.38    0.00    1.01    0.00    0.00    2.03    0.51    0.00    0.00   86.08
05:32:17     all    9.72    0.00    1.53    0.00    0.00    1.02    0.00    0.00    0.00   87.72
05:32:18     all    9.57    0.00    1.26    0.00    0.00    1.76    0.00    0.00    0.00   87.41
05:32:19     all    9.90    0.00    1.52    0.00    0.00    1.78    0.25    0.00    0.00   86.55
05:32:20     all   10.15    0.00    1.27    0.00    0.00    2.03    0.00    0.00    0.00   86.55
05:32:21     all   10.41    0.00    1.52    0.00    0.00    2.03    0.00    0.00    0.00   86.04
05:32:22     all   10.43    0.00    1.02    0.00    0.00    2.04    0.00    0.00    0.00   86.51
05:32:23     all    9.95    0.00    1.02    0.00    0.00    1.28    0.26    0.00    0.00   87.50
05:32:24     all   10.38    0.00    1.52    0.00    0.00    1.77    0.25    0.00    0.00   86.08
05:32:25     all    9.44    0.00    1.28    0.00    0.00    1.79    0.00    0.00    0.00   87.50
05:32:26     all   10.61    0.00    1.01    0.00    0.00    2.02    0.25    0.00    0.00   86.11
05:32:27     all    9.67    0.00    1.27    0.00    0.00    2.04    0.00    0.00    0.00   87.02
05:32:28     all   10.18    0.00    0.76    0.25    0.00    1.78    0.00    0.00    0.00   87.02
05:32:29     all   10.63    0.00    1.52    0.00    0.00    1.27    0.00    0.00    0.00   86.58
05:32:30     all   10.03    0.00    0.77    0.00    0.00    1.54    0.00    0.00    0.00   87.66
05:32:31     all    9.90    0.00    1.52    0.00    0.00    1.52    0.25    0.00    0.00   86.80
05:32:32     all   10.38    0.00    1.52    0.00    0.00    1.77    0.00    0.00    0.00   86.33
05:32:33     all    9.92    0.00    1.27    0.00    0.00    1.53    0.51    0.00    0.00   86.77
05:32:34     all   10.15    0.00    1.27    0.00    0.00    2.03    0.00    0.00    0.00   86.55
05:32:35     all   10.15    0.00    1.27    0.00    0.00    1.78    0.25    0.00    0.00   86.55
05:32:36     all   10.71    0.00    1.28    0.00    0.00    1.79    0.00    0.00    0.00   86.22
05:32:37     all   10.66    0.00    1.02    0.00    0.00    2.03    0.00    0.00    0.00   86.29
05:32:38     all   10.97    0.00    1.02    0.00    0.00    2.04    0.00    0.00    0.00   85.97
05:32:39     all    9.69    0.00    1.28    0.00    0.00    1.53    0.00    0.00    0.00   87.50
05:32:40     all   10.91    0.00    1.52    0.00    0.00    1.78    0.25    0.00    0.00   85.53
05:32:41     all   10.13    0.00    1.52    0.00    0.00    2.03    0.25    0.00    0.00   86.08
05:32:42     all    9.64    0.00    2.03    0.00    0.00    1.78    0.25    0.00    0.00   86.29
05:32:43     all   11.22    0.00    1.02    0.26    0.00    1.53    0.00    0.00    0.00   85.97
05:32:44     all   11.00    0.00    0.77    0.00    0.00    1.79    0.26    0.00    0.00   86.19
05:32:45     all   10.89    0.00    1.27    0.00    0.00    2.03    0.00    0.00    0.00   85.82
05:32:46     all   10.69    0.00    1.53    0.00    0.00    1.78    0.00    0.00    0.00   86.01
05:32:47     all   10.49    0.00    1.53    0.00    0.00    1.53    0.00    0.00    0.00   86.45
05:32:48     all   10.49    0.00    1.02    0.00    0.00    1.28    0.00    0.00    0.00   87.21
05:32:49     all    9.82    0.00    1.76    0.00    0.00    2.02    0.50    0.00    0.00   85.89
05:32:50     all   10.66    0.00    1.52    0.00    0.00    1.52    0.00    0.00    0.00   86.29
05:32:51     all   10.26    0.00    1.03    0.00    0.00    1.03    0.51    0.00    0.00   87.18
05:32:52     all   10.23    0.00    1.28    0.00    0.00    1.79    0.00    0.00    0.00   86.70
05:32:53     all   10.43    0.00    1.27    0.00    0.00    1.78    0.00    0.00    0.00   86.51
05:32:54     all   10.86    0.00    2.27    0.00    0.00    2.27    0.00    0.00    0.00   84.60
05:32:55     all   10.51    0.00    1.54    0.00    0.00    1.28    0.00    0.00    0.00   86.67
05:32:56     all   10.69    0.00    1.53    0.00    0.00    1.78    0.00    0.00    0.00   86.01
05:32:57     all    9.85    0.00    1.77    0.00    0.00    2.02    0.00    0.00    0.00   86.36
05:32:58     all    9.72    0.00    1.02    0.00    0.00    1.79    0.51    0.00    0.00   86.96
05:32:59     all    9.62    0.00    1.27    0.25    0.00    1.77    0.25    0.00    0.00   86.84
05:33:00     all   10.41    0.00    1.27    0.00    0.00    2.03    0.25    0.00    0.00   86.04
05:33:01     all   11.06    0.00    1.51    0.00    0.00    1.76    0.00    0.00    0.00   85.68
05:33:02     all    9.74    0.00    1.03    0.00    0.00    2.05    0.00    0.00    0.00   87.18
05:33:03     all    9.67    0.00    1.27    0.00    0.00    1.53    0.00    0.00    0.00   87.53
05:33:04     all   10.20    0.00    1.02    0.00    0.00    2.55    0.00    0.00    0.00   86.22
05:33:05     all   11.03    0.00    1.79    0.00    0.00    1.03    0.00    0.00    0.00   86.15
05:33:06     all   10.80    0.00    1.51    0.00    0.00    1.76    0.25    0.00    0.00   85.68
05:33:07     all   11.05    0.00    1.03    0.00    0.00    1.80    0.00    0.00    0.00   86.12
05:33:08     all   10.33    0.00    1.51    0.00    0.00    1.76    0.50    0.00    0.00   85.89
05:33:09     all   10.23    0.00    1.02    0.00    0.00    2.05    0.00    0.00    0.00   86.70
05:33:10     all   10.46    0.00    1.79    0.00    0.00    1.02    0.26    0.00    0.00   86.48
05:33:11     all   10.26    0.00    1.54    0.00    0.00    1.54    0.00    0.00    0.00   86.67
05:33:12     all   10.66    0.00    1.27    0.00    0.00    2.03    0.00    0.00    0.00   86.04
05:33:13     all   10.41    0.00    1.27    0.00    0.00    1.78    0.25    0.00    0.00   86.29
05:33:14     all   10.41    0.00    1.27    0.00    0.00    1.78    0.00    0.00    0.00   86.55
05:33:15     all   10.71    0.00    1.02    0.00    0.00    1.79    0.26    0.00    0.00   86.22
05:33:16     all   10.23    0.00    1.28    0.00    0.00    1.53    0.00    0.00    0.00   86.96
05:33:17     all    9.95    0.00    1.02    0.00    0.00    1.79    0.00    0.00    0.00   87.24
05:33:18     all    9.74    0.00    1.03    0.00    0.00    1.28    0.26    0.00    0.00   87.69
05:33:19     all   10.61    0.00    1.77    0.00    0.00    1.77    0.00    0.00    0.00   85.86
05:33:20     all    9.95    0.00    1.28    0.00    0.00    1.53    0.26    0.00    0.00   86.99
05:33:21     all   10.66    0.00    1.52    0.00    0.00    1.78    0.25    0.00    0.00   85.79
05:33:22     all    9.92    0.00    1.27    0.00    0.00    1.53    0.00    0.00    0.00   87.28
05:33:23     all   10.71    0.00    1.53    0.00    0.00    2.04    0.00    0.00    0.00   85.71
05:33:24     all   10.05    0.00    1.03    0.00    0.00    1.55    0.00    0.00    0.00   87.37
05:33:25     all   10.35    0.00    1.52    0.00    0.00    1.52    0.25    0.00    0.00   86.36
05:33:26     all   10.69    0.00    0.76    0.00    0.00    1.53    0.00    0.00    0.00   87.02
05:33:27     all    9.97    0.00    2.05    0.00    0.00    1.53    0.00    0.00    0.00   86.45
05:33:28     all   10.20    0.00    1.02    0.00    0.00    2.04    0.26    0.00    0.00   86.48
05:33:29     all   10.10    0.00    1.52    0.00    0.00    1.77    0.00    0.00    0.00   86.62
05:33:30     all    9.64    0.00    1.27    0.00    0.00    1.78    0.51    0.00    0.00   86.80
05:33:31     all   10.77    0.00    1.03    0.00    0.00    1.79    0.00    0.00    0.00   86.41
05:33:32     all   10.97    0.00    1.02    0.26    0.00    1.53    0.00    0.00    0.00   86.22
05:33:33     all   10.41    0.00    1.52    0.00    0.00    1.78    0.25    0.00    0.00   86.04
05:33:34     all   10.46    0.00    1.53    0.00    0.00    1.53    0.00    0.00    0.00   86.48
05:33:35     all   10.23    0.00    1.02    0.00    0.00    2.05    0.00    0.00    0.00   86.70
05:33:36     all   10.43    0.00    1.53    0.00    0.00    1.53    0.00    0.00    0.00   86.51
05:33:37     all   10.23    0.00    1.28    0.00    0.00    1.53    0.26    0.00    0.00   86.70
05:33:38     all   10.41    0.00    1.52    0.00    0.00    2.28    0.25    0.00    0.00   85.53
05:33:39     all   10.69    0.00    1.27    0.00    0.00    1.78    0.00    0.00    0.00   86.26
05:33:40     all   10.94    0.00    1.02    0.00    0.00    1.78    0.25    0.00    0.00   86.01
05:33:41     all    9.95    0.00    1.53    0.00    0.00    1.79    0.26    0.00    0.00   86.48
05:33:42     all   10.69    0.00    1.27    0.00    0.00    1.53    0.00    0.00    0.00   86.51
05:33:43     all   11.00    0.00    1.02    0.00    0.00    1.79    0.00    0.00    0.00   86.19
05:33:44     all   10.41    0.00    1.78    0.00    0.00    1.52    0.00    0.00    0.00   86.29
05:33:45     all   10.66    0.00    1.27    0.00    0.00    2.03    0.25    0.00    0.00   85.79
05:33:46     all   10.71    0.00    1.28    0.00    0.00    1.79    0.26    0.00    0.00   85.97
05:33:47     all    9.41    0.00    1.78    0.00    0.00    1.53    0.00    0.00    0.00   87.28
05:33:48     all   10.97    0.00    1.28    0.00    0.00    1.79    0.00    0.00    0.00   85.97
05:33:49     all   11.11    0.00    1.52    0.00    0.00    1.77    0.25    0.00    0.00   85.35
05:33:50     all   11.03    0.00    1.03    0.00    0.00    1.54    0.26    0.00    0.00   86.15
05:33:51     all   10.94    0.00    1.02    0.00    0.00    1.53    0.00    0.00    0.00   86.51
05:33:52     all   10.23    0.00    1.53    0.00    0.00    2.05    0.00    0.00    0.00   86.19
05:33:53     all   10.20    0.00    1.53    0.00    0.00    1.53    0.26    0.00    0.00   86.48
05:33:54     all   10.63    0.00    1.27    0.00    0.00    2.28    0.25    0.00    0.00   85.57
05:33:55     all   10.71    0.00    1.28    0.00    0.00    2.30    0.00    0.00    0.00   85.71
05:33:56     all   10.35    0.00    1.77    0.00    0.00    1.77    0.00    0.00    0.00   86.11
05:33:57     all   10.46    0.00    1.28    0.00    0.00    1.79    0.26    0.00    0.00   86.22
05:33:58     all   10.86    0.00    1.52    0.00    0.00    2.02    0.25    0.00    0.00   85.35
05:33:59     all   10.74    0.00    1.53    0.00    0.00    1.79    0.00    0.00    0.00   85.93
05:34:00     all   10.97    0.00    1.02    0.00    0.00    1.53    0.26    0.00    0.00   86.22
05:34:01     all   10.91    0.00    1.52    0.00    0.00    1.78    0.00    0.00    0.00   85.79
05:34:02     all   10.28    0.00    1.29    0.00    0.00    1.80    0.00    0.00    0.00   86.63
05:34:03     all   10.46    0.00    1.79    0.00    0.00    1.53    0.26    0.00    0.00   85.97
05:34:04     all   10.66    0.00    1.52    0.00    0.00    1.78    0.00    0.00    0.00   86.04
05:34:05     all   11.08    0.00    1.51    0.00    0.00    2.02    0.25    0.00    0.00   85.14
05:34:06     all   11.51    0.00    1.28    0.00    0.00    1.53    0.00    0.00    0.00   85.68
05:34:07     all   11.25    0.00    1.53    0.00    0.00    1.53    0.26    0.00    0.00   85.42
05:34:08     all   11.20    0.00    0.76    0.00    0.00    2.04    0.25    0.00    0.00   85.75
05:34:09     all   10.86    0.00    2.02    0.00    0.00    1.77    0.00    0.00    0.00   85.35
05:34:10     all   10.97    0.00    1.28    0.00    0.00    2.04    0.00    0.00    0.00   85.71
05:34:11     all   11.68    0.00    1.52    0.25    0.00    1.78    0.25    0.00    0.00   84.52
05:34:12     all   11.34    0.00    0.77    0.00    0.00    1.80    0.26    0.00    0.00   85.82
05:34:13     all   11.06    0.00    1.26    0.00    0.00    2.26    0.00    0.00    0.00   85.43
05:34:14     all   10.71    0.00    1.53    0.00    0.00    2.04    0.26    0.00    0.00   85.46
05:34:15     all   11.48    0.00    1.79    0.00    0.00    1.79    0.26    0.00    0.00   84.69
05:34:16     all   11.45    0.00    0.76    0.00    0.00    2.54    0.00    0.00    0.00   85.24
05:34:17     all   10.23    0.00    1.53    0.00    0.00    1.53    0.00    0.00    0.00   86.70
05:34:18     all   10.71    0.00    1.53    0.00    0.00    1.79    0.00    0.00    0.00   85.97
05:34:19     all   11.39    0.00    1.27    0.00    0.00    2.03    0.51    0.00    0.00   84.81
05:34:20     all   10.69    0.00    1.78    0.00    0.00    2.04    0.00    0.00    0.00   85.50
05:34:21     all   10.74    0.00    1.02    0.00    0.00    1.79    0.00    0.00    0.00   86.45
05:34:22     all   11.34    0.00    1.76    0.00    0.00    2.02    0.50    0.00    0.00   84.38
05:34:23     all   11.28    0.00    1.28    0.00    0.00    1.79    0.00    0.00    0.00   85.64
05:34:24     all   10.20    0.00    1.53    0.00    0.00    2.04    0.00    0.00    0.00   86.22
05:34:25     all   11.22    0.00    1.79    0.00    0.00    1.79    0.26    0.00    0.00   84.95
05:34:26     all   10.77    0.00    1.03    0.00    0.00    1.54    0.00    0.00    0.00   86.67
05:34:27     all   11.36    0.00    1.77    0.00    0.00    2.53    0.25    0.00    0.00   84.09
05:34:28     all   11.17    0.00    1.78    0.00    0.00    1.52    0.25    0.00    0.00   85.28
05:34:29     all   11.28    0.00    1.54    0.00    0.00    1.03    0.26    0.00    0.00   85.90
05:34:30     all   11.22    0.00    1.53    0.00    0.00    1.79    0.00    0.00    0.00   85.46
05:34:31     all   11.76    0.00    1.02    0.00    0.00    1.79    0.00    0.00    0.00   85.42
05:34:32     all   11.54    0.00    1.28    0.00    0.00    1.79    0.26    0.00    0.00   85.13
05:34:33     all   11.45    0.00    1.53    0.00    0.00    1.78    0.25    0.00    0.00   84.99
05:34:34     all   11.17    0.00    1.52    0.00    0.00    1.78    0.25    0.00    0.00   85.28
05:34:35     all   11.42    0.00    1.02    0.00    0.00    2.03    0.00    0.00    0.00   85.53
05:34:36     all    6.38    0.00    1.28    0.00    0.00    1.02    0.00    0.00    0.00   91.33
05:34:37     all    6.82    0.00    1.01    0.00    0.00    0.76    0.25    0.00    0.00   91.16
05:34:38     all    9.92    0.00    1.53    0.00    0.00    1.27    0.25    0.00    0.00   87.02
05:34:39     all    9.21    0.00    1.02    0.00    0.00    1.53    0.00    0.00    0.00   88.24
05:34:40     all   11.36    0.00    1.52    0.00    0.00    1.77    0.25    0.00    0.00   85.10
05:34:41     all   10.94    0.00    1.27    0.00    0.00    1.53    0.25    0.00    0.00   86.01
05:34:42     all   10.77    0.00    1.28    0.00    0.00    1.79    0.00    0.00    0.00   86.15
05:34:43     all   10.94    0.00    1.78    0.00    0.00    1.78    0.00    0.00    0.00   85.50
05:34:44     all   11.76    0.00    1.02    0.00    0.00    1.53    0.00    0.00    0.00   85.68
05:34:45     all   11.20    0.00    1.02    0.00    0.00    1.27    0.51    0.00    0.00   86.01
05:34:46     all   12.06    0.00    1.76    0.00    0.00    2.01    0.00    0.00    0.00   84.17
05:34:47     all   10.74    0.00    1.53    0.00    0.00    1.79    0.26    0.00    0.00   85.68
05:34:48     all   10.69    0.00    1.27    0.00    0.00    1.78    0.00    0.00    0.00   86.26
05:34:49     all   10.86    0.00    1.26    0.00    0.00    1.77    0.25    0.00    0.00   85.86
05:34:50     all   10.97    0.00    1.02    0.00    0.00    2.04    0.00    0.00    0.00   85.97
05:34:51     all   11.08    0.00    1.03    0.00    0.00    1.55    0.00    0.00    0.00   86.34
05:34:52     all   10.20    0.00    2.04    0.00    0.00    1.79    0.26    0.00    0.00   85.71
05:34:53     all   10.71    0.00    1.02    0.00    0.00    1.79    0.26    0.00    0.00   86.22
05:34:54     all   10.61    0.00    1.77    0.00    0.00    1.77    0.25    0.00    0.00   85.61
05:34:55     all   10.74    0.00    1.28    0.00    0.00    1.28    0.00    0.00    0.00   86.70
05:34:56     all    9.97    0.00    1.28    0.00    0.00    2.05    0.00    0.00    0.00   86.70
05:34:57     all   11.45    0.00    1.78    0.00    0.00    1.53    0.00    0.00    0.00   85.24
05:34:58     all   10.77    0.00    1.03    0.00    0.00    1.28    0.26    0.00    0.00   86.67
05:34:59     all   10.38    0.00    1.27    0.00    0.00    2.28    0.00    0.00    0.00   86.08
05:35:00     all   10.49    0.00    1.53    0.26    0.00    1.53    0.26    0.00    0.00   85.93
05:35:01     all   11.36    0.00    1.52    0.00    0.00    1.77    0.00    0.00    0.00   85.35
05:35:02     all   10.41    0.00    1.02    0.00    0.00    1.78    0.25    0.00    0.00   86.55
05:35:03     all   10.97    0.00    0.77    0.00    0.00    1.53    0.00    0.00    0.00   86.73
05:35:04     all   10.43    0.00    1.78    0.00    0.00    1.53    0.00    0.00    0.00   86.26
05:35:05     all    9.92    0.00    1.53    0.00    0.00    1.53    0.25    0.00    0.00   86.77
05:35:06     all   10.66    0.00    1.02    0.00    0.00    1.78    0.00    0.00    0.00   86.55
05:35:07     all   10.46    0.00    1.28    0.00    0.00    1.79    0.26    0.00    0.00   86.22
05:35:08     all   10.77    0.00    1.28    0.00    0.00    1.28    0.00    0.00    0.00   86.67
05:35:09     all   10.38    0.00    1.27    0.00    0.00    2.28    0.00    0.00    0.00   86.08
05:35:10     all   10.49    0.00    1.28    0.00    0.00    1.28    0.26    0.00    0.00   86.70
05:35:11     all   10.35    0.00    1.01    0.00    0.00    2.02    0.25    0.00    0.00   86.36
05:35:12     all    9.72    0.00    1.53    0.00    0.00    1.79    0.00    0.00    0.00   86.96
05:35:13     all   10.41    0.00    1.02    0.00    0.00    2.03    0.00    0.00    0.00   86.55
05:35:14     all   10.28    0.00    1.03    0.00    0.00    1.54    0.00    0.00    0.00   87.15
05:35:15     all   10.61    0.00    1.77    0.00    0.00    1.26    0.00    0.00    0.00   86.36
05:35:16     all    9.95    0.00    1.53    0.00    0.00    2.30    0.00    0.00    0.00   86.22
05:35:17     all    9.85    0.00    1.26    0.00    0.00    1.77    0.25    0.00    0.00   86.87
05:35:18     all   10.20    0.00    2.04    0.00    0.00    1.53    0.26    0.00    0.00   85.97
05:35:19     all   10.10    0.00    1.52    0.00    0.00    1.77    0.25    0.00    0.00   86.36
05:35:20     all    9.44    0.00    1.28    0.00    0.00    2.04    0.26    0.00    0.00   86.99
05:35:21     all    9.72    0.00    1.53    0.00    0.00    1.79    0.00    0.00    0.00   86.96
05:35:22     all    9.72    0.00    1.28    0.00    0.00    1.53    0.00    0.00    0.00   87.47
05:35:23     all    9.69    0.00    1.28    0.00    0.00    1.79    0.00    0.00    0.00   87.24
05:35:24     all   10.15    0.00    1.27    0.00    0.00    1.78    0.00    0.00    0.00   86.80
05:35:25     all   10.89    0.00    1.77    0.00    0.00    2.03    0.00    0.00    0.00   85.32
05:35:26     all   10.74    0.00    1.28    0.00    0.00    1.79    0.00    0.00    0.00   86.19
05:35:27     all   10.97    0.00    1.53    0.00    0.00    2.04    0.00    0.00    0.00   85.46
05:35:28     all   11.14    0.00    1.27    0.00    0.00    1.77    0.76    0.00    0.00   85.06
05:35:29     all   10.41    0.00    1.52    0.00    0.00    1.78    0.00    0.00    0.00   86.29
05:35:30     all   10.18    0.00    1.27    0.00    0.00    1.27    0.25    0.00    0.00   87.02
05:35:31     all   10.54    0.00    1.29    0.00    0.00    1.29    0.00    0.00    0.00   86.89
05:35:32     all    9.95    0.00    1.28    0.26    0.00    1.28    0.00    0.00    0.00   87.24
05:35:33     all    9.95    0.00    1.53    0.00    0.00    1.53    0.00    0.00    0.00   86.99
05:35:34     all    9.95    0.00    1.28    0.00    0.00    1.02    0.00    0.00    0.00   87.76
05:35:35     all   10.41    0.00    1.02    0.25    0.00    1.52    0.00    0.00    0.00   86.80
05:35:36     all    9.92    0.00    1.27    0.00    0.00    2.04    0.00    0.00    0.00   86.77
05:35:37     all    9.97    0.00    1.53    0.00    0.00    1.02    0.00    0.00    0.00   87.47
05:35:38     all   10.15    0.00    1.52    0.00    0.00    2.03    0.25    0.00    0.00   86.04
05:35:39     all   10.94    0.00    1.02    0.00    0.00    1.53    0.25    0.00    0.00   86.26
05:35:40     all    9.72    0.00    1.53    0.00    0.00    1.28    0.26    0.00    0.00   87.21
05:35:41     all   10.05    0.00    1.76    0.00    0.00    2.01    0.25    0.00    0.00   85.93
05:35:42     all   10.97    0.00    1.28    0.00    0.00    1.28    0.00    0.00    0.00   86.48
05:35:43     all   11.00    0.00    1.02    0.00    0.00    2.05    0.00    0.00    0.00   85.93
05:35:44     all    9.46    0.00    1.79    0.00    0.00    1.53    0.00    0.00    0.00   87.21
05:35:45     all   10.26    0.00    1.03    0.00    0.00    1.79    0.00    0.00    0.00   86.92
05:35:46     all   10.86    0.00    1.52    0.00    0.00    2.02    0.00    0.00    0.00   85.61
05:35:47     all   10.28    0.00    1.29    0.00    0.00    1.29    0.00    0.00    0.00   87.15
05:35:48     all   10.38    0.00    1.77    0.00    0.00    2.03    0.25    0.00    0.00   85.57
05:35:49     all   11.39    0.00    1.52    0.00    0.00    1.27    0.00    0.00    0.00   85.82
05:35:50     all   11.73    0.00    1.02    0.00    0.00    1.53    0.51    0.00    0.00   85.20
05:35:51     all   10.43    0.00    1.53    0.00    0.00    1.53    0.00    0.00    0.00   86.51
05:35:52     all   10.26    0.00    1.54    0.00    0.00    1.54    0.26    0.00    0.00   86.41
05:35:53     all   10.66    0.00    1.27    0.00    0.00    1.78    0.00    0.00    0.00   86.29
05:35:54     all   10.23    0.00    1.28    0.00    0.00    1.53    0.00    0.00    0.00   86.96
05:35:55     all   10.43    0.00    1.78    0.00    0.00    1.53    0.00    0.00    0.00   86.26
05:35:56     all   10.97    0.00    0.77    0.00    0.00    1.53    0.00    0.00    0.00   86.73
05:35:57     all   10.97    0.00    1.53    0.00    0.00    1.28    0.00    0.00    0.00   86.22
05:35:58     all   10.69    0.00    1.27    0.25    0.00    1.53    0.00    0.00    0.00   86.26
05:35:59     all   10.38    0.00    1.77    0.00    0.00    1.52    0.25    0.00    0.00   86.08
05:36:00     all   11.36    0.00    1.26    0.00    0.00    1.77    0.25    0.00    0.00   85.35
05:36:01     all   10.66    0.00    1.27    0.00    0.00    1.78    0.00    0.00    0.00   86.29
05:36:02     all    9.92    0.00    1.02    0.00    0.00    2.04    0.00    0.00    0.00   87.02
05:36:03     all   10.41    0.00    1.52    0.00    0.00    1.27    0.25    0.00    0.00   86.55
05:36:04     all   10.46    0.00    1.02    0.00    0.00    1.53    0.00    0.00    0.00   86.99
05:36:05     all   10.63    0.00    1.27    0.00    0.00    1.77    0.25    0.00    0.00   86.08
05:36:06     all    9.92    0.00    1.53    0.00    0.00    1.78    0.00    0.00    0.00   86.77
05:36:07     all   10.35    0.00    1.77    0.00    0.00    2.02    0.00    0.00    0.00   85.86
05:36:08     all    9.56    0.00    1.03    0.00    0.00    1.29    0.00    0.00    0.00   88.11
05:36:09     all   11.11    0.00    1.52    0.00    0.00    1.52    0.00    0.00    0.00   85.86
05:36:10     all   10.00    0.00    1.03    0.00    0.00    1.54    0.00    0.00    0.00   87.44
05:36:11     all   10.15    0.00    1.78    0.00    0.00    1.78    0.25    0.00    0.00   86.04
05:36:12     all   10.49    0.00    1.28    0.00    0.00    1.53    0.00    0.00    0.00   86.70
05:36:13     all   10.83    0.00    1.76    0.00    0.00    1.76    0.25    0.00    0.00   85.39
05:36:14     all   10.20    0.00    1.02    0.00    0.00    1.79    0.00    0.00    0.00   86.99
05:36:15     all   10.63    0.00    1.77    0.00    0.00    1.52    0.00    0.00    0.00   86.08
05:36:16     all   10.61    0.00    1.01    0.00    0.00    1.77    0.25    0.00    0.00   86.36
05:36:17     all   10.15    0.00    1.52    0.00    0.00    1.52    0.00    0.00    0.00   86.80
05:36:18     all   10.69    0.00    1.02    0.00    0.00    2.29    0.00    0.00    0.00   86.01
05:36:19     all   10.26    0.00    1.03    0.00    0.00    1.54    0.00    0.00    0.00   87.18
05:36:20     all   10.18    0.00    1.27    0.00    0.00    1.53    0.25    0.00    0.00   86.77
05:36:21     all   10.86    0.00    1.52    0.00    0.00    1.77    0.25    0.00    0.00   85.61
05:36:22     all   10.66    0.00    1.27    0.00    0.00    2.28    0.00    0.00    0.00   85.79
05:36:23     all    9.37    0.00    1.27    0.00    0.00    2.28    0.25    0.00    0.00   86.84
05:36:24     all   10.66    0.00    1.78    0.00    0.00    1.52    0.00    0.00    0.00   86.04
05:36:25     all   10.46    0.00    1.02    0.00    0.00    2.30    0.00    0.00    0.00   86.22
05:36:26     all   10.03    0.00    1.03    0.00    0.00    1.29    0.00    0.00    0.00   87.66
05:36:27     all   10.35    0.00    1.52    0.00    0.00    2.02    0.25    0.00    0.00   85.86
05:36:28     all   10.66    0.00    1.52    0.00    0.00    1.52    0.00    0.00    0.00   86.29
05:36:29     all   10.23    0.00    1.28    0.00    0.00    1.79    0.00    0.00    0.00   86.70
05:36:30     all   10.43    0.00    1.02    0.00    0.00    1.53    0.25    0.00    0.00   86.77
05:36:31     all   10.38    0.00    1.52    0.00    0.00    1.77    0.25    0.00    0.00   86.08
05:36:32     all   10.13    0.00    1.27    0.00    0.00    2.03    0.25    0.00    0.00   86.33
05:36:33     all   10.43    0.00    1.27    0.00    0.00    2.04    0.00    0.00    0.00   86.26
05:36:34     all   10.46    0.00    1.53    0.00    0.00    1.53    0.00    0.00    0.00   86.48
05:36:35     all   10.66    0.00    1.27    0.00    0.00    1.27    0.00    0.00    0.00   86.80
05:36:36     all   10.28    0.00    1.03    0.00    0.00    1.80    0.00    0.00    0.00   86.89
05:36:37     all    9.95    0.00    1.53    0.00    0.00    1.79    0.00    0.00    0.00   86.73
05:36:38     all   11.03    0.00    1.75    0.00    0.00    1.75    0.25    0.00    0.00   85.21
05:36:39     all   10.94    0.00    1.27    0.00    0.00    2.04    0.25    0.00    0.00   85.50
05:36:40     all   10.71    0.00    1.28    0.26    0.00    1.53    0.00    0.00    0.00   86.22
05:36:41     all   10.38    0.00    1.01    0.00    0.00    2.03    0.51    0.00    0.00   86.08
05:36:42     all    9.67    0.00    1.78    0.00    0.00    2.04    0.00    0.00    0.00   86.51
05:36:43     all   10.77    0.00    1.03    0.00    0.00    1.54    0.00    0.00    0.00   86.67
05:36:44     all   10.66    0.00    1.78    0.00    0.00    1.78    0.00    0.00    0.00   85.79
05:36:45     all   10.69    0.00    0.76    0.00    0.00    2.29    0.00    0.00    0.00   86.26
05:36:46     all   10.66    0.00    1.78    0.00    0.00    1.52    0.00    0.00    0.00   86.04
05:36:47     all   10.46    0.00    1.53    0.00    0.00    1.79    0.00    0.00    0.00   86.22
05:36:48     all   10.13    0.00    1.01    0.00    0.00    1.77    0.76    0.00    0.00   86.33
05:36:49     all   10.43    0.00    1.53    0.00    0.00    1.53    0.00    0.00    0.00   86.51
05:36:50     all   10.63    0.00    1.27    0.00    0.00    2.28    0.25    0.00    0.00   85.57
05:36:51     all   10.46    0.00    1.28    0.00    0.00    1.79    0.00    0.00    0.00   86.48
05:36:52     all   10.69    0.00    1.53    0.00    0.00    1.53    0.00    0.00    0.00   86.26
05:36:53     all    9.95    0.00    1.53    0.00    0.00    1.79    0.00    0.00    0.00   86.73
05:36:54     all   10.41    0.00    1.27    0.00    0.00    2.28    0.00    0.00    0.00   86.04
05:36:55     all   10.20    0.00    1.53    0.00    0.00    2.04    0.00    0.00    0.00   86.22
05:36:56     all   11.00    0.00    1.28    0.00    0.00    1.28    0.00    0.00    0.00   86.45
05:36:57     all   11.14    0.00    1.52    0.00    0.00    1.27    0.51    0.00    0.00   85.57
05:36:58     all   10.63    0.00    1.52    0.00    0.00    1.77    0.00    0.00    0.00   86.08
05:36:59     all   10.89    0.00    1.27    0.00    0.00    1.77    0.00    0.00    0.00   86.08
05:37:00     all   10.46    0.00    1.28    0.00    0.00    1.53    0.51    0.00    0.00   86.22
05:37:01     all   11.90    0.00    1.27    0.00    0.00    1.77    0.00    0.00    0.00   85.06
05:37:02     all   11.05    0.00    1.29    0.00    0.00    1.03    0.00    0.00    0.00   86.63
05:37:03     all   11.20    0.00    1.02    0.00    0.00    2.04    0.00    0.00    0.00   85.75
05:37:04     all   10.83    0.00    2.02    0.00    0.00    2.27    0.00    0.00    0.00   84.89
05:37:05     all   10.74    0.00    1.28    0.00    0.00    1.28    0.00    0.00    0.00   86.70
05:37:06     all   11.05    0.00    1.29    0.00    0.00    1.54    0.26    0.00    0.00   85.86
05:37:07     all   11.53    0.00    1.50    0.00    0.00    2.01    0.25    0.00    0.00   84.71
05:37:08     all   10.66    0.00    1.02    0.00    0.00    2.03    0.25    0.00    0.00   86.04
05:37:09     all   10.49    0.00    1.28    0.00    0.00    1.28    0.26    0.00    0.00   86.70
05:37:10     all   11.73    0.00    1.02    0.00    0.00    1.28    0.00    0.00    0.00   85.97
05:37:11     all   10.18    0.00    1.53    0.00    0.00    2.29    0.00    0.00    0.00   86.01
05:37:12     all   11.14    0.00    1.52    0.25    0.00    1.52    0.00    0.00    0.00   85.57
05:37:13     all   10.66    0.00    1.52    0.00    0.00    2.28    0.00    0.00    0.00   85.53
05:37:14     all   10.46    0.00    1.28    0.00    0.00    1.53    0.00    0.00    0.00   86.73
05:37:15     all   11.25    0.00    1.53    0.00    0.00    1.02    0.26    0.00    0.00   85.93
05:37:16     all    9.97    0.00    1.79    0.00    0.00    1.28    0.00    0.00    0.00   86.96
05:37:17     all   10.38    0.00    1.52    0.00    0.00    2.28    0.00    0.00    0.00   85.82
05:37:18     all   10.13    0.00    1.52    0.00    0.00    1.52    0.76    0.00    0.00   86.08
05:37:19     all   11.45    0.00    1.27    0.00    0.00    1.53    0.00    0.00    0.00   85.75
05:37:20     all   11.08    0.00    1.29    0.00    0.00    1.55    0.00    0.00    0.00   86.08
05:37:21     all   11.22    0.00    1.02    0.00    0.00    1.79    0.00    0.00    0.00   85.97
05:37:22     all   12.44    0.00    1.27    0.00    0.00    1.78    0.25    0.00    0.00   84.26
05:37:23     all   11.54    0.00    1.54    0.00    0.00    1.54    0.00    0.00    0.00   85.38
05:37:24     all   10.89    0.00    2.03    0.00    0.00    2.28    0.00    0.00    0.00   84.81
05:37:25     all   11.65    0.00    1.27    0.00    0.00    2.28    0.51    0.00    0.00   84.30
05:37:26     all   11.22    0.00    1.28    0.00    0.00    1.28    0.00    0.00    0.00   86.22
05:37:27     all   10.69    0.00    1.27    0.00    0.00    2.04    0.25    0.00    0.00   85.75
05:37:28     all   11.31    0.00    1.03    0.00    0.00    1.54    0.00    0.00    0.00   86.12
05:37:29     all   10.94    0.00    1.53    0.00    0.00    1.27    0.25    0.00    0.00   86.01
05:37:30     all   11.05    0.00    1.29    0.00    0.00    1.29    0.00    0.00    0.00   86.38
05:37:31     all   11.42    0.00    1.52    0.00    0.00    1.78    0.00    0.00    0.00   85.28
05:37:32     all   11.14    0.00    1.27    0.00    0.00    1.77    0.00    0.00    0.00   85.82
05:37:33     all   10.59    0.00    1.03    0.00    0.00    1.55    0.00    0.00    0.00   86.82
05:37:34     all   10.89    0.00    1.77    0.00    0.00    1.77    0.25    0.00    0.00   85.32
05:37:35     all   11.20    0.00    1.27    0.00    0.00    2.04    0.25    0.00    0.00   85.24
05:37:36     all    8.16    0.00    1.02    0.00    0.00    1.02    0.00    0.00    0.00   89.80
05:37:37     all    7.63    0.00    0.51    0.00    0.00    0.51    0.25    0.00    0.00   91.09
05:37:38     all    7.58    0.00    1.26    0.00    0.00    1.26    0.25    0.00    0.00   89.65
05:37:39     all    9.11    0.00    1.01    0.00    0.00    1.77    0.00    0.00    0.00   88.10
05:37:40     all   10.20    0.00    1.28    0.00    0.00    1.02    0.00    0.00    0.00   87.50
05:37:41     all   10.74    0.00    0.77    0.00    0.00    1.53    0.00    0.00    0.00   86.96
05:37:42     all    9.90    0.00    1.27    0.00    0.00    2.03    0.00    0.00    0.00   86.80
05:37:43     all   11.17    0.00    1.27    0.00    0.00    1.78    0.25    0.00    0.00   85.53
05:37:44     all    9.95    0.00    1.79    0.00    0.00    1.28    0.00    0.00    0.00   86.99
05:37:45     all   10.03    0.00    1.03    0.00    0.00    2.06    0.00    0.00    0.00   86.89
05:37:46     all   11.08    0.00    1.51    0.25    0.00    1.26    0.25    0.00    0.00   85.64
05:37:47     all   10.43    0.00    1.53    0.00    0.00    1.02    0.25    0.00    0.00   86.77
05:37:48     all   10.97    0.00    1.02    0.00    0.00    1.53    0.00    0.00    0.00   86.48
05:37:49     all    9.90    0.00    1.02    0.00    0.00    1.52    0.25    0.00    0.00   87.31
05:37:50     all   10.00    0.00    1.54    0.00    0.00    1.28    0.00    0.00    0.00   87.18
05:37:51     all   11.51    0.00    1.02    0.00    0.00    1.28    0.00    0.00    0.00   86.19
05:37:52     all   10.26    0.00    1.03    0.00    0.00    2.05    0.00    0.00    0.00   86.67
05:37:53     all   10.55    0.00    1.76    0.00    0.00    1.76    0.25    0.00    0.00   85.68
05:37:54     all   11.03    0.00    0.77    0.00    0.00    1.79    0.00    0.00    0.00   86.41
05:37:55     all   11.48    0.00    1.28    0.00    0.00    1.28    0.00    0.00    0.00   85.97
05:37:56     all   10.38    0.00    1.52    0.00    0.00    1.77    0.25    0.00    0.00   86.08
05:37:57     all   10.49    0.00    1.02    0.00    0.00    1.28    0.26    0.00    0.00   86.96
05:37:58     all   10.00    0.00    1.79    0.00    0.00    1.28    0.00    0.00    0.00   86.92
05:37:59     all   11.93    0.00    1.02    0.00    0.00    1.78    0.00    0.00    0.00   85.28
05:38:00     all   10.74    0.00    1.28    0.00    0.00    2.05    0.26    0.00    0.00   85.68
05:38:01     all   11.36    0.00    1.26    0.00    0.00    2.02    0.00    0.00    0.00   85.35
05:38:02     all   10.10    0.00    1.77    0.00    0.00    2.27    0.25    0.00    0.00   85.61
05:38:03     all   10.97    0.00    0.77    0.00    0.00    2.04    0.00    0.00    0.00   86.22
Average:     all    8.73    0.10    1.32    0.05    0.00    1.84    0.09    0.00    0.00   87.87
