Linux 6.8.0-1064-gcp (csb-bench-host-gcp) 	08/18/26 	_x86_64_	(4 CPU)

01:40:18     CPU    %usr   %nice    %sys %iowait    %irq   %soft  %steal  %guest  %gnice   %idle
01:40:19     all    2.99    0.00    1.50    0.50    0.00    0.75    0.00    0.00    0.00   94.26
01:40:20     all    2.02    0.00    0.25    0.00    0.00    0.25    0.00    0.00    0.00   97.47
01:40:21     all    1.77    0.00    0.25    0.00    0.00    0.00    0.00    0.00    0.00   97.98
01:40:22     all    2.00    0.00    0.25    0.00    0.00    0.50    0.25    0.00    0.00   97.00
01:40:23     all    2.51    0.00    0.25    0.00    0.00    0.00    0.00    0.00    0.00   97.24
01:40:24     all    1.77    0.00    0.25    0.00    0.00    0.51    0.00    0.00    0.00   97.47
01:40:25     all    2.00    0.00    0.50    0.00    0.00    0.25    0.00    0.00    0.00   97.25
01:40:26     all    2.27    0.00    0.25    0.00    0.00    0.00    0.00    0.00    0.00   97.48
01:40:27     all    1.52    0.00    0.51    0.00    0.00    0.76    0.00    0.00    0.00   97.22
01:40:28     all    2.01    0.00    0.25    0.00    0.00    0.25    0.00    0.00    0.00   97.49
01:40:29     all    2.01    0.00    0.50    0.00    0.00    0.50    0.00    0.00    0.00   96.99
01:40:30     all    2.01    0.00    0.25    0.25    0.00    0.25    0.00    0.00    0.00   97.24
01:40:31     all    2.26    0.00    0.25    0.00    0.00    0.25    0.00    0.00    0.00   97.24
01:40:32     all    1.76    0.00    0.25    0.25    0.00    0.25    0.00    0.00    0.00   97.48
01:40:33     all    2.02    0.00    0.50    0.00    0.00    0.00    0.00    0.00    0.00   97.48
01:40:34     all    2.27    0.00    0.25    0.00    0.00    0.00    0.00    0.00    0.00   97.47
01:40:35     all    2.01    0.00    0.50    0.00    0.00    0.00    0.00    0.00    0.00   97.49
01:40:36     all    1.75    0.00    0.25    0.00    0.00    0.75    0.00    0.00    0.00   97.24
01:40:37     all    1.77    0.00    0.25    0.00    0.00    0.25    0.00    0.00    0.00   97.73
01:40:38     all    2.02    0.00    0.00    0.00    0.00    0.00    0.00    0.00    0.00   97.98
01:40:39     all    1.75    0.00    0.50    0.00    0.00    0.75    0.00    0.00    0.00   97.00
01:40:40     all    1.51    0.00    0.25    0.00    0.00    0.50    0.00    0.00    0.00   97.73
01:40:41     all    2.76    0.00    0.75    1.01    0.00    0.25    0.00    0.00    0.00   95.23
01:40:42     all    2.02    0.00    0.50    0.25    0.00    0.50    0.00    0.00    0.00   96.73
01:40:43     all    2.26    0.00    0.25    0.00    0.00    0.25    0.00    0.00    0.00   97.24
01:40:44     all    1.76    0.00    0.25    0.00    0.00    0.25    0.00    0.00    0.00   97.74
01:40:45     all    2.01    0.00    0.25    0.00    0.00    0.25    0.00    0.00    0.00   97.49
01:40:46     all    2.02    0.00    0.25    0.00    0.00    0.25    0.00    0.00    0.00   97.48
01:40:47     all    2.26    0.00    0.25    0.25    0.00    0.25    0.00    0.00    0.00   96.99
01:40:48     all    1.76    0.00    0.25    0.00    0.00    0.75    0.00    0.00    0.00   97.24
01:40:49     all    2.01    0.00    0.50    0.00    0.00    0.25    0.00    0.00    0.00   97.24
01:40:50     all    2.26    0.00    0.25    0.00    0.00    0.25    0.00    0.00    0.00   97.24
01:40:51     all    2.01    0.00    0.25    0.00    0.00    0.50    0.00    0.00    0.00   97.24
01:40:52     all    1.76    0.00    0.50    0.00    0.00    0.50    0.00    0.00    0.00   97.23
01:40:53     all    2.26    0.00    0.25    0.00    0.00    0.25    0.25    0.00    0.00   96.99
01:40:54     all    1.51    0.00    0.50    0.00    0.00    0.25    0.25    0.00    0.00   97.48
01:40:55     all    2.25    0.00    0.50    0.00    0.00    0.25    0.00    0.00    0.00   97.00
01:40:56     all    2.26    0.00    0.00    0.00    0.00    0.75    0.00    0.00    0.00   96.99
01:40:57     all    2.02    0.00    0.25    0.00    0.00    0.25    0.00    0.00    0.00   97.47
01:40:58     all    2.00    0.00    0.50    0.00    0.00    0.25    0.00    0.00    0.00   97.25
01:40:59     all    2.01    0.00    0.50    0.00    0.00    0.50    0.00    0.00    0.00   96.99
01:41:00     all    2.02    0.00    0.25    0.00    0.00    0.50    0.00    0.00    0.00   97.23
01:41:01     all    1.77    0.00    0.25    0.00    0.00    0.00    0.00    0.00    0.00   97.98
01:41:02     all    2.01    0.00    0.50    0.00    0.00    0.50    0.00    0.00    0.00   96.99
01:41:03     all    2.26    0.00    0.25    0.00    0.00    0.25    0.00    0.00    0.00   97.24
01:41:04     all    1.76    0.00    0.50    0.00    0.00    0.50    0.00    0.00    0.00   97.24
01:41:05     all    2.51    0.00    0.25    0.00    0.00    0.00    0.00    0.00    0.00   97.24
01:41:06     all    1.51    0.00    0.50    0.00    0.00    0.75    0.00    0.00    0.00   97.24
01:41:07     all    2.02    0.00    0.25    0.00    0.00    0.00    0.00    0.00    0.00   97.73
01:41:08     all    2.02    0.00    0.50    0.00    0.00    0.25    0.25    0.00    0.00   96.98
01:41:09     all    2.02    0.00    0.00    0.00    0.00    0.00    0.00    0.00    0.00   97.98
01:41:10     all    2.26    0.00    0.25    0.00    0.00    0.25    0.00    0.00    0.00   97.24
01:41:11     all    2.24    0.00    0.50    0.00    0.00    0.75    0.00    0.00    0.00   96.51
01:41:12     all    2.01    0.00    0.00    0.00    0.00    0.50    0.00    0.00    0.00   97.49
01:41:13     all    2.01    0.00    0.50    0.00    0.00    0.00    0.25    0.00    0.00   97.24
01:41:14     all    2.51    0.00    0.25    0.00    0.00    0.50    0.00    0.00    0.00   96.74
01:41:15     all    2.01    0.00    0.25    0.00    0.00    0.50    0.00    0.00    0.00   97.24
01:41:16     all    2.02    0.00    0.50    0.00    0.00    0.25    0.00    0.00    0.00   97.23
01:41:17     all    1.76    0.00    0.25    0.00    0.00    0.50    0.00    0.00    0.00   97.48
01:41:18     all    2.24    0.00    0.50    0.00    0.00    0.75    0.00    0.00    0.00   96.52
01:41:19     all    2.00    0.00    0.50    0.00    0.00    0.50    0.00    0.00    0.00   97.00
01:41:20     all    2.02    0.00    0.00    0.00    0.00    0.25    0.00    0.00    0.00   97.73
01:41:21     all    2.76    0.00    0.25    0.25    0.00    0.25    0.00    0.00    0.00   96.48
01:41:22     all    2.01    0.00    0.75    0.00    0.00    0.50    0.00    0.00    0.00   96.74
01:41:23     all    2.03    0.00    0.25    0.00    0.00    0.00    0.00    0.00    0.00   97.72
01:41:24     all    2.00    0.00    0.25    0.00    0.00    0.50    0.00    0.00    0.00   97.25
01:41:25     all    2.02    0.00    0.50    0.00    0.00    0.00    0.00    0.00    0.00   97.48
01:41:26     all    1.75    0.00    0.50    0.00    0.00    0.50    0.00    0.00    0.00   97.24
01:41:27     all    2.01    0.00    0.25    0.00    0.00    0.50    0.00    0.00    0.00   97.24
01:41:28     all    2.01    0.00    0.25    0.00    0.00    0.50    0.00    0.00    0.00   97.24
01:41:29     all    2.01    0.00    0.50    0.00    0.00    0.00    0.25    0.00    0.00   97.24
01:41:30     all    1.76    0.00    0.25    0.00    0.00    0.50    0.00    0.00    0.00   97.48
01:41:31     all    2.01    0.00    0.25    0.00    0.00    0.75    0.00    0.00    0.00   96.99
01:41:32     all    1.78    0.00    0.00    0.00    0.00    0.25    0.00    0.00    0.00   97.97
01:41:33     all    2.01    0.00    0.75    0.00    0.00    0.25    0.00    0.00    0.00   96.99
01:41:34     all    1.76    0.00    0.25    0.00    0.00    0.75    0.00    0.00    0.00   97.24
01:41:35     all    2.02    0.00    0.25    0.00    0.00    0.00    0.00    0.00    0.00   97.73
01:41:36     all    2.25    0.00    0.50    0.00    0.00    0.50    0.00    0.00    0.00   96.75
01:41:37     all    2.02    0.00    0.25    0.00    0.00    0.00    0.00    0.00    0.00   97.73
01:41:38     all    2.02    0.00    0.00    0.00    0.00    0.25    0.00    0.00    0.00   97.73
01:41:39     all    2.00    0.00    1.00    0.00    0.00    0.50    0.00    0.00    0.00   96.50
01:41:40     all    2.01    0.00    0.25    0.00    0.00    0.25    0.00    0.00    0.00   97.49
01:41:41     all    2.26    0.00    0.00    0.00    0.00    0.25    0.00    0.00    0.00   97.49
01:41:42     all    2.25    0.00    0.50    0.00    0.00    0.00    0.25    0.00    0.00   97.00
01:41:43     all    2.03    0.00    0.00    0.00    0.00    0.25    0.00    0.00    0.00   97.72
01:41:44     all    1.50    0.00    1.00    0.00    0.00    0.50    0.00    0.00    0.00   97.01
01:41:45     all    2.27    0.00    0.00    0.25    0.00    0.00    0.00    0.00    0.00   97.48
01:41:46     all    2.02    0.00    0.50    0.00    0.00    0.25    0.00    0.00    0.00   97.23
01:41:47     all    2.01    0.00    0.50    0.00    0.00    0.25    0.00    0.00    0.00   97.24
01:41:48     all    2.02    0.00    0.25    0.00    0.00    0.25    0.00    0.00    0.00   97.48
01:41:49     all    1.77    0.00    0.00    0.00    0.00    0.51    0.00    0.00    0.00   97.73
01:41:50     all    2.50    0.00    0.75    0.00    0.00    0.50    0.00    0.00    0.00   96.25
01:41:51     all    2.26    0.00    0.25    0.00    0.00    0.25    0.00    0.00    0.00   97.24
01:41:52     all    2.51    0.00    0.25    0.00    0.00    0.25    0.00    0.00    0.00   96.99
01:41:53     all    2.01    0.00    0.25    0.00    0.00    0.75    0.00    0.00    0.00   96.98
01:41:54     all    1.76    0.00    0.50    0.00    0.00    0.00    0.00    0.00    0.00   97.73
01:41:55     all    2.02    0.00    0.00    0.00    0.00    0.25    0.00    0.00    0.00   97.73
01:41:56     all    1.75    0.00    1.00    0.00    0.00    0.25    0.00    0.00    0.00   97.01
01:41:57     all    1.77    0.00    0.25    0.00    0.00    0.76    0.00    0.00    0.00   97.22
01:41:58     all    2.26    0.00    0.25    0.00    0.00    0.25    0.00    0.00    0.00   97.24
01:41:59     all    2.00    0.00    0.75    0.00    0.00    0.50    0.00    0.00    0.00   96.75
01:42:00     all    1.79    0.00    0.00    0.00    0.00    0.00    0.00    0.00    0.00   98.21
01:42:01     all    2.75    0.00    0.25    0.00    0.00    0.50    0.00    0.00    0.00   96.50
01:42:02     all    1.77    0.00    0.25    0.00    0.00    0.25    0.00    0.00    0.00   97.73
01:42:03     all    2.26    0.00    0.50    0.00    0.00    0.25    0.00    0.00    0.00   96.98
01:42:04     all    2.26    0.00    0.50    0.00    0.00    0.50    0.00    0.00    0.00   96.74
01:42:05     all    2.01    0.00    0.50    0.00    0.00    0.50    0.00    0.00    0.00   96.98
01:42:06     all    2.01    0.00    0.50    0.00    0.00    0.25    0.25    0.00    0.00   96.98
01:42:07     all    2.27    0.00    0.00    0.00    0.00    0.25    0.25    0.00    0.00   97.22
01:42:08     all    2.00    0.00    0.75    0.00    0.00    0.75    0.00    0.00    0.00   96.51
01:42:09     all    2.52    0.00    0.25    0.00    0.00    0.25    0.00    0.00    0.00   96.98
01:42:10     all    2.26    0.00    0.50    0.00    0.00    0.25    0.25    0.00    0.00   96.73
01:42:11     all    2.24    0.00    0.50    0.00    0.00    0.75    0.00    0.00    0.00   96.51
01:42:12     all    2.28    0.00    0.51    0.00    0.00    0.00    0.00    0.00    0.00   97.21
01:42:13     all    2.74    0.00    0.50    0.00    0.00    0.50    0.00    0.00    0.00   96.27
01:42:14     all    2.28    0.00    0.25    0.00    0.00    0.25    0.00    0.00    0.00   97.22
01:42:15     all    2.26    0.00    0.25    0.00    0.00    0.75    0.00    0.00    0.00   96.73
01:42:16     all    2.51    0.00    0.25    0.00    0.00    0.50    0.00    0.00    0.00   96.74
01:42:17     all    2.26    0.00    0.50    0.00    0.00    0.50    0.00    0.00    0.00   96.74
01:42:18     all    2.02    0.00    0.51    0.00    0.00    0.00    0.00    0.00    0.00   97.47
01:42:19     all    1.75    0.00    0.50    0.25    0.00    0.75    0.00    0.00    0.00   96.75
01:42:20     all    1.01    0.00    0.25    0.00    0.00    0.00    0.00    0.00    0.00   98.74
01:42:21     all    1.75    0.00    0.25    0.00    0.00    0.50    0.00    0.00    0.00   97.49
01:42:22     all    1.76    0.00    0.00    0.00    0.00    0.25    0.00    0.00    0.00   97.99
01:42:23     all    2.02    0.00    0.00    0.00    0.00    0.50    0.00    0.00    0.00   97.48
01:42:24     all    2.99    0.00    0.75    0.00    0.00    0.25    0.00    0.00    0.00   96.02
01:42:25     all    2.02    0.00    0.25    0.00    0.00    0.51    0.00    0.00    0.00   97.22
01:42:26     all    2.02    0.00    0.51    0.00    0.00    0.25    0.00    0.00    0.00   97.22
01:42:27     all    3.52    0.00    7.79    0.00    0.00    0.50    0.25    0.00    0.00   87.94
01:42:28     all    3.54    0.00   17.97    0.00    0.00    0.00    0.00    0.00    0.00   78.48
01:42:29     all    3.02    0.00   19.40    0.00    0.00    0.76    0.00    0.00    0.00   76.83
01:42:30     all    3.27    0.00   19.14    0.00    0.00    0.50    0.00    0.00    0.00   77.08
01:42:31     all    3.04    0.00   18.23    0.00    0.00    0.76    0.00    0.00    0.00   77.97
01:42:32     all    3.52    0.00   18.34    0.00    0.00    0.75    0.00    0.00    0.00   77.39
01:42:33     all    3.81    0.00   10.66    0.00    0.00    0.76    0.00    0.00    0.00   84.77
01:42:34     all    4.50    0.00   12.25    0.00    0.00    1.00    0.00    0.00    0.00   82.25
01:42:35     all    3.31    0.00   12.72    0.00    0.00    0.76    0.25    0.00    0.00   82.95
01:42:36     all    4.31    0.00   12.94    0.00    0.00    0.76    0.00    0.00    0.00   81.98
01:42:37     all    3.27    0.00   14.11    0.00    0.00    0.50    0.25    0.00    0.00   81.86
01:42:38     all    3.80    0.00   14.18    0.00    0.00    0.51    0.00    0.00    0.00   81.52
01:42:39     all    4.00    0.00   14.00    0.00    0.00    0.75    0.25    0.00    0.00   81.00
01:42:40     all    3.81    0.00   13.20    0.00    0.00    0.51    0.00    0.00    0.00   82.49
01:42:41     all    3.77    0.00   13.57    0.00    0.00    1.01    0.00    0.00    0.00   81.66
01:42:42     all    4.03    0.00   14.11    0.00    0.00    0.50    0.00    0.00    0.00   81.36
01:42:43     all    3.32    0.00   13.27    0.00    0.00    0.51    0.00    0.00    0.00   82.91
01:42:44     all    3.78    0.00   13.60    0.00    0.00    1.01    0.00    0.00    0.00   81.61
01:42:45     all    4.02    0.00   13.57    0.00    0.00    0.75    0.00    0.00    0.00   81.66
01:42:46     all    3.80    0.00   12.91    0.00    0.00    0.76    0.25    0.00    0.00   82.28
01:42:47     all    2.01    0.00   14.07    0.00    0.00    0.50    0.00    0.00    0.00   83.42
01:42:48     all    3.54    0.00   13.38    0.00    0.00    0.76    0.00    0.00    0.00   82.32
01:42:49     all    3.53    0.00   13.85    0.00    0.00    0.50    0.25    0.00    0.00   81.86
01:42:50     all    3.09    0.00   15.21    0.00    0.00    0.52    0.00    0.00    0.00   81.19
01:42:51     all    2.31    0.00   18.72    0.00    0.00    0.51    0.00    0.00    0.00   78.46
01:42:52     all    2.26    0.00    0.50    0.00    0.00    0.25    0.00    0.00    0.00   96.98
01:42:53     all    2.02    0.00    0.25    0.00    0.00    0.50    0.00    0.00    0.00   97.23
01:42:54     all    2.99    0.00    0.50    0.75    0.00    0.25    0.00    0.00    0.00   95.51
01:42:55     all    1.77    0.00    0.25    0.00    0.00    0.51    0.00    0.00    0.00   97.47
01:42:56     all    2.27    0.00    0.25    0.00    0.00    0.25    0.00    0.00    0.00   97.23
01:42:57     all    2.50    0.00    0.50    0.00    0.00    0.75    0.00    0.00    0.00   96.25
01:42:58     all    2.26    0.00    0.50    0.00    0.00    0.00    0.00    0.00    0.00   97.24
01:42:59     all    2.51    0.00    0.50    0.25    0.00    0.50    0.00    0.00    0.00   96.24
01:43:00     all    2.53    0.00    2.28    1.27    0.00    0.51    0.00    0.00    0.00   93.42
01:43:01     all    2.02    0.00    0.25    0.00    0.00    0.25    0.00    0.00    0.00   97.48
01:43:02     all    2.26    0.00    0.75    0.00    0.00    0.50    0.00    0.00    0.00   96.49
01:43:03     all    0.50    0.00    0.00    0.00    0.00    0.50    0.00    0.00    0.00   98.99
01:43:04     all    3.00    0.00    0.00    0.00    0.00    0.25    0.00    0.00    0.00   96.75
01:43:05     all    2.26    0.00    0.25    0.00    0.00    0.50    0.00    0.00    0.00   96.98
01:43:06     all    2.26    0.00    1.01    0.00    0.00    0.00    0.00    0.00    0.00   96.73
01:43:07     all    2.01    0.00    0.25    0.00    0.00    0.50    0.00    0.00    0.00   97.24
01:43:08     all    2.51    0.00    0.00    0.00    0.00    0.75    0.00    0.00    0.00   96.74
01:43:09     all    2.02    0.00    0.51    0.00    0.00    0.25    0.00    0.00    0.00   97.22
01:43:10     all    2.25    0.00    0.75    0.00    0.00    0.50    0.00    0.00    0.00   96.50
01:43:11     all    2.78    0.00    0.51    0.00    0.00    0.25    0.00    0.00    0.00   96.46
01:43:12     all    2.51    0.00    0.50    0.00    0.00    0.25    0.25    0.00    0.00   96.49
01:43:13     all    2.27    0.00    0.25    0.00    0.00    0.00    0.00    0.00    0.00   97.47
01:43:14     all    2.26    0.00    0.25    0.00    0.00    0.75    0.00    0.00    0.00   96.74
01:43:15     all    2.26    0.00    0.25    0.25    0.00    0.25    0.25    0.00    0.00   96.73
01:43:16     all    2.26    0.00    0.50    0.00    0.00    0.25    0.25    0.00    0.00   96.74
01:43:17     all    2.04    0.00    0.00    0.00    0.00    0.25    0.00    0.00    0.00   97.71
01:43:18     all    2.99    0.00    0.25    0.00    0.00    0.50    0.00    0.00    0.00   96.27
01:43:19     all    2.27    0.00    0.51    0.00    0.00    0.51    0.00    0.00    0.00   96.72
01:43:20     all    2.26    0.00    0.50    0.00    0.00    0.50    0.00    0.00    0.00   96.73
01:43:21     all    2.26    0.00    0.75    0.00    0.00    0.25    0.00    0.00    0.00   96.73
01:43:22     all    2.01    0.00    0.25    0.00    0.00    0.50    0.00    0.00    0.00   97.24
01:43:23     all    2.77    0.00    0.25    0.00    0.00    0.00    0.00    0.00    0.00   96.98
01:43:24     all    2.26    0.00    0.50    0.00    0.00    0.25    0.00    0.00    0.00   96.98
01:43:25     all    2.26    0.00    0.25    0.00    0.00    0.50    0.00    0.00    0.00   96.98
01:43:26     all    2.27    0.00    0.50    0.00    0.00    0.25    0.00    0.00    0.00   96.98
01:43:27     all    2.01    0.00    0.50    0.00    0.00    0.25    0.00    0.00    0.00   97.24
01:43:28     all    2.02    0.00    0.25    0.00    0.00    0.76    0.00    0.00    0.00   96.98
01:43:29     all    2.77    0.00    0.00    0.00    0.00    0.25    0.00    0.00    0.00   96.98
01:43:30     all    2.49    0.00    1.00    0.00    0.00    0.25    0.00    0.00    0.00   96.26
01:43:31     all    2.27    0.00    0.00    0.00    0.00    0.51    0.25    0.00    0.00   96.97
01:43:32     all    2.02    0.00    0.25    0.00    0.00    0.25    0.00    0.00    0.00   97.47
01:43:33     all    2.24    0.00    1.00    0.00    0.00    0.50    0.00    0.00    0.00   96.27
01:43:34     all    2.76    0.00    0.00    0.00    0.00    0.25    0.00    0.00    0.00   96.99
01:43:35     all    1.77    0.00    0.51    0.00    0.00    0.51    0.00    0.00    0.00   97.22
01:43:36     all    2.51    0.00    0.25    0.00    0.00    0.25    0.00    0.00    0.00   96.98
01:43:37     all    2.26    0.00    0.50    0.00    0.00    0.25    0.00    0.00    0.00   96.98
01:43:38     all    2.51    0.00    0.25    0.00    0.00    0.75    0.00    0.00    0.00   96.48
01:43:39     all    2.28    0.00    0.00    0.00    0.00    0.00    0.00    0.00    0.00   97.72
01:43:40     all    2.77    2.52    8.06    4.79    0.00    1.26    0.00    0.00    0.00   80.60
01:43:41     all    2.26    0.00    0.50    0.00    0.00    0.00    0.00    0.00    0.00   97.24
01:43:42     all    2.26    0.00    0.25    0.00    0.00    0.75    0.00    0.00    0.00   96.73
01:43:43     all    2.29    0.00    0.00    0.00    0.00    0.00    0.00    0.00    0.00   97.71
01:43:44     all    2.25    0.00    0.75    0.00    0.00    0.50    0.00    0.00    0.00   96.50
01:43:45     all    1.76    0.00    0.50    0.00    0.00    0.76    0.00    0.00    0.00   96.98
01:43:46     all    2.51    0.00    0.50    0.00    0.00    0.25    0.00    0.00    0.00   96.73
01:43:47     all    2.27    0.00    0.25    0.00    0.00    0.25    0.00    0.00    0.00   97.22
01:43:48     all    2.02    0.00    0.00    0.00    0.00    0.51    0.00    0.00    0.00   97.47
01:43:49     all    2.26    0.00    0.75    0.00    0.00    0.25    0.25    0.00    0.00   96.48
01:43:50     all    2.75    0.00    0.25    0.00    0.00    0.50    0.00    0.00    0.00   96.50
01:43:51     all    2.27    0.00    0.00    0.25    0.00    0.51    0.00    0.00    0.00   96.97
01:43:52     all    2.51    0.00    0.25    0.00    0.00    0.25    0.00    0.00    0.00   96.98
01:43:53     all    2.02    0.00    0.50    0.00    0.00    0.00    0.00    0.00    0.00   97.48
01:43:54     all    2.27    0.00    0.25    0.00    0.00    0.25    0.00    0.00    0.00   97.22
01:43:55     all    2.52    0.00    0.25    0.00    0.00    0.25    0.00    0.00    0.00   96.98
01:43:56     all    2.26    0.00    0.00    0.00    0.00    0.50    0.25    0.00    0.00   96.98
01:43:57     all    2.75    0.00    0.50    0.00    0.00    0.50    0.00    0.00    0.00   96.25
01:43:58     all    1.76    0.00    0.50    0.25    0.00    0.75    0.00    0.00    0.00   96.73
01:43:59     all    2.76    0.00    0.25    0.00    0.00    0.50    0.00    0.00    0.00   96.49
01:44:00     all    2.02    0.00    0.25    0.00    0.00    0.25    0.00    0.00    0.00   97.47
01:44:01     all    2.74    0.00    0.75    0.00    0.00    0.25    0.00    0.00    0.00   96.26
01:44:02     all    2.02    0.00    0.00    0.00    0.00    0.76    0.00    0.00    0.00   97.23
01:44:03     all    2.27    0.00    0.25    0.00    0.00    0.50    0.00    0.00    0.00   96.98
01:44:04     all    2.50    0.00    0.50    0.00    0.00    0.50    0.25    0.00    0.00   96.25
01:44:05     all    2.26    0.00    0.25    0.00    0.00    0.50    0.00    0.00    0.00   96.99
01:44:06     all    2.52    0.00    0.50    0.00    0.00    0.00    0.00    0.00    0.00   96.98
01:44:07     all    2.02    0.00    0.50    0.00    0.00    0.50    0.00    0.00    0.00   96.98
01:44:08     all    2.27    0.00    0.25    0.00    0.00    0.00    0.25    0.00    0.00   97.23
01:44:09     all    2.26    0.00    0.25    0.00    0.00    0.75    0.00    0.00    0.00   96.73
01:44:10     all    2.26    0.00    0.75    0.00    0.00    0.50    0.00    0.00    0.00   96.49
01:44:11     all    2.26    0.00    0.25    0.00    0.00    0.50    0.00    0.00    0.00   96.99
01:44:12     all    2.28    0.00    0.51    0.00    0.00    0.00    0.00    0.00    0.00   97.22
01:44:13     all    2.51    0.00    0.25    0.00    0.00    0.50    0.00    0.00    0.00   96.73
01:44:14     all    2.27    0.00    0.25    0.00    0.00    0.00    0.00    0.00    0.00   97.47
01:44:15     all    2.50    0.00    0.50    0.00    0.00    0.75    0.00    0.00    0.00   96.25
01:44:16     all    2.28    0.00    0.00    0.00    0.00    0.51    0.00    0.00    0.00   97.22
01:44:17     all    2.24    0.00    0.75    0.00    0.00    0.75    0.00    0.00    0.00   96.26
01:44:18     all    2.27    0.00    0.25    0.00    0.00    0.76    0.00    0.00    0.00   96.72
01:44:19     all    2.50    0.00    0.50    0.00    0.00    0.25    0.00    0.00    0.00   96.75
01:44:20     all    2.52    0.00    0.25    0.00    0.00    0.50    0.00    0.00    0.00   96.73
01:44:21     all    2.02    0.00    0.50    0.00    0.00    0.25    0.25    0.00    0.00   96.98
01:44:22     all    2.26    0.00    0.50    0.00    0.00    0.75    0.00    0.00    0.00   96.49
01:44:23     all    2.76    0.00    0.00    0.25    0.00    0.00    0.00    0.00    0.00   96.98
01:44:24     all    2.01    0.00    0.50    0.00    0.00    0.75    0.00    0.00    0.00   96.73
01:44:25     all    2.26    0.00    0.75    0.00    0.00    0.25    0.00    0.00    0.00   96.74
01:44:26     all    2.27    0.00    0.25    0.00    0.00    0.51    0.00    0.00    0.00   96.97
01:44:27     all    2.27    0.00    0.00    0.00    0.00    0.25    0.00    0.00    0.00   97.47
01:44:28     all    2.25    0.00    1.00    0.00    0.00    0.25    0.00    0.00    0.00   96.50
01:44:29     all    2.27    0.00    0.25    0.00    0.00    0.25    0.00    0.00    0.00   97.23
01:44:30     all    2.26    0.00    0.50    0.00    0.00    0.75    0.00    0.00    0.00   96.49
01:44:31     all    2.27    0.00    0.51    0.00    0.00    0.00    0.00    0.00    0.00   97.22
01:44:32     all    2.27    0.00    0.00    0.00    0.00    0.50    0.00    0.00    0.00   97.23
01:44:33     all    2.25    0.00    0.75    0.00    0.00    0.50    0.00    0.00    0.00   96.50
01:44:34     all    2.26    0.00    0.25    0.00    0.00    0.25    0.00    0.00    0.00   97.24
01:44:35     all    2.76    0.00    0.00    0.00    0.00    0.50    0.00    0.00    0.00   96.74
01:44:36     all    1.76    0.00    0.75    0.00    0.00    0.50    0.00    0.00    0.00   96.98
01:44:37     all    2.28    0.00    0.00    0.00    0.00    0.25    0.00    0.00    0.00   97.47
01:44:38     all    2.51    0.00    0.25    0.00    0.00    0.00    0.00    0.00    0.00   97.24
01:44:39     all    2.51    0.00    0.50    0.00    0.00    0.25    0.00    0.00    0.00   96.73
01:44:40     all    2.26    0.00    0.25    0.00    0.00    0.75    0.00    0.00    0.00   96.73
01:44:41     all    2.51    0.00    0.50    0.00    0.00    0.25    0.00    0.00    0.00   96.74
01:44:42     all    2.02    0.00    0.25    0.00    0.00    0.00    0.25    0.00    0.00   97.47
01:44:43     all    2.26    0.00    0.50    0.00    0.00    0.25    0.00    0.00    0.00   96.99
01:44:44     all    2.76    0.00    0.00    0.00    0.00    0.25    0.00    0.00    0.00   96.99
01:44:45     all    2.02    0.00    0.51    0.00    0.00    0.51    0.00    0.00    0.00   96.97
01:44:46     all    2.52    0.00    0.00    0.00    0.00    0.50    0.00    0.00    0.00   96.98
01:44:47     all    2.50    0.00    0.75    0.00    0.00    0.25    0.00    0.00    0.00   96.50
01:44:48     all    2.02    0.00    0.25    0.00    0.00    0.76    0.00    0.00    0.00   96.98
01:44:49     all    2.76    0.00    0.00    0.00    0.00    0.00    0.25    0.00    0.00   96.98
01:44:50     all    2.26    0.00    0.25    0.00    0.00    0.75    0.00    0.00    0.00   96.73
01:44:51     all    2.26    0.00    0.75    0.00    0.00    0.25    0.00    0.00    0.00   96.73
01:44:52     all    2.28    0.00    0.00    0.00    0.00    0.25    0.00    0.00    0.00   97.47
01:44:53     all    2.51    0.00    0.75    0.00    0.00    0.00    0.00    0.00    0.00   96.73
01:44:54     all    2.01    0.00    0.50    0.00    0.00    0.50    0.25    0.00    0.00   96.74
01:44:55     all    2.28    0.00    0.25    0.00    0.00    0.25    0.00    0.00    0.00   97.22
01:44:56     all    2.01    0.00    0.25    0.00    0.00    0.25    0.00    0.00    0.00   97.49
01:44:57     all    2.02    0.00    0.00    0.00    0.00    0.50    0.00    0.00    0.00   97.48
01:44:58     all    2.74    0.00    0.75    0.00    0.00    0.50    0.00    0.00    0.00   96.01
01:44:59     all    2.26    0.00    0.25    0.00    0.00    0.50    0.00    0.00    0.00   96.98
01:45:00     all    2.02    0.00    0.50    0.00    0.00    0.25    0.25    0.00    0.00   96.98
01:45:01     all    2.26    0.00    0.75    0.25    0.00    0.50    0.00    0.00    0.00   96.23
01:45:02     all    2.02    0.00    0.00    0.00    0.00    0.25    0.00    0.00    0.00   97.73
01:45:03     all    2.76    0.00    0.50    0.00    0.00    0.50    0.00    0.00    0.00   96.24
01:45:04     all    2.26    0.00    0.25    0.00    0.00    0.50    0.00    0.00    0.00   96.99
01:45:05     all    2.03    0.00    0.51    0.00    0.00    0.00    0.00    0.00    0.00   97.47
01:45:06     all    2.26    0.00    0.25    0.25    0.00    0.50    0.00    0.00    0.00   96.73
01:45:07     all    2.50    0.00    0.25    0.00    0.00    0.50    0.00    0.00    0.00   96.75
01:45:08     all    2.51    0.00    0.50    0.00    0.00    0.25    0.00    0.00    0.00   96.73
01:45:09     all    2.28    0.00    0.00    0.00    0.00    0.00    0.00    0.00    0.00   97.72
01:45:10     all    2.01    0.00    0.50    0.00    0.00    0.50    0.00    0.00    0.00   96.99
01:45:11     all    2.25    0.00    0.50    0.00    0.00    0.75    0.00    0.00    0.00   96.50
01:45:12     all    2.27    0.00    0.25    0.00    0.00    0.25    0.00    0.00    0.00   97.23
01:45:13     all    1.76    0.00    0.50    0.00    0.00    0.25    0.00    0.00    0.00   97.48
01:45:14     all    2.26    0.00    0.25    0.00    0.00    0.50    0.00    0.00    0.00   96.98
01:45:15     all    2.26    0.00    0.50    0.00    0.00    0.25    0.00    0.00    0.00   96.98
01:45:16     all    2.02    0.00    0.76    0.00    0.00    0.25    0.00    0.00    0.00   96.97
01:45:17     all    2.51    0.00    0.25    0.00    0.00    0.50    0.00    0.00    0.00   96.73
01:45:18     all    2.26    0.00    0.50    0.00    0.00    0.25    0.00    0.00    0.00   96.99
01:45:19     all    2.53    0.00    0.00    0.00    0.00    0.25    0.00    0.00    0.00   97.22
01:45:20     all    1.00    0.00    0.50    0.00    0.00    0.00    0.00    0.00    0.00   98.50
01:45:21     all    2.01    0.00    0.00    0.00    0.00    0.25    0.00    0.00    0.00   97.74
01:45:22     all    1.01    0.00    0.50    0.00    0.00    0.00    0.00    0.00    0.00   98.49
01:45:23     all    2.26    0.00    0.00    0.00    0.00    0.50    0.00    0.00    0.00   97.24
01:45:24     all    2.26    0.00    0.50    0.00    0.00    0.50    0.00    0.00    0.00   96.74
01:45:25     all    1.77    0.00    0.51    0.00    0.00    0.00    0.00    0.00    0.00   97.72
01:45:26     all    2.99    0.00    0.00    0.00    0.00    0.25    0.25    0.00    0.00   96.51
01:45:27     all    1.78    0.00    0.51    0.00    0.00    0.00    0.00    0.00    0.00   97.72
01:45:28     all    2.50    0.00    0.50    0.00    0.00    0.75    0.00    0.00    0.00   96.25
01:45:29     all    2.26    0.00    0.50    0.00    0.00    0.25    0.00    0.00    0.00   96.98
01:45:30     all    2.27    0.00    0.25    0.00    0.00    0.25    0.00    0.00    0.00   97.22
01:45:31     all    2.27    0.00    0.51    0.00    0.00    0.25    0.00    0.00    0.00   96.97
01:45:32     all    2.02    0.00    0.25    0.00    0.00    0.25    0.00    0.00    0.00   97.47
01:45:33     all    2.76    0.00    0.25    0.00    0.00    0.50    0.00    0.00    0.00   96.49
01:45:34     all    2.26    0.00    0.75    0.00    0.00    0.00    0.00    0.00    0.00   96.98
01:45:35     all    2.51    0.00    0.25    0.00    0.00    0.25    0.00    0.00    0.00   96.98
01:45:36     all    2.01    0.00    0.50    0.00    0.00    0.25    0.25    0.00    0.00   96.98
01:45:37     all    2.26    0.00    0.25    0.00    0.00    0.25    0.00    0.00    0.00   97.24
01:45:38     all    2.51    0.00    0.25    0.00    0.00    0.50    0.00    0.00    0.00   96.74
01:45:39     all    1.77    0.00    0.51    0.00    0.00    0.25    0.00    0.00    0.00   97.47
01:45:40     all    2.02    0.00    0.00    0.00    0.00    0.25    0.51    0.00    0.00   97.22
01:45:41     all    2.49    0.00    0.75    0.00    0.00    0.50    0.00    0.00    0.00   96.27
01:45:42     all    2.28    0.00    0.25    0.25    0.00    0.00    0.00    0.00    0.00   97.22
01:45:43     all    2.52    0.00    0.00    0.00    0.00    0.25    0.00    0.00    0.00   97.23
01:45:44     all    1.76    0.00    0.76    0.00    0.00    0.00    0.00    0.00    0.00   97.48
01:45:45     all    2.53    0.00    0.00    0.00    0.00    0.25    0.00    0.00    0.00   97.22
01:45:46     all    2.26    0.00    0.50    0.00    0.00    0.50    0.00    0.00    0.00   96.73
01:45:47     all    2.02    0.00    0.51    0.00    0.00    0.00    0.00    0.00    0.00   97.47
01:45:48     all    2.26    0.00    0.25    0.00    0.00    0.25    0.00    0.00    0.00   97.24
01:45:49     all    2.02    0.00    0.25    0.00    0.00    0.25    0.00    0.00    0.00   97.47
01:45:50     all    2.02    0.00    1.01    0.00    0.00    0.00    0.00    0.00    0.00   96.97
01:45:51     all    2.75    0.00    0.00    0.00    0.00    0.75    0.00    0.00    0.00   96.50
01:45:52     all    2.03    0.00    0.25    0.00    0.00    0.25    0.00    0.00    0.00   97.47
01:45:53     all    2.51    0.00    0.25    0.00    0.00    0.25    0.00    0.00    0.00   96.99
01:45:54     all    2.28    0.00    0.25    0.00    0.00    0.00    0.00    0.00    0.00   97.47
01:45:55     all    2.51    0.00    0.50    0.00    0.00    0.25    0.00    0.00    0.00   96.74
01:45:56     all    2.00    0.00    0.75    0.00    0.00    0.25    0.00    0.00    0.00   97.00
01:45:57     all    2.02    0.00    0.00    0.00    0.00    0.51    0.00    0.00    0.00   97.47
01:45:58     all    2.51    0.00    0.25    0.00    0.00    0.50    0.00    0.00    0.00   96.73
01:45:59     all    2.27    0.00    0.51    0.00    0.00    0.00    0.00    0.00    0.00   97.22
01:46:00     all    2.53    0.00    0.25    0.00    0.00    0.00    0.00    0.00    0.00   97.22
01:46:01     all    2.00    0.00    0.50    0.00    0.00    0.75    0.00    0.00    0.00   96.75
01:46:02     all    2.02    0.00    0.76    0.00    0.00    0.00    0.00    0.00    0.00   97.22
01:46:03     all    2.27    0.00    0.25    0.00    0.00    0.50    0.00    0.00    0.00   96.98
01:46:04     all    2.74    0.00    0.75    0.00    0.00    0.50    0.00    0.00    0.00   96.01
01:46:05     all    2.03    0.00    0.25    0.00    0.00    0.51    0.00    0.00    0.00   97.22
01:46:06     all    2.76    0.00    0.50    0.00    0.00    0.25    0.00    0.00    0.00   96.49
01:46:07     all    2.01    0.00    0.25    0.00    0.00    0.75    0.25    0.00    0.00   96.73
01:46:08     all    2.27    0.00    0.50    0.00    0.00    0.00    0.00    0.00    0.00   97.23
01:46:09     all    2.74    0.00    0.50    0.00    0.00    0.50    0.00    0.00    0.00   96.26
01:46:10     all    2.53    0.00    0.00    0.00    0.00    0.25    0.00    0.00    0.00   97.22
01:46:11     all    2.27    0.00    0.76    0.00    0.00    0.25    0.00    0.00    0.00   96.72
01:46:12     all    2.74    0.00    0.25    0.00    0.00    0.75    0.25    0.00    0.00   96.02
01:46:13     all    2.26    0.00    0.50    0.00    0.00    0.25    0.00    0.00    0.00   96.98
01:46:14     all    2.01    0.00    0.50    0.00    0.00    0.75    0.00    0.00    0.00   96.73
01:46:15     all    2.77    0.00    0.25    0.00    0.00    0.25    0.00    0.00    0.00   96.73
01:46:16     all    2.51    0.00    0.00    0.00    0.00    0.75    0.00    0.00    0.00   96.74
01:46:17     all    2.51    0.00    0.75    0.25    0.00    0.00    0.00    0.00    0.00   96.48
01:46:18     all    2.01    0.00    0.25    0.00    0.00    0.50    0.25    0.00    0.00   96.98
01:46:19     all    2.24    0.00    0.75    0.00    0.00    1.00    0.00    0.00    0.00   96.02
01:46:20     all    2.52    0.00    0.25    0.00    0.00    0.25    0.00    0.00    0.00   96.98
01:46:21     all    2.26    0.00    0.25    0.00    0.00    0.25    0.00    0.00    0.00   97.24
01:46:22     all    2.26    0.00    0.75    0.00    0.00    0.25    0.00    0.00    0.00   96.73
01:46:23     all    2.02    0.00    0.25    0.00    0.00    0.25    0.00    0.00    0.00   97.47
01:46:24     all    2.74    0.00    0.50    0.00    0.00    0.50    0.00    0.00    0.00   96.26
01:46:25     all    2.27    0.00    0.25    0.00    0.00    0.25    0.00    0.00    0.00   97.22
01:46:26     all    2.26    0.00    0.50    0.00    0.00    0.50    0.25    0.00    0.00   96.48
01:46:27     all    2.27    0.00    0.51    0.00    0.00    0.00    0.00    0.00    0.00   97.22
01:46:28     all    2.51    0.00    0.00    0.00    0.00    0.75    0.00    0.00    0.00   96.73
01:46:29     all    2.51    0.00    0.75    0.00    0.00    0.25    0.00    0.00    0.00   96.49
01:46:30     all    2.01    0.00    0.25    0.00    0.00    0.50    0.00    0.00    0.00   97.24
01:46:31     all    2.53    0.00    0.25    0.00    0.00    0.00    0.00    0.00    0.00   97.22
01:46:32     all    2.25    0.00    0.50    0.00    0.00    0.50    0.00    0.00    0.00   96.75
01:46:33     all    2.26    0.00    0.75    0.00    0.00    0.75    0.00    0.00    0.00   96.24
01:46:34     all    2.27    0.00    0.25    0.00    0.00    0.25    0.00    0.00    0.00   97.23
01:46:35     all    2.51    0.00    0.00    0.00    0.00    0.25    0.00    0.00    0.00   97.24
01:46:36     all    2.27    0.00    0.51    0.00    0.00    0.51    0.00    0.00    0.00   96.72
01:46:37     all    2.51    0.00    0.50    0.00    0.00    0.25    0.00    0.00    0.00   96.74
01:46:38     all    2.26    0.00    0.50    0.00    0.00    0.50    0.00    0.00    0.00   96.73
01:46:39     all    2.52    0.00    0.25    0.00    0.00    0.00    0.00    0.00    0.00   97.23
01:46:40     all    2.01    0.00    0.50    0.00    0.00    0.75    0.00    0.00    0.00   96.73
01:46:41     all    2.02    0.00    0.25    0.00    0.00    0.50    0.00    0.00    0.00   97.23
01:46:42     all    2.50    0.00    0.25    0.00    0.00    0.50    0.00    0.00    0.00   96.75
01:46:43     all    2.26    0.00    0.25    0.00    0.00    0.25    0.00    0.00    0.00   97.24
01:46:44     all    2.27    0.00    0.50    0.00    0.00    0.50    0.00    0.00    0.00   96.73
01:46:45     all    2.26    0.00    0.25    0.00    0.00    0.25    0.25    0.00    0.00   96.99
01:46:46     all    2.01    0.00    0.75    0.00    0.00    0.50    0.00    0.00    0.00   96.73
01:46:47     all    2.03    0.00    0.00    0.00    0.00    0.00    0.00    0.00    0.00   97.97
01:46:48     all    2.52    0.00    0.00    0.00    0.00    0.50    0.00    0.00    0.00   96.98
01:46:49     all    2.50    0.00    0.75    0.00    0.00    0.25    0.25    0.00    0.00   96.25
01:46:50     all    2.76    0.00    0.25    0.00    0.00    0.50    0.00    0.00    0.00   96.49
01:46:51     all    2.26    0.00    0.00    0.25    0.00    0.75    0.00    0.00    0.00   96.73
01:46:52     all    2.25    0.00    0.75    0.00    0.00    0.25    0.00    0.00    0.00   96.75
01:46:53     all    2.26    0.00    0.25    0.00    0.00    0.50    0.00    0.00    0.00   96.98
01:46:54     all    2.53    0.00    0.00    0.00    0.00    0.00    0.00    0.00    0.00   97.47
01:46:55     all    2.02    0.00    0.50    0.00    0.00    0.50    0.00    0.00    0.00   96.98
01:46:56     all    2.26    0.00    0.50    0.00    0.00    0.50    0.00    0.00    0.00   96.74
01:46:57     all    2.27    0.00    0.25    0.00    0.00    0.25    0.00    0.00    0.00   97.23
01:46:58     all    2.02    0.00    0.00    0.00    0.00    0.51    0.00    0.00    0.00   97.47
01:46:59     all    2.99    0.00    0.75    0.00    0.00    0.25    0.00    0.00    0.00   96.02
01:47:00     all    2.03    0.00    0.25    0.00    0.00    0.25    0.00    0.00    0.00   97.47
01:47:01     all    2.01    0.00    0.50    0.00    0.00    0.75    0.00    0.00    0.00   96.74
01:47:02     all    1.51    0.00    0.25    0.00    0.00    0.00    0.00    0.00    0.00   98.24
01:47:03     all    2.51    0.00    0.00    0.00    0.00    0.75    0.00    0.00    0.00   96.73
01:47:04     all    2.24    0.00    0.75    0.00    0.00    0.50    0.00    0.00    0.00   96.51
01:47:05     all    2.27    0.00    0.25    0.00    0.00    0.25    0.00    0.00    0.00   97.22
01:47:06     all    2.02    0.00    0.25    0.00    0.00    0.00    0.00    0.00    0.00   97.73
01:47:07     all    2.01    0.00    0.50    0.00    0.00    0.25    0.00    0.00    0.00   97.24
01:47:08     all    2.01    0.00    0.50    0.00    0.00    0.50    0.00    0.00    0.00   96.99
01:47:09     all    1.76    0.00    0.76    0.00    0.00    0.50    0.00    0.00    0.00   96.98
01:47:10     all    2.52    0.00    0.25    0.00    0.00    0.00    0.00    0.00    0.00   97.23
01:47:11     all    2.51    0.00    0.25    0.00    0.00    0.75    0.00    0.00    0.00   96.49
01:47:12     all    2.24    0.00    0.50    0.00    0.00    0.50    0.50    0.00    0.00   96.26
01:47:13     all    2.53    0.00    0.00    0.00    0.00    0.25    0.00    0.00    0.00   97.22
01:47:14     all    2.51    0.00    0.25    0.00    0.00    0.25    0.00    0.00    0.00   96.98
01:47:15     all    2.00    0.00    0.75    0.00    0.00    0.75    0.00    0.00    0.00   96.50
01:47:16     all    2.53    0.00    0.00    0.00    0.00    0.00    0.00    0.00    0.00   97.47
01:47:17     all    2.01    0.00    0.25    0.00    0.00    0.50    0.00    0.00    0.00   97.24
01:47:18     all    2.51    0.00    0.50    0.00    0.00    0.25    0.00    0.00    0.00   96.73
01:47:19     all    2.03    0.00    0.25    0.00    0.00    0.00    0.00    0.00    0.00   97.72
01:47:20     all    2.78    0.00    0.00    0.00    0.00    0.00    0.00    0.00    0.00   97.22
01:47:21     all    2.01    0.00    1.01    0.00    0.00    0.25    0.00    0.00    0.00   96.73
01:47:22     all    2.02    0.00    0.00    0.00    0.00    0.76    0.00    0.00    0.00   97.23
01:47:23     all    2.51    0.00    0.50    0.00    0.00    0.25    0.00    0.00    0.00   96.73
01:47:24     all    2.51    0.00    0.25    0.25    0.00    0.00    0.25    0.00    0.00   96.73
01:47:25     all    2.02    0.00    0.51    0.00    0.00    0.00    0.00    0.00    0.00   97.47
01:47:26     all    2.27    0.00    0.25    0.00    0.00    0.25    0.00    0.00    0.00   97.22
01:47:27     all    2.00    0.00    0.75    0.00    0.00    0.50    0.00    0.00    0.00   96.75
01:47:28     all    2.52    0.00    0.00    0.00    0.00    0.25    0.00    0.00    0.00   97.23
01:47:29     all    2.03    0.00    0.51    0.00    0.00    0.00    0.00    0.00    0.00   97.47
01:47:30     all    2.24    0.00    0.25    0.00    0.00    1.00    0.00    0.00    0.00   96.51
01:47:31     all    2.51    0.00    0.25    0.00    0.00    0.25    0.00    0.00    0.00   96.98
01:47:32     all    2.26    0.00    0.50    0.00    0.00    0.25    0.00    0.00    0.00   96.98
01:47:33     all    2.01    0.00    0.25    0.00    0.00    0.50    0.00    0.00    0.00   97.24
01:47:34     all    2.02    0.00    0.51    0.00    0.00    0.51    0.00    0.00    0.00   96.97
01:47:35     all    2.01    0.00    0.50    0.00    0.00    0.50    0.00    0.00    0.00   96.98
01:47:36     all    2.25    0.00    0.50    0.00    0.00    0.75    0.25    0.00    0.00   96.25
01:47:37     all    2.26    0.00    0.50    0.00    0.00    0.00    0.00    0.00    0.00   97.24
01:47:38     all    1.77    0.00    0.25    0.00    0.00    0.25    0.00    0.00    0.00   97.72
01:47:39     all    2.26    0.00    0.25    0.00    0.00    0.50    0.00    0.00    0.00   96.99
01:47:40     all    2.26    0.00    0.50    0.00    0.00    0.50    0.00    0.00    0.00   96.74
01:47:41     all    2.51    0.00    0.25    0.00    0.00    0.25    0.00    0.00    0.00   96.98
01:47:42     all    2.52    0.00    0.25    0.00    0.00    0.25    0.00    0.00    0.00   96.98
01:47:43     all    2.51    0.00    0.50    0.00    0.00    0.25    0.00    0.00    0.00   96.73
01:47:44     all    2.51    0.00    0.50    0.00    0.00    0.25    0.00    0.00    0.00   96.74
01:47:45     all    2.02    0.00    0.50    0.00    0.00    0.25    0.00    0.00    0.00   97.23
01:47:46     all    2.27    0.00    0.50    0.00    0.00    0.50    0.00    0.00    0.00   96.73
01:47:47     all    2.25    0.00    0.75    0.00    0.00    0.50    0.00    0.00    0.00   96.50
01:47:48     all    2.03    0.00    0.00    0.00    0.00    0.25    0.00    0.00    0.00   97.72
01:47:49     all    2.26    0.00    0.50    0.00    0.00    0.50    0.00    0.00    0.00   96.73
01:47:50     all    2.51    0.00    0.25    0.00    0.00    0.50    0.00    0.00    0.00   96.73
01:47:51     all    2.27    0.00    0.76    0.00    0.00    0.00    0.00    0.00    0.00   96.98
01:47:52     all    2.02    0.00    0.25    0.00    0.00    0.76    0.00    0.00    0.00   96.97
01:47:53     all    2.50    0.00    0.75    0.00    0.00    0.50    0.00    0.00    0.00   96.25
01:47:54     all    2.53    0.00    0.00    0.00    0.00    0.00    0.00    0.00    0.00   97.47
01:47:55     all    2.49    0.00    0.75    0.00    0.00    0.75    0.25    0.00    0.00   95.77
01:47:56     all    2.03    0.00    0.25    0.00    0.00    0.00    0.00    0.00    0.00   97.72
01:47:57     all    2.26    0.00    0.25    0.25    0.00    0.75    0.00    0.00    0.00   96.48
01:47:58     all    2.51    0.00    0.00    0.00    0.00    0.25    0.25    0.00    0.00   96.99
01:47:59     all    2.25    0.00    1.00    0.00    0.00    0.25    0.25    0.00    0.00   96.25
01:48:00     all    2.03    0.00    0.00    0.00    0.00    0.51    0.00    0.00    0.00   97.46
01:48:01     all    2.26    0.00    0.50    0.00    0.00    0.25    0.00    0.00    0.00   96.98
01:48:02     all    2.51    0.00    0.50    0.00    0.00    0.50    0.00    0.00    0.00   96.48
01:48:03     all    2.02    0.00    0.25    0.00    0.00    0.25    0.00    0.00    0.00   97.47
01:48:04     all    2.49    0.00    0.75    0.00    0.00    0.25    0.00    0.00    0.00   96.51
01:48:05     all    2.03    0.00    0.00    0.00    0.00    0.25    0.00    0.00    0.00   97.72
01:48:06     all    2.74    0.00    0.50    0.00    0.00    0.50    0.00    0.00    0.00   96.26
01:48:07     all    2.25    0.00    0.50    0.00    0.00    0.75    0.00    0.00    0.00   96.50
01:48:08     all    2.27    0.00    0.50    0.00    0.00    0.00    0.00    0.00    0.00   97.23
01:48:09     all    2.26    0.00    0.50    0.00    0.00    0.50    0.00    0.00    0.00   96.73
01:48:10     all    2.03    0.00    0.00    0.00    0.00    0.00    0.00    0.00    0.00   97.97
01:48:11     all    2.25    0.00    0.50    0.00    0.00    0.75    0.00    0.00    0.00   96.50
01:48:12     all    2.02    0.00    0.50    0.00    0.00    0.25    0.00    0.00    0.00   97.23
01:48:13     all    2.01    0.00    0.50    0.00    0.00    0.50    0.00    0.00    0.00   96.98
01:48:14     all    2.76    0.00    0.25    0.00    0.00    0.50    0.25    0.00    0.00   96.24
01:48:15     all    2.26    0.00    0.75    0.00    0.00    0.00    0.00    0.00    0.00   96.98
01:48:16     all    3.01    0.00    0.00    0.00    0.00    0.50    0.00    0.00    0.00   96.49
01:48:17     all    1.78    0.00    0.25    0.00    0.00    0.25    0.00    0.00    0.00   97.72
01:48:18     all    2.76    0.00    0.50    0.00    0.00    0.25    0.00    0.00    0.00   96.49
01:48:19     all    2.27    0.00    0.50    0.00    0.00    0.50    0.00    0.00    0.00   96.73
01:48:20     all    1.50    0.00    0.25    0.00    0.00    0.50    0.00    0.00    0.00   97.75
01:48:21     all    1.26    0.00    0.25    0.00    0.00    0.00    0.00    0.00    0.00   98.49
01:48:22     all    1.75    0.00    0.50    0.00    0.00    0.25    0.00    0.00    0.00   97.50
01:48:23     all    2.02    0.00    0.00    0.00    0.00    0.25    0.00    0.00    0.00   97.73
01:48:24     all    1.99    0.00    0.75    0.00    0.00    0.50    0.00    0.00    0.00   96.77
01:48:25     all    2.03    0.00    0.25    0.00    0.00    0.25    0.00    0.00    0.00   97.47
01:48:26     all    2.27    0.00    0.00    0.00    0.00    0.00    0.00    0.00    0.00   97.73
01:48:27     all    2.01    0.00    0.50    0.00    0.00    0.75    0.00    0.00    0.00   96.73
01:48:28     all    2.27    0.00    0.25    0.00    0.00    0.25    0.00    0.00    0.00   97.23
01:48:29     all    2.26    0.00    0.50    0.00    0.00    0.50    0.00    0.00    0.00   96.73
01:48:30     all    2.51    0.00    0.50    0.00    0.00    0.25    0.00    0.00    0.00   96.74
01:48:31     all    2.27    0.00    0.00    0.00    0.00    0.25    0.25    0.00    0.00   97.22
01:48:32     all    2.02    0.00    0.51    0.00    0.00    0.25    0.00    0.00    0.00   97.22
01:48:33     all    2.01    0.00    0.50    0.00    0.00    0.50    0.25    0.00    0.00   96.74
01:48:34     all    2.52    0.00    0.25    0.00    0.00    0.25    0.00    0.00    0.00   96.98
01:48:35     all    2.28    0.00    0.25    0.00    0.00    0.00    0.00    0.00    0.00   97.47
01:48:36     all    2.24    0.00    0.50    0.00    0.00    0.75    0.00    0.00    0.00   96.51
01:48:37     all    2.27    0.00    0.25    0.00    0.00    0.25    0.00    0.00    0.00   97.23
01:48:38     all    2.01    0.00    0.50    0.00    0.00    0.25    0.00    0.00    0.00   97.24
01:48:39     all    2.02    0.00    0.50    0.00    0.00    0.50    0.00    0.00    0.00   96.98
01:48:40     all    2.25    0.00    0.75    0.25    0.00    0.25    0.00    0.00    0.00   96.50
01:48:41     all    2.02    0.00    0.25    0.00    0.00    0.51    0.00    0.00    0.00   97.22
01:48:42     all    2.75    0.00    0.50    0.00    0.00    0.25    0.00    0.00    0.00   96.50
01:48:43     all    2.27    0.00    0.00    0.00    0.00    0.76    0.00    0.00    0.00   96.98
01:48:44     all    2.51    0.00    0.75    0.00    0.00    0.00    0.25    0.00    0.00   96.49
01:48:45     all    2.27    0.00    0.50    0.00    0.00    0.50    0.00    0.00    0.00   96.73
01:48:46     all    2.53    0.00    0.25    0.00    0.00    0.00    0.00    0.00    0.00   97.22
01:48:47     all    2.51    0.00    0.25    0.00    0.00    0.25    0.00    0.00    0.00   96.98
01:48:48     all    2.01    0.00    0.00    0.00    0.00    0.50    0.00    0.00    0.00   97.49
01:48:49     all    1.76    0.00    0.75    0.00    0.00    0.50    0.00    0.00    0.00   96.98
01:48:50     all    2.77    0.00    0.25    0.00    0.00    0.50    0.00    0.00    0.00   96.47
01:48:51     all    2.53    0.00    0.25    0.00    0.00    0.25    0.00    0.00    0.00   96.97
01:48:52     all    2.26    0.00    0.25    0.00    0.00    0.50    0.25    0.00    0.00   96.73
01:48:53     all    2.24    0.00    0.75    0.00    0.00    0.25    0.00    0.00    0.00   96.76
01:48:54     all    2.27    0.00    0.25    0.00    0.00    0.25    0.00    0.00    0.00   97.23
01:48:55     all    2.01    0.00    0.50    0.00    0.00    0.50    0.00    0.00    0.00   96.98
01:48:56     all    2.29    0.00    0.25    0.00    0.00    0.00    0.00    0.00    0.00   97.46
01:48:57     all    2.51    0.00    0.75    0.00    0.00    0.25    0.00    0.00    0.00   96.49
01:48:58     all    2.27    0.00    0.25    0.00    0.00    0.51    0.00    0.00    0.00   96.97
01:48:59     all    2.26    0.00    0.50    0.00    0.00    0.25    0.00    0.00    0.00   96.98
01:49:00     all    2.52    0.00    0.25    0.00    0.00    0.25    0.00    0.00    0.00   96.98
01:49:01     all    2.02    0.00    0.50    0.00    0.00    0.25    0.00    0.00    0.00   97.23
01:49:02     all    2.27    0.00    0.25    0.00    0.00    0.25    0.00    0.00    0.00   97.22
01:49:03     all    2.74    0.00    0.75    0.00    0.00    0.50    0.00    0.00    0.00   96.01
01:49:04     all    2.03    0.00    0.00    0.00    0.00    0.00    0.00    0.00    0.00   97.97
01:49:05     all    2.24    0.00    0.25    0.00    0.00    0.75    0.25    0.00    0.00   96.51
01:49:06     all    1.51    0.00    0.76    0.00    0.00    0.25    0.00    0.00    0.00   97.48
01:49:07     all    2.50    0.00    0.25    0.00    0.00    0.50    0.00    0.00    0.00   96.75
01:49:08     all    2.27    0.00    0.25    0.00    0.00    0.25    0.00    0.00    0.00   97.22
01:49:09     all    2.01    0.00    1.01    0.00    0.00    0.50    0.00    0.00    0.00   96.48
01:49:10     all    2.27    0.00    0.00    0.00    0.00    0.50    0.00    0.00    0.00   97.23
01:49:11     all    2.26    0.00    0.50    0.00    0.00    0.50    0.00    0.00    0.00   96.73
01:49:12     all    2.26    0.00    0.50    0.00    0.00    0.50    0.00    0.00    0.00   96.73
01:49:13     all    2.75    0.00    0.25    0.00    0.00    0.25    0.00    0.00    0.00   96.75
01:49:14     all    2.02    0.00    0.51    0.00    0.00    0.25    0.00    0.00    0.00   97.22
01:49:15     all    2.52    0.00    0.25    0.00    0.00    0.50    0.00    0.00    0.00   96.73
01:49:16     all    2.51    0.00    0.50    0.00    0.00    0.25    0.00    0.00    0.00   96.74
01:49:17     all    2.26    0.00    0.25    0.00    0.00    0.50    0.00    0.00    0.00   96.98
01:49:18     all    2.03    0.00    0.51    0.00    0.00    0.25    0.00    0.00    0.00   97.22
01:49:19     all    2.76    0.00    0.25    0.00    0.00    0.50    0.00    0.00    0.00   96.48
01:49:20     all    2.03    0.00    0.51    0.00    0.00    0.00    0.00    0.00    0.00   97.47
01:49:21     all    2.51    0.00    0.25    0.25    0.00    0.25    0.00    0.00    0.00   96.73
01:49:22     all    2.49    0.00    0.50    0.00    0.00    0.75    0.25    0.00    0.00   96.02
01:49:23     all    2.28    0.00    0.00    0.00    0.00    0.25    0.00    0.00    0.00   97.46
01:49:24     all    2.01    0.00    0.75    0.00    0.00    0.25    0.00    0.00    0.00   96.98
01:49:25     all    2.27    0.00    0.00    0.00    0.00    0.00    0.25    0.00    0.00   97.47
01:49:26     all    2.01    0.00    0.75    0.00    0.00    0.50    0.00    0.00    0.00   96.73
01:49:27     all    2.51    0.00    0.25    0.00    0.00    0.25    0.00    0.00    0.00   96.99
01:49:28     all    2.50    0.00    0.75    0.00    0.00    0.25    0.00    0.00    0.00   96.50
01:49:29     all    2.27    0.00    0.00    0.00    0.00    0.25    0.00    0.00    0.00   97.47
01:49:30     all    2.28    0.00    0.00    0.00    0.00    0.25    0.00    0.00    0.00   97.47
01:49:31     all    2.26    0.00    0.75    0.00    0.00    0.50    0.00    0.00    0.00   96.49
01:49:32     all    2.26    0.00    0.25    0.00    0.00    0.75    0.00    0.00    0.00   96.74
01:49:33     all    2.03    0.00    0.51    0.00    0.00    0.00    0.00    0.00    0.00   97.47
01:49:34     all    2.51    0.00    0.25    0.00    0.00    0.50    0.00    0.00    0.00   96.74
01:49:35     all    2.02    0.00    0.50    0.00    0.00    0.50    0.00    0.00    0.00   96.98
01:49:36     all    2.02    0.00    0.25    0.00    0.00    0.25    0.25    0.00    0.00   97.23
01:49:37     all    2.49    0.00    0.75    0.00    0.00    0.25    0.00    0.00    0.00   96.51
01:49:38     all    2.28    0.00    0.25    0.00    0.00    0.25    0.00    0.00    0.00   97.22
01:49:39     all    2.26    0.00    0.25    0.00    0.00    0.25    0.00    0.00    0.00   97.24
01:49:40     all    2.26    0.00    0.75    0.00    0.00    0.25    0.00    0.00    0.00   96.74
01:49:41     all    2.02    0.00    0.51    0.00    0.00    0.00    0.00    0.00    0.00   97.47
01:49:42     all    2.27    0.00    0.00    0.00    0.00    0.50    0.00    0.00    0.00   97.23
01:49:43     all    2.26    0.00    1.00    0.00    0.00    0.25    0.00    0.00    0.00   96.49
01:49:44     all    2.26    0.00    0.00    0.00    0.00    0.25    0.25    0.00    0.00   97.24
01:49:45     all    2.27    0.00    0.00    0.00    0.00    0.51    0.00    0.00    0.00   97.22
01:49:46     all    2.26    0.00    0.75    0.00    0.00    0.00    0.00    0.00    0.00   96.98
01:49:47     all    2.51    0.00    0.25    0.00    0.00    0.00    0.00    0.00    0.00   97.24
01:49:48     all    2.03    0.00    0.00    0.00    0.00    0.25    0.00    0.00    0.00   97.72
01:49:49     all    2.26    0.00    0.25    0.00    0.00    0.50    0.00    0.00    0.00   96.98
01:49:50     all    2.26    0.00    0.75    0.00    0.00    0.25    0.00    0.00    0.00   96.73
01:49:51     all    2.53    0.00    0.51    0.00    0.00    0.00    0.00    0.00    0.00   96.97
01:49:52     all    1.77    0.00    0.00    0.00    0.00    0.51    0.00    0.00    0.00   97.72
01:49:53     all    2.49    0.00    0.75    0.00    0.00    0.50    0.00    0.00    0.00   96.27
01:49:54     all    2.26    0.00    0.00    0.00    0.00    0.25    0.00    0.00    0.00   97.49
01:49:55     all    2.27    0.00    0.50    0.00    0.00    0.00    0.00    0.00    0.00   97.23
01:49:56     all    2.26    0.00    0.00    0.00    0.00    0.50    0.00    0.00    0.00   97.24
01:49:57     all    2.27    0.00    0.25    0.00    0.00    0.76    0.00    0.00    0.00   96.73
01:49:58     all    2.50    0.00    0.75    0.00    0.00    0.25    0.00    0.00    0.00   96.50
01:49:59     all    2.01    0.00    0.25    0.25    0.00    0.25    0.00    0.00    0.00   97.24
01:50:00     all    2.02    0.00    0.50    0.00    0.00    0.50    0.00    0.00    0.00   96.98
01:50:01     all    2.01    0.00    0.25    0.00    0.00    0.50    0.00    0.00    0.00   97.24
01:50:02     all    2.27    0.00    0.25    0.00    0.00    0.25    0.00    0.00    0.00   97.23
01:50:03     all    2.01    0.00    0.50    0.00    0.00    0.00    0.00    0.00    0.00   97.49
01:50:04     all    2.26    0.00    0.25    0.00    0.00    0.50    0.00    0.00    0.00   96.99
01:50:05     all    2.28    0.00    0.00    0.00    0.00    0.00    0.00    0.00    0.00   97.72
01:50:06     all    2.50    0.00    0.25    0.00    0.00    0.25    0.00    0.00    0.00   97.00
01:50:07     all    1.52    0.00    0.25    0.00    0.00    0.25    0.00    0.00    0.00   97.97
01:50:08     all    2.01    0.00    0.50    0.00    0.00    0.50    0.00    0.00    0.00   96.99
01:50:09     all    2.77    0.00    0.00    0.00    0.00    0.00    0.00    0.00    0.00   97.23
01:50:10     all    2.01    0.00    0.50    0.00    0.00    0.75    0.00    0.00    0.00   96.73
01:50:11     all    2.49    0.00    0.50    0.00    0.00    0.50    0.25    0.00    0.00   96.26
01:50:12     all    2.27    0.00    0.25    0.00    0.00    0.25    0.00    0.00    0.00   97.23
01:50:13     all    2.27    0.00    0.25    0.00    0.00    0.00    0.00    0.00    0.00   97.47
01:50:14     all    2.27    0.00    0.76    0.00    0.00    0.25    0.00    0.00    0.00   96.73
01:50:15     all    1.78    0.00    0.00    0.00    0.00    0.00    0.00    0.00    0.00   98.22
01:50:16     all    2.26    0.00    0.50    0.00    0.00    0.50    0.00    0.00    0.00   96.73
01:50:17     all    2.26    0.00    0.00    0.00    0.00    0.50    0.00    0.00    0.00   97.24
01:50:18     all    2.26    0.00    0.50    0.00    0.00    0.25    0.00    0.00    0.00   96.99
01:50:19     all    2.03    0.00    0.25    0.00    0.00    0.25    0.00    0.00    0.00   97.47
01:50:20     all    2.27    0.00    0.50    0.00    0.00    0.00    0.00    0.00    0.00   97.23
01:50:21     all    2.74    0.00    0.25    0.00    0.00    0.75    0.00    0.00    0.00   96.27
01:50:22     all    2.28    0.00    0.51    0.00    0.00    0.00    0.00    0.00    0.00   97.22
01:50:23     all    2.50    0.00    0.25    0.00    0.00    0.25    0.25    0.00    0.00   96.75
01:50:24     all    2.26    0.00    0.50    0.00    0.00    1.01    0.00    0.00    0.00   96.23
01:50:25     all    2.26    0.00    0.75    0.00    0.00    0.25    0.00    0.00    0.00   96.73
01:50:26     all    2.51    0.00    0.50    0.00    0.00    0.25    0.00    0.00    0.00   96.74
01:50:27     all    2.01    0.00    0.50    0.00    0.00    0.25    0.25    0.00    0.00   96.98
01:50:28     all    2.01    0.00    0.50    0.00    0.00    0.50    0.00    0.00    0.00   96.98
01:50:29     all    2.26    0.00    0.25    0.25    0.00    0.50    0.00    0.00    0.00   96.74
01:50:30     all    2.53    0.00    0.25    0.00    0.00    0.25    0.00    0.00    0.00   96.97
01:50:31     all    2.01    0.00    0.50    0.00    0.00    0.25    0.00    0.00    0.00   97.24
01:50:32     all    2.26    0.00    0.75    0.00    0.00    0.25    0.25    0.00    0.00   96.49
01:50:33     all    2.28    0.00    0.00    0.00    0.00    0.25    0.00    0.00    0.00   97.47
01:50:34     all    2.49    0.00    0.50    0.00    0.00    0.50    0.00    0.00    0.00   96.51
01:50:35     all    1.78    0.00    0.25    0.00    0.00    0.25    0.00    0.00    0.00   97.72
01:50:36     all    2.26    0.00    0.50    0.00    0.00    0.00    0.00    0.00    0.00   97.24
01:50:37     all    2.50    0.00    0.50    0.25    0.00    0.75    0.00    0.00    0.00   96.00
01:50:38     all    2.49    0.00    0.25    0.00    0.00    0.75    0.00    0.00    0.00   96.51
01:50:39     all    2.51    0.00    0.50    0.00    0.00    0.25    0.00    0.00    0.00   96.73
01:50:40     all    1.76    0.00    0.50    0.00    0.00    0.75    0.00    0.00    0.00   96.98
01:50:41     all    2.76    0.00    0.00    0.00    0.00    0.50    0.00    0.00    0.00   96.73
01:50:42     all    2.49    0.00    0.75    0.00    0.00    0.75    0.00    0.00    0.00   96.01
01:50:43     all    2.27    0.00    0.00    0.00    0.00    0.25    0.00    0.00    0.00   97.47
01:50:44     all    2.27    0.00    0.51    0.00    0.00    0.25    0.00    0.00    0.00   96.97
01:50:45     all    2.01    0.00    0.50    0.00    0.00    0.50    0.00    0.00    0.00   96.98
01:50:46     all    2.53    0.00    0.00    0.00    0.00    0.25    0.00    0.00    0.00   97.22
01:50:47     all    2.51    0.00    0.50    0.00    0.00    0.25    0.00    0.00    0.00   96.74
01:50:48     all    2.27    0.00    0.50    0.00    0.00    0.25    0.00    0.00    0.00   96.98
01:50:49     all    2.51    0.00    0.50    0.00    0.00    0.50    0.00    0.00    0.00   96.48
01:50:50     all    2.27    0.00    0.25    0.00    0.00    0.50    0.00    0.00    0.00   96.98
01:50:51     all    2.51    0.00    0.25    0.00    0.00    0.50    0.00    0.00    0.00   96.73
01:50:52     all    2.51    0.00    0.50    0.00    0.00    0.25    0.00    0.00    0.00   96.73
01:50:53     all    2.26    0.00    0.50    0.00    0.00    0.25    0.00    0.00    0.00   96.98
01:50:54     all    2.04    0.00    0.26    0.00    0.00    0.00    0.00    0.00    0.00   97.70
01:50:55     all    2.51    0.00    0.50    0.00    0.00    0.25    0.00    0.00    0.00   96.73
01:50:56     all    2.51    0.00    0.50    0.00    0.00    0.00    0.00    0.00    0.00   96.98
01:50:57     all    2.01    0.00    0.50    0.00    0.00    0.75    0.00    0.00    0.00   96.73
01:50:58     all    2.53    0.00    0.25    0.00    0.00    0.00    0.00    0.00    0.00   97.22
01:50:59     all    2.51    0.00    0.25    0.00    0.00    0.75    0.00    0.00    0.00   96.49
01:51:00     all    2.51    0.00    0.25    0.00    0.00    0.25    0.25    0.00    0.00   96.74
01:51:01     all    2.01    0.00    0.75    0.00    0.00    1.01    0.00    0.00    0.00   96.23
01:51:02     all    2.27    0.00    0.00    0.00    0.00    0.00    0.00    0.00    0.00   97.73
01:51:03     all    2.51    0.00    0.25    0.00    0.00    0.75    0.00    0.00    0.00   96.49
01:51:04     all    2.50    0.00    0.50    0.00    0.00    0.25    0.25    0.00    0.00   96.50
01:51:05     all    2.49    0.00    0.75    0.00    0.00    0.50    0.00    0.00    0.00   96.26
01:51:06     all    2.28    0.00    0.00    0.00    0.00    0.51    0.00    0.00    0.00   97.22
01:51:07     all    2.51    0.00    0.00    0.00    0.00    0.25    0.25    0.00    0.00   96.99
01:51:08     all    2.25    0.00    1.00    0.00    0.00    0.50    0.00    0.00    0.00   96.25
01:51:09     all    2.27    0.00    0.00    0.00    0.00    0.50    0.00    0.00    0.00   97.23
01:51:10     all    2.75    0.00    0.50    0.00    0.00    0.25    0.00    0.00    0.00   96.50
01:51:11     all    2.53    0.00    0.25    0.00    0.00    0.25    0.00    0.00    0.00   96.96
01:51:12     all    2.01    0.00    0.75    0.00    0.00    0.25    0.00    0.00    0.00   96.99
01:51:13     all    2.75    0.00    0.00    0.00    0.00    0.50    0.25    0.00    0.00   96.50
01:51:14     all    2.02    0.00    0.76    0.00    0.00    0.00    0.00    0.00    0.00   97.23
01:51:15     all    1.76    0.00    0.25    0.00    0.00    1.01    0.00    0.00    0.00   96.98
01:51:16     all    2.76    0.00    0.25    0.00    0.00    0.25    0.00    0.00    0.00   96.73
01:51:17     all    1.76    0.00    0.50    0.25    0.00    0.00    0.00    0.00    0.00   97.48
01:51:18     all    2.26    0.00    0.50    0.00    0.00    0.25    0.00    0.00    0.00   96.98
01:51:19     all    2.51    0.00    0.00    0.00    0.00    0.75    0.00    0.00    0.00   96.73
01:51:20     all    1.76    0.00    0.50    0.00    0.00    0.25    0.00    0.00    0.00   97.49
01:51:21     all    1.50    0.00    0.00    0.00    0.00    0.50    0.00    0.00    0.00   98.00
01:51:22     all    1.76    0.00    0.75    0.00    0.00    0.00    0.00    0.00    0.00   97.49
01:51:23     all    1.75    0.00    0.25    0.00    0.00    0.25    0.00    0.00    0.00   97.75
01:51:24     all    1.77    0.00    0.00    0.00    0.00    0.25    0.00    0.00    0.00   97.98
01:51:25     all    1.76    0.00    0.25    0.00    0.00    0.50    0.00    0.00    0.00   97.49
01:51:26     all    2.02    0.00    0.51    0.00    0.00    0.00    0.00    0.00    0.00   97.47
01:51:27     all    2.51    0.00    0.50    0.00    0.00    0.50    0.00    0.00    0.00   96.48
01:51:28     all    2.27    0.00    0.51    0.00    0.00    0.00    0.00    0.00    0.00   97.22
01:51:29     all    2.50    0.00    0.25    0.00    0.00    0.50    0.00    0.00    0.00   96.75
01:51:30     all    2.26    0.00    0.50    0.00    0.00    0.25    0.00    0.00    0.00   96.98
01:51:31     all    2.02    0.00    0.25    0.00    0.00    0.51    0.00    0.00    0.00   97.22
01:51:32     all    2.51    0.00    0.25    0.00    0.00    0.25    0.00    0.00    0.00   96.98
01:51:33     all    2.26    0.00    0.50    0.00    0.00    0.25    0.00    0.00    0.00   96.99
01:51:34     all    2.28    0.00    0.00    0.00    0.00    0.25    0.00    0.00    0.00   97.47
01:51:35     all    2.26    0.00    0.50    0.00    0.00    0.50    0.00    0.00    0.00   96.73
01:51:36     all    2.50    0.00    0.50    0.00    0.00    0.25    0.00    0.00    0.00   96.75
01:51:37     all    2.02    0.00    0.25    0.00    0.00    0.51    0.00    0.00    0.00   97.22
01:51:38     all    2.01    0.00    0.00    0.00    0.00    0.25    0.00    0.00    0.00   97.74
01:51:39     all    2.24    0.00    1.00    0.00    0.00    0.50    0.00    0.00    0.00   96.26
01:51:40     all    2.28    0.00    0.00    0.00    0.00    0.00    0.00    0.00    0.00   97.72
01:51:41     all    2.27    0.00    0.50    0.00    0.00    0.00    0.00    0.00    0.00   97.23
01:51:42     all    2.73    0.00    0.25    0.00    0.00    0.99    0.00    0.00    0.00   96.03
01:51:43     all    2.02    0.00    0.25    0.00    0.00    0.00    0.00    0.00    0.00   97.73
01:51:44     all    2.27    0.00    0.00    0.00    0.00    0.25    0.00    0.00    0.00   97.47
01:51:45     all    1.76    0.00    0.76    0.00    0.00    0.25    0.00    0.00    0.00   97.23
01:51:46     all    2.02    0.00    0.25    0.00    0.00    0.25    0.00    0.00    0.00   97.47
01:51:47     all    2.50    0.00    0.25    0.00    0.00    0.25    0.00    0.00    0.00   97.00
01:51:48     all    1.76    0.00    0.25    0.00    0.00    0.25    0.00    0.00    0.00   97.73
01:51:49     all    2.01    0.00    0.25    0.00    0.00    0.50    0.00    0.00    0.00   97.24
01:51:50     all    2.26    0.00    0.75    0.00    0.00    0.00    0.00    0.00    0.00   96.98
01:51:51     all    2.26    0.00    0.00    0.00    0.00    0.50    0.25    0.00    0.00   96.98
01:51:52     all    2.01    0.00    0.50    0.00    0.00    0.25    0.00    0.00    0.00   97.24
01:51:53     all    1.76    0.00    0.25    0.00    0.00    0.00    0.00    0.00    0.00   97.98
01:51:54     all    2.01    0.00    0.25    0.00    0.00    0.50    0.00    0.00    0.00   97.24
01:51:55     all    1.52    0.00    0.25    0.00    0.00    0.25    0.00    0.00    0.00   97.98
01:51:56     all    1.75    0.00    0.75    0.25    0.00    0.00    0.00    0.00    0.00   97.24
01:51:57     all    1.26    0.00    0.25    0.00    0.00    0.50    0.00    0.00    0.00   97.98
01:51:58     all    2.01    0.00    0.25    0.00    0.00    0.00    0.00    0.00    0.00   97.74
01:51:59     all    1.75    0.00    0.25    0.00    0.00    0.50    0.25    0.00    0.00   97.26
01:52:00     all    0.75    0.00    0.25    0.00    0.00    0.25    0.00    0.00    0.00   98.75
01:52:01     all    1.26    0.00    0.25    0.00    0.00    0.00    0.00    0.00    0.00   98.49
01:52:02     all    2.27    0.00    0.00    0.00    0.00    0.25    0.00    0.00    0.00   97.48
01:52:03     all    2.27    0.00    0.51    0.00    0.00    0.00    0.00    0.00    0.00   97.22
01:52:04     all    2.50    0.00    0.25    0.00    0.00    0.50    0.00    0.00    0.00   96.75
01:52:05     all    2.02    0.00    0.50    0.00    0.00    0.25    0.00    0.00    0.00   97.23
01:52:06     all    2.26    0.00    0.25    0.00    0.00    0.25    0.00    0.00    0.00   97.24
01:52:07     all    2.03    0.00    0.25    0.00    0.00    0.00    0.00    0.00    0.00   97.72
01:52:08     all    2.27    0.00    0.50    0.00    0.00    0.00    0.00    0.00    0.00   97.23
01:52:09     all    2.26    0.00    0.00    0.00    0.00    0.50    0.00    0.00    0.00   97.24
01:52:10     all    2.75    0.00    0.25    0.00    0.00    0.50    0.00    0.00    0.00   96.50
01:52:11     all    2.27    0.00    0.25    0.00    0.00    0.25    0.00    0.00    0.00   97.22
01:52:12     all    2.50    0.00    0.50    0.00    0.00    0.25    0.00    0.00    0.00   96.75
01:52:13     all    2.76    0.00    0.50    0.00    0.00    0.25    0.25    0.00    0.00   96.23
01:52:14     all    2.02    0.00    0.25    0.00    0.00    0.00    0.00    0.00    0.00   97.73
01:52:15     all    2.77    0.00    0.25    0.00    0.00    0.25    0.00    0.00    0.00   96.73
01:52:16     all    2.50    0.00    0.50    0.00    0.00    0.25    0.25    0.00    0.00   96.50
01:52:17     all    2.26    0.00    0.50    0.00    0.00    0.25    0.00    0.00    0.00   96.98
01:52:18     all    2.28    0.00    0.00    0.00    0.00    0.00    0.00    0.00    0.00   97.72
01:52:19     all    2.51    0.00    0.00    0.00    0.00    0.50    0.00    0.00    0.00   96.98
01:52:20     all    2.49    0.00    0.75    0.00    0.00    0.25    0.00    0.00    0.00   96.51
01:52:21     all    2.27    0.00    0.25    0.00    0.00    0.50    0.00    0.00    0.00   96.98
01:52:22     all    3.02    0.00    0.25    0.00    0.00    0.00    0.00    0.00    0.00   96.73
01:52:23     all    2.50    0.00    0.50    0.00    0.00    0.25    0.00    0.00    0.00   96.75
01:52:24     all    2.53    0.00    0.25    0.00    0.00    0.00    0.00    0.00    0.00   97.22
01:52:25     all    2.02    0.00    0.25    0.00    0.00    0.51    0.00    0.00    0.00   97.22
01:52:26     all    2.51    0.00    0.50    0.00    0.00    0.00    0.00    0.00    0.00   96.99
01:52:27     all    2.52    0.00    0.00    0.25    0.00    0.25    0.00    0.00    0.00   96.98
01:52:28     all    2.51    0.00    0.25    0.00    0.00    0.25    0.00    0.00    0.00   96.99
01:52:29     all    2.53    0.00    0.00    0.00    0.00    0.00    0.00    0.00    0.00   97.47
01:52:30     all    2.26    0.00    0.50    0.00    0.00    0.75    0.00    0.00    0.00   96.48
01:52:31     all    2.76    0.00    0.50    0.00    0.00    0.00    0.00    0.00    0.00   96.73
01:52:32     all    2.49    0.00    0.25    0.25    0.00    0.75    0.00    0.00    0.00   96.26
01:52:33     all    2.03    0.00    0.25    0.00    0.00    0.00    0.00    0.00    0.00   97.72
01:52:34     all    2.51    0.00    0.25    0.00    0.00    0.25    0.00    0.00    0.00   96.98
01:52:35     all    2.51    0.00    0.50    0.00    0.00    0.25    0.00    0.00    0.00   96.73
01:52:36     all    2.52    0.00    0.25    0.00    0.00    0.00    0.00    0.00    0.00   97.23
01:52:37     all    2.02    0.00    0.76    0.00    0.00    0.50    0.00    0.00    0.00   96.73
01:52:38     all    2.52    0.00    0.25    0.00    0.00    0.00    0.00    0.00    0.00   97.23
01:52:39     all    2.76    0.00    0.00    0.00    0.00    0.50    0.00    0.00    0.00   96.73
01:52:40     all    2.26    0.00    0.75    0.00    0.00    0.00    0.00    0.00    0.00   96.98
01:52:41     all    2.50    0.00    0.25    0.00    0.00    0.50    0.00    0.00    0.00   96.75
01:52:42     all    2.27    0.00    0.25    0.00    0.00    0.25    0.00    0.00    0.00   97.23
01:52:43     all    2.02    0.00    0.25    0.00    0.00    0.00    0.00    0.00    0.00   97.73
01:52:44     all    3.01    0.00    0.25    0.00    0.00    0.25    0.00    0.00    0.00   96.49
01:52:45     all    1.77    0.00    0.25    0.00    0.00    0.51    0.00    0.00    0.00   97.47
01:52:46     all    2.27    0.00    0.00    0.00    0.00    0.25    0.00    0.00    0.00   97.48
01:52:47     all    2.76    0.00    0.50    0.00    0.00    0.00    0.00    0.00    0.00   96.74
01:52:48     all    2.51    0.00    0.50    0.00    0.00    0.00    0.00    0.00    0.00   96.98
01:52:49     all    2.51    0.00    0.25    0.00    0.00    0.75    0.00    0.00    0.00   96.48
01:52:50     all    2.51    0.00    0.00    0.00    0.00    0.00    0.00    0.00    0.00   97.49
01:52:51     all    2.02    0.00    0.76    0.00    0.00    0.00    0.00    0.00    0.00   97.22
01:52:52     all    2.52    0.00    0.25    0.00    0.00    0.25    0.00    0.00    0.00   96.98
01:52:53     all    2.49    0.00    0.50    0.00    0.00    0.75    0.00    0.00    0.00   96.27
01:52:54     all    2.28    0.00    0.00    0.00    0.00    0.00    0.00    0.00    0.00   97.72
01:52:55     all    2.25    0.00    0.25    0.00    0.00    0.25    0.25    0.00    0.00   97.00
01:52:56     all    2.26    0.00    0.75    0.00    0.00    0.25    0.00    0.00    0.00   96.73
01:52:57     all    2.53    0.00    0.00    0.00    0.00    0.00    0.00    0.00    0.00   97.47
01:52:58     all    2.73    0.00    0.50    0.00    0.00    0.50    0.25    0.00    0.00   96.03
01:52:59     all    2.28    0.00    0.25    0.00    0.00    0.00    0.00    0.00    0.00   97.47
01:53:00     all    2.51    0.00    0.25    0.00    0.00    0.25    0.00    0.00    0.00   96.98
01:53:01     all    2.50    0.00    0.50    0.00    0.00    0.50    0.00    0.00    0.00   96.50
01:53:02     all    2.78    0.00    0.00    0.25    0.00    0.00    0.00    0.00    0.00   96.97
01:53:03     all    2.02    0.00    0.25    0.00    0.00    0.25    0.00    0.00    0.00   97.47
01:53:04     all    2.78    0.00    0.00    0.00    0.00    0.00    0.00    0.00    0.00   97.22
01:53:05     all    2.26    0.00    0.75    0.00    0.00    0.25    0.00    0.00    0.00   96.73
01:53:06     all    2.51    0.00    0.00    0.00    0.00    0.50    0.00    0.00    0.00   96.98
01:53:07     all    3.01    0.00    0.50    0.00    0.00    0.00    0.00    0.00    0.00   96.49
01:53:08     all    2.02    0.00    0.51    0.00    0.00    0.25    0.00    0.00    0.00   97.22
01:53:09     all    2.02    0.00    0.50    0.00    0.00    0.00    0.00    0.00    0.00   97.48
01:53:10     all    2.75    0.00    0.00    0.00    0.00    0.75    0.00    0.00    0.00   96.50
01:53:11     all    2.27    0.00    0.51    0.00    0.00    0.00    0.00    0.00    0.00   97.22
01:53:12     all    2.27    0.00    0.25    0.00    0.00    0.25    0.00    0.00    0.00   97.22
01:53:13     all    2.27    0.00    0.00    0.00    0.00    0.25    0.00    0.00    0.00   97.47
01:53:14     all    2.99    0.00    0.75    0.00    0.00    0.00    0.00    0.00    0.00   96.26
01:53:15     all    3.00    0.00    0.00    0.00    0.00    0.75    0.00    0.00    0.00   96.25
01:53:16     all    2.02    0.00    0.51    0.00    0.00    0.00    0.00    0.00    0.00   97.47
01:53:17     all    2.26    0.00    0.50    0.00    0.00    0.25    0.00    0.00    0.00   96.98
01:53:18     all    2.76    0.00    0.00    0.00    0.00    0.50    0.00    0.00    0.00   96.74
01:53:19     all    2.03    0.00    0.76    0.00    0.00    0.00    0.00    0.00    0.00   97.22
01:53:20     all    2.99    0.00    0.00    0.00    0.00    0.50    0.25    0.00    0.00   96.26
01:53:21     all    2.02    0.00    0.51    0.00    0.00    0.25    0.00    0.00    0.00   97.22
01:53:22     all    2.76    0.00    0.25    0.00    0.00    0.00    0.00    0.00    0.00   96.98
01:53:23     all    2.76    0.00    0.50    0.00    0.00    0.25    0.00    0.00    0.00   96.49
01:53:24     all    2.53    0.00    0.25    0.00    0.00    0.25    0.00    0.00    0.00   96.97
01:53:25     all    2.25    0.00    0.50    0.00    0.00    0.25    0.00    0.00    0.00   97.00
01:53:26     all    2.25    0.00    0.50    0.25    0.00    0.25    0.00    0.00    0.00   96.75
01:53:27     all    2.27    0.00    0.25    0.00    0.00    0.50    0.00    0.00    0.00   96.98
01:53:28     all    2.52    0.00    0.00    0.00    0.00    0.00    0.25    0.00    0.00   97.23
01:53:29     all    2.73    0.00    0.74    0.00    0.00    0.74    0.00    0.00    0.00   95.78
01:53:30     all    2.28    0.00    0.00    0.00    0.00    0.25    0.00    0.00    0.00   97.47
01:53:31     all    2.76    0.00    0.50    0.00    0.00    0.25    0.00    0.00    0.00   96.48
01:53:32     all    2.28    0.00    0.25    0.00    0.00    0.25    0.00    0.00    0.00   97.22
01:53:33     all    2.51    0.00    0.50    0.00    0.00    0.00    0.00    0.00    0.00   96.98
01:53:34     all    2.51    0.00    0.25    0.00    0.00    0.50    0.00    0.00    0.00   96.74
01:53:35     all    1.77    0.00    0.51    0.00    0.00    0.00    0.00    0.00    0.00   97.72
01:53:36     all    2.50    0.00    0.50    0.00    0.00    0.50    0.00    0.00    0.00   96.50
01:53:37     all    2.51    0.00    0.50    0.00    0.00    0.25    0.00    0.00    0.00   96.73
01:53:38     all    2.52    0.00    0.00    0.00    0.00    0.25    0.00    0.00    0.00   97.23
01:53:39     all    2.02    0.00    0.51    0.00    0.00    0.25    0.00    0.00    0.00   97.22
01:53:40     all    3.02    0.00    0.00    0.00    0.00    0.25    0.25    0.00    0.00   96.48
01:53:41     all    1.77    0.00    0.76    0.00    0.00    0.00    0.00    0.00    0.00   97.47
01:53:42     all    2.52    0.00    0.25    0.00    0.00    0.25    0.00    0.00    0.00   96.98
01:53:43     all    2.51    0.00    0.25    0.00    0.00    0.50    0.00    0.00    0.00   96.74
01:53:44     all    2.51    0.00    0.25    0.00    0.00    0.25    0.00    0.00    0.00   96.98
01:53:45     all    2.77    0.00    0.00    0.00    0.00    0.00    0.00    0.00    0.00   97.23
01:53:46     all    2.51    0.00    0.75    0.00    0.00    0.25    0.00    0.00    0.00   96.49
01:53:47     all    2.25    0.00    0.50    0.00    0.00    0.75    0.00    0.00    0.00   96.50
01:53:48     all    2.53    0.00    0.00    0.00    0.00    0.00    0.00    0.00    0.00   97.47
01:53:49     all    2.27    0.00    0.50    0.00    0.00    0.25    0.00    0.00    0.00   96.98
01:53:50     all    2.76    0.00    0.25    0.00    0.00    0.50    0.00    0.00    0.00   96.49
01:53:51     all    2.27    0.00    0.25    0.00    0.00    0.00    0.00    0.00    0.00   97.48
01:53:52     all    2.53    0.00    0.25    0.00    0.00    0.00    0.00    0.00    0.00   97.22
01:53:53     all    2.51    0.00    0.50    0.00    0.00    0.75    0.00    0.00    0.00   96.24
01:53:54     all    2.02    0.00    0.25    0.00    0.00    0.00    0.00    0.00    0.00   97.73
01:53:55     all    2.52    0.00    0.25    0.00    0.00    0.00    0.00    0.00    0.00   97.23
01:53:56     all    2.50    0.00    0.50    0.00    0.00    0.25    0.00    0.00    0.00   96.75
01:53:57     all    2.03    0.00    0.00    0.00    0.00    0.25    0.00    0.00    0.00   97.72
01:53:58     all    2.74    0.00    0.50    0.00    0.00    0.25    0.25    0.00    0.00   96.26
01:53:59     all    2.77    0.00    0.76    0.00    0.00    0.50    0.00    0.00    0.00   95.97
01:54:00     all    2.78    0.00    0.25    0.00    0.00    0.00    0.00    0.00    0.00   96.96
01:54:01     all    2.53    0.00    0.51    0.00    0.00    0.00    0.00    0.00    0.00   96.97
01:54:02     all    2.74    0.00    0.50    0.00    0.00    0.50    0.00    0.00    0.00   96.26
01:54:03     all    2.75    0.00    0.25    0.25    0.00    0.50    0.00    0.00    0.00   96.25
01:54:04     all    2.54    0.00    0.00    0.00    0.00    0.25    0.00    0.00    0.00   97.21
01:54:05     all    2.51    0.00    0.75    0.00    0.00    0.00    0.00    0.00    0.00   96.73
01:54:06     all    2.29    0.00    0.00    0.00    0.00    0.25    0.00    0.00    0.00   97.46
01:54:07     all    2.76    0.00    0.50    0.00    0.00    0.00    0.00    0.00    0.00   96.73
01:54:08     all    2.27    0.00    0.51    0.00    0.00    0.00    0.00    0.00    0.00   97.22
01:54:09     all    2.26    0.00    0.50    0.00    0.00    0.25    0.25    0.00    0.00   96.73
01:54:10     all    2.77    0.00    0.00    0.00    0.00    0.25    0.00    0.00    0.00   96.98
01:54:11     all    2.27    0.00    0.50    0.00    0.00    0.00    0.00    0.00    0.00   97.23
01:54:12     all    2.77    0.00    0.25    0.00    0.00    0.25    0.00    0.00    0.00   96.73
01:54:13     all    2.76    0.00    0.25    0.00    0.00    0.50    0.00    0.00    0.00   96.48
01:54:14     all    2.28    0.00    0.25    0.00    0.00    0.00    0.00    0.00    0.00   97.47
01:54:15     all    2.77    0.00    0.25    0.00    0.00    0.00    0.00    0.00    0.00   96.98
01:54:16     all    2.51    0.00    0.50    0.00    0.00    0.50    0.00    0.00    0.00   96.48
01:54:17     all    2.52    0.00    0.25    0.00    0.00    0.00    0.00    0.00    0.00   97.23
01:54:18     all    2.28    0.00    0.00    0.00    0.00    0.25    0.25    0.00    0.00   97.21
01:54:19     all    2.51    0.00    0.75    0.00    0.00    0.00    0.00    0.00    0.00   96.73
01:54:20     all    2.51    0.00    0.25    0.00    0.00    0.50    0.00    0.00    0.00   96.73
01:54:21     all    1.51    0.00    0.25    0.00    0.00    0.00    0.00    0.00    0.00   98.24
01:54:22     all    1.77    0.00    0.25    0.00    0.00    0.00    0.00    0.00    0.00   97.98
01:54:23     all    2.02    0.00    0.00    0.00    0.00    0.00    0.25    0.00    0.00   97.73
01:54:24     all    1.76    0.00    0.50    0.00    0.00    0.00    0.00    0.00    0.00   97.73
01:54:25     all    2.02    0.00    0.76    0.00    0.00    0.25    0.00    0.00    0.00   96.98
01:54:26     all    2.26    0.00    0.00    0.00    0.00    0.50    0.00    0.00    0.00   97.24
01:54:27     all    2.27    0.00    0.25    0.00    0.00    0.00    0.00    0.00    0.00   97.47
01:54:28     all    2.52    0.00    0.25    0.00    0.00    0.00    0.00    0.00    0.00   97.23
01:54:29     all    2.52    0.00    0.50    0.00    0.00    0.25    0.00    0.00    0.00   96.73
01:54:30     all    2.76    0.00    0.25    0.00    0.00    0.50    0.00    0.00    0.00   96.48
01:54:31     all    2.76    0.00    0.50    0.00    0.00    0.00    0.00    0.00    0.00   96.73
01:54:32     all    2.26    0.00    0.25    0.00    0.00    0.50    0.00    0.00    0.00   96.98
01:54:33     all    3.02    0.00    0.50    0.00    0.00    0.00    0.00    0.00    0.00   96.48
01:54:34     all    2.77    0.00    0.00    0.00    0.00    0.50    0.00    0.00    0.00   96.73
01:54:35     all    2.53    0.00    0.00    0.00    0.00    0.00    0.00    0.00    0.00   97.47
01:54:36     all    2.51    0.00    0.50    0.00    0.00    0.50    0.00    0.00    0.00   96.49
01:54:37     all    2.28    0.00    0.25    0.00    0.00    0.00    0.00    0.00    0.00   97.47
01:54:38     all    2.75    0.00    0.50    0.00    0.00    0.25    0.00    0.00    0.00   96.50
01:54:39     all    2.27    0.00    0.50    0.25    0.00    0.00    0.00    0.00    0.00   96.98
01:54:40     all    2.27    0.00    0.25    0.00    0.00    0.25    0.00    0.00    0.00   97.23
01:54:41     all    3.02    0.00    0.00    0.00    0.00    0.25    0.00    0.00    0.00   96.73
01:54:42     all    2.27    0.00    0.25    0.00    0.00    0.25    0.00    0.00    0.00   97.23
01:54:43     all    2.51    0.00    0.25    0.25    0.00    0.50    0.00    0.00    0.00   96.49
01:54:44     all    2.51    0.00    0.50    0.00    0.00    0.00    0.00    0.00    0.00   96.99
01:54:45     all    2.54    0.00    0.00    0.00    0.00    0.00    0.00    0.00    0.00   97.46
01:54:46     all    2.51    0.00    0.50    0.00    0.00    0.00    0.00    0.00    0.00   96.99
01:54:47     all    2.26    0.00    0.25    0.00    0.00    0.50    0.00    0.00    0.00   96.98
01:54:48     all    2.26    0.00    0.25    0.00    0.00    0.25    0.00    0.00    0.00   97.24
01:54:49     all    2.50    0.00    0.75    0.00    0.00    0.50    0.00    0.00    0.00   96.25
01:54:50     all    2.27    0.00    0.00    0.00    0.00    0.25    0.00    0.00    0.00   97.47
01:54:51     all    2.75    0.00    0.50    0.00    0.00    0.25    0.00    0.00    0.00   96.50
01:54:52     all    2.26    0.00    0.25    0.00    0.00    0.50    0.00    0.00    0.00   96.98
01:54:53     all    2.53    0.00    0.25    0.00    0.00    0.00    0.25    0.00    0.00   96.97
01:54:54     all    2.49    0.00    0.25    0.00    0.00    1.00    0.00    0.00    0.00   96.26
01:54:55     all    2.25    0.00    0.50    0.00    0.00    0.00    0.25    0.00    0.00   97.00
01:54:56     all    2.27    0.00    0.50    0.00    0.00    0.00    0.00    0.00    0.00   97.23
01:54:57     all    2.51    0.00    0.25    0.00    0.00    0.50    0.00    0.00    0.00   96.74
01:54:58     all    2.51    0.00    0.50    0.00    0.00    0.25    0.00    0.00    0.00   96.74
01:54:59     all    2.52    0.00    0.00    0.00    0.00    0.50    0.00    0.00    0.00   96.98
01:55:00     all    2.26    0.00    0.75    0.00    0.00    0.25    0.00    0.00    0.00   96.73
01:55:01     all    2.76    0.00    0.50    0.00    0.00    0.25    0.00    0.00    0.00   96.48
01:55:02     all    2.01    0.00    0.50    0.00    0.00    0.50    0.00    0.00    0.00   96.99
01:55:03     all    2.51    0.00    0.25    0.00    0.00    0.50    0.00    0.00    0.00   96.73
01:55:04     all    2.28    0.00    0.00    0.00    0.00    0.00    0.00    0.00    0.00   97.72
01:55:05     all    2.25    0.00    0.50    0.00    0.00    0.75    0.00    0.00    0.00   96.50
01:55:06     all    2.51    0.00    0.50    0.00    0.00    0.25    0.25    0.00    0.00   96.49
01:55:07     all    2.53    0.00    0.00    0.00    0.00    0.00    0.00    0.00    0.00   97.47
01:55:08     all    2.51    0.00    0.50    0.00    0.00    0.25    0.00    0.00    0.00   96.74
01:55:09     all    2.27    0.00    0.00    0.00    0.00    0.76    0.00    0.00    0.00   96.98
01:55:10     all    3.01    0.00    0.50    0.00    0.00    0.00    0.00    0.00    0.00   96.49
01:55:11     all    2.26    0.00    0.75    0.00    0.00    0.50    0.00    0.00    0.00   96.49
01:55:12     all    2.76    0.00    0.25    0.00    0.00    0.50    0.00    0.00    0.00   96.49
01:55:13     all    2.76    0.00    0.25    0.00    0.00    0.25    0.00    0.00    0.00   96.73
01:55:14     all    2.76    0.00    0.25    0.00    0.00    0.25    0.00    0.00    0.00   96.73
01:55:15     all    2.26    0.00    0.25    0.25    0.00    0.25    0.00    0.00    0.00   96.98
01:55:16     all    2.76    0.00    0.25    0.00    0.00    0.25    0.00    0.00    0.00   96.73
01:55:17     all    2.77    0.00    0.25    0.00    0.00    0.00    0.00    0.00    0.00   96.98
01:55:18     all    2.77    0.00    0.25    0.00    0.00    0.25    0.00    0.00    0.00   96.73
01:55:19     all    2.25    0.00    0.50    0.00    0.00    0.75    0.00    0.00    0.00   96.50
01:55:20     all    2.53    0.00    0.25    0.00    0.00    0.00    0.00    0.00    0.00   97.22
01:55:21     all    2.53    0.00    0.25    0.00    0.00    0.00    0.00    0.00    0.00   97.22
01:55:22     all    2.52    0.00    0.25    0.00    0.00    0.25    0.00    0.00    0.00   96.98
01:55:23     all    2.77    0.00    0.25    0.00    0.00    0.00    0.00    0.00    0.00   96.98
01:55:24     all    2.26    0.00    0.75    0.00    0.00    0.25    0.25    0.00    0.00   96.48
01:55:25     all    2.51    0.00    0.25    0.00    0.00    0.25    0.00    0.00    0.00   96.98
01:55:26     all    2.52    0.00    0.25    0.00    0.00    0.25    0.00    0.00    0.00   96.98
01:55:27     all    3.00    0.00    0.50    0.00    0.00    0.50    0.00    0.00    0.00   96.00
01:55:28     all    2.02    0.00    0.76    0.00    0.00    0.00    0.00    0.00    0.00   97.22
01:55:29     all    2.53    0.00    0.00    0.00    0.00    0.25    0.00    0.00    0.00   97.22
01:55:30     all    2.75    0.00    0.25    0.00    0.00    0.75    0.00    0.00    0.00   96.25
01:55:31     all    2.28    0.00    0.51    0.00    0.00    0.00    0.00    0.00    0.00   97.22
01:55:32     all    2.52    0.00    0.25    0.00    0.00    0.00    0.00    0.00    0.00   97.23
01:55:33     all    2.76    0.00    0.50    0.00    0.00    0.25    0.00    0.00    0.00   96.48
01:55:34     all    2.27    0.00    0.51    0.00    0.00    0.25    0.00    0.00    0.00   96.97
01:55:35     all    2.76    0.00    0.25    0.00    0.00    0.25    0.00    0.00    0.00   96.73
01:55:36     all    2.51    0.00    0.00    0.00    0.00    0.50    0.00    0.00    0.00   96.98
01:55:37     all    2.27    0.00    0.50    0.00    0.00    0.00    0.00    0.00    0.00   97.23
01:55:38     all    2.53    0.00    0.25    0.00    0.00    0.00    0.00    0.00    0.00   97.22
01:55:39     all    2.51    0.00    0.25    0.00    0.00    0.75    0.00    0.00    0.00   96.48
01:55:40     all    2.51    0.00    0.25    0.00    0.00    0.00    0.25    0.00    0.00   96.98
01:55:41     all    2.02    0.00    0.76    0.00    0.00    0.25    0.00    0.00    0.00   96.98
01:55:42     all    3.01    0.00    0.25    0.00    0.00    0.50    0.00    0.00    0.00   96.24
01:55:43     all    2.27    0.00    0.00    0.00    0.00    0.25    0.00    0.00    0.00   97.47
01:55:44     all    2.76    0.00    0.50    0.00    0.00    0.00    0.00    0.00    0.00   96.73
01:55:45     all    2.27    0.00    0.25    0.00    0.00    0.25    0.25    0.00    0.00   96.98
01:55:46     all    2.26    0.00    0.50    0.00    0.00    0.50    0.00    0.00    0.00   96.73
01:55:47     all    2.51    0.00    0.25    0.00    0.00    0.25    0.00    0.00    0.00   96.98
01:55:48     all    2.26    0.00    0.25    0.25    0.00    0.50    0.00    0.00    0.00   96.73
01:55:49     all    2.76    0.00    0.25    0.00    0.00    0.00    0.00    0.00    0.00   96.99
01:55:50     all    2.76    0.00    0.75    0.00    0.00    0.00    0.00    0.00    0.00   96.48
01:55:51     all    2.01    0.00    0.25    0.00    0.00    0.75    0.00    0.00    0.00   96.98
01:55:52     all    2.53    0.00    0.25    0.00    0.00    0.00    0.25    0.00    0.00   96.96
01:55:53     all    3.00    0.00    0.25    0.00    0.00    0.00    0.00    0.00    0.00   96.75
01:55:54     all    2.02    0.00    0.76    0.00    0.00    0.25    0.00    0.00    0.00   96.97
01:55:55     all    2.53    0.00    0.00    0.00    0.00    0.25    0.00    0.00    0.00   97.22
01:55:56     all    2.51    0.00    0.25    0.00    0.00    0.25    0.00    0.00    0.00   96.98
01:55:57     all    2.27    0.00    0.76    0.00    0.00    0.25    0.00    0.00    0.00   96.73
01:55:58     all    2.53    0.00    0.00    0.00    0.00    0.25    0.00    0.00    0.00   97.22
01:55:59     all    2.75    0.00    0.50    0.00    0.00    0.50    0.00    0.00    0.00   96.25
01:56:00     all    2.53    0.00    0.25    0.00    0.00    0.00    0.00    0.00    0.00   97.22
01:56:01     all    2.01    0.00    0.50    0.00    0.00    0.25    0.00    0.00    0.00   97.24
01:56:02     all    2.52    0.00    0.25    0.00    0.00    0.00    0.00    0.00    0.00   97.23
01:56:03     all    2.77    0.00    0.00    0.00    0.00    0.25    0.00    0.00    0.00   96.98
01:56:04     all    2.51    0.00    0.25    0.00    0.00    0.25    0.00    0.00    0.00   96.98
01:56:05     all    2.50    0.00    0.75    0.00    0.00    0.25    0.00    0.00    0.00   96.50
01:56:06     all    2.78    0.00    0.00    0.00    0.00    0.00    0.00    0.00    0.00   97.22
01:56:07     all    2.53    0.00    0.25    0.00    0.00    0.25    0.00    0.00    0.00   96.97
01:56:08     all    2.51    0.00    0.50    0.00    0.00    0.25    0.00    0.00    0.00   96.73
01:56:09     all    2.77    0.00    0.00    0.00    0.00    0.25    0.00    0.00    0.00   96.98
01:56:10     all    2.51    0.00    0.75    0.00    0.00    0.25    0.00    0.00    0.00   96.49
01:56:11     all    2.28    0.00    0.25    0.00    0.00    0.25    0.00    0.00    0.00   97.22
01:56:12     all    2.77    0.00    0.00    0.00    0.00    0.00    0.00    0.00    0.00   97.23
01:56:13     all    2.02    0.00    0.51    0.00    0.00    0.25    0.00    0.00    0.00   97.22
01:56:14     all    2.03    0.00    0.00    0.00    0.00    0.00    0.00    0.00    0.00   97.97
01:56:15     all    2.51    0.00    0.75    0.00    0.00    0.00    0.00    0.00    0.00   96.73
01:56:16     all    2.53    0.00    0.25    0.00    0.00    0.00    0.00    0.00    0.00   97.22
01:56:17     all    2.02    0.00    0.25    0.00    0.00    0.25    0.00    0.00    0.00   97.47
01:56:18     all    2.78    0.00    0.00    0.00    0.00    0.25    0.00    0.00    0.00   96.97
01:56:19     all    2.26    0.00    0.50    0.00    0.00    0.25    0.00    0.00    0.00   96.98
01:56:20     all    2.01    0.00    0.50    0.25    0.00    0.25    0.25    0.00    0.00   96.74
01:56:21     all    2.52    0.00    0.50    0.00    0.00    0.00    0.00    0.00    0.00   96.98
01:56:22     all    2.53    0.00    0.00    0.00    0.00    0.00    0.00    0.00    0.00   97.47
01:56:23     all    2.02    0.00    0.50    0.00    0.00    0.25    0.00    0.00    0.00   97.23
01:56:24     all    2.51    0.00    0.50    0.00    0.00    0.00    0.00    0.00    0.00   96.98
01:56:25     all    2.28    0.00    0.00    0.00    0.00    0.00    0.00    0.00    0.00   97.72
01:56:26     all    2.28    0.00    0.25    0.00    0.00    0.25    0.00    0.00    0.00   97.22
01:56:27     all    2.51    0.00    0.50    0.00    0.00    0.50    0.00    0.00    0.00   96.49
01:56:28     all    2.78    0.00    0.25    0.00    0.00    0.25    0.00    0.00    0.00   96.72
01:56:29     all    2.51    0.00    0.75    0.00    0.00    0.00    0.00    0.00    0.00   96.73
01:56:30     all    2.77    0.00    0.00    0.00    0.00    0.25    0.00    0.00    0.00   96.98
01:56:31     all    2.28    0.00    0.00    0.00    0.00    0.00    0.00    0.00    0.00   97.72
01:56:32     all    2.72    0.00    0.74    0.00    0.00    0.74    0.25    0.00    0.00   95.54
01:56:33     all    1.77    0.00    0.00    0.00    0.00    0.00    0.25    0.00    0.00   97.97
01:56:34     all    2.51    0.00    0.25    0.00    0.00    0.25    0.00    0.00    0.00   96.98
01:56:35     all    2.52    0.00    0.00    0.00    0.00    0.25    0.00    0.00    0.00   97.23
01:56:36     all    2.24    0.00    1.00    0.00    0.00    0.25    0.00    0.00    0.00   96.51
01:56:37     all    2.28    0.00    0.00    0.00    0.00    0.00    0.00    0.00    0.00   97.72
01:56:38     all    2.76    0.00    0.00    0.00    0.00    0.50    0.00    0.00    0.00   96.74
01:56:39     all    2.27    0.00    0.50    0.00    0.00    0.25    0.00    0.00    0.00   96.98
01:56:40     all    2.51    0.00    0.25    0.00    0.00    0.50    0.00    0.00    0.00   96.73
01:56:41     all    2.76    0.00    0.25    0.00    0.00    0.25    0.00    0.00    0.00   96.74
01:56:42     all    2.51    0.00    0.00    0.00    0.00    0.50    0.00    0.00    0.00   96.98
01:56:43     all    2.02    0.00    0.51    0.00    0.00    0.00    0.00    0.00    0.00   97.47
01:56:44     all    2.26    0.00    0.00    0.00    0.00    0.00    0.00    0.00    0.00   97.74
01:56:45     all    2.51    0.00    0.25    0.00    0.00    0.25    0.00    0.00    0.00   96.98
01:56:46     all    2.26    0.00    0.50    0.00    0.00    0.00    0.00    0.00    0.00   97.24
01:56:47     all    2.27    0.00    0.25    0.00    0.00    0.25    0.00    0.00    0.00   97.22
01:56:48     all    2.52    0.00    0.25    0.00    0.00    0.00    0.00    0.00    0.00   97.23
01:56:49     all    2.76    0.00    0.25    0.00    0.00    0.25    0.00    0.00    0.00   96.73
01:56:50     all    2.01    0.00    0.75    0.00    0.00    0.50    0.00    0.00    0.00   96.73
01:56:51     all    3.00    0.00    0.75    0.00    0.00    0.25    0.00    0.00    0.00   96.00
01:56:52     all    2.77    0.00    0.25    0.25    0.00    0.25    0.00    0.00    0.00   96.47
01:56:53     all    2.51    0.00    0.25    0.00    0.00    0.00    0.00    0.00    0.00   97.24
01:56:54     all    2.51    0.00    0.50    0.00    0.00    0.50    0.00    0.00    0.00   96.49
01:56:55     all    2.26    0.00    0.75    0.00    0.00    0.25    0.25    0.00    0.00   96.49
01:56:56     all    2.75    0.00    0.25    0.00    0.00    0.50    0.00    0.00    0.00   96.50
01:56:57     all    2.54    0.00    0.00    0.00    0.00    0.00    0.00    0.00    0.00   97.46
01:56:58     all    2.25    0.00    0.25    0.00    0.00    0.00    0.00    0.00    0.00   97.50
01:56:59     all    2.27    0.00    0.50    0.00    0.00    0.50    0.00    0.00    0.00   96.73
01:57:00     all    2.75    0.00    0.25    0.00    0.00    0.25    0.00    0.00    0.00   96.75
01:57:01     all    2.28    0.00    0.00    0.00    0.00    0.25    0.00    0.00    0.00   97.47
01:57:02     all    2.26    0.00    0.25    0.00    0.00    0.50    0.00    0.00    0.00   96.98
01:57:03     all    2.75    0.00    0.75    0.00    0.00    0.25    0.00    0.00    0.00   96.25
01:57:04     all    2.27    0.00    0.00    0.00    0.00    0.25    0.00    0.00    0.00   97.47
01:57:05     all    2.27    0.00    0.50    0.00    0.00    0.00    0.00    0.00    0.00   97.23
01:57:06     all    2.27    0.00    0.25    0.00    0.00    0.25    0.00    0.00    0.00   97.23
01:57:07     all    2.50    0.00    0.25    0.00    0.00    0.50    0.00    0.00    0.00   96.75
01:57:08     all    2.01    0.00    0.50    0.00    0.00    0.50    0.00    0.00    0.00   96.98
01:57:09     all    2.52    0.00    0.25    0.00    0.00    0.25    0.00    0.00    0.00   96.98
01:57:10     all    2.26    0.00    0.75    0.00    0.00    0.25    0.00    0.00    0.00   96.74
01:57:11     all    2.51    0.00    0.25    0.00    0.00    0.25    0.00    0.00    0.00   96.98
01:57:12     all    2.74    0.00    0.50    0.00    0.00    0.25    0.00    0.00    0.00   96.51
01:57:13     all    2.02    0.00    0.25    0.00    0.00    0.25    0.00    0.00    0.00   97.47
01:57:14     all    2.00    0.00    0.25    0.00    0.00    1.00    0.00    0.00    0.00   96.75
01:57:15     all    2.27    0.00    0.51    0.00    0.00    0.00    0.00    0.00    0.00   97.22
01:57:16     all    2.26    0.00    0.50    0.00    0.00    0.25    0.00    0.00    0.00   96.98
01:57:17     all    2.75    0.00    0.00    0.00    0.00    0.50    0.00    0.00    0.00   96.75
01:57:18     all    2.52    0.00    0.25    0.00    0.00    0.00    0.00    0.00    0.00   97.23
01:57:19     all    2.26    0.00    0.50    0.00    0.00    0.25    0.00    0.00    0.00   96.99
01:57:20     all    2.51    0.00    0.25    0.00    0.00    0.50    0.00    0.00    0.00   96.74
01:57:21     all    1.76    0.00    0.00    0.00    0.00    0.25    0.00    0.00    0.00   97.98
01:57:22     all    1.50    0.00    0.25    0.00    0.00    0.00    0.00    0.00    0.00   98.25
01:57:23     all    1.50    0.00    0.50    0.00    0.00    0.25    0.00    0.00    0.00   97.74
01:57:24     all    2.27    0.00    0.25    0.00    0.00    0.00    0.00    0.00    0.00   97.48
01:57:25     all    1.51    0.00    0.00    0.00    0.00    0.50    0.00    0.00    0.00   97.99
01:57:26     all    2.49    0.00    0.25    0.00    0.00    0.50    0.00    0.00    0.00   96.76
01:57:27     all    2.51    0.00    0.00    0.00    0.00    0.25    0.00    0.00    0.00   97.24
01:57:28     all    2.02    0.00    0.00    0.00    0.00    0.00    0.25    0.00    0.00   97.73
01:57:29     all    2.24    0.00    0.50    0.00    0.00    0.50    0.00    0.00    0.00   96.76
01:57:30     all    2.27    0.00    0.25    0.00    0.00    0.25    0.00    0.00    0.00   97.23
01:57:31     all    2.51    0.00    0.00    0.00    0.00    0.25    0.00    0.00    0.00   97.24
01:57:32     all    2.26    0.00    0.50    0.25    0.00    0.25    0.00    0.00    0.00   96.73
01:57:33     all    2.26    0.00    0.50    0.00    0.00    0.00    0.00    0.00    0.00   97.24
01:57:34     all    1.77    0.00    0.25    0.00    0.00    0.51    0.00    0.00    0.00   97.47
01:57:35     all    2.51    0.00    0.25    0.00    0.00    0.00    0.00    0.00    0.00   97.24
01:57:36     all    2.50    0.00    0.50    0.00    0.00    0.50    0.00    0.00    0.00   96.50
01:57:37     all    2.27    0.00    0.25    0.00    0.00    0.25    0.25    0.00    0.00   96.98
01:57:38     all    2.01    0.00    0.75    0.00    0.00    0.00    0.25    0.00    0.00   96.99
01:57:39     all    2.51    0.00    0.25    0.00    0.00    0.25    0.00    0.00    0.00   96.98
01:57:40     all    2.27    0.00    0.25    0.00    0.00    0.25    0.00    0.00    0.00   97.23
01:57:41     all    2.02    0.00    0.25    0.00    0.00    0.25    0.00    0.00    0.00   97.48
01:57:42     all    2.52    0.00    0.50    0.00    0.00    0.00    0.00    0.00    0.00   96.98
01:57:43     all    2.51    0.00    0.25    0.00    0.00    0.25    0.00    0.00    0.00   96.98
01:57:44     all    2.27    0.00    0.25    0.00    0.00    0.25    0.00    0.00    0.00   97.22
01:57:45     all    2.26    0.00    0.25    0.00    0.00    0.25    0.00    0.00    0.00   97.24
01:57:46     all    2.26    0.00    0.50    0.00    0.00    0.50    0.00    0.00    0.00   96.74
01:57:47     all    2.26    0.00    0.25    0.00    0.00    0.25    0.00    0.00    0.00   97.24
01:57:48     all    2.51    0.00    0.50    0.00    0.00    0.00    0.00    0.00    0.00   96.99
01:57:49     all    1.76    0.00    0.00    0.00    0.00    0.25    0.00    0.00    0.00   97.98
01:57:50     all    2.51    0.00    0.25    0.00    0.00    0.25    0.00    0.00    0.00   96.99
01:57:51     all    2.52    0.00    0.25    0.00    0.00    0.00    0.00    0.00    0.00   97.23
01:57:52     all    2.01    0.00    0.50    0.00    0.00    0.25    0.00    0.00    0.00   97.24
01:57:53     all    2.02    0.00    0.25    0.00    0.00    0.51    0.00    0.00    0.00   97.22
01:57:54     all    2.76    0.00    0.00    0.00    0.00    0.00    0.00    0.00    0.00   97.24
01:57:55     all    2.01    0.00    1.00    0.00    0.00    0.00    0.00    0.00    0.00   96.99
01:57:56     all    2.25    0.00    0.00    0.00    0.00    0.75    0.00    0.00    0.00   97.00
01:57:57     all    2.26    0.00    0.25    0.00    0.00    0.00    0.00    0.00    0.00   97.49
01:57:58     all    2.28    0.00    0.25    0.00    0.00    0.25    0.00    0.00    0.00   97.22
01:57:59     all    2.25    0.00    0.25    0.00    0.00    0.50    0.00    0.00    0.00   97.00
01:58:00     all    2.53    0.00    0.25    0.00    0.00    0.00    0.00    0.00    0.00   97.22
01:58:01     all    2.26    0.00    0.25    0.00    0.00    0.75    0.00    0.00    0.00   96.74
01:58:02     all    2.27    0.00    0.25    0.00    0.00    0.25    0.00    0.00    0.00   97.23
01:58:03     all    2.51    0.00    0.50    0.00    0.00    0.00    0.00    0.00    0.00   96.98
01:58:04     all    2.24    0.00    0.50    0.25    0.00    0.75    0.00    0.00    0.00   96.26
01:58:05     all    2.28    0.00    0.25    0.00    0.00    0.00    0.00    0.00    0.00   97.46
01:58:06     all    2.49    0.00    0.50    0.00    0.00    0.25    0.00    0.00    0.00   96.76
01:58:07     all    2.28    0.00    0.00    0.00    0.00    0.25    0.00    0.00    0.00   97.46
01:58:08     all    2.01    0.00    0.75    0.00    0.00    0.25    0.00    0.00    0.00   96.99
01:58:09     all    2.51    0.00    0.25    0.00    0.00    0.50    0.00    0.00    0.00   96.73
01:58:10     all    2.76    0.00    0.25    0.00    0.00    0.00    0.00    0.00    0.00   96.98
01:58:11     all    2.03    0.00    0.51    0.00    0.00    0.25    0.00    0.00    0.00   97.22
01:58:12     all    2.25    0.00    0.50    0.00    0.00    0.25    0.00    0.00    0.00   97.00
01:58:13     all    2.78    0.00    0.00    0.00    0.00    0.25    0.00    0.00    0.00   96.97
01:58:14     all    2.25    0.00    0.75    0.00    0.00    0.50    0.25    0.00    0.00   96.25
01:58:15     all    2.76    0.00    0.00    0.00    0.00    0.25    0.00    0.00    0.00   96.98
01:58:16     all    2.02    0.00    0.50    0.00    0.00    0.00    0.00    0.00    0.00   97.48
01:58:17     all    2.77    0.00    0.25    0.00    0.00    0.00    0.00    0.00    0.00   96.98
01:58:18     all    2.26    0.00    0.00    0.00    0.00    0.50    0.00    0.00    0.00   97.24
01:58:19     all    2.27    0.00    0.51    0.00    0.00    0.25    0.00    0.00    0.00   96.97
01:58:20     all    2.51    0.00    0.25    0.00    0.00    0.25    0.00    0.00    0.00   96.98
01:58:21     all    2.04    0.00    0.25    0.00    0.00    0.00    0.00    0.00    0.00   97.71
01:58:22     all    2.76    0.00    0.50    0.00    0.00    0.25    0.00    0.00    0.00   96.49
01:58:23     all    2.52    0.00    0.25    0.00    0.00    0.25    0.00    0.00    0.00   96.98
01:58:24     all    2.27    0.00    0.50    0.00    0.00    0.25    0.00    0.00    0.00   96.98
01:58:25     all    2.26    0.00    0.25    0.00    0.00    0.50    0.00    0.00    0.00   96.98
01:58:26     all    2.53    0.00    0.00    0.00    0.00    0.25    0.00    0.00    0.00   97.22
01:58:27     all    2.52    0.00    0.50    0.00    0.00    0.00    0.00    0.00    0.00   96.98
01:58:28     all    2.52    0.00    0.50    0.00    0.00    0.00    0.00    0.00    0.00   96.98
01:58:29     all    2.26    0.00    0.25    0.00    0.00    0.25    0.25    0.00    0.00   96.99
01:58:30     all    2.04    0.00    0.00    0.00    0.00    0.00    0.00    0.00    0.00   97.96
01:58:31     all    2.76    0.00    0.00    0.00    0.00    0.25    0.00    0.00    0.00   96.99
01:58:32     all    2.26    0.00    1.00    0.00    0.00    0.50    0.00    0.00    0.00   96.24
01:58:33     all    2.53    0.00    0.00    0.00    0.00    0.00    0.00    0.00    0.00   97.47
01:58:34     all    2.51    0.00    0.25    0.25    0.00    0.00    0.25    0.00    0.00   96.73
01:58:35     all    2.26    0.00    0.25    0.00    0.00    0.75    0.25    0.00    0.00   96.49
01:58:36     all    2.77    0.00    0.50    0.00    0.00    0.25    0.00    0.00    0.00   96.47
01:58:37     all    2.51    0.00    0.25    0.00    0.00    0.25    0.00    0.00    0.00   96.98
01:58:38     all    2.26    0.00    0.50    0.00    0.00    0.50    0.00    0.00    0.00   96.73
01:58:39     all    2.52    0.00    0.25    0.00    0.00    0.00    0.00    0.00    0.00   97.23
01:58:40     all    2.26    0.00    0.75    0.00    0.00    0.50    0.00    0.00    0.00   96.48
01:58:41     all    2.02    0.00    0.25    0.00    0.00    0.00    0.00    0.00    0.00   97.73
01:58:42     all    2.27    0.00    0.25    0.00    0.00    0.76    0.00    0.00    0.00   96.73
01:58:43     all    2.77    0.00    0.25    0.00    0.00    0.00    0.00    0.00    0.00   96.98
01:58:44     all    2.26    0.00    0.25    0.00    0.00    0.50    0.00    0.00    0.00   96.98
01:58:45     all    2.75    0.00    0.75    0.00    0.00    0.00    0.00    0.00    0.00   96.50
01:58:46     all    2.52    0.00    0.25    0.00    0.00    0.25    0.00    0.00    0.00   96.98
01:58:47     all    2.03    0.00    0.00    0.00    0.00    0.00    0.00    0.00    0.00   97.97
01:58:48     all    2.23    0.00    0.99    0.00    0.00    0.74    0.00    0.00    0.00   96.03
01:58:49     all    2.03    0.00    0.00    0.00    0.00    0.00    0.00    0.00    0.00   97.97
01:58:50     all    2.49    0.00    0.50    0.00    0.00    0.75    0.00    0.00    0.00   96.26
01:58:51     all    2.26    0.00    0.50    0.00    0.00    0.00    0.00    0.00    0.00   97.24
01:58:52     all    2.51    0.00    0.25    0.00    0.00    0.25    0.00    0.00    0.00   96.99
01:58:53     all    2.52    0.00    0.50    0.00    0.00    0.25    0.00    0.00    0.00   96.73
01:58:54     all    2.27    0.00    0.25    0.00    0.00    0.25    0.00    0.00    0.00   97.23
01:58:55     all    2.53    0.00    0.25    0.00    0.00    0.00    0.00    0.00    0.00   97.22
01:58:56     all    2.75    0.00    0.50    0.00    0.00    0.25    0.00    0.00    0.00   96.50
01:58:57     all    2.51    0.00    0.25    0.00    0.00    0.50    0.00    0.00    0.00   96.74
01:58:58     all    2.53    0.00    0.00    0.00    0.00    0.00    0.00    0.00    0.00   97.47
01:58:59     all    2.26    0.00    0.75    0.00    0.00    0.25    0.00    0.00    0.00   96.74
01:59:00     all    2.77    0.00    0.25    0.00    0.00    0.00    0.00    0.00    0.00   96.98
01:59:01     all    2.27    0.00    0.50    0.00    0.00    0.25    0.00    0.00    0.00   96.98
01:59:02     all    2.50    0.00    0.50    0.00    0.00    0.50    0.00    0.00    0.00   96.50
01:59:03     all    2.26    0.00    0.25    0.00    0.00    0.25    0.00    0.00    0.00   97.24
01:59:04     all    1.75    0.00    0.25    0.25    0.00    0.25    0.00    0.00    0.00   97.49
01:59:05     all    2.27    0.00    0.25    0.00    0.00    0.00    0.00    0.00    0.00   97.47
01:59:06     all    2.76    0.00    0.75    0.00    0.00    0.25    0.00    0.00    0.00   96.23
01:59:07     all    2.50    0.00    0.25    0.00    0.00    0.25    0.00    0.00    0.00   97.00
01:59:08     all    2.27    0.00    0.25    0.00    0.00    0.50    0.00    0.00    0.00   96.98
01:59:09     all    2.52    0.00    0.25    0.25    0.00    0.00    0.00    0.00    0.00   96.98
01:59:10     all    2.51    0.00    0.25    0.00    0.00    0.25    0.00    0.00    0.00   96.99
01:59:11     all    2.27    0.00    0.25    0.00    0.00    0.25    0.25    0.00    0.00   96.98
01:59:12     all    2.51    0.00    0.50    0.00    0.00    0.00    0.00    0.00    0.00   96.99
01:59:13     all    2.01    0.00    0.50    0.00    0.00    0.00    0.25    0.00    0.00   97.24
01:59:14     all    2.77    0.00    0.25    0.00    0.00    0.00    0.00    0.00    0.00   96.98
01:59:15     all    2.03    0.00    0.00    0.00    0.00    0.25    0.00    0.00    0.00   97.72
01:59:16     all    2.26    0.00    0.75    0.00    0.00    0.25    0.00    0.00    0.00   96.73
01:59:17     all    2.26    0.00    0.50    0.00    0.00    0.25    0.00    0.00    0.00   96.99
01:59:18     all    2.01    0.00    0.25    0.00    0.00    0.50    0.00    0.00    0.00   97.24
01:59:19     all    2.27    0.00    0.00    0.00    0.00    0.25    0.00    0.00    0.00   97.48
01:59:20     all    2.24    0.00    1.00    0.00    0.00    0.50    0.00    0.00    0.00   96.26
01:59:21     all    2.26    0.00    0.25    0.00    0.00    0.00    0.00    0.00    0.00   97.49
01:59:22     all    2.52    0.00    0.50    0.00    0.00    0.25    0.00    0.00    0.00   96.73
01:59:23     all    2.26    0.00    0.50    0.00    0.00    0.00    0.00    0.00    0.00   97.24
01:59:24     all    2.26    0.00    0.00    0.00    0.00    0.50    0.00    0.00    0.00   97.24
01:59:25     all    2.26    0.00    0.50    0.00    0.00    0.00    0.00    0.00    0.00   97.24
01:59:26     all    2.50    0.00    0.50    0.00    0.00    0.50    0.00    0.00    0.00   96.50
01:59:27     all    2.26    0.00    0.00    0.00    0.00    0.50    0.00    0.00    0.00   97.24
01:59:28     all    2.27    0.00    0.00    0.00    0.00    0.00    0.00    0.00    0.00   97.73
01:59:29     all    2.52    0.00    0.25    0.00    0.00    0.25    0.00    0.00    0.00   96.98
01:59:30     all    2.50    0.00    0.75    0.00    0.00    0.25    0.00    0.00    0.00   96.50
01:59:31     all    2.02    0.00    0.25    0.25    0.00    0.00    0.00    0.00    0.00   97.48
01:59:32     all    2.51    0.00    0.25    0.00    0.00    0.25    0.00    0.00    0.00   96.99
01:59:33     all    2.01    0.00    0.50    0.00    0.00    0.50    0.00    0.00    0.00   96.98
01:59:34     all    2.53    0.00    0.25    0.00    0.00    0.00    0.00    0.00    0.00   97.22
01:59:35     all    2.50    0.00    0.75    0.00    0.00    0.50    0.00    0.00    0.00   96.25
01:59:36     all    2.00    0.00    0.25    0.00    0.00    0.75    0.00    0.00    0.00   97.00
01:59:37     all    2.78    0.00    0.00    0.00    0.00    0.00    0.00    0.00    0.00   97.22
01:59:38     all    2.26    0.00    0.25    0.00    0.00    0.25    0.25    0.00    0.00   96.98
01:59:39     all    2.52    0.00    0.25    0.00    0.00    0.00    0.00    0.00    0.00   97.23
01:59:40     all    2.49    0.00    0.75    0.00    0.00    0.50    0.00    0.00    0.00   96.27
01:59:41     all    2.28    0.00    0.00    0.00    0.00    0.00    0.00    0.00    0.00   97.72
01:59:42     all    2.49    0.00    0.75    0.00    0.00    0.25    0.00    0.00    0.00   96.51
01:59:43     all    2.53    0.00    0.25    0.00    0.00    0.00    0.00    0.00    0.00   97.22
01:59:44     all    2.26    0.00    0.50    0.00    0.00    0.50    0.00    0.00    0.00   96.74
01:59:45     all    2.27    0.00    0.25    0.00    0.00    0.25    0.00    0.00    0.00   97.22
01:59:46     all    2.99    0.00    0.50    0.00    0.00    0.25    0.00    0.00    0.00   96.26
01:59:47     all    2.52    0.00    0.00    0.00    0.00    0.25    0.00    0.00    0.00   97.23
01:59:48     all    2.27    0.00    0.76    0.00    0.00    0.25    0.00    0.00    0.00   96.73
01:59:49     all    2.02    0.00    0.25    0.00    0.00    0.25    0.00    0.00    0.00   97.48
01:59:50     all    2.27    0.00    0.25    0.00    0.00    0.00    0.25    0.00    0.00   97.22
01:59:51     all    2.27    0.00    0.25    0.00    0.00    0.00    0.00    0.00    0.00   97.47
01:59:52     all    2.51    0.00    0.50    0.00    0.00    0.25    0.00    0.00    0.00   96.74
01:59:53     all    2.51    0.00    0.50    0.00    0.00    0.25    0.00    0.00    0.00   96.73
01:59:54     all    2.51    0.00    0.00    0.00    0.00    0.25    0.00    0.00    0.00   97.24
01:59:55     all    2.76    0.00    0.00    0.00    0.00    0.50    0.00    0.00    0.00   96.73
01:59:56     all    2.27    0.00    0.76    0.00    0.00    0.25    0.00    0.00    0.00   96.73
01:59:57     all    2.51    0.00    0.25    0.00    0.00    0.25    0.00    0.00    0.00   96.98
01:59:58     all    2.76    0.00    0.00    0.00    0.00    0.25    0.00    0.00    0.00   96.98
01:59:59     all    2.27    0.00    0.25    0.00    0.00    0.00    0.00    0.00    0.00   97.47
02:00:00     all    2.76    0.00    0.75    0.00    0.00    0.25    0.00    0.00    0.00   96.24
02:00:01     all    2.02    0.00    0.25    0.00    0.00    0.50    0.25    0.00    0.00   96.98
02:00:02     all    2.52    0.00    0.25    0.00    0.00    0.00    0.00    0.00    0.00   97.23
02:00:03     all    2.76    0.00    0.25    0.00    0.00    0.25    0.00    0.00    0.00   96.74
02:00:04     all    2.53    0.00    0.00    0.00    0.00    0.00    0.00    0.00    0.00   97.47
02:00:05     all    2.74    0.00    0.75    0.00    0.00    0.50    0.00    0.00    0.00   96.02
02:00:06     all    2.30    0.00    0.00    0.00    0.00    0.00    0.00    0.00    0.00   97.70
02:00:07     all    2.77    0.00    0.50    0.00    0.00    0.25    0.00    0.00    0.00   96.47
02:00:08     all    2.99    0.00    0.50    0.00    0.00    0.50    0.25    0.00    0.00   95.77
02:00:09     all    2.53    0.00    0.25    0.00    0.00    0.00    0.00    0.00    0.00   97.22
02:00:10     all    2.77    0.00    0.25    0.00    0.00    0.00    0.00    0.00    0.00   96.98
02:00:11     all    2.27    0.00    0.25    0.00    0.00    0.25    0.00    0.00    0.00   97.22
02:00:12     all    3.00    0.00    0.25    0.00    0.00    0.50    0.00    0.00    0.00   96.25
02:00:13     all    2.77    0.00    0.25    0.00    0.00    0.25    0.00    0.00    0.00   96.73
02:00:14     all    2.25    0.00    0.75    0.25    0.00    0.25    0.00    0.00    0.00   96.50
02:00:15     all    2.53    0.00    0.00    0.00    0.00    0.25    0.00    0.00    0.00   97.22
02:00:16     all    2.77    0.00    0.00    0.00    0.00    0.25    0.00    0.00    0.00   96.98
02:00:17     all    2.01    0.00    1.01    0.00    0.00    0.25    0.00    0.00    0.00   96.73
02:00:18     all    3.00    0.00    0.00    0.00    0.00    0.50    0.00    0.00    0.00   96.50
Average:     all    2.33    0.00    0.65    0.02    0.00    0.31    0.02    0.00    0.00   96.67
