Linux 6.8.0-1064-gcp (csb-bench-host-gcp) 	08/19/26 	_x86_64_	(4 CPU)

01:09:17     CPU    %usr   %nice    %sys %iowait    %irq   %soft  %steal  %guest  %gnice   %idle
01:09:18     all    6.55    0.00    0.76    0.00    0.00    1.76    0.00    0.00    0.00   90.93
01:09:19     all    6.62    0.00    1.02    0.00    0.00    1.02    0.00    0.00    0.00   91.35
01:09:20     all    7.27    0.00    1.00    0.00    0.00    2.01    0.00    0.00    0.00   89.72
01:09:21     all    7.05    0.00    1.01    0.00    0.00    0.76    0.00    0.00    0.00   91.18
01:09:22     all    6.82    0.00    0.51    0.00    0.00    1.52    0.51    0.00    0.00   90.66
01:09:23     all    6.08    0.00    1.01    0.00    0.00    1.52    0.00    0.00    0.00   91.39
01:09:24     all    6.31    0.00    0.76    0.00    0.00    1.26    0.00    0.00    0.00   91.67
01:09:25     all    6.80    0.00    0.76    0.00    0.00    1.76    0.00    0.00    0.00   90.68
01:09:26     all    6.31    0.00    1.26    0.00    0.00    1.01    0.00    0.00    0.00   91.41
01:09:27     all    6.55    0.00    1.01    0.00    0.00    1.26    0.00    0.00    0.00   91.18
01:09:28     all    5.82    0.00    0.76    0.00    0.00    1.77    0.00    0.00    0.00   91.65
01:09:29     all    6.05    0.00    0.76    0.00    0.00    1.26    0.50    0.00    0.00   91.44
01:09:30     all    6.05    0.00    0.76    0.00    0.00    1.51    0.00    0.00    0.00   91.69
01:09:31     all    5.63    0.00    0.77    0.00    0.00    1.02    0.00    0.00    0.00   92.58
01:09:32     all    6.30    0.00    1.01    0.00    0.00    1.51    0.00    0.00    0.00   91.18
01:09:33     all    5.76    0.00    1.00    0.00    0.00    1.75    0.00    0.00    0.00   91.48
01:09:34     all    5.01    0.00    1.00    0.00    0.00    1.25    0.00    0.00    0.00   92.73
01:09:35     all    6.53    0.00    0.75    0.00    0.00    1.51    0.00    0.00    0.00   91.21
01:09:36     all    6.08    0.00    0.76    0.00    0.00    1.52    0.00    0.00    0.00   91.65
01:09:37     all    6.28    0.00    1.26    0.00    0.00    1.51    0.25    0.00    0.00   90.70
01:09:38     all    6.30    0.00    1.26    0.00    0.00    1.26    0.00    0.00    0.00   91.18
01:09:39     all    6.55    0.00    0.76    0.00    0.00    1.51    0.25    0.00    0.00   90.93
01:09:40     all    6.31    0.00    1.01    0.00    0.00    1.52    0.00    0.00    0.00   91.16
01:09:41     all    5.79    0.00    1.26    0.00    0.00    1.76    0.00    0.00    0.00   91.18
01:09:42     all    6.82    0.00    0.76    0.00    0.00    1.77    0.00    0.00    0.00   90.66
01:09:43     all    6.31    0.00    1.01    0.00    0.00    1.26    0.00    0.00    0.00   91.41
01:09:44     all    6.03    0.00    1.01    0.00    0.00    1.51    0.25    0.00    0.00   91.21
01:09:45     all    5.75    0.00    1.25    0.00    0.00    1.75    0.25    0.00    0.00   91.00
01:09:46     all    5.84    0.00    0.76    0.00    0.00    1.27    0.00    0.00    0.00   92.13
01:09:47     all    6.06    0.00    0.76    0.00    0.00    1.52    0.00    0.00    0.00   91.67
01:09:48     all    6.33    0.00    0.76    0.00    0.00    1.52    0.00    0.00    0.00   91.39
01:09:49     all    6.06    0.00    1.01    0.00    0.00    1.77    0.00    0.00    0.00   91.16
01:09:50     all    6.53    0.00    1.01    0.00    0.00    1.26    0.25    0.00    0.00   90.95
01:09:51     all    6.28    0.00    1.01    0.00    0.00    1.26    0.00    0.00    0.00   91.46
01:09:52     all    6.08    0.00    0.76    0.00    0.00    1.77    0.00    0.00    0.00   91.39
01:09:53     all    6.02    0.00    1.25    0.00    0.00    1.50    0.25    0.00    0.00   90.98
01:09:54     all    5.82    0.00    1.27    0.00    0.00    1.27    0.00    0.00    0.00   91.65
01:09:55     all    6.31    0.00    0.76    0.00    0.00    1.26    0.00    0.00    0.00   91.67
01:09:56     all    6.25    0.00    1.25    0.00    0.00    2.00    0.00    0.00    0.00   90.50
01:09:57     all    6.33    0.00    0.51    0.00    0.00    1.01    0.00    0.00    0.00   92.15
01:09:58     all    6.55    0.00    0.76    0.00    0.00    1.51    0.00    0.00    0.00   91.18
01:09:59     all    6.08    0.00    1.01    0.00    0.00    1.52    0.00    0.00    0.00   91.39
01:10:00     all    5.74    0.00    1.50    0.25    0.00    1.50    0.25    0.00    0.00   90.77
01:10:01     all    6.06    0.00    0.51    0.00    0.00    1.52    0.00    0.00    0.00   91.92
01:10:02     all    6.02    0.00    1.00    0.25    0.00    1.50    0.25    0.00    0.00   90.98
01:10:03     all    5.57    0.00    0.76    0.00    0.00    1.52    0.00    0.00    0.00   92.15
01:10:04     all    6.05    0.00    0.76    0.00    0.00    1.51    0.00    0.00    0.00   91.69
01:10:05     all    6.08    0.00    0.76    0.00    0.00    1.27    0.25    0.00    0.00   91.65
01:10:06     all    6.05    0.00    1.01    0.00    0.00    1.51    0.00    0.00    0.00   91.44
01:10:07     all    6.53    0.00    1.01    0.00    0.00    1.26    0.00    0.00    0.00   91.21
01:10:08     all    6.53    0.00    1.01    0.00    0.00    2.01    0.00    0.00    0.00   90.45
01:10:09     all    6.31    0.00    0.51    0.00    0.00    1.26    0.00    0.00    0.00   91.92
01:10:10     all    5.78    0.00    1.51    0.00    0.00    1.76    0.25    0.00    0.00   90.70
01:10:11     all    5.57    0.00    0.76    0.00    0.00    1.52    0.00    0.00    0.00   92.15
01:10:12     all    6.35    0.00    0.76    0.00    0.00    1.52    0.00    0.00    0.00   91.37
01:10:13     all    6.52    0.00    1.00    0.00    0.00    1.50    0.00    0.00    0.00   90.98
01:10:14     all    6.28    0.00    1.01    0.00    0.00    1.51    0.00    0.00    0.00   91.21
01:10:15     all    6.06    0.00    1.01    0.00    0.00    1.26    0.25    0.00    0.00   91.41
01:10:16     all    6.06    0.00    0.76    0.00    0.00    1.26    0.00    0.00    0.00   91.92
01:10:17     all    6.30    0.00    1.01    0.00    0.00    1.51    0.25    0.00    0.00   90.93
01:10:18     all    6.31    0.00    1.01    0.00    0.00    1.26    0.00    0.00    0.00   91.41
01:10:19     all    6.06    0.00    0.76    0.00    0.00    1.26    0.00    0.00    0.00   91.92
01:10:20     all    6.55    0.00    1.01    0.00    0.00    1.51    0.00    0.00    0.00   90.93
01:10:21     all    6.31    0.00    0.76    0.00    0.00    1.26    0.25    0.00    0.00   91.41
01:10:22     all    6.30    0.00    1.01    0.00    0.00    1.76    0.00    0.00    0.00   90.93
01:10:23     all    6.57    0.00    1.01    0.00    0.00    1.52    0.00    0.00    0.00   90.91
01:10:24     all    6.87    0.00    3.56    2.80    0.00    2.04    0.00    0.00    0.00   84.73
01:10:25     all    6.31    0.00    1.01    0.00    0.00    1.01    0.00    0.00    0.00   91.67
01:10:26     all    6.30    0.00    1.26    0.00    0.00    1.26    0.00    0.00    0.00   91.18
01:10:27     all    6.50    0.00    1.00    0.00    0.00    1.75    0.25    0.00    0.00   90.50
01:10:28     all    6.05    0.00    0.76    0.00    0.00    2.02    0.00    0.00    0.00   91.18
01:10:29     all    6.30    0.00    1.01    0.00    0.00    1.51    0.00    0.00    0.00   91.18
01:10:30     all    6.82    0.00    0.51    0.00    0.00    1.52    0.25    0.00    0.00   90.91
01:10:31     all    6.55    0.00    0.76    0.00    0.00    1.76    0.00    0.00    0.00   90.93
01:10:32     all    6.55    0.00    1.26    0.00    0.00    1.01    0.25    0.00    0.00   90.93
01:10:33     all    5.58    0.00    0.76    0.00    0.00    1.27    0.00    0.00    0.00   92.39
01:10:34     all    5.81    0.00    0.76    0.00    0.00    1.52    0.25    0.00    0.00   91.67
01:10:35     all    6.31    0.00    1.01    0.00    0.00    1.52    0.00    0.00    0.00   91.16
01:10:36     all    6.02    0.00    1.25    0.00    0.00    2.01    0.00    0.00    0.00   90.73
01:10:37     all    5.63    0.00    1.02    0.00    0.00    1.02    0.00    0.00    0.00   92.33
01:10:38     all    6.25    0.00    1.25    0.00    0.00    1.75    0.00    0.00    0.00   90.75
01:10:39     all    6.52    0.00    1.00    0.00    0.00    1.75    0.00    0.00    0.00   90.73
01:10:40     all    6.30    0.00    1.26    0.00    0.00    1.51    0.00    0.00    0.00   90.93
01:10:41     all    5.60    0.00    0.76    0.00    0.00    1.53    0.00    0.00    0.00   92.11
01:10:42     all    6.28    0.00    1.26    0.00    0.00    1.76    0.00    0.00    0.00   90.70
01:10:43     all    5.79    0.00    1.01    0.00    0.00    1.76    0.00    0.00    0.00   91.44
01:10:44     all    6.08    0.00    0.76    0.00    0.00    1.27    0.00    0.00    0.00   91.90
01:10:45     all    6.30    0.00    1.01    0.00    0.00    1.01    0.25    0.00    0.00   91.44
01:10:46     all    6.08    0.00    1.01    0.00    0.00    1.27    0.00    0.00    0.00   91.65
01:10:47     all    6.28    0.00    0.75    0.00    0.00    1.51    0.00    0.00    0.00   91.46
01:10:48     all    4.55    0.00    0.51    0.00    0.00    1.26    0.00    0.00    0.00   93.69
01:10:49     all    4.25    0.00    0.75    0.00    0.00    0.50    0.25    0.00    0.00   94.25
01:10:50     all    6.05    0.00    0.25    0.00    0.00    1.26    0.50    0.00    0.00   91.94
01:10:51     all    6.03    0.00    0.75    0.00    0.00    1.51    0.00    0.00    0.00   91.71
01:10:52     all    6.31    0.00    1.01    0.00    0.00    1.52    0.00    0.00    0.00   91.16
01:10:53     all    5.81    0.00    0.76    0.00    0.00    1.26    0.00    0.00    0.00   92.17
01:10:54     all    6.35    0.00    0.51    0.00    0.00    1.27    0.00    0.00    0.00   91.88
01:10:55     all    5.99    0.00    1.50    0.25    0.00    1.50    0.00    0.00    0.00   90.77
01:10:56     all    6.53    0.00    1.01    0.00    0.00    1.51    0.00    0.00    0.00   90.95
01:10:57     all    5.88    0.00    0.51    0.00    0.00    1.28    0.00    0.00    0.00   92.33
01:10:58     all    6.53    0.00    1.01    0.00    0.00    1.51    0.00    0.00    0.00   90.95
01:10:59     all    6.31    0.00    0.51    0.00    0.00    1.77    0.00    0.00    0.00   91.41
01:11:00     all    6.05    0.00    1.51    0.00    0.00    1.51    0.00    0.00    0.00   90.93
01:11:01     all    6.28    0.00    0.75    0.00    0.00    1.51    0.00    0.00    0.00   91.46
01:11:02     all    6.08    0.00    1.01    0.00    0.00    1.27    0.25    0.00    0.00   91.39
01:11:03     all    6.25    0.00    1.25    0.00    0.00    2.00    0.00    0.00    0.00   90.50
01:11:04     all    6.06    0.00    0.76    0.00    0.00    1.52    0.25    0.00    0.00   91.41
01:11:05     all    6.28    0.00    0.75    0.00    0.00    1.51    0.25    0.00    0.00   91.21
01:11:06     all    6.33    0.00    0.76    0.00    0.00    1.77    0.00    0.00    0.00   91.14
01:11:07     all    6.03    0.00    1.26    0.00    0.00    1.51    0.00    0.00    0.00   91.21
01:11:08     all    6.36    0.00    0.51    0.00    0.00    1.02    0.25    0.00    0.00   91.86
01:11:09     all    6.27    0.00    1.00    0.00    0.00    1.50    0.00    0.00    0.00   91.23
01:11:10     all    6.82    0.00    1.01    0.00    0.00    1.52    0.00    0.00    0.00   90.66
01:11:11     all    6.82    0.00    0.76    0.00    0.00    1.77    0.00    0.00    0.00   90.66
01:11:12     all    7.56    0.00    0.76    0.00    0.00    1.76    0.00    0.00    0.00   89.92
01:11:13     all    7.59    0.00    0.51    0.00    0.00    2.03    0.00    0.00    0.00   89.87
01:11:14     all    8.33    0.00    1.77    0.00    0.00    2.02    0.00    0.00    0.00   87.88
01:11:15     all    7.81    0.00    1.01    0.00    0.00    2.27    0.00    0.00    0.00   88.92
01:11:16     all    7.79    0.00    1.51    0.00    0.00    2.01    0.00    0.00    0.00   88.69
01:11:17     all    8.06    0.00    0.76    0.00    0.00    2.02    0.00    0.00    0.00   89.17
01:11:18     all    7.32    0.00    1.52    0.00    0.00    2.02    0.00    0.00    0.00   89.14
01:11:19     all    8.02    0.00    1.25    0.25    0.00    2.01    0.00    0.00    0.00   88.47
01:11:20     all    8.52    0.00    1.25    0.00    0.00    1.50    0.50    0.00    0.00   88.22
01:11:21     all    7.81    0.00    1.26    0.00    0.00    2.02    0.00    0.00    0.00   88.92
01:11:22     all    7.65    0.00    1.28    0.00    0.00    1.53    0.00    0.00    0.00   89.54
01:11:23     all    8.02    0.00    1.00    0.00    0.00    2.26    0.25    0.00    0.00   88.47
01:11:24     all    8.35    0.00    1.52    0.76    0.00    1.77    0.25    0.00    0.00   87.34
01:11:25     all    8.04    0.00    1.01    0.00    0.00    2.01    0.00    0.00    0.00   88.94
01:11:26     all    7.83    0.00    1.01    0.00    0.00    2.27    0.00    0.00    0.00   88.89
01:11:27     all    8.56    0.00    1.26    0.00    0.00    1.26    0.00    0.00    0.00   88.92
01:11:28     all    7.83    0.00    1.26    0.00    0.00    2.27    0.00    0.00    0.00   88.64
01:11:29     all    8.08    0.00    1.26    0.25    0.00    1.52    0.00    0.00    0.00   88.89
01:11:30     all    8.25    0.00    1.50    0.00    0.00    2.25    0.00    0.00    0.00   88.00
01:11:31     all    8.31    0.00    0.76    0.00    0.00    1.76    0.00    0.00    0.00   89.17
01:11:32     all    7.91    0.00    0.77    0.00    0.00    1.79    0.00    0.00    0.00   89.54
01:11:33     all    8.02    0.00    1.25    0.00    0.00    1.75    0.00    0.00    0.00   88.97
01:11:34     all    7.11    0.00    1.02    0.00    0.00    2.03    0.00    0.00    0.00   89.85
01:11:35     all    7.81    0.00    1.26    0.00    0.00    2.27    0.00    0.00    0.00   88.66
01:11:36     all    7.75    0.00    1.25    0.00    0.00    2.75    0.00    0.00    0.00   88.25
01:11:37     all    7.81    0.00    1.51    0.00    0.00    1.76    0.50    0.00    0.00   88.41
01:11:38     all    8.29    0.00    1.26    0.00    0.00    2.01    0.00    0.00    0.00   88.44
01:11:39     all    7.61    0.00    1.02    0.00    0.00    2.03    0.00    0.00    0.00   89.34
01:11:40     all    8.23    0.00    1.25    0.00    0.00    2.24    0.25    0.00    0.00   88.03
01:11:41     all    7.87    0.00    1.02    0.00    0.00    1.78    0.00    0.00    0.00   89.34
01:11:42     all    7.79    0.00    1.76    0.00    0.00    1.76    0.25    0.00    0.00   88.44
01:11:43     all    8.27    0.00    1.25    0.00    0.00    2.26    0.00    0.00    0.00   88.22
01:11:44     all    7.40    0.00    1.02    0.00    0.00    1.53    0.00    0.00    0.00   90.05
01:11:45     all    8.04    0.00    1.01    0.00    0.00    2.51    0.00    0.00    0.00   88.44
01:11:46     all    8.56    0.00    1.01    0.00    0.00    1.76    0.00    0.00    0.00   88.66
01:11:47     all    7.56    0.00    1.76    0.00    0.00    1.76    0.00    0.00    0.00   88.92
01:11:48     all    8.52    0.00    1.25    0.00    0.00    1.75    0.00    0.00    0.00   88.47
01:11:49     all    8.06    0.00    0.76    0.00    0.00    2.27    0.00    0.00    0.00   88.92
01:11:50     all    8.08    0.00    1.26    0.00    0.00    2.02    0.00    0.00    0.00   88.64
01:11:51     all    7.85    0.00    1.27    0.00    0.00    1.52    0.00    0.00    0.00   89.37
01:11:52     all    7.56    0.00    1.26    0.00    0.00    2.02    0.00    0.00    0.00   89.17
01:11:53     all    8.04    0.00    1.01    0.00    0.00    1.76    0.25    0.00    0.00   88.94
01:11:54     all    7.59    0.00    1.01    0.00    0.00    2.03    0.00    0.00    0.00   89.37
01:11:55     all    8.29    0.00    1.26    0.00    0.00    2.01    0.00    0.00    0.00   88.44
01:11:56     all    8.06    0.00    1.01    0.00    0.00    1.76    0.25    0.00    0.00   88.92
01:11:57     all    8.00    0.00    1.75    0.00    0.00    1.75    0.25    0.00    0.00   88.25
01:11:58     all    7.58    0.00    1.52    0.00    0.00    1.77    0.00    0.00    0.00   89.14
01:11:59     all    7.54    0.00    1.76    0.00    0.00    1.76    0.00    0.00    0.00   88.94
01:12:00     all    7.58    0.00    1.26    0.00    0.00    2.27    0.00    0.00    0.00   88.89
01:12:01     all    7.32    0.00    1.01    0.00    0.00    2.02    0.25    0.00    0.00   89.39
01:12:02     all    8.14    0.00    0.76    0.00    0.00    1.53    0.00    0.00    0.00   89.57
01:12:03     all    7.07    0.00    1.77    0.00    0.00    2.02    0.00    0.00    0.00   89.14
01:12:04     all    8.50    0.00    1.00    0.00    0.00    1.75    0.00    0.00    0.00   88.75
01:12:05     all    7.89    0.00    1.27    0.00    0.00    1.53    0.00    0.00    0.00   89.31
01:12:06     all    8.29    0.00    1.01    0.00    0.00    2.26    0.00    0.00    0.00   88.44
01:12:07     all    8.31    0.00    1.26    0.00    0.00    2.02    0.00    0.00    0.00   88.41
01:12:08     all    7.89    0.00    1.02    0.25    0.00    1.53    0.00    0.00    0.00   89.31
01:12:09     all    8.29    0.00    1.51    0.00    0.00    1.76    0.25    0.00    0.00   88.19
01:12:10     all    8.61    0.00    1.01    0.00    0.00    2.03    0.00    0.00    0.00   88.35
01:12:11     all    7.58    0.00    1.26    0.00    0.00    2.53    0.00    0.00    0.00   88.64
01:12:12     all    8.06    0.00    1.01    0.00    0.00    2.02    0.25    0.00    0.00   88.66
01:12:13     all    7.63    0.00    1.27    0.00    0.00    1.53    0.25    0.00    0.00   89.31
01:12:14     all    7.81    0.00    1.01    0.00    0.00    2.02    0.00    0.00    0.00   89.17
01:12:15     all    7.79    0.00    1.26    0.00    0.00    2.01    0.00    0.00    0.00   88.94
01:12:16     all    7.36    0.00    1.27    0.00    0.00    1.78    0.00    0.00    0.00   89.59
01:12:17     all    8.54    0.00    1.26    0.00    0.00    1.76    0.00    0.00    0.00   88.44
01:12:18     all    7.54    0.00    1.26    0.00    0.00    2.01    0.00    0.00    0.00   89.20
01:12:19     all    8.10    0.00    1.01    0.00    0.00    1.77    0.00    0.00    0.00   89.11
01:12:20     all    8.35    0.00    1.01    0.00    0.00    1.27    0.25    0.00    0.00   89.11
01:12:21     all    8.25    0.00    1.50    0.00    0.00    1.75    0.00    0.00    0.00   88.50
01:12:22     all    8.35    0.00    1.27    0.00    0.00    1.77    0.00    0.00    0.00   88.61
01:12:23     all    8.73    0.00    1.00    0.00    0.00    2.24    0.25    0.00    0.00   87.78
01:12:24     all    8.12    0.00    1.27    0.00    0.00    1.52    0.00    0.00    0.00   89.09
01:12:25     all    8.29    0.00    1.01    0.00    0.00    2.01    0.00    0.00    0.00   88.69
01:12:26     all    8.33    0.00    0.76    0.00    0.00    2.27    0.25    0.00    0.00   88.38
01:12:27     all    9.07    0.00    1.01    0.00    0.00    1.51    0.00    0.00    0.00   88.41
01:12:28     all    8.59    0.00    1.26    0.00    0.00    1.52    0.00    0.00    0.00   88.64
01:12:29     all    8.06    0.00    1.01    0.00    0.00    2.02    0.25    0.00    0.00   88.66
01:12:30     all    8.12    0.00    1.27    0.00    0.00    1.27    0.00    0.00    0.00   89.34
01:12:31     all    8.27    0.00    1.00    0.00    0.00    2.01    0.00    0.00    0.00   88.72
01:12:32     all    8.31    0.00    1.26    0.00    0.00    2.02    0.00    0.00    0.00   88.41
01:12:33     all    8.31    0.00    1.26    0.00    0.00    1.76    0.00    0.00    0.00   88.66
01:12:34     all    8.10    0.00    1.01    0.00    0.00    2.03    0.00    0.00    0.00   88.86
01:12:35     all    8.35    0.00    1.01    0.00    0.00    1.27    0.00    0.00    0.00   89.37
01:12:36     all    8.29    0.00    1.01    0.00    0.00    1.76    0.00    0.00    0.00   88.94
01:12:37     all    8.27    0.00    1.25    0.00    0.00    2.01    0.00    0.00    0.00   88.47
01:12:38     all    8.10    0.00    1.27    0.00    0.00    1.77    0.25    0.00    0.00   88.61
01:12:39     all    8.27    0.00    1.25    0.00    0.00    1.75    0.25    0.00    0.00   88.47
01:12:40     all    7.89    0.00    1.02    0.00    0.00    1.78    0.00    0.00    0.00   89.31
01:12:41     all    8.10    0.00    0.76    0.00    0.00    1.52    0.25    0.00    0.00   89.37
01:12:42     all    7.79    0.00    1.76    0.00    0.00    1.76    0.00    0.00    0.00   88.69
01:12:43     all    7.85    0.00    1.01    0.00    0.00    1.77    0.00    0.00    0.00   89.37
01:12:44     all    8.29    0.00    1.26    0.00    0.00    2.01    0.00    0.00    0.00   88.44
01:12:45     all    7.87    0.00    1.27    0.00    0.00    1.78    0.00    0.00    0.00   89.09
01:12:46     all    7.65    0.00    1.02    0.00    0.00    1.53    0.00    0.00    0.00   89.80
01:12:47     all    7.32    0.00    1.52    0.00    0.00    2.02    0.00    0.00    0.00   89.14
01:12:48     all    8.54    0.00    1.01    0.00    0.00    2.01    0.25    0.00    0.00   88.19
01:12:49     all    8.29    0.00    0.75    0.00    0.00    2.01    0.00    0.00    0.00   88.94
01:12:50     all    7.85    0.00    1.52    0.00    0.00    1.52    0.00    0.00    0.00   89.11
01:12:51     all    8.54    0.00    1.26    0.00    0.00    1.76    0.00    0.00    0.00   88.44
01:12:52     all    8.04    0.00    1.01    0.00    0.00    2.26    0.00    0.00    0.00   88.69
01:12:53     all    7.85    0.00    1.01    0.00    0.00    2.28    0.25    0.00    0.00   88.61
01:12:54     all    8.12    0.00    1.27    0.00    0.00    1.52    0.00    0.00    0.00   89.09
01:12:55     all    8.27    0.00    1.25    0.00    0.00    2.26    0.00    0.00    0.00   88.22
01:12:56     all    8.04    0.00    1.51    0.00    0.00    2.26    0.00    0.00    0.00   88.19
01:12:57     all    8.08    0.00    1.01    0.00    0.00    2.02    0.25    0.00    0.00   88.64
01:12:58     all    7.79    0.00    1.76    0.25    0.00    1.76    0.25    0.00    0.00   88.19
01:12:59     all    7.83    0.00    1.26    0.00    0.00    2.02    0.00    0.00    0.00   88.89
01:13:00     all    8.29    0.00    1.26    0.00    0.00    1.76    0.00    0.00    0.00   88.69
01:13:01     all    7.83    0.00    1.01    0.00    0.00    2.02    0.00    0.00    0.00   89.14
01:13:02     all    8.31    0.00    1.26    0.00    0.00    2.02    0.00    0.00    0.00   88.41
01:13:03     all    8.35    0.00    0.76    0.00    0.00    1.77    0.00    0.00    0.00   89.11
01:13:04     all    8.29    0.00    1.51    0.00    0.00    1.76    0.00    0.00    0.00   88.44
01:13:05     all    7.79    0.00    1.51    0.00    0.00    2.01    0.00    0.00    0.00   88.69
01:13:06     all    7.87    0.00    0.76    0.00    0.00    1.78    0.25    0.00    0.00   89.34
01:13:07     all    8.31    0.00    1.26    0.00    0.00    1.51    0.00    0.00    0.00   88.92
01:13:08     all    8.52    0.00    1.00    0.00    0.00    1.75    0.25    0.00    0.00   88.47
01:13:09     all    7.83    0.00    1.26    0.00    0.00    1.77    0.00    0.00    0.00   89.14
01:13:10     all    7.40    0.00    1.28    0.00    0.00    1.53    0.00    0.00    0.00   89.80
01:13:11     all    7.79    0.00    1.26    0.00    0.00    1.76    0.00    0.00    0.00   89.20
01:13:12     all    7.29    0.00    1.51    0.00    0.00    2.26    0.25    0.00    0.00   88.69
01:13:13     all    7.77    0.00    1.25    0.00    0.00    2.01    0.00    0.00    0.00   88.97
01:13:14     all    7.91    0.00    1.02    0.00    0.00    1.28    0.00    0.00    0.00   89.80
01:13:15     all    7.54    0.00    1.01    0.00    0.00    2.01    0.25    0.00    0.00   89.20
01:13:16     all    7.77    0.00    1.25    0.00    0.00    2.26    0.00    0.00    0.00   88.72
01:13:17     all    7.34    0.00    1.01    0.00    0.00    1.52    0.00    0.00    0.00   90.13
01:13:18     all    7.11    0.00    1.02    0.00    0.00    2.03    0.00    0.00    0.00   89.85
01:13:19     all    8.27    0.00    1.50    0.00    0.00    1.75    0.00    0.00    0.00   88.47
01:13:20     all    8.06    0.00    0.76    0.00    0.00    2.02    0.00    0.00    0.00   89.17
01:13:21     all    7.59    0.00    1.52    0.00    0.00    1.52    0.00    0.00    0.00   89.37
01:13:22     all    7.98    0.00    1.25    0.00    0.00    2.24    0.00    0.00    0.00   88.53
01:13:23     all    7.89    0.00    1.27    0.00    0.00    1.53    0.00    0.00    0.00   89.31
01:13:24     all    8.46    0.00    1.49    0.00    0.00    1.74    0.50    0.00    0.00   87.81
01:13:25     all    8.06    0.00    1.26    0.00    0.00    1.76    0.00    0.00    0.00   88.92
01:13:26     all    7.87    0.00    1.02    0.00    0.00    1.78    0.00    0.00    0.00   89.34
01:13:27     all    8.06    0.00    1.01    0.00    0.00    2.02    0.25    0.00    0.00   88.66
01:13:28     all    8.10    0.00    1.01    0.00    0.00    1.77    0.00    0.00    0.00   89.11
01:13:29     all    8.33    0.00    0.76    0.00    0.00    1.52    0.00    0.00    0.00   89.39
01:13:30     all    7.59    0.00    1.27    0.00    0.00    2.28    0.00    0.00    0.00   88.86
01:13:31     all    8.56    0.00    1.01    0.00    0.00    1.51    0.00    0.00    0.00   88.92
01:13:32     all    8.33    0.00    1.01    0.00    0.00    1.77    0.00    0.00    0.00   88.89
01:13:33     all    7.79    0.00    1.26    0.00    0.00    2.26    0.00    0.00    0.00   88.69
01:13:34     all    7.75    0.00    1.25    0.00    0.00    2.00    0.25    0.00    0.00   88.75
01:13:35     all    8.31    0.00    1.26    0.00    0.00    1.76    0.00    0.00    0.00   88.66
01:13:36     all    8.59    0.00    0.76    0.00    0.00    1.52    0.00    0.00    0.00   89.14
01:13:37     all    7.83    0.00    1.52    0.00    0.00    1.77    0.00    0.00    0.00   88.89
01:13:38     all    7.85    0.00    0.76    0.00    0.00    2.03    0.00    0.00    0.00   89.37
01:13:39     all    7.87    0.00    1.02    0.00    0.00    1.52    0.00    0.00    0.00   89.59
01:13:40     all    8.06    0.00    0.76    0.00    0.00    1.76    0.25    0.00    0.00   89.17
01:13:41     all    7.34    0.00    1.27    0.00    0.00    2.03    0.00    0.00    0.00   89.37
01:13:42     all    7.54    0.00    1.51    0.00    0.00    1.76    0.25    0.00    0.00   88.94
01:13:43     all    7.07    0.00    0.76    0.00    0.00    2.53    0.00    0.00    0.00   89.65
01:13:44     all    7.83    0.00    0.76    0.00    0.00    2.02    0.00    0.00    0.00   89.39
01:13:45     all    8.02    0.00    1.50    0.00    0.00    1.50    0.25    0.00    0.00   88.72
01:13:46     all    8.08    0.00    1.26    0.00    0.00    2.02    0.00    0.00    0.00   88.64
01:13:47     all    8.27    0.00    1.25    0.00    0.00    2.01    0.00    0.00    0.00   88.47
01:13:48     all    7.85    0.00    1.01    0.00    0.00    1.52    0.00    0.00    0.00   89.62
01:13:49     all    3.78    0.00    0.50    0.00    0.00    1.01    0.00    0.00    0.00   94.71
01:13:50     all    7.85    0.00    1.27    0.00    0.00    1.27    0.00    0.00    0.00   89.62
01:13:51     all    7.81    0.00    1.26    0.00    0.00    1.51    0.00    0.00    0.00   89.42
01:13:52     all    7.34    0.00    1.01    0.00    0.00    1.77    0.00    0.00    0.00   89.87
01:13:53     all    7.30    0.00    1.01    0.00    0.00    2.27    0.00    0.00    0.00   89.42
01:13:54     all    7.79    0.00    1.01    0.00    0.00    2.01    0.00    0.00    0.00   89.20
01:13:55     all    8.08    0.00    1.52    0.00    0.00    1.77    0.00    0.00    0.00   88.64
01:13:56     all    7.79    0.00    1.26    0.00    0.00    2.01    0.25    0.00    0.00   88.69
01:13:57     all    8.75    0.00    0.75    0.00    0.00    2.00    0.00    0.00    0.00   88.50
01:13:58     all    7.54    0.00    1.51    0.00    0.00    2.01    0.25    0.00    0.00   88.69
01:13:59     all    8.10    0.00    1.01    0.25    0.00    1.52    0.00    0.00    0.00   89.11
01:14:00     all    7.52    0.00    1.50    0.00    0.00    1.75    0.25    0.00    0.00   88.97
01:14:01     all    7.09    0.00    1.27    0.00    0.00    1.52    0.00    0.00    0.00   90.13
01:14:02     all    7.81    0.00    1.26    0.00    0.00    1.76    0.00    0.00    0.00   89.17
01:14:03     all    7.75    0.00    1.25    0.00    0.00    2.50    0.25    0.00    0.00   88.25
01:14:04     all    7.83    0.00    1.01    0.00    0.00    2.27    0.00    0.00    0.00   88.89
01:14:05     all    7.58    0.00    1.01    0.00    0.00    2.27    0.00    0.00    0.00   89.14
01:14:06     all    8.35    0.00    1.01    0.00    0.00    1.77    0.00    0.00    0.00   88.86
01:14:07     all    8.29    0.00    1.51    0.00    0.00    1.76    0.00    0.00    0.00   88.44
01:14:08     all    8.00    0.00    1.75    0.00    0.00    2.00    0.00    0.00    0.00   88.25
01:14:09     all    7.61    0.00    0.76    0.00    0.00    1.78    0.00    0.00    0.00   89.85
01:14:10     all    8.38    0.00    1.02    0.00    0.00    2.03    0.00    0.00    0.00   88.58
01:14:11     all    7.50    0.00    1.25    0.00    0.00    2.50    0.00    0.00    0.00   88.75
01:14:12     all    7.87    0.00    1.27    0.00    0.00    1.78    0.00    0.00    0.00   89.09
01:14:13     all    7.59    0.00    1.27    0.00    0.00    1.52    0.00    0.00    0.00   89.62
01:14:14     all    8.00    0.00    1.25    0.00    0.00    2.00    0.25    0.00    0.00   88.50
01:14:15     all    7.58    0.00    1.26    0.00    0.00    2.02    0.00    0.00    0.00   89.14
01:14:16     all    7.81    0.00    1.01    0.00    0.00    1.51    0.50    0.00    0.00   89.17
01:14:17     all    7.11    0.00    1.27    0.00    0.00    1.52    0.00    0.00    0.00   90.10
01:14:18     all    7.52    0.00    1.00    0.00    0.00    2.26    0.00    0.00    0.00   89.22
01:14:19     all    7.29    0.00    1.51    0.00    0.00    1.76    0.25    0.00    0.00   89.20
01:14:20     all    8.12    0.00    0.51    0.25    0.00    1.52    0.00    0.00    0.00   89.59
01:14:21     all    7.56    0.00    1.26    0.00    0.00    1.76    0.00    0.00    0.00   89.42
01:14:22     all    7.58    0.00    1.52    0.00    0.00    1.77    0.00    0.00    0.00   89.14
01:14:23     all    8.27    0.00    0.75    0.00    0.00    2.26    0.00    0.00    0.00   88.72
01:14:24     all    7.30    0.00    1.26    0.00    0.00    1.51    0.00    0.00    0.00   89.92
01:14:25     all    7.61    0.00    0.76    0.00    0.00    2.03    0.00    0.00    0.00   89.59
01:14:26     all    8.02    0.00    1.25    0.00    0.00    2.26    0.00    0.00    0.00   88.47
01:14:27     all    7.83    0.00    1.01    0.00    0.00    1.77    0.00    0.00    0.00   89.39
01:14:28     all    7.56    0.00    1.01    0.00    0.00    2.27    0.00    0.00    0.00   89.17
01:14:29     all    7.32    0.00    1.01    0.00    0.00    2.02    0.00    0.00    0.00   89.65
01:14:30     all    8.04    0.00    1.51    0.00    0.00    1.76    0.25    0.00    0.00   88.44
01:14:31     all    8.08    0.00    1.01    0.00    0.00    1.52    0.00    0.00    0.00   89.39
01:14:32     all    6.85    0.00    1.27    0.00    0.00    1.78    0.25    0.00    0.00   89.85
01:14:33     all    7.58    0.00    1.26    0.00    0.00    1.52    0.00    0.00    0.00   89.65
01:14:34     all    8.02    0.00    1.25    0.00    0.00    2.01    0.00    0.00    0.00   88.72
01:14:35     all    7.11    0.00    0.76    0.00    0.00    1.52    0.25    0.00    0.00   90.36
01:14:36     all    8.54    0.00    1.26    0.00    0.00    1.76    0.00    0.00    0.00   88.44
01:14:37     all    7.98    0.00    1.25    0.25    0.00    2.00    0.00    0.00    0.00   88.53
01:14:38     all    7.81    0.00    1.26    0.00    0.00    1.51    0.25    0.00    0.00   89.17
01:14:39     all    8.08    0.00    1.01    0.00    0.00    1.52    0.00    0.00    0.00   89.39
01:14:40     all    7.83    0.00    1.01    0.00    0.00    2.27    0.00    0.00    0.00   88.89
01:14:41     all    7.54    0.00    1.26    0.00    0.00    1.76    0.00    0.00    0.00   89.45
01:14:42     all    8.04    0.00    1.01    0.00    0.00    2.01    0.00    0.00    0.00   88.94
01:14:43     all    8.00    0.00    1.25    0.00    0.00    1.75    0.00    0.00    0.00   89.00
01:14:44     all    8.12    0.00    1.27    0.00    0.00    1.27    0.00    0.00    0.00   89.34
01:14:45     all    7.98    0.00    1.50    0.00    0.00    2.24    0.00    0.00    0.00   88.28
01:14:46     all    7.85    0.00    1.27    0.00    0.00    1.77    0.00    0.00    0.00   89.11
01:14:47     all    7.36    0.00    1.02    0.00    0.00    1.78    0.00    0.00    0.00   89.85
01:14:48     all    8.29    0.00    1.01    0.00    0.00    1.76    0.00    0.00    0.00   88.94
01:14:49     all    7.58    0.00    1.01    0.00    0.00    2.27    0.25    0.00    0.00   88.89
01:14:50     all    7.52    0.00    1.75    0.00    0.00    1.75    0.25    0.00    0.00   88.72
01:14:51     all    7.56    0.00    1.01    0.00    0.00    2.02    0.00    0.00    0.00   89.42
01:14:52     all    7.87    0.00    1.27    0.00    0.00    1.78    0.00    0.00    0.00   89.09
01:14:53     all    7.58    0.00    1.77    0.00    0.00    1.52    0.00    0.00    0.00   89.14
01:14:54     all    8.75    0.00    1.25    0.00    0.00    2.00    0.00    0.00    0.00   88.00
01:14:55     all    8.12    0.00    1.02    0.00    0.00    1.52    0.00    0.00    0.00   89.34
01:14:56     all    7.81    0.00    1.01    0.00    0.00    2.02    0.00    0.00    0.00   89.17
01:14:57     all    7.79    0.00    1.51    0.25    0.00    1.51    0.25    0.00    0.00   88.69
01:14:58     all    7.56    0.00    1.01    0.00    0.00    2.27    0.00    0.00    0.00   89.17
01:14:59     all    7.79    0.00    1.26    0.00    0.00    2.01    0.25    0.00    0.00   88.69
01:15:00     all    8.63    0.00    2.54    1.27    0.00    1.78    0.00    0.00    0.00   85.79
01:15:01     all    7.85    0.00    1.27    0.25    0.00    2.03    0.00    0.00    0.00   88.61
01:15:02     all    7.98    0.00    1.25    0.00    0.00    2.00    0.00    0.00    0.00   88.78
01:15:03     all    8.10    0.00    1.01    0.00    0.00    1.77    0.00    0.00    0.00   89.11
01:15:04     all    7.52    0.00    1.50    0.00    0.00    2.01    0.00    0.00    0.00   88.97
01:15:05     all    7.61    0.00    1.02    0.00    0.00    1.78    0.00    0.00    0.00   89.59
01:15:06     all    7.30    0.00    1.26    0.00    0.00    2.27    0.00    0.00    0.00   89.17
01:15:07     all    8.33    0.00    1.01    0.00    0.00    1.01    0.25    0.00    0.00   89.39
01:15:08     all    7.83    0.00    1.26    0.00    0.00    1.77    0.00    0.00    0.00   89.14
01:15:09     all    7.56    0.00    1.01    0.00    0.00    2.02    0.25    0.00    0.00   89.17
01:15:10     all    7.89    0.00    1.27    0.00    0.00    1.53    0.00    0.00    0.00   89.31
01:15:11     all    7.56    0.00    1.51    0.00    0.00    1.51    0.00    0.00    0.00   89.42
01:15:12     all    7.34    0.00    1.01    0.00    0.00    2.03    0.00    0.00    0.00   89.62
01:15:13     all    7.36    0.00    1.02    0.00    0.00    2.03    0.00    0.00    0.00   89.59
01:15:14     all    8.33    0.00    1.01    0.00    0.00    1.77    0.00    0.00    0.00   88.89
01:15:15     all    7.73    0.00    1.75    0.00    0.00    2.00    0.00    0.00    0.00   88.53
01:15:16     all    7.83    0.00    1.01    0.00    0.00    1.77    0.00    0.00    0.00   89.39
01:15:17     all    7.71    0.00    1.49    0.25    0.00    1.99    0.25    0.00    0.00   88.31
01:15:18     all    7.81    0.00    1.01    0.00    0.00    2.02    0.00    0.00    0.00   89.17
01:15:19     all    7.81    0.00    1.01    0.00    0.00    2.02    0.00    0.00    0.00   89.17
01:15:20     all    7.58    0.00    1.26    0.00    0.00    1.77    0.00    0.00    0.00   89.39
01:15:21     all    7.58    0.00    0.76    0.00    0.00    1.77    0.25    0.00    0.00   89.65
01:15:22     all    8.04    0.00    1.51    0.00    0.00    1.76    0.00    0.00    0.00   88.69
01:15:23     all    7.54    0.00    1.26    0.00    0.00    2.01    0.00    0.00    0.00   89.20
01:15:24     all    7.32    0.00    1.01    0.25    0.00    2.02    0.00    0.00    0.00   89.39
01:15:25     all    7.32    0.00    1.26    0.00    0.00    1.77    0.25    0.00    0.00   89.39
01:15:26     all    7.75    0.00    1.25    0.00    0.00    2.25    0.00    0.00    0.00   88.75
01:15:27     all    8.38    0.00    0.51    0.00    0.00    1.27    0.00    0.00    0.00   89.85
01:15:28     all    8.02    0.00    1.00    0.00    0.00    2.26    0.00    0.00    0.00   88.72
01:15:29     all    8.02    0.00    1.50    0.00    0.00    2.01    0.25    0.00    0.00   88.22
01:15:30     all    8.35    0.00    0.76    0.00    0.00    1.52    0.00    0.00    0.00   89.37
01:15:31     all    8.33    0.00    1.01    0.00    0.00    1.77    0.00    0.00    0.00   88.89
01:15:32     all    7.58    0.00    1.52    0.00    0.00    1.77    0.00    0.00    0.00   89.14
01:15:33     all    7.73    0.00    1.50    0.00    0.00    2.24    0.00    0.00    0.00   88.53
01:15:34     all    7.77    0.00    1.25    0.00    0.00    1.75    0.00    0.00    0.00   89.22
01:15:35     all    7.87    0.00    1.02    0.00    0.00    1.78    0.00    0.00    0.00   89.34
01:15:36     all    8.10    0.00    1.27    0.00    0.00    1.77    0.00    0.00    0.00   88.86
01:15:37     all    8.08    0.00    1.01    0.00    0.00    1.77    0.00    0.00    0.00   89.14
01:15:38     all    7.77    0.00    1.00    0.00    0.00    2.01    0.25    0.00    0.00   88.97
01:15:39     all    8.33    0.00    1.26    0.00    0.00    1.52    0.00    0.00    0.00   88.89
01:15:40     all    7.56    0.00    1.26    0.00    0.00    1.76    0.00    0.00    0.00   89.42
01:15:41     all    7.52    0.00    1.25    0.00    0.00    2.01    0.25    0.00    0.00   88.97
01:15:42     all    8.31    0.00    0.76    0.00    0.00    2.02    0.25    0.00    0.00   88.66
01:15:43     all    7.85    0.00    1.27    0.00    0.00    1.52    0.00    0.00    0.00   89.37
01:15:44     all    7.79    0.00    1.01    0.00    0.00    2.26    0.00    0.00    0.00   88.94
01:15:45     all    7.87    0.00    1.02    0.00    0.00    1.78    0.00    0.00    0.00   89.34
01:15:46     all    8.06    0.00    1.01    0.00    0.00    1.76    0.25    0.00    0.00   88.92
01:15:47     all    8.12    0.00    1.02    0.00    0.00    1.78    0.00    0.00    0.00   89.09
01:15:48     all    8.06    0.00    1.26    0.00    0.00    1.76    0.00    0.00    0.00   88.92
01:15:49     all    7.87    0.00    1.27    0.00    0.00    1.52    0.00    0.00    0.00   89.34
01:15:50     all    8.33    0.00    0.76    0.00    0.00    2.02    0.00    0.00    0.00   88.89
01:15:51     all    7.52    0.00    1.75    0.00    0.00    2.01    0.00    0.00    0.00   88.72
01:15:52     all    7.85    0.00    1.01    0.00    0.00    1.77    0.00    0.00    0.00   89.37
01:15:53     all    7.83    0.00    1.52    0.00    0.00    2.02    0.00    0.00    0.00   88.64
01:15:54     all    8.29    0.00    1.26    0.00    0.00    1.51    0.00    0.00    0.00   88.94
01:15:55     all    7.59    0.00    1.27    0.00    0.00    1.77    0.00    0.00    0.00   89.37
01:15:56     all    8.77    0.00    1.25    0.00    0.00    1.75    0.00    0.00    0.00   88.22
01:15:57     all    7.87    0.00    1.27    0.00    0.00    1.52    0.51    0.00    0.00   88.83
01:15:58     all    8.31    0.00    1.01    0.00    0.00    2.02    0.00    0.00    0.00   88.66
01:15:59     all    8.04    0.00    1.26    0.25    0.00    2.01    0.00    0.00    0.00   88.44
01:16:00     all    8.08    0.00    1.52    0.00    0.00    1.77    0.00    0.00    0.00   88.64
01:16:01     all    8.79    0.00    1.26    0.00    0.00    1.76    0.25    0.00    0.00   87.94
01:16:02     all    7.34    0.00    1.01    0.00    0.00    2.28    0.25    0.00    0.00   89.11
01:16:03     all    8.06    0.00    1.51    0.00    0.00    1.26    0.00    0.00    0.00   89.17
01:16:04     all    8.12    0.00    1.52    0.00    0.00    1.52    0.00    0.00    0.00   88.83
01:16:05     all    8.33    0.00    1.01    0.00    0.00    2.02    0.00    0.00    0.00   88.64
01:16:06     all    7.59    0.00    1.52    0.00    0.00    1.77    0.00    0.00    0.00   89.11
01:16:07     all    8.54    0.00    0.75    0.00    0.00    2.26    0.00    0.00    0.00   88.44
01:16:08     all    8.06    0.00    1.26    0.00    0.00    1.51    0.00    0.00    0.00   89.17
01:16:09     all    8.14    0.00    0.76    0.00    0.00    1.78    0.00    0.00    0.00   89.31
01:16:10     all    8.04    0.00    1.76    0.00    0.00    2.01    0.00    0.00    0.00   88.19
01:16:11     all    8.10    0.00    0.76    0.00    0.00    2.03    0.25    0.00    0.00   88.86
01:16:12     all    8.54    0.00    1.26    0.00    0.00    2.01    0.00    0.00    0.00   88.19
01:16:13     all    7.83    0.00    1.01    0.00    0.00    2.27    0.00    0.00    0.00   88.89
01:16:14     all    8.29    0.00    1.51    0.00    0.00    2.01    0.00    0.00    0.00   88.19
01:16:15     all    8.00    0.00    1.25    0.00    0.00    2.25    0.25    0.00    0.00   88.25
01:16:16     all    8.12    0.00    1.02    0.00    0.00    1.78    0.25    0.00    0.00   88.83
01:16:17     all    8.25    0.00    1.25    0.00    0.00    2.25    0.00    0.00    0.00   88.25
01:16:18     all    8.10    0.00    1.27    0.00    0.00    1.52    0.00    0.00    0.00   89.11
01:16:19     all    7.87    0.00    1.02    0.00    0.00    2.03    0.00    0.00    0.00   89.09
01:16:20     all    8.12    0.00    1.02    0.00    0.00    2.03    0.00    0.00    0.00   88.83
01:16:21     all    8.50    0.00    1.50    0.00    0.00    1.50    0.25    0.00    0.00   88.25
01:16:22     all    7.58    0.00    2.02    0.00    0.00    1.77    0.00    0.00    0.00   88.64
01:16:23     all    7.56    0.00    1.26    0.00    0.00    2.02    0.00    0.00    0.00   89.17
01:16:24     all    7.56    0.00    1.76    0.00    0.00    2.27    0.00    0.00    0.00   88.41
01:16:25     all    8.08    0.00    0.51    0.00    0.00    1.77    0.25    0.00    0.00   89.39
01:16:26     all    7.81    0.00    1.26    0.00    0.00    2.27    0.00    0.00    0.00   88.66
01:16:27     all    7.85    0.00    1.52    0.00    0.00    1.52    0.00    0.00    0.00   89.11
01:16:28     all    7.59    0.00    1.27    0.00    0.00    1.77    0.00    0.00    0.00   89.37
01:16:29     all    7.32    0.00    1.01    0.00    0.00    2.02    0.00    0.00    0.00   89.65
01:16:30     all    8.52    0.00    1.00    0.00    0.00    1.75    0.00    0.00    0.00   88.72
01:16:31     all    7.30    0.00    1.51    0.00    0.00    2.52    0.00    0.00    0.00   88.66
01:16:32     all    8.29    0.00    1.01    0.00    0.00    1.51    0.25    0.00    0.00   88.94
01:16:33     all    7.81    0.00    1.51    0.00    0.00    1.76    0.00    0.00    0.00   88.92
01:16:34     all    7.63    0.00    0.76    0.00    0.00    2.04    0.00    0.00    0.00   89.57
01:16:35     all    8.06    0.00    1.01    0.00    0.00    2.02    0.00    0.00    0.00   88.92
01:16:36     all    8.00    0.00    1.25    0.00    0.00    2.00    0.25    0.00    0.00   88.50
01:16:37     all    7.58    0.00    1.52    0.00    0.00    2.02    0.00    0.00    0.00   88.89
01:16:38     all    8.08    0.00    1.26    0.00    0.00    1.77    0.00    0.00    0.00   88.89
01:16:39     all    8.12    0.00    1.02    0.00    0.00    1.78    0.00    0.00    0.00   89.09
01:16:40     all    7.98    0.00    1.50    0.00    0.00    2.24    0.25    0.00    0.00   88.03
01:16:41     all    7.61    0.00    1.02    0.00    0.00    1.78    0.00    0.00    0.00   89.59
01:16:42     all    8.06    0.00    1.26    0.00    0.00    2.02    0.00    0.00    0.00   88.66
01:16:43     all    8.04    0.00    1.01    0.25    0.00    1.76    0.00    0.00    0.00   88.94
01:16:44     all    7.32    0.00    1.01    0.00    0.00    2.02    0.25    0.00    0.00   89.39
01:16:45     all    8.06    0.00    1.76    0.00    0.00    1.51    0.00    0.00    0.00   88.66
01:16:46     all    7.79    0.00    1.01    0.00    0.00    2.51    0.00    0.00    0.00   88.69
01:16:47     all    7.61    0.00    1.27    0.00    0.00    1.78    0.00    0.00    0.00   89.34
01:16:48     all    7.83    0.00    1.26    0.00    0.00    2.02    0.00    0.00    0.00   88.89
01:16:49     all    5.05    0.00    0.00    0.00    0.00    1.26    0.00    0.00    0.00   93.69
01:16:50     all    5.32    0.00    1.01    0.00    0.00    1.27    0.25    0.00    0.00   92.15
01:16:51     all    7.50    0.00    1.25    0.00    0.00    2.25    0.00    0.00    0.00   89.00
01:16:52     all    7.32    0.00    1.01    0.00    0.00    1.77    0.00    0.00    0.00   89.90
01:16:53     all    7.85    0.00    1.01    0.00    0.00    1.77    0.00    0.00    0.00   89.37
01:16:54     all    6.77    0.00    1.25    0.00    0.00    1.50    0.00    0.00    0.00   90.48
01:16:55     all    7.63    0.00    1.27    0.00    0.00    1.53    0.00    0.00    0.00   89.57
01:16:56     all    8.54    0.00    1.26    0.00    0.00    1.76    0.00    0.00    0.00   88.44
01:16:57     all    8.06    0.00    1.26    0.00    0.00    2.02    0.25    0.00    0.00   88.41
01:16:58     all    8.12    0.00    1.27    0.00    0.00    1.52    0.00    0.00    0.00   89.09
01:16:59     all    8.14    0.00    0.76    0.00    0.00    1.78    0.00    0.00    0.00   89.31
01:17:00     all    8.19    0.00    1.74    0.00    0.00    2.23    0.25    0.00    0.00   87.59
01:17:01     all    7.85    0.00    0.76    0.00    0.00    2.28    0.25    0.00    0.00   88.86
01:17:02     all    7.38    0.00    1.53    0.00    0.00    1.27    0.00    0.00    0.00   89.82
01:17:03     all    8.25    0.00    1.50    0.00    0.00    2.25    0.00    0.00    0.00   88.00
01:17:04     all    8.59    0.00    1.01    0.00    0.00    1.77    0.00    0.00    0.00   88.64
01:17:05     all    7.63    0.00    1.53    0.00    0.00    1.53    0.00    0.00    0.00   89.31
01:17:06     all    8.79    0.00    1.01    0.00    0.00    1.76    0.25    0.00    0.00   88.19
01:17:07     all    7.89    0.00    1.02    0.25    0.00    2.04    0.00    0.00    0.00   88.80
01:17:08     all    8.50    0.00    1.50    0.00    0.00    1.75    0.00    0.00    0.00   88.25
01:17:09     all    7.65    0.00    1.02    0.00    0.00    2.04    0.00    0.00    0.00   89.29
01:17:10     all    7.58    0.00    1.77    0.00    0.00    2.02    0.00    0.00    0.00   88.64
01:17:11     all    8.29    0.00    1.26    0.00    0.00    2.26    0.00    0.00    0.00   88.19
01:17:12     all    8.29    0.00    1.26    0.00    0.00    1.76    0.00    0.00    0.00   88.69
01:17:13     all    7.59    0.00    1.52    0.00    0.00    1.77    0.00    0.00    0.00   89.11
01:17:14     all    7.89    0.00    0.76    0.00    0.00    2.04    0.00    0.00    0.00   89.31
01:17:15     all    8.54    0.00    0.75    0.00    0.00    1.76    0.50    0.00    0.00   88.44
01:17:16     all    8.06    0.00    1.26    0.00    0.00    2.27    0.00    0.00    0.00   88.41
01:17:17     all    7.05    0.00    1.26    0.00    0.00    2.27    0.25    0.00    0.00   89.17
01:17:18     all    8.10    0.00    1.27    0.00    0.00    1.52    0.00    0.00    0.00   89.11
01:17:19     all    7.56    0.00    1.51    0.00    0.00    2.27    0.00    0.00    0.00   88.66
01:17:20     all    7.56    0.00    1.51    0.00    0.00    2.02    0.00    0.00    0.00   88.92
01:17:21     all    8.29    0.00    1.26    0.00    0.00    1.76    0.25    0.00    0.00   88.44
01:17:22     all    8.14    0.00    0.76    0.00    0.00    1.78    0.00    0.00    0.00   89.31
01:17:23     all    8.04    0.00    1.01    0.00    0.00    2.26    0.00    0.00    0.00   88.69
01:17:24     all    7.81    0.00    1.01    0.00    0.00    2.02    0.00    0.00    0.00   89.17
01:17:25     all    8.06    0.00    1.26    0.00    0.00    1.51    0.00    0.00    0.00   89.17
01:17:26     all    8.04    0.00    1.26    0.00    0.00    2.01    0.00    0.00    0.00   88.69
01:17:27     all    7.58    0.00    1.26    0.00    0.00    1.77    0.00    0.00    0.00   89.39
01:17:28     all    8.10    0.00    1.01    0.00    0.00    1.77    0.00    0.00    0.00   89.11
01:17:29     all    7.27    0.00    1.25    0.00    0.00    2.01    0.00    0.00    0.00   89.47
01:17:30     all    8.35    0.00    0.76    0.00    0.00    2.03    0.00    0.00    0.00   88.86
01:17:31     all    7.77    0.00    1.25    0.00    0.00    2.01    0.25    0.00    0.00   88.72
01:17:32     all    8.29    0.00    1.26    0.00    0.00    2.01    0.00    0.00    0.00   88.44
01:17:33     all    7.52    0.00    1.50    0.00    0.00    2.01    0.00    0.00    0.00   88.97
01:17:34     all    7.89    0.00    0.76    0.00    0.00    1.27    0.00    0.00    0.00   90.08
01:17:35     all    7.29    0.00    1.26    0.00    0.00    2.01    0.25    0.00    0.00   89.20
01:17:36     all    7.29    0.00    1.01    0.00    0.00    2.51    0.00    0.00    0.00   89.20
01:17:37     all    8.52    0.00    1.00    0.00    0.00    1.75    0.25    0.00    0.00   88.47
01:17:38     all    7.83    0.00    1.26    0.00    0.00    1.77    0.00    0.00    0.00   89.14
01:17:39     all    8.29    0.00    1.26    0.00    0.00    1.51    0.25    0.00    0.00   88.69
01:17:40     all    7.83    0.00    1.01    0.00    0.00    2.02    0.00    0.00    0.00   89.14
01:17:41     all    7.29    0.00    1.51    0.00    0.00    2.01    0.00    0.00    0.00   89.20
01:17:42     all    7.38    0.00    1.02    0.00    0.00    1.53    0.00    0.00    0.00   90.08
01:17:43     all    7.58    0.00    1.01    0.00    0.00    2.02    0.00    0.00    0.00   89.39
01:17:44     all    8.54    0.00    1.01    0.00    0.00    1.76    0.00    0.00    0.00   88.69
01:17:45     all    7.79    0.00    1.51    0.00    0.00    2.01    0.00    0.00    0.00   88.69
01:17:46     all    8.29    0.00    1.01    0.00    0.00    2.01    0.00    0.00    0.00   88.69
01:17:47     all    7.32    0.00    1.77    0.00    0.00    1.77    0.00    0.00    0.00   89.14
01:17:48     all    7.58    0.00    1.01    0.00    0.00    2.02    0.00    0.00    0.00   89.39
01:17:49     all    7.79    0.00    1.01    0.00    0.00    1.76    0.25    0.00    0.00   89.20
01:17:50     all    7.87    0.00    1.02    0.00    0.00    2.03    0.00    0.00    0.00   89.09
01:17:51     all    7.56    0.00    1.26    0.00    0.00    1.76    0.00    0.00    0.00   89.42
01:17:52     all    8.52    0.00    0.75    0.00    0.00    2.26    0.00    0.00    0.00   88.47
01:17:53     all    8.12    0.00    1.02    0.25    0.00    1.52    0.00    0.00    0.00   89.09
01:17:54     all    7.81    0.00    1.01    0.00    0.00    2.02    0.00    0.00    0.00   89.17
01:17:55     all    7.52    0.00    1.25    0.00    0.00    2.26    0.25    0.00    0.00   88.72
01:17:56     all    7.61    0.00    1.02    0.00    0.00    1.52    0.25    0.00    0.00   89.59
01:17:57     all    7.29    0.00    1.51    0.00    0.00    1.76    0.25    0.00    0.00   89.20
01:17:58     all    7.81    0.00    1.01    0.00    0.00    1.76    0.00    0.00    0.00   89.42
01:17:59     all    7.83    0.00    1.52    0.00    0.00    2.02    0.00    0.00    0.00   88.64
01:18:00     all    8.06    0.00    1.26    0.00    0.00    2.02    0.00    0.00    0.00   88.66
01:18:01     all    8.08    0.00    1.01    0.00    0.00    2.02    0.00    0.00    0.00   88.89
01:18:02     all    7.83    0.00    1.52    0.00    0.00    2.02    0.00    0.00    0.00   88.64
01:18:03     all    7.85    0.00    1.01    0.00    0.00    2.03    0.00    0.00    0.00   89.11
01:18:04     all    7.83    0.00    1.26    0.00    0.00    2.27    0.00    0.00    0.00   88.64
01:18:05     all    8.52    0.00    1.25    0.00    0.00    1.75    0.25    0.00    0.00   88.22
01:18:06     all    7.81    0.00    1.26    0.00    0.00    2.27    0.00    0.00    0.00   88.66
01:18:07     all    7.79    0.00    1.51    0.00    0.00    2.26    0.00    0.00    0.00   88.44
01:18:08     all    8.29    0.00    1.26    0.00    0.00    2.26    0.00    0.00    0.00   88.19
01:18:09     all    8.06    0.00    1.26    0.00    0.00    2.02    0.00    0.00    0.00   88.66
01:18:10     all    8.54    0.00    1.51    0.00    0.00    2.01    0.25    0.00    0.00   87.69
01:18:11     all    7.54    0.00    1.51    0.25    0.00    2.01    0.00    0.00    0.00   88.69
01:18:12     all    8.10    0.00    1.01    0.00    0.00    2.28    0.25    0.00    0.00   88.35
01:18:13     all    8.52    0.00    0.75    0.00    0.00    2.26    0.25    0.00    0.00   88.22
01:18:14     all    7.81    0.00    1.51    0.00    0.00    2.02    0.00    0.00    0.00   88.66
01:18:15     all    7.56    0.00    1.51    0.00    0.00    1.76    0.00    0.00    0.00   89.17
01:18:16     all    8.04    0.00    1.26    0.00    0.00    1.76    0.00    0.00    0.00   88.94
01:18:17     all    7.77    0.00    1.25    0.00    0.00    2.51    0.25    0.00    0.00   88.22
01:18:18     all    7.83    0.00    1.52    0.00    0.00    1.77    0.00    0.00    0.00   88.89
01:18:19     all    7.79    0.00    1.26    0.00    0.00    1.76    0.00    0.00    0.00   89.20
01:18:20     all    7.58    0.00    1.01    0.00    0.00    2.02    0.00    0.00    0.00   89.39
01:18:21     all    7.81    0.00    1.26    0.00    0.00    1.76    0.00    0.00    0.00   89.17
01:18:22     all    8.14    0.00    1.02    0.00    0.00    1.27    0.00    0.00    0.00   89.57
01:18:23     all    8.02    0.00    1.25    0.00    0.00    2.01    0.00    0.00    0.00   88.72
01:18:24     all    7.87    0.00    0.76    0.00    0.00    2.03    0.00    0.00    0.00   89.34
01:18:25     all    8.00    0.00    1.50    0.00    0.00    2.00    0.00    0.00    0.00   88.50
01:18:26     all    8.52    0.00    0.75    0.00    0.00    2.26    0.25    0.00    0.00   88.22
01:18:27     all    7.07    0.00    1.52    0.00    0.00    1.77    0.00    0.00    0.00   89.65
01:18:28     all    7.85    0.00    1.01    0.00    0.00    1.52    0.00    0.00    0.00   89.62
01:18:29     all    8.29    0.00    1.26    0.00    0.00    2.26    0.00    0.00    0.00   88.19
01:18:30     all    8.06    0.00    0.76    0.00    0.00    2.02    0.25    0.00    0.00   88.92
01:18:31     all    7.79    0.00    1.51    0.00    0.00    1.76    0.00    0.00    0.00   88.94
01:18:32     all    7.89    0.00    0.76    0.00    0.00    1.53    0.25    0.00    0.00   89.57
01:18:33     all    7.54    0.00    1.26    0.00    0.00    2.26    0.00    0.00    0.00   88.94
01:18:34     all    7.48    0.00    1.50    0.00    0.00    2.24    0.25    0.00    0.00   88.53
01:18:35     all    7.85    0.00    0.76    0.00    0.00    1.52    0.00    0.00    0.00   89.87
01:18:36     all    7.79    0.00    1.26    0.00    0.00    2.01    0.00    0.00    0.00   88.94
01:18:37     all    7.09    0.00    1.27    0.00    0.00    1.77    0.00    0.00    0.00   89.87
01:18:38     all    7.58    0.00    1.26    0.00    0.00    1.52    0.00    0.00    0.00   89.65
01:18:39     all    7.83    0.00    0.76    0.00    0.00    2.02    0.00    0.00    0.00   89.39
01:18:40     all    8.02    0.00    1.50    0.00    0.00    1.75    0.00    0.00    0.00   88.72
01:18:41     all    7.58    0.00    1.26    0.00    0.00    1.77    0.00    0.00    0.00   89.39
01:18:42     all    8.04    0.00    1.01    0.00    0.00    2.01    0.25    0.00    0.00   88.69
01:18:43     all    7.54    0.00    1.51    0.00    0.00    1.76    0.00    0.00    0.00   89.20
01:18:44     all    7.75    0.00    1.00    0.00    0.00    2.00    0.00    0.00    0.00   89.25
01:18:45     all    7.40    0.00    1.02    0.00    0.00    1.28    0.00    0.00    0.00   90.31
01:18:46     all    7.34    0.00    1.01    0.00    0.00    1.77    0.00    0.00    0.00   89.87
01:18:47     all    8.02    0.00    1.00    0.00    0.00    2.01    0.00    0.00    0.00   88.97
01:18:48     all    7.09    0.00    1.01    0.00    0.00    2.28    0.00    0.00    0.00   89.62
01:18:49     all    8.06    0.00    1.01    0.00    0.00    1.76    0.00    0.00    0.00   89.17
01:18:50     all    8.00    0.00    1.25    0.00    0.00    2.25    0.00    0.00    0.00   88.50
01:18:51     all    7.07    0.00    1.01    0.00    0.00    1.77    0.25    0.00    0.00   89.90
01:18:52     all    7.85    0.00    1.01    0.00    0.00    1.27    0.25    0.00    0.00   89.62
01:18:53     all    8.50    0.00    1.25    0.00    0.00    1.75    0.00    0.00    0.00   88.50
01:18:54     all    7.34    0.00    1.01    0.00    0.00    1.77    0.00    0.00    0.00   89.87
01:18:55     all    7.81    0.00    1.26    0.00    0.00    1.51    0.25    0.00    0.00   89.17
01:18:56     all    7.81    0.00    1.26    0.00    0.00    1.76    0.00    0.00    0.00   89.17
01:18:57     all    7.32    0.00    1.52    0.00    0.00    1.77    0.00    0.00    0.00   89.39
01:18:58     all    8.10    0.00    0.76    0.00    0.00    1.77    0.25    0.00    0.00   89.11
01:18:59     all    7.85    0.00    1.01    0.00    0.00    2.03    0.00    0.00    0.00   89.11
01:19:00     all    8.10    0.00    1.27    0.00    0.00    1.52    0.00    0.00    0.00   89.11
01:19:01     all    8.27    0.00    1.25    0.00    0.00    2.01    0.00    0.00    0.00   88.47
01:19:02     all    7.36    0.00    1.27    0.00    0.00    1.78    0.00    0.00    0.00   89.59
01:19:03     all    7.83    0.00    1.01    0.00    0.00    1.77    0.00    0.00    0.00   89.39
01:19:04     all    7.30    0.00    1.51    0.00    0.00    1.76    0.00    0.00    0.00   89.42
01:19:05     all    7.81    0.00    1.26    0.00    0.00    2.02    0.00    0.00    0.00   88.92
01:19:06     all    8.10    0.00    0.76    0.00    0.00    1.52    0.00    0.00    0.00   89.62
01:19:07     all    7.38    0.00    1.02    0.00    0.00    1.53    0.00    0.00    0.00   90.08
01:19:08     all    8.29    0.00    1.51    0.00    0.00    1.76    0.00    0.00    0.00   88.44
01:19:09     all    7.83    0.00    1.26    0.00    0.00    1.52    0.00    0.00    0.00   89.39
01:19:10     all    7.81    0.00    1.26    0.00    0.00    2.02    0.25    0.00    0.00   88.66
01:19:11     all    8.29    0.00    1.26    0.00    0.00    2.26    0.00    0.00    0.00   88.19
01:19:12     all    7.85    0.00    1.01    0.00    0.00    2.03    0.00    0.00    0.00   89.11
01:19:13     all    8.02    0.00    1.25    0.00    0.00    1.75    0.25    0.00    0.00   88.72
01:19:14     all    7.61    0.00    0.76    0.00    0.00    1.78    0.00    0.00    0.00   89.85
01:19:15     all    8.06    0.00    1.26    0.25    0.00    1.26    0.00    0.00    0.00   89.17
01:19:16     all    7.58    0.00    1.01    0.00    0.00    1.77    0.25    0.00    0.00   89.39
01:19:17     all    7.77    0.00    1.50    0.00    0.00    1.50    0.25    0.00    0.00   88.97
01:19:18     all    7.81    0.00    1.01    0.00    0.00    2.27    0.00    0.00    0.00   88.92
01:19:19     all    7.63    0.00    0.76    0.00    0.00    1.27    0.00    0.00    0.00   90.33
01:19:20     all    7.58    0.00    1.26    0.00    0.00    1.77    0.00    0.00    0.00   89.39
01:19:21     all    7.58    0.00    1.77    0.00    0.00    1.26    0.00    0.00    0.00   89.39
01:19:22     all    7.75    0.00    1.25    0.00    0.00    2.25    0.00    0.00    0.00   88.75
01:19:23     all    7.79    0.00    1.26    0.00    0.00    2.01    0.00    0.00    0.00   88.94
01:19:24     all    7.67    0.00    1.28    0.00    0.00    1.28    0.00    0.00    0.00   89.77
01:19:25     all    7.75    0.00    1.25    0.00    0.00    2.25    0.00    0.00    0.00   88.75
01:19:26     all    7.59    0.00    1.52    0.00    0.00    1.27    0.00    0.00    0.00   89.62
01:19:27     all    7.56    0.00    1.26    0.00    0.00    2.27    0.25    0.00    0.00   88.66
01:19:28     all    7.58    0.00    1.26    0.00    0.00    1.77    0.00    0.00    0.00   89.39
01:19:29     all    8.31    0.00    1.26    0.00    0.00    1.51    0.00    0.00    0.00   88.92
01:19:30     all    7.81    0.00    1.01    0.00    0.00    1.76    0.00    0.00    0.00   89.42
01:19:31     all    7.54    0.00    1.26    0.00    0.00    2.01    0.00    0.00    0.00   89.20
01:19:32     all    7.59    0.00    1.27    0.00    0.00    2.03    0.00    0.00    0.00   89.11
01:19:33     all    7.81    0.00    0.76    0.00    0.00    2.02    0.00    0.00    0.00   89.42
01:19:34     all    7.73    0.00    1.25    0.00    0.00    2.24    0.25    0.00    0.00   88.53
01:19:35     all    7.61    0.00    1.02    0.00    0.00    1.52    0.25    0.00    0.00   89.59
01:19:36     all    8.06    0.00    0.76    0.00    0.00    2.02    0.00    0.00    0.00   89.17
01:19:37     all    7.83    0.00    1.26    0.00    0.00    1.77    0.00    0.00    0.00   89.14
01:19:38     all    7.07    0.00    1.26    0.00    0.00    2.02    0.25    0.00    0.00   89.39
01:19:39     all    7.52    0.00    1.75    0.00    0.00    2.26    0.00    0.00    0.00   88.47
01:19:40     all    8.06    0.00    1.01    0.00    0.00    1.76    0.00    0.00    0.00   89.17
01:19:41     all    7.30    0.00    1.26    0.25    0.00    2.02    0.00    0.00    0.00   89.17
01:19:42     all    7.61    0.00    1.02    0.00    0.00    1.78    0.00    0.00    0.00   89.59
01:19:43     all    8.04    0.00    1.01    0.00    0.00    1.76    0.00    0.00    0.00   89.20
01:19:44     all    7.58    0.00    1.26    0.00    0.00    1.77    0.00    0.00    0.00   89.39
01:19:45     all    8.06    0.00    0.76    0.00    0.00    1.51    0.00    0.00    0.00   89.67
01:19:46     all    7.07    0.00    1.52    0.00    0.00    1.26    0.25    0.00    0.00   89.90
01:19:47     all    7.83    0.00    1.26    0.00    0.00    1.77    0.00    0.00    0.00   89.14
01:19:48     all    8.10    0.00    1.27    0.00    0.00    2.03    0.00    0.00    0.00   88.61
01:19:49     all    5.57    0.00    0.51    0.00    0.00    1.01    0.00    0.00    0.00   92.91
01:19:50     all    5.26    0.00    1.00    0.00    0.00    1.25    0.00    0.00    0.00   92.48
01:19:51     all    6.60    0.00    0.51    0.00    0.00    1.02    0.00    0.00    0.00   91.88
01:19:52     all    7.27    0.00    1.25    0.00    0.00    1.75    0.00    0.00    0.00   89.72
01:19:53     all    7.09    0.00    1.27    0.00    0.00    1.52    0.00    0.00    0.00   90.13
01:19:54     all    7.30    0.00    1.01    0.00    0.00    1.51    0.00    0.00    0.00   90.18
01:19:55     all    8.00    0.00    1.25    0.00    0.00    2.00    0.00    0.00    0.00   88.75
01:19:56     all    7.12    0.00    0.76    0.00    0.00    1.27    0.25    0.00    0.00   90.59
01:19:57     all    7.75    0.00    1.00    0.00    0.00    2.25    0.25    0.00    0.00   88.75
01:19:58     all    8.10    0.00    1.01    0.00    0.00    1.52    0.00    0.00    0.00   89.37
01:19:59     all    7.79    0.00    1.51    0.00    0.00    1.76    0.00    0.00    0.00   88.94
01:20:00     all    7.05    0.00    1.51    0.00    0.00    2.27    0.25    0.00    0.00   88.92
01:20:01     all    7.61    0.00    1.02    0.00    0.00    1.52    0.00    0.00    0.00   89.85
01:20:02     all    6.33    0.00    1.01    0.00    0.00    1.52    0.00    0.00    0.00   91.14
01:20:03     all    7.69    0.00    1.49    0.00    0.00    2.48    0.25    0.00    0.00   88.09
01:20:04     all    7.59    0.00    1.27    0.00    0.00    2.28    0.00    0.00    0.00   88.86
01:20:05     all    7.83    0.00    1.26    0.00    0.00    1.77    0.00    0.00    0.00   89.14
01:20:06     all    8.04    0.00    1.51    0.00    0.00    1.76    0.00    0.00    0.00   88.69
01:20:07     all    7.83    0.00    1.26    0.00    0.00    2.02    0.00    0.00    0.00   88.89
01:20:08     all    8.77    0.00    1.00    0.00    0.00    1.75    0.00    0.00    0.00   88.47
01:20:09     all    7.87    0.00    1.27    0.00    0.00    1.52    0.00    0.00    0.00   89.34
01:20:10     all    8.08    0.00    0.76    0.00    0.00    2.53    0.00    0.00    0.00   88.64
01:20:11     all    7.75    0.00    1.75    0.00    0.00    2.00    0.25    0.00    0.00   88.25
01:20:12     all    8.54    0.00    1.26    0.00    0.00    1.76    0.00    0.00    0.00   88.44
01:20:13     all    7.29    0.00    1.76    0.00    0.00    2.26    0.25    0.00    0.00   88.44
01:20:14     all    7.81    0.00    1.26    0.00    0.00    2.27    0.00    0.00    0.00   88.66
01:20:15     all    7.87    0.00    0.76    0.00    0.00    1.52    0.00    0.00    0.00   89.85
01:20:16     all    8.04    0.00    1.26    0.00    0.00    2.26    0.25    0.00    0.00   88.19
01:20:17     all    7.54    0.00    1.26    0.00    0.00    2.01    0.25    0.00    0.00   88.94
01:20:18     all    7.59    0.00    1.01    0.00    0.00    2.03    0.00    0.00    0.00   89.37
01:20:19     all    7.83    0.00    1.26    0.00    0.00    1.77    0.00    0.00    0.00   89.14
01:20:20     all    7.85    0.00    0.76    0.00    0.00    1.77    0.00    0.00    0.00   89.62
01:20:21     all    8.23    0.00    1.75    0.25    0.00    2.24    0.00    0.00    0.00   87.53
01:20:22     all    7.81    0.00    1.01    0.00    0.00    2.27    0.00    0.00    0.00   88.92
01:20:23     all    8.38    0.00    0.76    0.00    0.00    1.27    0.00    0.00    0.00   89.59
01:20:24     all    8.08    0.00    1.26    0.00    0.00    2.53    0.00    0.00    0.00   88.13
01:20:25     all    7.32    0.00    1.01    0.00    0.00    2.02    0.25    0.00    0.00   89.39
01:20:26     all    8.27    0.00    1.50    0.00    0.00    2.26    0.00    0.00    0.00   87.97
01:20:27     all    7.81    0.00    0.76    0.00    0.00    1.51    0.00    0.00    0.00   89.92
01:20:28     all    8.14    0.00    1.02    0.00    0.00    1.78    0.00    0.00    0.00   89.06
01:20:29     all    8.23    0.00    1.00    0.00    0.00    2.24    0.00    0.00    0.00   88.53
01:20:30     all    7.56    0.00    1.26    0.00    0.00    1.76    0.25    0.00    0.00   89.17
01:20:31     all    8.27    0.00    1.50    0.00    0.00    1.50    0.00    0.00    0.00   88.72
01:20:32     all    7.63    0.00    1.02    0.00    0.00    2.04    0.25    0.00    0.00   89.06
01:20:33     all    7.32    0.00    1.26    0.00    0.00    2.02    0.00    0.00    0.00   89.39
01:20:34     all    8.06    0.00    1.01    0.00    0.00    1.76    0.25    0.00    0.00   88.92
01:20:35     all    7.36    0.00    1.27    0.00    0.00    1.78    0.00    0.00    0.00   89.59
01:20:36     all    8.29    0.00    1.01    0.00    0.00    2.01    0.00    0.00    0.00   88.69
01:20:37     all    7.32    0.00    1.77    0.00    0.00    1.77    0.00    0.00    0.00   89.14
01:20:38     all    7.56    0.00    1.26    0.00    0.00    2.02    0.00    0.00    0.00   89.17
01:20:39     all    7.61    0.00    1.27    0.00    0.00    1.52    0.00    0.00    0.00   89.59
01:20:40     all    8.10    0.00    0.76    0.00    0.00    1.77    0.00    0.00    0.00   89.37
01:20:41     all    8.02    0.00    1.50    0.00    0.00    1.75    0.25    0.00    0.00   88.47
01:20:42     all    8.08    0.00    0.76    0.00    0.00    2.02    0.00    0.00    0.00   89.14
01:20:43     all    7.32    0.00    1.52    0.00    0.00    2.02    0.00    0.00    0.00   89.14
01:20:44     all    7.83    0.00    1.01    0.00    0.00    1.77    0.00    0.00    0.00   89.39
01:20:45     all    8.06    0.00    1.01    0.00    0.00    1.76    0.00    0.00    0.00   89.17
01:20:46     all    7.85    0.00    1.27    0.00    0.00    1.52    0.00    0.00    0.00   89.37
01:20:47     all    7.54    0.00    1.26    0.00    0.00    2.26    0.00    0.00    0.00   88.94
01:20:48     all    8.31    0.00    1.01    0.00    0.00    1.76    0.00    0.00    0.00   88.92
01:20:49     all    8.10    0.00    0.76    0.00    0.00    2.03    0.25    0.00    0.00   88.86
01:20:50     all    7.77    0.00    1.50    0.00    0.00    2.51    0.00    0.00    0.00   88.22
01:20:51     all    8.35    0.00    1.27    0.00    0.00    1.52    0.00    0.00    0.00   88.86
01:20:52     all    7.96    0.00    1.00    0.00    0.00    2.49    0.50    0.00    0.00   88.06
01:20:53     all    7.09    0.00    0.76    0.00    0.00    1.52    0.00    0.00    0.00   90.63
01:20:54     all    7.83    0.00    1.26    0.00    0.00    2.02    0.00    0.00    0.00   88.89
01:20:55     all    7.56    0.00    1.76    0.25    0.00    1.76    0.00    0.00    0.00   88.66
01:20:56     all    7.61    0.00    0.76    0.00    0.00    2.03    0.00    0.00    0.00   89.59
01:20:57     all    8.33    0.00    1.01    0.00    0.00    1.52    0.00    0.00    0.00   89.14
01:20:58     all    8.29    0.00    1.26    0.00    0.00    2.01    0.00    0.00    0.00   88.44
01:20:59     all    8.08    0.00    0.76    0.00    0.00    1.77    0.25    0.00    0.00   89.14
01:21:00     all    8.84    0.00    3.03    0.00    0.00    2.02    0.00    0.00    0.00   86.11
01:21:01     all    8.06    0.00    1.26    0.00    0.00    1.51    0.00    0.00    0.00   89.17
01:21:02     all    7.83    0.00    1.52    0.00    0.00    1.77    0.00    0.00    0.00   88.89
01:21:03     all    7.81    0.00    1.51    0.00    0.00    2.02    0.00    0.00    0.00   88.66
01:21:04     all    8.10    0.00    0.76    0.00    0.00    2.03    0.00    0.00    0.00   89.11
01:21:05     all    7.54    0.00    1.51    0.00    0.00    2.01    0.25    0.00    0.00   88.69
01:21:06     all    7.85    0.00    1.52    0.00    0.00    2.03    0.00    0.00    0.00   88.61
01:21:07     all    8.33    0.00    0.76    0.00    0.00    1.77    0.00    0.00    0.00   89.14
01:21:08     all    8.12    0.00    1.02    0.00    0.00    1.78    0.00    0.00    0.00   89.09
01:21:09     all    7.73    0.00    1.75    0.00    0.00    1.75    0.25    0.00    0.00   88.53
01:21:10     all    8.35    0.00    1.27    0.00    0.00    2.03    0.00    0.00    0.00   88.35
01:21:11     all    7.81    0.00    0.76    0.25    0.00    2.02    0.25    0.00    0.00   88.92
01:21:12     all    8.04    0.00    1.26    0.00    0.00    1.76    0.00    0.00    0.00   88.94
01:21:13     all    8.06    0.00    1.51    0.00    0.00    1.76    0.00    0.00    0.00   88.66
01:21:14     all    7.87    0.00    0.76    0.00    0.00    1.78    0.00    0.00    0.00   89.59
01:21:15     all    7.02    0.00    1.75    0.00    0.00    2.01    0.25    0.00    0.00   88.97
01:21:16     all    8.10    0.00    1.27    0.00    0.00    1.77    0.00    0.00    0.00   88.86
01:21:17     all    7.85    0.00    1.27    0.00    0.00    1.77    0.00    0.00    0.00   89.11
01:21:18     all    8.08    0.00    1.01    0.00    0.00    1.26    0.00    0.00    0.00   89.65
01:21:19     all    8.04    0.00    1.01    0.00    0.00    2.01    0.00    0.00    0.00   88.94
01:21:20     all    7.79    0.00    1.51    0.00    0.00    2.26    0.00    0.00    0.00   88.44
01:21:21     all    8.31    0.00    1.01    0.00    0.00    1.51    0.00    0.00    0.00   89.17
01:21:22     all    7.58    0.00    1.52    0.00    0.00    2.02    0.00    0.00    0.00   88.89
01:21:23     all    8.16    0.00    0.77    0.00    0.00    1.28    0.00    0.00    0.00   89.80
01:21:24     all    7.07    0.00    1.26    0.00    0.00    1.77    0.25    0.00    0.00   89.65
01:21:25     all    8.82    0.00    1.01    0.00    0.00    1.76    0.00    0.00    0.00   88.41
01:21:26     all    8.29    0.00    1.01    0.00    0.00    2.01    0.00    0.00    0.00   88.69
01:21:27     all    8.08    0.00    0.76    0.00    0.00    1.77    0.00    0.00    0.00   89.39
01:21:28     all    7.34    0.00    1.27    0.00    0.00    2.28    0.25    0.00    0.00   88.86
01:21:29     all    7.75    0.00    1.50    0.00    0.00    2.25    0.00    0.00    0.00   88.50
01:21:30     all    8.29    0.00    1.01    0.00    0.00    2.01    0.00    0.00    0.00   88.69
01:21:31     all    7.81    0.00    1.76    0.00    0.00    1.76    0.00    0.00    0.00   88.66
01:21:32     all    8.33    0.00    1.26    0.00    0.00    1.52    0.25    0.00    0.00   88.64
01:21:33     all    7.77    0.00    1.25    0.00    0.00    2.51    0.25    0.00    0.00   88.22
01:21:34     all    8.31    0.00    1.01    0.00    0.00    1.51    0.00    0.00    0.00   89.17
01:21:35     all    8.31    0.00    1.01    0.00    0.00    1.76    0.00    0.00    0.00   88.92
01:21:36     all    8.31    0.00    1.01    0.00    0.00    1.76    0.00    0.00    0.00   88.92
01:21:37     all    8.08    0.00    1.26    0.00    0.00    2.02    0.00    0.00    0.00   88.64
01:21:38     all    8.98    0.00    1.50    0.00    0.00    1.50    0.00    0.00    0.00   88.03
01:21:39     all    7.63    0.00    1.02    0.00    0.00    1.53    0.00    0.00    0.00   89.82
01:21:40     all    7.58    0.00    1.52    0.00    0.00    1.52    0.00    0.00    0.00   89.39
01:21:41     all    8.02    0.00    1.00    0.00    0.00    2.51    0.00    0.00    0.00   88.47
01:21:42     all    8.56    0.00    1.26    0.00    0.00    1.26    0.25    0.00    0.00   88.66
01:21:43     all    7.56    0.00    1.51    0.00    0.00    2.02    0.00    0.00    0.00   88.92
01:21:44     all    7.59    0.00    1.01    0.00    0.00    1.77    0.00    0.00    0.00   89.62
01:21:45     all    8.04    0.00    1.26    0.00    0.00    1.76    0.00    0.00    0.00   88.94
01:21:46     all    8.04    0.00    1.51    0.00    0.00    2.01    0.00    0.00    0.00   88.44
01:21:47     all    8.31    0.00    1.26    0.00    0.00    1.51    0.00    0.00    0.00   88.92
01:21:48     all    8.06    0.00    1.01    0.00    0.00    1.76    0.25    0.00    0.00   88.92
01:21:49     all    8.02    0.00    1.00    0.00    0.00    2.51    0.25    0.00    0.00   88.22
01:21:50     all    8.12    0.00    0.76    0.00    0.00    1.78    0.00    0.00    0.00   89.34
01:21:51     all    8.31    0.00    1.26    0.00    0.00    1.76    0.00    0.00    0.00   88.66
01:21:52     all    8.04    0.00    1.76    0.00    0.00    1.76    0.00    0.00    0.00   88.44
01:21:53     all    8.88    0.00    0.76    0.00    0.00    1.52    0.00    0.00    0.00   88.83
01:21:54     all    7.75    0.00    1.75    0.00    0.00    2.25    0.00    0.00    0.00   88.25
01:21:55     all    7.42    0.00    1.02    0.00    0.00    1.28    0.00    0.00    0.00   90.28
01:21:56     all    8.25    0.00    1.50    0.00    0.00    2.25    0.25    0.00    0.00   87.75
01:21:57     all    7.85    0.00    1.01    0.00    0.00    1.77    0.00    0.00    0.00   89.37
01:21:58     all    7.85    0.00    1.01    0.00    0.00    2.03    0.00    0.00    0.00   89.11
01:21:59     all    8.00    0.00    1.00    0.00    0.00    2.50    0.25    0.00    0.00   88.25
01:22:00     all    8.33    0.00    1.01    0.00    0.00    2.02    0.00    0.00    0.00   88.64
01:22:01     all    8.35    0.00    1.27    0.25    0.00    1.52    0.00    0.00    0.00   88.61
01:22:02     all    8.27    0.00    1.50    0.00    0.00    2.01    0.00    0.00    0.00   88.22
01:22:03     all    7.11    0.00    0.76    0.00    0.00    2.03    0.00    0.00    0.00   90.10
01:22:04     all    7.07    0.00    1.26    0.00    0.00    1.01    0.00    0.00    0.00   90.66
01:22:05     all    5.82    0.00    0.25    0.00    0.00    1.27    0.25    0.00    0.00   92.41
01:22:06     all    5.04    0.00    1.01    0.00    0.00    1.26    0.00    0.00    0.00   92.70
01:22:07     all    5.01    0.00    1.00    0.00    0.00    1.00    0.25    0.00    0.00   92.73
01:22:08     all    4.79    0.00    0.76    0.00    0.00    1.26    0.00    0.00    0.00   93.20
01:22:09     all    4.81    0.00    0.76    0.00    0.00    0.76    0.00    0.00    0.00   93.67
01:22:10     all    4.56    0.00    0.51    0.00    0.00    0.76    0.00    0.00    0.00   94.18
01:22:11     all    3.02    0.00    0.76    0.00    0.00    0.50    0.00    0.00    0.00   95.72
01:22:12     all    2.51    0.00    0.00    0.00    0.00    0.25    0.00    0.00    0.00   97.24
01:22:13     all    2.01    0.00    0.25    0.00    0.00    0.25    0.00    0.00    0.00   97.49
01:22:14     all    1.51    0.00    0.00    0.00    0.00    0.25    0.00    0.00    0.00   98.24
01:22:15     all    1.76    0.00    0.25    0.00    0.00    0.00    0.00    0.00    0.00   97.99
01:22:16     all    1.51    0.00    0.25    0.00    0.00    0.00    0.00    0.00    0.00   98.24
01:22:17     all    2.00    0.00    0.50    0.00    0.00    0.25    0.00    0.00    0.00   97.25
01:22:18     all    1.52    0.00    0.00    0.00    0.00    0.00    0.00    0.00    0.00   98.48
01:22:19     all    1.50    0.00    0.25    0.00    0.00    0.25    0.00    0.00    0.00   98.00
01:22:20     all    0.76    0.00    0.25    0.00    0.00    0.00    0.00    0.00    0.00   98.99
01:22:21     all    1.01    0.00    0.25    0.00    0.00    0.00    0.00    0.00    0.00   98.74
01:22:22     all    1.25    0.00    0.00    0.00    0.00    0.25    0.00    0.00    0.00   98.50
01:22:23     all    1.00    0.00    0.25    0.00    0.00    0.00    0.00    0.00    0.00   98.75
01:22:24     all    1.01    0.00    0.25    0.00    0.00    0.00    0.00    0.00    0.00   98.74
01:22:25     all    1.25    0.00    0.25    0.00    0.00    0.00    0.00    0.00    0.00   98.50
01:22:26     all    0.75    0.00    0.00    0.00    0.00    0.00    0.00    0.00    0.00   99.25
01:22:27     all    0.25    0.00    0.50    0.00    0.00    0.25    0.00    0.00    0.00   98.99
01:22:28     all    0.75    0.00    0.00    0.00    0.00    0.00    0.00    0.00    0.00   99.25
01:22:29     all    0.50    0.00    0.25    0.00    0.00    0.00    0.00    0.00    0.00   99.25
01:22:30     all    0.50    0.00    0.25    0.00    0.00    0.25    0.00    0.00    0.00   99.00
01:22:31     all    9.95    0.00    0.51    0.26    0.00    1.28    0.26    0.00    0.00   87.76
01:22:32     all    9.77    0.00    0.77    0.00    0.00    1.54    0.00    0.00    0.00   87.92
01:22:33     all    9.80    0.00    1.26    0.00    0.00    1.26    0.25    0.00    0.00   87.44
01:22:34     all    9.39    0.00    0.76    0.00    0.00    1.78    0.00    0.00    0.00   88.07
01:22:35     all    8.88    0.00    1.52    0.00    0.00    1.78    0.00    0.00    0.00   87.82
01:22:36     all    9.51    0.00    0.77    0.00    0.00    1.54    0.00    0.00    0.00   88.17
01:22:37     all    9.39    0.00    0.76    0.00    0.00    1.78    0.00    0.00    0.00   88.07
01:22:38     all    9.44    0.00    1.28    0.00    0.00    1.02    0.26    0.00    0.00   88.01
01:22:39     all    9.90    0.00    1.52    0.00    0.00    1.27    0.00    0.00    0.00   87.31
01:22:40     all    9.60    0.00    1.01    0.00    0.00    2.02    0.00    0.00    0.00   87.37
01:22:41     all    9.67    0.00    1.27    0.00    0.00    1.53    0.00    0.00    0.00   87.53
01:22:42     all    8.93    0.00    1.28    0.00    0.00    1.53    0.00    0.00    0.00   88.27
01:22:43     all    8.63    0.00    1.27    0.00    0.00    1.78    0.25    0.00    0.00   88.07
01:22:44     all    9.14    0.00    1.27    0.00    0.00    1.78    0.00    0.00    0.00   87.82
01:22:45     all    9.90    0.00    1.02    0.00    0.00    1.27    0.00    0.00    0.00   87.82
01:22:46     all    9.16    0.00    1.27    0.25    0.00    1.53    0.00    0.00    0.00   87.79
01:22:47     all    9.34    0.00    1.52    0.00    0.00    1.52    0.00    0.00    0.00   87.63
01:22:48     all    9.16    0.00    0.76    0.00    0.00    1.27    0.51    0.00    0.00   88.30
01:22:49     all    9.69    0.00    0.77    0.00    0.00    1.79    0.00    0.00    0.00   87.76
01:22:50     all    4.28    0.00    0.76    0.00    0.00    1.01    0.00    0.00    0.00   93.95
01:22:51     all    7.63    0.00    1.02    0.00    0.00    0.76    0.00    0.00    0.00   90.59
01:22:52     all    9.85    0.00    1.01    0.00    0.00    1.52    0.00    0.00    0.00   87.63
01:22:53     all    8.38    0.00    1.02    0.00    0.00    1.52    0.00    0.00    0.00   89.09
01:22:54     all    8.61    0.00    1.01    0.00    0.00    1.27    0.00    0.00    0.00   89.11
01:22:55     all    7.38    0.00    1.02    0.00    0.00    1.02    0.25    0.00    0.00   90.33
01:22:56     all    9.39    0.00    1.02    0.00    0.00    1.78    0.00    0.00    0.00   87.82
01:22:57     all    9.87    0.00    2.03    0.00    0.00    1.01    0.25    0.00    0.00   86.84
01:22:58     all    9.60    0.00    1.26    0.00    0.00    1.77    0.00    0.00    0.00   87.37
01:22:59     all    9.67    0.00    0.76    0.00    0.00    1.53    0.00    0.00    0.00   88.04
01:23:00     all    9.39    0.00    1.27    0.00    0.00    1.78    0.00    0.00    0.00   87.56
01:23:01     all    9.16    0.00    1.53    0.00    0.00    1.02    0.00    0.00    0.00   88.30
01:23:02     all    9.23    0.00    1.03    0.00    0.00    1.03    0.00    0.00    0.00   88.72
01:23:03     all    8.48    0.00    1.25    0.25    0.00    2.00    0.25    0.00    0.00   87.78
01:23:04     all    9.16    0.00    1.53    0.00    0.00    1.27    0.00    0.00    0.00   88.04
01:23:05     all    8.95    0.00    1.28    0.00    0.00    1.28    0.00    0.00    0.00   88.49
01:23:06     all    9.57    0.00    1.26    0.00    0.00    1.51    0.00    0.00    0.00   87.66
01:23:07     all    8.93    0.00    1.02    0.00    0.00    1.53    0.26    0.00    0.00   88.27
01:23:08     all    9.11    0.00    1.52    0.00    0.00    1.52    0.00    0.00    0.00   87.85
01:23:09     all    8.65    0.00    0.76    0.00    0.00    1.27    0.00    0.00    0.00   89.31
01:23:10     all    9.46    0.00    1.02    0.00    0.00    1.02    0.00    0.00    0.00   88.49
01:23:11     all    8.82    0.00    1.26    0.00    0.00    1.76    0.25    0.00    0.00   87.91
01:23:12     all    8.88    0.00    1.52    0.00    0.00    1.78    0.00    0.00    0.00   87.82
01:23:13     all    9.34    0.00    1.01    0.00    0.00    1.52    0.25    0.00    0.00   87.88
01:23:14     all    9.41    0.00    1.27    0.00    0.00    1.27    0.00    0.00    0.00   88.04
01:23:15     all    8.84    0.00    1.52    0.00    0.00    2.02    0.00    0.00    0.00   87.63
01:23:16     all    9.16    0.00    1.02    0.00    0.00    1.27    0.00    0.00    0.00   88.55
01:23:17     all    8.65    0.00    1.02    0.00    0.00    1.53    0.00    0.00    0.00   88.80
01:23:18     all    8.91    0.00    1.27    0.00    0.00    1.53    0.00    0.00    0.00   88.30
01:23:19     all    8.70    0.00    1.28    0.00    0.00    1.02    0.00    0.00    0.00   89.00
01:23:20     all    9.57    0.00    1.26    0.00    0.00    1.76    0.25    0.00    0.00   87.15
01:23:21     all    9.62    0.00    1.01    0.00    0.00    1.77    0.00    0.00    0.00   87.59
01:23:22     all    9.16    0.00    1.27    0.00    0.00    2.04    0.00    0.00    0.00   87.53
01:23:23     all    8.88    0.00    1.52    0.00    0.00    1.27    0.25    0.00    0.00   88.07
01:23:24     all    9.60    0.00    0.76    0.00    0.00    1.77    0.00    0.00    0.00   87.88
01:23:25     all    8.86    0.00    1.27    0.00    0.00    2.03    0.00    0.00    0.00   87.85
01:23:26     all    9.37    0.00    1.52    0.00    0.00    1.77    0.25    0.00    0.00   87.09
01:23:27     all    9.39    0.00    1.27    0.00    0.00    1.27    0.00    0.00    0.00   88.07
01:23:28     all    9.85    0.00    1.26    0.00    0.00    2.02    0.00    0.00    0.00   86.87
01:23:29     all    9.72    0.00    0.77    0.00    0.00    1.28    0.00    0.00    0.00   88.24
01:23:30     all    9.90    0.00    1.52    0.00    0.00    1.52    0.25    0.00    0.00   86.80
01:23:31     all    9.92    0.00    1.27    0.00    0.00    1.27    0.00    0.00    0.00   87.53
01:23:32     all    9.72    0.00    1.02    0.00    0.00    0.77    0.00    0.00    0.00   88.49
01:23:33     all    9.85    0.00    1.01    0.00    0.00    1.52    0.00    0.00    0.00   87.63
01:23:34     all    8.93    0.00    1.28    0.26    0.00    1.79    0.00    0.00    0.00   87.76
01:23:35     all    9.14    0.00    1.27    0.00    0.00    1.52    0.51    0.00    0.00   87.56
01:23:36     all    9.87    0.00    1.27    0.00    0.00    1.52    0.00    0.00    0.00   87.34
01:23:37     all    9.67    0.00    1.02    0.00    0.00    1.53    0.00    0.00    0.00   87.79
01:23:38     all    9.00    0.00    1.03    0.00    0.00    1.54    0.00    0.00    0.00   88.43
01:23:39     all    9.85    0.00    1.52    0.00    0.00    1.77    0.00    0.00    0.00   86.87
01:23:40     all    9.72    0.00    1.28    0.00    0.00    1.28    0.00    0.00    0.00   87.72
01:23:41     all    9.64    0.00    1.27    0.00    0.00    1.52    0.00    0.00    0.00   87.56
01:23:42     all    9.18    0.00    1.28    0.00    0.00    1.28    0.00    0.00    0.00   88.27
01:23:43     all    9.16    0.00    1.53    0.00    0.00    1.27    0.00    0.00    0.00   88.04
01:23:44     all    9.11    0.00    1.27    0.00    0.00    1.77    0.00    0.00    0.00   87.85
01:23:45     all    9.16    0.00    1.02    0.00    0.00    1.53    0.25    0.00    0.00   88.04
01:23:46     all    9.85    0.00    0.76    0.00    0.00    1.26    0.00    0.00    0.00   88.13
01:23:47     all    9.32    0.00    1.26    0.00    0.00    1.76    0.50    0.00    0.00   87.15
01:23:48     all    9.97    0.00    1.02    0.00    0.00    0.77    0.00    0.00    0.00   88.24
01:23:49     all    8.44    0.00    1.53    0.00    0.00    1.53    0.00    0.00    0.00   88.49
01:23:50     all    8.63    0.00    1.52    0.00    0.00    1.52    0.25    0.00    0.00   88.07
01:23:51     all    9.44    0.00    0.77    0.00    0.00    1.53    0.00    0.00    0.00   88.27
01:23:52     all    9.90    0.00    1.02    0.00    0.00    1.27    0.00    0.00    0.00   87.82
01:23:53     all    9.16    0.00    1.27    0.00    0.00    1.53    0.00    0.00    0.00   88.04
01:23:54     all    9.64    0.00    1.27    0.00    0.00    1.27    0.00    0.00    0.00   87.82
01:23:55     all    9.37    0.00    1.01    0.00    0.00    2.03    0.00    0.00    0.00   87.59
01:23:56     all    9.23    0.00    1.03    0.00    0.00    1.03    0.00    0.00    0.00   88.72
01:23:57     all    9.39    0.00    1.52    0.00    0.00    1.27    0.00    0.00    0.00   87.82
01:23:58     all    9.44    0.00    1.02    0.00    0.00    1.53    0.00    0.00    0.00   88.01
01:23:59     all    9.41    0.00    1.02    0.00    0.00    1.53    0.00    0.00    0.00   88.04
01:24:00     all   10.15    0.00    1.27    0.00    0.00    1.27    0.00    0.00    0.00   87.31
01:24:01     all    8.97    0.00    1.54    0.00    0.00    1.54    0.00    0.00    0.00   87.95
01:24:02     all   10.15    0.00    1.02    0.25    0.00    1.78    0.00    0.00    0.00   86.80
01:24:03     all    9.62    0.00    1.27    0.00    0.00    1.52    0.51    0.00    0.00   87.09
01:24:04     all    9.92    0.00    1.02    0.00    0.00    1.53    0.00    0.00    0.00   87.53
01:24:05     all    9.37    0.00    1.52    0.00    0.00    1.77    0.00    0.00    0.00   87.34
01:24:06     all    9.69    0.00    1.02    0.00    0.00    1.02    0.26    0.00    0.00   88.01
01:24:07     all   10.15    0.00    1.02    0.00    0.00    1.78    0.00    0.00    0.00   87.06
01:24:08     all    9.69    0.00    1.28    0.00    0.00    1.02    0.00    0.00    0.00   88.01
01:24:09     all    9.57    0.00    1.51    0.00    0.00    2.02    0.00    0.00    0.00   86.90
01:24:10     all    9.72    0.00    1.28    0.00    0.00    1.02    0.26    0.00    0.00   87.72
01:24:11     all    9.69    0.00    1.28    0.00    0.00    1.79    0.00    0.00    0.00   87.24
01:24:12     all   10.15    0.00    1.02    0.00    0.00    1.78    0.00    0.00    0.00   87.06
01:24:13     all    9.44    0.00    1.53    0.00    0.00    1.53    0.00    0.00    0.00   87.50
01:24:14     all    8.88    0.00    1.02    0.00    0.00    2.03    0.00    0.00    0.00   88.07
01:24:15     all    9.44    0.00    1.28    0.00    0.00    1.28    0.00    0.00    0.00   88.01
01:24:16     all    9.39    0.00    1.02    0.00    0.00    1.52    0.25    0.00    0.00   87.82
01:24:17     all    9.39    0.00    1.52    0.00    0.00    1.02    0.00    0.00    0.00   88.07
01:24:18     all    8.95    0.00    1.02    0.00    0.00    1.79    0.00    0.00    0.00   88.24
01:24:19     all    9.90    0.00    1.27    0.00    0.00    1.52    0.00    0.00    0.00   87.31
01:24:20     all    9.67    0.00    1.02    0.00    0.00    1.27    0.00    0.00    0.00   88.04
01:24:21     all    9.34    0.00    1.52    0.00    0.00    1.77    0.25    0.00    0.00   87.12
01:24:22     all   10.00    0.00    1.03    0.00    0.00    1.54    0.00    0.00    0.00   87.44
01:24:23     all    9.07    0.00    1.76    0.00    0.00    1.76    0.25    0.00    0.00   87.15
01:24:24     all    9.34    0.00    1.26    0.00    0.00    1.77    0.00    0.00    0.00   87.63
01:24:25     all    9.69    0.00    1.28    0.00    0.00    1.28    0.00    0.00    0.00   87.76
01:24:26     all    9.41    0.00    1.78    0.00    0.00    1.53    0.00    0.00    0.00   87.28
01:24:27     all    8.44    0.00    1.53    0.00    0.00    1.28    0.00    0.00    0.00   88.75
01:24:28     all    9.69    0.00    1.28    0.00    0.00    1.79    0.00    0.00    0.00   87.24
01:24:29     all    9.44    0.00    1.53    0.00    0.00    1.28    0.00    0.00    0.00   87.76
01:24:30     all   10.10    0.00    1.52    0.00    0.00    1.52    0.25    0.00    0.00   86.62
01:24:31     all    8.97    0.00    1.03    0.00    0.00    1.54    0.00    0.00    0.00   88.46
01:24:32     all    9.57    0.00    1.51    0.00    0.00    2.02    0.25    0.00    0.00   86.65
01:24:33     all    9.44    0.00    1.28    0.00    0.00    1.28    0.00    0.00    0.00   88.01
01:24:34     all    8.93    0.00    1.02    0.00    0.00    1.53    0.00    0.00    0.00   88.52
01:24:35     all    8.61    0.00    1.01    0.00    0.00    2.03    0.25    0.00    0.00   88.10
01:24:36     all    9.64    0.00    1.02    0.00    0.00    1.27    0.00    0.00    0.00   88.07
01:24:37     all    8.42    0.00    1.53    0.00    0.00    1.53    0.00    0.00    0.00   88.52
01:24:38     all    9.11    0.00    1.52    0.25    0.00    1.52    0.00    0.00    0.00   87.59
01:24:39     all    9.85    0.00    1.26    0.00    0.00    1.52    0.00    0.00    0.00   87.37
01:24:40     all    9.67    0.00    1.53    0.00    0.00    1.02    0.25    0.00    0.00   87.53
01:24:41     all    8.65    0.00    1.02    0.00    0.00    2.04    0.00    0.00    0.00   88.30
01:24:42     all    9.34    0.00    1.77    0.00    0.00    1.77    0.00    0.00    0.00   87.12
01:24:43     all    9.90    0.00    1.27    0.00    0.00    1.02    0.25    0.00    0.00   87.56
01:24:44     all    8.88    0.00    1.02    0.00    0.00    2.54    0.00    0.00    0.00   87.56
01:24:45     all    9.46    0.00    1.02    0.00    0.00    1.02    0.00    0.00    0.00   88.49
01:24:46     all    9.39    0.00    2.03    0.00    0.00    1.02    0.00    0.00    0.00   87.56
01:24:47     all    9.41    0.00    1.27    0.00    0.00    1.78    0.00    0.00    0.00   87.53
01:24:48     all    8.93    0.00    1.28    0.00    0.00    1.28    0.26    0.00    0.00   88.27
01:24:49     all    8.88    0.00    1.78    0.00    0.00    1.27    0.25    0.00    0.00   87.82
01:24:50     all    9.21    0.00    1.28    0.00    0.00    1.53    0.00    0.00    0.00   87.98
01:24:51     all    9.37    0.00    1.01    0.00    0.00    1.52    0.00    0.00    0.00   88.10
01:24:52     all    8.48    0.00    1.29    0.00    0.00    1.54    0.00    0.00    0.00   88.69
01:24:53     all    9.87    0.00    1.27    0.00    0.00    1.27    0.00    0.00    0.00   87.59
01:24:54     all    9.92    0.00    1.27    0.00    0.00    1.02    0.00    0.00    0.00   87.79
01:24:55     all    9.39    0.00    1.52    0.00    0.00    1.52    0.00    0.00    0.00   87.56
01:24:56     all    9.44    0.00    1.28    0.00    0.00    1.79    0.00    0.00    0.00   87.50
01:24:57     all    9.85    0.00    1.01    0.00    0.00    1.52    0.51    0.00    0.00   87.12
01:24:58     all    9.09    0.00    1.52    0.00    0.00    1.77    0.00    0.00    0.00   87.63
01:24:59     all    9.44    0.00    1.02    0.00    0.00    1.28    0.00    0.00    0.00   88.27
01:25:00     all    8.93    0.00    1.53    0.00    0.00    1.79    0.00    0.00    0.00   87.76
01:25:01     all   10.10    0.00    1.26    0.25    0.00    1.77    0.00    0.00    0.00   86.62
01:25:02     all    9.37    0.00    1.52    0.00    0.00    1.27    0.25    0.00    0.00   87.59
01:25:03     all    9.18    0.00    0.77    0.00    0.00    1.53    0.00    0.00    0.00   88.52
01:25:04     all    9.87    0.00    1.01    0.00    0.00    1.77    0.00    0.00    0.00   87.34
01:25:05     all    9.21    0.00    1.02    0.00    0.00    1.28    0.26    0.00    0.00   88.24
01:25:06     all    9.87    0.00    1.27    0.00    0.00    1.52    0.00    0.00    0.00   87.34
01:25:07     all    9.23    0.00    1.03    0.00    0.00    1.28    0.00    0.00    0.00   88.46
01:25:08     all    9.57    0.00    1.76    0.00    0.00    2.27    0.00    0.00    0.00   86.40
01:25:09     all    8.91    0.00    1.27    0.00    0.00    1.53    0.00    0.00    0.00   88.30
01:25:10     all    9.18    0.00    1.02    0.00    0.00    1.79    0.00    0.00    0.00   88.01
01:25:11     all    9.95    0.00    1.28    0.00    0.00    1.53    0.00    0.00    0.00   87.24
01:25:12     all    9.41    0.00    1.02    0.00    0.00    1.27    0.25    0.00    0.00   88.04
01:25:13     all    9.23    0.00    1.54    0.00    0.00    1.03    0.00    0.00    0.00   88.21
01:25:14     all    9.62    0.00    1.27    0.00    0.00    1.77    0.25    0.00    0.00   87.09
01:25:15     all    9.46    0.00    0.77    0.00    0.00    1.02    0.26    0.00    0.00   88.49
01:25:16     all    9.69    0.00    1.28    0.00    0.00    1.53    0.00    0.00    0.00   87.50
01:25:17     all    9.62    0.00    1.27    0.00    0.00    1.52    0.00    0.00    0.00   87.59
01:25:18     all    8.88    0.00    1.27    0.00    0.00    1.78    0.00    0.00    0.00   88.07
01:25:19     all    9.39    0.00    1.52    0.00    0.00    1.52    0.00    0.00    0.00   87.56
01:25:20     all    9.16    0.00    1.27    0.00    0.00    1.27    0.00    0.00    0.00   88.30
01:25:21     all   10.10    0.00    1.01    0.00    0.00    1.77    0.25    0.00    0.00   86.87
01:25:22     all    8.93    0.00    1.53    0.00    0.00    1.28    0.00    0.00    0.00   88.27
01:25:23     all    8.63    0.00    1.27    0.00    0.00    2.28    0.00    0.00    0.00   87.82
01:25:24     all    9.90    0.00    1.27    0.25    0.00    1.27    0.00    0.00    0.00   87.31
01:25:25     all    9.67    0.00    1.02    0.00    0.00    1.27    0.25    0.00    0.00   87.79
01:25:26     all    9.16    0.00    1.02    0.00    0.00    1.78    0.00    0.00    0.00   88.04
01:25:27     all    9.16    0.00    1.53    0.00    0.00    1.53    0.25    0.00    0.00   87.53
01:25:28     all    9.90    0.00    1.27    0.00    0.00    1.52    0.00    0.00    0.00   87.31
01:25:29     all    8.91    0.00    1.53    0.00    0.00    1.27    0.00    0.00    0.00   88.30
01:25:30     all    8.88    0.00    0.76    0.00    0.00    1.78    0.25    0.00    0.00   88.32
01:25:31     all    9.16    0.00    1.27    0.00    0.00    1.78    0.00    0.00    0.00   87.79
01:25:32     all    9.16    0.00    1.27    0.00    0.00    1.27    0.00    0.00    0.00   88.30
01:25:33     all    9.21    0.00    1.28    0.00    0.00    1.28    0.00    0.00    0.00   88.24
01:25:34     all    8.91    0.00    1.02    0.00    0.00    1.27    0.00    0.00    0.00   88.80
01:25:35     all    9.77    0.00    1.75    0.00    0.00    1.50    0.00    0.00    0.00   86.97
01:25:36     all    9.16    0.00    1.02    0.00    0.00    1.53    0.25    0.00    0.00   88.04
01:25:37     all    9.25    0.00    0.51    0.00    0.00    1.54    0.00    0.00    0.00   88.69
01:25:38     all    9.39    0.00    1.52    0.00    0.00    1.52    0.00    0.00    0.00   87.56
01:25:39     all    9.64    0.00    1.02    0.00    0.00    1.02    0.51    0.00    0.00   87.82
01:25:40     all    9.74    0.00    1.03    0.00    0.00    1.28    0.00    0.00    0.00   87.95
01:25:41     all    8.70    0.00    1.02    0.00    0.00    1.53    0.00    0.00    0.00   88.75
01:25:42     all    9.44    0.00    1.02    0.00    0.00    1.53    0.00    0.00    0.00   88.01
01:25:43     all    8.93    0.00    1.53    0.00    0.00    1.28    0.00    0.00    0.00   88.27
01:25:44     all    9.21    0.00    1.02    0.00    0.00    1.53    0.00    0.00    0.00   88.24
01:25:45     all    9.39    0.00    1.02    0.00    0.00    1.52    0.00    0.00    0.00   88.07
01:25:46     all    9.41    0.00    1.27    0.00    0.00    1.53    0.00    0.00    0.00   87.79
01:25:47     all    9.14    0.00    1.52    0.00    0.00    1.27    0.25    0.00    0.00   87.82
01:25:48     all   10.18    0.00    0.76    0.00    0.00    2.04    0.00    0.00    0.00   87.02
01:25:49     all    9.69    0.00    1.28    0.00    0.00    1.28    0.00    0.00    0.00   87.76
01:25:50     all    5.33    0.00    0.76    0.00    0.00    0.76    0.00    0.00    0.00   93.15
01:25:51     all    6.05    0.00    1.01    0.00    0.00    1.26    0.00    0.00    0.00   91.69
01:25:52     all    9.30    0.00    1.01    0.00    0.00    1.26    0.50    0.00    0.00   87.94
01:25:53     all    7.12    0.00    0.76    0.00    0.00    1.27    0.25    0.00    0.00   90.59
01:25:54     all    8.67    0.00    0.77    0.00    0.00    1.53    0.00    0.00    0.00   89.03
01:25:55     all    8.21    0.00    0.77    0.00    0.00    0.77    0.00    0.00    0.00   90.26
01:25:56     all    9.16    0.00    1.02    0.00    0.00    1.27    0.00    0.00    0.00   88.55
01:25:57     all    9.09    0.00    1.26    0.00    0.00    2.02    0.00    0.00    0.00   87.63
01:25:58     all    9.67    0.00    0.51    0.00    0.00    1.78    0.00    0.00    0.00   88.04
01:25:59     all    9.25    0.00    1.29    0.00    0.00    1.03    0.00    0.00    0.00   88.43
01:26:00     all    9.82    0.00    1.01    0.00    0.00    2.02    0.00    0.00    0.00   87.15
01:26:01     all    9.69    0.00    1.28    0.00    0.00    1.02    0.00    0.00    0.00   88.01
01:26:02     all    8.40    0.00    1.27    0.00    0.00    2.04    0.00    0.00    0.00   88.30
01:26:03     all    8.82    0.00    1.01    0.00    0.00    1.51    0.00    0.00    0.00   88.66
01:26:04     all    9.60    0.00    1.01    0.00    0.00    1.77    0.51    0.00    0.00   87.12
01:26:05     all    9.62    0.00    1.52    0.00    0.00    1.01    0.00    0.00    0.00   87.85
01:26:06     all    9.02    0.00    0.52    0.00    0.00    1.03    0.00    0.00    0.00   89.43
01:26:07     all    9.90    0.00    1.27    0.00    0.00    1.78    0.00    0.00    0.00   87.06
01:26:08     all    9.85    0.00    1.26    0.00    0.00    1.26    0.25    0.00    0.00   87.37
01:26:09     all    8.88    0.00    0.76    0.00    0.00    2.03    0.25    0.00    0.00   88.07
01:26:10     all    9.37    0.00    1.27    0.00    0.00    1.52    0.00    0.00    0.00   87.85
01:26:11     all    9.44    0.00    0.77    0.00    0.00    1.53    0.00    0.00    0.00   88.27
01:26:12     all    9.34    0.00    1.52    0.00    0.00    1.77    0.00    0.00    0.00   87.37
01:26:13     all    9.14    0.00    1.78    0.00    0.00    1.52    0.00    0.00    0.00   87.56
01:26:14     all   10.10    0.00    1.01    0.25    0.00    1.52    0.00    0.00    0.00   87.12
01:26:15     all    8.38    0.00    1.27    0.00    0.00    2.03    0.00    0.00    0.00   88.32
01:26:16     all    9.44    0.00    1.02    0.00    0.00    1.28    0.00    0.00    0.00   88.27
01:26:17     all    8.40    0.00    1.27    0.00    0.00    1.27    0.25    0.00    0.00   88.80
01:26:18     all    8.95    0.00    1.02    0.00    0.00    1.02    0.00    0.00    0.00   89.00
01:26:19     all    9.60    0.00    1.26    0.00    0.00    1.77    0.00    0.00    0.00   87.37
01:26:20     all    8.67    0.00    1.28    0.00    0.00    1.79    0.26    0.00    0.00   88.01
01:26:21     all    9.85    0.00    1.01    0.00    0.00    1.52    0.00    0.00    0.00   87.63
01:26:22     all    9.00    0.00    1.03    0.00    0.00    1.29    0.26    0.00    0.00   88.43
01:26:23     all    9.37    0.00    1.01    0.00    0.00    1.77    0.00    0.00    0.00   87.85
01:26:24     all    8.63    0.00    1.52    0.00    0.00    2.03    0.00    0.00    0.00   87.82
01:26:25     all    9.82    0.00    1.01    0.00    0.00    1.76    0.25    0.00    0.00   87.15
01:26:26     all    8.70    0.00    1.53    0.00    0.00    1.28    0.00    0.00    0.00   88.49
01:26:27     all    9.69    0.00    0.77    0.00    0.00    1.79    0.00    0.00    0.00   87.76
01:26:28     all    9.60    0.00    1.52    0.00    0.00    1.26    0.00    0.00    0.00   87.63
01:26:29     all    8.70    0.00    1.28    0.00    0.00    1.79    0.00    0.00    0.00   88.24
01:26:30     all    9.69    0.00    0.77    0.00    0.00    1.53    0.26    0.00    0.00   87.76
01:26:31     all    9.39    0.00    1.52    0.00    0.00    1.27    0.00    0.00    0.00   87.82
01:26:32     all    9.21    0.00    1.28    0.00    0.00    1.02    0.00    0.00    0.00   88.49
01:26:33     all    8.86    0.00    1.01    0.00    0.00    2.03    0.00    0.00    0.00   88.10
01:26:34     all    9.16    0.00    1.02    0.00    0.00    1.53    0.00    0.00    0.00   88.30
01:26:35     all    8.59    0.00    1.52    0.00    0.00    2.02    0.51    0.00    0.00   87.37
01:26:36     all    9.46    0.00    1.28    0.00    0.00    1.02    0.00    0.00    0.00   88.24
01:26:37     all    8.51    0.00    1.03    0.00    0.00    1.29    0.00    0.00    0.00   89.18
01:26:38     all    9.14    0.00    1.52    0.00    0.00    1.52    0.00    0.00    0.00   87.82
01:26:39     all    9.18    0.00    0.77    0.00    0.00    1.28    0.00    0.00    0.00   88.78
01:26:40     all    9.64    0.00    1.27    0.00    0.00    1.27    0.00    0.00    0.00   87.82
01:26:41     all    8.65    0.00    1.02    0.00    0.00    1.78    0.25    0.00    0.00   88.30
01:26:42     all    9.16    0.00    1.02    0.00    0.00    1.27    0.00    0.00    0.00   88.55
01:26:43     all    9.14    0.00    1.52    0.00    0.00    1.52    0.00    0.00    0.00   87.82
01:26:44     all    8.65    0.00    1.27    0.00    0.00    1.78    0.25    0.00    0.00   88.04
01:26:45     all    9.85    0.00    1.01    0.00    0.00    1.26    0.00    0.00    0.00   87.88
01:26:46     all    9.44    0.00    0.77    0.00    0.00    1.28    0.00    0.00    0.00   88.52
01:26:47     all    8.72    0.00    1.54    0.00    0.00    0.77    0.00    0.00    0.00   88.97
01:26:48     all    8.93    0.00    0.77    0.00    0.00    1.79    0.00    0.00    0.00   88.52
01:26:49     all    9.60    0.00    1.26    0.00    0.00    1.26    0.00    0.00    0.00   87.88
01:26:50     all    9.62    0.00    1.27    0.00    0.00    1.52    0.25    0.00    0.00   87.34
01:26:51     all    8.91    0.00    1.02    0.00    0.00    1.53    0.00    0.00    0.00   88.55
01:26:52     all    9.39    0.00    1.27    0.00    0.00    1.52    0.00    0.00    0.00   87.82
01:26:53     all    9.37    0.00    1.27    0.00    0.00    1.27    0.25    0.00    0.00   87.85
01:26:54     all    8.70    0.00    1.28    0.00    0.00    1.28    0.00    0.00    0.00   88.75
01:26:55     all   10.10    0.00    1.26    0.00    0.00    1.52    0.00    0.00    0.00   87.12
01:26:56     all    9.21    0.00    1.28    0.00    0.00    1.28    0.00    0.00    0.00   88.24
01:26:57     all    9.90    0.00    1.02    0.00    0.00    1.02    0.00    0.00    0.00   88.07
01:26:58     all    9.18    0.00    1.02    0.00    0.00    1.79    0.26    0.00    0.00   87.76
01:26:59     all    9.37    0.00    1.52    0.00    0.00    1.52    0.25    0.00    0.00   87.34
01:27:00     all    9.16    0.00    1.53    0.00    0.00    1.27    0.00    0.00    0.00   88.04
01:27:01     all    9.72    0.00    1.02    0.00    0.00    1.02    0.00    0.00    0.00   88.24
01:27:02     all    8.88    0.00    1.27    0.00    0.00    1.78    0.00    0.00    0.00   88.07
01:27:03     all    9.41    0.00    0.76    0.00    0.00    1.27    0.00    0.00    0.00   88.55
01:27:04     all    9.11    0.00    1.52    0.00    0.00    1.77    0.25    0.00    0.00   87.34
01:27:05     all   10.15    0.00    1.52    0.00    0.00    1.02    0.00    0.00    0.00   87.31
01:27:06     all    9.60    0.00    1.01    0.00    0.00    2.27    0.00    0.00    0.00   87.12
01:27:07     all    9.90    0.00    1.02    0.25    0.00    1.02    0.00    0.00    0.00   87.82
01:27:08     all    9.87    0.00    1.27    0.00    0.00    2.28    0.00    0.00    0.00   86.58
01:27:09     all    8.95    0.00    1.02    0.00    0.00    1.28    0.26    0.00    0.00   88.49
01:27:10     all    9.60    0.00    1.26    0.00    0.00    1.77    0.00    0.00    0.00   87.37
01:27:11     all    9.57    0.00    1.26    0.00    0.00    1.76    0.25    0.00    0.00   87.15
01:27:12     all    9.39    0.00    1.27    0.00    0.00    1.78    0.00    0.00    0.00   87.56
01:27:13     all    9.46    0.00    1.28    0.00    0.00    1.02    0.00    0.00    0.00   88.24
01:27:14     all    9.32    0.00    1.51    0.00    0.00    1.76    0.25    0.00    0.00   87.15
01:27:15     all    8.46    0.00    1.03    0.00    0.00    1.28    0.00    0.00    0.00   89.23
01:27:16     all    9.37    0.00    1.52    0.00    0.00    1.27    0.00    0.00    0.00   87.85
01:27:17     all    9.00    0.00    0.77    0.00    0.00    1.54    0.00    0.00    0.00   88.69
01:27:18     all    9.09    0.00    1.26    0.00    0.00    1.52    0.25    0.00    0.00   87.88
01:27:19     all    9.18    0.00    1.53    0.00    0.00    1.28    0.00    0.00    0.00   88.01
01:27:20     all    9.64    0.00    1.02    0.00    0.00    1.27    0.00    0.00    0.00   88.07
01:27:21     all    9.37    0.00    1.52    0.00    0.00    1.27    0.00    0.00    0.00   87.85
01:27:22     all    9.46    0.00    1.02    0.00    0.00    1.28    0.00    0.00    0.00   88.24
01:27:23     all    8.40    0.00    1.27    0.00    0.00    1.78    0.00    0.00    0.00   88.55
01:27:24     all    8.88    0.00    1.02    0.00    0.00    1.52    0.25    0.00    0.00   88.32
01:27:25     all    8.65    0.00    1.27    0.00    0.00    1.27    0.00    0.00    0.00   88.80
01:27:26     all    9.21    0.00    1.02    0.00    0.00    1.53    0.00    0.00    0.00   88.24
01:27:27     all    9.60    0.00    1.26    0.00    0.00    1.52    0.25    0.00    0.00   87.37
01:27:28     all    9.07    0.00    1.51    0.00    0.00    2.02    0.00    0.00    0.00   87.41
01:27:29     all    9.18    0.00    1.02    0.00    0.00    1.53    0.00    0.00    0.00   88.27
01:27:30     all    9.85    0.00    1.01    0.00    0.00    2.02    0.00    0.00    0.00   87.12
01:27:31     all    9.18    0.00    0.77    0.00    0.00    1.28    0.26    0.00    0.00   88.52
01:27:32     all    8.38    0.00    1.52    0.00    0.00    1.78    0.25    0.00    0.00   88.07
01:27:33     all    9.18    0.00    1.28    0.00    0.00    1.53    0.00    0.00    0.00   88.01
01:27:34     all    9.05    0.00    1.26    0.00    0.00    2.26    0.00    0.00    0.00   87.44
01:27:35     all   10.00    0.00    0.77    0.00    0.00    0.77    0.00    0.00    0.00   88.46
01:27:36     all    9.37    0.00    1.27    0.00    0.00    1.77    0.00    0.00    0.00   87.59
01:27:37     all    9.41    0.00    1.27    0.00    0.00    1.53    0.00    0.00    0.00   87.79
01:27:38     all    9.11    0.00    1.52    0.00    0.00    1.52    0.25    0.00    0.00   87.59
01:27:39     all    8.88    0.00    1.27    0.00    0.00    1.52    0.00    0.00    0.00   88.32
01:27:40     all    9.87    0.00    1.27    0.00    0.00    1.52    0.00    0.00    0.00   87.34
01:27:41     all    8.65    0.00    1.27    0.00    0.00    1.53    0.00    0.00    0.00   88.55
01:27:42     all   10.30    0.00    1.26    0.00    0.00    1.51    0.00    0.00    0.00   86.93
01:27:43     all    8.95    0.00    1.28    0.00    0.00    1.53    0.00    0.00    0.00   88.24
01:27:44     all    9.21    0.00    1.53    0.00    0.00    1.28    0.00    0.00    0.00   87.98
01:27:45     all    8.88    0.00    1.27    0.00    0.00    1.52    0.25    0.00    0.00   88.07
01:27:46     all    9.16    0.00    1.53    0.00    0.00    1.27    0.00    0.00    0.00   88.04
01:27:47     all    8.91    0.00    1.02    0.25    0.00    1.78    0.25    0.00    0.00   87.79
01:27:48     all   10.38    0.00    1.01    0.00    0.00    1.52    0.00    0.00    0.00   87.09
01:27:49     all    9.85    0.00    1.01    0.00    0.00    1.52    0.25    0.00    0.00   87.37
01:27:50     all    9.18    0.00    1.79    0.00    0.00    1.28    0.00    0.00    0.00   87.76
01:27:51     all    8.95    0.00    1.28    0.00    0.00    1.28    0.00    0.00    0.00   88.49
01:27:52     all    9.11    0.00    1.27    0.00    0.00    1.52    0.00    0.00    0.00   88.10
01:27:53     all    8.88    0.00    1.52    0.00    0.00    1.52    0.25    0.00    0.00   87.82
01:27:54     all    9.41    0.00    1.27    0.00    0.00    1.02    0.00    0.00    0.00   88.30
01:27:55     all    9.62    0.00    0.76    0.00    0.00    1.77    0.00    0.00    0.00   87.85
01:27:56     all    9.25    0.00    0.77    0.00    0.00    1.29    0.00    0.00    0.00   88.69
01:27:57     all    8.40    0.00    1.53    0.00    0.00    1.53    0.00    0.00    0.00   88.55
01:27:58     all    9.14    0.00    1.27    0.00    0.00    1.52    0.00    0.00    0.00   88.07
01:27:59     all    9.41    0.00    1.53    0.00    0.00    1.53    0.00    0.00    0.00   87.53
01:28:00     all    9.85    0.00    1.26    0.00    0.00    1.77    0.00    0.00    0.00   87.12
01:28:01     all    9.21    0.00    1.28    0.00    0.00    1.28    0.51    0.00    0.00   87.72
01:28:02     all    9.41    0.00    0.76    0.00    0.00    1.53    0.00    0.00    0.00   88.30
01:28:03     all    9.39    0.00    1.27    0.00    0.00    1.27    0.00    0.00    0.00   88.07
01:28:04     all    9.41    0.00    1.53    0.00    0.00    1.53    0.00    0.00    0.00   87.53
01:28:05     all   10.43    0.00    0.76    0.00    0.00    1.27    0.00    0.00    0.00   87.53
01:28:06     all    9.57    0.00    1.01    0.00    0.00    1.76    0.50    0.00    0.00   87.15
01:28:07     all    9.67    0.00    1.02    0.00    0.00    1.78    0.00    0.00    0.00   87.53
01:28:08     all    8.93    0.00    1.28    0.00    0.00    1.79    0.00    0.00    0.00   88.01
01:28:09     all    9.41    0.00    1.02    0.00    0.00    1.27    0.00    0.00    0.00   88.30
01:28:10     all    9.39    0.00    1.52    0.00    0.00    1.78    0.00    0.00    0.00   87.31
01:28:11     all    9.64    0.00    1.27    0.00    0.00    1.27    0.00    0.00    0.00   87.82
01:28:12     all    9.41    0.00    1.27    0.00    0.00    1.53    0.00    0.00    0.00   87.79
01:28:13     all    9.39    0.00    0.76    0.25    0.00    2.28    0.00    0.00    0.00   87.31
01:28:14     all    9.62    0.00    1.27    0.00    0.00    1.27    0.25    0.00    0.00   87.59
01:28:15     all    8.40    0.00    1.78    0.00    0.00    1.53    0.00    0.00    0.00   88.30
01:28:16     all    9.85    0.00    1.01    0.00    0.00    1.77    0.25    0.00    0.00   87.12
01:28:17     all    9.60    0.00    1.52    0.00    0.00    1.77    0.00    0.00    0.00   87.12
01:28:18     all    9.69    0.00    1.28    0.00    0.00    1.28    0.26    0.00    0.00   87.50
01:28:19     all    9.64    0.00    1.02    0.00    0.00    1.78    0.00    0.00    0.00   87.56
01:28:20     all    9.37    0.00    1.27    0.00    0.00    1.77    0.00    0.00    0.00   87.59
01:28:21     all    9.67    0.00    1.02    0.00    0.00    1.53    0.25    0.00    0.00   87.53
01:28:22     all    9.37    0.00    1.27    0.00    0.00    2.03    0.00    0.00    0.00   87.34
01:28:23     all    8.67    0.00    1.28    0.00    0.00    1.53    0.00    0.00    0.00   88.52
01:28:24     all    9.11    0.00    1.52    0.00    0.00    2.03    0.00    0.00    0.00   87.34
01:28:25     all    9.37    0.00    1.27    0.00    0.00    1.27    0.00    0.00    0.00   88.10
01:28:26     all    9.54    0.00    1.03    0.00    0.00    1.29    0.00    0.00    0.00   88.14
01:28:27     all    9.05    0.00    1.76    0.00    0.00    2.26    0.25    0.00    0.00   86.68
01:28:28     all    9.46    0.00    1.28    0.00    0.00    1.02    0.00    0.00    0.00   88.24
01:28:29     all    9.92    0.00    0.76    0.00    0.00    1.53    0.00    0.00    0.00   87.79
01:28:30     all    8.93    0.00    1.79    0.00    0.00    1.02    0.26    0.00    0.00   88.01
01:28:31     all    8.67    0.00    0.77    0.00    0.00    2.04    0.00    0.00    0.00   88.52
01:28:32     all   10.08    0.00    1.51    0.00    0.00    1.51    0.25    0.00    0.00   86.65
01:28:33     all    9.18    0.00    1.02    0.00    0.00    1.28    0.00    0.00    0.00   88.52
01:28:34     all    8.86    0.00    1.52    0.00    0.00    1.77    0.00    0.00    0.00   87.85
01:28:35     all    9.18    0.00    1.02    0.26    0.00    1.53    0.00    0.00    0.00   88.01
01:28:36     all    8.84    0.00    1.52    0.00    0.00    1.77    0.25    0.00    0.00   87.63
01:28:37     all    9.64    0.00    1.02    0.00    0.00    1.78    0.00    0.00    0.00   87.56
01:28:38     all    9.67    0.00    0.51    0.00    0.00    1.53    0.00    0.00    0.00   88.30
01:28:39     all    9.87    0.00    1.52    0.00    0.00    1.52    0.00    0.00    0.00   87.09
01:28:40     all    9.18    0.00    1.28    0.00    0.00    1.53    0.00    0.00    0.00   88.01
01:28:41     all    8.91    0.00    1.27    0.00    0.00    1.02    0.25    0.00    0.00   88.55
01:28:42     all   10.08    0.00    1.26    0.00    0.00    2.77    0.00    0.00    0.00   85.89
01:28:43     all    9.60    0.00    1.26    0.00    0.00    1.77    0.00    0.00    0.00   87.37
01:28:44     all    9.46    0.00    0.77    0.00    0.00    1.02    0.26    0.00    0.00   88.49
01:28:45     all    9.09    0.00    1.26    0.00    0.00    2.02    0.00    0.00    0.00   87.63
01:28:46     all    8.93    0.00    1.28    0.00    0.00    1.79    0.00    0.00    0.00   88.01
01:28:47     all    9.18    0.00    1.02    0.00    0.00    1.53    0.00    0.00    0.00   88.27
01:28:48     all    9.18    0.00    1.28    0.00    0.00    1.79    0.00    0.00    0.00   87.76
01:28:49     all    8.88    0.00    1.27    0.00    0.00    1.27    0.00    0.00    0.00   88.58
01:28:50     all    7.09    0.00    0.76    0.00    0.00    1.01    0.25    0.00    0.00   90.89
01:28:51     all    5.56    0.00    1.01    0.00    0.00    1.26    0.00    0.00    0.00   92.17
01:28:52     all    8.12    0.00    1.27    0.00    0.00    1.27    0.00    0.00    0.00   89.34
01:28:53     all    7.83    0.00    1.01    0.00    0.00    1.52    0.25    0.00    0.00   89.39
01:28:54     all    8.38    0.00    1.52    0.00    0.00    1.02    0.00    0.00    0.00   89.09
01:28:55     all    8.86    0.00    1.01    0.00    0.00    1.52    0.00    0.00    0.00   88.61
01:28:56     all    7.36    0.00    1.02    0.00    0.00    1.02    0.51    0.00    0.00   90.10
01:28:57     all    8.84    0.00    1.01    0.00    0.00    1.77    0.00    0.00    0.00   88.38
01:28:58     all    8.67    0.00    1.53    0.00    0.00    1.53    0.00    0.00    0.00   88.27
01:28:59     all    9.87    0.00    1.01    0.00    0.00    1.77    0.00    0.00    0.00   87.34
01:29:00     all    9.64    0.00    1.02    0.00    0.00    1.52    0.00    0.00    0.00   87.82
01:29:01     all    9.62    0.00    1.27    0.00    0.00    1.52    0.00    0.00    0.00   87.59
01:29:02     all    8.86    0.00    1.27    0.00    0.00    1.77    0.00    0.00    0.00   88.10
01:29:03     all    8.08    0.00    1.26    0.00    0.00    1.77    0.00    0.00    0.00   88.89
01:29:04     all    8.44    0.00    1.02    0.00    0.00    1.79    0.00    0.00    0.00   88.75
01:29:05     all    9.64    0.00    1.02    0.00    0.00    1.52    0.00    0.00    0.00   87.82
01:29:06     all    9.85    0.00    1.26    0.00    0.00    1.26    0.00    0.00    0.00   87.63
01:29:07     all    9.85    0.00    1.26    0.00    0.00    1.77    0.25    0.00    0.00   86.87
01:29:08     all    9.34    0.00    1.01    0.00    0.00    1.77    0.25    0.00    0.00   87.63
01:29:09     all   10.05    0.00    1.26    0.00    0.00    1.76    0.25    0.00    0.00   86.68
01:29:10     all    9.34    0.00    1.26    0.00    0.00    2.02    0.25    0.00    0.00   87.12
01:29:11     all   10.20    0.00    0.51    0.00    0.00    1.53    0.00    0.00    0.00   87.76
01:29:12     all    9.39    0.00    1.02    0.00    0.00    1.78    0.00    0.00    0.00   87.82
01:29:13     all    8.91    0.00    1.02    0.00    0.00    1.27    0.00    0.00    0.00   88.80
01:29:14     all   10.13    0.00    1.01    0.00    0.00    1.77    0.00    0.00    0.00   87.09
01:29:15     all    9.18    0.00    1.28    0.00    0.00    1.02    0.00    0.00    0.00   88.52
01:29:16     all    9.39    0.00    1.02    0.00    0.00    2.03    0.00    0.00    0.00   87.56
01:29:17     all    8.91    0.00    1.27    0.00    0.00    1.53    0.00    0.00    0.00   88.30
01:29:18     all    8.63    0.00    1.52    0.00    0.00    1.02    0.00    0.00    0.00   88.83
01:29:19     all    9.11    0.00    0.76    0.00    0.00    2.28    0.00    0.00    0.00   87.85
01:29:20     all    9.16    0.00    1.02    0.00    0.00    1.53    0.00    0.00    0.00   88.30
01:29:21     all    9.09    0.00    1.26    0.00    0.00    1.52    0.25    0.00    0.00   87.88
01:29:22     all    9.34    0.00    1.26    0.00    0.00    1.77    0.00    0.00    0.00   87.63
01:29:23     all    8.54    0.00    1.26    0.00    0.00    1.76    0.50    0.00    0.00   87.94
01:29:24     all    9.74    0.00    0.77    0.00    0.00    1.28    0.00    0.00    0.00   88.21
01:29:25     all    9.16    0.00    1.02    0.00    0.00    1.53    0.25    0.00    0.00   88.04
01:29:26     all    9.18    0.00    1.28    0.00    0.00    1.79    0.00    0.00    0.00   87.76
01:29:27     all    9.92    0.00    1.53    0.00    0.00    1.02    0.00    0.00    0.00   87.53
01:29:28     all    9.14    0.00    1.52    0.00    0.00    1.78    0.00    0.00    0.00   87.56
01:29:29     all    9.14    0.00    1.27    0.00    0.00    2.03    0.00    0.00    0.00   87.56
01:29:30     all    9.16    0.00    1.27    0.00    0.00    1.53    0.00    0.00    0.00   88.04
01:29:31     all    9.46    0.00    1.02    0.00    0.00    1.28    0.00    0.00    0.00   88.24
01:29:32     all    9.46    0.00    1.02    0.00    0.00    1.53    0.00    0.00    0.00   87.98
01:29:33     all    9.14    0.00    1.27    0.00    0.00    1.52    0.00    0.00    0.00   88.07
01:29:34     all    8.44    0.00    1.53    0.00    0.00    1.53    0.00    0.00    0.00   88.49
01:29:35     all    8.84    0.00    1.52    0.25    0.00    1.52    0.25    0.00    0.00   87.63
01:29:36     all    8.74    0.00    1.29    0.00    0.00    1.29    0.00    0.00    0.00   88.69
01:29:37     all    9.87    0.00    1.27    0.00    0.00    1.77    0.25    0.00    0.00   86.84
01:29:38     all    9.39    0.00    1.27    0.00    0.00    1.27    0.00    0.00    0.00   88.07
01:29:39     all    8.93    0.00    1.02    0.00    0.00    1.28    0.26    0.00    0.00   88.52
01:29:40     all    9.41    0.00    1.53    0.00    0.00    1.27    0.00    0.00    0.00   87.79
01:29:41     all    8.74    0.00    0.77    0.00    0.00    1.54    0.00    0.00    0.00   88.95
01:29:42     all    8.82    0.00    1.51    0.00    0.00    2.02    0.25    0.00    0.00   87.41
01:29:43     all    8.65    0.00    1.53    0.00    0.00    1.27    0.00    0.00    0.00   88.55
01:29:44     all    9.41    0.00    1.02    0.00    0.00    1.27    0.00    0.00    0.00   88.30
01:29:45     all    8.44    0.00    0.77    0.00    0.00    1.53    0.00    0.00    0.00   89.26
01:29:46     all    9.16    0.00    1.78    0.00    0.00    1.27    0.00    0.00    0.00   87.79
01:29:47     all    9.41    0.00    1.02    0.00    0.00    1.78    0.00    0.00    0.00   87.79
01:29:48     all    9.80    0.00    1.51    0.00    0.00    1.76    0.00    0.00    0.00   86.93
01:29:49     all    9.37    0.00    1.27    0.00    0.00    1.52    0.25    0.00    0.00   87.59
01:29:50     all    9.18    0.00    1.02    0.00    0.00    2.04    0.00    0.00    0.00   87.76
01:29:51     all    9.85    0.00    1.26    0.00    0.00    1.77    0.25    0.00    0.00   86.87
01:29:52     all    9.72    0.00    1.02    0.00    0.00    1.28    0.00    0.00    0.00   87.98
01:29:53     all    9.87    0.00    1.01    0.00    0.00    1.52    0.00    0.00    0.00   87.59
01:29:54     all    9.16    0.00    1.02    0.00    0.00    1.53    0.00    0.00    0.00   88.30
01:29:55     all    9.60    0.00    1.01    0.00    0.00    1.77    0.25    0.00    0.00   87.37
01:29:56     all   11.03    0.00    1.54    0.00    0.00    1.28    0.00    0.00    0.00   86.15
01:29:57     all    9.87    0.00    1.52    0.00    0.00    2.03    0.00    0.00    0.00   86.58
01:29:58     all    9.90    0.00    0.76    0.00    0.00    1.52    0.00    0.00    0.00   87.82
01:29:59     all    9.16    0.00    1.53    0.00    0.00    1.78    0.00    0.00    0.00   87.53
01:30:00     all    9.87    0.00    1.27    0.00    0.00    1.27    0.25    0.00    0.00   87.34
01:30:01     all   10.18    0.00    1.02    0.00    0.00    1.53    0.00    0.00    0.00   87.28
01:30:02     all    9.11    0.00    1.77    0.00    0.00    1.52    0.00    0.00    0.00   87.59
01:30:03     all    8.95    0.00    1.02    0.00    0.00    1.53    0.26    0.00    0.00   88.24
01:30:04     all    9.82    0.00    1.26    0.00    0.00    1.26    0.25    0.00    0.00   87.41
01:30:05     all    9.92    0.00    1.02    0.00    0.00    1.27    0.00    0.00    0.00   87.79
01:30:06     all    9.46    0.00    1.28    0.00    0.00    1.02    0.00    0.00    0.00   88.24
01:30:07     all    9.39    0.00    1.02    0.25    0.00    1.52    0.00    0.00    0.00   87.82
01:30:08     all    9.64    0.00    1.27    0.00    0.00    1.52    0.00    0.00    0.00   87.56
01:30:09     all    9.69    0.00    0.77    0.00    0.00    1.53    0.26    0.00    0.00   87.76
01:30:10     all    9.90    0.00    1.52    0.00    0.00    1.78    0.00    0.00    0.00   86.80
01:30:11     all    9.90    0.00    1.52    0.00    0.00    1.27    0.00    0.00    0.00   87.31
01:30:12     all    9.87    0.00    1.52    0.00    0.00    2.03    0.00    0.00    0.00   86.58
01:30:13     all    9.97    0.00    0.77    0.00    0.00    1.28    0.26    0.00    0.00   87.72
01:30:14     all    9.80    0.00    1.26    0.00    0.00    2.26    0.25    0.00    0.00   86.43
01:30:15     all   10.15    0.00    1.02    0.00    0.00    1.27    0.00    0.00    0.00   87.56
01:30:16     all    8.97    0.00    1.03    0.00    0.00    1.54    0.26    0.00    0.00   88.21
01:30:17     all    9.32    0.00    1.76    0.00    0.00    1.51    0.00    0.00    0.00   87.41
01:30:18     all    9.44    0.00    1.02    0.00    0.00    1.79    0.00    0.00    0.00   87.76
01:30:19     all    9.67    0.00    1.27    0.00    0.00    1.27    0.00    0.00    0.00   87.79
01:30:20     all    9.62    0.00    0.76    0.00    0.00    2.03    0.00    0.00    0.00   87.59
01:30:21     all    8.93    0.00    1.02    0.00    0.00    1.79    0.00    0.00    0.00   88.27
01:30:22     all   10.23    0.00    1.02    0.00    0.00    1.02    0.00    0.00    0.00   87.72
01:30:23     all    9.67    0.00    1.53    0.00    0.00    1.53    0.00    0.00    0.00   87.28
01:30:24     all    9.62    0.00    1.77    0.00    0.00    1.77    0.25    0.00    0.00   86.58
01:30:25     all    9.41    0.00    1.53    0.00    0.00    1.53    0.25    0.00    0.00   87.28
01:30:26     all    9.41    0.00    1.02    0.00    0.00    2.04    0.00    0.00    0.00   87.53
01:30:27     all    9.67    0.00    0.76    0.00    0.00    1.53    0.00    0.00    0.00   88.04
01:30:28     all    9.09    0.00    1.52    0.00    0.00    2.02    0.25    0.00    0.00   87.12
01:30:29     all    9.92    0.00    1.27    0.00    0.00    1.27    0.25    0.00    0.00   87.28
01:30:30     all   10.18    0.00    0.76    0.00    0.00    1.53    0.00    0.00    0.00   87.53
01:30:31     all    9.82    0.00    1.51    0.00    0.00    1.76    0.00    0.00    0.00   86.90
01:30:32     all    9.80    0.00    1.51    0.25    0.00    1.76    0.00    0.00    0.00   86.68
01:30:33     all    8.93    0.00    1.02    0.00    0.00    1.53    0.00    0.00    0.00   88.52
01:30:34     all    9.39    0.00    0.76    0.00    0.00    1.78    0.00    0.00    0.00   88.07
01:30:35     all    9.67    0.00    1.02    0.00    0.00    1.78    0.00    0.00    0.00   87.53
01:30:36     all    9.44    0.00    1.53    0.00    0.00    1.53    0.26    0.00    0.00   87.24
01:30:37     all    9.39    0.00    1.52    0.00    0.00    1.27    0.00    0.00    0.00   87.82
01:30:38     all    9.64    0.00    1.52    0.00    0.00    1.78    0.00    0.00    0.00   87.06
01:30:39     all    9.37    0.00    1.27    0.00    0.00    1.77    0.00    0.00    0.00   87.59
01:30:40     all    9.72    0.00    1.02    0.00    0.00    1.79    0.26    0.00    0.00   87.21
01:30:41     all    9.34    0.00    1.52    0.00    0.00    1.26    0.25    0.00    0.00   87.63
01:30:42     all   10.49    0.00    1.02    0.00    0.00    1.02    0.26    0.00    0.00   87.21
01:30:43     all    9.16    0.00    1.53    0.00    0.00    1.78    0.00    0.00    0.00   87.53
01:30:44     all    9.67    0.00    1.02    0.00    0.00    1.53    0.00    0.00    0.00   87.79
01:30:45     all    9.37    0.00    1.52    0.25    0.00    1.52    0.00    0.00    0.00   87.34
01:30:46     all    9.72    0.00    1.28    0.00    0.00    1.28    0.00    0.00    0.00   87.72
01:30:47     all    8.70    0.00    1.28    0.00    0.00    1.79    0.00    0.00    0.00   88.24
01:30:48     all   10.15    0.00    1.02    0.00    0.00    1.27    0.25    0.00    0.00   87.31
01:30:49     all    9.69    0.00    1.28    0.00    0.00    1.28    0.00    0.00    0.00   87.76
01:30:50     all    9.67    0.00    1.53    0.00    0.00    2.04    0.00    0.00    0.00   86.77
01:30:51     all    9.74    0.00    1.54    0.00    0.00    0.51    0.00    0.00    0.00   88.21
01:30:52     all    9.85    0.00    1.26    0.00    0.00    2.02    0.25    0.00    0.00   86.62
01:30:53     all    9.67    0.00    1.02    0.00    0.00    1.78    0.25    0.00    0.00   87.28
01:30:54     all    8.95    0.00    1.53    0.00    0.00    1.53    0.00    0.00    0.00   87.98
01:30:55     all   10.41    0.00    1.27    0.00    0.00    1.52    0.00    0.00    0.00   86.80
01:30:56     all    9.30    0.00    0.78    0.00    0.00    1.29    0.00    0.00    0.00   88.63
01:30:57     all    9.09    0.00    1.77    0.00    0.00    1.77    0.25    0.00    0.00   87.12
01:30:58     all    9.39    0.00    1.52    0.00    0.00    1.52    0.00    0.00    0.00   87.56
01:30:59     all    9.21    0.00    0.77    0.00    0.00    1.53    0.00    0.00    0.00   88.49
01:31:00     all   10.30    0.00    1.26    0.00    0.00    1.76    0.25    0.00    0.00   86.43
01:31:01     all    9.74    0.00    1.03    0.00    0.00    1.28    0.00    0.00    0.00   87.95
01:31:02     all    9.85    0.00    1.52    0.00    0.00    1.77    0.00    0.00    0.00   86.87
01:31:03     all    8.46    0.00    1.54    0.00    0.00    1.79    0.00    0.00    0.00   88.21
01:31:04     all    9.87    0.00    1.01    0.00    0.00    1.77    0.00    0.00    0.00   87.34
01:31:05     all    9.39    0.00    1.52    0.00    0.00    1.27    0.00    0.00    0.00   87.82
01:31:06     all    9.64    0.00    1.02    0.00    0.00    2.28    0.25    0.00    0.00   86.80
01:31:07     all    9.92    0.00    1.27    0.00    0.00    1.02    0.25    0.00    0.00   87.53
01:31:08     all    9.69    0.00    0.77    0.00    0.00    1.79    0.00    0.00    0.00   87.76
01:31:09     all    9.87    0.00    1.52    0.00    0.00    1.77    0.00    0.00    0.00   86.84
01:31:10     all    9.95    0.00    0.77    0.00    0.00    1.02    0.00    0.00    0.00   88.27
01:31:11     all    9.87    0.00    1.27    0.25    0.00    1.77    0.00    0.00    0.00   86.84
01:31:12     all    9.97    0.00    1.02    0.00    0.00    1.28    0.00    0.00    0.00   87.72
01:31:13     all    9.05    0.00    1.51    0.00    0.00    2.01    0.50    0.00    0.00   86.93
01:31:14     all    9.77    0.00    1.03    0.00    0.00    1.54    0.00    0.00    0.00   87.66
01:31:15     all    8.88    0.00    1.02    0.00    0.00    1.78    0.00    0.00    0.00   88.32
01:31:16     all    9.95    0.00    1.02    0.00    0.00    1.28    0.00    0.00    0.00   87.76
01:31:17     all    8.72    0.00    1.28    0.00    0.00    1.28    0.00    0.00    0.00   88.72
01:31:18     all    9.64    0.00    1.02    0.00    0.00    1.52    0.25    0.00    0.00   87.56
01:31:19     all    9.90    0.00    1.02    0.00    0.00    1.52    0.00    0.00    0.00   87.56
01:31:20     all    9.23    0.00    1.03    0.00    0.00    1.28    0.00    0.00    0.00   88.46
01:31:21     all    8.91    0.00    1.27    0.00    0.00    1.78    0.25    0.00    0.00   87.79
01:31:22     all    9.49    0.00    1.03    0.00    0.00    1.03    0.00    0.00    0.00   88.46
01:31:23     all    9.16    0.00    1.27    0.00    0.00    2.04    0.00    0.00    0.00   87.53
01:31:24     all    9.67    0.00    1.02    0.00    0.00    1.78    0.00    0.00    0.00   87.53
01:31:25     all    9.11    0.00    1.52    0.00    0.00    1.77    0.25    0.00    0.00   87.34
01:31:26     all    9.97    0.00    0.51    0.00    0.00    1.28    0.00    0.00    0.00   88.24
01:31:27     all    9.44    0.00    1.28    0.00    0.00    1.28    0.26    0.00    0.00   87.76
01:31:28     all   10.33    0.00    1.26    0.00    0.00    1.76    0.00    0.00    0.00   86.65
01:31:29     all    9.69    0.00    1.28    0.00    0.00    1.79    0.00    0.00    0.00   87.24
01:31:30     all    9.57    0.00    1.26    0.00    0.00    1.76    0.00    0.00    0.00   87.41
01:31:31     all    9.51    0.00    1.03    0.00    0.00    1.54    0.26    0.00    0.00   87.66
01:31:32     all    9.18    0.00    1.28    0.00    0.00    1.79    0.00    0.00    0.00   87.76
01:31:33     all   10.33    0.00    1.01    0.00    0.00    1.51    0.00    0.00    0.00   87.15
01:31:34     all    9.60    0.00    1.26    0.00    0.00    1.77    0.00    0.00    0.00   87.37
01:31:35     all    9.25    0.00    1.03    0.00    0.00    1.29    0.00    0.00    0.00   88.43
01:31:36     all    9.41    0.00    1.53    0.00    0.00    1.53    0.00    0.00    0.00   87.53
01:31:37     all   10.08    0.00    1.01    0.00    0.00    1.51    0.50    0.00    0.00   86.90
01:31:38     all    9.18    0.00    1.53    0.00    0.00    1.28    0.00    0.00    0.00   88.01
01:31:39     all    9.39    0.00    1.27    0.00    0.00    1.78    0.00    0.00    0.00   87.56
01:31:40     all   12.18    0.00   11.93    2.79    0.00    2.54    0.00    0.00    0.00   70.56
01:31:41     all   27.78    0.00   13.64    2.53    0.00    3.03    0.25    0.00    0.00   52.78
01:31:42     all   26.88    0.00   17.34    2.26    0.00    4.02    0.00    0.00    0.00   49.50
01:31:43     all   32.24    0.00   15.62    0.00    0.00    2.52    0.25    0.00    0.00   49.37
01:31:44     all   17.34    0.00    5.78    0.00    0.00    2.26    0.00    0.00    0.00   74.62
01:31:45     all    9.41    0.00    1.27    0.00    0.00    2.04    0.00    0.00    0.00   87.28
01:31:46     all    9.64    0.00    1.27    0.00    0.00    2.03    0.00    0.00    0.00   87.06
01:31:47     all    9.87    0.00    1.52    0.00    0.00    1.77    0.25    0.00    0.00   86.58
01:31:48     all    9.92    0.00    1.27    0.00    0.00    1.53    0.25    0.00    0.00   87.02
01:31:49     all   10.38    0.00    1.27    0.00    0.00    2.03    0.00    0.00    0.00   86.33
01:31:50     all   10.13    0.00    1.77    0.00    0.00    1.77    0.00    0.00    0.00   86.33
01:31:51     all    5.58    0.00    0.76    0.00    0.00    0.51    0.00    0.00    0.00   93.15
01:31:52     all    7.63    0.00    1.27    0.00    0.00    1.78    0.00    0.00    0.00   89.31
01:31:53     all    9.46    0.00    1.28    0.00    0.00    1.79    0.26    0.00    0.00   87.21
01:31:54     all    7.61    0.00    1.02    0.00    0.00    1.02    0.25    0.00    0.00   90.10
01:31:55     all   12.81    0.00    2.01    0.00    0.00    2.26    0.00    0.00    0.00   82.91
01:31:56     all   12.94    0.00    3.30    0.00    0.00    1.52    0.00    0.00    0.00   82.23
01:31:57     all   11.45    0.00    3.05    0.00    0.00    1.78    0.00    0.00    0.00   83.72
01:31:58     all    9.92    0.00    1.27    0.00    0.00    1.27    0.25    0.00    0.00   87.28
01:31:59     all    8.97    0.00    1.28    0.00    0.00    1.28    0.00    0.00    0.00   88.46
01:32:00     all    9.64    0.00    1.78    0.00    0.00    1.78    0.00    0.00    0.00   86.80
01:32:01     all    9.62    0.00    1.77    0.00    0.00    1.77    0.25    0.00    0.00   86.58
01:32:02     all    9.39    0.00    1.78    0.00    0.00    2.03    0.00    0.00    0.00   86.80
01:32:03     all    9.60    0.00    1.26    0.00    0.00    1.52    0.00    0.00    0.00   87.63
01:32:04     all    8.38    0.00    1.27    0.00    0.00    2.28    0.00    0.00    0.00   88.07
01:32:05     all    9.90    0.00    1.27    0.25    0.00    1.78    0.00    0.00    0.00   86.80
01:32:06     all    8.97    0.00    1.28    0.00    0.00    1.54    0.26    0.00    0.00   87.95
01:32:07     all   10.13    0.00    1.52    0.00    0.00    1.77    0.25    0.00    0.00   86.33
01:32:08     all   11.00    0.00    1.28    0.00    0.00    1.02    0.00    0.00    0.00   86.70
01:32:09     all    9.87    0.00    1.77    0.00    0.00    2.03    0.00    0.00    0.00   86.33
01:32:10     all    9.90    0.00    1.78    0.00    0.00    1.52    0.25    0.00    0.00   86.55
01:32:11     all    9.69    0.00    1.53    0.00    0.00    1.79    0.00    0.00    0.00   86.99
01:32:12     all   10.41    0.00    1.78    0.00    0.00    1.52    0.00    0.00    0.00   86.29
01:32:13     all    9.44    0.00    1.53    0.00    0.00    1.53    0.00    0.00    0.00   87.50
01:32:14     all   10.10    0.00    1.26    0.00    0.00    1.77    0.00    0.00    0.00   86.87
01:32:15     all    8.67    0.00    2.04    0.26    0.00    1.53    0.26    0.00    0.00   87.24
01:32:16     all    9.64    0.00    2.54    6.09    0.00    1.78    0.00    0.00    0.00   79.95
01:32:17     all    9.85    0.00    1.52    0.00    0.00    2.02    0.00    0.00    0.00   86.62
01:32:18     all   22.03    0.00    5.82    0.00    0.00    1.77    0.25    0.00    0.00   70.13
01:32:19     all   14.68    0.00    2.78    0.00    0.00    1.52    0.00    0.00    0.00   81.01
01:32:20     all   10.38    0.00    1.01    0.25    0.00    2.03    0.00    0.00    0.00   86.33
01:32:21     all    9.95    0.00    1.53    0.00    0.00    1.28    0.26    0.00    0.00   86.99
01:32:22     all   15.62    0.00    4.53    0.00    0.00    2.27    0.25    0.00    0.00   77.33
01:32:23     all   10.26    0.00    1.54    0.00    0.00    1.54    0.00    0.00    0.00   86.67
01:32:24     all    9.46    0.00    1.28    0.00    0.00    2.05    0.00    0.00    0.00   87.21
01:32:25     all    9.92    0.00    1.53    0.00    0.00    2.04    0.00    0.00    0.00   86.51
01:32:26     all   12.50    0.00    2.04    0.00    0.00    2.04    0.00    0.00    0.00   83.42
01:32:27     all   14.39    1.26    6.06    1.77    0.00    2.27    0.25    0.00    0.00   73.99
01:32:28     all   10.30    8.29   14.32    3.02    0.00    2.76    0.25    0.00    0.00   61.06
01:32:29     all   10.63   13.42   11.90    0.25    0.00    2.03    0.00    0.00    0.00   61.77
01:32:30     all   10.13   15.44    9.62    0.76    0.00    2.53    0.00    0.00    0.00   61.52
01:32:31     all    9.82    4.79   15.11    6.05    0.00    2.52    0.25    0.00    0.00   61.46
01:32:32     all   10.33   22.42    3.02    0.50    0.00    2.52    0.00    0.00    0.00   61.21
01:32:33     all   17.13   13.60    5.04    0.50    0.00    2.02    0.00    0.00    0.00   61.71
01:32:34     all   32.91    0.00    3.04    0.00    0.00    1.77    0.00    0.00    0.00   62.28
01:32:35     all   26.20    0.00    8.82    0.76    0.00    3.02    0.00    0.00    0.00   61.21
01:32:36     all   16.67   17.68    1.52    0.00    0.00    2.53    0.00    0.00    0.00   61.62
01:32:37     all    9.80   23.12    2.76    0.00    0.00    2.01    0.25    0.00    0.00   62.06
01:32:38     all   23.48    9.85    2.53    0.00    0.00    2.27    0.25    0.00    0.00   61.62
01:32:39     all    9.41    0.00    1.78    0.00    0.00    1.53    0.25    0.00    0.00   87.02
01:32:40     all   12.18    0.00    2.54    0.00    0.00    3.05    0.00    0.00    0.00   82.23
01:32:41     all   11.28    0.00    2.31    1.03    0.00    2.56    0.00    0.00    0.00   82.82
01:32:42     all   11.20    0.00    1.78    0.00    0.00    1.78    0.00    0.00    0.00   85.24
01:32:43     all   12.21    0.00    2.80    1.27    0.00    3.05    0.00    0.00    0.00   80.66
01:32:44     all   10.91    0.00    2.03    0.00    0.00    1.78    0.00    0.00    0.00   85.28
01:32:45     all    9.62    0.00    1.27    0.00    0.00    2.03    0.00    0.00    0.00   87.09
01:32:46     all    9.67    0.00    1.02    0.25    0.00    1.27    0.25    0.00    0.00   87.53
01:32:47     all    9.92    0.00    1.27    0.00    0.00    1.53    0.00    0.00    0.00   87.28
01:32:48     all    8.95    0.00    1.79    0.00    0.00    1.53    0.26    0.00    0.00   87.47
01:32:49     all   10.20    0.00    1.02    0.00    0.00    1.53    0.00    0.00    0.00   87.24
01:32:50     all    9.67    0.00    1.27    0.00    0.00    1.53    0.25    0.00    0.00   87.28
01:32:51     all    9.51    0.00    1.03    0.00    0.00    1.29    0.00    0.00    0.00   88.17
01:32:52     all    9.92    0.00    1.53    0.76    0.00    1.53    0.25    0.00    0.00   86.01
01:32:53     all   10.61    0.00    1.52    2.27    0.00    1.77    0.00    0.00    0.00   83.84
01:32:54     all    9.90    0.00    1.27    0.00    0.00    1.78    0.00    0.00    0.00   87.06
01:32:55     all    9.21    0.00    1.02    0.00    0.00    1.53    0.00    0.00    0.00   88.24
01:32:56     all   10.28    0.00    1.25    0.25    0.00    2.01    0.00    0.00    0.00   86.22
01:32:57     all    9.25    0.00    0.77    0.00    0.00    1.54    0.00    0.00    0.00   88.43
01:32:58     all   10.10    0.00    1.77    0.25    0.00    1.77    0.51    0.00    0.00   85.61
01:32:59     all    9.46    0.00    1.02    0.00    0.00    1.28    0.00    0.00    0.00   88.24
01:33:00     all   10.08    0.00    1.76    0.00    0.00    1.76    0.00    0.00    0.00   86.40
01:33:01     all    9.51    0.00    1.03    0.00    0.00    1.29    0.00    0.00    0.00   88.17
01:33:02     all    9.85    0.00    1.26    0.00    0.00    2.02    0.00    0.00    0.00   86.87
01:33:03     all    9.62    0.00    1.52    0.00    0.00    1.01    0.00    0.00    0.00   87.85
01:33:04     all    9.67    0.00    1.02    0.00    0.00    1.53    0.00    0.00    0.00   87.79
01:33:05     all    9.37    0.00    1.52    0.00    0.00    1.27    0.25    0.00    0.00   87.59
01:33:06     all    9.67    0.00    1.53    0.00    0.00    1.27    0.00    0.00    0.00   87.53
01:33:07     all    9.74    0.00    1.28    0.00    0.00    1.54    0.26    0.00    0.00   87.18
01:33:08     all   10.66    0.00    1.78    3.30    0.00    1.78    0.00    0.00    0.00   82.49
01:33:09     all    9.97    0.00    1.53    5.63    0.00    2.05    0.00    0.00    0.00   80.82
01:33:10     all   10.13    0.00    1.52    0.00    0.00    0.76    0.25    0.00    0.00   87.34
01:33:11     all    9.11    0.00    1.27    0.00    0.00    1.77    0.25    0.00    0.00   87.59
01:33:12     all   10.26    0.00    0.77    0.00    0.00    1.54    0.00    0.00    0.00   87.44
01:33:13     all    9.18    0.00    1.53    0.00    0.00    1.02    0.00    0.00    0.00   88.27
01:33:14     all    9.16    0.00    1.27    0.00    0.00    1.78    0.00    0.00    0.00   87.79
01:33:15     all    9.37    0.00    1.52    0.00    0.00    1.52    0.00    0.00    0.00   87.59
01:33:16     all    9.95    0.00    1.02    0.00    0.00    1.28    0.00    0.00    0.00   87.76
01:33:17     all    8.84    0.00    1.52    0.00    0.00    2.27    0.00    0.00    0.00   87.37
01:33:18     all    9.72    0.00    1.02    0.00    0.00    1.53    0.26    0.00    0.00   87.47
01:33:19     all    9.60    0.00    1.26    0.00    0.00    1.77    0.00    0.00    0.00   87.37
01:33:20     all    9.67    0.00    1.27    0.00    0.00    1.78    0.00    0.00    0.00   87.28
01:33:21     all    9.92    0.00    0.76    0.00    0.00    1.53    0.00    0.00    0.00   87.79
01:33:22     all   10.15    0.00    1.27    0.00    0.00    1.78    0.25    0.00    0.00   86.55
01:33:23     all    9.16    0.00    1.27    0.00    0.00    1.53    0.25    0.00    0.00   87.79
01:33:24     all    9.74    0.00    0.77    0.00    0.00    1.28    0.26    0.00    0.00   87.95
01:33:25     all    9.85    0.00    1.77    0.00    0.00    1.26    0.00    0.00    0.00   87.12
01:33:26     all   10.35    0.00    1.26    0.00    0.00    2.02    0.00    0.00    0.00   86.36
01:33:27     all    9.44    0.00    1.02    0.26    0.00    0.77    0.00    0.00    0.00   88.52
01:33:28     all    7.38    0.00    1.02    0.00    0.00    1.27    0.00    0.00    0.00   90.33
01:33:29     all    5.87    0.00    1.02    0.00    0.00    0.77    0.00    0.00    0.00   92.35
01:33:30     all    6.57    0.00    1.01    0.00    0.00    0.76    0.00    0.00    0.00   91.67
01:33:31     all    5.87    0.00    0.77    0.00    0.00    0.77    0.00    0.00    0.00   92.60
01:33:32     all    6.05    0.00    1.01    0.00    0.00    0.50    0.25    0.00    0.00   92.19
01:33:33     all    4.53    0.00    0.76    0.00    0.00    0.76    0.00    0.00    0.00   93.95
01:33:34     all    3.03    0.00    0.25    0.00    0.00    0.25    0.00    0.00    0.00   96.46
01:33:35     all    2.52    0.00    0.50    0.00    0.00    0.00    0.00    0.00    0.00   96.98
01:33:36     all    1.51    0.00    0.50    0.00    0.00    0.25    0.00    0.00    0.00   97.73
01:33:37     all    2.01    0.00    0.00    0.00    0.00    0.25    0.00    0.00    0.00   97.74
01:33:38     all    2.02    0.00    0.00    0.00    0.00    0.25    0.00    0.00    0.00   97.73
01:33:39     all    1.51    0.00    0.50    0.00    0.00    0.25    0.00    0.00    0.00   97.74
01:33:40     all    2.01    0.00    0.50    0.00    0.00    0.00    0.00    0.00    0.00   97.49
01:33:41     all    1.75    0.00    0.00    0.00    0.00    0.25    0.25    0.00    0.00   97.75
01:33:42     all    1.49    0.00    0.25    0.00    0.00    0.50    0.00    0.00    0.00   97.76
01:33:43     all    1.26    0.00    0.00    0.00    0.00    0.25    0.00    0.00    0.00   98.49
01:33:44     all    1.26    0.00    0.25    0.00    0.00    0.00    0.00    0.00    0.00   98.49
01:33:45     all    1.25    0.00    0.25    0.00    0.00    0.25    0.00    0.00    0.00   98.25
01:33:46     all    1.25    0.00    0.25    0.00    0.00    0.25    0.00    0.00    0.00   98.25
01:33:47     all    1.51    0.00    0.25    0.00    0.00    0.00    0.00    0.00    0.00   98.24
01:33:48     all    1.00    0.00    0.00    0.25    0.00    0.00    0.00    0.00    0.00   98.75
01:33:49     all    0.75    0.00    0.00    0.00    0.00    0.25    0.00    0.00    0.00   99.00
01:33:50     all    0.75    0.00    0.25    0.00    0.00    0.00    0.00    0.00    0.00   99.00
01:33:51     all    0.50    0.00    0.25    0.00    0.00    0.00    0.00    0.00    0.00   99.25
01:33:52     all    0.75    0.00    0.00    0.00    0.00    0.25    0.00    0.00    0.00   99.00
01:33:53     all    1.51    0.00    0.00    0.00    0.00    0.00    0.00    0.00    0.00   98.49
01:33:54     all    0.00    0.00    0.25    0.00    0.00    0.00    0.00    0.00    0.00   99.75
01:33:55     all    0.00    0.00    0.25    0.00    0.00    0.00    0.00    0.00    0.00   99.75
01:33:56     all    0.00    0.00    0.00    0.00    0.00    0.00    0.00    0.00    0.00  100.00
01:33:57     all    0.00    0.00    0.00    0.00    0.00    0.00    0.00    0.00    0.00  100.00
01:33:58     all    0.00    0.00    0.00    0.00    0.00    0.00    0.00    0.00    0.00  100.00
01:33:59     all    0.00    0.00    0.00    0.00    0.00    0.00    0.00    0.00    0.00  100.00
01:34:00     all    0.00    0.00    0.00    0.00    0.00    0.00    0.00    0.00    0.00  100.00
01:34:01     all    0.00    0.00    0.00    0.00    0.00    0.00    0.00    0.00    0.00  100.00
01:34:02     all    0.00    0.00    0.00    0.00    0.00    0.00    0.00    0.00    0.00  100.00
