Linux 5.15.0-173-generic (csb-bench-host-huawei) 	08/06/2026 	_x86_64_	(4 CPU)

01:33:37 AM  CPU    %usr   %nice    %sys %iowait    %irq   %soft  %steal  %guest  %gnice   %idle
01:33:38 AM  all    1.78    0.00   14.21    0.00    0.00    8.38    0.00    0.00    0.00   75.63
01:33:39 AM  all    0.75    0.00   19.35    0.00    0.00    8.54    0.00    0.00    0.00   71.36
01:33:40 AM  all    1.50    0.00   14.79    0.25    0.00    8.02    0.00    0.00    0.00   75.44
01:33:41 AM  all    0.52    0.00   19.12    0.00    0.00    6.98    0.00    0.00    0.00   73.39
01:33:42 AM  all    0.49    0.00   17.27    0.00    0.00    8.52    0.00    0.00    0.00   73.72
01:33:43 AM  all    1.02    0.00   17.05    0.00    0.00    8.65    0.00    0.00    0.00   73.28
01:33:44 AM  all    0.25    0.00   16.33    0.00    0.00   10.80    0.00    0.00    0.00   72.61
01:33:45 AM  all    1.27    0.00   14.25    0.00    0.00    7.38    0.00    0.00    0.00   77.10
01:33:46 AM  all    0.50    0.00   19.25    0.00    0.00    9.50    0.00    0.00    0.00   70.75
01:33:47 AM  all    1.22    0.00   17.11    0.00    0.00    7.58    0.00    0.00    0.00   74.08
01:33:48 AM  all    1.48    0.00   16.79    0.00    0.00    9.14    0.00    0.00    0.00   72.59
01:33:49 AM  all    0.73    0.00   21.90    0.00    0.00    7.54    0.00    0.00    0.00   69.83
01:33:50 AM  all    1.19    0.00   19.33    0.00    0.00    8.83    0.00    0.00    0.00   70.64
01:33:51 AM  all    0.00    0.00   20.34    0.00    0.00   10.54    0.00    0.00    0.00   69.12
01:33:52 AM  all    0.50    0.00   12.85    0.00    0.00   10.33    0.00    0.00    0.00   76.32
01:33:53 AM  all    0.78    0.00   16.28    0.00    0.00    9.04    0.00    0.00    0.00   73.90
01:33:54 AM  all    0.51    0.00   15.56    0.00    0.00    7.65    0.00    0.00    0.00   76.28
01:33:55 AM  all    0.51    0.00   11.20    0.00    0.00    9.16    0.00    0.00    0.00   79.13
01:33:56 AM  all    0.00    0.00    6.53    0.00    0.00    2.26    0.00    0.00    0.00   91.21
01:33:57 AM  all    0.25    0.00    3.77    0.00    0.00    3.77    0.00    0.00    0.00   92.21
01:33:58 AM  all    0.77    0.00    3.33    0.00    0.00    3.08    0.00    0.00    0.00   92.82
01:33:59 AM  all    0.00    0.00    4.23    0.00    0.00    2.74    0.00    0.00    0.00   93.03
01:34:00 AM  all    0.25    0.00    5.33    0.00    0.00    2.79    0.00    0.00    0.00   91.62
01:34:01 AM  all    0.25    0.00    5.28    0.00    0.00    2.76    0.00    0.00    0.00   91.71
01:34:02 AM  all    0.00    0.00    3.03    0.00    0.00    2.27    0.00    0.00    0.00   94.70
01:34:03 AM  all    0.00    0.00    5.65    0.00    0.00    4.67    0.00    0.00    0.00   89.68
01:34:04 AM  all    0.25    0.00    4.30    0.00    0.00    3.80    0.00    0.00    0.00   91.65
01:34:05 AM  all    0.24    0.00    6.11    0.00    0.00    4.40    0.00    0.00    0.00   89.24
01:34:06 AM  all    0.50    0.00    5.28    0.00    0.00    3.52    0.00    0.00    0.00   90.70
01:34:07 AM  all    0.00    0.00    4.76    0.00    0.00    4.26    0.00    0.00    0.00   90.98
01:34:08 AM  all    0.00    0.00    4.55    0.00    0.00    4.04    0.00    0.00    0.00   91.41
01:34:09 AM  all    0.00    0.00    3.30    0.00    0.00    4.82    0.00    0.00    0.00   91.88
01:34:10 AM  all    0.00    0.00    5.04    0.00    0.00    3.27    0.00    0.00    0.00   91.69
01:34:11 AM  all    0.75    0.00    4.76    0.00    0.00    3.51    0.00    0.00    0.00   90.98
01:34:12 AM  all    0.00    0.00    7.41    0.00    0.00    1.73    0.00    0.00    0.00   90.86
01:34:13 AM  all    0.51    0.00    4.35    0.00    0.00    1.53    0.00    0.00    0.00   93.61
01:34:14 AM  all    0.00    0.00    5.91    0.00    0.00    3.94    0.00    0.00    0.00   90.15
01:34:15 AM  all    0.51    0.00    4.81    0.00    0.00    3.04    0.00    0.00    0.00   91.65
01:34:16 AM  all    0.25    0.00    4.58    0.00    0.00    2.54    0.00    0.00    0.00   92.62
01:34:17 AM  all    0.25    0.00    5.01    0.00    0.00    3.01    0.00    0.00    0.00   91.73
01:34:18 AM  all    0.00    0.00    4.53    0.00    0.00    4.03    0.00    0.00    0.00   91.44
01:34:19 AM  all    0.50    0.00    5.94    0.00    0.00    3.47    0.00    0.00    0.00   90.10
01:34:20 AM  all    0.00    0.00    5.09    0.00    0.00    2.54    0.00    0.00    0.00   92.37
01:34:21 AM  all    0.00    0.00    5.26    0.00    0.00    4.51    0.00    0.00    0.00   90.23
01:34:22 AM  all    0.25    0.00    5.03    0.00    0.00    3.27    0.00    0.00    0.00   91.46
01:34:23 AM  all    0.00    0.00    2.56    0.00    0.00    3.58    0.00    0.00    0.00   93.86
01:34:24 AM  all    0.00    0.00    4.30    0.00    0.00    1.77    0.00    0.00    0.00   93.92
01:34:25 AM  all    0.51    0.00    3.83    0.00    0.00    3.06    0.00    0.00    0.00   92.60
01:34:26 AM  all    0.25    0.00    5.93    0.00    0.00    3.95    0.00    0.00    0.00   89.88
01:34:27 AM  all    0.76    0.00    5.33    0.00    0.00    3.30    0.00    0.00    0.00   90.61
01:34:28 AM  all    0.50    0.00    5.49    0.00    0.00    3.24    0.00    0.00    0.00   90.77
01:34:29 AM  all    0.25    0.00    6.73    0.00    0.00    2.49    0.00    0.00    0.00   90.52
01:34:30 AM  all    0.00    0.00    4.53    0.25    0.00    3.53    0.00    0.00    0.00   91.69
01:34:31 AM  all    0.50    0.00    6.45    0.00    0.00    2.98    0.00    0.00    0.00   90.07
01:34:32 AM  all    0.25    0.00    5.69    0.00    0.00    3.22    0.00    0.00    0.00   90.84
01:34:33 AM  all    0.25    0.00    4.25    0.00    0.00    4.50    0.00    0.00    0.00   91.00
01:34:34 AM  all    0.00    0.00    4.23    0.00    0.00    4.73    0.00    0.00    0.00   91.04
01:34:35 AM  all    0.25    0.00    6.70    0.00    0.00    2.48    0.00    0.00    0.00   90.57
01:34:36 AM  all    0.00    0.00    3.83    0.00    0.00    3.57    0.00    0.00    0.00   92.60
01:34:37 AM  all    0.25    0.00    4.71    0.00    0.00    3.72    0.00    0.00    0.00   91.32
01:34:38 AM  all    0.00    0.00    5.57    0.00    0.00    3.29    0.00    0.00    0.00   91.14
01:34:39 AM  all    0.25    0.00    5.19    0.00    0.00    4.69    0.00    0.00    0.00   89.88
01:34:40 AM  all    0.74    0.00    5.90    0.00    0.00    4.91    0.00    0.00    0.00   88.45
01:34:41 AM  all    0.25    0.00    6.27    0.00    0.00    2.26    0.00    0.00    0.00   91.23
01:34:42 AM  all    0.00    0.00    6.85    0.00    0.00    4.40    0.00    0.00    0.00   88.75
01:34:43 AM  all    0.00    0.00    4.51    0.00    0.00    3.76    0.00    0.00    0.00   91.73
01:34:44 AM  all    0.00    0.00    3.86    0.00    0.00    2.06    0.00    0.00    0.00   94.09
01:34:45 AM  all    0.25    0.00    4.27    0.00    0.00    4.02    0.00    0.00    0.00   91.46
01:34:46 AM  all    0.25    0.00    4.55    0.00    0.00    3.03    0.00    0.00    0.00   92.17
01:34:47 AM  all    0.00    0.00    4.30    0.00    0.00    4.30    0.00    0.00    0.00   91.39
01:34:48 AM  all    0.00    0.00    4.83    0.00    0.00    3.31    0.00    0.00    0.00   91.86
01:34:49 AM  all    0.00    0.00    1.51    0.00    0.00    1.51    0.00    0.00    0.00   96.98
01:34:50 AM  all    0.25    0.00    4.80    0.00    0.00    3.54    0.00    0.00    0.00   91.41
01:34:51 AM  all    0.25    0.00    4.50    0.00    0.00    3.25    0.00    0.00    0.00   92.00
01:34:52 AM  all    0.00    0.00    5.79    0.00    0.00    3.78    0.00    0.00    0.00   90.43
01:34:53 AM  all    0.25    0.00    4.81    0.00    0.00    3.04    0.00    0.00    0.00   91.90
01:34:54 AM  all    0.25    0.00    3.28    0.00    0.00    4.29    0.00    0.00    0.00   92.17
01:34:55 AM  all    0.51    0.00    5.56    0.00    0.00    3.28    0.00    0.00    0.00   90.66
01:34:56 AM  all    0.00    0.00    3.28    0.00    0.00    4.04    0.00    0.00    0.00   92.68
01:34:57 AM  all    0.25    0.00    5.84    0.00    0.00    2.79    0.00    0.00    0.00   91.12
01:34:58 AM  all    0.25    0.00    5.00    0.00    0.00    4.00    0.00    0.00    0.00   90.75
01:34:59 AM  all    0.74    0.00    6.19    0.00    0.00    2.48    0.00    0.00    0.00   90.59
01:35:00 AM  all    0.25    0.00    5.00    0.00    0.00    4.00    0.00    0.00    0.00   90.75
01:35:01 AM  all    0.00    0.00    4.93    0.00    0.00    3.69    0.00    0.00    0.00   91.38
01:35:02 AM  all    0.00    0.00    1.76    0.50    0.00    1.76    0.00    0.00    0.00   95.97
01:35:03 AM  all    0.00    0.00    3.81    0.00    0.00    2.54    0.00    0.00    0.00   93.65
01:35:04 AM  all    0.25    0.00    2.78    0.00    0.00    4.80    0.00    0.00    0.00   92.17
01:35:05 AM  all    0.00    0.00    4.12    0.26    0.00    2.32    0.00    0.00    0.00   93.30
01:35:06 AM  all    0.51    0.00    3.79    0.00    0.00    2.02    0.00    0.00    0.00   93.69
01:35:07 AM  all    0.26    0.00    4.35    0.00    0.00    2.81    0.00    0.00    0.00   92.58
01:35:08 AM  all    0.00    0.00    4.55    0.00    0.00    3.03    0.00    0.00    0.00   92.42
01:35:09 AM  all    0.25    0.00    4.99    0.00    0.00    4.24    0.00    0.00    0.00   90.52
01:35:10 AM  all    0.50    0.00    6.47    0.00    0.00    3.48    0.00    0.00    0.00   89.55
01:35:11 AM  all    0.00    0.00    3.78    0.00    0.00    3.02    0.00    0.00    0.00   93.20
01:35:12 AM  all    0.00    0.00    4.56    0.00    0.00    3.29    0.00    0.00    0.00   92.15
01:35:13 AM  all    0.00    0.00    5.50    0.00    0.00    2.25    0.00    0.00    0.00   92.25
01:35:14 AM  all    0.49    0.00    6.10    0.00    0.00    4.39    0.00    0.00    0.00   89.02
01:35:15 AM  all    0.26    0.00    3.32    0.00    0.00    2.04    0.00    0.00    0.00   94.39
01:35:16 AM  all    0.00    0.00    4.50    0.00    0.00    2.00    0.00    0.00    0.00   93.50
01:35:17 AM  all    0.25    0.00    4.31    0.00    0.00    4.31    0.00    0.00    0.00   91.12
01:35:18 AM  all    0.25    0.00    5.00    0.00    0.00    3.25    0.00    0.00    0.00   91.50
01:35:19 AM  all    0.25    0.00    5.49    0.00    0.00    3.99    0.00    0.00    0.00   90.27
01:35:20 AM  all    0.00    0.00    5.51    0.00    0.00    3.51    0.00    0.00    0.00   90.98
01:35:21 AM  all    0.25    0.00    5.01    0.00    0.00    3.51    0.00    0.00    0.00   91.23
01:35:22 AM  all    0.25    0.00    2.99    0.00    0.00    2.00    0.00    0.00    0.00   94.76
01:35:23 AM  all    0.25    0.00    5.01    0.00    0.00    3.26    0.00    0.00    0.00   91.48
01:35:24 AM  all    0.00    0.00    4.31    0.00    0.00    3.30    0.00    0.00    0.00   92.39
01:35:25 AM  all    0.50    0.00    4.74    0.00    0.00    3.74    0.00    0.00    0.00   91.02
01:35:26 AM  all    0.49    0.00    6.88    0.00    0.00    2.95    0.00    0.00    0.00   89.68
01:35:27 AM  all    1.25    0.00    6.73    0.00    0.00    3.49    0.00    0.00    0.00   88.53
01:35:28 AM  all    0.25    0.00    4.99    0.00    0.00    3.24    0.00    0.00    0.00   91.52
01:35:29 AM  all    0.25    0.00    5.93    0.00    0.00    4.44    0.00    0.00    0.00   89.38
01:35:30 AM  all    0.00    0.00    5.20    0.00    0.00    3.96    0.00    0.00    0.00   90.84
01:35:31 AM  all    0.26    0.00    2.57    0.00    0.00    3.86    0.00    0.00    0.00   93.32
01:35:32 AM  all    0.25    0.00    5.67    0.00    0.00    4.43    0.00    0.00    0.00   89.66
01:35:33 AM  all    0.00    0.00    5.21    0.00    0.00    3.23    0.00    0.00    0.00   91.56
01:35:34 AM  all    0.25    0.00    7.60    0.00    0.00    3.92    0.00    0.00    0.00   88.24
01:35:35 AM  all    0.74    0.00    3.71    0.00    0.00    1.73    0.00    0.00    0.00   93.81
01:35:36 AM  all    0.50    0.00    4.51    0.00    0.00    4.26    0.00    0.00    0.00   90.73
01:35:37 AM  all    0.00    0.00    4.52    0.00    0.00    4.27    0.00    0.00    0.00   91.21
01:35:38 AM  all    0.00    0.00    5.97    0.00    0.00    3.23    0.00    0.00    0.00   90.80
01:35:39 AM  all    0.25    0.00    6.50    0.00    0.00    3.50    0.00    0.00    0.00   89.75
01:35:40 AM  all    0.00    0.00    3.58    0.00    0.00    3.07    0.00    0.00    0.00   93.35
01:35:41 AM  all    0.00    0.00    5.08    0.25    0.00    2.03    0.00    0.00    0.00   92.64
01:35:42 AM  all    0.26    0.00    3.59    0.00    0.00    2.82    0.00    0.00    0.00   93.33
01:35:43 AM  all    0.75    0.00    5.25    0.00    0.00    3.00    0.00    0.00    0.00   91.00
01:35:44 AM  all    0.49    0.00    6.86    0.00    0.00    3.43    0.00    0.00    0.00   89.22
01:35:45 AM  all    0.25    0.00    5.01    0.00    0.00    3.51    0.00    0.00    0.00   91.23
01:35:46 AM  all    0.25    0.00    4.28    0.00    0.00    4.28    0.00    0.00    0.00   91.18
01:35:47 AM  all    0.50    0.00    5.01    0.00    0.00    3.01    0.00    0.00    0.00   91.48
01:35:48 AM  all    0.25    0.00    3.27    0.00    0.00    2.26    0.00    0.00    0.00   94.22
01:35:49 AM  all    0.00    0.00    6.47    0.00    0.00    3.23    0.00    0.00    0.00   90.30
01:35:50 AM  all    0.00    0.00    4.55    0.00    0.00    3.79    0.00    0.00    0.00   91.67
01:35:51 AM  all    0.00    0.00    5.51    0.00    0.00    2.76    0.00    0.00    0.00   91.73
01:35:52 AM  all    0.49    0.00    6.14    0.00    0.00    4.18    0.00    0.00    0.00   89.19
01:35:53 AM  all    0.00    0.00    5.04    0.00    0.00    3.02    0.00    0.00    0.00   91.94
01:35:54 AM  all    0.00    0.00    5.99    0.00    0.00    3.24    0.00    0.00    0.00   90.77
01:35:55 AM  all    0.00    0.00    4.09    0.00    0.00    2.81    0.00    0.00    0.00   93.09
01:35:56 AM  all    0.25    0.00    5.58    0.00    0.00    2.28    0.00    0.00    0.00   91.88
01:35:57 AM  all    0.00    0.00    7.28    0.00    0.00    5.10    0.00    0.00    0.00   87.62
01:35:58 AM  all    0.25    0.00    4.56    0.00    0.00    3.80    0.00    0.00    0.00   91.39
01:35:59 AM  all    0.51    0.00    4.57    0.00    0.00    3.05    0.00    0.00    0.00   91.88
01:36:00 AM  all    0.50    0.00    3.47    0.00    0.00    2.48    0.00    0.00    0.00   93.56
01:36:01 AM  all    0.00    0.00    4.55    0.25    0.00    2.02    0.00    0.00    0.00   93.18
01:36:02 AM  all    0.00    0.00    4.69    0.00    0.00    3.46    0.00    0.00    0.00   91.85
01:36:03 AM  all    0.00    0.00    5.54    0.00    0.00    1.76    0.00    0.00    0.00   92.70
01:36:04 AM  all    0.75    0.00    5.72    0.00    0.00    3.48    0.00    0.00    0.00   90.05
01:36:05 AM  all    0.25    0.00    5.75    0.00    0.00    2.75    0.00    0.00    0.00   91.25
01:36:06 AM  all    0.25    0.00    5.09    0.00    0.00    2.80    0.00    0.00    0.00   91.86
01:36:07 AM  all    0.50    0.00    3.48    0.00    0.00    3.23    0.00    0.00    0.00   92.79
01:36:08 AM  all    0.00    0.00    4.04    0.00    0.00    3.03    0.00    0.00    0.00   92.93
01:36:09 AM  all    0.25    0.00    5.30    0.00    0.00    3.28    0.00    0.00    0.00   91.16
01:36:10 AM  all    0.25    0.00    5.74    0.00    0.00    3.49    0.00    0.00    0.00   90.52
01:36:11 AM  all    0.25    0.00    5.05    0.00    0.00    3.03    0.00    0.00    0.00   91.67
01:36:12 AM  all    0.26    0.00    3.84    0.00    0.00    3.07    0.00    0.00    0.00   92.84
01:36:13 AM  all    0.25    0.00    4.79    0.00    0.00    3.02    0.00    0.00    0.00   91.94
01:36:14 AM  all    0.74    0.00    6.16    0.00    0.00    3.45    0.00    0.00    0.00   89.66
01:36:15 AM  all    0.50    0.00    4.23    0.00    0.00    4.48    0.00    0.00    0.00   90.80
01:36:16 AM  all    0.25    0.00    5.57    0.00    0.00    2.78    0.00    0.00    0.00   91.39
01:36:17 AM  all    0.25    0.00    5.90    0.00    0.00    3.93    0.00    0.00    0.00   89.93
01:36:18 AM  all    0.24    0.00    5.83    0.00    0.00    5.58    0.00    0.00    0.00   88.35
01:36:19 AM  all    0.25    0.00    4.80    0.00    0.00    3.79    0.00    0.00    0.00   91.16
01:36:20 AM  all    0.00    0.00    2.02    0.00    0.00    0.25    0.00    0.00    0.00   97.73
01:36:21 AM  all    0.25    0.00    5.26    0.00    0.00    4.01    0.00    0.00    0.00   90.48
01:36:22 AM  all    0.00    0.00    4.56    0.00    0.00    2.78    0.00    0.00    0.00   92.66
01:36:23 AM  all    0.49    0.00    7.06    0.00    0.00    3.65    0.00    0.00    0.00   88.81
01:36:24 AM  all    0.26    0.00    3.10    0.00    0.00    2.33    0.00    0.00    0.00   94.32
01:36:25 AM  all    0.00    0.00    3.60    0.00    0.00    2.31    0.00    0.00    0.00   94.09
01:36:26 AM  all    0.50    0.00    6.22    0.00    0.00    2.99    0.00    0.00    0.00   90.30
01:36:27 AM  all    0.76    0.00    2.02    0.00    0.00    0.50    0.00    0.00    0.00   96.73
01:36:28 AM  all    0.73    0.00    6.57    0.00    0.00    4.87    0.00    0.00    0.00   87.83
01:36:29 AM  all    0.00    0.00    4.77    0.00    0.00    3.52    0.00    0.00    0.00   91.71
01:36:30 AM  all    0.00    0.00    6.17    0.00    0.00    4.44    0.00    0.00    0.00   89.38
01:36:31 AM  all    0.25    0.00    5.08    0.00    0.00    3.05    0.00    0.00    0.00   91.62
01:36:32 AM  all    0.25    0.00    4.73    0.00    0.00    2.99    0.00    0.00    0.00   92.04
01:36:33 AM  all    0.99    0.00    4.93    0.00    0.00    4.43    0.00    0.00    0.00   89.66
01:36:34 AM  all    0.00    0.00    3.81    0.00    0.00    3.55    0.00    0.00    0.00   92.64
01:36:35 AM  all    0.00    0.00    3.07    0.00    0.00    4.09    0.00    0.00    0.00   92.84
01:36:36 AM  all    0.00    0.00    5.61    0.00    0.00    2.55    0.00    0.00    0.00   91.84
01:36:37 AM  all    0.25    0.00    6.93    0.00    0.00    2.48    0.00    0.00    0.00   90.35
01:36:38 AM  all    0.00    0.00    3.60    0.00    0.00    4.37    0.00    0.00    0.00   92.03
01:36:39 AM  all    0.00    0.00    4.07    0.00    0.00    2.04    0.00    0.00    0.00   93.89
01:36:40 AM  all    0.00    0.00    1.25    0.00    0.00    1.75    0.00    0.00    0.00   97.00
01:36:41 AM  all    0.49    0.00    6.37    0.00    0.00    4.90    0.00    0.00    0.00   88.24
01:36:42 AM  all    0.00    0.00    6.48    0.00    0.00    2.74    0.00    0.00    0.00   90.77
01:36:43 AM  all    0.50    0.00    6.05    0.00    0.00    3.02    0.00    0.00    0.00   90.43
01:36:44 AM  all    0.25    0.00    4.49    0.00    0.00    2.99    0.00    0.00    0.00   92.27
01:36:45 AM  all    0.25    0.00    6.23    0.00    0.00    4.24    0.00    0.00    0.00   89.28
01:36:46 AM  all    0.00    0.00    3.02    0.00    0.00    3.02    0.00    0.00    0.00   93.95
01:36:47 AM  all    0.50    0.00    6.70    0.00    0.00    2.73    0.00    0.00    0.00   90.07
01:36:48 AM  all    0.25    0.00    6.98    0.00    0.00    2.74    0.00    0.00    0.00   90.02
01:36:49 AM  all    0.25    0.00    5.65    0.00    0.00    4.18    0.00    0.00    0.00   89.93
01:36:50 AM  all    0.50    0.00    6.75    0.00    0.00    3.00    0.00    0.00    0.00   89.75
01:36:51 AM  all    0.24    0.00    7.73    0.00    0.00    3.86    0.00    0.00    0.00   88.16
01:36:52 AM  all    0.25    0.00    5.45    0.00    0.00    4.70    0.00    0.00    0.00   89.60
01:36:53 AM  all    0.00    0.00    1.02    0.00    0.00    0.51    0.00    0.00    0.00   98.48
01:36:54 AM  all    0.00    0.00    4.71    0.00    0.00    3.47    0.00    0.00    0.00   91.81
01:36:55 AM  all    0.50    0.00    5.74    0.00    0.00    4.74    0.00    0.00    0.00   89.03
01:36:56 AM  all    0.25    0.00    5.26    0.25    0.00    2.51    0.00    0.00    0.00   91.73
01:36:57 AM  all    0.25    0.00    5.21    0.00    0.00    5.46    0.00    0.00    0.00   89.08
01:36:58 AM  all    0.51    0.00    4.57    0.00    0.00    3.30    0.00    0.00    0.00   91.62
01:36:59 AM  all    0.00    0.00    5.01    0.00    0.00    3.51    0.00    0.00    0.00   91.48
01:37:00 AM  all    0.75    0.00    5.03    0.00    0.00    4.52    0.00    0.00    0.00   89.70
01:37:01 AM  all    0.00    0.00    4.56    0.00    0.00    2.53    0.00    0.00    0.00   92.91
01:37:02 AM  all    0.00    0.00    5.74    0.00    0.00    2.99    0.00    0.00    0.00   91.27
01:37:03 AM  all    0.00    0.00    5.01    0.00    0.00    3.76    0.00    0.00    0.00   91.23
01:37:04 AM  all    0.50    0.00    6.02    0.00    0.00    3.51    0.00    0.00    0.00   89.97
01:37:05 AM  all    0.25    0.00    5.26    0.00    0.00    2.26    0.00    0.00    0.00   92.23
01:37:06 AM  all    0.25    0.00    5.90    0.00    0.00    3.19    0.00    0.00    0.00   90.66
01:37:07 AM  all    0.00    0.00    6.23    0.00    0.00    4.24    0.00    0.00    0.00   89.53
01:37:08 AM  all    0.49    0.00    5.68    0.00    0.00    4.44    0.00    0.00    0.00   89.38
01:37:09 AM  all    0.50    0.00    5.47    0.00    0.00    3.73    0.00    0.00    0.00   90.30
01:37:10 AM  all    0.25    0.00    5.74    0.00    0.00    3.74    0.00    0.00    0.00   90.27
01:37:11 AM  all    0.00    0.00    4.30    0.00    0.00    2.53    0.00    0.00    0.00   93.16
01:37:12 AM  all    0.50    0.00    6.00    0.00    0.00    3.00    0.00    0.00    0.00   90.50
01:37:13 AM  all    0.00    0.00    4.58    0.00    0.00    3.31    0.00    0.00    0.00   92.11
01:37:14 AM  all    0.25    0.00    5.50    0.00    0.00    4.00    0.00    0.00    0.00   90.25
01:37:15 AM  all    0.25    0.00    4.49    0.00    0.00    5.24    0.00    0.00    0.00   90.02
01:37:16 AM  all    0.00    0.00    5.71    0.25    0.00    3.97    0.00    0.00    0.00   90.07
01:37:17 AM  all    0.25    0.00    5.76    0.00    0.00    2.76    0.00    0.00    0.00   91.23
01:37:18 AM  all    0.25    0.00    2.48    0.00    0.00    1.24    0.00    0.00    0.00   96.03
01:37:19 AM  all    0.00    0.00    5.60    0.00    0.00    2.29    0.00    0.00    0.00   92.11
01:37:20 AM  all    0.25    0.00    5.76    0.00    0.00    3.51    0.00    0.00    0.00   90.48
01:37:21 AM  all    0.48    0.00    6.78    0.00    0.00    4.84    0.00    0.00    0.00   87.89
01:37:22 AM  all    0.00    0.00    4.80    0.00    0.00    4.04    0.00    0.00    0.00   91.16
01:37:23 AM  all    0.00    0.00    7.11    0.00    0.00    4.90    0.00    0.00    0.00   87.99
01:37:24 AM  all    0.51    0.00    3.79    0.00    0.00    2.53    0.00    0.00    0.00   93.18
01:37:25 AM  all    0.25    0.00    5.46    0.00    0.00    4.96    0.00    0.00    0.00   89.33
01:37:26 AM  all    0.00    0.00    4.83    0.00    0.00    2.80    0.00    0.00    0.00   92.37
01:37:27 AM  all    0.50    0.00    5.78    0.00    0.00    4.52    0.00    0.00    0.00   89.20
01:37:28 AM  all    0.00    0.00    4.77    0.00    0.00    4.27    0.00    0.00    0.00   90.95
01:37:29 AM  all    0.00    0.00    3.54    0.00    0.00    3.03    0.00    0.00    0.00   93.43
01:37:30 AM  all    0.00    0.00    2.75    0.00    0.00    3.25    0.00    0.00    0.00   94.00
01:37:31 AM  all    0.50    0.00    5.29    0.00    0.00    3.27    0.00    0.00    0.00   90.93
01:37:32 AM  all    0.00    0.00    5.60    0.00    0.00    2.29    0.00    0.00    0.00   92.11
01:37:33 AM  all    0.25    0.00    5.29    0.00    0.00    3.53    0.00    0.00    0.00   90.93
01:37:34 AM  all    0.26    0.00    5.36    0.00    0.00    1.79    0.00    0.00    0.00   92.60
01:37:35 AM  all    0.51    0.00    5.85    0.00    0.00    2.80    0.00    0.00    0.00   90.84
01:37:36 AM  all    0.00    0.00    1.26    0.00    0.00    1.01    0.00    0.00    0.00   97.74
01:37:37 AM  all    0.49    0.00    6.39    0.00    0.00    3.69    0.00    0.00    0.00   89.43
01:37:38 AM  all    0.75    0.00    4.02    0.00    0.00    4.27    0.00    0.00    0.00   90.95
01:37:39 AM  all    0.00    0.00    6.98    0.00    0.00    3.24    0.00    0.00    0.00   89.78
01:37:40 AM  all    0.00    0.00    4.83    0.00    0.00    3.82    0.00    0.00    0.00   91.35
01:37:41 AM  all    0.25    0.00    5.72    0.00    0.00    4.23    0.00    0.00    0.00   89.80
01:37:42 AM  all    0.25    0.00    2.79    0.00    0.00    2.28    0.00    0.00    0.00   94.67
01:37:43 AM  all    0.50    0.00    4.53    0.00    0.00    2.77    0.00    0.00    0.00   92.19
01:37:44 AM  all    0.50    0.00    4.77    0.00    0.00    3.77    0.00    0.00    0.00   90.95
01:37:45 AM  all    0.00    0.00    5.81    0.00    0.00    3.28    0.00    0.00    0.00   90.91
01:37:46 AM  all    0.00    0.00    4.98    0.00    0.00    4.73    0.00    0.00    0.00   90.30
01:37:47 AM  all    0.25    0.00    6.44    0.00    0.00    3.96    0.00    0.00    0.00   89.36
01:37:48 AM  all    0.00    0.00    3.80    0.00    0.00    2.28    0.00    0.00    0.00   93.92
01:37:49 AM  all    0.74    0.00    6.39    0.00    0.00    4.18    0.00    0.00    0.00   88.70
01:37:50 AM  all    0.25    0.00    6.88    0.00    0.00    3.69    0.00    0.00    0.00   89.19
01:37:51 AM  all    0.26    0.00    2.30    0.00    0.00    4.35    0.00    0.00    0.00   93.09
01:37:52 AM  all    0.25    0.00    6.47    0.00    0.00    4.48    0.00    0.00    0.00   88.81
01:37:53 AM  all    0.00    0.00    3.32    0.00    0.00    2.55    0.00    0.00    0.00   94.13
01:37:54 AM  all    0.00    0.00    6.42    0.00    0.00    4.44    0.00    0.00    0.00   89.14
01:37:55 AM  all    0.25    0.00    5.45    0.00    0.00    2.48    0.00    0.00    0.00   91.83
01:37:56 AM  all    0.25    0.00    6.73    0.00    0.00    2.99    0.00    0.00    0.00   90.02
01:37:57 AM  all    0.49    0.00    7.11    0.00    0.00    4.17    0.00    0.00    0.00   88.24
01:37:58 AM  all    0.25    0.00    4.25    0.00    0.00    3.50    0.00    0.00    0.00   92.00
01:37:59 AM  all    0.00    0.00    6.03    0.00    0.00    3.52    0.00    0.00    0.00   90.45
01:38:00 AM  all    0.25    0.00    3.27    0.00    0.00    3.02    0.00    0.00    0.00   93.47
01:38:01 AM  all    0.00    0.00    6.48    0.00    0.00    3.99    0.00    0.00    0.00   89.53
01:38:02 AM  all    0.50    0.00    3.75    0.00    0.00    3.25    0.00    0.00    0.00   92.50
01:38:03 AM  all    0.75    0.00    3.76    0.00    0.00    3.01    0.00    0.00    0.00   92.48
01:38:04 AM  all    0.25    0.00    6.50    0.00    0.00    4.00    0.00    0.00    0.00   89.25
01:38:05 AM  all    0.00    0.00    3.81    0.00    0.00    2.79    0.00    0.00    0.00   93.40
01:38:06 AM  all    0.00    0.00    2.23    0.25    0.00    0.99    0.00    0.00    0.00   96.53
01:38:07 AM  all    0.51    0.00    4.55    0.00    0.00    3.54    0.00    0.00    0.00   91.41
01:38:08 AM  all    0.75    0.00    5.22    0.00    0.00    3.73    0.00    0.00    0.00   90.30
01:38:09 AM  all    0.25    0.00    6.88    0.00    0.00    4.91    0.00    0.00    0.00   87.96
01:38:10 AM  all    0.00    0.00    5.05    0.00    0.00    3.28    0.00    0.00    0.00   91.67
01:38:11 AM  all    0.25    0.00    7.13    0.00    0.00    4.18    0.00    0.00    0.00   88.45
01:38:12 AM  all    0.50    0.00    5.25    0.00    0.00    2.75    0.00    0.00    0.00   91.50
01:38:13 AM  all    0.25    0.00    4.57    0.00    0.00    3.30    0.00    0.00    0.00   91.88
01:38:14 AM  all    0.00    0.00    2.63    0.00    0.00    2.11    0.00    0.00    0.00   95.26
01:38:15 AM  all    0.51    0.00    4.07    0.00    0.00    2.80    0.00    0.00    0.00   92.62
01:38:16 AM  all    0.00    0.00    4.09    0.00    0.00    3.32    0.00    0.00    0.00   92.58
01:38:17 AM  all    0.00    0.00    3.57    0.00    0.00    3.57    0.00    0.00    0.00   92.86
01:38:18 AM  all    0.00    0.00    3.74    0.00    0.00    3.24    0.00    0.00    0.00   93.02
01:38:19 AM  all    0.00    0.00    3.04    0.00    0.00    1.77    0.00    0.00    0.00   95.19
01:38:20 AM  all    0.25    0.00    5.28    0.00    0.00    3.52    0.00    0.00    0.00   90.95
01:38:21 AM  all    0.25    0.00    5.33    0.00    0.00    3.81    0.00    0.00    0.00   90.61
01:38:22 AM  all    0.25    0.00    4.48    0.00    0.00    4.73    0.00    0.00    0.00   90.55
01:38:23 AM  all    0.25    0.00    5.78    0.00    0.00    3.02    0.00    0.00    0.00   90.95
01:38:24 AM  all    0.24    0.00    7.33    0.00    0.00    3.91    0.00    0.00    0.00   88.51
01:38:25 AM  all    0.25    0.00    1.26    0.00    0.00    0.50    0.00    0.00    0.00   97.99
01:38:26 AM  all    0.00    0.00    6.42    0.00    0.00    3.95    0.00    0.00    0.00   89.63
01:38:27 AM  all    1.02    0.00    5.37    0.00    0.00    2.81    0.00    0.00    0.00   90.79
01:38:28 AM  all    0.49    0.00    5.93    0.00    0.00    4.69    0.00    0.00    0.00   88.89
01:38:29 AM  all    0.00    0.00    3.59    0.00    0.00    3.08    0.00    0.00    0.00   93.33
01:38:30 AM  all    0.50    0.00    5.99    0.00    0.00    4.24    0.00    0.00    0.00   89.28
01:38:31 AM  all    0.25    0.00    4.55    0.00    0.00    2.78    0.00    0.00    0.00   92.42
01:38:32 AM  all    0.49    0.00    6.63    0.00    0.00    3.69    0.00    0.00    0.00   89.19
01:38:33 AM  all    0.50    0.00    6.00    0.00    0.00    3.00    0.00    0.00    0.00   90.50
01:38:34 AM  all    0.00    0.00    5.54    0.00    0.00    3.53    0.00    0.00    0.00   90.93
01:38:35 AM  all    0.25    0.00    5.71    0.00    0.00    3.97    0.00    0.00    0.00   90.07
01:38:36 AM  all    0.00    0.00    3.01    0.25    0.00    2.51    0.00    0.00    0.00   94.24
01:38:37 AM  all    0.25    0.00    3.73    0.00    0.00    2.24    0.00    0.00    0.00   93.78
01:38:38 AM  all    0.25    0.00    4.77    0.00    0.00    2.51    0.00    0.00    0.00   92.46
01:38:39 AM  all    0.00    0.00    6.50    0.00    0.00    3.50    0.00    0.00    0.00   90.00
01:38:40 AM  all    0.25    0.00    5.81    0.00    0.00    3.03    0.00    0.00    0.00   90.91
01:38:41 AM  all    0.25    0.00    5.57    0.00    0.00    3.04    0.00    0.00    0.00   91.14
01:38:42 AM  all    0.25    0.00    4.50    0.00    0.00    3.25    0.00    0.00    0.00   92.00
01:38:43 AM  all    0.25    0.00    4.74    0.00    0.00    5.24    0.00    0.00    0.00   89.78
01:38:44 AM  all    0.25    0.00    4.07    0.00    0.00    3.56    0.00    0.00    0.00   92.11
01:38:45 AM  all    0.00    0.00    4.08    0.00    0.00    4.08    0.00    0.00    0.00   91.84
01:38:46 AM  all    0.50    0.00    5.54    0.00    0.00    3.78    0.00    0.00    0.00   90.18
01:38:47 AM  all    0.25    0.00    6.22    0.00    0.00    2.74    0.00    0.00    0.00   90.80
01:38:48 AM  all    0.00    0.00    4.30    0.00    0.00    1.77    0.00    0.00    0.00   93.92
01:38:49 AM  all    0.00    0.00    4.55    0.00    0.00    3.03    0.00    0.00    0.00   92.42
01:38:50 AM  all    0.00    0.00    3.82    0.00    0.00    4.07    0.00    0.00    0.00   92.11
01:38:51 AM  all    0.00    0.00    6.02    0.00    0.00    4.01    0.00    0.00    0.00   89.97
01:38:52 AM  all    0.25    0.00    5.29    0.00    0.00    3.53    0.00    0.00    0.00   90.93
01:38:53 AM  all    0.25    0.00    4.50    0.00    0.00    4.75    0.00    0.00    0.00   90.50
01:38:54 AM  all    0.00    0.00    4.51    0.00    0.00    3.01    0.00    0.00    0.00   92.48
01:38:55 AM  all    0.25    0.00    4.58    0.00    0.00    2.54    0.00    0.00    0.00   92.62
01:38:56 AM  all    0.25    0.00    6.05    0.00    0.00    3.53    0.00    0.00    0.00   90.18
01:38:57 AM  all    0.49    0.00    6.40    0.00    0.00    2.96    0.00    0.00    0.00   90.15
01:38:58 AM  all    0.49    0.00    6.17    0.00    0.00    4.20    0.00    0.00    0.00   89.14
01:38:59 AM  all    0.00    0.00    3.12    0.00    0.00    2.86    0.00    0.00    0.00   94.03
01:39:00 AM  all    0.00    0.00    3.78    0.00    0.00    2.77    0.00    0.00    0.00   93.45
01:39:01 AM  all    0.00    0.00    2.24    0.00    0.00    1.25    0.00    0.00    0.00   96.51
01:39:02 AM  all    0.00    0.00    2.24    0.00    0.00    1.25    0.00    0.00    0.00   96.51
01:39:03 AM  all    0.24    0.00    8.45    0.00    0.00    5.07    0.00    0.00    0.00   86.23
01:39:04 AM  all    0.25    0.00    5.93    0.00    0.00    3.95    0.00    0.00    0.00   89.88
01:39:05 AM  all    0.50    0.00    4.77    0.00    0.00    3.27    0.00    0.00    0.00   91.46
01:39:06 AM  all    0.26    0.00    4.37    0.00    0.00    2.83    0.00    0.00    0.00   92.54
01:39:07 AM  all    0.00    0.00    5.30    0.00    0.00    2.78    0.00    0.00    0.00   91.92
01:39:08 AM  all    0.00    0.00    6.44    0.00    0.00    2.97    0.00    0.00    0.00   90.59
01:39:09 AM  all    0.50    0.00    3.76    0.00    0.00    4.26    0.00    0.00    0.00   91.48
01:39:10 AM  all    0.49    0.00    5.85    0.00    0.00    4.88    0.00    0.00    0.00   88.78
01:39:11 AM  all    0.00    0.00    5.06    0.00    0.00    4.05    0.00    0.00    0.00   90.89
01:39:12 AM  all    0.00    0.00    4.03    0.00    0.00    3.27    0.00    0.00    0.00   92.70
01:39:13 AM  all    0.25    0.00    4.76    0.00    0.00    3.26    0.00    0.00    0.00   91.73
01:39:14 AM  all    0.00    0.00    2.49    0.00    0.00    1.74    0.00    0.00    0.00   95.77
01:39:15 AM  all    0.00    0.00    5.75    0.00    0.00    3.50    0.00    0.00    0.00   90.75
01:39:16 AM  all    0.00    0.00    4.88    0.00    0.00    2.57    0.00    0.00    0.00   92.54
01:39:17 AM  all    0.25    0.00    5.00    0.00    0.00    3.50    0.00    0.00    0.00   91.25
01:39:18 AM  all    0.25    0.00    5.79    0.00    0.00    2.77    0.00    0.00    0.00   91.18
01:39:19 AM  all    0.00    0.00    5.90    0.00    0.00    3.93    0.00    0.00    0.00   90.17
01:39:20 AM  all    0.50    0.00    4.28    0.00    0.00    3.53    0.00    0.00    0.00   91.69
01:39:21 AM  all    0.25    0.00    2.25    0.00    0.00    1.00    0.00    0.00    0.00   96.50
01:39:22 AM  all    0.00    0.00    4.50    0.00    0.00    3.50    0.00    0.00    0.00   92.00
01:39:23 AM  all    0.25    0.00    6.88    0.00    0.00    4.42    0.00    0.00    0.00   88.45
01:39:24 AM  all    0.49    0.00    5.68    0.00    0.00    3.70    0.00    0.00    0.00   90.12
01:39:25 AM  all    0.25    0.00    4.33    0.00    0.00    3.82    0.00    0.00    0.00   91.60
01:39:26 AM  all    0.25    0.00    4.55    0.00    0.00    3.03    0.00    0.00    0.00   92.17
01:39:27 AM  all    1.29    0.00    2.84    0.00    0.00    2.58    0.00    0.00    0.00   93.28
01:39:28 AM  all    0.00    0.00    4.88    0.00    0.00    2.06    0.00    0.00    0.00   93.06
01:39:29 AM  all    0.00    0.00    4.35    0.00    0.00    2.05    0.00    0.00    0.00   93.61
01:39:30 AM  all    0.74    0.00    6.20    0.00    0.00    4.22    0.00    0.00    0.00   88.83
01:39:31 AM  all    0.25    0.00    4.47    0.00    0.00    5.46    0.00    0.00    0.00   89.83
01:39:32 AM  all    0.49    0.00    6.63    0.00    0.00    3.93    0.00    0.00    0.00   88.94
01:39:33 AM  all    0.00    0.00    1.01    0.00    0.00    1.26    0.00    0.00    0.00   97.73
01:39:34 AM  all    0.00    0.00    4.57    0.00    0.00    2.28    0.00    0.00    0.00   93.15
01:39:35 AM  all    1.00    0.00    5.76    0.00    0.00    3.51    0.00    0.00    0.00   89.72
01:39:36 AM  all    0.00    0.00    5.30    0.25    0.00    3.54    0.00    0.00    0.00   90.91
01:39:37 AM  all    0.25    0.00    6.25    0.00    0.00    4.00    0.00    0.00    0.00   89.50
01:39:38 AM  all    0.49    0.00    5.19    0.00    0.00    4.44    0.00    0.00    0.00   89.88
01:39:39 AM  all    0.49    0.00    5.64    0.00    0.00    3.68    0.00    0.00    0.00   90.20
01:39:40 AM  all    0.25    0.00    5.57    0.00    0.00    3.29    0.00    0.00    0.00   90.89
01:39:41 AM  all    0.25    0.00    4.94    0.00    0.00    5.43    0.00    0.00    0.00   89.38
01:39:42 AM  all    0.26    0.00    3.36    0.00    0.00    2.84    0.00    0.00    0.00   93.54
01:39:43 AM  all    0.75    0.00    5.53    0.00    0.00    2.51    0.00    0.00    0.00   91.21
01:39:44 AM  all    0.25    0.00    4.58    0.00    0.00    1.78    0.00    0.00    0.00   93.38
01:39:45 AM  all    0.00    0.00    1.74    0.00    0.00    1.99    0.00    0.00    0.00   96.27
01:39:46 AM  all    0.49    0.00    5.15    0.00    0.00    3.43    0.00    0.00    0.00   90.93
01:39:47 AM  all    0.25    0.00    5.28    0.00    0.00    3.52    0.00    0.00    0.00   90.95
01:39:48 AM  all    0.25    0.00    7.39    0.00    0.00    3.69    0.00    0.00    0.00   88.67
01:39:49 AM  all    0.00    0.00    4.75    0.00    0.00    4.50    0.00    0.00    0.00   90.75
01:39:50 AM  all    0.50    0.00    4.74    0.00    0.00    4.24    0.00    0.00    0.00   90.52
01:39:51 AM  all    0.50    0.00    5.69    0.00    0.00    3.71    0.00    0.00    0.00   90.10
01:39:52 AM  all    0.00    0.00    6.03    0.00    0.00    3.77    0.00    0.00    0.00   90.20
01:39:53 AM  all    0.00    0.00    4.99    0.00    0.00    4.99    0.00    0.00    0.00   90.02
01:39:54 AM  all    0.25    0.00    5.54    0.00    0.00    3.27    0.00    0.00    0.00   90.93
01:39:55 AM  all    0.50    0.00    4.28    0.00    0.00    4.03    0.00    0.00    0.00   91.18
01:39:56 AM  all    0.00    0.00    3.27    0.00    0.00    4.27    0.00    0.00    0.00   92.46
01:39:57 AM  all    0.50    0.00    1.50    0.00    0.00    0.75    0.00    0.00    0.00   97.24
01:39:58 AM  all    0.00    0.00    4.50    0.00    0.00    4.00    0.00    0.00    0.00   91.50
01:39:59 AM  all    0.00    0.00    4.05    0.00    0.00    4.30    0.00    0.00    0.00   91.65
01:40:00 AM  all    0.25    0.00    5.50    0.00    0.00    4.50    0.00    0.00    0.00   89.75
01:40:01 AM  all    0.25    0.00    5.25    0.00    0.00    2.50    0.00    0.00    0.00   92.00
01:40:02 AM  all    0.00    0.00    4.24    0.00    0.00    3.99    0.00    0.00    0.00   91.77
01:40:03 AM  all    0.48    0.00    5.81    0.00    0.00    4.36    0.00    0.00    0.00   89.35
01:40:04 AM  all    0.00    0.00    4.00    0.00    0.00    4.00    0.00    0.00    0.00   92.00
01:40:05 AM  all    0.00    0.00    5.81    0.00    0.00    3.54    0.00    0.00    0.00   90.66
01:40:06 AM  all    0.51    0.00    3.30    0.00    0.00    3.30    0.00    0.00    0.00   92.89
01:40:07 AM  all    0.00    0.00    5.33    0.00    0.00    3.81    0.00    0.00    0.00   90.86
01:40:08 AM  all    0.25    0.00    5.32    0.00    0.00    3.04    0.00    0.00    0.00   91.39
01:40:09 AM  all    0.26    0.00    3.34    0.00    0.00    1.54    0.00    0.00    0.00   94.86
01:40:10 AM  all    0.25    0.00    1.73    0.25    0.00    2.23    0.00    0.00    0.00   95.54
01:40:11 AM  all    0.00    0.00    1.78    0.00    0.00    0.25    0.00    0.00    0.00   97.97
01:40:12 AM  all    0.49    0.00    6.60    0.00    0.00    4.89    0.00    0.00    0.00   88.02
01:40:13 AM  all    0.25    0.00    5.68    0.00    0.00    4.44    0.00    0.00    0.00   89.63
01:40:14 AM  all    0.49    0.00    6.13    0.00    0.00    4.17    0.00    0.00    0.00   89.22
01:40:15 AM  all    0.25    0.00    6.90    0.00    0.00    5.17    0.00    0.00    0.00   87.68
01:40:16 AM  all    0.00    0.00    4.71    0.00    0.00    3.23    0.00    0.00    0.00   92.06
01:40:17 AM  all    0.50    0.00    6.23    0.00    0.00    2.99    0.00    0.00    0.00   90.27
01:40:18 AM  all    0.00    0.00    5.68    0.00    0.00    3.95    0.00    0.00    0.00   90.37
01:40:19 AM  all    0.26    0.00    4.59    0.00    0.00    2.81    0.00    0.00    0.00   92.35
01:40:20 AM  all    0.50    0.00    6.19    0.00    0.00    3.47    0.00    0.00    0.00   89.85
01:40:21 AM  all    0.49    0.00    4.69    0.00    0.00    3.46    0.00    0.00    0.00   91.36
01:40:22 AM  all    0.00    0.00    3.72    0.00    0.00    2.73    0.00    0.00    0.00   93.55
01:40:23 AM  all    0.25    0.00    1.00    0.00    0.00    1.50    0.00    0.00    0.00   97.24
01:40:24 AM  all    0.00    0.00    5.72    0.00    0.00    3.73    0.00    0.00    0.00   90.55
01:40:25 AM  all    0.25    0.00    5.49    0.00    0.00    3.74    0.00    0.00    0.00   90.52
01:40:26 AM  all    0.25    0.00    4.75    0.00    0.00    3.25    0.00    0.00    0.00   91.75
01:40:27 AM  all    1.53    0.00    5.34    0.00    0.00    3.05    0.00    0.00    0.00   90.08
01:40:28 AM  all    0.25    0.00    4.03    0.00    0.00    2.52    0.00    0.00    0.00   93.20
01:40:29 AM  all    0.00    0.00    6.30    0.00    0.00    1.76    0.00    0.00    0.00   91.94
01:40:30 AM  all    0.74    0.00    5.91    0.00    0.00    3.94    0.00    0.00    0.00   89.41
01:40:31 AM  all    0.00    0.00    7.79    0.00    0.00    4.14    0.00    0.00    0.00   88.08
01:40:32 AM  all    0.25    0.00    5.81    0.00    0.00    3.79    0.00    0.00    0.00   90.15
01:40:33 AM  all    0.25    0.00    4.03    0.00    0.00    3.02    0.00    0.00    0.00   92.70
01:40:34 AM  all    0.00    0.00    8.76    0.00    0.00    4.62    0.00    0.00    0.00   86.62
01:40:35 AM  all    0.25    0.00    2.73    0.00    0.00    1.99    0.00    0.00    0.00   95.04
01:40:36 AM  all    0.00    0.00    1.00    0.25    0.00    0.75    0.00    0.00    0.00   97.99
01:40:37 AM  all    0.00    0.00    4.02    0.00    0.00    4.02    0.00    0.00    0.00   91.96
01:40:38 AM  all    0.25    0.00    4.48    0.00    0.00    3.98    0.00    0.00    0.00   91.29
01:40:39 AM  all    0.00    0.00    5.71    0.00    0.00    4.96    0.00    0.00    0.00   89.33
01:40:40 AM  all    0.75    0.00    5.25    0.00    0.00    3.25    0.00    0.00    0.00   90.75
01:40:41 AM  all    0.00    0.00    4.15    0.00    0.00    3.37    0.00    0.00    0.00   92.49
01:40:42 AM  all    0.25    0.00    4.94    0.00    0.00    2.96    0.00    0.00    0.00   91.85
01:40:43 AM  all    0.00    0.00    2.01    0.00    0.00    0.50    0.00    0.00    0.00   97.49
01:40:44 AM  all    0.00    0.00    5.79    0.00    0.00    3.02    0.00    0.00    0.00   91.18
01:40:45 AM  all    0.74    0.00    5.41    0.00    0.00    3.69    0.00    0.00    0.00   90.17
01:40:46 AM  all    0.25    0.00    6.88    0.00    0.00    3.93    0.00    0.00    0.00   88.94
01:40:47 AM  all    0.25    0.00    7.14    0.00    0.00    2.96    0.00    0.00    0.00   89.66
01:40:48 AM  all    0.49    0.00    6.14    0.00    0.00    5.16    0.00    0.00    0.00   88.21
01:40:49 AM  all    0.25    0.00    4.06    0.00    0.00    3.30    0.00    0.00    0.00   92.39
01:40:50 AM  all    0.00    0.00    4.75    0.00    0.00    3.25    0.00    0.00    0.00   92.00
01:40:51 AM  all    0.00    0.00    6.33    0.00    0.00    3.04    0.00    0.00    0.00   90.63
01:40:52 AM  all    0.00    0.00    4.12    0.00    0.00    2.58    0.00    0.00    0.00   93.30
01:40:53 AM  all    0.00    0.00    5.84    0.00    0.00    2.79    0.00    0.00    0.00   91.37
01:40:54 AM  all    0.25    0.00    5.60    0.00    0.00    2.54    0.00    0.00    0.00   91.60
01:40:55 AM  all    0.25    0.00    1.76    0.00    0.00    1.26    0.00    0.00    0.00   96.73
01:40:56 AM  all    0.00    0.00    1.52    0.00    0.00    1.26    0.00    0.00    0.00   97.22
01:40:57 AM  all    0.25    0.00    3.77    0.00    0.00    3.27    0.00    0.00    0.00   92.71
01:40:58 AM  all    0.25    0.00    5.74    0.00    0.00    3.49    0.00    0.00    0.00   90.52
01:40:59 AM  all    0.00    0.00    4.34    0.00    0.00    3.32    0.00    0.00    0.00   92.35
01:41:00 AM  all    0.25    0.00    5.47    0.00    0.00    3.48    0.00    0.00    0.00   90.80
01:41:01 AM  all    0.25    0.00    5.29    0.00    0.00    3.02    0.00    0.00    0.00   91.44
01:41:02 AM  all    0.25    0.00    3.68    0.00    0.00    2.70    0.00    0.00    0.00   93.38
01:41:03 AM  all    0.00    0.00    6.50    0.00    0.00    4.00    0.00    0.00    0.00   89.50
01:41:04 AM  all    0.25    0.00    5.50    0.00    0.00    4.50    0.00    0.00    0.00   89.75
01:41:05 AM  all    0.51    0.00    4.35    0.00    0.00    2.81    0.00    0.00    0.00   92.33
01:41:06 AM  all    0.00    0.00    6.27    0.25    0.00    3.01    0.00    0.00    0.00   90.48
01:41:07 AM  all    0.25    0.00    2.99    0.00    0.00    2.74    0.00    0.00    0.00   94.01
01:41:08 AM  all    0.25    0.00    1.75    0.00    0.00    1.25    0.00    0.00    0.00   96.75
01:41:09 AM  all    0.00    0.00    4.10    0.00    0.00    2.56    0.00    0.00    0.00   93.33
01:41:10 AM  all    0.00    0.00    4.88    0.00    0.00    2.31    0.00    0.00    0.00   92.80
01:41:11 AM  all    0.25    0.00    4.83    0.00    0.00    3.56    0.00    0.00    0.00   91.35
01:41:12 AM  all    0.76    0.00    4.30    0.00    0.00    3.29    0.00    0.00    0.00   91.65
01:41:13 AM  all    0.00    0.00    5.57    0.00    0.00    3.29    0.00    0.00    0.00   91.14
01:41:14 AM  all    0.50    0.00    4.98    0.00    0.00    3.73    0.00    0.00    0.00   90.80
01:41:15 AM  all    0.25    0.00    5.49    0.00    0.00    3.74    0.00    0.00    0.00   90.52
01:41:16 AM  all    0.25    0.00    5.05    0.00    0.00    2.78    0.00    0.00    0.00   91.92
01:41:17 AM  all    0.26    0.00    5.10    0.00    0.00    2.30    0.00    0.00    0.00   92.35
01:41:18 AM  all    0.00    0.00    4.86    0.00    0.00    2.56    0.00    0.00    0.00   92.58
01:41:19 AM  all    0.26    0.00    5.61    0.00    0.00    3.06    0.00    0.00    0.00   91.07
01:41:20 AM  all    0.50    0.00    2.99    0.00    0.00    1.25    0.00    0.00    0.00   95.26
01:41:21 AM  all    0.25    0.00    1.49    0.00    0.00    1.73    0.00    0.00    0.00   96.53
01:41:22 AM  all    0.00    0.00    2.05    0.00    0.00    3.59    0.00    0.00    0.00   94.36
01:41:23 AM  all    0.00    0.00    3.85    0.00    0.00    3.33    0.00    0.00    0.00   92.82
01:41:24 AM  all    0.25    0.00    5.81    0.00    0.00    2.27    0.00    0.00    0.00   91.67
01:41:25 AM  all    0.00    0.00    5.08    0.00    0.00    3.55    0.00    0.00    0.00   91.37
01:41:26 AM  all    0.25    0.00    6.39    0.00    0.00    4.18    0.00    0.00    0.00   89.19
01:41:27 AM  all    1.28    0.00    2.81    0.00    0.00    2.81    0.00    0.00    0.00   93.09
01:41:28 AM  all    0.00    0.00    4.31    0.00    0.00    3.81    0.00    0.00    0.00   91.88
01:41:29 AM  all    0.00    0.00    6.23    0.00    0.00    3.49    0.00    0.00    0.00   90.27
01:41:30 AM  all    0.25    0.00    4.27    0.00    0.00    3.77    0.00    0.00    0.00   91.71
01:41:31 AM  all    0.00    0.00    5.12    0.00    0.00    2.81    0.00    0.00    0.00   92.07
01:41:32 AM  all    0.50    0.00    4.75    0.00    0.00    3.00    0.00    0.00    0.00   91.75
01:41:33 AM  all    0.00    0.00    3.23    0.00    0.00    1.49    0.00    0.00    0.00   95.29
01:41:34 AM  all    0.00    0.00    2.72    0.00    0.00    0.50    0.00    0.00    0.00   96.78
01:41:35 AM  all    0.51    0.00    4.07    0.25    0.00    2.29    0.00    0.00    0.00   92.88
01:41:36 AM  all    0.50    0.00    3.77    0.00    0.00    3.02    0.00    0.00    0.00   92.71
01:41:37 AM  all    0.00    0.00    6.00    0.00    0.00    3.00    0.00    0.00    0.00   91.00
01:41:38 AM  all    0.50    0.00    5.97    0.00    0.00    3.98    0.00    0.00    0.00   89.55
01:41:39 AM  all    0.25    0.00    4.03    0.00    0.00    3.02    0.00    0.00    0.00   92.70
01:41:40 AM  all    0.25    0.00    2.02    0.00    0.00    1.01    0.00    0.00    0.00   96.73
01:41:41 AM  all    0.00    0.00    1.01    0.00    0.00    1.26    0.00    0.00    0.00   97.73
01:41:42 AM  all    0.25    0.00    3.98    0.00    0.00    3.98    0.00    0.00    0.00   91.79
01:41:43 AM  all    0.51    0.00    5.05    0.00    0.00    4.04    0.00    0.00    0.00   90.40
01:41:44 AM  all    0.25    0.00    4.76    0.00    0.00    3.26    0.00    0.00    0.00   91.73
01:41:45 AM  all    0.00    0.00    6.70    0.00    0.00    3.97    0.00    0.00    0.00   89.33
01:41:46 AM  all    0.25    0.00    5.04    0.00    0.00    3.53    0.00    0.00    0.00   91.18
01:41:47 AM  all    0.50    0.00    5.71    0.00    0.00    3.23    0.00    0.00    0.00   90.57
01:41:48 AM  all    0.00    0.00    5.00    0.00    0.00    3.75    0.00    0.00    0.00   91.25
01:41:49 AM  all    0.25    0.00    2.28    0.00    0.00    2.78    0.00    0.00    0.00   94.68
01:41:50 AM  all    0.77    0.00    6.43    0.00    0.00    3.86    0.00    0.00    0.00   88.95
01:41:51 AM  all    0.51    0.00   13.01    0.00    0.00    6.38    0.00    0.00    0.00   80.10
01:41:52 AM  all    1.28    0.00   13.81    0.00    0.00    6.91    0.00    0.00    0.00   78.01
01:41:53 AM  all    1.03    0.00   13.62    0.00    0.00    7.46    0.00    0.00    0.00   77.89
01:41:54 AM  all    0.78    0.00   11.63    0.00    0.00    5.68    0.00    0.00    0.00   81.91
01:41:55 AM  all    1.00    0.00   17.91    0.00    0.00    6.72    0.00    0.00    0.00   74.38
01:41:56 AM  all    0.50    0.00   11.78    0.00    0.00    6.02    0.00    0.00    0.00   81.70
01:41:57 AM  all    0.48    0.00   16.46    0.00    0.00    8.47    0.00    0.00    0.00   74.58
01:41:58 AM  all    0.74    0.00   14.50    0.00    0.00    6.39    0.00    0.00    0.00   78.38
01:41:59 AM  all    0.95    0.00   16.86    0.00    0.00    6.89    0.00    0.00    0.00   75.30
01:42:00 AM  all    0.73    0.00   16.46    0.00    0.00    7.26    0.00    0.00    0.00   75.54
01:42:01 AM  all    0.49    0.00   11.30    0.00    0.00    7.13    0.00    0.00    0.00   81.08
01:42:02 AM  all    1.21    0.00   14.77    0.00    0.00    6.54    0.00    0.00    0.00   77.48
01:42:03 AM  all    0.49    0.00   15.37    0.00    0.00    6.83    0.00    0.00    0.00   77.32
01:42:04 AM  all    1.20    0.00   15.11    0.00    0.00    8.63    0.00    0.00    0.00   75.06
01:42:05 AM  all    0.49    0.00   16.18    0.00    0.00    8.09    0.00    0.00    0.00   75.25
01:42:06 AM  all    0.74    0.00   13.05    0.00    0.00    6.16    0.00    0.00    0.00   80.05
01:42:07 AM  all    1.03    0.00   10.82    0.00    0.00    8.25    0.00    0.00    0.00   79.90
01:42:08 AM  all    0.73    0.00   13.66    0.00    0.00    7.32    0.00    0.00    0.00   78.29
01:42:09 AM  all    0.25    0.00   12.47    0.00    0.00    9.73    0.00    0.00    0.00   77.56
01:42:10 AM  all    1.27    0.00   11.39    0.00    0.00    7.59    0.00    0.00    0.00   79.75
01:42:11 AM  all    0.75    0.00   10.72    0.25    0.00    6.73    0.00    0.00    0.00   81.55
01:42:12 AM  all    1.28    0.00   11.48    0.00    0.00    8.67    0.00    0.00    0.00   78.57
01:42:13 AM  all    0.50    0.00   10.83    0.00    0.00    7.05    0.00    0.00    0.00   81.61
01:42:14 AM  all    0.78    0.00   10.68    0.00    0.00    7.81    0.00    0.00    0.00   80.73
01:42:15 AM  all    0.53    0.00    8.42    0.00    0.00    7.63    0.00    0.00    0.00   83.42
01:42:16 AM  all    1.03    0.00   13.08    0.00    0.00    5.38    0.00    0.00    0.00   80.51
01:42:17 AM  all    0.00    0.00   12.23    0.00    0.00    5.85    0.00    0.00    0.00   81.91
01:42:18 AM  all    0.99    0.00   12.10    0.00    0.00    7.90    0.00    0.00    0.00   79.01
01:42:19 AM  all    0.51    0.00   12.53    0.00    0.00    8.18    0.00    0.00    0.00   78.77
01:42:20 AM  all    0.51    0.00   13.49    0.00    0.00    6.11    0.00    0.00    0.00   79.90
01:42:21 AM  all    0.75    0.00   11.56    0.00    0.00    8.54    0.00    0.00    0.00   79.15
01:42:22 AM  all    0.00    0.00   14.97    0.00    0.00    6.35    0.00    0.00    0.00   78.68
01:42:23 AM  all    1.26    0.00   11.62    0.00    0.00    7.07    0.00    0.00    0.00   80.05
01:42:24 AM  all    1.53    0.00   14.54    0.00    0.00    5.87    0.00    0.00    0.00   78.06
01:42:25 AM  all    0.74    0.00   13.09    0.00    0.00    8.64    0.00    0.00    0.00   77.53
01:42:26 AM  all    0.76    0.00   12.94    0.00    0.00    8.12    0.00    0.00    0.00   78.17
01:42:27 AM  all    1.47    0.00   14.00    0.00    0.00    8.60    0.00    0.00    0.00   75.92
01:42:28 AM  all    0.72    0.00   14.01    0.00    0.00    8.70    0.00    0.00    0.00   76.57
01:42:29 AM  all    0.74    0.00   16.67    0.00    0.00    6.37    0.00    0.00    0.00   76.23
01:42:30 AM  all    1.21    0.00   14.73    0.00    0.00    7.49    0.00    0.00    0.00   76.57
01:42:31 AM  all    0.25    0.00   12.03    0.00    0.00    8.52    0.00    0.00    0.00   79.20
01:42:32 AM  all    0.49    0.00   16.30    0.00    0.00    6.91    0.00    0.00    0.00   76.30
01:42:33 AM  all    0.25    0.00   10.61    0.00    0.00    7.83    0.00    0.00    0.00   81.31
01:42:34 AM  all    0.76    0.00   14.36    0.00    0.00    7.30    0.00    0.00    0.00   77.58
01:42:35 AM  all    0.49    0.00   14.78    0.00    0.00    7.14    0.00    0.00    0.00   77.59
01:42:36 AM  all    0.74    0.00   13.15    0.00    0.00    8.19    0.00    0.00    0.00   77.92
01:42:37 AM  all    0.76    0.00   11.08    0.00    0.00    8.82    0.00    0.00    0.00   79.35
01:42:38 AM  all    1.01    0.00   12.59    0.00    0.00    6.30    0.00    0.00    0.00   80.10
01:42:39 AM  all    0.77    0.00   11.99    0.00    0.00    6.63    0.00    0.00    0.00   80.61
01:42:40 AM  all    0.74    0.00   12.59    0.00    0.00    8.64    0.00    0.00    0.00   78.02
01:42:41 AM  all    0.27    0.00    9.95    0.00    0.00    5.38    0.00    0.00    0.00   84.41
01:42:42 AM  all    0.75    0.00   10.50    0.00    0.00    8.75    0.00    0.00    0.00   80.00
01:42:43 AM  all    0.76    0.00   12.47    0.00    0.00    6.36    0.00    0.00    0.00   80.41
01:42:44 AM  all    0.77    0.00   10.82    0.00    0.00    7.22    0.00    0.00    0.00   81.19
01:42:45 AM  all    0.00    0.00   10.59    0.00    0.00    8.01    0.00    0.00    0.00   81.40
01:42:46 AM  all    1.30    0.00   10.62    0.00    0.00    6.74    0.00    0.00    0.00   81.35
01:42:47 AM  all    0.99    0.00   14.14    0.00    0.00    6.95    0.00    0.00    0.00   77.92
01:42:48 AM  all    0.75    0.00   12.72    0.00    0.00    7.98    0.00    0.00    0.00   78.55
01:42:49 AM  all    0.77    0.00   12.08    0.00    0.00    7.71    0.00    0.00    0.00   79.43
01:42:50 AM  all    0.51    0.00   10.66    0.00    0.00    8.63    0.00    0.00    0.00   80.20
01:42:51 AM  all    0.50    0.00   11.31    0.00    0.00    8.79    0.00    0.00    0.00   79.40
01:42:52 AM  all    1.00    0.00   13.50    0.00    0.00    8.50    0.00    0.00    0.00   77.00
01:42:53 AM  all    0.50    0.00   11.81    0.00    0.00    7.29    0.00    0.00    0.00   80.40
01:42:54 AM  all    0.00    0.00   10.82    0.00    0.00    9.28    0.00    0.00    0.00   79.90
01:42:55 AM  all    0.51    0.00   12.66    0.00    0.00    7.85    0.00    0.00    0.00   78.99
01:42:56 AM  all    0.75    0.00   13.00    0.00    0.00    7.50    0.00    0.00    0.00   78.75
01:42:57 AM  all    0.51    0.00   11.73    0.00    0.00    6.38    0.00    0.00    0.00   81.38
01:42:58 AM  all    0.74    0.00   10.37    0.00    0.00    5.43    0.00    0.00    0.00   83.46
01:42:59 AM  all    0.24    0.00    5.37    0.00    0.00    3.17    0.00    0.00    0.00   91.22
01:43:00 AM  all    0.00    0.00    1.26    0.00    0.00    0.25    0.00    0.00    0.00   98.48
01:43:01 AM  all    0.50    0.00    5.24    0.00    0.00    2.24    0.00    0.00    0.00   92.02
01:43:02 AM  all    0.00    0.00    3.54    0.00    0.00    1.52    0.00    0.00    0.00   94.95
01:43:03 AM  all    0.25    0.00    3.76    0.00    0.00    2.76    0.00    0.00    0.00   93.23
01:43:04 AM  all    0.00    0.00    5.29    0.00    0.00    2.52    0.00    0.00    0.00   92.19
01:43:05 AM  all    0.00    0.00    4.49    0.00    0.00    3.49    0.00    0.00    0.00   92.02
01:43:06 AM  all    0.00    0.00    4.28    0.25    0.00    3.02    0.00    0.00    0.00   92.44
01:43:07 AM  all    0.50    0.00    4.21    0.00    0.00    3.71    0.00    0.00    0.00   91.58
01:43:08 AM  all    0.25    0.00    4.80    0.00    0.00    2.27    0.00    0.00    0.00   92.68
01:43:09 AM  all    0.25    0.00    4.76    0.00    0.00    4.01    0.00    0.00    0.00   90.98
01:43:10 AM  all    0.50    0.00    5.72    0.00    0.00    2.74    0.00    0.00    0.00   91.04
01:43:11 AM  all    0.00    0.00    5.94    0.00    0.00    3.96    0.00    0.00    0.00   90.10
01:43:12 AM  all    0.00    0.00    3.72    0.00    0.00    3.23    0.00    0.00    0.00   93.05
01:43:13 AM  all    0.00    0.00    6.37    0.00    0.00    5.39    0.00    0.00    0.00   88.24
01:43:14 AM  all    0.25    0.00    5.19    0.00    0.00    3.95    0.00    0.00    0.00   90.62
01:43:15 AM  all    0.00    0.00    4.26    0.00    0.00    3.76    0.00    0.00    0.00   91.98
01:43:16 AM  all    0.25    0.00    4.74    0.00    0.00    3.49    0.00    0.00    0.00   91.52
01:43:17 AM  all    0.00    0.00    2.76    0.00    0.00    1.75    0.00    0.00    0.00   95.49
01:43:18 AM  all    0.25    0.00    6.20    0.00    0.00    2.98    0.00    0.00    0.00   90.57
01:43:19 AM  all    0.25    0.00    5.65    0.00    0.00    3.44    0.00    0.00    0.00   90.66
01:43:20 AM  all    0.25    0.00    5.93    0.00    0.00    3.46    0.00    0.00    0.00   90.37
01:43:21 AM  all    0.25    0.00    3.54    0.00    0.00    3.80    0.00    0.00    0.00   92.41
01:43:22 AM  all    0.00    0.00    3.49    0.00    0.00    2.49    0.00    0.00    0.00   94.01
01:43:23 AM  all    0.00    0.00    5.68    0.00    0.00    3.95    0.00    0.00    0.00   90.37
01:43:24 AM  all    0.00    0.00    3.02    0.00    0.00    3.53    0.00    0.00    0.00   93.45
01:43:25 AM  all    0.25    0.00    4.29    0.00    0.00    3.28    0.00    0.00    0.00   92.17
01:43:26 AM  all    0.00    0.00    4.76    0.00    0.00    4.01    0.00    0.00    0.00   91.23
01:43:27 AM  all    1.23    0.00    4.42    0.00    0.00    4.67    0.00    0.00    0.00   89.68
01:43:28 AM  all    0.00    0.00    3.99    0.00    0.00    3.99    0.00    0.00    0.00   92.02
01:43:29 AM  all    0.00    0.00    3.55    0.00    0.00    2.54    0.00    0.00    0.00   93.91
01:43:30 AM  all    0.25    0.00    4.02    0.00    0.00    3.77    0.00    0.00    0.00   91.96
01:43:31 AM  all    0.25    0.00    5.05    0.00    0.00    2.27    0.00    0.00    0.00   92.42
01:43:32 AM  all    0.25    0.00    3.51    0.00    0.00    4.51    0.00    0.00    0.00   91.73
01:43:33 AM  all    0.00    0.00    3.79    0.00    0.00    3.54    0.00    0.00    0.00   92.68
01:43:34 AM  all    0.00    0.00    3.03    0.00    0.00    2.53    0.00    0.00    0.00   94.44
01:43:35 AM  all    0.25    0.00    5.41    0.00    0.00    4.67    0.00    0.00    0.00   89.68
01:43:36 AM  all    0.75    0.00    3.77    0.00    0.00    3.77    0.00    0.00    0.00   91.71
01:43:37 AM  all    0.25    0.00    3.04    0.00    0.00    3.54    0.00    0.00    0.00   93.16
01:43:38 AM  all    0.00    0.00    3.99    0.00    0.00    3.74    0.00    0.00    0.00   92.27
01:43:39 AM  all    0.00    0.00    3.53    0.00    0.00    3.27    0.00    0.00    0.00   93.20
01:43:40 AM  all    0.25    0.00    4.03    0.00    0.00    2.77    0.00    0.00    0.00   92.95
01:43:41 AM  all    0.74    0.00    5.15    0.00    0.00    4.41    0.00    0.00    0.00   89.71
01:43:42 AM  all    0.25    0.00    4.53    0.00    0.00    2.02    0.00    0.00    0.00   93.20
01:43:43 AM  all    0.00    0.00    5.41    0.00    0.00    4.91    0.00    0.00    0.00   89.68
01:43:44 AM  all    0.00    0.00    3.30    0.00    0.00    2.54    0.00    0.00    0.00   94.16
01:43:45 AM  all    0.50    0.00    4.49    0.00    0.00    3.24    0.00    0.00    0.00   91.77
01:43:46 AM  all    0.00    0.00    4.25    0.00    0.00    2.25    0.00    0.00    0.00   93.50
01:43:47 AM  all    0.00    0.00    4.94    0.00    0.00    4.44    0.00    0.00    0.00   90.62
01:43:48 AM  all    0.25    0.00    4.51    0.00    0.00    4.01    0.00    0.00    0.00   91.23
01:43:49 AM  all    0.00    0.00    3.78    0.00    0.00    4.28    0.00    0.00    0.00   91.94
01:43:50 AM  all    0.00    0.00    5.45    0.00    0.00    4.21    0.00    0.00    0.00   90.35
01:43:51 AM  all    0.25    0.00    3.96    0.00    0.00    2.97    0.00    0.00    0.00   92.82
01:43:52 AM  all    0.00    0.00    3.83    0.00    0.00    4.08    0.00    0.00    0.00   92.09
01:43:53 AM  all    0.00    0.00    4.90    0.00    0.00    4.90    0.00    0.00    0.00   90.20
01:43:54 AM  all    0.00    0.00    5.88    0.00    0.00    4.17    0.00    0.00    0.00   89.95
01:43:55 AM  all    0.50    0.00    4.25    0.00    0.00    3.50    0.00    0.00    0.00   91.75
01:43:56 AM  all    0.00    0.00    3.50    0.25    0.00    4.00    0.00    0.00    0.00   92.25
01:43:57 AM  all    0.00    0.00    4.71    0.00    0.00    4.71    0.00    0.00    0.00   90.57
01:43:58 AM  all    0.25    0.00    3.50    0.00    0.00    5.00    0.00    0.00    0.00   91.25
01:43:59 AM  all    0.51    0.00    3.56    0.00    0.00    3.31    0.00    0.00    0.00   92.62
01:44:00 AM  all    0.00    0.00    5.00    0.00    0.00    4.00    0.00    0.00    0.00   91.00
01:44:01 AM  all    0.00    0.00    3.48    0.00    0.00    3.48    0.00    0.00    0.00   93.03
01:44:02 AM  all    0.75    0.00    2.76    0.00    0.00    2.26    0.00    0.00    0.00   94.22
01:44:03 AM  all    0.25    0.00    5.00    0.00    0.00    3.75    0.00    0.00    0.00   91.00
01:44:04 AM  all    0.24    0.00    5.85    0.00    0.00    4.39    0.00    0.00    0.00   89.51
01:44:05 AM  all    0.00    0.00    4.26    0.00    0.00    4.51    0.00    0.00    0.00   91.23
01:44:06 AM  all    0.00    0.00    3.02    0.00    0.00    3.02    0.00    0.00    0.00   93.95
01:44:07 AM  all    0.49    0.00    4.91    0.00    0.00    4.67    0.00    0.00    0.00   89.93
01:44:08 AM  all    0.00    0.00    5.65    0.00    0.00    4.42    0.00    0.00    0.00   89.93
01:44:09 AM  all    0.00    0.00    4.28    0.00    0.00    3.27    0.00    0.00    0.00   92.44
01:44:10 AM  all    0.00    0.00    3.30    0.00    0.00    3.55    0.00    0.00    0.00   93.15
01:44:11 AM  all    0.00    0.00    3.27    0.00    0.00    4.53    0.00    0.00    0.00   92.19
01:44:12 AM  all    0.00    0.00    4.01    0.00    0.00    2.76    0.00    0.00    0.00   93.23
01:44:13 AM  all    0.00    0.00    4.55    0.00    0.00    2.27    0.00    0.00    0.00   93.18
01:44:14 AM  all    0.00    0.00    3.76    0.00    0.00    5.01    0.00    0.00    0.00   91.23
01:44:15 AM  all    0.00    0.00    5.71    0.00    0.00    4.22    0.00    0.00    0.00   90.07
01:44:16 AM  all    0.25    0.00    4.76    0.00    0.00    2.51    0.00    0.00    0.00   92.48
01:44:17 AM  all    0.00    0.00    5.25    0.00    0.00    3.50    0.00    0.00    0.00   91.25
01:44:18 AM  all    0.00    0.00    4.00    0.00    0.00    2.50    0.00    0.00    0.00   93.50
01:44:19 AM  all    0.00    0.00    4.53    0.00    0.00    3.02    0.00    0.00    0.00   92.44
01:44:20 AM  all    0.25    0.00    5.39    0.00    0.00    4.17    0.00    0.00    0.00   90.20
01:44:21 AM  all    0.00    0.00    3.77    0.00    0.00    4.27    0.00    0.00    0.00   91.96
01:44:22 AM  all    0.49    0.00    6.39    0.00    0.00    4.18    0.00    0.00    0.00   88.94
01:44:23 AM  all    0.00    0.00    4.47    0.00    0.00    3.23    0.00    0.00    0.00   92.31
01:44:24 AM  all    0.24    0.00    6.04    0.00    0.00    5.07    0.00    0.00    0.00   88.65
01:44:25 AM  all    0.25    0.00    5.41    0.00    0.00    4.18    0.00    0.00    0.00   90.17
01:44:26 AM  all    0.25    0.00    3.75    0.00    0.00    4.00    0.00    0.00    0.00   92.00
01:44:27 AM  all    1.26    0.00    4.52    0.00    0.00    3.27    0.00    0.00    0.00   90.95
01:44:28 AM  all    0.00    0.00    2.28    0.00    0.00    2.78    0.00    0.00    0.00   94.94
01:44:29 AM  all    0.00    0.00    4.06    0.00    0.00    3.05    0.00    0.00    0.00   92.89
01:44:30 AM  all    0.00    0.00    3.79    0.00    0.00    2.27    0.00    0.00    0.00   93.94
01:44:31 AM  all    0.00    0.00    5.00    0.00    0.00    2.50    0.00    0.00    0.00   92.50
01:44:32 AM  all    0.25    0.00    4.71    0.00    0.00    3.47    0.00    0.00    0.00   91.56
01:44:33 AM  all    0.00    0.00    3.02    0.00    0.00    2.26    0.00    0.00    0.00   94.72
01:44:34 AM  all    0.00    0.00    4.67    0.00    0.00    4.18    0.00    0.00    0.00   91.15
01:44:35 AM  all    0.00    0.00    5.81    0.00    0.00    3.63    0.00    0.00    0.00   90.56
01:44:36 AM  all    0.75    0.00    4.50    0.00    0.00    3.50    0.00    0.00    0.00   91.25
01:44:37 AM  all    0.25    0.00    4.67    0.00    0.00    4.42    0.00    0.00    0.00   90.66
01:44:38 AM  all    0.25    0.00    5.17    0.00    0.00    3.45    0.00    0.00    0.00   91.13
01:44:39 AM  all    0.00    0.00    3.05    0.00    0.00    4.06    0.00    0.00    0.00   92.89
01:44:40 AM  all    0.00    0.00    4.74    0.00    0.00    2.24    0.00    0.00    0.00   93.02
01:44:41 AM  all    0.50    0.00    4.26    0.00    0.00    3.76    0.00    0.00    0.00   91.48
01:44:42 AM  all    0.00    0.00    3.80    0.00    0.00    2.78    0.00    0.00    0.00   93.42
01:44:43 AM  all    0.00    0.00    3.33    0.00    0.00    2.82    0.00    0.00    0.00   93.85
01:44:44 AM  all    0.00    0.00    2.56    0.00    0.00    4.09    0.00    0.00    0.00   93.35
01:44:45 AM  all    0.00    0.00    2.80    0.00    0.00    2.29    0.00    0.00    0.00   94.91
01:44:46 AM  all    0.50    0.00    4.77    0.25    0.00    2.51    0.00    0.00    0.00   91.96
01:44:47 AM  all    0.24    0.00    5.61    0.00    0.00    3.90    0.00    0.00    0.00   90.24
01:44:48 AM  all    0.00    0.00    5.25    0.00    0.00    3.50    0.00    0.00    0.00   91.25
01:44:49 AM  all    0.49    0.00    5.43    0.00    0.00    4.44    0.00    0.00    0.00   89.63
01:44:50 AM  all    0.24    0.00    4.83    0.00    0.00    4.59    0.00    0.00    0.00   90.34
01:44:51 AM  all    0.25    0.00    3.99    0.00    0.00    5.24    0.00    0.00    0.00   90.52
01:44:52 AM  all    0.00    0.00    3.74    0.00    0.00    4.99    0.00    0.00    0.00   91.27
01:44:53 AM  all    0.50    0.00    3.74    0.00    0.00    4.49    0.00    0.00    0.00   91.27
01:44:54 AM  all    0.00    0.00    5.00    0.00    0.00    3.75    0.00    0.00    0.00   91.25
01:44:55 AM  all    0.00    0.00    4.53    0.00    0.00    3.02    0.00    0.00    0.00   92.44
01:44:56 AM  all    0.00    0.00    5.00    0.00    0.00    2.75    0.00    0.00    0.00   92.25
01:44:57 AM  all    0.00    0.00    3.53    0.00    0.00    3.53    0.00    0.00    0.00   92.95
01:44:58 AM  all    0.00    0.00    4.02    0.00    0.00    3.02    0.00    0.00    0.00   92.96
01:44:59 AM  all    0.00    0.00    2.55    0.00    0.00    2.81    0.00    0.00    0.00   94.64
01:45:00 AM  all    0.74    0.00    4.94    0.00    0.00    3.21    0.00    0.00    0.00   91.11
01:45:01 AM  all    0.00    0.00    3.75    0.00    0.00    2.50    0.00    0.00    0.00   93.75
01:45:02 AM  all    0.00    0.00    1.75    0.00    0.00    1.25    0.00    0.00    0.00   96.99
01:45:03 AM  all    0.25    0.00    3.51    0.00    0.00    3.01    0.00    0.00    0.00   93.23
01:45:04 AM  all    0.00    0.00    3.77    0.00    0.00    3.02    0.00    0.00    0.00   93.22
01:45:05 AM  all    0.25    0.00    4.75    0.25    0.00    2.00    0.00    0.00    0.00   92.75
01:45:06 AM  all    0.00    0.00    4.22    0.00    0.00    2.73    0.00    0.00    0.00   93.05
01:45:07 AM  all    0.00    0.00    4.51    0.00    0.00    2.76    0.00    0.00    0.00   92.73
01:45:08 AM  all    0.25    0.00    3.52    0.00    0.00    3.52    0.00    0.00    0.00   92.71
01:45:09 AM  all    0.00    0.00    5.22    0.00    0.00    3.48    0.00    0.00    0.00   91.29
01:45:10 AM  all    0.00    0.00    4.96    0.00    0.00    4.22    0.00    0.00    0.00   90.82
01:45:11 AM  all    0.25    0.00    4.23    0.00    0.00    3.23    0.00    0.00    0.00   92.29
01:45:12 AM  all    0.00    0.00    3.97    0.00    0.00    2.73    0.00    0.00    0.00   93.30
01:45:13 AM  all    0.00    0.00    4.46    0.00    0.00    3.47    0.00    0.00    0.00   92.08
01:45:14 AM  all    0.00    0.00    3.80    0.00    0.00    2.78    0.00    0.00    0.00   93.42
01:45:15 AM  all    0.00    0.00    4.55    0.00    0.00    2.78    0.00    0.00    0.00   92.68
01:45:16 AM  all    0.24    0.00    6.11    0.00    0.00    3.91    0.00    0.00    0.00   89.73
01:45:17 AM  all    0.00    0.00    4.46    0.00    0.00    3.47    0.00    0.00    0.00   92.08
01:45:18 AM  all    0.25    0.00    3.02    0.00    0.00    3.02    0.00    0.00    0.00   93.72
01:45:19 AM  all    0.25    0.00    4.24    0.00    0.00    3.49    0.00    0.00    0.00   92.02
01:45:20 AM  all    0.00    0.00    4.31    0.00    0.00    2.54    0.00    0.00    0.00   93.15
01:45:21 AM  all    0.25    0.00    5.96    0.00    0.00    3.23    0.00    0.00    0.00   90.57
01:45:22 AM  all    0.00    0.00    3.82    0.00    0.00    3.31    0.00    0.00    0.00   92.88
01:45:23 AM  all    0.00    0.00    4.03    0.00    0.00    3.78    0.00    0.00    0.00   92.19
01:45:24 AM  all    0.00    0.00    3.52    0.00    0.00    3.27    0.00    0.00    0.00   93.22
01:45:25 AM  all    0.00    0.00    5.22    0.00    0.00    2.99    0.00    0.00    0.00   91.79
01:45:26 AM  all    0.00    0.00    4.28    0.00    0.00    3.53    0.00    0.00    0.00   92.19
01:45:27 AM  all    1.46    0.00    5.60    0.00    0.00    3.89    0.00    0.00    0.00   89.05
01:45:28 AM  all    0.25    0.00    6.16    0.00    0.00    4.19    0.00    0.00    0.00   89.41
01:45:29 AM  all    0.25    0.00    3.97    0.00    0.00    3.97    0.00    0.00    0.00   91.81
01:45:30 AM  all    0.00    0.00    3.78    0.00    0.00    2.52    0.00    0.00    0.00   93.70
01:45:31 AM  all    0.24    0.00    6.11    0.00    0.00    4.16    0.00    0.00    0.00   89.49
01:45:32 AM  all    0.25    0.00    4.27    0.00    0.00    2.76    0.00    0.00    0.00   92.71
01:45:33 AM  all    0.00    0.00    5.50    0.00    0.00    3.00    0.00    0.00    0.00   91.50
01:45:34 AM  all    0.24    0.00    5.37    0.00    0.00    2.93    0.00    0.00    0.00   91.46
01:45:35 AM  all    0.00    0.00    3.25    0.00    0.00    3.75    0.00    0.00    0.00   93.00
01:45:36 AM  all    0.50    0.00    4.53    0.00    0.00    3.78    0.00    0.00    0.00   91.18
01:45:37 AM  all    0.00    0.00    5.13    0.00    0.00    3.42    0.00    0.00    0.00   91.44
01:45:38 AM  all    0.00    0.00    4.77    0.00    0.00    2.76    0.00    0.00    0.00   92.46
01:45:39 AM  all    0.00    0.00    4.26    0.00    0.00    2.76    0.00    0.00    0.00   92.98
01:45:40 AM  all    0.00    0.00    3.77    0.00    0.00    3.52    0.00    0.00    0.00   92.71
01:45:41 AM  all    0.25    0.00    4.94    0.25    0.00    2.96    0.00    0.00    0.00   91.60
01:45:42 AM  all    0.00    0.00    3.28    0.00    0.00    3.28    0.00    0.00    0.00   93.43
01:45:43 AM  all    0.00    0.00    3.29    0.00    0.00    3.80    0.00    0.00    0.00   92.91
01:45:44 AM  all    0.00    0.00    3.95    0.00    0.00    3.21    0.00    0.00    0.00   92.84
01:45:45 AM  all    0.25    0.00    4.02    0.00    0.00    2.76    0.00    0.00    0.00   92.96
01:45:46 AM  all    0.25    0.00    2.26    0.00    0.00    2.51    0.00    0.00    0.00   94.99
01:45:47 AM  all    0.25    0.00    5.65    0.00    0.00    4.42    0.00    0.00    0.00   89.68
01:45:48 AM  all    0.00    0.00    6.83    0.00    0.00    3.41    0.00    0.00    0.00   89.76
01:45:49 AM  all    0.25    0.00    5.43    0.00    0.00    3.46    0.00    0.00    0.00   90.86
01:45:50 AM  all    0.25    0.00    5.90    0.00    0.00    3.93    0.00    0.00    0.00   89.93
01:45:51 AM  all    0.00    0.00    4.95    0.00    0.00    3.22    0.00    0.00    0.00   91.83
01:45:52 AM  all    0.00    0.00    6.14    0.00    0.00    4.18    0.00    0.00    0.00   89.68
01:45:53 AM  all    0.73    0.00    6.57    0.00    0.00    3.41    0.00    0.00    0.00   89.29
01:45:54 AM  all    0.00    0.00    5.04    0.00    0.00    3.27    0.00    0.00    0.00   91.69
01:45:55 AM  all    0.00    0.00    4.56    0.00    0.00    3.80    0.00    0.00    0.00   91.65
01:45:56 AM  all    0.00    0.00    3.30    0.00    0.00    3.55    0.00    0.00    0.00   93.15
01:45:57 AM  all    0.25    0.00    3.28    0.00    0.00    4.04    0.00    0.00    0.00   92.42
01:45:58 AM  all    0.26    0.00    3.32    0.00    0.00    2.30    0.00    0.00    0.00   94.12
01:45:59 AM  all    0.00    0.00    3.57    0.00    0.00    3.83    0.00    0.00    0.00   92.60
01:46:00 AM  all    0.51    0.00    2.56    0.00    0.00    2.30    0.00    0.00    0.00   94.63
01:46:01 AM  all    0.00    0.00    5.03    0.00    0.00    3.52    0.00    0.00    0.00   91.46
01:46:02 AM  all    0.00    0.00    3.27    0.00    0.00    1.76    0.00    0.00    0.00   94.97
01:46:03 AM  all    0.00    0.00    2.25    0.00    0.00    1.75    0.00    0.00    0.00   96.00
01:46:04 AM  all    0.25    0.00    5.65    0.00    0.00    3.69    0.00    0.00    0.00   90.42
01:46:05 AM  all    0.00    0.00    4.90    0.00    0.00    3.19    0.00    0.00    0.00   91.91
01:46:06 AM  all    0.50    0.00    3.01    0.00    0.00    3.01    0.00    0.00    0.00   93.48
01:46:07 AM  all    0.00    0.00    6.17    0.00    0.00    2.96    0.00    0.00    0.00   90.86
01:46:08 AM  all    0.24    0.00    5.10    0.00    0.00    3.40    0.00    0.00    0.00   91.26
01:46:09 AM  all    0.50    0.00    4.25    0.00    0.00    4.50    0.00    0.00    0.00   90.75
01:46:10 AM  all    0.24    0.00    5.60    0.00    0.00    4.14    0.00    0.00    0.00   90.02
01:46:11 AM  all    0.00    0.00    3.83    0.00    0.00    2.81    0.00    0.00    0.00   93.37
01:46:12 AM  all    0.00    0.00    4.96    0.00    0.00    4.22    0.00    0.00    0.00   90.82
01:46:13 AM  all    0.26    0.00    2.81    0.00    0.00    2.30    0.00    0.00    0.00   94.64
01:46:14 AM  all    0.00    0.00    4.75    0.00    0.00    3.00    0.00    0.00    0.00   92.25
01:46:15 AM  all    0.51    0.00    3.79    0.00    0.00    2.53    0.00    0.00    0.00   93.18
01:46:16 AM  all    0.25    0.00    5.67    0.00    0.00    3.94    0.00    0.00    0.00   90.15
01:46:17 AM  all    0.00    0.00    4.94    0.00    0.00    3.21    0.00    0.00    0.00   91.85
01:46:18 AM  all    0.00    0.00    4.96    0.00    0.00    3.23    0.00    0.00    0.00   91.81
01:46:19 AM  all    0.25    0.00    3.27    0.00    0.00    4.02    0.00    0.00    0.00   92.46
01:46:20 AM  all    0.00    0.00    5.68    0.00    0.00    3.21    0.00    0.00    0.00   91.11
01:46:21 AM  all    0.25    0.00    7.62    0.00    0.00    2.46    0.00    0.00    0.00   89.68
01:46:22 AM  all    0.25    0.00    5.20    0.00    0.00    3.96    0.00    0.00    0.00   90.59
01:46:23 AM  all    0.00    0.00    5.43    0.00    0.00    4.20    0.00    0.00    0.00   90.37
01:46:24 AM  all    0.25    0.00    3.50    0.00    0.00    2.75    0.00    0.00    0.00   93.50
01:46:25 AM  all    0.00    0.00    4.95    0.00    0.00    4.21    0.00    0.00    0.00   90.84
01:46:26 AM  all    0.00    0.00    4.74    0.00    0.00    3.99    0.00    0.00    0.00   91.27
01:46:27 AM  all    1.49    0.00    5.69    0.00    0.00    4.21    0.00    0.00    0.00   88.61
01:46:28 AM  all    0.25    0.00    5.42    0.00    0.00    4.19    0.00    0.00    0.00   90.15
01:46:29 AM  all    0.00    0.00    5.99    0.00    0.00    2.74    0.00    0.00    0.00   91.27
01:46:30 AM  all    0.00    0.00    1.76    0.00    0.00    1.76    0.00    0.00    0.00   96.47
01:46:31 AM  all    0.00    0.00    4.07    0.00    0.00    3.31    0.00    0.00    0.00   92.62
01:46:32 AM  all    0.00    0.00    4.76    0.00    0.00    2.76    0.00    0.00    0.00   92.48
01:46:33 AM  all    0.25    0.00    4.73    0.00    0.00    2.99    0.00    0.00    0.00   92.04
01:46:34 AM  all    0.00    0.00    4.21    0.00    0.00    3.71    0.00    0.00    0.00   92.08
01:46:35 AM  all    0.50    0.00    4.95    0.00    0.00    2.23    0.00    0.00    0.00   92.33
01:46:36 AM  all    0.25    0.00    5.00    0.00    0.00    3.00    0.00    0.00    0.00   91.75
01:46:37 AM  all    0.24    0.00    4.16    0.00    0.00    4.65    0.00    0.00    0.00   90.95
01:46:38 AM  all    0.00    0.00    4.04    0.00    0.00    4.04    0.00    0.00    0.00   91.92
01:46:39 AM  all    0.00    0.00    4.29    0.00    0.00    3.28    0.00    0.00    0.00   92.42
01:46:40 AM  all    0.00    0.00    3.78    0.00    0.00    3.02    0.00    0.00    0.00   93.20
01:46:41 AM  all    0.00    0.00    4.06    0.00    0.00    3.81    0.00    0.00    0.00   92.13
01:46:42 AM  all    0.00    0.00    5.50    0.00    0.00    3.75    0.00    0.00    0.00   90.75
01:46:43 AM  all    0.51    0.00    4.29    0.00    0.00    3.28    0.00    0.00    0.00   91.92
01:46:44 AM  all    0.00    0.00    4.56    0.00    0.00    2.78    0.00    0.00    0.00   92.66
01:46:45 AM  all    0.00    0.00    3.30    0.00    0.00    2.79    0.00    0.00    0.00   93.91
01:46:46 AM  all    0.00    0.00    3.55    0.00    0.00    3.05    0.00    0.00    0.00   93.40
01:46:47 AM  all    0.00    0.00    5.45    0.00    0.00    3.47    0.00    0.00    0.00   91.09
01:46:48 AM  all    0.00    0.00    4.80    0.00    0.00    3.28    0.00    0.00    0.00   91.92
01:46:49 AM  all    0.25    0.00    6.20    0.00    0.00    2.48    0.00    0.00    0.00   91.07
01:46:50 AM  all    0.00    0.00    5.90    0.00    0.00    3.93    0.00    0.00    0.00   90.17
01:46:51 AM  all    0.00    0.00    4.04    0.00    0.00    4.04    0.00    0.00    0.00   91.92
01:46:52 AM  all    0.25    0.00    5.43    0.00    0.00    4.20    0.00    0.00    0.00   90.12
01:46:53 AM  all    0.25    0.00    5.00    0.00    0.00    3.50    0.00    0.00    0.00   91.25
01:46:54 AM  all    0.24    0.00    7.06    0.00    0.00    3.65    0.00    0.00    0.00   89.05
01:46:55 AM  all    0.24    0.00    6.10    0.00    0.00    3.66    0.00    0.00    0.00   90.00
01:46:56 AM  all    0.49    0.00    5.42    0.00    0.00    4.19    0.00    0.00    0.00   89.90
01:46:57 AM  all    0.25    0.00    4.99    0.00    0.00    3.24    0.00    0.00    0.00   91.52
01:46:58 AM  all    0.25    0.00    4.02    0.00    0.00    3.52    0.00    0.00    0.00   92.21
01:46:59 AM  all    0.00    0.00    5.68    0.00    0.00    2.96    0.00    0.00    0.00   91.36
01:47:00 AM  all    0.25    0.00    4.22    0.00    0.00    4.47    0.00    0.00    0.00   91.07
01:47:01 AM  all    0.00    0.00    2.97    0.25    0.00    1.98    0.00    0.00    0.00   94.80
01:47:02 AM  all    0.00    0.00    4.26    0.00    0.00    2.01    0.00    0.00    0.00   93.73
01:47:03 AM  all    0.50    0.00    4.71    0.00    0.00    3.72    0.00    0.00    0.00   91.07
01:47:04 AM  all    0.00    0.00    3.27    0.00    0.00    3.02    0.00    0.00    0.00   93.70
01:47:05 AM  all    0.50    0.00    3.52    0.00    0.00    3.77    0.00    0.00    0.00   92.21
01:47:06 AM  all    0.25    0.00    2.77    0.00    0.00    2.02    0.00    0.00    0.00   94.96
01:47:07 AM  all    0.00    0.00    5.17    0.00    0.00    4.43    0.00    0.00    0.00   90.39
01:47:08 AM  all    0.00    0.00    5.69    0.00    0.00    3.96    0.00    0.00    0.00   90.35
01:47:09 AM  all    0.00    0.00    4.99    0.00    0.00    3.49    0.00    0.00    0.00   91.52
01:47:10 AM  all    0.24    0.00    6.57    0.00    0.00    4.87    0.00    0.00    0.00   88.32
01:47:11 AM  all    0.25    0.00    4.93    0.00    0.00    3.20    0.00    0.00    0.00   91.63
01:47:12 AM  all    0.00    0.00    5.72    0.00    0.00    3.98    0.00    0.00    0.00   90.30
01:47:13 AM  all    0.72    0.00    6.28    0.00    0.00    4.59    0.00    0.00    0.00   88.41
01:47:14 AM  all    0.00    0.00    6.42    0.00    0.00    3.21    0.00    0.00    0.00   90.37
01:47:15 AM  all    0.24    0.00    7.28    0.00    0.00    4.13    0.00    0.00    0.00   88.35
01:47:16 AM  all    0.24    0.00    6.27    0.00    0.00    4.34    0.00    0.00    0.00   89.16
01:47:17 AM  all    0.00    0.00    5.00    0.00    0.00    3.00    0.00    0.00    0.00   92.00
01:47:18 AM  all    0.25    0.00    5.21    0.00    0.00    2.98    0.00    0.00    0.00   91.56
01:47:19 AM  all    0.00    0.00    5.08    0.00    0.00    3.05    0.00    0.00    0.00   91.88
01:47:20 AM  all    0.00    0.00    4.75    0.00    0.00    3.50    0.00    0.00    0.00   91.75
01:47:21 AM  all    0.00    0.00    5.64    0.00    0.00    4.17    0.00    0.00    0.00   90.20
01:47:22 AM  all    0.00    0.00    5.21    0.00    0.00    4.96    0.00    0.00    0.00   89.83
01:47:23 AM  all    0.00    0.00    4.02    0.00    0.00    2.51    0.00    0.00    0.00   93.47
01:47:24 AM  all    0.25    0.00    7.11    0.00    0.00    4.66    0.00    0.00    0.00   87.99
01:47:25 AM  all    0.25    0.00    4.21    0.00    0.00    3.96    0.00    0.00    0.00   91.58
01:47:26 AM  all    0.00    0.00    6.00    0.00    0.00    4.00    0.00    0.00    0.00   90.00
01:47:27 AM  all    0.99    0.00    6.67    0.00    0.00    3.70    0.00    0.00    0.00   88.64
01:47:28 AM  all    0.24    0.00    6.24    0.00    0.00    3.84    0.00    0.00    0.00   89.69
01:47:29 AM  all    0.25    0.00    5.99    0.00    0.00    3.49    0.00    0.00    0.00   90.27
01:47:30 AM  all    0.24    0.00    5.84    0.00    0.00    4.87    0.00    0.00    0.00   89.05
01:47:31 AM  all    0.00    0.00    5.69    0.00    0.00    4.21    0.00    0.00    0.00   90.10
01:47:32 AM  all    0.25    0.00    4.94    0.00    0.00    3.70    0.00    0.00    0.00   91.11
01:47:33 AM  all    0.00    0.00    3.02    0.00    0.00    2.77    0.00    0.00    0.00   94.21
01:47:34 AM  all    0.00    0.00    3.29    0.00    0.00    4.05    0.00    0.00    0.00   92.66
01:47:35 AM  all    0.00    0.00    3.05    0.00    0.00    2.28    0.00    0.00    0.00   94.67
01:47:36 AM  all    1.03    0.00    4.36    0.00    0.00    2.31    0.00    0.00    0.00   92.31
01:47:37 AM  all    0.25    0.00    5.29    0.00    0.00    2.52    0.00    0.00    0.00   91.94
01:47:38 AM  all    0.00    0.00    4.94    0.00    0.00    3.95    0.00    0.00    0.00   91.11
01:47:39 AM  all    0.25    0.00    5.29    0.00    0.00    3.02    0.00    0.00    0.00   91.44
01:47:40 AM  all    0.25    0.00    4.47    0.00    0.00    4.71    0.00    0.00    0.00   90.57
01:47:41 AM  all    0.00    0.00    3.83    0.00    0.00    3.32    0.00    0.00    0.00   92.86
01:47:42 AM  all    0.00    0.00    5.26    0.00    0.00    2.51    0.00    0.00    0.00   92.23
01:47:43 AM  all    0.00    0.00    4.75    0.00    0.00    2.75    0.00    0.00    0.00   92.50
01:47:44 AM  all    0.51    0.00    4.07    0.00    0.00    3.05    0.00    0.00    0.00   92.37
01:47:45 AM  all    0.25    0.00    4.67    0.00    0.00    4.91    0.00    0.00    0.00   90.17
01:47:46 AM  all    0.00    0.00    6.47    0.00    0.00    3.23    0.00    0.00    0.00   90.30
01:47:47 AM  all    0.00    0.00    4.30    0.00    0.00    3.54    0.00    0.00    0.00   92.15
01:47:48 AM  all    0.00    0.00    8.17    0.00    0.00    3.85    0.00    0.00    0.00   87.98
01:47:49 AM  all    0.25    0.00    6.20    0.00    0.00    2.98    0.00    0.00    0.00   90.57
01:47:50 AM  all    0.00    0.00    5.51    0.00    0.00    3.51    0.00    0.00    0.00   90.98
01:47:51 AM  all    0.00    0.00    5.43    0.25    0.00    3.70    0.00    0.00    0.00   90.62
01:47:52 AM  all    0.00    0.00    4.81    0.00    0.00    3.29    0.00    0.00    0.00   91.90
01:47:53 AM  all    0.25    0.00    4.05    0.00    0.00    3.04    0.00    0.00    0.00   92.66
01:47:54 AM  all    0.00    0.00    5.46    0.00    0.00    4.22    0.00    0.00    0.00   90.32
01:47:55 AM  all    0.00    0.00    5.22    0.00    0.00    3.73    0.00    0.00    0.00   91.04
01:47:56 AM  all    0.50    0.00    5.50    0.00    0.00    3.50    0.00    0.00    0.00   90.50
01:47:57 AM  all    0.00    0.00    3.54    0.00    0.00    3.79    0.00    0.00    0.00   92.68
01:47:58 AM  all    0.25    0.00    3.29    0.00    0.00    4.30    0.00    0.00    0.00   92.15
01:47:59 AM  all    0.00    0.00    4.99    0.00    0.00    3.74    0.00    0.00    0.00   91.27
01:48:00 AM  all    0.49    0.00    4.44    0.00    0.00    5.19    0.00    0.00    0.00   89.88
01:48:01 AM  all    0.00    0.00    5.04    0.25    0.00    2.52    0.00    0.00    0.00   92.19
01:48:02 AM  all    0.50    0.00    3.49    0.00    0.00    2.00    0.00    0.00    0.00   94.01
01:48:03 AM  all    0.00    0.00    5.49    0.00    0.00    2.49    0.00    0.00    0.00   92.02
01:48:04 AM  all    0.25    0.00    5.90    0.00    0.00    3.44    0.00    0.00    0.00   90.42
01:48:05 AM  all    0.00    0.00    5.69    0.00    0.00    3.22    0.00    0.00    0.00   91.09
01:48:06 AM  all    0.00    0.00    5.47    0.00    0.00    3.98    0.00    0.00    0.00   90.55
01:48:07 AM  all    0.00    0.00    4.77    0.00    0.00    3.02    0.00    0.00    0.00   92.21
01:48:08 AM  all    0.25    0.00    4.27    0.00    0.00    3.52    0.00    0.00    0.00   91.96
01:48:09 AM  all    0.25    0.00    4.04    0.00    0.00    3.54    0.00    0.00    0.00   92.17
01:48:10 AM  all    0.25    0.00    4.52    0.00    0.00    3.27    0.00    0.00    0.00   91.96
01:48:11 AM  all    0.25    0.00    5.21    0.00    0.00    4.47    0.00    0.00    0.00   90.07
01:48:12 AM  all    0.50    0.00    4.77    0.00    0.00    3.02    0.00    0.00    0.00   91.71
01:48:13 AM  all    0.00    0.00    3.82    0.00    0.00    3.31    0.00    0.00    0.00   92.88
01:48:14 AM  all    0.00    0.00    2.75    0.00    0.00    2.00    0.00    0.00    0.00   95.25
01:48:15 AM  all    0.51    0.00    3.79    0.00    0.00    3.03    0.00    0.00    0.00   92.68
01:48:16 AM  all    0.25    0.00    5.99    0.00    0.00    3.49    0.00    0.00    0.00   90.27
01:48:17 AM  all    0.49    0.00    4.67    0.00    0.00    3.93    0.00    0.00    0.00   90.91
01:48:18 AM  all    0.00    0.00    4.96    0.00    0.00    4.22    0.00    0.00    0.00   90.82
01:48:19 AM  all    0.25    0.00    4.25    0.00    0.00    3.75    0.00    0.00    0.00   91.75
01:48:20 AM  all    0.00    0.00    4.53    0.00    0.00    3.27    0.00    0.00    0.00   92.19
01:48:21 AM  all    0.00    0.00    6.78    0.00    0.00    5.33    0.00    0.00    0.00   87.89
01:48:22 AM  all    0.00    0.00    4.49    0.00    0.00    2.99    0.00    0.00    0.00   92.52
01:48:23 AM  all    0.25    0.00    5.28    0.00    0.00    3.27    0.00    0.00    0.00   91.21
01:48:24 AM  all    0.24    0.00    4.87    0.00    0.00    3.89    0.00    0.00    0.00   91.00
01:48:25 AM  all    0.25    0.00    2.54    0.00    0.00    2.03    0.00    0.00    0.00   95.18
01:48:26 AM  all    0.25    0.00    4.27    0.00    0.00    2.51    0.00    0.00    0.00   92.96
01:48:27 AM  all    0.98    0.00    4.91    0.00    0.00    4.18    0.00    0.00    0.00   89.93
01:48:28 AM  all    0.00    0.00    4.42    0.00    0.00    4.91    0.00    0.00    0.00   90.66
01:48:29 AM  all    0.25    0.00    2.75    0.00    0.00    3.25    0.00    0.00    0.00   93.75
01:48:30 AM  all    0.00    0.00    3.82    0.00    0.00    2.80    0.00    0.00    0.00   93.38
01:48:31 AM  all    0.00    0.00    3.75    0.00    0.00    3.75    0.00    0.00    0.00   92.50
01:48:32 AM  all    0.25    0.00    3.54    0.00    0.00    1.77    0.00    0.00    0.00   94.44
01:48:33 AM  all    0.00    0.00    4.76    0.00    0.00    4.26    0.00    0.00    0.00   90.98
01:48:34 AM  all    0.00    0.00    3.77    0.00    0.00    1.76    0.00    0.00    0.00   94.47
01:48:35 AM  all    0.25    0.00    5.41    0.00    0.00    4.67    0.00    0.00    0.00   89.68
01:48:36 AM  all    0.25    0.00    3.49    0.00    0.00    1.75    0.00    0.00    0.00   94.51
01:48:37 AM  all    0.25    0.00    5.43    0.00    0.00    3.46    0.00    0.00    0.00   90.86
01:48:38 AM  all    0.25    0.00    5.25    0.00    0.00    3.25    0.00    0.00    0.00   91.25
01:48:39 AM  all    0.24    0.00    4.62    0.00    0.00    3.89    0.00    0.00    0.00   91.24
01:48:40 AM  all    0.00    0.00    3.27    0.00    0.00    4.79    0.00    0.00    0.00   91.94
01:48:41 AM  all    0.00    0.00    3.23    0.00    0.00    3.48    0.00    0.00    0.00   93.28
01:48:42 AM  all    0.24    0.00    5.35    0.00    0.00    5.84    0.00    0.00    0.00   88.56
01:48:43 AM  all    0.24    0.00    6.60    0.00    0.00    4.16    0.00    0.00    0.00   89.00
01:48:44 AM  all    0.00    0.00    5.60    0.00    0.00    4.38    0.00    0.00    0.00   90.02
01:48:45 AM  all    0.25    0.00    5.99    0.00    0.00    3.74    0.00    0.00    0.00   90.02
01:48:46 AM  all    0.25    0.00    5.19    0.00    0.00    3.70    0.00    0.00    0.00   90.86
01:48:47 AM  all    0.25    0.00    3.98    0.00    0.00    4.73    0.00    0.00    0.00   91.04
01:48:48 AM  all    0.25    0.00    4.01    0.00    0.00    3.51    0.00    0.00    0.00   92.23
01:48:49 AM  all    0.25    0.00    3.78    0.00    0.00    3.53    0.00    0.00    0.00   92.44
01:48:50 AM  all    0.00    0.00    4.09    0.00    0.00    3.07    0.00    0.00    0.00   92.84
01:48:51 AM  all    0.00    0.00    4.01    0.25    0.00    3.51    0.00    0.00    0.00   92.23
01:48:52 AM  all    0.00    0.00    5.03    0.00    0.00    3.02    0.00    0.00    0.00   91.96
01:48:53 AM  all    0.50    0.00    5.94    0.00    0.00    3.22    0.00    0.00    0.00   90.35
01:48:54 AM  all    0.00    0.00    5.97    0.00    0.00    3.98    0.00    0.00    0.00   90.05
01:48:55 AM  all    0.26    0.00    4.34    0.00    0.00    2.30    0.00    0.00    0.00   93.11
01:48:56 AM  all    0.25    0.00    4.29    0.00    0.00    2.78    0.00    0.00    0.00   92.68
01:48:57 AM  all    0.25    0.00    4.00    0.00    0.00    3.75    0.00    0.00    0.00   92.00
01:48:58 AM  all    0.25    0.00    4.01    0.00    0.00    2.51    0.00    0.00    0.00   93.23
01:48:59 AM  all    0.25    0.00    5.28    0.00    0.00    3.52    0.00    0.00    0.00   90.95
01:49:00 AM  all    0.00    0.00    4.04    0.00    0.00    3.28    0.00    0.00    0.00   92.68
01:49:01 AM  all    0.00    0.00    4.79    0.00    0.00    2.77    0.00    0.00    0.00   92.44
01:49:02 AM  all    0.00    0.00    3.03    0.00    0.00    2.53    0.00    0.00    0.00   94.44
01:49:03 AM  all    0.25    0.00    2.79    0.00    0.00    3.30    0.00    0.00    0.00   93.65
01:49:04 AM  all    0.49    0.00    5.19    0.00    0.00    4.20    0.00    0.00    0.00   90.12
01:49:05 AM  all    0.00    0.00    4.22    0.00    0.00    3.72    0.00    0.00    0.00   92.06
01:49:06 AM  all    0.50    0.00    4.26    0.00    0.00    3.51    0.00    0.00    0.00   91.73
01:49:07 AM  all    0.25    0.00    3.52    0.00    0.00    2.26    0.00    0.00    0.00   93.97
01:49:08 AM  all    0.00    0.00    3.85    0.00    0.00    1.79    0.00    0.00    0.00   94.36
01:49:09 AM  all    0.25    0.00    5.22    0.00    0.00    3.23    0.00    0.00    0.00   91.29
01:49:10 AM  all    0.00    0.00    4.05    0.00    0.00    3.04    0.00    0.00    0.00   92.91
01:49:11 AM  all    0.25    0.00    4.99    0.00    0.00    2.99    0.00    0.00    0.00   91.77
01:49:12 AM  all    0.25    0.00    4.79    0.00    0.00    2.27    0.00    0.00    0.00   92.70
01:49:13 AM  all    0.25    0.00    5.39    0.00    0.00    4.90    0.00    0.00    0.00   89.46
01:49:14 AM  all    0.00    0.00    4.50    0.00    0.00    4.25    0.00    0.00    0.00   91.25
01:49:15 AM  all    0.00    0.00    3.31    0.00    0.00    3.05    0.00    0.00    0.00   93.64
01:49:16 AM  all    0.25    0.00    4.98    0.00    0.00    4.48    0.00    0.00    0.00   90.30
01:49:17 AM  all    0.25    0.00    4.94    0.00    0.00    3.21    0.00    0.00    0.00   91.60
01:49:18 AM  all    0.00    0.00    4.27    0.00    0.00    3.52    0.00    0.00    0.00   92.21
01:49:19 AM  all    0.00    0.00    4.23    0.00    0.00    4.98    0.00    0.00    0.00   90.80
01:49:20 AM  all    0.50    0.00    4.96    0.00    0.00    3.47    0.00    0.00    0.00   91.07
01:49:21 AM  all    0.00    0.00    5.69    0.00    0.00    3.71    0.00    0.00    0.00   90.59
01:49:22 AM  all    0.00    0.00    4.79    0.00    0.00    3.78    0.00    0.00    0.00   91.44
01:49:23 AM  all    0.25    0.00    3.23    0.00    0.00    2.23    0.00    0.00    0.00   94.29
01:49:24 AM  all    0.00    0.00    4.33    0.00    0.00    3.82    0.00    0.00    0.00   91.86
01:49:25 AM  all    0.25    0.00    5.24    0.00    0.00    3.24    0.00    0.00    0.00   91.27
01:49:26 AM  all    0.50    0.00    6.44    0.00    0.00    3.71    0.00    0.00    0.00   89.36
01:49:27 AM  all    1.25    0.00    5.24    0.00    0.00    3.24    0.00    0.00    0.00   90.27
01:49:28 AM  all    0.00    0.00    4.56    0.00    0.00    3.04    0.00    0.00    0.00   92.41
01:49:29 AM  all    0.00    0.00    4.56    0.00    0.00    3.04    0.00    0.00    0.00   92.41
01:49:30 AM  all    0.00    0.00    3.59    0.00    0.00    3.08    0.00    0.00    0.00   93.33
01:49:31 AM  all    0.25    0.00    4.51    0.00    0.00    3.76    0.00    0.00    0.00   91.48
01:49:32 AM  all    0.00    0.00    4.31    0.00    0.00    3.55    0.00    0.00    0.00   92.13
01:49:33 AM  all    0.00    0.00    5.00    0.00    0.00    3.00    0.00    0.00    0.00   92.00
01:49:34 AM  all    0.00    0.00    5.24    0.00    0.00    3.24    0.00    0.00    0.00   91.52
01:49:35 AM  all    0.50    0.00    3.76    0.00    0.00    3.51    0.00    0.00    0.00   92.23
01:49:36 AM  all    0.00    0.00    5.96    0.00    0.00    3.47    0.00    0.00    0.00   90.57
01:49:37 AM  all    0.75    0.00    3.49    0.00    0.00    1.50    0.00    0.00    0.00   94.26
01:49:38 AM  all    0.25    0.00    4.23    0.00    0.00    2.99    0.00    0.00    0.00   92.54
01:49:39 AM  all    0.24    0.00    6.60    0.00    0.00    4.40    0.00    0.00    0.00   88.75
01:49:40 AM  all    0.25    0.00    3.03    0.00    0.00    3.79    0.00    0.00    0.00   92.93
01:49:41 AM  all    0.25    0.00    4.93    0.25    0.00    4.93    0.00    0.00    0.00   89.66
01:49:42 AM  all    0.00    0.00    4.01    0.00    0.00    3.51    0.00    0.00    0.00   92.48
01:49:43 AM  all    0.00    0.00    4.27    0.00    0.00    4.52    0.00    0.00    0.00   91.21
01:49:44 AM  all    0.25    0.00    4.50    0.00    0.00    4.75    0.00    0.00    0.00   90.50
01:49:45 AM  all    0.00    0.00    3.80    0.00    0.00    4.05    0.00    0.00    0.00   92.15
01:49:46 AM  all    0.00    0.00    5.50    0.00    0.00    4.75    0.00    0.00    0.00   89.75
01:49:47 AM  all    0.25    0.00    3.98    0.00    0.00    3.73    0.00    0.00    0.00   92.04
01:49:48 AM  all    0.00    0.00    3.84    0.00    0.00    2.05    0.00    0.00    0.00   94.12
01:49:49 AM  all    0.00    0.00    4.28    0.00    0.00    4.28    0.00    0.00    0.00   91.44
01:49:50 AM  all    0.25    0.00    5.96    0.00    0.00    3.23    0.00    0.00    0.00   90.57
01:49:51 AM  all    0.25    0.00    4.99    0.00    0.00    3.74    0.00    0.00    0.00   91.02
01:49:52 AM  all    0.00    0.00    4.03    0.00    0.00    3.78    0.00    0.00    0.00   92.19
01:49:53 AM  all    0.25    0.00    4.28    0.00    0.00    3.27    0.00    0.00    0.00   92.19
01:49:54 AM  all    0.00    0.00    5.22    0.00    0.00    3.73    0.00    0.00    0.00   91.04
01:49:55 AM  all    0.25    0.00    3.82    0.00    0.00    3.56    0.00    0.00    0.00   92.37
01:49:56 AM  all    0.25    0.00    6.63    0.00    0.00    4.18    0.00    0.00    0.00   88.94
01:49:57 AM  all    0.25    0.00    4.75    0.00    0.00    2.75    0.00    0.00    0.00   92.25
01:49:58 AM  all    0.25    0.00    5.97    0.00    0.00    3.48    0.00    0.00    0.00   90.30
01:49:59 AM  all    0.00    0.00    4.06    0.00    0.00    2.28    0.00    0.00    0.00   93.65
01:50:00 AM  all    0.00    0.00    4.29    0.00    0.00    3.03    0.00    0.00    0.00   92.68
01:50:01 AM  all    0.00    0.00    4.47    0.00    0.00    4.47    0.00    0.00    0.00   91.07
01:50:02 AM  all    0.00    0.00    3.25    0.00    0.00    2.75    0.00    0.00    0.00   94.00
01:50:03 AM  all    0.00    0.00    4.28    0.00    0.00    3.53    0.00    0.00    0.00   92.19
01:50:04 AM  all    0.00    0.00    4.01    0.00    0.00    2.26    0.00    0.00    0.00   93.73
01:50:05 AM  all    0.00    0.00    3.51    0.25    0.00    4.01    0.00    0.00    0.00   92.23
01:50:06 AM  all    0.00    0.00    3.08    0.00    0.00    3.33    0.00    0.00    0.00   93.59
01:50:07 AM  all    0.00    0.00    3.56    0.00    0.00    1.78    0.00    0.00    0.00   94.66
01:50:08 AM  all    0.25    0.00    4.69    0.00    0.00    3.95    0.00    0.00    0.00   91.11
01:50:09 AM  all    0.73    0.00    3.42    0.00    0.00    1.96    0.00    0.00    0.00   93.89
01:50:10 AM  all    0.00    0.00    4.56    0.00    0.00    2.78    0.00    0.00    0.00   92.66
01:50:11 AM  all    0.00    0.00    4.44    0.25    0.00    4.20    0.00    0.00    0.00   91.11
01:50:12 AM  all    0.26    0.00    3.07    0.00    0.00    1.79    0.00    0.00    0.00   94.88
01:50:13 AM  all    0.00    0.00    6.03    0.00    0.00    2.26    0.00    0.00    0.00   91.71
01:50:14 AM  all    0.25    0.00    3.52    0.00    0.00    3.27    0.00    0.00    0.00   92.96
01:50:15 AM  all    0.00    0.00    5.91    0.00    0.00    4.43    0.00    0.00    0.00   89.66
01:50:16 AM  all    0.25    0.00    5.99    0.00    0.00    2.24    0.00    0.00    0.00   91.52
01:50:17 AM  all    0.00    0.00    4.52    0.00    0.00    3.77    0.00    0.00    0.00   91.71
01:50:18 AM  all    0.25    0.00    3.04    0.00    0.00    4.05    0.00    0.00    0.00   92.66
01:50:19 AM  all    0.00    0.00    4.30    0.00    0.00    2.03    0.00    0.00    0.00   93.67
01:50:20 AM  all    0.00    0.00    5.19    0.00    0.00    4.69    0.00    0.00    0.00   90.12
01:50:21 AM  all    0.00    0.00    3.32    0.00    0.00    2.30    0.00    0.00    0.00   94.39
01:50:22 AM  all    0.00    0.00    6.70    0.00    0.00    3.47    0.00    0.00    0.00   89.83
01:50:23 AM  all    0.25    0.00    5.16    0.00    0.00    4.67    0.00    0.00    0.00   89.93
01:50:24 AM  all    0.00    0.00    3.84    0.00    0.00    2.81    0.00    0.00    0.00   93.35
01:50:25 AM  all    0.25    0.00    5.04    0.00    0.00    3.53    0.00    0.00    0.00   91.18
01:50:26 AM  all    0.00    0.00    5.49    0.00    0.00    2.74    0.00    0.00    0.00   91.77
01:50:27 AM  all    0.78    0.00    3.63    0.00    0.00    3.37    0.00    0.00    0.00   92.23
01:50:28 AM  all    0.25    0.00    5.49    0.00    0.00    2.49    0.00    0.00    0.00   91.77
01:50:29 AM  all    0.50    0.00    6.23    0.00    0.00    2.74    0.00    0.00    0.00   90.52
01:50:30 AM  all    0.50    0.00    4.98    0.00    0.00    3.73    0.00    0.00    0.00   90.80
01:50:31 AM  all    0.00    0.00    4.50    0.00    0.00    3.50    0.00    0.00    0.00   92.00
01:50:32 AM  all    0.00    0.00    4.33    0.00    0.00    3.82    0.00    0.00    0.00   91.86
01:50:33 AM  all    0.00    0.00    4.23    0.00    0.00    4.23    0.00    0.00    0.00   91.54
01:50:34 AM  all    0.00    0.00    5.51    0.00    0.00    3.26    0.00    0.00    0.00   91.23
01:50:35 AM  all    0.25    0.00    5.42    0.00    0.00    3.94    0.00    0.00    0.00   90.39
01:50:36 AM  all    0.75    0.00    4.27    0.00    0.00    2.76    0.00    0.00    0.00   92.21
01:50:37 AM  all    0.00    0.00    4.76    0.00    0.00    4.01    0.00    0.00    0.00   91.23
01:50:38 AM  all    0.00    0.00    2.53    0.00    0.00    3.04    0.00    0.00    0.00   94.43
01:50:39 AM  all    0.25    0.00    5.96    0.00    0.00    2.73    0.00    0.00    0.00   91.07
01:50:40 AM  all    0.25    0.00    3.98    0.00    0.00    3.23    0.00    0.00    0.00   92.54
01:50:41 AM  all    0.25    0.00    4.27    0.00    0.00    2.51    0.00    0.00    0.00   92.96
01:50:42 AM  all    0.00    0.00    2.84    0.00    0.00    2.07    0.00    0.00    0.00   95.09
01:50:43 AM  all    0.00    0.00    3.32    0.00    0.00    2.05    0.00    0.00    0.00   94.63
01:50:44 AM  all    0.00    0.00    5.72    0.00    0.00    4.23    0.00    0.00    0.00   90.05
01:50:45 AM  all    0.00    0.00    5.49    0.00    0.00    2.49    0.00    0.00    0.00   92.02
01:50:46 AM  all    0.00    0.00    4.80    0.00    0.00    2.78    0.00    0.00    0.00   92.42
01:50:47 AM  all    0.00    0.00    5.49    0.00    0.00    3.24    0.00    0.00    0.00   91.27
01:50:48 AM  all    0.25    0.00    4.71    0.00    0.00    3.23    0.00    0.00    0.00   91.81
01:50:49 AM  all    0.00    0.00    3.03    0.00    0.00    5.56    0.00    0.00    0.00   91.41
01:50:50 AM  all    0.25    0.00    5.65    0.00    0.00    3.93    0.00    0.00    0.00   90.17
01:50:51 AM  all    0.51    0.00    4.55    0.25    0.00    3.28    0.00    0.00    0.00   91.41
01:50:52 AM  all    0.00    0.00    3.78    0.00    0.00    4.03    0.00    0.00    0.00   92.19
01:50:53 AM  all    0.00    0.00    4.57    0.00    0.00    3.30    0.00    0.00    0.00   92.13
01:50:54 AM  all    0.25    0.00    4.99    0.00    0.00    3.99    0.00    0.00    0.00   90.77
01:50:55 AM  all    0.00    0.00    3.54    0.00    0.00    3.80    0.00    0.00    0.00   92.66
01:50:56 AM  all    0.51    0.00    4.55    0.00    0.00    3.54    0.00    0.00    0.00   91.41
01:50:57 AM  all    0.00    0.00    5.03    0.00    0.00    3.02    0.00    0.00    0.00   91.96
01:50:58 AM  all    0.49    0.00    5.39    0.00    0.00    4.90    0.00    0.00    0.00   89.22
01:50:59 AM  all    0.25    0.00    4.75    0.00    0.00    4.25    0.00    0.00    0.00   90.75
01:51:00 AM  all    0.25    0.00    4.00    0.00    0.00    3.50    0.00    0.00    0.00   92.25
01:51:01 AM  all    0.25    0.00    5.45    0.00    0.00    3.71    0.00    0.00    0.00   90.59
01:51:02 AM  all    0.00    0.00    2.31    0.00    0.00    2.31    0.00    0.00    0.00   95.37
01:51:03 AM  all    0.25    0.00    3.75    0.00    0.00    4.50    0.00    0.00    0.00   91.50
01:51:04 AM  all    0.00    0.00    4.28    0.00    0.00    3.78    0.00    0.00    0.00   91.94
01:51:05 AM  all    0.25    0.00    5.97    0.00    0.00    3.23    0.00    0.00    0.00   90.55
01:51:06 AM  all    0.00    0.00    5.28    0.00    0.00    3.77    0.00    0.00    0.00   90.95
01:51:07 AM  all    0.25    0.00    4.75    0.00    0.00    2.50    0.00    0.00    0.00   92.50
01:51:08 AM  all    0.00    0.00    3.07    0.00    0.00    2.81    0.00    0.00    0.00   94.12
01:51:09 AM  all    0.00    0.00    5.43    0.00    0.00    3.70    0.00    0.00    0.00   90.86
01:51:10 AM  all    0.25    0.00    4.99    0.00    0.00    2.49    0.00    0.00    0.00   92.27
01:51:11 AM  all    0.00    0.00    4.96    0.00    0.00    2.98    0.00    0.00    0.00   92.06
01:51:12 AM  all    0.00    0.00    4.05    0.00    0.00    2.03    0.00    0.00    0.00   93.92
01:51:13 AM  all    0.25    0.00    3.73    0.00    0.00    3.98    0.00    0.00    0.00   92.04
01:51:14 AM  all    0.00    0.00    6.31    0.00    0.00    4.61    0.00    0.00    0.00   89.08
01:51:15 AM  all    0.25    0.00    5.41    0.00    0.00    3.69    0.00    0.00    0.00   90.66
01:51:16 AM  all    0.49    0.00    5.61    0.00    0.00    4.63    0.00    0.00    0.00   89.27
01:51:17 AM  all    0.00    0.00    3.69    0.00    0.00    5.41    0.00    0.00    0.00   90.91
01:51:18 AM  all    0.50    0.00    3.24    0.00    0.00    3.99    0.00    0.00    0.00   92.27
01:51:19 AM  all    0.00    0.00    3.54    0.00    0.00    3.29    0.00    0.00    0.00   93.16
01:51:20 AM  all    0.25    0.00    5.19    0.00    0.00    3.21    0.00    0.00    0.00   91.36
01:51:21 AM  all    0.00    0.00    3.37    0.00    0.00    1.55    0.00    0.00    0.00   95.08
01:51:22 AM  all    0.25    0.00    5.43    0.00    0.00    3.95    0.00    0.00    0.00   90.37
01:51:23 AM  all    0.25    0.00    4.73    0.00    0.00    2.74    0.00    0.00    0.00   92.29
01:51:24 AM  all    0.00    0.00    5.19    0.00    0.00    4.69    0.00    0.00    0.00   90.12
01:51:25 AM  all    0.25    0.00    5.08    0.00    0.00    3.05    0.00    0.00    0.00   91.62
01:51:26 AM  all    0.00    0.00    5.29    0.00    0.00    3.53    0.00    0.00    0.00   91.18
01:51:27 AM  all    0.75    0.00    5.26    0.00    0.00    4.26    0.00    0.00    0.00   89.72
01:51:28 AM  all    0.25    0.00    5.74    0.00    0.00    2.74    0.00    0.00    0.00   91.27
01:51:29 AM  all    0.00    0.00    3.58    0.00    0.00    2.56    0.00    0.00    0.00   93.86
01:51:30 AM  all    0.25    0.00    4.05    0.00    0.00    2.53    0.00    0.00    0.00   93.16
01:51:31 AM  all    0.00    0.00    3.54    0.00    0.00    3.04    0.00    0.00    0.00   93.42
01:51:32 AM  all    0.00    0.00    4.83    0.00    0.00    2.29    0.00    0.00    0.00   92.88
01:51:33 AM  all    0.25    0.00    6.00    0.00    0.00    2.25    0.00    0.00    0.00   91.50
01:51:34 AM  all    0.26    0.00    2.55    0.00    0.00    3.06    0.00    0.00    0.00   94.13
01:51:35 AM  all    0.00    0.00    4.06    0.00    0.00    3.55    0.00    0.00    0.00   92.39
01:51:36 AM  all    0.00    0.00    3.54    0.00    0.00    3.29    0.00    0.00    0.00   93.16
01:51:37 AM  all    0.25    0.00    5.57    0.00    0.00    3.04    0.00    0.00    0.00   91.14
01:51:38 AM  all    0.50    0.00    4.26    0.00    0.00    3.01    0.00    0.00    0.00   92.23
01:51:39 AM  all    0.00    0.00    2.04    0.00    0.00    2.29    0.00    0.00    0.00   95.67
01:51:40 AM  all    0.24    0.00    5.37    0.00    0.00    3.90    0.00    0.00    0.00   90.49
01:51:41 AM  all    0.25    0.00    2.53    0.00    0.00    2.78    0.00    0.00    0.00   94.43
01:51:42 AM  all    0.00    0.00    3.50    0.00    0.00    4.00    0.00    0.00    0.00   92.50
01:51:43 AM  all    0.00    0.00    3.03    0.00    0.00    3.54    0.00    0.00    0.00   93.43
01:51:44 AM  all    1.00    0.00    3.98    0.00    0.00    2.74    0.00    0.00    0.00   92.29
01:51:45 AM  all    0.00    0.00    3.79    0.00    0.00    2.53    0.00    0.00    0.00   93.69
01:51:46 AM  all    0.25    0.00    4.05    0.00    0.00    2.28    0.00    0.00    0.00   93.42
01:51:47 AM  all    0.25    0.00    5.00    0.00    0.00    4.25    0.00    0.00    0.00   90.50
01:51:48 AM  all    0.00    0.00    3.27    0.00    0.00    3.78    0.00    0.00    0.00   92.95
01:51:49 AM  all    0.00    0.00    5.50    0.00    0.00    3.50    0.00    0.00    0.00   91.00
01:51:50 AM  all    0.25    0.00    4.02    0.00    0.00    3.02    0.00    0.00    0.00   92.71
01:51:51 AM  all    0.00    0.00    3.57    0.00    0.00    2.30    0.00    0.00    0.00   94.13
01:51:52 AM  all    0.00    0.00    6.17    0.00    0.00    4.44    0.00    0.00    0.00   89.38
01:51:53 AM  all    0.25    0.00    3.03    0.00    0.00    3.03    0.00    0.00    0.00   93.69
01:51:54 AM  all    0.00    0.00    5.03    0.00    0.00    3.77    0.00    0.00    0.00   91.21
01:51:55 AM  all    0.00    0.00    3.04    0.00    0.00    1.77    0.00    0.00    0.00   95.19
01:51:56 AM  all    0.25    0.00    4.27    0.00    0.00    3.77    0.00    0.00    0.00   91.71
01:51:57 AM  all    0.00    0.00    5.69    0.00    0.00    4.95    0.00    0.00    0.00   89.36
01:51:58 AM  all    0.51    0.00    3.05    0.00    0.00    2.28    0.00    0.00    0.00   94.16
01:51:59 AM  all    0.00    0.00    7.14    0.00    0.00    3.69    0.00    0.00    0.00   89.16
01:52:00 AM  all    0.00    0.00    3.99    0.00    0.00    2.74    0.00    0.00    0.00   93.27
01:52:01 AM  all    0.00    0.00    6.00    0.00    0.00    3.25    0.00    0.00    0.00   90.75
01:52:02 AM  all    0.00    0.00    4.69    0.00    0.00    4.69    0.00    0.00    0.00   90.62
01:52:03 AM  all    0.00    0.00    4.30    0.00    0.00    2.78    0.00    0.00    0.00   92.91
01:52:04 AM  all    0.49    0.00    6.67    0.00    0.00    3.95    0.00    0.00    0.00   88.89
01:52:05 AM  all    0.00    0.00    3.25    0.00    0.00    3.75    0.00    0.00    0.00   93.00
01:52:06 AM  all    0.25    0.00    5.99    0.00    0.00    3.24    0.00    0.00    0.00   90.52
01:52:07 AM  all    0.00    0.00    5.00    0.00    0.00    3.25    0.00    0.00    0.00   91.75
01:52:08 AM  all    0.00    0.00    5.51    0.00    0.00    3.26    0.00    0.00    0.00   91.23
01:52:09 AM  all    0.25    0.00    4.56    0.00    0.00    3.04    0.00    0.00    0.00   92.15
01:52:10 AM  all    0.00    0.00    4.03    0.00    0.00    2.52    0.00    0.00    0.00   93.45
01:52:11 AM  all    0.00    0.00    4.69    0.00    0.00    4.20    0.00    0.00    0.00   91.11
01:52:12 AM  all    0.00    0.00    3.26    0.00    0.00    2.76    0.00    0.00    0.00   93.98
01:52:13 AM  all    0.00    0.00    5.22    0.00    0.00    2.99    0.00    0.00    0.00   91.79
01:52:14 AM  all    0.00    0.00    4.50    0.00    0.00    2.75    0.00    0.00    0.00   92.75
01:52:15 AM  all    0.00    0.00    4.01    0.00    0.00    2.51    0.00    0.00    0.00   93.48
01:52:16 AM  all    0.00    0.00    4.48    0.00    0.00    3.98    0.00    0.00    0.00   91.54
01:52:17 AM  all    0.25    0.00    5.20    0.00    0.00    3.71    0.00    0.00    0.00   90.84
01:52:18 AM  all    0.00    0.00    3.58    0.00    0.00    2.81    0.00    0.00    0.00   93.61
01:52:19 AM  all    0.25    0.00    3.78    0.00    0.00    3.02    0.00    0.00    0.00   92.95
01:52:20 AM  all    0.00    0.00    3.76    0.00    0.00    4.26    0.00    0.00    0.00   91.98
01:52:21 AM  all    0.00    0.00    2.82    0.26    0.00    2.05    0.00    0.00    0.00   94.87
01:52:22 AM  all    0.00    0.00    3.32    0.00    0.00    3.57    0.00    0.00    0.00   93.11
01:52:23 AM  all    0.25    0.00    4.57    0.00    0.00    3.05    0.00    0.00    0.00   92.13
01:52:24 AM  all    0.00    0.00    3.78    0.00    0.00    3.78    0.00    0.00    0.00   92.44
01:52:25 AM  all    0.49    0.00    6.13    0.00    0.00    3.68    0.00    0.00    0.00   89.71
01:52:26 AM  all    0.00    0.00    4.05    0.00    0.00    3.04    0.00    0.00    0.00   92.91
01:52:27 AM  all    0.75    0.00    4.52    0.00    0.00    3.77    0.00    0.00    0.00   90.95
01:52:28 AM  all    0.00    0.00    4.33    0.00    0.00    3.31    0.00    0.00    0.00   92.37
01:52:29 AM  all    0.00    0.00    3.75    0.00    0.00    4.00    0.00    0.00    0.00   92.25
01:52:30 AM  all    0.00    0.00    5.53    0.00    0.00    2.51    0.00    0.00    0.00   91.96
01:52:31 AM  all    0.00    0.00    3.27    0.00    0.00    4.77    0.00    0.00    0.00   91.96
01:52:32 AM  all    0.00    0.00    5.85    0.00    0.00    5.12    0.00    0.00    0.00   89.02
01:52:33 AM  all    0.00    0.00    4.96    0.00    0.00    3.72    0.00    0.00    0.00   91.32
01:52:34 AM  all    0.50    0.00    4.73    0.00    0.00    3.73    0.00    0.00    0.00   91.04
01:52:35 AM  all    0.00    0.00    6.86    0.00    0.00    3.68    0.00    0.00    0.00   89.46
01:52:36 AM  all    0.25    0.00    4.30    0.00    0.00    2.78    0.00    0.00    0.00   92.66
01:52:37 AM  all    0.25    0.00    4.46    0.00    0.00    4.70    0.00    0.00    0.00   90.59
01:52:38 AM  all    0.25    0.00    4.33    0.00    0.00    2.80    0.00    0.00    0.00   92.62
01:52:39 AM  all    0.00    0.00    2.07    0.00    0.00    3.36    0.00    0.00    0.00   94.57
01:52:40 AM  all    0.25    0.00    4.05    0.00    0.00    3.04    0.00    0.00    0.00   92.66
01:52:41 AM  all    0.00    0.00    3.02    0.25    0.00    3.53    0.00    0.00    0.00   93.20
01:52:42 AM  all    0.00    0.00    4.01    0.00    0.00    3.51    0.00    0.00    0.00   92.48
01:52:43 AM  all    0.25    0.00    5.97    0.00    0.00    2.49    0.00    0.00    0.00   91.29
01:52:44 AM  all    0.00    0.00    3.28    0.00    0.00    3.03    0.00    0.00    0.00   93.69
01:52:45 AM  all    0.25    0.00    5.15    0.00    0.00    3.68    0.00    0.00    0.00   90.93
01:52:46 AM  all    0.00    0.00    3.53    0.00    0.00    2.52    0.00    0.00    0.00   93.95
01:52:47 AM  all    0.25    0.00    6.80    0.00    0.00    1.26    0.00    0.00    0.00   91.69
01:52:48 AM  all    0.25    0.00   72.89    0.00    0.00    0.75    0.00    0.00    0.00   26.12
01:52:49 AM  all    0.00    0.00    0.00    0.00    0.00    0.00    0.00    0.00    0.00  100.00
01:52:50 AM  all    0.00    0.00    0.00    0.00    0.00    0.00    0.00    0.00    0.00  100.00
01:52:51 AM  all    0.00    0.00    0.25    0.00    0.00    0.00    0.00    0.00    0.00   99.75
01:52:52 AM  all    0.00    0.00    0.00    0.00    0.00    0.00    0.00    0.00    0.00  100.00
01:52:53 AM  all    0.00    0.00    0.25    0.00    0.00    0.00    0.00    0.00    0.00   99.75
01:52:54 AM  all    0.00    0.00    0.00    0.00    0.00    0.00    0.00    0.00    0.00  100.00
01:52:55 AM  all    0.00    0.00    0.00    0.00    0.00    0.00    0.00    0.00    0.00  100.00
01:52:56 AM  all    0.00    0.00    0.00    0.00    0.00    0.00    0.00    0.00    0.00  100.00
01:52:57 AM  all    0.00    0.00    0.00    0.00    0.00    0.00    0.00    0.00    0.00  100.00
