Linux 5.15.0-173-generic (csb-bench-host-huawei) 	08/06/2026 	_x86_64_	(4 CPU)

02:57:16 AM  CPU    %usr   %nice    %sys %iowait    %irq   %soft  %steal  %guest  %gnice   %idle
02:57:17 AM  all    8.66    0.00    1.24    0.00    0.00    0.50    0.00    0.00    0.00   89.60
02:57:18 AM  all    8.13    0.00    0.49    0.00    0.00    0.99    0.00    0.00    0.00   90.39
02:57:19 AM  all    6.31    0.00    0.51    0.00    0.00    0.00    0.00    0.00    0.00   93.18
02:57:20 AM  all    7.98    0.00    0.00    0.00    0.00    0.25    0.00    0.00    0.00   91.77
02:57:21 AM  all    5.36    0.00    0.26    0.00    0.00    0.00    0.00    0.00    0.00   94.39
02:57:22 AM  all    6.57    0.00    0.76    0.00    0.00    0.25    0.00    0.00    0.00   92.42
02:57:23 AM  all    6.82    0.00    0.00    0.00    0.00    0.00    0.00    0.00    0.00   93.18
02:57:24 AM  all    7.52    0.00    0.25    0.00    0.00    0.25    0.00    0.00    0.00   91.98
02:57:25 AM  all    7.23    0.00    0.25    0.00    0.00    0.00    0.00    0.00    0.00   92.52
02:57:26 AM  all    6.31    0.00    0.25    0.00    0.00    0.51    0.00    0.00    0.00   92.93
02:57:27 AM  all    7.79    0.00    1.01    0.00    0.00    0.25    0.00    0.00    0.00   90.95
02:57:28 AM  all    7.69    0.00    0.25    0.00    0.00    0.25    0.00    0.00    0.00   91.81
02:57:29 AM  all    6.57    0.00    0.25    0.00    0.00    0.51    0.00    0.00    0.00   92.68
02:57:30 AM  all    7.48    0.00    0.25    0.00    0.00    0.00    0.00    0.00    0.00   92.27
02:57:31 AM  all    5.84    0.00    0.76    0.00    0.00    0.00    0.00    0.00    0.00   93.40
02:57:32 AM  all    6.53    0.00    0.50    0.00    0.00    0.25    0.00    0.00    0.00   92.71
02:57:33 AM  all    7.21    0.00    0.50    0.00    0.00    0.25    0.00    0.00    0.00   92.04
02:57:34 AM  all    7.96    0.00    0.25    0.00    0.00    0.00    0.00    0.00    0.00   91.79
02:57:35 AM  all    6.33    0.00    0.51    0.00    0.00    0.00    0.00    0.00    0.00   93.16
02:57:36 AM  all    7.52    0.00    0.00    0.00    0.00    0.00    0.00    0.00    0.00   92.48
02:57:37 AM  all    7.48    0.00    0.25    0.00    0.00    0.50    0.00    0.00    0.00   91.77
02:57:38 AM  all    6.33    0.00    0.51    0.00    0.00    0.00    0.00    0.00    0.00   93.16
02:57:39 AM  all    6.78    0.00    0.25    0.00    0.00    0.25    0.00    0.00    0.00   92.71
02:57:40 AM  all    6.57    0.00    0.51    0.00    0.00    0.00    0.00    0.00    0.00   92.93
02:57:41 AM  all    6.77    0.00    0.50    0.25    0.00    0.00    0.00    0.00    0.00   92.48
02:57:42 AM  all    8.48    0.00    0.00    0.00    0.00    0.00    0.00    0.00    0.00   91.52
02:57:43 AM  all    5.60    0.00    0.51    0.00    0.00    0.00    0.00    0.00    0.00   93.89
02:57:44 AM  all    7.23    0.00    0.75    0.00    0.00    0.50    0.00    0.00    0.00   91.52
02:57:45 AM  all    6.33    0.00    0.51    0.00    0.00    0.00    0.00    0.00    0.00   93.16
02:57:46 AM  all    7.46    0.00    1.74    1.24    0.00    0.75    0.00    0.00    0.00   88.81
02:57:47 AM  all    6.58    0.00    0.25    0.00    0.00    0.00    0.00    0.00    0.00   93.16
02:57:48 AM  all    5.56    0.00    0.76    0.00    0.00    0.25    0.00    0.00    0.00   93.43
02:57:49 AM  all    5.58    0.00    0.76    0.00    0.00    0.51    0.00    0.00    0.00   93.15
02:57:50 AM  all    7.04    0.00    0.50    0.00    0.00    0.00    0.00    0.00    0.00   92.46
02:57:51 AM  all    6.30    0.00    0.25    0.00    0.00    0.50    0.00    0.00    0.00   92.95
02:57:52 AM  all    6.97    0.00    1.00    0.00    0.00    0.25    0.00    0.00    0.00   91.79
02:57:53 AM  all    5.88    0.00    0.26    0.00    0.00    0.00    0.00    0.00    0.00   93.86
02:57:54 AM  all    5.82    0.00    0.25    0.00    0.00    0.00    0.00    0.00    0.00   93.92
02:57:55 AM  all    5.87    0.00    0.51    0.00    0.00    0.00    0.00    0.00    0.00   93.62
02:57:56 AM  all    6.77    0.00    0.50    0.25    0.00    0.00    0.00    0.00    0.00   92.48
02:57:57 AM  all    6.84    0.00    0.25    0.00    0.00    0.00    0.00    0.00    0.00   92.91
02:57:58 AM  all    8.37    0.00    0.25    0.00    0.00    0.25    0.00    0.00    0.00   91.13
02:57:59 AM  all    7.30    0.00    0.00    0.00    0.00    0.25    0.00    0.00    0.00   92.44
02:58:00 AM  all    7.50    0.00    0.50    0.00    0.00    0.00    0.00    0.00    0.00   92.00
02:58:01 AM  all    7.02    0.00    0.25    0.00    0.00    0.00    0.00    0.00    0.00   92.73
02:58:02 AM  all    6.48    0.00    0.25    0.00    0.00    0.25    0.00    0.00    0.00   93.02
02:58:03 AM  all    7.69    0.00    0.74    0.00    0.00    0.00    0.00    0.00    0.00   91.56
02:58:04 AM  all    6.28    0.00    0.50    0.00    0.00    0.50    0.00    0.00    0.00   92.71
02:58:05 AM  all    7.02    0.00    0.50    0.00    0.00    0.25    0.00    0.00    0.00   92.23
02:58:06 AM  all    5.85    0.00    0.51    0.00    0.00    0.00    0.00    0.00    0.00   93.64
02:58:07 AM  all    6.33    0.00    0.51    0.00    0.00    0.25    0.00    0.00    0.00   92.91
02:58:08 AM  all    7.23    0.00    0.50    0.00    0.00    0.25    0.00    0.00    0.00   92.02
02:58:09 AM  all    6.80    0.00    0.00    0.00    0.00    0.00    0.00    0.00    0.00   93.20
02:58:10 AM  all    6.09    0.00    0.25    0.00    0.00    0.25    0.00    0.00    0.00   93.40
02:58:11 AM  all    6.09    0.00    0.76    0.00    0.00    0.00    0.00    0.00    0.00   93.15
02:58:12 AM  all    8.19    0.00    0.00    0.00    0.00    0.00    0.00    0.00    0.00   91.81
02:58:13 AM  all    8.23    0.00    0.00    0.00    0.00    0.25    0.00    0.00    0.00   91.52
02:58:14 AM  all    6.98    0.00    1.00    0.00    0.00    0.00    0.00    0.00    0.00   92.02
02:58:15 AM  all    7.73    0.00    0.25    0.00    0.00    0.25    0.00    0.00    0.00   91.77
02:58:16 AM  all    6.06    0.00    0.25    0.00    0.00    0.25    0.00    0.00    0.00   93.43
02:58:17 AM  all    8.23    0.00    1.50    0.00    0.00    0.25    0.00    0.00    0.00   90.02
02:58:18 AM  all    7.61    0.00    0.51    0.00    0.00    0.25    0.00    0.00    0.00   91.62
02:58:19 AM  all    9.11    0.00    0.25    0.00    0.00    0.00    0.00    0.00    0.00   90.63
02:58:20 AM  all    9.50    0.00    0.75    0.00    0.00    0.00    0.00    0.00    0.00   89.75
02:58:21 AM  all    9.65    0.00    0.50    0.00    0.00    0.74    0.00    0.00    0.00   89.11
02:58:22 AM  all    8.79    0.00    1.01    0.00    0.00    0.00    0.00    0.00    0.00   90.20
02:58:23 AM  all    8.35    0.00    0.51    0.00    0.00    0.25    0.00    0.00    0.00   90.89
02:58:24 AM  all    7.63    0.00    0.76    0.00    0.00    0.25    0.00    0.00    0.00   91.35
02:58:25 AM  all    8.02    0.00    1.25    0.00    0.00    0.25    0.00    0.00    0.00   90.48
02:58:26 AM  all    9.34    0.00    0.51    0.00    0.00    0.00    0.00    0.00    0.00   90.15
02:58:27 AM  all   10.47    0.00    0.75    0.00    0.00    0.25    0.00    0.00    0.00   88.53
02:58:28 AM  all    8.16    0.00    0.26    0.00    0.00    0.00    0.00    0.00    0.00   91.58
02:58:29 AM  all    8.29    0.00    1.26    0.00    0.00    0.25    0.00    0.00    0.00   90.20
02:58:30 AM  all    7.63    0.00    0.76    0.00    0.00    0.51    0.00    0.00    0.00   91.09
02:58:31 AM  all   10.20    0.00    0.50    0.00    0.00    0.00    0.00    0.00    0.00   89.30
02:58:32 AM  all    9.75    0.00    0.25    0.00    0.00    0.25    0.00    0.00    0.00   89.75
02:58:33 AM  all    7.42    0.00    0.51    0.00    0.00    0.00    0.00    0.00    0.00   92.07
02:58:34 AM  all   10.92    0.00    0.00    0.00    0.00    0.00    0.00    0.00    0.00   89.08
02:58:35 AM  all    8.18    0.00    0.51    0.00    0.00    0.00    0.00    0.00    0.00   91.30
02:58:36 AM  all    9.75    0.00    0.50    0.25    0.00    0.00    0.00    0.00    0.00   89.50
02:58:37 AM  all    8.10    0.00    0.76    0.00    0.00    0.25    0.00    0.00    0.00   90.89
02:58:38 AM  all    8.40    0.00    0.51    0.00    0.00    0.00    0.00    0.00    0.00   91.09
02:58:39 AM  all    9.32    0.00    0.25    0.00    0.00    0.00    0.00    0.00    0.00   90.43
02:58:40 AM  all    9.93    0.00    0.50    0.00    0.00    0.50    0.00    0.00    0.00   89.08
02:58:41 AM  all   10.42    0.00    0.74    0.00    0.00    0.00    0.00    0.00    0.00   88.83
02:58:42 AM  all   10.40    0.00    0.50    0.00    0.00    0.25    0.00    0.00    0.00   88.86
02:58:43 AM  all    9.73    0.00    0.50    0.00    0.00    0.00    0.00    0.00    0.00   89.78
02:58:44 AM  all    9.09    0.00    0.25    0.00    0.00    0.25    0.00    0.00    0.00   90.40
02:58:45 AM  all    8.75    0.00    1.00    0.00    0.00    0.50    0.00    0.00    0.00   89.75
02:58:46 AM  all    8.86    0.00    0.51    0.00    0.00    0.25    0.00    0.00    0.00   90.38
02:58:47 AM  all    8.56    0.00    0.50    0.00    0.00    0.25    0.00    0.00    0.00   90.68
02:58:48 AM  all    9.07    0.00    0.76    0.00    0.00    0.00    0.00    0.00    0.00   90.18
02:58:49 AM  all    8.14    0.00    0.25    0.00    0.00    0.00    0.00    0.00    0.00   91.60
02:58:50 AM  all    8.79    0.00    0.50    0.00    0.00    0.25    0.00    0.00    0.00   90.45
02:58:51 AM  all    7.67    0.00    0.00    0.00    0.00    0.00    0.00    0.00    0.00   92.33
02:58:52 AM  all    8.04    0.00    1.01    0.00    0.00    0.00    0.00    0.00    0.00   90.95
02:58:53 AM  all    8.10    0.00    0.51    0.00    0.00    0.00    0.00    0.00    0.00   91.39
02:58:54 AM  all    7.91    0.00    0.26    0.00    0.00    0.00    0.00    0.00    0.00   91.84
02:58:55 AM  all    8.86    0.00    0.25    0.00    0.00    0.00    0.00    0.00    0.00   90.89
02:58:56 AM  all    9.02    0.00    0.25    0.00    0.00    0.25    0.00    0.00    0.00   90.48
02:58:57 AM  all    8.75    0.00    0.50    0.00    0.00    0.50    0.00    0.00    0.00   90.25
02:58:58 AM  all    7.85    0.00    0.76    0.00    0.00    0.00    0.00    0.00    0.00   91.39
02:58:59 AM  all    8.04    0.00    0.50    0.00    0.00    0.25    0.00    0.00    0.00   91.21
02:59:00 AM  all    8.35    0.00    0.25    0.00    0.00    0.25    0.00    0.00    0.00   91.14
02:59:01 AM  all    6.85    0.00    0.76    0.00    0.00    0.00    0.00    0.00    0.00   92.39
02:59:02 AM  all    7.27    0.00    0.50    0.00    0.00    0.25    0.00    0.00    0.00   91.98
02:59:03 AM  all    9.93    0.00    0.25    0.00    0.00    0.00    0.00    0.00    0.00   89.83
02:59:04 AM  all    9.07    0.00    0.50    0.00    0.00    0.00    0.00    0.00    0.00   90.43
02:59:05 AM  all    8.56    0.00    0.25    0.00    0.00    0.25    0.00    0.00    0.00   90.93
02:59:06 AM  all    7.58    0.00    1.01    0.00    0.00    0.25    0.00    0.00    0.00   91.16
02:59:07 AM  all   10.20    0.00    0.25    0.00    0.00    0.00    0.00    0.00    0.00   89.55
02:59:08 AM  all    8.35    0.00    0.51    0.00    0.00    0.00    0.00    0.00    0.00   91.14
02:59:09 AM  all    7.85    0.00    1.27    0.00    0.00    0.00    0.00    0.00    0.00   90.89
02:59:10 AM  all    7.38    0.00    0.51    0.00    0.00    0.25    0.00    0.00    0.00   91.86
02:59:11 AM  all    7.83    0.00    0.25    0.25    0.00    0.25    0.00    0.00    0.00   91.41
02:59:12 AM  all    9.70    0.00    0.50    0.00    0.00    0.25    0.00    0.00    0.00   89.55
02:59:13 AM  all    7.58    0.00    0.76    0.00    0.00    0.00    0.00    0.00    0.00   91.67
02:59:14 AM  all    8.38    0.00    0.51    0.00    0.00    0.00    0.00    0.00    0.00   91.12
02:59:15 AM  all    8.56    0.00    0.25    0.00    0.00    0.25    0.00    0.00    0.00   90.93
02:59:16 AM  all    8.77    0.00    0.75    0.00    0.00    0.25    0.00    0.00    0.00   90.23
02:59:17 AM  all    7.93    0.00    0.51    0.00    0.00    0.00    0.00    0.00    0.00   91.56
02:59:18 AM  all    9.07    0.00    0.50    0.00    0.00    0.00    0.00    0.00    0.00   90.43
02:59:19 AM  all    8.82    0.00    0.50    0.00    0.00    0.00    0.00    0.00    0.00   90.68
02:59:20 AM  all    7.83    0.00    0.76    0.00    0.00    0.51    0.00    0.00    0.00   90.91
02:59:21 AM  all    9.68    0.00    0.99    0.00    0.00    0.00    0.00    0.00    0.00   89.33
02:59:22 AM  all    9.50    0.00    0.25    0.00    0.00    0.00    0.00    0.00    0.00   90.25
02:59:23 AM  all   10.17    0.00    0.25    0.00    0.00    0.50    0.00    0.00    0.00   89.08
02:59:24 AM  all    7.93    0.00    0.51    0.00    0.00    0.00    0.00    0.00    0.00   91.56
02:59:25 AM  all    8.10    0.00    0.51    0.00    0.00    0.00    0.00    0.00    0.00   91.39
02:59:26 AM  all    8.31    0.00    1.01    0.00    0.00    0.00    0.00    0.00    0.00   90.68
02:59:27 AM  all   10.50    0.00    0.75    0.00    0.00    0.00    0.00    0.00    0.00   88.75
02:59:28 AM  all    8.56    0.00    0.76    0.00    0.00    0.25    0.00    0.00    0.00   90.43
02:59:29 AM  all    9.27    0.00    0.50    0.00    0.00    0.00    0.00    0.00    0.00   90.23
02:59:30 AM  all    7.63    0.00    0.51    0.00    0.00    0.25    0.00    0.00    0.00   91.60
02:59:31 AM  all    7.85    0.00    1.01    0.00    0.00    0.25    0.00    0.00    0.00   90.89
02:59:32 AM  all    8.86    0.00    0.51    0.00    0.00    0.00    0.00    0.00    0.00   90.63
02:59:33 AM  all    7.87    0.00    0.76    0.00    0.00    0.00    0.00    0.00    0.00   91.37
02:59:34 AM  all    6.49    0.00    0.52    0.00    0.00    0.00    0.00    0.00    0.00   92.99
02:59:35 AM  all    9.27    0.00    0.50    0.00    0.00    0.00    0.00    0.00    0.00   90.23
02:59:36 AM  all    8.79    0.00    0.25    0.00    0.00    0.00    0.00    0.00    0.00   90.95
02:59:37 AM  all    9.73    0.00    0.50    0.00    0.00    0.25    0.00    0.00    0.00   89.53
02:59:38 AM  all    7.83    0.00    0.76    0.00    0.00    0.00    0.00    0.00    0.00   91.41
02:59:39 AM  all    9.09    0.00    0.25    0.00    0.00    0.25    0.00    0.00    0.00   90.40
02:59:40 AM  all   10.12    0.00    0.74    0.00    0.00    0.25    0.00    0.00    0.00   88.89
02:59:41 AM  all    9.30    0.00    0.75    0.00    0.00    0.00    0.00    0.00    0.00   89.95
02:59:42 AM  all    9.98    0.00    0.50    0.00    0.00    0.00    0.00    0.00    0.00   89.53
02:59:43 AM  all    9.05    0.00    0.50    0.00    0.00    0.00    0.00    0.00    0.00   90.45
02:59:44 AM  all   11.44    0.00    0.75    0.00    0.00    0.25    0.00    0.00    0.00   87.56
02:59:45 AM  all    9.85    0.00    0.76    0.25    0.00    0.25    0.00    0.00    0.00   88.89
02:59:46 AM  all   14.21    0.00    1.02    0.00    0.00    0.00    0.00    0.00    0.00   84.77
02:59:47 AM  all   21.95    0.00    2.24    0.00    0.00    1.25    0.00    0.00    0.00   74.56
02:59:48 AM  all   25.88    0.00    1.26    0.00    0.00    1.01    0.00    0.00    0.00   71.86
02:59:49 AM  all   26.09    0.00    2.30    0.00    0.00    0.51    0.00    0.00    0.00   71.10
02:59:50 AM  all   28.86    0.00    1.74    0.00    0.00    0.75    0.00    0.00    0.00   68.66
02:59:51 AM  all   28.17    0.00    1.27    0.00    0.00    1.27    0.00    0.00    0.00   69.29
02:59:52 AM  all   29.80    0.00    1.72    0.00    0.00    0.74    0.00    0.00    0.00   67.73
02:59:53 AM  all   28.21    0.00    1.76    0.00    0.00    1.26    0.00    0.00    0.00   68.77
02:59:54 AM  all   26.41    0.00    1.54    0.00    0.00    0.77    0.00    0.00    0.00   71.28
02:59:55 AM  all   26.85    0.00    1.79    0.00    0.00    0.51    0.00    0.00    0.00   70.84
02:59:56 AM  all   25.07    0.00    2.35    0.00    0.00    0.78    0.00    0.00    0.00   71.80
02:59:57 AM  all   26.42    0.00    1.04    0.00    0.00    1.55    0.00    0.00    0.00   70.98
02:59:58 AM  all   29.70    0.00    1.73    0.00    0.00    0.50    0.00    0.00    0.00   68.07
02:59:59 AM  all   29.90    0.00    1.72    0.00    0.00    1.47    0.00    0.00    0.00   66.91
03:00:00 AM  all   28.43    0.00    2.49    0.00    0.00    1.00    0.00    0.00    0.00   68.08
03:00:01 AM  all   21.37    0.00    1.53    0.00    0.00    1.27    0.00    0.00    0.00   75.83
03:00:02 AM  all   26.52    0.00    1.77    0.00    0.00    0.25    0.00    0.00    0.00   71.46
03:00:03 AM  all   29.15    0.00    1.01    0.00    0.00    1.01    0.00    0.00    0.00   68.84
03:00:04 AM  all   31.07    0.00    1.94    0.00    0.00    0.97    0.00    0.00    0.00   66.02
03:00:05 AM  all   28.75    0.00    2.50    0.25    0.00    1.25    0.00    0.00    0.00   67.25
03:00:06 AM  all   27.48    0.00    2.04    0.25    0.00    1.02    0.00    0.00    0.00   69.21
03:00:07 AM  all   28.02    0.00    1.03    0.00    0.00    1.03    0.00    0.00    0.00   69.92
03:00:08 AM  all   27.32    0.00    1.80    0.00    0.00    0.26    0.00    0.00    0.00   70.62
03:00:09 AM  all   28.97    0.00    2.02    0.00    0.00    1.01    0.00    0.00    0.00   68.01
03:00:10 AM  all   29.43    0.00    1.50    0.00    0.00    0.50    0.00    0.00    0.00   68.58
03:00:11 AM  all   29.41    0.00    1.53    0.00    0.00    0.26    0.00    0.00    0.00   68.80
03:00:12 AM  all   26.37    0.00    1.31    0.00    0.00    0.78    0.00    0.00    0.00   71.54
03:00:13 AM  all   28.32    0.00    2.76    0.00    0.00    0.50    0.00    0.00    0.00   68.42
03:00:14 AM  all   29.29    0.00    1.52    0.00    0.00    0.76    0.00    0.00    0.00   68.43
03:00:15 AM  all   28.07    0.00    1.75    0.00    0.00    0.75    0.00    0.00    0.00   69.42
03:00:16 AM  all   29.01    0.00    0.76    0.00    0.00    0.76    0.00    0.00    0.00   69.47
03:00:17 AM  all   25.86    0.00    1.85    0.00    0.00    0.53    0.00    0.00    0.00   71.77
03:00:18 AM  all   26.28    0.00    2.81    0.00    0.00    0.51    0.00    0.00    0.00   70.41
03:00:19 AM  all   25.46    0.00    2.62    0.00    0.00    0.52    0.00    0.00    0.00   71.39
03:00:20 AM  all   28.21    0.00    0.77    0.00    0.00    0.26    0.00    0.00    0.00   70.77
03:00:21 AM  all   25.07    0.00    1.85    0.00    0.00    0.79    0.00    0.00    0.00   72.30
03:00:22 AM  all   27.85    0.00    1.77    0.00    0.00    0.76    0.00    0.00    0.00   69.62
03:00:23 AM  all   28.50    0.00    1.53    0.00    0.00    0.76    0.00    0.00    0.00   69.21
03:00:24 AM  all   27.27    0.00    1.56    0.00    0.00    0.78    0.00    0.00    0.00   70.39
03:00:25 AM  all   28.13    0.00    1.53    0.00    0.00    0.77    0.00    0.00    0.00   69.57
03:00:26 AM  all   26.94    0.00    1.81    0.00    0.00    1.04    0.00    0.00    0.00   70.21
03:00:27 AM  all   28.17    0.00    1.29    0.00    0.00    1.03    0.00    0.00    0.00   69.51
03:00:28 AM  all   28.68    0.00    1.03    0.00    0.00    0.52    0.00    0.00    0.00   69.77
03:00:29 AM  all   28.72    0.00    2.27    0.00    0.00    1.01    0.00    0.00    0.00   68.01
03:00:30 AM  all   25.92    0.00    1.83    0.00    0.00    0.79    0.00    0.00    0.00   71.47
03:00:31 AM  all   26.99    0.00    1.29    0.00    0.00    1.03    0.00    0.00    0.00   70.69
03:00:32 AM  all   25.32    0.00    2.33    0.00    0.00    0.78    0.00    0.00    0.00   71.58
03:00:33 AM  all   26.46    0.00    2.29    0.00    0.00    1.27    0.00    0.00    0.00   69.97
03:00:34 AM  all   30.27    0.00    1.49    0.00    0.00    0.74    0.00    0.00    0.00   67.49
03:00:35 AM  all   27.13    0.00    1.55    0.00    0.00    1.03    0.00    0.00    0.00   70.28
03:00:36 AM  all   28.10    0.00    1.52    0.00    0.00    0.76    0.00    0.00    0.00   69.62
03:00:37 AM  all   27.48    0.00    1.53    0.00    0.00    1.53    0.00    0.00    0.00   69.47
03:00:38 AM  all   29.98    0.00    1.68    0.00    0.00    0.72    0.00    0.00    0.00   67.63
03:00:39 AM  all   26.17    0.00    1.81    0.00    0.00    1.30    0.00    0.00    0.00   70.73
03:00:40 AM  all   26.46    0.00    2.29    0.00    0.00    1.02    0.00    0.00    0.00   70.23
03:00:41 AM  all   29.05    0.00    0.77    0.00    0.00    0.51    0.00    0.00    0.00   69.67
03:00:42 AM  all   27.09    0.00    2.03    0.00    0.00    1.27    0.00    0.00    0.00   69.62
03:00:43 AM  all   27.99    0.00    1.78    0.00    0.00    0.76    0.00    0.00    0.00   69.47
03:00:44 AM  all   30.34    0.00    1.94    0.00    0.00    1.21    0.00    0.00    0.00   66.50
03:00:45 AM  all   27.23    0.00    2.54    0.00    0.00    1.02    0.00    0.00    0.00   69.21
03:00:46 AM  all   28.79    0.00    1.26    0.00    0.00    1.01    0.00    0.00    0.00   68.94
03:00:47 AM  all   25.45    0.00    2.08    0.26    0.00    1.30    0.00    0.00    0.00   70.91
03:00:48 AM  all   29.95    0.00    1.49    0.00    0.00    0.74    0.00    0.00    0.00   67.82
03:00:49 AM  all   28.82    0.00    2.01    0.00    0.00    0.75    0.00    0.00    0.00   68.42
03:00:50 AM  all   29.21    0.00    1.49    0.00    0.00    0.99    0.00    0.00    0.00   68.32
03:00:51 AM  all   28.97    0.00    2.27    0.00    0.00    0.00    0.00    0.00    0.00   68.77
03:00:52 AM  all   25.79    0.00    1.32    0.00    0.00    0.79    0.00    0.00    0.00   72.11
03:00:53 AM  all   29.07    0.00    1.50    0.00    0.00    1.25    0.00    0.00    0.00   68.17
03:00:54 AM  all   27.64    0.00    2.26    0.00    0.00    1.01    0.00    0.00    0.00   69.10
03:00:55 AM  all   28.10    0.00    1.52    0.00    0.00    0.25    0.00    0.00    0.00   70.13
03:00:56 AM  all   28.18    0.00    2.24    0.00    0.00    1.50    0.00    0.00    0.00   68.08
03:00:57 AM  all   28.68    0.00    1.02    0.00    0.00    0.51    0.00    0.00    0.00   69.80
03:00:58 AM  all   29.78    0.00    1.49    0.00    0.00    0.50    0.00    0.00    0.00   68.24
03:00:59 AM  all   30.30    0.00    1.97    0.00    0.00    0.49    0.00    0.00    0.00   67.24
03:01:00 AM  all   29.25    0.00    2.25    0.00    0.00    1.25    0.00    0.00    0.00   67.25
03:01:01 AM  all   23.50    0.00    1.31    0.00    0.00    0.00    0.00    0.00    0.00   75.20
03:01:02 AM  all   26.20    0.00    1.76    0.00    0.00    0.76    0.00    0.00    0.00   71.28
03:01:03 AM  all   31.54    0.00    1.71    0.49    0.00    0.49    0.00    0.00    0.00   65.77
03:01:04 AM  all   27.66    0.00    1.78    0.00    0.00    1.27    0.00    0.00    0.00   69.29
03:01:05 AM  all   27.92    0.00    2.03    0.00    0.00    1.52    0.00    0.00    0.00   68.53
03:01:06 AM  all   30.32    0.00    1.96    0.00    0.00    0.49    0.00    0.00    0.00   67.24
03:01:07 AM  all   29.59    0.00    1.02    0.00    0.00    0.26    0.00    0.00    0.00   69.13
03:01:08 AM  all   28.03    0.00    2.02    0.25    0.00    1.26    0.00    0.00    0.00   68.43
03:01:09 AM  all   30.75    0.00    1.75    0.00    0.00    0.75    0.00    0.00    0.00   66.75
03:01:10 AM  all   28.14    0.00    1.76    0.00    0.00    1.01    0.00    0.00    0.00   69.10
03:01:11 AM  all   29.28    0.00    2.48    0.00    0.00    0.99    0.00    0.00    0.00   67.25
03:01:12 AM  all   27.32    0.00    1.29    0.00    0.00    1.03    0.00    0.00    0.00   70.36
03:01:13 AM  all   27.06    0.00    2.06    0.00    0.00    0.52    0.00    0.00    0.00   70.36
03:01:14 AM  all   26.72    0.00    2.54    0.00    0.00    0.51    0.00    0.00    0.00   70.23
03:01:15 AM  all   28.68    0.00    1.78    0.00    0.00    1.02    0.00    0.00    0.00   68.53
03:01:16 AM  all   30.67    0.00    1.50    0.00    0.00    0.75    0.00    0.00    0.00   67.08
03:01:17 AM  all   25.79    0.00    1.05    0.00    0.00    0.79    0.00    0.00    0.00   72.37
03:01:18 AM  all   28.79    0.00    2.02    0.00    0.00    1.01    0.00    0.00    0.00   68.18
03:01:19 AM  all   27.58    0.00    1.55    0.00    0.00    0.77    0.00    0.00    0.00   70.10
03:01:20 AM  all   29.75    0.00    1.50    0.00    0.00    1.00    0.00    0.00    0.00   67.75
03:01:21 AM  all   30.00    0.00    2.00    0.00    0.00    0.75    0.00    0.00    0.00   67.25
03:01:22 AM  all   27.65    0.00    1.29    0.00    0.00    1.03    0.00    0.00    0.00   70.03
03:01:23 AM  all   28.50    0.00    2.54    0.00    0.00    0.76    0.00    0.00    0.00   68.19
03:01:24 AM  all   28.61    0.00    0.77    0.00    0.00    1.29    0.00    0.00    0.00   69.33
03:01:25 AM  all   27.69    0.00    2.56    0.00    0.00    0.26    0.00    0.00    0.00   69.49
03:01:26 AM  all   29.78    0.00    2.23    0.00    0.00    0.99    0.00    0.00    0.00   67.00
03:01:27 AM  all   30.00    0.00    1.54    0.00    0.00    0.26    0.00    0.00    0.00   68.21
03:01:28 AM  all   29.68    0.00    1.50    0.00    0.00    1.25    0.00    0.00    0.00   67.58
03:01:29 AM  all   28.05    0.00    1.82    0.00    0.00    0.52    0.00    0.00    0.00   69.61
03:01:30 AM  all   30.88    0.00    1.72    0.00    0.00    1.23    0.00    0.00    0.00   66.18
03:01:31 AM  all   28.97    0.00    2.52    0.00    0.00    0.76    0.00    0.00    0.00   67.76
03:01:32 AM  all   26.67    0.00    1.07    0.00    0.00    0.80    0.00    0.00    0.00   71.47
03:01:33 AM  all   27.71    0.00    2.27    0.00    0.00    1.01    0.00    0.00    0.00   69.02
03:01:34 AM  all   28.28    0.00    1.54    0.00    0.00    1.03    0.00    0.00    0.00   69.15
03:01:35 AM  all   32.70    0.00    1.91    0.00    0.00    0.72    0.00    0.00    0.00   64.68
03:01:36 AM  all   27.18    0.00    2.05    0.00    0.00    0.77    0.00    0.00    0.00   70.00
03:01:37 AM  all   28.54    0.00    2.02    0.00    0.00    0.76    0.00    0.00    0.00   68.69
03:01:38 AM  all   30.42    0.00    1.50    0.00    0.00    0.25    0.00    0.00    0.00   67.83
03:01:39 AM  all   29.68    0.00    1.25    0.00    0.00    1.00    0.00    0.00    0.00   68.08
03:01:40 AM  all   24.93    0.00    1.06    0.00    0.00    1.33    0.00    0.00    0.00   72.68
03:01:41 AM  all   30.39    0.00    1.96    0.00    0.00    0.49    0.00    0.00    0.00   67.16
03:01:42 AM  all   28.68    0.00    1.78    0.00    0.00    0.76    0.00    0.00    0.00   68.78
03:01:43 AM  all   29.03    0.00    1.99    0.00    0.00    1.24    0.00    0.00    0.00   67.74
03:01:44 AM  all   27.25    0.00    1.54    0.00    0.00    0.51    0.00    0.00    0.00   70.69
03:01:45 AM  all   29.32    0.00    2.01    0.00    0.00    0.75    0.00    0.00    0.00   67.92
03:01:46 AM  all   23.14    0.00    2.93    0.00    0.00    1.33    0.00    0.00    0.00   72.61
03:01:47 AM  all   29.15    0.00    2.51    0.00    0.00    0.75    0.00    0.00    0.00   67.59
03:01:48 AM  all   29.28    0.00    1.74    0.00    0.00    0.74    0.00    0.00    0.00   68.24
03:01:49 AM  all   25.92    0.00    1.83    0.00    0.00    0.00    0.00    0.00    0.00   72.25
03:01:50 AM  all   26.18    0.00    1.31    0.00    0.00    1.05    0.00    0.00    0.00   71.47
03:01:51 AM  all   29.25    0.00    2.25    0.00    0.00    0.50    0.00    0.00    0.00   68.00
03:01:52 AM  all   27.51    0.00    1.29    0.00    0.00    0.77    0.00    0.00    0.00   70.44
03:01:53 AM  all   28.83    0.00    1.28    0.00    0.00    0.51    0.00    0.00    0.00   69.39
03:01:54 AM  all   27.37    0.00    1.53    0.00    0.00    0.77    0.00    0.00    0.00   70.33
03:01:55 AM  all   27.37    0.00    1.53    0.00    0.00    0.77    0.00    0.00    0.00   70.33
03:01:56 AM  all   28.43    0.00    2.49    0.00    0.00    1.00    0.00    0.00    0.00   68.08
03:01:57 AM  all   28.57    0.00    2.01    0.00    0.00    1.00    0.00    0.00    0.00   68.42
03:01:58 AM  all   28.82    0.00    2.46    0.00    0.00    1.23    0.00    0.00    0.00   67.49
03:01:59 AM  all   26.23    0.00    1.82    0.00    0.00    0.52    0.00    0.00    0.00   71.43
03:02:00 AM  all   29.00    0.00    1.75    0.00    0.00    1.00    0.00    0.00    0.00   68.25
03:02:01 AM  all   21.78    0.00    1.57    0.00    0.00    0.79    0.00    0.00    0.00   75.85
03:02:02 AM  all   23.59    0.00    2.31    0.00    0.00    0.77    0.00    0.00    0.00   73.33
03:02:03 AM  all   26.29    0.00    2.06    0.00    0.00    1.03    0.00    0.00    0.00   70.62
03:02:04 AM  all   29.40    0.00    1.76    0.00    0.00    0.50    0.00    0.00    0.00   68.34
03:02:05 AM  all   27.18    0.00    2.05    0.00    0.00    1.28    0.00    0.00    0.00   69.49
03:02:06 AM  all   29.23    0.00    1.54    0.00    0.00    0.26    0.00    0.00    0.00   68.97
03:02:07 AM  all   28.90    0.00    1.02    0.00    0.00    1.02    0.00    0.00    0.00   69.05
03:02:08 AM  all   26.92    0.00    1.54    0.00    0.00    1.28    0.00    0.00    0.00   70.26
03:02:09 AM  all   29.59    0.00    1.53    0.00    0.00    0.26    0.00    0.00    0.00   68.62
03:02:10 AM  all   28.46    0.00    0.51    0.00    0.00    0.77    0.00    0.00    0.00   70.26
03:02:11 AM  all   27.32    0.00    2.06    0.00    0.00    0.77    0.00    0.00    0.00   69.85
03:02:12 AM  all   25.39    0.00    1.57    0.00    0.00    0.26    0.00    0.00    0.00   72.77
03:02:13 AM  all   26.30    0.00    2.34    0.00    0.00    1.04    0.00    0.00    0.00   70.31
03:02:14 AM  all   30.33    0.00    2.01    0.00    0.00    0.75    0.00    0.00    0.00   66.92
03:02:15 AM  all   29.40    0.00    1.51    0.00    0.00    1.26    0.00    0.00    0.00   67.84
03:02:16 AM  all   26.75    0.00    2.34    0.00    0.00    0.26    0.00    0.00    0.00   70.65
03:02:17 AM  all   25.26    0.00    1.53    0.00    0.00    1.53    0.00    0.00    0.00   71.68
03:02:18 AM  all   31.53    0.00    1.48    0.00    0.00    0.49    0.00    0.00    0.00   66.50
03:02:19 AM  all   27.37    0.00    2.30    0.00    0.00    0.77    0.00    0.00    0.00   69.57
03:02:20 AM  all   29.52    0.00    1.53    0.00    0.00    0.76    0.00    0.00    0.00   68.19
03:02:21 AM  all   30.33    0.00    1.00    0.00    0.00    1.75    0.00    0.00    0.00   66.92
03:02:22 AM  all   26.51    0.00    1.84    0.00    0.00    0.52    0.00    0.00    0.00   71.13
03:02:23 AM  all   27.46    0.00    1.30    0.00    0.00    1.30    0.00    0.00    0.00   69.95
03:02:24 AM  all   28.61    0.00    1.29    0.00    0.00    0.77    0.00    0.00    0.00   69.33
03:02:25 AM  all   29.31    0.00    1.80    0.00    0.00    1.03    0.00    0.00    0.00   67.87
03:02:26 AM  all   29.87    0.00    1.77    0.00    0.00    0.76    0.00    0.00    0.00   67.59
03:02:27 AM  all   29.41    0.00    2.05    0.00    0.00    1.79    0.00    0.00    0.00   66.75
03:02:28 AM  all   29.44    0.00    2.03    0.00    0.00    0.25    0.00    0.00    0.00   68.27
03:02:29 AM  all   28.28    0.00    2.06    0.00    0.00    0.51    0.00    0.00    0.00   69.15
03:02:30 AM  all   30.95    0.00    1.02    0.00    0.00    0.26    0.00    0.00    0.00   67.77
03:02:31 AM  all   29.53    0.00    2.48    0.00    0.00    0.99    0.00    0.00    0.00   67.00
03:02:32 AM  all   29.40    0.00    1.76    0.00    0.00    1.26    0.00    0.00    0.00   67.59
03:02:33 AM  all   27.30    0.00    1.05    0.00    0.00    0.52    0.00    0.00    0.00   71.13
03:02:34 AM  all   28.90    0.00    1.28    0.00    0.00    1.28    0.00    0.00    0.00   68.54
03:02:35 AM  all   30.20    0.00    1.27    0.00    0.00    1.27    0.00    0.00    0.00   67.26
03:02:36 AM  all   28.43    0.00    2.03    0.00    0.00    1.27    0.00    0.00    0.00   68.27
03:02:37 AM  all   29.19    0.00    1.78    0.00    0.00    0.76    0.00    0.00    0.00   68.27
03:02:38 AM  all   26.89    0.00    1.04    0.00    0.00    0.78    0.00    0.00    0.00   71.28
03:02:39 AM  all   30.27    0.00    1.99    0.00    0.00    0.25    0.00    0.00    0.00   67.49
03:02:40 AM  all   31.55    0.00    1.70    0.00    0.00    1.46    0.00    0.00    0.00   65.29
03:02:41 AM  all   29.77    0.00    2.54    0.00    0.00    0.51    0.00    0.00    0.00   67.18
03:02:42 AM  all   30.35    0.00    1.24    0.00    0.00    1.74    0.00    0.00    0.00   66.67
03:02:43 AM  all   30.75    0.00    1.75    0.00    0.00    0.75    0.00    0.00    0.00   66.75
03:02:44 AM  all   30.75    0.00    2.00    0.00    0.00    1.00    0.00    0.00    0.00   66.25
03:02:45 AM  all   32.17    0.00    1.25    0.00    0.00    1.00    0.00    0.00    0.00   65.59
03:02:46 AM  all   27.92    0.00    2.79    0.00    0.00    1.27    0.00    0.00    0.00   68.02
03:02:47 AM  all   29.62    0.00    1.27    0.00    0.00    0.51    0.00    0.00    0.00   68.61
03:02:48 AM  all   29.80    0.00    2.02    0.00    0.00    1.01    0.00    0.00    0.00   67.17
03:02:49 AM  all   30.94    0.00    1.73    0.00    0.00    1.49    0.00    0.00    0.00   65.84
03:02:50 AM  all   31.67    0.00    2.24    0.00    0.00    1.00    0.00    0.00    0.00   65.09
03:02:51 AM  all   29.67    0.00    2.05    0.00    0.00    0.77    0.00    0.00    0.00   67.52
03:02:52 AM  all   28.28    0.00    2.31    0.00    0.00    1.29    0.00    0.00    0.00   68.12
03:02:53 AM  all   28.50    0.00    1.78    0.25    0.00    1.53    0.00    0.00    0.00   67.94
03:02:54 AM  all   29.31    0.00    1.80    0.00    0.00    1.03    0.00    0.00    0.00   67.87
03:02:55 AM  all   29.90    0.00    1.51    0.00    0.00    1.01    0.00    0.00    0.00   67.59
03:02:56 AM  all   31.17    0.00    1.50    0.00    0.00    1.00    0.00    0.00    0.00   66.33
03:02:57 AM  all   30.10    0.00    1.28    0.00    0.00    1.02    0.00    0.00    0.00   67.60
03:02:58 AM  all   29.01    0.00    1.27    0.00    0.00    1.27    0.00    0.00    0.00   68.45
03:02:59 AM  all   30.23    0.00    2.27    0.00    0.00    0.25    0.00    0.00    0.00   67.25
03:03:00 AM  all   27.20    0.00    2.33    0.00    0.00    1.55    0.00    0.00    0.00   68.91
03:03:01 AM  all   24.68    0.00    1.27    0.00    0.00    0.00    0.00    0.00    0.00   74.05
03:03:02 AM  all   26.01    0.00    2.02    0.00    0.00    0.25    0.00    0.00    0.00   71.72
03:03:03 AM  all   27.32    0.00    2.58    0.00    0.00    1.03    0.00    0.00    0.00   69.07
03:03:04 AM  all   30.75    0.00    1.25    0.00    0.00    1.75    0.00    0.00    0.00   66.25
03:03:05 AM  all   31.06    0.00    1.26    0.00    0.00    0.25    0.00    0.00    0.00   67.42
03:03:06 AM  all   31.78    0.00    1.71    0.00    0.00    0.98    0.00    0.00    0.00   65.53
03:03:07 AM  all   28.12    0.00    1.30    0.00    0.00    0.52    0.00    0.00    0.00   70.05
03:03:08 AM  all   29.22    0.00    2.27    0.00    0.00    0.76    0.00    0.00    0.00   67.76
03:03:09 AM  all   30.58    0.00    1.75    0.00    0.00    1.00    0.00    0.00    0.00   66.67
03:03:10 AM  all   28.89    0.00    2.51    0.00    0.00    1.26    0.00    0.00    0.00   67.34
03:03:11 AM  all   32.34    0.00    1.74    0.00    0.00    0.25    0.00    0.00    0.00   65.67
03:03:12 AM  all   29.41    0.00    1.53    0.00    0.00    1.02    0.00    0.00    0.00   68.03
03:03:13 AM  all   29.82    0.00    1.50    0.00    0.00    1.25    0.00    0.00    0.00   67.42
03:03:14 AM  all   30.27    0.00    3.47    0.00    0.00    0.25    0.00    0.00    0.00   66.00
03:03:15 AM  all   28.98    0.00    1.31    0.00    0.00    0.52    0.00    0.00    0.00   69.19
03:03:16 AM  all   30.20    0.00    2.54    0.00    0.00    1.02    0.00    0.00    0.00   66.24
03:03:17 AM  all   29.31    0.00    1.54    0.00    0.00    1.29    0.00    0.00    0.00   67.87
03:03:18 AM  all   27.25    0.00    2.31    0.00    0.00    0.26    0.00    0.00    0.00   70.18
03:03:19 AM  all   30.90    0.00    1.76    0.00    0.00    1.26    0.00    0.00    0.00   66.08
03:03:20 AM  all   27.03    0.00    1.57    0.00    0.00    0.52    0.00    0.00    0.00   70.87
03:03:21 AM  all   30.71    0.00    1.72    0.00    0.00    1.47    0.00    0.00    0.00   66.09
03:03:22 AM  all   29.82    0.00    1.00    0.00    0.00    1.25    0.00    0.00    0.00   67.92
03:03:23 AM  all   28.68    0.00    1.50    0.00    0.00    1.25    0.00    0.00    0.00   68.58
03:03:24 AM  all   26.23    0.00    2.08    0.00    0.00    1.30    0.00    0.00    0.00   70.39
03:03:25 AM  all   28.61    0.00    1.80    0.00    0.00    0.52    0.00    0.00    0.00   69.07
03:03:26 AM  all   29.93    0.00    1.50    0.00    0.00    1.00    0.00    0.00    0.00   67.58
03:03:27 AM  all   30.33    0.00    2.01    0.00    0.00    1.50    0.00    0.00    0.00   66.17
03:03:28 AM  all   29.38    0.00    2.32    0.00    0.00    0.26    0.00    0.00    0.00   68.04
03:03:29 AM  all   26.89    0.00    1.83    0.00    0.00    1.31    0.00    0.00    0.00   69.97
03:03:30 AM  all   28.20    0.00    2.09    0.00    0.00    0.78    0.00    0.00    0.00   68.93
03:03:31 AM  all   30.33    0.00    0.51    0.00    0.00    1.29    0.00    0.00    0.00   67.87
03:03:32 AM  all   28.39    0.00    2.81    0.00    0.00    1.02    0.00    0.00    0.00   67.77
03:03:33 AM  all   27.39    0.00    2.33    0.00    0.00    1.29    0.00    0.00    0.00   68.99
03:03:34 AM  all   29.31    0.00    2.06    0.00    0.00    1.03    0.00    0.00    0.00   67.61
03:03:35 AM  all   31.17    0.00    1.75    0.00    0.00    0.50    0.00    0.00    0.00   66.58
03:03:36 AM  all   30.23    0.00    1.26    0.00    0.00    1.26    0.00    0.00    0.00   67.25
03:03:37 AM  all   29.31    0.00    1.54    0.00    0.00    0.26    0.00    0.00    0.00   68.89
03:03:38 AM  all   29.12    0.00    1.55    0.00    0.00    1.29    0.00    0.00    0.00   68.04
03:03:39 AM  all   29.93    0.00    2.00    0.00    0.00    1.25    0.00    0.00    0.00   66.83
03:03:40 AM  all   29.19    0.00    2.54    0.00    0.00    0.76    0.00    0.00    0.00   67.51
03:03:41 AM  all   29.64    0.00    1.29    0.00    0.00    1.03    0.00    0.00    0.00   68.04
03:03:42 AM  all   29.59    0.00    1.79    0.00    0.00    1.53    0.00    0.00    0.00   67.09
03:03:43 AM  all   29.49    0.00    2.05    0.00    0.00    0.77    0.00    0.00    0.00   67.69
03:03:44 AM  all   29.12    0.00    1.29    0.00    0.00    1.29    0.00    0.00    0.00   68.30
03:03:45 AM  all   31.02    0.00    2.23    0.00    0.00    0.99    0.00    0.00    0.00   65.76
03:03:46 AM  all   30.83    0.00    1.75    0.00    0.00    1.25    0.00    0.00    0.00   66.17
03:03:47 AM  all   30.10    0.00    2.55    0.00    0.00    1.28    0.00    0.00    0.00   66.07
03:03:48 AM  all   30.60    0.00    1.74    0.00    0.00    1.24    0.00    0.00    0.00   66.42
03:03:49 AM  all   28.24    0.00    1.55    0.00    0.00    1.04    0.00    0.00    0.00   69.17
03:03:50 AM  all   32.11    0.00    1.47    0.00    0.00    0.98    0.00    0.00    0.00   65.44
03:03:51 AM  all   30.65    0.00    2.01    0.00    0.00    0.50    0.00    0.00    0.00   66.83
03:03:52 AM  all   29.31    0.00    1.03    0.00    0.00    0.77    0.00    0.00    0.00   68.89
03:03:53 AM  all   29.97    0.00    2.02    0.00    0.00    1.26    0.00    0.00    0.00   66.75
03:03:54 AM  all   30.23    0.00    1.76    0.00    0.00    0.50    0.00    0.00    0.00   67.51
03:03:55 AM  all   29.75    0.00    2.00    0.00    0.00    0.25    0.00    0.00    0.00   68.00
03:03:56 AM  all   29.11    0.00    2.28    0.00    0.00    0.51    0.00    0.00    0.00   68.10
03:03:57 AM  all   29.29    0.00    1.77    0.00    0.00    0.76    0.00    0.00    0.00   68.18
03:03:58 AM  all   28.46    0.00    3.08    0.00    0.00    0.51    0.00    0.00    0.00   67.95
03:03:59 AM  all   30.33    0.00    2.51    0.00    0.00    0.75    0.00    0.00    0.00   66.42
03:04:00 AM  all   31.11    0.00    1.73    0.00    0.00    0.99    0.00    0.00    0.00   66.17
03:04:01 AM  all   29.40    0.00    1.51    0.00    0.00    1.26    0.00    0.00    0.00   67.84
03:04:02 AM  all   26.62    0.00    1.68    0.00    0.00    1.20    0.00    0.00    0.00   70.50
03:04:03 AM  all   30.37    0.00    2.47    0.00    0.00    0.74    0.00    0.00    0.00   66.42
03:04:04 AM  all   30.98    0.00    1.46    0.00    0.00    1.95    0.00    0.00    0.00   65.61
03:04:05 AM  all   32.69    0.00    2.40    0.00    0.00    0.72    0.00    0.00    0.00   64.18
03:04:06 AM  all   30.17    0.00    1.50    0.00    0.00    1.50    0.00    0.00    0.00   66.83
03:04:07 AM  all   31.76    0.00    0.99    0.00    0.00    0.50    0.00    0.00    0.00   66.75
03:04:08 AM  all   28.53    0.00    1.29    0.00    0.00    1.29    0.00    0.00    0.00   68.89
03:04:09 AM  all   31.02    0.00    1.49    0.00    0.00    0.99    0.00    0.00    0.00   66.50
03:04:10 AM  all   31.23    0.00    1.01    0.00    0.00    0.25    0.00    0.00    0.00   67.51
03:04:11 AM  all   28.64    0.00    2.26    0.00    0.00    1.51    0.00    0.00    0.00   67.59
03:04:12 AM  all   29.52    0.00    1.27    0.00    0.00    1.02    0.00    0.00    0.00   68.19
03:04:13 AM  all   28.50    0.00    1.78    0.00    0.00    1.02    0.00    0.00    0.00   68.70
03:04:14 AM  all   27.86    0.00    1.82    0.00    0.00    1.04    0.00    0.00    0.00   69.27
03:04:15 AM  all   29.11    0.00    1.77    0.00    0.00    0.51    0.00    0.00    0.00   68.61
03:04:16 AM  all   29.09    0.00    1.56    0.00    0.00    0.52    0.00    0.00    0.00   68.83
03:04:17 AM  all   27.25    0.00    2.83    0.00    0.00    0.77    0.00    0.00    0.00   69.15
03:04:18 AM  all   29.31    0.00    1.54    0.00    0.00    0.51    0.00    0.00    0.00   68.64
03:04:19 AM  all   27.88    0.00    1.28    0.00    0.00    1.53    0.00    0.00    0.00   69.31
03:04:20 AM  all   29.52    0.00    1.53    0.00    0.00    1.02    0.00    0.00    0.00   67.94
03:04:21 AM  all   27.88    0.00    1.28    0.00    0.00    1.28    0.00    0.00    0.00   69.57
03:04:22 AM  all   28.28    0.00    2.06    0.00    0.00    0.51    0.00    0.00    0.00   69.15
03:04:23 AM  all   27.68    0.00    0.78    0.00    0.00    0.00    0.00    0.00    0.00   71.54
03:04:24 AM  all   25.72    0.00    2.10    0.00    0.00    2.10    0.00    0.00    0.00   70.08
03:04:25 AM  all   28.93    0.00    1.75    0.00    0.00    1.50    0.00    0.00    0.00   67.83
03:04:26 AM  all   25.85    0.00    1.57    0.00    0.00    1.04    0.00    0.00    0.00   71.54
03:04:27 AM  all   29.93    0.00    1.25    0.00    0.00    2.24    0.00    0.00    0.00   66.58
03:04:28 AM  all   29.52    0.00    1.02    0.00    0.00    0.25    0.00    0.00    0.00   69.21
03:04:29 AM  all   25.13    0.00    2.05    0.00    0.00    1.79    0.00    0.00    0.00   71.03
03:04:30 AM  all   28.39    0.00    1.79    0.00    0.00    0.77    0.00    0.00    0.00   69.05
03:04:31 AM  all   28.31    0.00    1.30    0.00    0.00    0.52    0.00    0.00    0.00   69.87
03:04:32 AM  all   29.55    0.00    1.26    0.00    0.00    0.76    0.00    0.00    0.00   68.43
03:04:33 AM  all   26.99    0.00    1.80    0.00    0.00    1.03    0.00    0.00    0.00   70.18
03:04:34 AM  all   27.53    0.00    1.56    0.00    0.00    0.52    0.00    0.00    0.00   70.39
03:04:35 AM  all   25.53    0.00    1.32    0.00    0.00    1.05    0.00    0.00    0.00   72.11
03:04:36 AM  all   25.71    0.00    2.34    0.00    0.00    0.78    0.00    0.00    0.00   71.17
03:04:37 AM  all   28.03    0.00    2.02    0.00    0.00    0.76    0.00    0.00    0.00   69.19
03:04:38 AM  all   27.20    0.00    1.81    0.00    0.00    0.52    0.00    0.00    0.00   70.47
03:04:39 AM  all   27.99    0.00    2.29    0.00    0.00    0.76    0.00    0.00    0.00   68.96
03:04:40 AM  all   26.75    0.00    1.56    0.00    0.00    1.04    0.00    0.00    0.00   70.65
03:04:41 AM  all   27.06    0.00    1.80    0.00    0.00    1.29    0.00    0.00    0.00   69.85
03:04:42 AM  all   26.25    0.00    1.57    0.00    0.00    0.52    0.00    0.00    0.00   71.65
03:04:43 AM  all   28.72    0.00    2.02    0.00    0.00    1.01    0.00    0.00    0.00   68.26
03:04:44 AM  all   29.01    0.00    1.78    0.00    0.00    0.00    0.00    0.00    0.00   69.21
03:04:45 AM  all   28.86    0.00    2.03    0.25    0.00    0.76    0.00    0.00    0.00   68.10
03:04:46 AM  all   29.44    0.00    1.27    0.00    0.00    0.76    0.00    0.00    0.00   68.53
03:04:47 AM  all   29.62    0.00    0.51    0.00    0.00    1.01    0.00    0.00    0.00   68.86
03:04:48 AM  all   29.55    0.00    1.26    0.00    0.00    0.51    0.00    0.00    0.00   68.69
03:04:49 AM  all   26.82    0.00    1.04    0.00    0.00    0.78    0.00    0.00    0.00   71.35
03:04:50 AM  all   29.14    0.00    2.22    0.00    0.00    0.49    0.00    0.00    0.00   68.15
03:04:51 AM  all   28.97    0.00    1.28    0.00    0.00    0.77    0.00    0.00    0.00   68.97
03:04:52 AM  all   27.91    0.00    1.29    0.00    0.00    0.26    0.00    0.00    0.00   70.54
03:04:53 AM  all   26.87    0.00    2.33    0.00    0.00    0.26    0.00    0.00    0.00   70.54
03:04:54 AM  all   27.30    0.00    2.04    0.00    0.00    0.51    0.00    0.00    0.00   70.15
03:04:55 AM  all   25.40    0.00    1.60    0.00    0.00    0.53    0.00    0.00    0.00   72.46
03:04:56 AM  all   25.26    0.00    1.58    0.00    0.00    0.79    0.00    0.00    0.00   72.37
03:04:57 AM  all   27.62    0.00    2.30    0.00    0.00    0.51    0.00    0.00    0.00   69.57
03:04:58 AM  all   27.34    0.00    2.78    0.00    0.00    0.76    0.00    0.00    0.00   69.11
03:04:59 AM  all   26.68    0.00    1.81    0.78    0.00    1.04    0.00    0.00    0.00   69.69
03:05:00 AM  all   27.81    0.00    2.55    0.00    0.00    1.02    0.00    0.00    0.00   68.62
03:05:01 AM  all   25.13    0.00    1.55    0.00    0.00    0.26    0.00    0.00    0.00   73.06
03:05:02 AM  all   25.00    0.00    1.23    0.25    0.00    0.74    0.00    0.00    0.00   72.79
03:05:03 AM  all   29.15    0.00    2.01    0.00    0.00    0.75    0.00    0.00    0.00   68.09
03:05:04 AM  all   30.42    0.00    2.00    0.00    0.00    0.00    0.00    0.00    0.00   67.58
03:05:05 AM  all   28.03    0.00    2.02    0.00    0.00    1.01    0.00    0.00    0.00   68.94
03:05:06 AM  all   29.78    0.00    1.99    0.00    0.00    0.99    0.00    0.00    0.00   67.25
03:05:07 AM  all   28.68    0.00    2.24    0.00    0.00    1.00    0.00    0.00    0.00   68.08
03:05:08 AM  all   28.36    0.00    1.99    0.00    0.00    1.24    0.00    0.00    0.00   68.41
03:05:09 AM  all   27.37    0.00    1.53    0.00    0.00    1.28    0.00    0.00    0.00   69.82
03:05:10 AM  all   27.34    0.00    1.27    0.00    0.00    0.76    0.00    0.00    0.00   70.63
03:05:11 AM  all   29.04    0.00    1.52    0.00    0.00    1.26    0.00    0.00    0.00   68.18
03:05:12 AM  all   27.92    0.00    2.03    0.00    0.00    0.76    0.00    0.00    0.00   69.29
03:05:13 AM  all   30.20    0.00    1.98    0.00    0.00    0.74    0.00    0.00    0.00   67.08
03:05:14 AM  all   29.40    0.00    1.51    0.00    0.00    1.01    0.00    0.00    0.00   68.09
03:05:15 AM  all   28.72    0.00    1.26    0.25    0.00    1.01    0.00    0.00    0.00   68.77
03:05:16 AM  all   31.11    0.00    1.48    0.00    0.00    0.74    0.00    0.00    0.00   66.67
03:05:17 AM  all   25.59    0.00    1.85    0.00    0.00    0.00    0.00    0.00    0.00   72.56
03:05:18 AM  all   29.68    0.00    1.75    0.00    0.00    1.00    0.00    0.00    0.00   67.58
03:05:19 AM  all   28.78    0.00    3.41    0.00    0.00    0.98    0.00    0.00    0.00   66.83
03:05:20 AM  all   25.51    0.00    3.06    0.00    0.00    1.79    0.00    0.00    0.00   69.64
03:05:21 AM  all   27.76    0.00    1.54    0.00    0.00    0.51    0.00    0.00    0.00   70.18
03:05:22 AM  all   27.92    0.00    2.28    0.00    0.00    0.51    0.00    0.00    0.00   69.29
03:05:23 AM  all   26.94    0.00    1.55    0.00    0.00    1.30    0.00    0.00    0.00   70.21
03:05:24 AM  all   28.00    0.00    1.75    0.00    0.00    1.50    0.00    0.00    0.00   68.75
03:05:25 AM  all   27.64    0.00    1.26    0.00    0.00    0.75    0.00    0.00    0.00   70.35
03:05:26 AM  all   26.08    0.00    1.27    0.00    0.00    0.76    0.00    0.00    0.00   71.90
03:05:27 AM  all   24.37    0.00    2.01    0.00    0.00    0.50    0.00    0.00    0.00   73.12
03:05:28 AM  all   18.64    0.00    1.26    0.00    0.00    1.26    0.00    0.00    0.00   78.84
03:05:29 AM  all   14.04    0.00    0.75    0.00    0.00    0.50    0.00    0.00    0.00   84.71
03:05:30 AM  all   10.53    0.00    1.00    0.00    0.00    0.25    0.00    0.00    0.00   88.22
03:05:31 AM  all    6.12    0.00    0.77    0.00    0.00    0.00    0.00    0.00    0.00   93.11
03:05:32 AM  all   10.71    0.00    0.26    0.00    0.00    0.00    0.00    0.00    0.00   89.03
03:05:33 AM  all   31.38    0.00    2.30    0.00    0.00    1.02    0.00    0.00    0.00   65.31
03:05:34 AM  all   29.07    0.00    1.33    0.00    0.00    1.33    0.00    0.00    0.00   68.27
03:05:35 AM  all   31.46    0.00    1.28    0.00    0.00    1.02    0.00    0.00    0.00   66.24
03:05:36 AM  all   31.71    0.00    1.79    0.00    0.00    1.53    0.00    0.00    0.00   64.96
03:05:37 AM  all   32.74    0.00    1.53    0.00    0.00    0.77    0.00    0.00    0.00   64.96
03:05:38 AM  all   30.61    0.00    3.06    0.00    0.00    1.28    0.00    0.00    0.00   65.05
03:05:39 AM  all   33.67    0.00    1.52    0.00    0.00    0.76    0.00    0.00    0.00   64.05
03:05:40 AM  all   31.62    0.00    1.80    0.00    0.00    0.77    0.00    0.00    0.00   65.81
03:05:41 AM  all   31.19    0.00    2.32    0.00    0.00    0.77    0.00    0.00    0.00   65.72
03:05:42 AM  all   31.87    0.00    1.30    0.00    0.00    1.55    0.00    0.00    0.00   65.28
03:05:43 AM  all   31.96    0.00    2.58    0.00    0.00    0.77    0.00    0.00    0.00   64.69
03:05:44 AM  all   33.25    0.00    1.50    0.00    0.00    2.00    0.00    0.00    0.00   63.25
03:05:45 AM  all   32.82    0.00    1.78    0.00    0.00    0.76    0.00    0.00    0.00   64.63
03:05:46 AM  all   32.23    0.00    1.02    0.00    0.00    1.28    0.00    0.00    0.00   65.47
03:05:47 AM  all   31.33    0.00    2.35    0.00    0.00    0.78    0.00    0.00    0.00   65.54
03:05:48 AM  all   31.65    0.00    2.03    0.00    0.00    2.03    0.00    0.00    0.00   64.30
03:05:49 AM  all   32.49    0.00    1.27    0.00    0.00    1.27    0.00    0.00    0.00   64.97
03:05:50 AM  all   32.33    0.00    2.76    0.00    0.00    1.25    0.00    0.00    0.00   63.66
03:05:51 AM  all   31.70    0.00    1.80    0.00    0.00    1.03    0.00    0.00    0.00   65.46
03:05:52 AM  all   30.00    0.00    2.11    0.00    0.00    0.79    0.00    0.00    0.00   67.11
03:05:53 AM  all   33.08    0.00    1.50    0.00    0.00    1.00    0.00    0.00    0.00   64.41
03:05:54 AM  all   30.71    0.00    1.84    0.00    0.00    0.52    0.00    0.00    0.00   66.93
03:05:55 AM  all   33.66    0.00    1.47    0.00    0.00    1.72    0.00    0.00    0.00   63.14
03:05:56 AM  all   31.98    0.00    1.78    0.00    0.00    1.52    0.00    0.00    0.00   64.72
03:05:57 AM  all   33.67    0.00    1.51    0.00    0.00    0.75    0.00    0.00    0.00   64.07
03:05:58 AM  all   32.18    0.00    1.98    0.00    0.00    1.49    0.00    0.00    0.00   64.36
03:05:59 AM  all   30.91    0.00    2.34    0.00    0.00    0.78    0.00    0.00    0.00   65.97
03:06:00 AM  all   33.67    0.00    1.76    0.00    0.00    1.26    0.00    0.00    0.00   63.32
03:06:01 AM  all   26.63    0.00    1.83    0.00    0.00    1.31    0.00    0.00    0.00   70.23
03:06:02 AM  all   24.94    0.00    1.03    0.00    0.00    0.26    0.00    0.00    0.00   73.78
03:06:03 AM  all   31.41    0.00    1.76    0.00    0.00    1.26    0.00    0.00    0.00   65.58
03:06:04 AM  all   31.39    0.00    2.03    0.00    0.00    1.01    0.00    0.00    0.00   65.57
03:06:05 AM  all   32.83    0.00    1.75    0.00    0.00    1.25    0.00    0.00    0.00   64.16
03:06:06 AM  all   30.55    0.00    1.31    0.00    0.00    0.52    0.00    0.00    0.00   67.62
03:06:07 AM  all   29.95    0.00    1.56    0.00    0.00    1.30    0.00    0.00    0.00   67.19
03:06:08 AM  all   29.29    0.00    2.78    0.00    0.00    0.51    0.00    0.00    0.00   67.42
03:06:09 AM  all   30.67    0.00    1.55    0.00    0.00    1.03    0.00    0.00    0.00   66.75
03:06:10 AM  all   30.26    0.00    1.32    0.00    0.00    0.53    0.00    0.00    0.00   67.89
03:06:11 AM  all   30.93    0.00    2.06    0.00    0.00    1.80    0.00    0.00    0.00   65.21
03:06:12 AM  all   31.09    0.00    2.59    0.00    0.00    0.26    0.00    0.00    0.00   66.06
03:06:13 AM  all   33.83    0.00    0.75    0.00    0.00    1.50    0.00    0.00    0.00   63.91
03:06:14 AM  all   30.42    0.00    2.12    0.00    0.00    0.26    0.00    0.00    0.00   67.20
03:06:15 AM  all   34.26    0.00    1.78    0.00    0.00    1.27    0.00    0.00    0.00   62.69
03:06:16 AM  all   33.42    0.00    1.53    0.00    0.00    0.51    0.00    0.00    0.00   64.54
03:06:17 AM  all   31.36    0.00    1.03    0.00    0.00    1.54    0.00    0.00    0.00   66.07
03:06:18 AM  all   31.89    0.00    1.79    0.00    0.00    0.77    0.00    0.00    0.00   65.56
03:06:19 AM  all   29.77    0.00    3.05    0.00    0.00    2.04    0.00    0.00    0.00   65.14
03:06:20 AM  all   31.82    0.00    2.27    0.00    0.00    1.77    0.00    0.00    0.00   64.14
03:06:21 AM  all   32.73    0.00    1.30    0.00    0.00    0.78    0.00    0.00    0.00   65.19
03:06:22 AM  all   32.99    0.00    1.80    0.00    0.00    0.52    0.00    0.00    0.00   64.69
03:06:23 AM  all   34.08    0.00    1.74    0.00    0.00    1.74    0.00    0.00    0.00   62.44
03:06:24 AM  all   29.82    0.00    2.37    0.00    0.00    1.06    0.00    0.00    0.00   66.75
03:06:25 AM  all   31.96    0.00    1.80    0.00    0.00    1.29    0.00    0.00    0.00   64.95
03:06:26 AM  all   32.56    0.00    2.05    0.00    0.00    1.03    0.00    0.00    0.00   64.36
03:06:27 AM  all   33.50    0.00    2.77    0.00    0.00    0.76    0.00    0.00    0.00   62.97
03:06:28 AM  all   32.75    0.00    1.50    0.00    0.00    1.25    0.00    0.00    0.00   64.50
03:06:29 AM  all   31.14    0.00    2.78    0.00    0.00    1.27    0.00    0.00    0.00   64.81
03:06:30 AM  all   32.56    0.00    1.54    0.00    0.00    1.28    0.00    0.00    0.00   64.62
03:06:31 AM  all   34.33    0.00    2.24    0.00    0.00    1.00    0.00    0.00    0.00   62.44
03:06:32 AM  all   30.41    0.00    3.09    0.00    0.00    1.80    0.00    0.00    0.00   64.69
03:06:33 AM  all   32.11    0.00    1.83    0.00    0.00    0.78    0.00    0.00    0.00   65.27
03:06:34 AM  all   30.37    0.00    2.09    0.00    0.00    1.05    0.00    0.00    0.00   66.49
03:06:35 AM  all   33.67    0.00    1.79    0.00    0.00    1.02    0.00    0.00    0.00   63.52
03:06:36 AM  all   30.91    0.00    2.34    0.00    0.00    1.04    0.00    0.00    0.00   65.71
03:06:37 AM  all   34.01    0.00    1.76    0.00    0.00    0.50    0.00    0.00    0.00   63.73
03:06:38 AM  all   33.67    0.00    1.52    0.00    0.00    1.01    0.00    0.00    0.00   63.80
03:06:39 AM  all   34.66    0.00    2.24    0.00    0.00    0.25    0.00    0.00    0.00   62.84
03:06:40 AM  all   32.13    0.00    1.80    0.00    0.00    1.29    0.00    0.00    0.00   64.78
03:06:41 AM  all   31.76    0.00    1.57    0.00    0.00    0.79    0.00    0.00    0.00   65.88
03:06:42 AM  all   33.76    0.00    1.52    0.00    0.00    0.76    0.00    0.00    0.00   63.96
03:06:43 AM  all   31.95    0.00    2.34    0.00    0.00    0.26    0.00    0.00    0.00   65.45
03:06:44 AM  all   31.54    0.00    1.79    0.00    0.00    1.03    0.00    0.00    0.00   65.64
03:06:45 AM  all   34.09    0.00    2.01    0.00    0.00    1.50    0.00    0.00    0.00   62.41
03:06:46 AM  all   34.17    0.00    1.51    0.00    0.00    1.76    0.00    0.00    0.00   62.56
03:06:47 AM  all   32.90    0.00    2.07    0.00    0.00    1.30    0.00    0.00    0.00   63.73
03:06:48 AM  all   33.76    0.00    1.79    0.00    0.00    2.05    0.00    0.00    0.00   62.40
03:06:49 AM  all   32.38    0.00    2.59    0.00    0.00    1.30    0.00    0.00    0.00   63.73
03:06:50 AM  all   31.83    0.00    1.86    0.00    0.00    1.06    0.00    0.00    0.00   65.25
03:06:51 AM  all   33.67    0.00    2.51    0.00    0.00    1.26    0.00    0.00    0.00   62.56
03:06:52 AM  all   34.84    0.00    2.26    0.00    0.00    1.00    0.00    0.00    0.00   61.90
03:06:53 AM  all   33.25    0.00    2.05    0.00    0.00    0.77    0.00    0.00    0.00   63.94
03:06:54 AM  all   31.61    0.00    2.59    0.00    0.00    1.04    0.00    0.00    0.00   64.77
03:06:55 AM  all   34.01    0.00    1.27    0.00    0.00    1.52    0.00    0.00    0.00   63.20
03:06:56 AM  all   35.07    0.00    2.24    0.00    0.00    0.75    0.00    0.00    0.00   61.94
03:06:57 AM  all   31.07    0.00    1.83    0.00    0.00    1.57    0.00    0.00    0.00   65.54
03:06:58 AM  all   30.50    0.00    1.59    0.00    0.00    1.06    0.00    0.00    0.00   66.84
03:06:59 AM  all   33.25    0.00    2.32    0.00    0.00    1.29    0.00    0.00    0.00   63.14
03:07:00 AM  all   33.33    0.00    2.56    0.26    0.00    0.77    0.00    0.00    0.00   63.08
03:07:01 AM  all   28.32    0.00    1.79    0.00    0.00    0.77    0.00    0.00    0.00   69.13
03:07:02 AM  all   29.69    0.00    1.82    0.00    0.00    1.04    0.00    0.00    0.00   67.45
03:07:03 AM  all   31.84    0.00    2.11    0.00    0.00    0.53    0.00    0.00    0.00   65.53
03:07:04 AM  all   33.16    0.00    1.83    0.00    0.00    0.78    0.00    0.00    0.00   64.23
03:07:05 AM  all   32.47    0.00    2.34    0.26    0.00    0.78    0.00    0.00    0.00   64.16
03:07:06 AM  all   34.34    0.00    1.52    0.00    0.00    1.26    0.00    0.00    0.00   62.88
03:07:07 AM  all   34.18    0.00    1.77    0.00    0.00    1.01    0.00    0.00    0.00   63.04
03:07:08 AM  all   31.84    0.00    2.37    0.00    0.00    1.58    0.00    0.00    0.00   64.21
03:07:09 AM  all   33.59    0.00    1.29    0.00    0.00    1.29    0.00    0.00    0.00   63.82
03:07:10 AM  all   34.02    0.00    1.55    0.00    0.00    0.52    0.00    0.00    0.00   63.92
03:07:11 AM  all   33.08    0.00    2.05    0.00    0.00    1.54    0.00    0.00    0.00   63.33
03:07:12 AM  all   33.51    0.00    2.06    0.00    0.00    1.03    0.00    0.00    0.00   63.40
03:07:13 AM  all   35.44    0.00    1.52    0.00    0.00    1.27    0.00    0.00    0.00   61.77
03:07:14 AM  all   35.03    0.00    1.52    0.00    0.00    0.76    0.00    0.00    0.00   62.69
03:07:15 AM  all   35.40    0.00    2.23    0.00    0.00    1.24    0.00    0.00    0.00   61.14
03:07:16 AM  all   32.99    0.00    1.80    0.00    0.00    1.29    0.00    0.00    0.00   63.92
03:07:17 AM  all   34.16    0.00    2.24    0.00    0.00    1.50    0.00    0.00    0.00   62.09
03:07:18 AM  all   32.82    0.00    2.33    0.00    0.00    0.78    0.00    0.00    0.00   64.08
03:07:19 AM  all   32.04    0.00    2.33    0.00    0.00    0.78    0.00    0.00    0.00   64.86
03:07:20 AM  all   32.90    0.00    2.31    0.00    0.00    1.29    0.00    0.00    0.00   63.50
03:07:21 AM  all   34.10    0.00    2.29    0.00    0.00    0.51    0.00    0.00    0.00   63.10
03:07:22 AM  all   35.04    0.00    2.30    0.00    0.00    0.51    0.00    0.00    0.00   62.15
03:07:23 AM  all   34.87    0.00    1.79    0.00    0.00    0.51    0.00    0.00    0.00   62.82
03:07:24 AM  all   34.03    0.00    2.34    0.00    0.00    1.04    0.00    0.00    0.00   62.60
03:07:25 AM  all   36.41    0.00    2.00    0.00    0.00    0.75    0.00    0.00    0.00   60.85
03:07:26 AM  all   36.48    0.00    1.49    0.00    0.00    1.74    0.00    0.00    0.00   60.30
03:07:27 AM  all   35.37    0.00    1.78    0.00    0.00    1.53    0.00    0.00    0.00   61.32
03:07:28 AM  all   35.03    0.00    2.28    0.00    0.00    1.78    0.00    0.00    0.00   60.91
03:07:29 AM  all   32.98    0.00    1.60    0.00    0.00    1.06    0.00    0.00    0.00   64.36
03:07:30 AM  all   34.52    0.00    2.03    0.00    0.00    1.02    0.00    0.00    0.00   62.44
03:07:31 AM  all   35.86    0.00    2.78    0.00    0.00    0.51    0.00    0.00    0.00   60.86
03:07:32 AM  all   32.91    0.00    2.81    0.00    0.00    1.28    0.00    0.00    0.00   63.01
03:07:33 AM  all   34.27    0.00    2.56    0.00    0.00    1.02    0.00    0.00    0.00   62.15
03:07:34 AM  all   36.64    0.00    0.76    0.00    0.00    1.53    0.00    0.00    0.00   61.07
03:07:35 AM  all   34.44    0.00    1.53    0.26    0.00    1.53    0.00    0.00    0.00   62.24
03:07:36 AM  all   35.25    0.00    2.25    0.00    0.00    1.75    0.00    0.00    0.00   60.75
03:07:37 AM  all   32.73    0.00    2.34    0.00    0.00    0.78    0.00    0.00    0.00   64.16
03:07:38 AM  all   32.47    0.00    2.34    0.00    0.00    0.78    0.00    0.00    0.00   64.42
03:07:39 AM  all   34.59    0.00    2.26    0.00    0.00    1.50    0.00    0.00    0.00   61.65
03:07:40 AM  all   34.54    0.00    1.29    0.00    0.00    1.55    0.00    0.00    0.00   62.63
03:07:41 AM  all   35.93    0.00    1.76    0.00    0.00    1.01    0.00    0.00    0.00   61.31
03:07:42 AM  all   35.28    0.00    1.27    0.00    0.00    1.78    0.00    0.00    0.00   61.68
03:07:43 AM  all   33.33    0.00    1.04    0.00    0.00    1.04    0.00    0.00    0.00   64.58
03:07:44 AM  all   35.50    0.00    1.75    0.00    0.00    1.25    0.00    0.00    0.00   61.50
03:07:45 AM  all   36.84    0.00    1.75    0.00    0.00    0.75    0.00    0.00    0.00   60.65
03:07:46 AM  all   32.65    0.00    2.57    0.00    0.00    2.06    0.00    0.00    0.00   62.72
03:07:47 AM  all   35.25    0.00    2.25    0.00    0.00    1.00    0.00    0.00    0.00   61.50
03:07:48 AM  all   31.95    0.00    3.12    0.00    0.00    1.30    0.00    0.00    0.00   63.64
03:07:49 AM  all   31.59    0.00    2.09    0.00    0.00    0.78    0.00    0.00    0.00   65.54
03:07:50 AM  all   34.99    0.00    1.49    0.00    0.00    1.49    0.00    0.00    0.00   62.03
03:07:51 AM  all   33.85    0.00    1.79    0.00    0.00    0.51    0.00    0.00    0.00   63.85
03:07:52 AM  all   31.93    0.00    1.58    0.00    0.00    1.32    0.00    0.00    0.00   65.17
03:07:53 AM  all   33.67    0.00    2.28    0.00    0.00    1.52    0.00    0.00    0.00   62.53
03:07:54 AM  all   33.16    0.00    1.28    0.00    0.00    2.04    0.00    0.00    0.00   63.52
03:07:55 AM  all   35.68    0.00    2.01    0.00    0.00    0.75    0.00    0.00    0.00   61.56
03:07:56 AM  all   33.08    0.00    2.05    0.00    0.00    1.03    0.00    0.00    0.00   63.85
03:07:57 AM  all   36.00    0.00    1.75    0.00    0.00    1.00    0.00    0.00    0.00   61.25
03:07:58 AM  all   35.34    0.00    1.50    0.00    0.00    1.00    0.00    0.00    0.00   62.16
03:07:59 AM  all   32.73    0.00    3.09    0.00    0.00    0.52    0.00    0.00    0.00   63.66
03:08:00 AM  all   35.00    0.00    2.00    0.00    0.00    1.25    0.00    0.00    0.00   61.75
03:08:01 AM  all   24.68    0.00    1.30    0.00    0.00    1.30    0.00    0.00    0.00   72.73
03:08:02 AM  all   33.08    0.00    1.99    0.00    0.00    1.24    0.00    0.00    0.00   63.68
03:08:03 AM  all   33.50    0.00    1.53    0.00    0.00    1.79    0.00    0.00    0.00   63.17
03:08:04 AM  all   32.46    0.00    1.83    0.00    0.00    0.52    0.00    0.00    0.00   65.18
03:08:05 AM  all   33.50    0.00    2.79    0.00    0.00    1.27    0.00    0.00    0.00   62.44
03:08:06 AM  all   32.99    0.00    2.34    0.00    0.00    1.04    0.00    0.00    0.00   63.64
03:08:07 AM  all   32.29    0.00    1.82    0.00    0.00    0.78    0.00    0.00    0.00   65.10
03:08:08 AM  all   33.85    0.00    1.79    0.00    0.00    0.77    0.00    0.00    0.00   63.59
03:08:09 AM  all   34.18    0.00    2.55    0.00    0.00    0.77    0.00    0.00    0.00   62.50
03:08:10 AM  all   32.74    0.00    2.54    0.00    0.00    1.27    0.00    0.00    0.00   63.45
03:08:11 AM  all   33.25    0.00    1.83    0.00    0.00    0.52    0.00    0.00    0.00   64.40
03:08:12 AM  all   33.83    0.00    3.01    0.00    0.00    1.25    0.00    0.00    0.00   61.90
03:08:13 AM  all   32.99    0.00    1.79    0.00    0.00    1.28    0.00    0.00    0.00   63.94
03:08:14 AM  all   34.45    0.00    1.80    0.00    0.00    0.51    0.00    0.00    0.00   63.24
03:08:15 AM  all   34.28    0.00    2.84    0.00    0.00    0.52    0.00    0.00    0.00   62.37
03:08:16 AM  all   31.95    0.00    2.34    0.00    0.00    1.30    0.00    0.00    0.00   64.42
03:08:17 AM  all   32.73    0.00    1.82    0.00    0.00    0.78    0.00    0.00    0.00   64.68
03:08:18 AM  all   32.56    0.00    2.07    0.00    0.00    1.03    0.00    0.00    0.00   64.34
03:08:19 AM  all   32.30    0.00    2.58    0.00    0.00    0.52    0.00    0.00    0.00   64.60
03:08:20 AM  all   33.76    0.00    2.54    0.00    0.00    0.76    0.00    0.00    0.00   62.94
03:08:21 AM  all   34.52    0.00    1.78    0.00    0.00    0.76    0.00    0.00    0.00   62.94
03:08:22 AM  all   34.50    0.00    2.25    0.00    0.00    1.00    0.00    0.00    0.00   62.25
03:08:23 AM  all   32.74    0.00    2.30    0.00    0.00    0.77    0.00    0.00    0.00   64.19
03:08:24 AM  all   33.25    0.00    1.79    0.00    0.00    1.53    0.00    0.00    0.00   63.43
03:08:25 AM  all   33.08    0.00    2.05    0.00    0.00    1.28    0.00    0.00    0.00   63.59
03:08:26 AM  all   33.50    0.00    2.03    0.00    0.00    1.27    0.00    0.00    0.00   63.20
03:08:27 AM  all   34.18    0.00    2.30    0.00    0.00    1.02    0.00    0.00    0.00   62.50
03:08:28 AM  all   33.67    0.00    1.53    0.00    0.00    1.53    0.00    0.00    0.00   63.27
03:08:29 AM  all   32.12    0.00    2.07    0.00    0.00    1.55    0.00    0.00    0.00   64.25
03:08:30 AM  all   33.16    0.00    2.30    0.00    0.00    0.51    0.00    0.00    0.00   64.03
03:08:31 AM  all   33.83    0.00    2.01    0.00    0.00    1.50    0.00    0.00    0.00   62.66
03:08:32 AM  all   32.13    0.00    2.57    0.00    0.00    0.77    0.00    0.00    0.00   64.52
03:08:33 AM  all   31.88    0.00    2.06    0.00    0.00    1.03    0.00    0.00    0.00   65.04
03:08:34 AM  all   34.41    0.00    2.72    0.00    0.00    0.74    0.00    0.00    0.00   62.13
03:08:35 AM  all   31.51    0.00    2.08    0.00    0.00    1.04    0.00    0.00    0.00   65.36
03:08:36 AM  all   34.34    0.00    2.53    0.00    0.00    1.26    0.00    0.00    0.00   61.87
03:08:37 AM  all   32.65    0.00    1.29    0.00    0.00    2.06    0.00    0.00    0.00   64.01
03:08:38 AM  all   31.87    0.00    2.33    0.00    0.00    0.78    0.00    0.00    0.00   65.03
03:08:39 AM  all   33.17    0.00    2.51    0.00    0.00    1.76    0.00    0.00    0.00   62.56
03:08:40 AM  all   32.82    0.00    2.56    0.00    0.00    1.28    0.00    0.00    0.00   63.33
03:08:41 AM  all   32.02    0.00    1.84    0.00    0.00    1.31    0.00    0.00    0.00   64.83
03:08:42 AM  all   34.33    0.00    2.74    0.00    0.00    1.49    0.00    0.00    0.00   61.44
03:08:43 AM  all   34.43    0.00    1.77    0.00    0.00    0.76    0.00    0.00    0.00   63.04
03:08:44 AM  all   35.01    0.00    2.02    0.00    0.00    1.26    0.00    0.00    0.00   61.71
03:08:45 AM  all   33.59    0.00    1.82    0.00    0.00    1.04    0.00    0.00    0.00   63.54
03:08:46 AM  all   34.26    0.00    2.27    0.00    0.00    1.26    0.00    0.00    0.00   62.22
03:08:47 AM  all   33.25    0.00    2.79    0.00    0.00    0.76    0.00    0.00    0.00   63.20
03:08:48 AM  all   35.10    0.00    1.01    0.00    0.00    1.26    0.00    0.00    0.00   62.63
03:08:49 AM  all   32.04    0.00    1.81    0.00    0.00    1.29    0.00    0.00    0.00   64.86
03:08:50 AM  all   33.84    0.00    1.26    0.00    0.00    1.52    0.00    0.00    0.00   63.38
03:08:51 AM  all   34.41    0.00    2.00    0.00    0.00    1.50    0.00    0.00    0.00   62.09
03:08:52 AM  all   33.42    0.00    2.30    0.00    0.00    0.77    0.00    0.00    0.00   63.52
03:08:53 AM  all   34.58    0.00    1.49    0.00    0.00    0.75    0.00    0.00    0.00   63.18
03:08:54 AM  all   31.71    0.00    1.79    0.00    0.00    0.77    0.00    0.00    0.00   65.73
03:08:55 AM  all   31.71    0.00    2.30    0.00    0.00    0.77    0.00    0.00    0.00   65.22
03:08:56 AM  all   32.00    0.00    3.00    0.00    0.00    0.75    0.00    0.00    0.00   64.25
03:08:57 AM  all   34.25    0.00    1.75    0.00    0.00    0.50    0.00    0.00    0.00   63.50
03:08:58 AM  all   30.71    0.00    2.54    0.00    0.00    1.27    0.00    0.00    0.00   65.48
03:08:59 AM  all   34.41    0.00    2.00    0.00    0.00    1.00    0.00    0.00    0.00   62.59
03:09:00 AM  all   32.90    0.00    1.29    0.00    0.00    0.77    0.00    0.00    0.00   65.04
03:09:01 AM  all   27.98    0.00    2.59    0.00    0.00    1.04    0.00    0.00    0.00   68.39
03:09:02 AM  all   28.79    0.00    1.52    0.00    0.00    1.26    0.00    0.00    0.00   68.43
03:09:03 AM  all   33.00    0.00    2.22    0.00    0.00    0.99    0.00    0.00    0.00   63.79
03:09:04 AM  all   31.77    0.00    1.56    0.00    0.00    0.52    0.00    0.00    0.00   66.15
03:09:05 AM  all   32.21    0.00    1.82    0.26    0.00    1.04    0.00    0.00    0.00   64.68
03:09:06 AM  all   30.81    0.00    1.57    0.00    0.00    1.31    0.00    0.00    0.00   66.32
03:09:07 AM  all   35.56    0.00    1.48    0.00    0.00    0.99    0.00    0.00    0.00   61.98
03:09:08 AM  all   32.04    0.00    1.81    0.00    0.00    1.55    0.00    0.00    0.00   64.60
03:09:09 AM  all   33.50    0.00    1.52    0.00    0.00    1.02    0.00    0.00    0.00   63.96
03:09:10 AM  all   31.17    0.00    1.30    0.00    0.00    0.52    0.00    0.00    0.00   67.01
03:09:11 AM  all   33.16    0.00    1.04    0.00    0.00    0.52    0.00    0.00    0.00   65.28
03:09:12 AM  all   31.54    0.00    2.05    0.00    0.00    1.28    0.00    0.00    0.00   65.13
03:09:13 AM  all   33.17    0.00    2.49    0.00    0.00    1.00    0.00    0.00    0.00   63.34
03:09:14 AM  all   33.59    0.00    1.02    0.00    0.00    0.76    0.00    0.00    0.00   64.63
03:09:15 AM  all   32.57    0.00    1.78    0.00    0.00    1.53    0.00    0.00    0.00   64.12
03:09:16 AM  all   32.47    0.00    1.55    0.00    0.00    1.29    0.00    0.00    0.00   64.69
03:09:17 AM  all   34.90    0.00    1.98    0.00    0.00    1.49    0.00    0.00    0.00   61.63
03:09:18 AM  all   32.15    0.00    1.77    0.00    0.00    1.52    0.00    0.00    0.00   64.56
03:09:19 AM  all   33.17    0.00    2.74    0.00    0.00    0.50    0.00    0.00    0.00   63.59
03:09:20 AM  all   32.83    0.00    2.01    0.00    0.00    0.75    0.00    0.00    0.00   64.41
03:09:21 AM  all   31.09    0.00    1.81    0.00    0.00    1.30    0.00    0.00    0.00   65.80
03:09:22 AM  all   30.71    0.00    1.31    0.00    0.00    0.79    0.00    0.00    0.00   67.19
03:09:23 AM  all   32.40    0.00    1.79    0.00    0.00    1.28    0.00    0.00    0.00   64.54
03:09:24 AM  all   31.50    0.00    0.79    0.00    0.00    1.57    0.00    0.00    0.00   66.14
03:09:25 AM  all   32.74    0.00    1.79    0.00    0.00    0.77    0.00    0.00    0.00   64.71
03:09:26 AM  all   31.61    0.00    2.59    0.00    0.00    0.78    0.00    0.00    0.00   65.03
03:09:27 AM  all   33.07    0.00    2.84    0.00    0.00    1.29    0.00    0.00    0.00   62.79
03:09:28 AM  all   31.38    0.00    2.04    0.00    0.00    1.79    0.00    0.00    0.00   64.80
03:09:29 AM  all   30.96    0.00    2.28    0.00    0.00    1.02    0.00    0.00    0.00   65.74
03:09:30 AM  all   31.70    0.00    2.32    0.00    0.00    1.03    0.00    0.00    0.00   64.95
03:09:31 AM  all   31.97    0.00    2.05    0.00    0.00    0.77    0.00    0.00    0.00   65.22
03:09:32 AM  all   31.15    0.00    1.31    0.00    0.00    1.31    0.00    0.00    0.00   66.23
03:09:33 AM  all   30.53    0.00    1.58    0.00    0.00    0.79    0.00    0.00    0.00   67.11
03:09:34 AM  all   29.92    0.00    2.10    0.00    0.00    1.05    0.00    0.00    0.00   66.93
03:09:35 AM  all   32.12    0.00    2.07    0.00    0.00    0.78    0.00    0.00    0.00   65.03
03:09:36 AM  all   32.41    0.00    1.52    0.00    0.00    1.01    0.00    0.00    0.00   65.06
03:09:37 AM  all   31.71    0.00    2.30    0.00    0.00    1.02    0.00    0.00    0.00   64.96
03:09:38 AM  all   32.92    0.00    2.00    0.00    0.00    1.50    0.00    0.00    0.00   63.59
03:09:39 AM  all   33.83    0.00    2.01    0.00    0.00    1.25    0.00    0.00    0.00   62.91
03:09:40 AM  all   31.73    0.00    2.79    0.25    0.00    0.76    0.00    0.00    0.00   64.47
03:09:41 AM  all   33.00    0.00    2.52    0.00    0.00    1.01    0.00    0.00    0.00   63.48
03:09:42 AM  all   33.94    0.00    1.04    0.00    0.00    0.78    0.00    0.00    0.00   64.25
03:09:43 AM  all   32.82    0.00    1.54    0.00    0.00    1.28    0.00    0.00    0.00   64.36
03:09:44 AM  all   32.56    0.00    2.07    0.00    0.00    0.52    0.00    0.00    0.00   64.86
03:09:45 AM  all   32.67    0.00    2.72    0.25    0.00    1.73    0.00    0.00    0.00   62.62
03:09:46 AM  all   33.84    0.00    2.02    0.00    0.00    0.76    0.00    0.00    0.00   63.38
03:09:47 AM  all   33.67    0.00    1.52    0.00    0.00    1.27    0.00    0.00    0.00   63.54
03:09:48 AM  all   32.38    0.00    2.85    0.00    0.00    1.04    0.00    0.00    0.00   63.73
03:09:49 AM  all   31.90    0.00    2.03    0.00    0.00    0.76    0.00    0.00    0.00   65.32
03:09:50 AM  all   33.93    0.00    1.79    0.00    0.00    0.77    0.00    0.00    0.00   63.52
03:09:51 AM  all   34.73    0.00    2.46    0.00    0.00    1.23    0.00    0.00    0.00   61.58
03:09:52 AM  all   33.76    0.00    2.28    0.00    0.00    0.76    0.00    0.00    0.00   63.20
03:09:53 AM  all   32.82    0.00    2.04    0.00    0.00    0.76    0.00    0.00    0.00   64.38
03:09:54 AM  all   34.81    0.00    1.48    0.00    0.00    0.74    0.00    0.00    0.00   62.96
03:09:55 AM  all   32.48    0.00    2.05    0.00    0.00    1.02    0.00    0.00    0.00   64.45
03:09:56 AM  all   32.65    0.00    2.30    0.00    0.00    1.02    0.00    0.00    0.00   64.03
03:09:57 AM  all   34.98    0.00    1.72    0.00    0.00    0.74    0.00    0.00    0.00   62.56
03:09:58 AM  all   32.73    0.00    1.82    0.00    0.00    0.26    0.00    0.00    0.00   65.19
03:09:59 AM  all   33.50    0.00    2.75    0.00    0.00    1.25    0.00    0.00    0.00   62.50
03:10:00 AM  all   34.41    0.00    2.49    0.00    0.00    1.00    0.00    0.00    0.00   62.09
03:10:01 AM  all   30.98    0.00    1.71    0.00    0.00    1.46    0.00    0.00    0.00   65.85
03:10:02 AM  all   26.49    0.00    1.82    0.00    0.00    0.78    0.00    0.00    0.00   70.91
03:10:03 AM  all   34.34    0.00    0.51    0.00    0.00    1.26    0.00    0.00    0.00   63.89
03:10:04 AM  all   32.49    0.00    2.52    0.00    0.00    1.26    0.00    0.00    0.00   63.73
03:10:05 AM  all   33.75    0.00    2.48    0.00    0.00    1.24    0.00    0.00    0.00   62.53
03:10:06 AM  all   33.59    0.00    1.27    0.00    0.00    0.51    0.00    0.00    0.00   64.63
03:10:07 AM  all   33.67    0.00    1.75    0.00    0.00    0.75    0.00    0.00    0.00   63.84
03:10:08 AM  all   32.74    0.00    1.02    0.00    0.00    0.77    0.00    0.00    0.00   65.47
03:10:09 AM  all   31.90    0.00    2.78    0.00    0.00    1.27    0.00    0.00    0.00   64.05
03:10:10 AM  all   32.48    0.00    1.79    0.00    0.00    1.02    0.00    0.00    0.00   64.71
03:10:11 AM  all   33.08    0.00    1.77    0.00    0.00    1.52    0.00    0.00    0.00   63.64
03:10:12 AM  all   31.84    0.00    1.58    0.00    0.00    0.79    0.00    0.00    0.00   65.79
03:10:13 AM  all   30.47    0.00    1.56    0.00    0.00    1.30    0.00    0.00    0.00   66.67
03:10:14 AM  all   33.16    0.00    2.03    0.00    0.00    1.01    0.00    0.00    0.00   63.80
03:10:15 AM  all   33.58    0.00    2.49    0.00    0.00    1.49    0.00    0.00    0.00   62.44
03:10:16 AM  all   32.82    0.00    2.54    0.00    0.00    0.76    0.00    0.00    0.00   63.87
03:10:17 AM  all   34.80    0.00    2.70    0.00    0.00    0.98    0.00    0.00    0.00   61.52
03:10:18 AM  all   33.17    0.00    1.75    0.00    0.00    2.24    0.00    0.00    0.00   62.84
03:10:19 AM  all   32.65    0.00    1.28    0.00    0.00    1.02    0.00    0.00    0.00   65.05
03:10:20 AM  all   32.74    0.00    2.05    0.00    0.00    1.28    0.00    0.00    0.00   63.94
03:10:21 AM  all   33.16    0.00    1.77    0.00    0.00    1.01    0.00    0.00    0.00   64.05
03:10:22 AM  all   34.83    0.00    2.49    0.00    0.00    0.75    0.00    0.00    0.00   61.94
03:10:23 AM  all   34.84    0.00    2.01    0.00    0.00    0.25    0.00    0.00    0.00   62.91
03:10:24 AM  all   34.25    0.00    2.50    0.00    0.00    1.25    0.00    0.00    0.00   62.00
03:10:25 AM  all   34.41    0.00    2.49    0.00    0.00    1.00    0.00    0.00    0.00   62.09
03:10:26 AM  all   35.66    0.00    2.00    0.00    0.00    1.00    0.00    0.00    0.00   61.35
03:10:27 AM  all   36.39    0.00    1.98    0.00    0.00    1.24    0.00    0.00    0.00   60.40
03:10:28 AM  all   34.10    0.00    2.04    0.00    0.00    1.02    0.00    0.00    0.00   62.85
03:10:29 AM  all   34.20    0.00    1.30    0.00    0.00    0.52    0.00    0.00    0.00   63.99
03:10:30 AM  all   33.33    0.00    1.78    0.00    0.00    1.02    0.00    0.00    0.00   63.87
03:10:31 AM  all   34.17    0.00    2.01    0.00    0.00    1.76    0.00    0.00    0.00   62.06
03:10:32 AM  all   32.37    0.00    1.32    0.00    0.00    1.05    0.00    0.00    0.00   65.26
03:10:33 AM  all   31.77    0.00    2.08    0.00    0.00    1.30    0.00    0.00    0.00   64.84
03:10:34 AM  all   32.28    0.00    1.31    0.00    0.00    1.84    0.00    0.00    0.00   64.57
03:10:35 AM  all   33.25    0.00    2.54    0.00    0.00    1.02    0.00    0.00    0.00   63.20
03:10:36 AM  all   31.81    0.00    2.54    0.00    0.00    1.78    0.00    0.00    0.00   63.87
03:10:37 AM  all   33.08    0.00    2.27    0.00    0.00    1.26    0.00    0.00    0.00   63.38
03:10:38 AM  all   31.59    0.00    1.57    0.00    0.00    1.31    0.00    0.00    0.00   65.54
03:10:39 AM  all   34.09    0.00    2.27    0.00    0.00    0.51    0.00    0.00    0.00   63.13
03:10:40 AM  all   35.61    0.00    1.52    0.00    0.00    0.76    0.00    0.00    0.00   62.12
03:10:41 AM  all   32.91    0.00    2.55    0.00    0.00    0.77    0.00    0.00    0.00   63.78
03:10:42 AM  all   33.75    0.00    2.27    0.00    0.00    1.01    0.00    0.00    0.00   62.97
03:10:43 AM  all   34.19    0.00    1.29    0.00    0.00    1.03    0.00    0.00    0.00   63.50
03:10:44 AM  all   35.91    0.00    1.75    0.00    0.00    1.00    0.00    0.00    0.00   61.35
03:10:45 AM  all   33.33    0.00    1.55    0.00    0.00    1.03    0.00    0.00    0.00   64.08
03:10:46 AM  all   31.77    0.00    2.34    0.26    0.00    1.04    0.00    0.00    0.00   64.58
03:10:47 AM  all   33.51    0.00    1.82    0.00    0.00    1.04    0.00    0.00    0.00   63.64
03:10:48 AM  all   35.14    0.00    2.21    0.00    0.00    0.74    0.00    0.00    0.00   61.92
03:10:49 AM  all   34.02    0.00    1.79    0.00    0.00    1.02    0.00    0.00    0.00   63.17
03:10:50 AM  all   31.48    0.00    1.85    0.00    0.00    1.06    0.00    0.00    0.00   65.61
03:10:51 AM  all   35.82    0.00    1.49    0.00    0.00    1.24    0.00    0.00    0.00   61.44
03:10:52 AM  all   33.07    0.00    1.55    0.00    0.00    1.81    0.00    0.00    0.00   63.57
03:10:53 AM  all   32.32    0.00    2.54    0.00    0.00    0.76    0.00    0.00    0.00   64.38
03:10:54 AM  all   33.42    0.00    1.77    0.00    0.00    1.27    0.00    0.00    0.00   63.54
03:10:55 AM  all   33.08    0.00    2.56    0.00    0.00    0.26    0.00    0.00    0.00   64.10
03:10:56 AM  all   33.08    0.00    2.04    0.00    0.00    1.27    0.00    0.00    0.00   63.61
03:10:57 AM  all   34.94    0.00    1.77    0.00    0.00    0.76    0.00    0.00    0.00   62.53
03:10:58 AM  all   34.76    0.00    1.26    0.00    0.00    1.26    0.00    0.00    0.00   62.72
03:10:59 AM  all   34.77    0.00    1.78    0.00    0.00    1.02    0.00    0.00    0.00   62.44
03:11:00 AM  all   37.99    0.00    1.96    0.00    0.00    0.74    0.00    0.00    0.00   59.31
03:11:01 AM  all   33.42    0.00    1.27    0.00    0.00    0.51    0.00    0.00    0.00   64.81
03:11:02 AM  all   26.53    0.00    1.79    0.00    0.00    0.51    0.00    0.00    0.00   71.17
03:11:03 AM  all   34.45    0.00    1.03    0.00    0.00    1.29    0.00    0.00    0.00   63.24
03:11:04 AM  all   33.92    0.00    2.28    0.00    0.00    1.27    0.00    0.00    0.00   62.53
03:11:05 AM  all   34.34    0.00    2.76    0.00    0.00    0.75    0.00    0.00    0.00   62.16
03:11:06 AM  all   35.12    0.00    2.44    0.00    0.00    1.22    0.00    0.00    0.00   61.22
03:11:07 AM  all   34.60    0.00    2.02    0.00    0.00    0.76    0.00    0.00    0.00   62.63
03:11:08 AM  all   33.33    0.00    2.27    0.00    0.00    1.26    0.00    0.00    0.00   63.13
03:11:09 AM  all   35.00    0.00    2.00    0.00    0.00    1.25    0.00    0.00    0.00   61.75
03:11:10 AM  all   32.21    0.00    2.08    0.00    0.00    1.04    0.00    0.00    0.00   64.68
03:11:11 AM  all   33.92    0.00    2.24    0.00    0.00    0.75    0.00    0.00    0.00   63.09
03:11:12 AM  all   31.14    0.00    2.03    0.00    0.00    0.51    0.00    0.00    0.00   66.33
03:11:13 AM  all   28.54    0.00    1.52    0.00    0.00    1.01    0.00    0.00    0.00   68.94
03:11:14 AM  all   28.04    0.00    1.74    0.00    0.00    0.50    0.00    0.00    0.00   69.73
03:11:15 AM  all   20.51    0.00    1.01    0.00    0.00    0.76    0.00    0.00    0.00   77.72
03:11:16 AM  all   16.28    0.00    0.76    0.00    0.00    0.00    0.00    0.00    0.00   82.95
03:11:17 AM  all    2.51    0.00    0.50    0.00    0.00    0.25    0.00    0.00    0.00   96.74
03:11:18 AM  all    2.01    0.00    0.00    0.00    0.00    0.00    0.00    0.00    0.00   97.99
03:11:19 AM  all   13.03    0.00    1.00    0.00    0.00    0.00    0.00    0.00    0.00   85.96
03:11:20 AM  all   18.04    0.00    1.29    0.00    0.00    0.52    0.00    0.00    0.00   80.15
03:11:21 AM  all   19.59    0.00    0.76    0.00    0.00    1.02    0.00    0.00    0.00   78.63
03:11:22 AM  all   20.95    0.00    1.75    0.00    0.00    0.00    0.00    0.00    0.00   77.31
03:11:23 AM  all   20.20    0.00    1.01    0.00    0.00    0.51    0.00    0.00    0.00   78.28
03:11:24 AM  all   23.10    0.00    1.23    0.00    0.00    0.00    0.00    0.00    0.00   75.68
03:11:25 AM  all   18.39    0.00    1.30    0.00    0.00    0.78    0.00    0.00    0.00   79.53
03:11:26 AM  all   20.87    0.00    0.76    0.25    0.00    0.00    0.00    0.00    0.00   78.12
03:11:27 AM  all   20.80    0.00    2.01    0.00    0.00    1.00    0.00    0.00    0.00   76.19
03:11:28 AM  all   22.41    0.00    1.72    0.00    0.00    0.49    0.00    0.00    0.00   75.37
03:11:29 AM  all   22.14    0.00    0.97    0.00    0.00    0.97    0.00    0.00    0.00   75.91
03:11:30 AM  all   20.20    0.00    1.52    0.00    0.00    0.51    0.00    0.00    0.00   77.78
03:11:31 AM  all   21.36    0.00    0.75    0.00    0.00    0.50    0.00    0.00    0.00   77.39
03:11:32 AM  all   18.83    0.00    1.53    0.00    0.00    0.51    0.00    0.00    0.00   79.13
03:11:33 AM  all   20.71    0.00    1.52    0.00    0.00    0.00    0.00    0.00    0.00   77.78
03:11:34 AM  all   22.72    0.00    0.49    0.00    0.00    0.25    0.00    0.00    0.00   76.54
03:11:35 AM  all   22.19    0.00    1.75    0.00    0.00    0.00    0.00    0.00    0.00   76.06
03:11:36 AM  all   20.70    0.00    2.49    0.00    0.00    0.00    0.00    0.00    0.00   76.81
03:11:37 AM  all   19.19    0.00    1.77    0.00    0.00    1.26    0.00    0.00    0.00   77.78
03:11:38 AM  all   20.20    0.00    1.50    0.00    0.00    0.25    0.00    0.00    0.00   78.05
03:11:39 AM  all   21.00    0.00    1.25    0.00    0.00    0.25    0.00    0.00    0.00   77.50
03:11:40 AM  all   18.81    0.00    1.03    0.00    0.00    0.00    0.00    0.00    0.00   80.15
03:11:41 AM  all   20.00    0.00    1.27    0.00    0.00    0.51    0.00    0.00    0.00   78.23
03:11:42 AM  all   20.45    0.00    1.50    0.00    0.00    0.50    0.00    0.00    0.00   77.56
03:11:43 AM  all   19.29    0.00    1.78    0.00    0.00    0.25    0.00    0.00    0.00   78.68
03:11:44 AM  all   21.75    0.00    1.50    0.00    0.00    0.25    0.00    0.00    0.00   76.50
03:11:45 AM  all   20.51    0.00    0.76    0.00    0.00    0.76    0.00    0.00    0.00   77.97
03:11:46 AM  all   19.33    0.00    0.52    0.00    0.00    0.00    0.00    0.00    0.00   80.15
03:11:47 AM  all   20.99    0.00    1.48    0.00    0.00    0.74    0.00    0.00    0.00   76.79
03:11:48 AM  all   22.31    0.00    1.50    0.00    0.00    0.00    0.00    0.00    0.00   76.19
03:11:49 AM  all   19.08    0.00    1.27    0.00    0.00    0.76    0.00    0.00    0.00   78.88
03:11:50 AM  all   21.00    0.00    1.00    0.00    0.00    0.25    0.00    0.00    0.00   77.75
03:11:51 AM  all   20.55    0.00    1.50    0.00    0.00    0.25    0.00    0.00    0.00   77.69
03:11:52 AM  all   20.55    0.00    1.75    0.00    0.00    0.50    0.00    0.00    0.00   77.19
03:11:53 AM  all   21.41    0.00    0.00    0.00    0.00    0.00    0.00    0.00    0.00   78.59
03:11:54 AM  all   20.74    0.00    1.73    0.00    0.00    0.74    0.00    0.00    0.00   76.79
03:11:55 AM  all   19.44    0.00    1.01    0.00    0.00    1.01    0.00    0.00    0.00   78.54
03:11:56 AM  all   20.94    0.00    1.97    0.00    0.00    0.74    0.00    0.00    0.00   76.35
03:11:57 AM  all   21.59    0.00    1.24    0.00    0.00    0.25    0.00    0.00    0.00   76.92
03:11:58 AM  all   22.74    0.00    0.98    0.00    0.00    0.24    0.00    0.00    0.00   76.04
03:11:59 AM  all   21.59    0.00    0.74    0.00    0.00    0.50    0.00    0.00    0.00   77.17
03:12:00 AM  all   20.25    0.00    1.75    0.00    0.00    0.50    0.00    0.00    0.00   77.50
03:12:01 AM  all   20.15    0.00    1.00    0.25    0.00    0.50    0.00    0.00    0.00   78.11
03:12:02 AM  all   16.58    0.00    0.50    0.00    0.00    0.75    0.00    0.00    0.00   82.16
03:12:03 AM  all   19.75    0.00    1.77    0.00    0.00    0.00    0.00    0.00    0.00   78.48
03:12:04 AM  all   21.92    0.00    1.48    0.00    0.00    0.25    0.00    0.00    0.00   76.35
03:12:05 AM  all   19.95    0.00    1.52    0.00    0.00    0.51    0.00    0.00    0.00   78.03
03:12:06 AM  all   18.25    0.00    1.29    0.00    0.00    0.51    0.00    0.00    0.00   79.95
03:12:07 AM  all   18.88    0.00    1.02    0.00    0.00    0.77    0.00    0.00    0.00   79.34
03:12:08 AM  all   19.04    0.00    1.52    0.00    0.00    0.25    0.00    0.00    0.00   79.19
03:12:09 AM  all   20.15    0.00    0.76    0.00    0.00    1.01    0.00    0.00    0.00   78.09
03:12:10 AM  all   19.49    0.00    1.52    0.00    0.00    0.00    0.00    0.00    0.00   78.99
03:12:11 AM  all   19.29    0.00    1.02    0.00    0.00    0.25    0.00    0.00    0.00   79.44
03:12:12 AM  all   21.43    0.00    0.99    0.00    0.00    0.74    0.00    0.00    0.00   76.85
03:12:13 AM  all   18.48    0.00    1.77    0.00    0.00    0.51    0.00    0.00    0.00   79.24
03:12:14 AM  all   21.66    0.00    0.50    0.00    0.00    0.00    0.00    0.00    0.00   77.83
03:12:15 AM  all   18.25    0.00    1.03    0.00    0.00    1.29    0.00    0.00    0.00   79.43
03:12:16 AM  all   19.18    0.00    1.02    0.00    0.00    0.51    0.00    0.00    0.00   79.28
03:12:17 AM  all   20.10    0.00    1.27    0.00    0.00    0.00    0.00    0.00    0.00   78.63
03:12:18 AM  all   17.31    0.00    1.03    0.00    0.00    1.29    0.00    0.00    0.00   80.36
03:12:19 AM  all   19.24    0.00    1.52    0.00    0.00    0.00    0.00    0.00    0.00   79.24
03:12:20 AM  all   18.35    0.00    1.03    0.00    0.00    0.78    0.00    0.00    0.00   79.84
03:12:21 AM  all   20.50    0.00    1.00    0.00    0.00    0.75    0.00    0.00    0.00   77.75
03:12:22 AM  all   17.06    0.00    1.05    0.00    0.00    0.00    0.00    0.00    0.00   81.89
03:12:23 AM  all   20.60    0.00    1.01    0.00    0.00    0.75    0.00    0.00    0.00   77.64
03:12:24 AM  all   21.20    0.00    1.00    0.00    0.00    0.25    0.00    0.00    0.00   77.56
03:12:25 AM  all   19.69    0.00    1.28    0.00    0.00    0.26    0.00    0.00    0.00   78.77
03:12:26 AM  all   17.92    0.00    1.56    0.00    0.00    0.26    0.00    0.00    0.00   80.26
03:12:27 AM  all   19.08    0.00    2.29    0.00    0.00    1.27    0.00    0.00    0.00   77.35
03:12:28 AM  all   20.65    0.00    1.26    0.00    0.00    0.00    0.00    0.00    0.00   78.09
03:12:29 AM  all   18.02    0.00    0.52    0.00    0.00    0.00    0.00    0.00    0.00   81.46
03:12:30 AM  all   20.79    0.00    1.73    0.00    0.00    0.74    0.00    0.00    0.00   76.73
03:12:31 AM  all   18.65    0.00    0.78    0.00    0.00    1.30    0.00    0.00    0.00   79.27
03:12:32 AM  all   20.00    0.00    1.27    0.00    0.00    0.00    0.00    0.00    0.00   78.73
03:12:33 AM  all   17.48    0.00    1.29    0.00    0.00    1.03    0.00    0.00    0.00   80.21
03:12:34 AM  all   20.40    0.00    1.76    0.00    0.00    0.25    0.00    0.00    0.00   77.58
03:12:35 AM  all   19.13    0.00    1.28    0.00    0.00    1.02    0.00    0.00    0.00   78.57
03:12:36 AM  all   18.97    0.00    1.79    0.00    0.00    0.00    0.00    0.00    0.00   79.23
03:12:37 AM  all   20.20    0.00    0.76    0.00    0.00    0.76    0.00    0.00    0.00   78.28
03:12:38 AM  all   20.40    0.00    1.01    0.00    0.00    0.50    0.00    0.00    0.00   78.09
03:12:39 AM  all   22.85    0.00    0.98    0.00    0.00    0.25    0.00    0.00    0.00   75.92
03:12:40 AM  all   19.59    0.00    1.03    0.00    0.00    0.26    0.00    0.00    0.00   79.12
03:12:41 AM  all   20.55    0.00    1.25    0.00    0.00    0.50    0.00    0.00    0.00   77.69
03:12:42 AM  all   19.54    0.00    0.51    0.00    0.00    0.26    0.00    0.00    0.00   79.69
03:12:43 AM  all   18.51    0.00    1.54    0.00    0.00    0.26    0.00    0.00    0.00   79.69
03:12:44 AM  all   19.18    0.00    1.02    0.00    0.00    0.51    0.00    0.00    0.00   79.28
03:12:45 AM  all   19.79    0.00    1.03    0.00    0.00    0.00    0.00    0.00    0.00   79.18
03:12:46 AM  all   18.77    0.00    1.29    0.00    0.00    0.51    0.00    0.00    0.00   79.43
03:12:47 AM  all   19.90    0.00    1.28    0.00    0.00    0.26    0.00    0.00    0.00   78.57
03:12:48 AM  all   20.85    0.00    1.01    0.00    0.00    0.25    0.00    0.00    0.00   77.89
03:12:49 AM  all   17.36    0.00    1.81    0.00    0.00    1.04    0.00    0.00    0.00   79.79
03:12:50 AM  all   20.60    0.00    1.51    0.00    0.00    0.50    0.00    0.00    0.00   77.39
03:12:51 AM  all   21.21    0.00    1.01    0.00    0.00    0.00    0.00    0.00    0.00   77.78
03:12:52 AM  all   19.80    0.00    2.01    0.00    0.00    0.50    0.00    0.00    0.00   77.69
03:12:53 AM  all   17.92    0.00    0.26    0.00    0.00    0.52    0.00    0.00    0.00   81.30
03:12:54 AM  all   19.44    0.00    1.01    0.00    0.00    1.26    0.00    0.00    0.00   78.28
03:12:55 AM  all   18.60    0.00    1.03    0.00    0.00    0.00    0.00    0.00    0.00   80.36
03:12:56 AM  all   20.75    0.00    1.00    0.00    0.00    0.50    0.00    0.00    0.00   77.75
03:12:57 AM  all   19.59    0.00    1.02    0.00    0.00    0.25    0.00    0.00    0.00   79.13
03:12:58 AM  all   19.69    0.00    0.77    0.00    0.00    0.00    0.00    0.00    0.00   79.54
03:12:59 AM  all   20.96    0.00    0.76    0.00    0.00    0.25    0.00    0.00    0.00   78.03
03:13:00 AM  all   20.00    0.00    1.50    0.00    0.00    0.75    0.00    0.00    0.00   77.75
03:13:01 AM  all   18.36    0.00    1.24    0.25    0.00    0.74    0.00    0.00    0.00   79.40
03:13:02 AM  all   16.54    0.00    1.02    0.00    0.00    0.51    0.00    0.00    0.00   81.93
03:13:03 AM  all   20.30    0.00    1.50    0.00    0.00    0.50    0.00    0.00    0.00   77.69
03:13:04 AM  all   19.54    0.00    1.27    0.00    0.00    0.76    0.00    0.00    0.00   78.43
03:13:05 AM  all   18.72    0.00    1.03    0.00    0.00    0.00    0.00    0.00    0.00   80.26
03:13:06 AM  all   19.30    0.00    1.50    0.00    0.00    0.25    0.00    0.00    0.00   78.95
03:13:07 AM  all   19.00    0.00    1.75    0.00    0.00    0.25    0.00    0.00    0.00   79.00
03:13:08 AM  all   18.41    0.00    0.51    0.00    0.00    0.51    0.00    0.00    0.00   80.56
03:13:09 AM  all   20.20    0.00    1.00    0.00    0.00    0.25    0.00    0.00    0.00   78.55
03:13:10 AM  all   17.77    0.00    2.03    0.00    0.00    0.51    0.00    0.00    0.00   79.70
03:13:11 AM  all   18.46    0.00    1.28    0.00    0.00    0.51    0.00    0.00    0.00   79.74
03:13:12 AM  all   18.32    0.00    1.27    0.00    0.00    0.25    0.00    0.00    0.00   80.15
03:13:13 AM  all   18.69    0.00    1.52    0.00    0.00    0.25    0.00    0.00    0.00   79.55
03:13:14 AM  all   18.62    0.00    1.28    0.00    0.00    0.26    0.00    0.00    0.00   79.85
03:13:15 AM  all   18.21    0.00    1.28    0.00    0.00    0.51    0.00    0.00    0.00   80.00
03:13:16 AM  all   20.90    0.00    1.00    0.00    0.00    0.50    0.00    0.00    0.00   77.61
03:13:17 AM  all   20.50    0.00    0.75    0.00    0.00    0.50    0.00    0.00    0.00   78.25
03:13:18 AM  all   18.58    0.00    1.53    0.00    0.00    0.76    0.00    0.00    0.00   79.13
03:13:19 AM  all   20.54    0.00    1.73    0.00    0.00    0.00    0.00    0.00    0.00   77.72
03:13:20 AM  all   19.14    0.00    1.51    0.00    0.00    0.76    0.00    0.00    0.00   78.59
03:13:21 AM  all   19.85    0.00    0.75    0.00    0.00    0.50    0.00    0.00    0.00   78.89
03:13:22 AM  all   18.73    0.00    1.77    0.00    0.00    0.25    0.00    0.00    0.00   79.24
03:13:23 AM  all   17.48    0.00    1.54    0.00    0.00    0.26    0.00    0.00    0.00   80.72
03:13:24 AM  all   22.78    0.00    1.20    0.00    0.00    1.20    0.00    0.00    0.00   74.82
03:13:25 AM  all   20.85    0.00    0.50    0.00    0.00    0.25    0.00    0.00    0.00   78.39
03:13:26 AM  all   19.08    0.00    1.53    0.00    0.00    0.25    0.00    0.00    0.00   79.13
03:13:27 AM  all   19.39    0.00    1.28    0.00    0.00    1.28    0.00    0.00    0.00   78.06
03:13:28 AM  all   16.75    0.00    1.55    0.00    0.00    0.26    0.00    0.00    0.00   81.44
03:13:29 AM  all   19.04    0.00    1.78    0.00    0.00    0.51    0.00    0.00    0.00   78.68
03:13:30 AM  all   19.70    0.00    1.26    0.00    0.00    0.51    0.00    0.00    0.00   78.54
03:13:31 AM  all   18.72    0.00    1.54    0.00    0.00    0.26    0.00    0.00    0.00   79.49
03:13:32 AM  all   18.04    0.00    0.77    0.00    0.00    0.77    0.00    0.00    0.00   80.41
03:13:33 AM  all   18.88    0.00    1.28    0.00    0.00    0.77    0.00    0.00    0.00   79.08
03:13:34 AM  all   19.64    0.00    0.78    0.00    0.00    0.00    0.00    0.00    0.00   79.59
03:13:35 AM  all   20.70    0.00    1.50    0.00    0.00    0.50    0.00    0.00    0.00   77.31
03:13:36 AM  all   18.58    0.00    1.78    0.00    0.00    0.76    0.00    0.00    0.00   78.88
03:13:37 AM  all   18.41    0.00    1.79    0.00    0.00    0.26    0.00    0.00    0.00   79.54
03:13:38 AM  all   16.80    0.00    1.29    0.00    0.00    0.00    0.00    0.00    0.00   81.91
03:13:39 AM  all   18.43    0.00    2.53    0.00    0.00    0.51    0.00    0.00    0.00   78.54
03:13:40 AM  all   20.25    0.00    1.50    0.00    0.00    0.50    0.00    0.00    0.00   77.75
03:13:41 AM  all   19.29    0.00    1.02    0.00    0.00    0.51    0.00    0.00    0.00   79.19
03:13:42 AM  all   20.10    0.00    1.26    0.00    0.00    0.25    0.00    0.00    0.00   78.39
03:13:43 AM  all   19.34    0.00    1.27    0.00    0.00    0.51    0.00    0.00    0.00   78.88
03:13:44 AM  all   20.20    0.00    1.01    0.00    0.00    0.25    0.00    0.00    0.00   78.54
03:13:45 AM  all   20.30    0.00    1.49    0.00    0.00    0.50    0.00    0.00    0.00   77.72
03:13:46 AM  all   16.93    0.00    1.56    0.00    0.00    0.78    0.00    0.00    0.00   80.73
03:13:47 AM  all   21.53    0.00    0.74    0.00    0.00    0.25    0.00    0.00    0.00   77.48
03:13:48 AM  all   18.16    0.00    1.02    0.00    0.00    1.02    0.00    0.00    0.00   79.80
03:13:49 AM  all   16.67    0.00    1.85    0.00    0.00    0.26    0.00    0.00    0.00   81.22
03:13:50 AM  all   19.95    0.00    1.75    0.00    0.00    0.75    0.00    0.00    0.00   77.56
03:13:51 AM  all   20.05    0.00    1.25    0.00    0.00    0.50    0.00    0.00    0.00   78.20
03:13:52 AM  all   17.06    0.00    1.31    0.00    0.00    0.26    0.00    0.00    0.00   81.36
03:13:53 AM  all   19.44    0.00    1.52    0.00    0.00    0.00    0.00    0.00    0.00   79.04
03:13:54 AM  all   18.46    0.00    0.51    0.00    0.00    1.03    0.00    0.00    0.00   80.00
03:13:55 AM  all   19.90    0.00    0.51    0.00    0.00    0.26    0.00    0.00    0.00   79.34
03:13:56 AM  all   17.66    0.00    0.78    0.00    0.00    0.52    0.00    0.00    0.00   81.04
03:13:57 AM  all   19.24    0.00    1.27    0.00    0.00    0.76    0.00    0.00    0.00   78.73
03:13:58 AM  all   17.31    0.00    0.78    0.00    0.00    0.26    0.00    0.00    0.00   81.65
03:13:59 AM  all   20.75    0.00    1.00    0.00    0.00    0.75    0.00    0.00    0.00   77.50
03:14:00 AM  all   18.02    0.00    0.78    0.00    0.00    0.26    0.00    0.00    0.00   80.94
03:14:01 AM  all   17.66    0.00    1.24    0.25    0.00    0.75    0.00    0.00    0.00   80.10
03:14:02 AM  all   17.81    0.00    1.02    0.00    0.00    0.25    0.00    0.00    0.00   80.92
03:14:03 AM  all   20.90    0.00    1.00    0.00    0.00    0.25    0.00    0.00    0.00   77.86
03:14:04 AM  all   17.74    0.00    1.54    0.00    0.00    0.77    0.00    0.00    0.00   79.95
03:14:05 AM  all   17.37    0.00    0.53    0.00    0.00    0.00    0.00    0.00    0.00   82.11
03:14:06 AM  all   18.04    0.00    1.29    0.00    0.00    0.26    0.00    0.00    0.00   80.41
03:14:07 AM  all   16.71    0.00    2.06    0.00    0.00    0.77    0.00    0.00    0.00   80.46
03:14:08 AM  all   20.96    0.00    0.51    0.00    0.00    0.25    0.00    0.00    0.00   78.28
03:14:09 AM  all   21.64    0.00    0.50    0.00    0.00    0.25    0.00    0.00    0.00   77.61
03:14:10 AM  all   19.08    0.00    1.02    0.00    0.00    0.76    0.00    0.00    0.00   79.13
03:14:11 AM  all   18.69    0.00    1.52    0.00    0.00    0.76    0.00    0.00    0.00   79.04
03:14:12 AM  all   19.85    0.00    1.26    0.00    0.00    0.50    0.00    0.00    0.00   78.39
03:14:13 AM  all   18.93    0.00    0.77    0.00    0.00    0.77    0.00    0.00    0.00   79.54
03:14:14 AM  all   21.39    0.00    1.00    0.00    0.00    0.50    0.00    0.00    0.00   77.11
03:14:15 AM  all   18.09    0.00    1.29    0.00    0.00    1.03    0.00    0.00    0.00   79.59
03:14:16 AM  all   19.34    0.00    1.53    0.00    0.00    0.25    0.00    0.00    0.00   78.88
03:14:17 AM  all   19.60    0.00    2.01    0.00    0.00    0.75    0.00    0.00    0.00   77.64
03:14:18 AM  all   17.19    0.00    1.30    0.00    0.00    0.52    0.00    0.00    0.00   80.99
03:14:19 AM  all   18.93    0.00    1.28    0.00    0.00    0.77    0.00    0.00    0.00   79.03
03:14:20 AM  all   20.99    0.00    1.73    0.00    0.00    0.74    0.00    0.00    0.00   76.54
03:14:21 AM  all   19.13    0.00    1.02    0.26    0.00    0.77    0.00    0.00    0.00   78.83
03:14:22 AM  all   18.56    0.00    0.52    0.00    0.00    0.52    0.00    0.00    0.00   80.41
03:14:23 AM  all   18.62    0.00    1.02    0.00    0.00    0.77    0.00    0.00    0.00   79.59
03:14:24 AM  all   19.44    0.00    1.02    0.00    0.00    0.51    0.00    0.00    0.00   79.03
03:14:25 AM  all   19.08    0.00    1.02    0.00    0.00    0.76    0.00    0.00    0.00   79.13
03:14:26 AM  all   19.59    0.00    1.53    0.00    0.00    0.25    0.00    0.00    0.00   78.63
03:14:27 AM  all   19.90    0.00    2.02    0.00    0.00    0.76    0.00    0.00    0.00   77.33
03:14:28 AM  all   18.56    0.00    0.77    0.00    0.00    0.52    0.00    0.00    0.00   80.15
03:14:29 AM  all   19.39    0.00    1.28    0.00    0.00    0.51    0.00    0.00    0.00   78.83
03:14:30 AM  all   21.53    0.00    1.24    0.00    0.00    0.99    0.00    0.00    0.00   76.24
03:14:31 AM  all   20.00    0.00    1.27    0.00    0.00    0.00    0.00    0.00    0.00   78.73
03:14:32 AM  all   19.59    0.00    1.27    0.00    0.00    0.51    0.00    0.00    0.00   78.63
03:14:33 AM  all   20.05    0.00    0.76    0.00    0.00    0.51    0.00    0.00    0.00   78.68
03:14:34 AM  all   20.45    0.00    1.01    0.00    0.00    0.25    0.00    0.00    0.00   78.28
03:14:35 AM  all   20.81    0.00    1.02    0.00    0.00    0.00    0.00    0.00    0.00   78.17
03:14:36 AM  all   20.84    0.00    1.24    0.00    0.00    0.74    0.00    0.00    0.00   77.17
03:14:37 AM  all   19.85    0.00    1.51    0.00    0.00    0.50    0.00    0.00    0.00   78.14
03:14:38 AM  all   19.40    0.00    1.26    0.00    0.00    1.01    0.00    0.00    0.00   78.34
03:14:39 AM  all   19.85    0.00    2.26    0.00    0.00    0.50    0.00    0.00    0.00   77.39
03:14:40 AM  all   19.44    0.00    1.77    0.00    0.00    0.76    0.00    0.00    0.00   78.03
03:14:41 AM  all   21.20    0.00    1.25    0.00    0.00    0.25    0.00    0.00    0.00   77.31
03:14:42 AM  all   19.70    0.00    1.52    0.00    0.00    0.25    0.00    0.00    0.00   78.54
03:14:43 AM  all   18.67    0.00    2.05    0.00    0.00    0.51    0.00    0.00    0.00   78.77
03:14:44 AM  all   20.05    0.00    1.02    0.00    0.00    0.25    0.00    0.00    0.00   78.68
03:14:45 AM  all   18.21    0.00    1.79    0.00    0.00    0.77    0.00    0.00    0.00   79.23
03:14:46 AM  all   18.72    0.00    1.03    0.00    0.00    0.51    0.00    0.00    0.00   79.74
03:14:47 AM  all   18.96    0.00    0.78    0.00    0.00    0.00    0.00    0.00    0.00   80.26
03:14:48 AM  all   19.54    0.00    1.78    0.00    0.00    0.25    0.00    0.00    0.00   78.43
03:14:49 AM  all   19.79    0.00    0.51    0.00    0.00    0.26    0.00    0.00    0.00   79.43
03:14:50 AM  all   19.19    0.00    1.26    0.00    0.00    1.26    0.00    0.00    0.00   78.28
03:14:51 AM  all   18.13    0.00    1.30    0.26    0.00    0.26    0.00    0.00    0.00   80.05
03:14:52 AM  all   19.85    0.00    1.02    0.00    0.00    0.25    0.00    0.00    0.00   78.88
03:14:53 AM  all   19.69    0.00    0.51    0.00    0.00    0.26    0.00    0.00    0.00   79.54
03:14:54 AM  all   19.90    0.00    1.26    0.00    0.00    1.01    0.00    0.00    0.00   77.83
03:14:55 AM  all   19.18    0.00    1.28    0.00    0.00    0.00    0.00    0.00    0.00   79.54
03:14:56 AM  all   20.65    0.00    1.49    0.00    0.00    0.25    0.00    0.00    0.00   77.61
03:14:57 AM  all   19.24    0.00    1.27    0.00    0.00    0.51    0.00    0.00    0.00   78.99
03:14:58 AM  all   17.48    0.00    1.80    0.00    0.00    0.77    0.00    0.00    0.00   79.95
03:14:59 AM  all   18.41    0.00    1.28    0.00    0.00    0.26    0.00    0.00    0.00   80.05
03:15:00 AM  all   17.92    0.00    1.04    0.26    0.00    0.78    0.00    0.00    0.00   80.00
03:15:01 AM  all   16.75    0.00    1.25    0.00    0.00    0.25    0.00    0.00    0.00   81.75
03:15:02 AM  all   15.54    0.00    1.04    0.00    0.00    0.78    0.00    0.00    0.00   82.64
03:15:03 AM  all   18.41    0.00    1.53    0.00    0.00    0.51    0.00    0.00    0.00   79.54
03:15:04 AM  all   18.78    0.00    1.78    0.00    0.00    0.76    0.00    0.00    0.00   78.68
03:15:05 AM  all   21.46    0.00    0.76    0.00    0.00    0.00    0.00    0.00    0.00   77.78
03:15:06 AM  all   19.90    0.00    1.01    0.00    0.00    0.50    0.00    0.00    0.00   78.59
03:15:07 AM  all   18.62    0.00    1.79    0.00    0.00    0.00    0.00    0.00    0.00   79.59
03:15:08 AM  all   20.10    0.00    0.76    0.00    0.00    0.51    0.00    0.00    0.00   78.63
03:15:09 AM  all   18.80    0.00    2.26    0.00    0.00    0.75    0.00    0.00    0.00   78.20
03:15:10 AM  all   17.63    0.00    0.79    0.00    0.00    0.26    0.00    0.00    0.00   81.32
03:15:11 AM  all   19.49    0.00    1.52    0.00    0.00    0.00    0.00    0.00    0.00   78.99
03:15:12 AM  all   18.86    0.00    1.29    0.00    0.00    0.00    0.00    0.00    0.00   79.84
03:15:13 AM  all   19.75    0.00    1.75    0.00    0.00    0.50    0.00    0.00    0.00   78.00
03:15:14 AM  all   20.05    0.00    1.27    0.00    0.00    0.51    0.00    0.00    0.00   78.17
03:15:15 AM  all   16.62    0.00    1.85    0.00    0.00    0.26    0.00    0.00    0.00   81.27
03:15:16 AM  all   18.41    0.00    1.28    0.00    0.00    0.77    0.00    0.00    0.00   79.54
03:15:17 AM  all   19.39    0.00    1.28    0.00    0.00    0.51    0.00    0.00    0.00   78.83
03:15:18 AM  all   18.49    0.00    1.04    0.00    0.00    0.52    0.00    0.00    0.00   79.95
03:15:19 AM  all   20.25    0.00    1.25    0.00    0.00    0.25    0.00    0.00    0.00   78.25
03:15:20 AM  all   19.64    0.00    1.29    0.00    0.00    0.00    0.00    0.00    0.00   79.07
03:15:21 AM  all   19.29    0.00    1.27    0.00    0.00    0.76    0.00    0.00    0.00   78.68
03:15:22 AM  all   18.23    0.00    0.52    0.00    0.00    0.52    0.00    0.00    0.00   80.73
03:15:23 AM  all   19.23    0.00    1.03    0.00    0.00    0.77    0.00    0.00    0.00   78.97
03:15:24 AM  all   18.88    0.00    1.28    0.00    0.00    0.26    0.00    0.00    0.00   79.59
03:15:25 AM  all   20.91    0.00    1.76    0.00    0.00    0.50    0.00    0.00    0.00   76.83
03:15:26 AM  all   20.05    0.00    0.77    0.00    0.00    0.26    0.00    0.00    0.00   78.92
03:15:27 AM  all   22.00    0.00    1.50    0.00    0.00    0.75    0.00    0.00    0.00   75.75
03:15:28 AM  all   19.95    0.00    1.77    0.00    0.00    0.25    0.00    0.00    0.00   78.03
03:15:29 AM  all   20.84    0.00    1.99    0.00    0.00    0.50    0.00    0.00    0.00   76.67
03:15:30 AM  all   19.74    0.00    1.54    0.00    0.00    0.26    0.00    0.00    0.00   78.46
03:15:31 AM  all   21.30    0.00    1.00    0.00    0.00    0.50    0.00    0.00    0.00   77.19
03:15:32 AM  all   21.16    0.00    0.50    0.00    0.00    0.50    0.00    0.00    0.00   77.83
03:15:33 AM  all   18.35    0.00    1.03    0.00    0.00    0.78    0.00    0.00    0.00   79.84
03:15:34 AM  all   19.59    0.00    1.27    0.00    0.00    0.76    0.00    0.00    0.00   78.37
03:15:35 AM  all   19.29    0.00    1.52    0.00    0.00    0.51    0.00    0.00    0.00   78.68
03:15:36 AM  all   20.71    0.00    0.76    0.00    0.00    0.00    0.00    0.00    0.00   78.54
03:15:37 AM  all   20.56    0.00    1.02    0.00    0.00    0.51    0.00    0.00    0.00   77.92
03:15:38 AM  all   20.70    0.00    1.75    0.00    0.00    0.25    0.00    0.00    0.00   77.31
03:15:39 AM  all   21.34    0.00    0.99    0.00    0.00    0.74    0.00    0.00    0.00   76.92
03:15:40 AM  all   21.20    0.00    1.25    0.00    0.00    0.75    0.00    0.00    0.00   76.81
03:15:41 AM  all   19.69    0.00    1.02    0.00    0.00    0.51    0.00    0.00    0.00   78.77
03:15:42 AM  all   22.17    0.00    1.48    0.00    0.00    0.25    0.00    0.00    0.00   76.11
03:15:43 AM  all   20.95    0.00    1.25    0.00    0.00    0.50    0.00    0.00    0.00   77.31
03:15:44 AM  all   22.58    0.00    0.99    0.00    0.00    0.50    0.00    0.00    0.00   75.93
03:15:45 AM  all   19.90    0.00    1.76    0.00    0.00    0.50    0.00    0.00    0.00   77.83
03:15:46 AM  all   20.40    0.00    1.26    0.00    0.00    0.50    0.00    0.00    0.00   77.83
03:15:47 AM  all   20.96    0.00    1.01    0.00    0.00    0.25    0.00    0.00    0.00   77.78
03:15:48 AM  all   18.11    0.00    1.79    0.00    0.00    0.77    0.00    0.00    0.00   79.34
03:15:49 AM  all   20.85    0.00    2.01    0.00    0.00    0.50    0.00    0.00    0.00   76.63
03:15:50 AM  all   21.89    0.00    1.00    0.00    0.00    0.00    0.00    0.00    0.00   77.11
03:15:51 AM  all   20.00    0.00    1.27    0.00    0.00    0.51    0.00    0.00    0.00   78.23
03:15:52 AM  all   19.35    0.00    2.51    0.00    0.00    0.25    0.00    0.00    0.00   77.89
03:15:53 AM  all   19.80    0.00    0.76    0.00    0.00    0.76    0.00    0.00    0.00   78.68
03:15:54 AM  all   19.39    0.00    1.28    0.00    0.00    0.26    0.00    0.00    0.00   79.08
03:15:55 AM  all   18.67    0.00    1.02    0.00    0.00    0.77    0.00    0.00    0.00   79.54
03:15:56 AM  all   20.35    0.00    1.26    0.00    0.00    0.50    0.00    0.00    0.00   77.89
03:15:57 AM  all   19.79    0.00    0.77    0.00    0.00    0.26    0.00    0.00    0.00   79.18
03:15:58 AM  all   17.71    0.00    0.78    0.00    0.00    1.30    0.00    0.00    0.00   80.21
03:15:59 AM  all   20.00    0.00    1.52    0.00    0.00    0.25    0.00    0.00    0.00   78.23
03:16:00 AM  all   21.95    0.00    1.00    0.00    0.00    0.00    0.00    0.00    0.00   77.06
03:16:01 AM  all   17.56    0.00    1.27    0.00    0.00    0.51    0.00    0.00    0.00   80.66
03:16:02 AM  all   16.02    0.00    0.78    0.00    0.00    0.26    0.00    0.00    0.00   82.95
03:16:03 AM  all   19.29    0.00    1.78    0.00    0.00    0.00    0.00    0.00    0.00   78.93
03:16:04 AM  all   20.91    0.00    0.50    0.00    0.00    0.76    0.00    0.00    0.00   77.83
03:16:05 AM  all   19.70    0.00    1.77    0.00    0.00    0.76    0.00    0.00    0.00   77.78
03:16:06 AM  all   20.45    0.00    1.26    0.00    0.00    0.51    0.00    0.00    0.00   77.78
03:16:07 AM  all   19.44    0.00    1.53    0.00    0.00    0.26    0.00    0.00    0.00   78.77
03:16:08 AM  all   20.40    0.00    1.51    0.00    0.00    0.50    0.00    0.00    0.00   77.58
03:16:09 AM  all   19.13    0.00    1.53    0.00    0.00    0.51    0.00    0.00    0.00   78.83
03:16:10 AM  all   21.50    0.00    1.00    0.00    0.00    0.75    0.00    0.00    0.00   76.75
03:16:11 AM  all   20.76    0.00    1.01    0.00    0.00    0.25    0.00    0.00    0.00   77.97
03:16:12 AM  all   19.79    0.00    0.77    0.00    0.00    0.77    0.00    0.00    0.00   78.66
03:16:13 AM  all   17.80    0.00    1.31    0.00    0.00    0.26    0.00    0.00    0.00   80.63
03:16:14 AM  all   20.70    0.00    1.75    0.00    0.00    0.75    0.00    0.00    0.00   76.81
03:16:15 AM  all   19.49    0.00    1.52    0.00    0.00    0.76    0.00    0.00    0.00   78.23
03:16:16 AM  all   19.85    0.00    0.77    0.00    0.00    0.52    0.00    0.00    0.00   78.87
03:16:17 AM  all   17.66    0.00    0.78    0.00    0.00    0.78    0.00    0.00    0.00   80.78
03:16:18 AM  all   18.09    0.00    1.03    0.00    0.00    0.52    0.00    0.00    0.00   80.36
03:16:19 AM  all   18.35    0.00    1.29    0.00    0.00    0.52    0.00    0.00    0.00   79.84
03:16:20 AM  all   18.86    0.00    1.29    0.00    0.00    0.00    0.00    0.00    0.00   79.84
03:16:21 AM  all   20.30    0.00    0.25    0.00    0.00    0.76    0.00    0.00    0.00   78.68
03:16:22 AM  all   20.56    0.00    0.76    0.00    0.00    0.25    0.00    0.00    0.00   78.43
03:16:23 AM  all   20.15    0.00    1.01    0.00    0.00    0.50    0.00    0.00    0.00   78.34
03:16:24 AM  all   20.30    0.00    1.27    0.00    0.00    0.51    0.00    0.00    0.00   77.92
03:16:25 AM  all   19.22    0.00    0.52    0.00    0.00    0.26    0.00    0.00    0.00   80.00
03:16:26 AM  all   19.13    0.00    1.79    0.00    0.00    0.26    0.00    0.00    0.00   78.83
03:16:27 AM  all   19.95    0.00    3.03    0.00    0.00    0.76    0.00    0.00    0.00   76.26
03:16:28 AM  all   18.65    0.00    1.30    0.00    0.00    0.26    0.00    0.00    0.00   79.79
03:16:29 AM  all   20.05    0.00    0.77    0.00    0.00    0.00    0.00    0.00    0.00   79.18
03:16:30 AM  all   19.54    0.00    1.27    0.00    0.00    0.76    0.00    0.00    0.00   78.43
03:16:31 AM  all   17.71    0.00    1.30    0.00    0.00    0.00    0.00    0.00    0.00   80.99
03:16:32 AM  all   18.13    0.00    1.04    0.00    0.00    0.52    0.00    0.00    0.00   80.31
03:16:33 AM  all   18.72    0.00    0.77    0.26    0.00    1.28    0.00    0.00    0.00   78.97
03:16:34 AM  all   21.04    0.00    2.48    0.00    0.00    0.50    0.00    0.00    0.00   75.99
03:16:35 AM  all   19.34    0.00    1.02    0.00    0.00    0.76    0.00    0.00    0.00   78.88
03:16:36 AM  all   19.18    0.00    1.53    0.00    0.00    0.51    0.00    0.00    0.00   78.77
03:16:37 AM  all   18.09    0.00    1.03    0.00    0.00    0.52    0.00    0.00    0.00   80.36
03:16:38 AM  all   20.75    0.00    1.50    0.00    0.00    0.75    0.00    0.00    0.00   77.00
03:16:39 AM  all   18.41    0.00    1.79    0.00    0.00    0.77    0.00    0.00    0.00   79.03
03:16:40 AM  all   19.29    0.00    1.52    0.00    0.00    0.76    0.00    0.00    0.00   78.43
03:16:41 AM  all   20.10    0.00    1.27    0.00    0.00    0.00    0.00    0.00    0.00   78.63
03:16:42 AM  all   19.39    0.00    1.53    0.00    0.00    0.00    0.00    0.00    0.00   79.08
03:16:43 AM  all   18.41    0.00    1.28    0.00    0.00    1.53    0.00    0.00    0.00   78.77
03:16:44 AM  all   18.41    0.00    1.28    0.00    0.00    0.77    0.00    0.00    0.00   79.54
03:16:45 AM  all   19.34    0.00    1.27    0.00    0.00    0.51    0.00    0.00    0.00   78.88
03:16:46 AM  all   18.56    0.00    1.55    0.00    0.00    0.00    0.00    0.00    0.00   79.90
03:16:47 AM  all   18.13    0.00    1.30    0.00    0.00    0.52    0.00    0.00    0.00   80.05
03:16:48 AM  all   19.59    0.00    0.77    0.00    0.00    0.26    0.00    0.00    0.00   79.38
03:16:49 AM  all   21.53    0.00    1.49    0.00    0.00    0.74    0.00    0.00    0.00   76.24
03:16:50 AM  all   19.07    0.00    1.03    0.00    0.00    0.52    0.00    0.00    0.00   79.38
03:16:51 AM  all   18.56    0.00    1.29    0.00    0.00    0.52    0.00    0.00    0.00   79.64
03:16:52 AM  all   20.61    0.00    0.51    0.00    0.00    0.76    0.00    0.00    0.00   78.12
03:16:53 AM  all   19.64    0.00    1.53    0.00    0.00    0.51    0.00    0.00    0.00   78.32
03:16:54 AM  all   18.60    0.00    1.29    0.00    0.00    0.26    0.00    0.00    0.00   79.84
03:16:55 AM  all   18.02    0.00    1.31    0.00    0.00    0.26    0.00    0.00    0.00   80.42
03:16:56 AM  all   19.29    0.00    2.03    0.00    0.00    0.51    0.00    0.00    0.00   78.17
03:16:57 AM  all   20.80    0.00    1.50    0.00    0.00    0.75    0.00    0.00    0.00   76.94
03:16:58 AM  all   21.34    0.00    1.24    0.25    0.00    0.50    0.00    0.00    0.00   76.67
03:16:59 AM  all   20.00    0.00    1.52    0.00    0.00    0.25    0.00    0.00    0.00   78.23
03:17:00 AM  all   19.32    0.00    0.26    0.00    0.00    0.26    0.00    0.00    0.00   80.16
03:17:01 AM  all   17.30    0.00    1.53    0.00    0.00    0.51    0.00    0.00    0.00   80.66
03:17:02 AM  all   17.09    0.00    1.01    0.25    0.00    0.50    0.00    0.00    0.00   81.16
03:17:03 AM  all   20.00    0.00    1.27    0.00    0.00    0.51    0.00    0.00    0.00   78.23
03:17:04 AM  all   19.75    0.00    1.52    0.00    0.00    0.51    0.00    0.00    0.00   78.23
03:17:05 AM  all   19.90    0.00    1.76    0.00    0.00    0.25    0.00    0.00    0.00   78.09
03:17:06 AM  all   19.13    0.00    1.02    0.00    0.00    1.02    0.00    0.00    0.00   78.83
03:17:07 AM  all   20.96    0.00    0.51    0.00    0.00    0.25    0.00    0.00    0.00   78.28
03:17:08 AM  all   19.59    0.00    0.77    0.00    0.00    0.52    0.00    0.00    0.00   79.12
03:17:09 AM  all   20.70    0.00    1.75    0.00    0.00    1.00    0.00    0.00    0.00   76.56
03:17:10 AM  all   18.60    0.00    1.29    0.00    0.00    0.26    0.00    0.00    0.00   79.84
03:17:11 AM  all   18.60    0.00    1.03    0.00    0.00    0.26    0.00    0.00    0.00   80.10
03:17:12 AM  all   19.90    0.00    1.02    0.00    0.00    0.00    0.00    0.00    0.00   79.08
03:17:13 AM  all   18.05    0.00    1.75    0.00    0.00    0.50    0.00    0.00    0.00   79.70
03:17:14 AM  all   20.65    0.00    1.00    0.00    0.00    1.00    0.00    0.00    0.00   77.36
03:17:15 AM  all   18.21    0.00    0.77    0.00    0.00    0.51    0.00    0.00    0.00   80.51
03:17:16 AM  all   19.10    0.00    1.51    0.00    0.00    0.75    0.00    0.00    0.00   78.64
03:17:17 AM  all   18.37    0.00    1.02    0.00    0.00    0.77    0.00    0.00    0.00   79.85
03:17:18 AM  all   20.15    0.00    1.24    0.00    0.00    0.75    0.00    0.00    0.00   77.86
03:17:19 AM  all   18.84    0.00    2.26    0.00    0.00    0.50    0.00    0.00    0.00   78.39
03:17:20 AM  all   19.85    0.00    0.76    0.00    0.00    0.00    0.00    0.00    0.00   79.39
03:17:21 AM  all   18.80    0.00    2.01    0.00    0.00    0.50    0.00    0.00    0.00   78.70
03:17:22 AM  all   19.95    0.00    0.76    0.00    0.00    0.25    0.00    0.00    0.00   79.04
03:17:23 AM  all   19.70    0.00    1.25    0.25    0.00    0.50    0.00    0.00    0.00   78.30
03:17:24 AM  all   18.94    0.00    1.26    0.00    0.00    0.51    0.00    0.00    0.00   79.29
03:17:25 AM  all   18.37    0.00    1.28    0.00    0.00    0.26    0.00    0.00    0.00   80.10
03:17:26 AM  all   19.85    0.00    1.76    0.00    0.00    0.25    0.00    0.00    0.00   78.14
03:17:27 AM  all   19.29    0.00    1.27    0.00    0.00    1.27    0.00    0.00    0.00   78.17
03:17:28 AM  all   20.50    0.00    1.25    0.00    0.00    0.50    0.00    0.00    0.00   77.75
03:17:29 AM  all   18.32    0.00    1.53    0.00    0.00    0.25    0.00    0.00    0.00   79.90
03:17:30 AM  all   16.36    0.00    2.08    0.00    0.00    0.00    0.00    0.00    0.00   81.56
03:17:31 AM  all   16.97    0.00    1.03    0.00    0.00    0.51    0.00    0.00    0.00   81.49
03:17:32 AM  all   18.34    0.00    2.51    0.00    0.00    0.50    0.00    0.00    0.00   78.64
03:17:33 AM  all   16.41    0.00    1.82    0.00    0.00    0.00    0.00    0.00    0.00   81.77
03:17:34 AM  all   20.00    0.00    0.51    0.00    0.00    0.25    0.00    0.00    0.00   79.24
03:17:35 AM  all   16.28    0.00    1.03    0.00    0.00    0.78    0.00    0.00    0.00   81.91
03:17:36 AM  all   15.98    0.00    0.77    0.00    0.00    1.29    0.00    0.00    0.00   81.96
03:17:37 AM  all   18.94    0.00    1.52    0.00    0.00    0.25    0.00    0.00    0.00   79.29
03:17:38 AM  all   18.37    0.00    1.02    0.00    0.00    0.26    0.00    0.00    0.00   80.36
03:17:39 AM  all   16.97    0.00    0.78    0.00    0.00    0.00    0.00    0.00    0.00   82.25
03:17:40 AM  all   19.30    0.00    1.50    0.00    0.00    0.50    0.00    0.00    0.00   78.70
03:17:41 AM  all   20.30    0.00    0.99    0.00    0.00    0.99    0.00    0.00    0.00   77.72
03:17:42 AM  all   17.48    0.00    1.29    0.00    0.00    0.51    0.00    0.00    0.00   80.72
03:17:43 AM  all   18.16    0.00    1.02    0.00    0.00    0.26    0.00    0.00    0.00   80.56
03:17:44 AM  all   18.84    0.00    1.76    0.00    0.00    0.50    0.00    0.00    0.00   78.89
03:17:45 AM  all   17.14    0.00    0.52    0.00    0.00    0.78    0.00    0.00    0.00   81.56
03:17:46 AM  all   19.14    0.00    1.01    0.00    0.00    0.25    0.00    0.00    0.00   79.60
03:17:47 AM  all   18.16    0.00    0.77    0.00    0.00    0.26    0.00    0.00    0.00   80.82
03:17:48 AM  all   18.83    0.00    1.53    0.00    0.00    0.25    0.00    0.00    0.00   79.39
03:17:49 AM  all   18.04    0.00    1.80    0.00    0.00    0.52    0.00    0.00    0.00   79.64
03:17:50 AM  all   18.97    0.00    0.51    0.00    0.00    0.26    0.00    0.00    0.00   80.26
03:17:51 AM  all   18.46    0.00    1.03    0.00    0.00    0.51    0.00    0.00    0.00   80.00
03:17:52 AM  all   19.55    0.00    1.25    0.00    0.00    0.50    0.00    0.00    0.00   78.70
03:17:53 AM  all   17.44    0.00    2.05    0.00    0.00    0.51    0.00    0.00    0.00   80.00
03:17:54 AM  all   18.67    0.00    1.02    0.00    0.00    0.00    0.00    0.00    0.00   80.31
03:17:55 AM  all   18.99    0.00    1.77    0.00    0.00    0.51    0.00    0.00    0.00   78.73
03:17:56 AM  all   18.67    0.00    0.26    0.00    0.00    0.77    0.00    0.00    0.00   80.31
03:17:57 AM  all   20.60    0.00    0.99    0.00    0.00    0.50    0.00    0.00    0.00   77.92
03:17:58 AM  all   19.34    0.00    1.02    0.00    0.00    0.25    0.00    0.00    0.00   79.39
03:17:59 AM  all   17.53    0.00    1.29    0.00    0.00    0.52    0.00    0.00    0.00   80.67
03:18:00 AM  all   20.40    0.00    1.49    0.00    0.00    0.50    0.00    0.00    0.00   77.61
03:18:01 AM  all   17.74    0.00    0.51    0.00    0.00    0.51    0.00    0.00    0.00   81.23
03:18:02 AM  all   14.68    0.00    1.27    0.00    0.00    0.25    0.00    0.00    0.00   83.80
03:18:03 AM  all   17.01    0.00    1.29    0.00    0.00    0.52    0.00    0.00    0.00   81.19
03:18:04 AM  all   18.99    0.00    1.27    0.00    0.00    0.25    0.00    0.00    0.00   79.49
03:18:05 AM  all   18.77    0.00    0.51    0.00    0.00    0.77    0.00    0.00    0.00   79.95
03:18:06 AM  all   17.62    0.00    1.30    0.00    0.00    0.00    0.00    0.00    0.00   81.09
03:18:07 AM  all   18.46    0.00    0.77    0.00    0.00    0.26    0.00    0.00    0.00   80.51
03:18:08 AM  all   18.34    0.00    1.76    0.25    0.00    0.75    0.00    0.00    0.00   78.89
03:18:09 AM  all   18.46    0.00    0.51    0.00    0.00    0.26    0.00    0.00    0.00   80.77
03:18:10 AM  all   18.30    0.00    0.77    0.00    0.00    0.26    0.00    0.00    0.00   80.67
03:18:11 AM  all   20.20    0.00    1.25    0.00    0.00    0.75    0.00    0.00    0.00   77.81
03:18:12 AM  all   17.39    0.00    1.28    0.00    0.00    1.53    0.00    0.00    0.00   79.80
03:18:13 AM  all   20.30    0.00    0.75    0.00    0.00    0.00    0.00    0.00    0.00   78.95
03:18:14 AM  all   17.99    0.00    1.29    0.00    0.00    0.26    0.00    0.00    0.00   80.46
03:18:15 AM  all   20.45    0.00    1.00    0.00    0.00    0.75    0.00    0.00    0.00   77.81
03:18:16 AM  all   18.35    0.00    0.78    0.00    0.00    0.52    0.00    0.00    0.00   80.36
03:18:17 AM  all   19.23    0.00    1.03    0.00    0.00    0.26    0.00    0.00    0.00   79.49
03:18:18 AM  all   18.58    0.00    1.27    0.00    0.00    0.00    0.00    0.00    0.00   80.15
03:18:19 AM  all   19.65    0.00    1.51    0.00    0.00    0.25    0.00    0.00    0.00   78.59
03:18:20 AM  all   18.53    0.00    1.27    0.00    0.00    0.25    0.00    0.00    0.00   79.95
03:18:21 AM  all   18.21    0.00    1.28    0.00    0.00    0.51    0.00    0.00    0.00   80.00
03:18:22 AM  all   17.45    0.00    0.78    0.00    0.00    0.26    0.00    0.00    0.00   81.51
03:18:23 AM  all   18.62    0.00    1.02    0.00    0.00    0.00    0.00    0.00    0.00   80.36
03:18:24 AM  all   18.11    0.00    1.02    0.00    0.00    1.02    0.00    0.00    0.00   79.85
03:18:25 AM  all   18.14    0.00    2.02    0.00    0.00    0.50    0.00    0.00    0.00   79.35
03:18:26 AM  all   18.88    0.00    0.77    0.00    0.00    0.00    0.00    0.00    0.00   80.36
03:18:27 AM  all   18.72    0.00    1.54    0.00    0.00    0.77    0.00    0.00    0.00   78.97
03:18:28 AM  all   18.07    0.00    2.04    0.00    0.00    0.25    0.00    0.00    0.00   79.64
03:18:29 AM  all   20.00    0.00    1.98    0.00    0.00    0.74    0.00    0.00    0.00   77.28
03:18:30 AM  all   20.00    0.00    1.50    0.00    0.00    0.25    0.00    0.00    0.00   78.25
03:18:31 AM  all   21.71    0.00    1.22    0.00    0.00    0.73    0.00    0.00    0.00   76.34
03:18:32 AM  all   17.86    0.00    0.77    0.00    0.00    0.77    0.00    0.00    0.00   80.61
03:18:33 AM  all   19.35    0.00    1.99    0.00    0.00    0.99    0.00    0.00    0.00   77.67
03:18:34 AM  all   19.55    0.00    1.25    0.00    0.00    0.75    0.00    0.00    0.00   78.45
03:18:35 AM  all   19.19    0.00    1.26    0.00    0.00    0.25    0.00    0.00    0.00   79.29
03:18:36 AM  all   18.39    0.00    1.76    0.00    0.00    0.50    0.00    0.00    0.00   79.35
03:18:37 AM  all   19.30    0.00    1.00    0.00    0.00    0.75    0.00    0.00    0.00   78.95
03:18:38 AM  all   19.55    0.00    1.75    0.00    0.00    0.25    0.00    0.00    0.00   78.45
03:18:39 AM  all   19.10    0.00    1.01    0.00    0.00    0.75    0.00    0.00    0.00   79.15
03:18:40 AM  all   18.04    0.00    1.03    0.00    0.00    0.52    0.00    0.00    0.00   80.41
03:18:41 AM  all   18.78    0.00    1.78    0.00    0.00    0.51    0.00    0.00    0.00   78.93
03:18:42 AM  all   20.10    0.00    1.51    0.00    0.00    0.25    0.00    0.00    0.00   78.14
03:18:43 AM  all   19.34    0.00    1.02    0.00    0.00    0.25    0.00    0.00    0.00   79.39
03:18:44 AM  all   18.89    0.00    1.76    0.00    0.00    0.50    0.00    0.00    0.00   78.84
03:18:45 AM  all   20.70    0.00    1.00    0.00    0.00    0.25    0.00    0.00    0.00   78.05
03:18:46 AM  all   20.15    0.00    1.26    0.00    0.00    0.76    0.00    0.00    0.00   77.83
03:18:47 AM  all   19.44    0.00    0.26    0.00    0.00    0.77    0.00    0.00    0.00   79.54
03:18:48 AM  all   20.99    0.00    0.99    0.25    0.00    0.74    0.00    0.00    0.00   77.04
03:18:49 AM  all   20.45    0.00    1.25    0.00    0.00    1.00    0.00    0.00    0.00   77.31
03:18:50 AM  all   17.62    0.00    0.52    0.00    0.00    0.26    0.00    0.00    0.00   81.61
03:18:51 AM  all   19.23    0.00    1.54    0.00    0.00    0.26    0.00    0.00    0.00   78.97
03:18:52 AM  all   19.59    0.00    0.76    0.00    0.00    0.00    0.00    0.00    0.00   79.64
03:18:53 AM  all   20.71    0.00    0.76    0.00    0.00    0.51    0.00    0.00    0.00   78.03
03:18:54 AM  all   20.20    0.00    1.01    0.51    0.00    0.51    0.00    0.00    0.00   77.78
03:18:55 AM  all   17.45    0.00    0.78    0.00    0.00    0.52    0.00    0.00    0.00   81.25
03:18:56 AM  all   21.20    0.00    0.75    0.00    0.00    0.75    0.00    0.00    0.00   77.31
03:18:57 AM  all   19.28    0.00    1.03    0.00    0.00    0.26    0.00    0.00    0.00   79.43
03:18:58 AM  all   20.15    0.00    1.26    0.00    0.00    0.25    0.00    0.00    0.00   78.34
03:18:59 AM  all   18.35    0.00    1.29    0.00    0.00    1.03    0.00    0.00    0.00   79.33
03:19:00 AM  all   18.75    0.00    1.04    0.00    0.00    0.26    0.00    0.00    0.00   79.95
03:19:01 AM  all   16.75    0.00    0.77    0.00    0.00    0.52    0.00    0.00    0.00   81.96
03:19:02 AM  all   16.75    0.00    0.50    0.00    0.00    1.00    0.00    0.00    0.00   81.75
03:19:03 AM  all   19.29    0.00    1.02    0.00    0.00    0.51    0.00    0.00    0.00   79.19
03:19:04 AM  all   19.44    0.00    1.02    0.00    0.00    0.00    0.00    0.00    0.00   79.54
03:19:05 AM  all   18.86    0.00    1.29    0.00    0.00    0.52    0.00    0.00    0.00   79.33
03:19:06 AM  all   20.50    0.00    0.75    0.00    0.00    1.00    0.00    0.00    0.00   77.75
03:19:07 AM  all   17.88    0.00    1.55    0.00    0.00    0.26    0.00    0.00    0.00   80.31
03:19:08 AM  all   18.39    0.00    0.78    0.00    0.00    0.00    0.00    0.00    0.00   80.83
03:19:09 AM  all   20.00    0.00    1.01    0.00    0.00    0.51    0.00    0.00    0.00   78.48
03:19:10 AM  all   19.04    0.00    1.78    0.00    0.00    0.25    0.00    0.00    0.00   78.93
03:19:11 AM  all   17.88    0.00    1.30    0.00    0.00    0.52    0.00    0.00    0.00   80.31
03:19:12 AM  all   19.13    0.00    1.28    0.00    0.00    0.77    0.00    0.00    0.00   78.83
03:19:13 AM  all   20.76    0.00    0.76    0.00    0.00    0.00    0.00    0.00    0.00   78.48
03:19:14 AM  all   18.09    0.00    1.03    0.00    0.00    0.78    0.00    0.00    0.00   80.10
03:19:15 AM  all   20.10    0.00    1.02    0.00    0.00    0.25    0.00    0.00    0.00   78.63
03:19:16 AM  all   19.12    0.00    1.03    0.00    0.00    0.26    0.00    0.00    0.00   79.59
03:19:17 AM  all   20.20    0.00    1.26    0.00    0.00    0.51    0.00    0.00    0.00   78.03
03:19:18 AM  all   19.49    0.00    1.27    0.00    0.00    0.76    0.00    0.00    0.00   78.48
03:19:19 AM  all   19.01    0.00    0.26    0.00    0.00    0.52    0.00    0.00    0.00   80.21
03:19:20 AM  all   16.05    0.00    1.58    0.00    0.00    0.53    0.00    0.00    0.00   81.84
03:19:21 AM  all   17.57    0.00    1.55    0.00    0.00    1.03    0.00    0.00    0.00   79.84
03:19:22 AM  all   19.34    0.00    1.78    0.00    0.00    0.25    0.00    0.00    0.00   78.63
03:19:23 AM  all   19.54    0.00    1.03    0.00    0.00    0.77    0.00    0.00    0.00   78.66
03:19:24 AM  all   19.13    0.00    1.79    0.00    0.00    0.77    0.00    0.00    0.00   78.32
03:19:25 AM  all   19.02    0.00    0.26    0.00    0.00    1.03    0.00    0.00    0.00   79.69
03:19:26 AM  all   19.08    0.00    2.04    0.00    0.00    0.76    0.00    0.00    0.00   78.12
03:19:27 AM  all   20.51    0.00    1.28    0.00    0.00    0.00    0.00    0.00    0.00   78.21
03:19:28 AM  all   19.49    0.00    0.77    0.00    0.00    0.26    0.00    0.00    0.00   79.49
03:19:29 AM  all   19.29    0.00    1.52    0.00    0.00    0.76    0.00    0.00    0.00   78.43
03:19:30 AM  all   18.60    0.00    1.29    0.00    0.00    0.00    0.00    0.00    0.00   80.10
03:19:31 AM  all   21.59    0.00    0.99    0.00    0.00    0.00    0.00    0.00    0.00   77.42
03:19:32 AM  all   19.49    0.00    1.01    0.00    0.00    0.76    0.00    0.00    0.00   78.73
03:19:33 AM  all   17.49    0.00    0.78    0.00    0.00    0.26    0.00    0.00    0.00   81.46
03:19:34 AM  all   18.30    0.00    1.29    0.00    0.00    0.52    0.00    0.00    0.00   79.90
03:19:35 AM  all   18.60    0.00    0.78    0.00    0.00    0.00    0.00    0.00    0.00   80.62
03:19:36 AM  all   17.57    0.00    2.07    0.00    0.00    0.52    0.00    0.00    0.00   79.84
03:19:37 AM  all   18.88    0.00    1.02    0.00    0.00    0.51    0.00    0.00    0.00   79.59
03:19:38 AM  all   19.59    0.00    1.02    0.00    0.00    0.51    0.00    0.00    0.00   78.88
03:19:39 AM  all   18.44    0.00    1.04    0.00    0.00    0.26    0.00    0.00    0.00   80.26
03:19:40 AM  all   19.80    0.00    1.27    0.00    0.00    0.51    0.00    0.00    0.00   78.43
03:19:41 AM  all   18.44    0.00    1.30    0.00    0.00    0.52    0.00    0.00    0.00   79.74
03:19:42 AM  all   20.40    0.00    1.99    0.00    0.00    1.24    0.00    0.00    0.00   76.37
03:19:43 AM  all   19.95    0.00    1.02    0.00    0.00    0.26    0.00    0.00    0.00   78.77
03:19:44 AM  all   20.50    0.00    1.50    0.00    0.00    0.50    0.00    0.00    0.00   77.50
03:19:45 AM  all   20.26    0.00    0.51    0.00    0.00    0.00    0.00    0.00    0.00   79.23
03:19:46 AM  all   18.43    0.00    1.77    0.00    0.00    1.01    0.00    0.00    0.00   78.79
03:19:47 AM  all   18.28    0.00    0.78    0.00    0.00    0.52    0.00    0.00    0.00   80.42
03:19:48 AM  all   19.95    0.00    1.26    0.00    0.00    1.01    0.00    0.00    0.00   77.78
03:19:49 AM  all   21.78    0.00    1.98    0.00    0.00    0.74    0.00    0.00    0.00   75.50
03:19:50 AM  all   20.36    0.00    1.02    0.00    0.00    0.00    0.00    0.00    0.00   78.63
03:19:51 AM  all   22.22    0.00    0.74    0.00    0.00    0.25    0.00    0.00    0.00   76.79
03:19:52 AM  all   20.20    0.00    1.25    0.00    0.00    1.50    0.00    0.00    0.00   77.06
03:19:53 AM  all   20.15    0.00    1.02    0.00    0.00    0.00    0.00    0.00    0.00   78.83
03:19:54 AM  all   19.44    0.00    1.28    0.00    0.00    0.00    0.00    0.00    0.00   79.28
03:19:55 AM  all   18.58    0.00    1.53    0.00    0.00    0.76    0.00    0.00    0.00   79.13
03:19:56 AM  all   21.25    0.00    1.00    0.00    0.00    0.25    0.00    0.00    0.00   77.50
03:19:57 AM  all   19.44    0.00    0.51    0.00    0.00    0.26    0.00    0.00    0.00   79.80
03:19:58 AM  all   18.32    0.00    1.05    0.00    0.00    0.00    0.00    0.00    0.00   80.63
03:19:59 AM  all   20.95    0.00    1.00    0.00    0.00    0.75    0.00    0.00    0.00   77.31
03:20:00 AM  all   18.16    0.00    1.53    0.00    0.00    0.77    0.00    0.00    0.00   79.54
03:20:01 AM  all   16.50    0.00    1.27    0.25    0.00    0.00    0.00    0.00    0.00   81.98
03:20:02 AM  all   17.30    0.00    0.76    0.25    0.00    0.76    0.00    0.00    0.00   80.92
03:20:03 AM  all   18.81    0.00    0.77    0.00    0.00    0.00    0.00    0.00    0.00   80.41
03:20:04 AM  all   18.83    0.00    1.53    0.00    0.00    0.76    0.00    0.00    0.00   78.88
03:20:05 AM  all   20.66    0.00    0.26    0.00    0.00    0.51    0.00    0.00    0.00   78.57
03:20:06 AM  all   17.02    0.00    1.31    0.00    0.00    0.26    0.00    0.00    0.00   81.41
03:20:07 AM  all   20.45    0.00    1.00    0.00    0.00    1.00    0.00    0.00    0.00   77.56
03:20:08 AM  all   17.37    0.00    1.05    0.00    0.00    0.00    0.00    0.00    0.00   81.58
03:20:09 AM  all   20.20    0.00    0.76    0.00    0.00    0.25    0.00    0.00    0.00   78.79
03:20:10 AM  all   17.74    0.00    2.06    0.00    0.00    0.00    0.00    0.00    0.00   80.21
03:20:11 AM  all   20.30    0.00    1.25    0.00    0.00    0.50    0.00    0.00    0.00   77.94
03:20:12 AM  all   18.21    0.00    1.54    0.00    0.00    0.26    0.00    0.00    0.00   80.00
03:20:13 AM  all   17.31    0.00    1.29    0.00    0.00    0.26    0.00    0.00    0.00   81.14
03:20:14 AM  all   18.41    0.00    1.02    0.00    0.00    0.51    0.00    0.00    0.00   80.05
03:20:15 AM  all   19.13    0.00    1.28    0.00    0.00    0.26    0.00    0.00    0.00   79.34
03:20:16 AM  all   19.34    0.00    1.27    0.00    0.00    0.76    0.00    0.00    0.00   78.63
03:20:17 AM  all   20.10    0.00    0.77    0.00    0.00    0.00    0.00    0.00    0.00   79.12
03:20:18 AM  all   17.92    0.00    1.04    0.00    0.00    0.26    0.00    0.00    0.00   80.78
03:20:19 AM  all   15.64    0.00    0.51    0.00    0.00    0.00    0.00    0.00    0.00   83.85
03:20:20 AM  all   13.10    0.00    0.76    0.00    0.00    0.76    0.00    0.00    0.00   85.39
03:20:21 AM  all   11.54    0.00    0.26    0.00    0.00    0.51    0.00    0.00    0.00   87.69
03:20:22 AM  all    9.34    0.00    1.26    0.00    0.00    0.25    0.00    0.00    0.00   89.14
03:20:23 AM  all    9.16    0.00    0.76    0.00    0.00    0.00    0.00    0.00    0.00   90.08
03:20:24 AM  all   10.05    0.00    0.25    0.00    0.00    0.00    0.00    0.00    0.00   89.70
03:20:25 AM  all    6.06    0.00    0.76    0.00    0.00    0.25    0.00    0.00    0.00   92.93
03:20:26 AM  all    3.97    0.00    0.99    0.00    0.00    0.25    0.00    0.00    0.00   94.79
03:20:27 AM  all    5.24    0.00    0.75    0.00    0.00    0.25    0.00    0.00    0.00   93.77
03:20:28 AM  all    1.79    0.00    0.00    0.00    0.00    0.00    0.00    0.00    0.00   98.21
03:20:29 AM  all    1.74    0.00    0.50    0.00    0.00    0.00    0.00    0.00    0.00   97.76
03:20:30 AM  all    0.00    0.00    0.00    0.00    0.00    0.00    0.00    0.00    0.00  100.00
03:20:31 AM  all    0.00    0.00    0.00    0.00    0.00    0.00    0.00    0.00    0.00  100.00
03:20:32 AM  all    0.00    0.00    0.00    0.00    0.00    0.00    0.00    0.00    0.00  100.00
03:20:33 AM  all    0.00    0.00    0.00    0.25    0.00    0.00    0.00    0.00    0.00   99.75
03:20:34 AM  all    0.00    0.00    0.00    0.00    0.00    0.00    0.00    0.00    0.00  100.00
03:20:35 AM  all    0.00    0.00    0.00    0.00    0.00    0.00    0.00    0.00    0.00  100.00
03:20:36 AM  all    0.00    0.00    0.25    0.00    0.00    0.00    0.00    0.00    0.00   99.75
03:20:37 AM  all    0.00    0.00    0.00    0.00    0.00    0.00    0.00    0.00    0.00  100.00
03:20:38 AM  all    0.00    0.00    0.00    0.00    0.00    0.00    0.00    0.00    0.00  100.00
