Linux 5.15.0-173-generic (csb-bench-host-huawei) 	08/06/2026 	_x86_64_	(4 CPU)

02:05:14 AM  CPU    %usr   %nice    %sys %iowait    %irq   %soft  %steal  %guest  %gnice   %idle
02:05:15 AM  all    7.34    0.00    1.27    0.00    0.00    0.25    0.00    0.00    0.00   91.14
02:05:16 AM  all    6.80    0.00    0.25    0.00    0.00    0.25    0.00    0.00    0.00   92.70
02:05:17 AM  all    6.75    0.00    1.00    0.00    0.00    0.00    0.00    0.00    0.00   92.25
02:05:18 AM  all    8.02    0.00    0.25    0.00    0.00    0.00    0.00    0.00    0.00   91.73
02:05:19 AM  all    6.05    0.00    0.25    0.00    0.00    0.25    0.00    0.00    0.00   93.45
02:05:20 AM  all    6.28    0.00    0.75    0.00    0.00    0.25    0.00    0.00    0.00   92.71
02:05:21 AM  all    7.69    0.00    0.50    0.00    0.00    0.25    0.00    0.00    0.00   91.56
02:05:22 AM  all    7.00    0.00    1.00    0.00    0.00    0.00    0.00    0.00    0.00   92.00
02:05:23 AM  all    7.65    0.00    0.00    0.00    0.00    0.49    0.00    0.00    0.00   91.85
02:05:24 AM  all    8.00    0.00    0.50    0.00    0.00    0.00    0.00    0.00    0.00   91.50
02:05:25 AM  all    7.30    0.00    0.25    0.25    0.00    0.00    0.00    0.00    0.00   92.19
02:05:26 AM  all    6.78    0.00    0.50    0.00    0.00    0.00    0.00    0.00    0.00   92.71
02:05:27 AM  all    8.56    0.00    0.25    0.00    0.00    0.00    0.00    0.00    0.00   91.18
02:05:28 AM  all    6.80    0.00    0.25    0.00    0.00    0.25    0.00    0.00    0.00   92.70
02:05:29 AM  all    7.27    0.00    0.50    0.00    0.00    0.00    0.00    0.00    0.00   92.23
02:05:30 AM  all    7.52    0.00    0.25    0.00    0.00    0.50    0.00    0.00    0.00   91.73
02:05:31 AM  all    6.31    0.00    0.25    0.00    0.00    0.00    0.00    0.00    0.00   93.43
02:05:32 AM  all    8.68    0.00    0.25    0.00    0.00    0.00    0.00    0.00    0.00   91.07
02:05:33 AM  all    6.58    0.00    0.25    0.00    0.00    0.00    0.00    0.00    0.00   93.16
02:05:34 AM  all    7.02    0.00    0.50    0.00    0.00    0.25    0.00    0.00    0.00   92.23
02:05:35 AM  all    8.15    0.00    0.49    0.00    0.00    0.00    0.00    0.00    0.00   91.36
02:05:36 AM  all    8.89    0.00    0.25    0.00    0.00    0.25    0.00    0.00    0.00   90.62
02:05:37 AM  all    7.69    0.00    0.50    0.00    0.00    0.00    0.00    0.00    0.00   91.81
02:05:38 AM  all    6.84    0.00    0.25    0.00    0.00    0.00    0.00    0.00    0.00   92.91
02:05:39 AM  all    6.41    0.00    0.51    1.03    0.00    0.26    0.00    0.00    0.00   91.79
02:05:40 AM  all    6.23    0.00    0.50    0.00    0.00    0.50    0.00    0.00    0.00   92.77
02:05:41 AM  all    6.11    0.00    0.25    0.00    0.00    0.25    0.00    0.00    0.00   93.38
02:05:42 AM  all    7.69    0.00    0.50    0.00    0.00    0.25    0.00    0.00    0.00   91.56
02:05:43 AM  all    6.09    0.00    0.76    0.00    0.00    0.25    0.00    0.00    0.00   92.89
02:05:44 AM  all    7.02    0.00    0.50    0.00    0.00    0.00    0.00    0.00    0.00   92.48
02:05:45 AM  all    8.19    0.00    0.25    0.00    0.00    0.00    0.00    0.00    0.00   91.56
02:05:46 AM  all    7.07    0.00    0.00    0.00    0.00    0.00    0.00    0.00    0.00   92.93
02:05:47 AM  all    4.65    0.00    0.26    0.00    0.00    0.00    0.00    0.00    0.00   95.09
02:05:48 AM  all    7.75    0.00    0.50    0.00    0.00    0.00    0.00    0.00    0.00   91.75
02:05:49 AM  all    7.20    0.00    1.24    0.00    0.00    0.25    0.00    0.00    0.00   91.32
02:05:50 AM  all    6.11    0.00    0.25    0.00    0.00    0.00    0.00    0.00    0.00   93.64
02:05:51 AM  all    5.84    0.00    0.00    0.00    0.00    0.25    0.00    0.00    0.00   93.91
02:05:52 AM  all    7.27    0.00    0.75    0.00    0.00    0.00    0.00    0.00    0.00   91.98
02:05:53 AM  all    5.88    0.00    0.26    0.00    0.00    0.00    0.00    0.00    0.00   93.86
02:05:54 AM  all    7.05    0.00    0.25    0.00    0.00    0.25    0.00    0.00    0.00   92.44
02:05:55 AM  all    7.04    0.00    0.50    0.00    0.00    0.00    0.00    0.00    0.00   92.46
02:05:56 AM  all    6.58    0.00    0.00    0.00    0.00    0.00    0.00    0.00    0.00   93.42
02:05:57 AM  all    7.46    0.00    1.00    0.00    0.00    0.50    0.00    0.00    0.00   91.04
02:05:58 AM  all    5.61    0.00    0.26    0.00    0.00    0.26    0.00    0.00    0.00   93.88
02:05:59 AM  all    7.07    0.00    0.00    0.00    0.00    0.25    0.00    0.00    0.00   92.68
02:06:00 AM  all    4.87    0.00    0.26    0.00    0.00    0.26    0.00    0.00    0.00   94.62
02:06:01 AM  all    7.46    0.00    0.50    0.00    0.00    0.25    0.00    0.00    0.00   91.79
02:06:02 AM  all    6.97    0.00    0.25    0.00    0.00    0.25    0.00    0.00    0.00   92.54
02:06:03 AM  all    6.80    0.00    0.25    0.00    0.00    0.00    0.00    0.00    0.00   92.95
02:06:04 AM  all    6.60    0.00    0.25    0.00    0.00    0.00    0.00    0.00    0.00   93.15
02:06:05 AM  all    7.00    0.00    0.75    0.25    0.00    0.25    0.00    0.00    0.00   91.75
02:06:06 AM  all    7.02    0.00    0.50    0.00    0.00    0.25    0.00    0.00    0.00   92.23
02:06:07 AM  all    7.79    0.00    0.00    0.00    0.00    0.00    0.00    0.00    0.00   92.21
02:06:08 AM  all    7.23    0.00    0.50    0.00    0.00    0.50    0.00    0.00    0.00   91.77
02:06:09 AM  all    8.25    0.00    0.25    0.00    0.00    0.00    0.00    0.00    0.00   91.50
02:06:10 AM  all    7.05    0.00    0.25    0.25    0.00    0.25    0.00    0.00    0.00   92.19
02:06:11 AM  all    8.42    0.00    0.74    0.00    0.00    0.00    0.00    0.00    0.00   90.84
02:06:12 AM  all    6.33    0.00    0.25    0.00    0.00    0.00    0.00    0.00    0.00   93.42
02:06:13 AM  all    6.57    0.00    0.51    0.00    0.00    0.25    0.00    0.00    0.00   92.68
02:06:14 AM  all    7.71    0.00    0.25    0.00    0.00    0.00    0.00    0.00    0.00   92.04
02:06:15 AM  all    9.20    0.00    0.50    0.00    0.00    0.75    0.00    0.00    0.00   89.55
02:06:16 AM  all    8.71    0.00    1.00    0.00    0.00    0.50    0.00    0.00    0.00   89.80
02:06:17 AM  all    8.35    0.00    0.51    0.00    0.00    0.00    0.00    0.00    0.00   91.14
02:06:18 AM  all    8.73    0.00    1.00    0.00    0.00    0.25    0.00    0.00    0.00   90.02
02:06:19 AM  all    8.14    0.00    0.25    0.00    0.00    0.00    0.00    0.00    0.00   91.60
02:06:20 AM  all    8.14    0.00    0.51    0.00    0.00    0.00    0.00    0.00    0.00   91.35
02:06:21 AM  all    9.50    0.00    0.25    0.00    0.00    0.00    0.00    0.00    0.00   90.25
02:06:22 AM  all    8.75    0.00    0.75    0.00    0.00    0.25    0.00    0.00    0.00   90.25
02:06:23 AM  all    8.84    0.00    0.51    0.00    0.00    0.00    0.00    0.00    0.00   90.66
02:06:24 AM  all    8.93    0.00    0.99    0.00    0.00    0.25    0.00    0.00    0.00   89.83
02:06:25 AM  all    7.16    0.00    0.51    0.26    0.00    0.00    0.00    0.00    0.00   92.07
02:06:26 AM  all    8.35    0.00    0.76    0.00    0.00    0.00    0.00    0.00    0.00   90.89
02:06:27 AM  all    7.91    0.00    1.02    0.00    0.00    0.51    0.00    0.00    0.00   90.56
02:06:28 AM  all    8.82    0.00    0.50    0.00    0.00    0.00    0.00    0.00    0.00   90.68
02:06:29 AM  all    8.79    0.00    0.50    0.00    0.00    0.00    0.00    0.00    0.00   90.70
02:06:30 AM  all    8.18    0.00    0.26    0.00    0.00    0.00    0.00    0.00    0.00   91.56
02:06:31 AM  all    8.75    0.00    0.50    0.00    0.00    0.25    0.00    0.00    0.00   90.50
02:06:32 AM  all    8.33    0.00    0.76    0.00    0.00    0.00    0.00    0.00    0.00   90.91
02:06:33 AM  all    8.75    0.00    0.75    0.00    0.00    0.25    0.00    0.00    0.00   90.25
02:06:34 AM  all    9.25    0.00    0.50    0.00    0.00    0.25    0.00    0.00    0.00   90.00
02:06:35 AM  all    7.36    0.00    0.76    0.00    0.00    0.25    0.00    0.00    0.00   91.62
02:06:36 AM  all    8.33    0.00    0.51    0.00    0.00    0.00    0.00    0.00    0.00   91.16
02:06:37 AM  all    8.10    0.00    0.76    0.00    0.00    0.00    0.00    0.00    0.00   91.14
02:06:38 AM  all    7.85    0.00    0.51    0.00    0.00    0.25    0.00    0.00    0.00   91.39
02:06:39 AM  all    7.65    0.00    0.00    0.00    0.00    0.26    0.00    0.00    0.00   92.09
02:06:40 AM  all    9.50    0.00    0.25    0.00    0.00    0.00    0.00    0.00    0.00   90.25
02:06:41 AM  all   10.22    0.00    0.25    0.00    0.00    0.00    0.00    0.00    0.00   89.53
02:06:42 AM  all    7.85    0.00    1.01    0.00    0.00    0.00    0.00    0.00    0.00   91.14
02:06:43 AM  all    9.75    0.00    0.00    0.00    0.00    0.00    0.00    0.00    0.00   90.25
02:06:44 AM  all    9.02    0.00    0.50    0.00    0.00    0.25    0.00    0.00    0.00   90.23
02:06:45 AM  all    8.56    0.00    0.50    0.00    0.00    0.25    0.00    0.00    0.00   90.68
02:06:46 AM  all    8.10    0.00    0.76    0.00    0.00    0.00    0.00    0.00    0.00   91.14
02:06:47 AM  all    7.40    0.00    0.26    0.00    0.00    0.51    0.00    0.00    0.00   91.84
02:06:48 AM  all    9.88    0.00    0.74    0.00    0.00    0.25    0.00    0.00    0.00   89.14
02:06:49 AM  all    9.50    0.00    0.50    0.00    0.00    0.00    0.00    0.00    0.00   90.00
02:06:50 AM  all    6.94    0.00    1.03    0.00    0.00    0.00    0.00    0.00    0.00   92.03
02:06:51 AM  all    9.02    0.00    0.50    0.00    0.00    0.00    0.00    0.00    0.00   90.48
02:06:52 AM  all    9.27    0.00    0.25    0.00    0.00    0.00    0.00    0.00    0.00   90.48
02:06:53 AM  all    7.61    0.00    0.51    0.00    0.00    0.00    0.00    0.00    0.00   91.88
02:06:54 AM  all    7.83    0.00    1.01    0.00    0.00    0.25    0.00    0.00    0.00   90.91
02:06:55 AM  all    9.00    0.00    0.50    0.00    0.00    0.50    0.00    0.00    0.00   90.00
02:06:56 AM  all    8.84    0.00    0.25    0.00    0.00    0.00    0.00    0.00    0.00   90.91
02:06:57 AM  all    9.23    0.00    1.00    0.00    0.00    0.25    0.00    0.00    0.00   89.53
02:06:58 AM  all    8.35    0.00    0.00    0.00    0.00    0.25    0.00    0.00    0.00   91.39
02:06:59 AM  all    8.75    0.00    0.75    0.00    0.00    0.00    0.00    0.00    0.00   90.50
02:07:00 AM  all    9.57    0.00    0.50    0.00    0.00    0.00    0.00    0.00    0.00   89.92
02:07:01 AM  all    7.67    0.00    0.00    0.00    0.00    0.00    0.00    0.00    0.00   92.33
02:07:02 AM  all    5.85    0.00    0.25    0.00    0.00    0.25    0.00    0.00    0.00   93.64
02:07:03 AM  all    8.29    0.00    1.01    0.00    0.00    0.00    0.00    0.00    0.00   90.70
02:07:04 AM  all    8.29    0.00    0.50    0.00    0.00    0.25    0.00    0.00    0.00   90.95
02:07:05 AM  all    8.52    0.00    0.75    0.25    0.00    0.75    0.00    0.00    0.00   89.72
02:07:06 AM  all    8.77    0.00    0.75    0.00    0.00    0.00    0.00    0.00    0.00   90.48
02:07:07 AM  all    8.82    0.00    0.50    0.00    0.00    0.00    0.00    0.00    0.00   90.68
02:07:08 AM  all    9.98    0.00    0.50    0.00    0.00    0.00    0.00    0.00    0.00   89.53
02:07:09 AM  all    8.35    0.00    0.51    0.00    0.00    0.25    0.00    0.00    0.00   90.89
02:07:10 AM  all    8.79    0.00    0.25    0.00    0.00    0.25    0.00    0.00    0.00   90.70
02:07:11 AM  all    8.16    0.00    0.00    0.00    0.00    0.00    0.00    0.00    0.00   91.84
02:07:12 AM  all    9.70    0.00    0.50    0.00    0.00    0.00    0.00    0.00    0.00   89.80
02:07:13 AM  all    8.10    0.00    0.51    0.00    0.00    0.00    0.00    0.00    0.00   91.39
02:07:14 AM  all    9.65    0.00    0.50    0.00    0.00    0.00    0.00    0.00    0.00   89.85
02:07:15 AM  all    9.70    0.00    0.50    0.00    0.00    0.50    0.00    0.00    0.00   89.30
02:07:16 AM  all    8.04    0.00    0.75    0.00    0.00    0.25    0.00    0.00    0.00   90.95
02:07:17 AM  all    9.07    0.00    0.00    0.00    0.00    0.00    0.00    0.00    0.00   90.93
02:07:18 AM  all    7.83    0.00    0.76    0.00    0.00    0.25    0.00    0.00    0.00   91.16
02:07:19 AM  all    8.04    0.00    0.50    0.00    0.00    0.50    0.00    0.00    0.00   90.95
02:07:20 AM  all    8.10    0.00    0.51    0.00    0.00    0.00    0.00    0.00    0.00   91.39
02:07:21 AM  all    8.71    0.00    1.00    0.00    0.00    0.25    0.00    0.00    0.00   90.05
02:07:22 AM  all    9.30    0.00    0.00    0.00    0.00    0.00    0.00    0.00    0.00   90.70
02:07:23 AM  all    8.27    0.00    1.00    0.00    0.00    0.25    0.00    0.00    0.00   90.48
02:07:24 AM  all    9.48    0.00    0.25    0.00    0.00    0.00    0.00    0.00    0.00   90.27
02:07:25 AM  all    9.02    0.00    0.50    0.00    0.00    0.25    0.00    0.00    0.00   90.23
02:07:26 AM  all    6.87    0.00    1.02    0.00    0.00    0.00    0.00    0.00    0.00   92.11
02:07:27 AM  all    9.93    0.00    1.24    0.00    0.00    0.50    0.00    0.00    0.00   88.34
02:07:28 AM  all    8.52    0.00    1.00    0.00    0.00    0.00    0.00    0.00    0.00   90.48
02:07:29 AM  all    8.98    0.00    0.75    0.00    0.00    0.00    0.00    0.00    0.00   90.27
02:07:30 AM  all    7.69    0.00    0.00    0.00    0.00    0.00    0.00    0.00    0.00   92.31
02:07:31 AM  all    8.08    0.00    0.25    0.00    0.00    0.51    0.00    0.00    0.00   91.16
02:07:32 AM  all    8.59    0.00    0.25    0.00    0.00    0.00    0.00    0.00    0.00   91.16
02:07:33 AM  all    8.59    0.00    0.25    0.00    0.00    0.00    0.00    0.00    0.00   91.16
02:07:34 AM  all    6.94    0.00    0.00    0.00    0.00    0.26    0.00    0.00    0.00   92.80
02:07:35 AM  all    7.89    0.00    0.51    0.00    0.00    0.00    0.00    0.00    0.00   91.60
02:07:36 AM  all    8.59    0.00    0.25    0.00    0.00    0.25    0.00    0.00    0.00   90.91
02:07:37 AM  all    8.08    0.00    0.51    0.00    0.00    0.25    0.00    0.00    0.00   91.16
02:07:38 AM  all    7.89    0.00    0.25    0.00    0.00    0.00    0.00    0.00    0.00   91.86
02:07:39 AM  all    9.27    0.00    1.00    0.00    0.00    0.00    0.00    0.00    0.00   89.72
02:07:40 AM  all   10.45    0.00    0.50    0.00    0.00    0.00    0.00    0.00    0.00   89.05
02:07:41 AM  all    9.00    0.00    0.75    0.00    0.00    0.00    0.00    0.00    0.00   90.25
02:07:42 AM  all    8.61    0.00    0.25    0.00    0.00    0.25    0.00    0.00    0.00   90.89
02:07:43 AM  all    8.77    0.00    1.00    0.00    0.00    0.00    0.00    0.00    0.00   90.23
02:07:44 AM  all    8.61    0.00    0.25    0.00    0.00    0.00    0.00    0.00    0.00   91.14
02:07:45 AM  all   10.05    0.00    1.01    0.00    0.00    0.25    0.00    0.00    0.00   88.69
02:07:46 AM  all   10.46    0.00    0.51    0.00    0.00    0.00    0.00    0.00    0.00   89.03
02:07:47 AM  all   12.63    0.00    1.26    0.00    0.00    0.00    0.00    0.00    0.00   86.11
02:07:48 AM  all   17.51    0.00    0.51    0.00    0.00    0.25    0.00    0.00    0.00   81.73
02:07:49 AM  all   20.16    0.00    1.31    0.00    0.00    0.79    0.00    0.00    0.00   77.75
02:07:50 AM  all   26.58    0.00    1.52    0.00    0.00    0.00    0.00    0.00    0.00   71.90
02:07:51 AM  all   27.21    0.00    2.94    0.00    0.00    1.23    0.00    0.00    0.00   68.63
02:07:52 AM  all   26.79    0.00    1.53    0.00    0.00    0.77    0.00    0.00    0.00   70.92
02:07:53 AM  all   27.30    0.00    2.81    0.00    0.00    0.77    0.00    0.00    0.00   69.13
02:07:54 AM  all   26.46    0.00    1.53    0.00    0.00    1.02    0.00    0.00    0.00   70.99
02:07:55 AM  all   24.60    0.00    1.59    0.00    0.00    0.26    0.00    0.00    0.00   73.54
02:07:56 AM  all   25.71    0.00    1.56    0.00    0.00    1.04    0.00    0.00    0.00   71.69
02:07:57 AM  all   27.41    0.00    1.52    0.00    0.00    1.02    0.00    0.00    0.00   70.05
02:07:58 AM  all   26.90    0.00    1.78    0.00    0.00    1.27    0.00    0.00    0.00   70.05
02:07:59 AM  all   28.25    0.00    2.25    0.00    0.00    0.50    0.00    0.00    0.00   69.00
02:08:00 AM  all   27.46    0.00    1.76    0.00    0.00    1.76    0.00    0.00    0.00   69.02
02:08:01 AM  all   27.59    0.00    1.27    0.00    0.00    1.01    0.00    0.00    0.00   70.13
02:08:02 AM  all   23.08    0.00    1.74    0.00    0.00    1.24    0.00    0.00    0.00   73.95
02:08:03 AM  all   26.33    0.00    2.53    0.00    0.00    0.76    0.00    0.00    0.00   70.38
02:08:04 AM  all   29.37    0.00    2.43    0.00    0.00    0.73    0.00    0.00    0.00   67.48
02:08:05 AM  all   28.50    0.00    1.50    0.00    0.00    1.00    0.00    0.00    0.00   69.00
02:08:06 AM  all   27.50    0.00    1.50    0.00    0.00    1.00    0.00    0.00    0.00   70.00
02:08:07 AM  all   25.06    0.00    1.81    0.00    0.00    0.78    0.00    0.00    0.00   72.35
02:08:08 AM  all   26.26    0.00    2.02    0.00    0.00    1.01    0.00    0.00    0.00   70.71
02:08:09 AM  all   28.32    0.00    1.00    0.00    0.00    0.75    0.00    0.00    0.00   69.92
02:08:10 AM  all   25.77    0.00    1.80    0.26    0.00    0.26    0.00    0.00    0.00   71.91
02:08:11 AM  all   26.60    0.00    1.28    0.00    0.00    1.02    0.00    0.00    0.00   71.10
02:08:12 AM  all   26.53    0.00    1.79    0.00    0.00    0.77    0.00    0.00    0.00   70.92
02:08:13 AM  all   27.07    0.00    2.01    0.00    0.00    0.25    0.00    0.00    0.00   70.68
02:08:14 AM  all   24.34    0.00    1.59    0.00    0.00    0.26    0.00    0.00    0.00   73.81
02:08:15 AM  all   26.97    0.00    1.02    0.00    0.00    0.76    0.00    0.00    0.00   71.25
02:08:16 AM  all   30.07    0.00    1.96    0.00    0.00    0.49    0.00    0.00    0.00   67.48
02:08:17 AM  all   25.33    0.00    1.31    0.00    0.00    1.04    0.00    0.00    0.00   72.32
02:08:18 AM  all   25.64    0.00    2.05    0.00    0.00    1.28    0.00    0.00    0.00   71.03
02:08:19 AM  all   27.43    0.00    2.00    0.00    0.00    0.75    0.00    0.00    0.00   69.83
02:08:20 AM  all   27.99    0.00    1.27    0.00    0.00    0.76    0.00    0.00    0.00   69.97
02:08:21 AM  all   27.14    0.00    2.01    0.00    0.00    1.01    0.00    0.00    0.00   69.85
02:08:22 AM  all   30.15    0.00    1.72    0.00    0.00    0.98    0.00    0.00    0.00   67.16
02:08:23 AM  all   27.41    0.00    2.28    0.00    0.00    1.02    0.00    0.00    0.00   69.29
02:08:24 AM  all   25.97    0.00    1.56    0.00    0.00    1.04    0.00    0.00    0.00   71.43
02:08:25 AM  all   28.39    0.00    1.76    0.00    0.00    1.01    0.00    0.00    0.00   68.84
02:08:26 AM  all   31.30    0.00    1.71    0.00    0.00    0.24    0.00    0.00    0.00   66.75
02:08:27 AM  all   30.49    0.00    1.95    0.00    0.00    1.22    0.00    0.00    0.00   66.34
02:08:28 AM  all   29.40    0.00    2.65    0.00    0.00    1.20    0.00    0.00    0.00   66.75
02:08:29 AM  all   30.49    0.00    1.22    0.00    0.00    0.73    0.00    0.00    0.00   67.56
02:08:30 AM  all   28.89    0.00    1.26    0.00    0.00    0.75    0.00    0.00    0.00   69.10
02:08:31 AM  all   27.41    0.00    1.27    0.00    0.00    1.27    0.00    0.00    0.00   70.05
02:08:32 AM  all   26.41    0.00    2.05    0.00    0.00    0.77    0.00    0.00    0.00   70.77
02:08:33 AM  all   28.89    0.00    1.26    0.00    0.00    1.01    0.00    0.00    0.00   68.84
02:08:34 AM  all   29.03    0.00    1.49    0.00    0.00    0.50    0.00    0.00    0.00   68.98
02:08:35 AM  all   28.68    0.00    2.00    0.00    0.00    0.75    0.00    0.00    0.00   68.58
02:08:36 AM  all   27.09    0.00    1.27    0.00    0.00    1.01    0.00    0.00    0.00   70.63
02:08:37 AM  all   26.42    0.00    1.30    0.00    0.00    0.78    0.00    0.00    0.00   71.50
02:08:38 AM  all   29.41    0.00    1.96    0.00    0.00    1.23    0.00    0.00    0.00   67.40
02:08:39 AM  all   27.00    0.00    2.75    0.00    0.00    0.75    0.00    0.00    0.00   69.50
02:08:40 AM  all   29.53    0.00    2.48    0.00    0.00    0.99    0.00    0.00    0.00   67.00
02:08:41 AM  all   26.21    0.00    1.53    0.00    0.00    1.78    0.00    0.00    0.00   70.48
02:08:42 AM  all   30.45    0.00    1.49    0.00    0.00    0.50    0.00    0.00    0.00   67.57
02:08:43 AM  all   26.85    0.00    1.53    0.00    0.00    0.77    0.00    0.00    0.00   70.84
02:08:44 AM  all   28.32    0.00    1.75    0.00    0.00    1.00    0.00    0.00    0.00   68.92
02:08:45 AM  all   29.17    0.00    1.47    0.00    0.00    1.23    0.00    0.00    0.00   68.14
02:08:46 AM  all   26.70    0.00    0.79    0.00    0.00    1.05    0.00    0.00    0.00   71.47
02:08:47 AM  all   27.00    0.00    2.50    0.00    0.00    1.50    0.00    0.00    0.00   69.00
02:08:48 AM  all   28.13    0.00    1.53    0.00    0.00    0.00    0.00    0.00    0.00   70.33
02:08:49 AM  all   25.98    0.00    1.05    0.00    0.00    1.31    0.00    0.00    0.00   71.65
02:08:50 AM  all   25.96    0.00    2.31    0.00    0.00    0.51    0.00    0.00    0.00   71.21
02:08:51 AM  all   30.99    0.00    1.69    0.00    0.00    0.73    0.00    0.00    0.00   66.59
02:08:52 AM  all   26.41    0.00    1.54    0.00    0.00    1.54    0.00    0.00    0.00   70.51
02:08:53 AM  all   27.48    0.00    1.27    0.00    0.00    0.76    0.00    0.00    0.00   70.48
02:08:54 AM  all   28.24    0.00    1.78    0.00    0.00    0.76    0.00    0.00    0.00   69.21
02:08:55 AM  all   26.42    0.00    1.81    0.00    0.00    0.78    0.00    0.00    0.00   70.98
02:08:56 AM  all   27.20    0.00    1.04    0.00    0.00    1.04    0.00    0.00    0.00   70.73
02:08:57 AM  all   26.67    0.00    2.05    0.00    0.00    0.26    0.00    0.00    0.00   71.03
02:08:58 AM  all   27.09    0.00    1.52    0.00    0.00    1.01    0.00    0.00    0.00   70.38
02:08:59 AM  all   28.57    0.00    1.53    0.00    0.00    0.00    0.00    0.00    0.00   69.90
02:09:00 AM  all   30.73    0.00    2.44    0.00    0.00    0.24    0.00    0.00    0.00   66.59
02:09:01 AM  all   26.88    0.00    1.76    0.00    0.00    0.75    0.00    0.00    0.00   70.60
02:09:02 AM  all   21.27    0.00    1.77    0.00    0.00    0.51    0.00    0.00    0.00   76.46
02:09:03 AM  all   27.82    0.00    1.75    0.00    0.00    1.50    0.00    0.00    0.00   68.92
02:09:04 AM  all   25.84    0.00    2.07    0.00    0.00    1.29    0.00    0.00    0.00   70.80
02:09:05 AM  all   26.48    0.00    1.54    0.00    0.00    0.51    0.00    0.00    0.00   71.47
02:09:06 AM  all   25.84    0.00    1.55    0.00    0.00    1.03    0.00    0.00    0.00   71.58
02:09:07 AM  all   27.27    0.00    2.02    0.00    0.00    1.26    0.00    0.00    0.00   69.44
02:09:08 AM  all   27.74    0.00    1.53    0.00    0.00    0.76    0.00    0.00    0.00   69.97
02:09:09 AM  all   27.76    0.00    1.03    0.00    0.00    0.51    0.00    0.00    0.00   70.69
02:09:10 AM  all   28.50    0.00    1.27    0.00    0.00    0.76    0.00    0.00    0.00   69.47
02:09:11 AM  all   28.36    0.00    1.99    0.00    0.00    1.24    0.00    0.00    0.00   68.41
02:09:12 AM  all   27.07    0.00    2.51    0.00    0.00    0.25    0.00    0.00    0.00   70.18
02:09:13 AM  all   26.04    0.00    1.04    0.00    0.00    0.52    0.00    0.00    0.00   72.40
02:09:14 AM  all   25.65    0.00    1.55    0.00    0.00    0.78    0.00    0.00    0.00   72.02
02:09:15 AM  all   26.22    0.00    1.80    0.26    0.00    0.77    0.00    0.00    0.00   70.95
02:09:16 AM  all   25.97    0.00    2.08    0.00    0.00    0.26    0.00    0.00    0.00   71.69
02:09:17 AM  all   28.64    0.00    1.51    0.00    0.00    0.50    0.00    0.00    0.00   69.35
02:09:18 AM  all   28.47    0.00    1.49    0.00    0.00    1.49    0.00    0.00    0.00   68.56
02:09:19 AM  all   27.82    0.00    2.01    0.00    0.00    0.50    0.00    0.00    0.00   69.67
02:09:20 AM  all   27.14    0.00    1.51    0.00    0.00    0.75    0.00    0.00    0.00   70.60
02:09:21 AM  all   24.42    0.00    2.08    0.00    0.00    0.78    0.00    0.00    0.00   72.73
02:09:22 AM  all   27.32    0.00    1.25    0.00    0.00    1.00    0.00    0.00    0.00   70.43
02:09:23 AM  all   29.14    0.00    1.73    0.00    0.00    0.99    0.00    0.00    0.00   68.15
02:09:24 AM  all   27.09    0.00    2.78    0.00    0.00    0.51    0.00    0.00    0.00   69.62
02:09:25 AM  all   29.70    0.00    0.99    0.00    0.00    0.99    0.00    0.00    0.00   68.32
02:09:26 AM  all   25.39    0.00    1.57    0.00    0.00    0.79    0.00    0.00    0.00   72.25
02:09:27 AM  all   26.04    0.00    2.34    0.00    0.00    0.78    0.00    0.00    0.00   70.83
02:09:28 AM  all   26.97    0.00    2.54    0.00    0.00    1.02    0.00    0.00    0.00   69.47
02:09:29 AM  all   24.27    0.00    2.11    0.00    0.00    0.53    0.00    0.00    0.00   73.09
02:09:30 AM  all   28.97    0.00    1.51    0.00    0.00    0.76    0.00    0.00    0.00   68.77
02:09:31 AM  all   24.48    0.00    3.09    0.00    0.00    1.03    0.00    0.00    0.00   71.39
02:09:32 AM  all   26.41    0.00    1.79    0.00    0.00    0.51    0.00    0.00    0.00   71.28
02:09:33 AM  all   29.20    0.00    2.68    0.00    0.00    0.73    0.00    0.00    0.00   67.40
02:09:34 AM  all   25.79    0.00    1.05    0.00    0.00    1.05    0.00    0.00    0.00   72.11
02:09:35 AM  all   27.20    0.00    1.01    0.00    0.00    1.51    0.00    0.00    0.00   70.28
02:09:36 AM  all   25.91    0.00    1.55    0.00    0.00    0.52    0.00    0.00    0.00   72.02
02:09:37 AM  all   27.71    0.00    1.76    0.00    0.00    0.76    0.00    0.00    0.00   69.77
02:09:38 AM  all   26.22    0.00    1.80    0.00    0.00    1.29    0.00    0.00    0.00   70.69
02:09:39 AM  all   24.93    0.00    1.57    0.00    0.00    0.79    0.00    0.00    0.00   72.70
02:09:40 AM  all   32.79    0.00    2.33    0.00    0.00    1.16    0.00    0.00    0.00   63.72
02:09:41 AM  all   29.21    0.00    1.73    0.00    0.00    0.74    0.00    0.00    0.00   68.32
02:09:42 AM  all   29.57    0.00    1.00    0.00    0.00    1.00    0.00    0.00    0.00   68.42
02:09:43 AM  all   29.03    0.00    1.24    0.00    0.00    0.74    0.00    0.00    0.00   68.98
02:09:44 AM  all   26.55    0.00    1.55    0.00    0.00    0.52    0.00    0.00    0.00   71.39
02:09:45 AM  all   30.02    0.00    1.49    0.25    0.00    0.74    0.00    0.00    0.00   67.49
02:09:46 AM  all   27.71    0.00    2.52    0.00    0.00    1.01    0.00    0.00    0.00   68.77
02:09:47 AM  all   31.19    0.00    2.14    0.00    0.00    0.71    0.00    0.00    0.00   65.95
02:09:48 AM  all   27.37    0.00    1.79    0.00    0.00    0.51    0.00    0.00    0.00   70.33
02:09:49 AM  all   27.53    0.00    1.52    0.00    0.00    0.76    0.00    0.00    0.00   70.20
02:09:50 AM  all   28.01    0.00    2.21    0.00    0.00    0.98    0.00    0.00    0.00   68.80
02:09:51 AM  all   31.84    0.00    1.18    0.00    0.00    1.18    0.00    0.00    0.00   65.80
02:09:52 AM  all   25.78    0.00    1.82    0.26    0.00    0.00    0.00    0.00    0.00   72.14
02:09:53 AM  all   27.09    0.00    1.27    0.00    0.00    1.27    0.00    0.00    0.00   70.38
02:09:54 AM  all   27.96    0.00    1.26    0.00    0.00    1.26    0.00    0.00    0.00   69.52
02:09:55 AM  all   27.78    0.00    2.02    0.00    0.00    1.01    0.00    0.00    0.00   69.19
02:09:56 AM  all   27.65    0.00    0.52    0.00    0.00    0.52    0.00    0.00    0.00   71.32
02:09:57 AM  all   28.54    0.00    1.52    0.00    0.00    0.76    0.00    0.00    0.00   69.19
02:09:58 AM  all   27.25    0.00    1.03    0.00    0.00    0.51    0.00    0.00    0.00   71.21
02:09:59 AM  all   28.06    0.00    1.79    0.00    0.00    0.51    0.00    0.00    0.00   69.64
02:10:00 AM  all   28.25    0.00    1.75    0.00    0.00    1.25    0.00    0.00    0.00   68.75
02:10:01 AM  all   27.52    0.00    2.95    0.00    0.00    0.98    0.00    0.00    0.00   68.55
02:10:02 AM  all   20.10    0.00    0.51    0.00    0.00    0.76    0.00    0.00    0.00   78.63
02:10:03 AM  all   29.14    0.00    1.73    0.00    0.00    0.74    0.00    0.00    0.00   68.40
02:10:04 AM  all   23.83    0.00    2.07    0.00    0.00    1.04    0.00    0.00    0.00   73.06
02:10:05 AM  all   27.32    0.00    1.75    0.25    0.00    1.25    0.00    0.00    0.00   69.42
02:10:06 AM  all   24.01    0.00    1.32    0.00    0.00    0.53    0.00    0.00    0.00   74.14
02:10:07 AM  all   26.41    0.00    1.79    0.00    0.00    0.77    0.00    0.00    0.00   71.03
02:10:08 AM  all   28.89    0.00    1.98    0.00    0.00    0.74    0.00    0.00    0.00   68.40
02:10:09 AM  all   25.96    0.00    1.29    0.00    0.00    1.03    0.00    0.00    0.00   71.72
02:10:10 AM  all   26.34    0.00    1.02    0.00    0.00    1.79    0.00    0.00    0.00   70.84
02:10:11 AM  all   26.03    0.00    2.32    0.00    0.00    0.52    0.00    0.00    0.00   71.13
02:10:12 AM  all   26.90    0.00    1.27    0.00    0.00    1.02    0.00    0.00    0.00   70.81
02:10:13 AM  all   24.80    0.00    1.31    0.00    0.00    0.52    0.00    0.00    0.00   73.37
02:10:14 AM  all   27.59    0.00    1.52    0.00    0.00    0.51    0.00    0.00    0.00   70.38
02:10:15 AM  all   29.80    0.00    1.48    0.00    0.00    0.99    0.00    0.00    0.00   67.73
02:10:16 AM  all   26.41    0.00    1.28    0.00    0.00    1.03    0.00    0.00    0.00   71.28
02:10:17 AM  all   29.41    0.00    2.21    0.00    0.00    0.74    0.00    0.00    0.00   67.65
02:10:18 AM  all   25.40    0.00    1.85    0.00    0.00    0.79    0.00    0.00    0.00   71.96
02:10:19 AM  all   25.52    0.00    1.29    0.00    0.00    0.77    0.00    0.00    0.00   72.42
02:10:20 AM  all   25.96    0.00    2.06    0.00    0.00    0.51    0.00    0.00    0.00   71.47
02:10:21 AM  all   26.28    0.00    1.53    0.00    0.00    1.53    0.00    0.00    0.00   70.66
02:10:22 AM  all   25.19    0.00    1.56    0.00    0.00    1.04    0.00    0.00    0.00   72.21
02:10:23 AM  all   25.82    0.00    1.52    0.00    0.00    1.27    0.00    0.00    0.00   71.39
02:10:24 AM  all   29.88    0.00    1.48    0.00    0.00    0.25    0.00    0.00    0.00   68.40
02:10:25 AM  all   27.66    0.00    1.78    0.00    0.00    0.51    0.00    0.00    0.00   70.05
02:10:26 AM  all   25.78    0.00    1.56    0.00    0.00    0.52    0.00    0.00    0.00   72.14
02:10:27 AM  all   30.58    0.00    2.43    0.00    0.00    0.97    0.00    0.00    0.00   66.02
02:10:28 AM  all   25.52    0.00    2.06    0.00    0.00    1.03    0.00    0.00    0.00   71.39
02:10:29 AM  all   26.77    0.00    2.53    0.00    0.00    0.76    0.00    0.00    0.00   69.95
02:10:30 AM  all   26.97    0.00    1.53    0.00    0.00    1.02    0.00    0.00    0.00   70.48
02:10:31 AM  all   26.17    0.00    1.30    0.00    0.00    1.04    0.00    0.00    0.00   71.50
02:10:32 AM  all   22.93    0.00    2.40    0.00    0.00    0.00    0.00    0.00    0.00   74.67
02:10:33 AM  all   15.01    0.00    1.53    0.00    0.00    0.25    0.00    0.00    0.00   83.21
02:10:34 AM  all   12.21    0.00    1.02    0.00    0.00    0.76    0.00    0.00    0.00   86.01
02:10:35 AM  all   12.85    0.00    0.51    0.00    0.00    0.00    0.00    0.00    0.00   86.63
02:10:36 AM  all   14.89    0.00    0.99    0.00    0.00    0.50    0.00    0.00    0.00   83.62
02:10:37 AM  all   20.77    0.00    1.79    0.26    0.00    0.77    0.00    0.00    0.00   76.41
02:10:38 AM  all   29.20    0.00    2.68    0.00    0.00    0.97    0.00    0.00    0.00   67.15
02:10:39 AM  all   27.55    0.00    1.79    0.00    0.00    0.51    0.00    0.00    0.00   70.15
02:10:40 AM  all   23.68    0.00    2.37    0.00    0.00    1.05    0.00    0.00    0.00   72.89
02:10:41 AM  all   26.49    0.00    1.30    0.00    0.00    1.04    0.00    0.00    0.00   71.17
02:10:42 AM  all   27.23    0.00    1.27    0.00    0.00    1.27    0.00    0.00    0.00   70.23
02:10:43 AM  all   28.82    0.00    1.00    0.00    0.00    1.25    0.00    0.00    0.00   68.92
02:10:44 AM  all   26.44    0.00    1.31    0.00    0.00    1.05    0.00    0.00    0.00   71.20
02:10:45 AM  all   28.75    0.00    2.21    0.00    0.00    0.98    0.00    0.00    0.00   68.06
02:10:46 AM  all   24.23    0.00    2.32    0.00    0.00    0.77    0.00    0.00    0.00   72.68
02:10:47 AM  all   27.34    0.00    2.03    0.00    0.00    0.76    0.00    0.00    0.00   69.87
02:10:48 AM  all   26.49    0.00    1.56    0.00    0.00    0.52    0.00    0.00    0.00   71.43
02:10:49 AM  all   25.33    0.00    1.57    0.00    0.00    0.78    0.00    0.00    0.00   72.32
02:10:50 AM  all   26.10    0.00    1.81    0.00    0.00    0.78    0.00    0.00    0.00   71.32
02:10:51 AM  all   27.41    0.00    2.03    0.00    0.00    1.02    0.00    0.00    0.00   69.54
02:10:52 AM  all   29.83    0.00    2.20    0.00    0.00    0.73    0.00    0.00    0.00   67.24
02:10:53 AM  all   27.34    0.00    1.27    0.00    0.00    1.01    0.00    0.00    0.00   70.38
02:10:54 AM  all   28.71    0.00    2.23    0.00    0.00    0.74    0.00    0.00    0.00   68.32
02:10:55 AM  all   28.57    0.00    2.46    0.00    0.00    1.23    0.00    0.00    0.00   67.73
02:10:56 AM  all   28.03    0.00    1.01    0.00    0.00    1.01    0.00    0.00    0.00   69.95
02:10:57 AM  all   26.19    0.00    0.79    0.00    0.00    0.79    0.00    0.00    0.00   72.22
02:10:58 AM  all   26.90    0.00    2.03    0.00    0.00    0.76    0.00    0.00    0.00   70.30
02:10:59 AM  all   28.14    0.00    2.26    0.00    0.00    1.26    0.00    0.00    0.00   68.34
02:11:00 AM  all   27.06    0.00    1.80    0.00    0.00    0.26    0.00    0.00    0.00   70.88
02:11:01 AM  all   25.95    0.00    2.54    0.00    0.00    1.02    0.00    0.00    0.00   70.48
02:11:02 AM  all   21.78    0.00    1.24    0.00    0.00    0.74    0.00    0.00    0.00   76.24
02:11:03 AM  all   27.84    0.00    1.03    0.00    0.00    0.52    0.00    0.00    0.00   70.62
02:11:04 AM  all   25.77    0.00    1.55    0.00    0.00    1.03    0.00    0.00    0.00   71.65
02:11:05 AM  all   25.92    0.00    1.05    0.00    0.00    1.05    0.00    0.00    0.00   71.99
02:11:06 AM  all   27.34    0.00    1.52    0.00    0.00    0.76    0.00    0.00    0.00   70.38
02:11:07 AM  all   28.35    0.00    1.52    0.00    0.00    0.51    0.00    0.00    0.00   69.62
02:11:08 AM  all   26.61    0.00    1.29    0.00    0.00    1.55    0.00    0.00    0.00   70.54
02:11:09 AM  all   25.46    0.00    1.05    0.00    0.00    0.79    0.00    0.00    0.00   72.70
02:11:10 AM  all   26.53    0.00    2.04    0.00    0.00    1.02    0.00    0.00    0.00   70.41
02:11:11 AM  all   26.72    0.00    1.78    0.00    0.00    1.02    0.00    0.00    0.00   70.48
02:11:12 AM  all   28.18    0.00    2.24    0.00    0.00    1.25    0.00    0.00    0.00   68.33
02:11:13 AM  all   24.47    0.00    1.58    0.00    0.00    0.79    0.00    0.00    0.00   73.16
02:11:14 AM  all   29.04    0.00    0.51    0.00    0.00    1.01    0.00    0.00    0.00   69.44
02:11:15 AM  all   25.77    0.00    2.06    0.00    0.00    1.29    0.00    0.00    0.00   70.88
02:11:16 AM  all   25.85    0.00    1.31    0.00    0.00    0.78    0.00    0.00    0.00   72.06
02:11:17 AM  all   30.49    0.00    1.95    0.00    0.00    0.98    0.00    0.00    0.00   66.59
02:11:18 AM  all   28.00    0.00    2.25    0.00    0.00    0.75    0.00    0.00    0.00   69.00
02:11:19 AM  all   26.60    0.00    1.79    0.00    0.00    1.28    0.00    0.00    0.00   70.33
02:11:20 AM  all   26.36    0.00    1.81    0.00    0.00    0.78    0.00    0.00    0.00   71.06
02:11:21 AM  all   26.10    0.00    2.07    0.00    0.00    1.29    0.00    0.00    0.00   70.54
02:11:22 AM  all   28.54    0.00    2.23    0.00    0.00    0.50    0.00    0.00    0.00   68.73
02:11:23 AM  all   26.10    0.00    1.55    0.00    0.00    0.78    0.00    0.00    0.00   71.58
02:11:24 AM  all   28.17    0.00    1.52    0.00    0.00    1.02    0.00    0.00    0.00   69.29
02:11:25 AM  all   29.57    0.00    1.00    0.00    0.00    0.75    0.00    0.00    0.00   68.67
02:11:26 AM  all   29.28    0.00    1.49    0.00    0.00    0.99    0.00    0.00    0.00   68.24
02:11:27 AM  all   29.95    0.00    1.98    0.00    0.00    0.99    0.00    0.00    0.00   67.08
02:11:28 AM  all   24.93    0.00    2.36    0.00    0.00    0.52    0.00    0.00    0.00   72.18
02:11:29 AM  all   28.82    0.00    1.75    0.00    0.00    0.50    0.00    0.00    0.00   68.92
02:11:30 AM  all   28.39    0.00    2.26    0.00    0.00    0.50    0.00    0.00    0.00   68.84
02:11:31 AM  all   27.78    0.00    2.02    0.00    0.00    0.76    0.00    0.00    0.00   69.44
02:11:32 AM  all   28.21    0.00    2.02    0.00    0.00    0.76    0.00    0.00    0.00   69.02
02:11:33 AM  all   29.72    0.00    1.76    0.00    0.00    0.50    0.00    0.00    0.00   68.01
02:11:34 AM  all   29.72    0.00    1.26    0.00    0.00    0.50    0.00    0.00    0.00   68.51
02:11:35 AM  all   27.62    0.00    1.79    0.00    0.00    1.02    0.00    0.00    0.00   69.57
02:11:36 AM  all   30.49    0.00    1.22    0.00    0.00    1.46    0.00    0.00    0.00   66.83
02:11:37 AM  all   29.29    0.00    0.76    0.00    0.00    1.77    0.00    0.00    0.00   68.18
02:11:38 AM  all   26.38    0.00    2.26    0.00    0.00    1.01    0.00    0.00    0.00   70.35
02:11:39 AM  all   29.83    0.00    1.47    0.00    0.00    0.98    0.00    0.00    0.00   67.73
02:11:40 AM  all   29.25    0.00    3.00    0.00    0.00    0.75    0.00    0.00    0.00   67.00
02:11:41 AM  all   28.36    0.00    2.24    0.00    0.00    1.00    0.00    0.00    0.00   68.41
02:11:42 AM  all   28.47    0.00    2.23    0.00    0.00    1.49    0.00    0.00    0.00   67.82
02:11:43 AM  all   26.34    0.00    1.79    0.00    0.00    1.28    0.00    0.00    0.00   70.59
02:11:44 AM  all   29.58    0.00    2.44    0.00    0.00    0.49    0.00    0.00    0.00   67.48
02:11:45 AM  all   30.62    0.00    0.99    0.00    0.00    1.23    0.00    0.00    0.00   67.16
02:11:46 AM  all   29.63    0.00    1.73    0.00    0.00    0.49    0.00    0.00    0.00   68.15
02:11:47 AM  all   29.00    0.00    1.75    0.00    0.00    0.25    0.00    0.00    0.00   69.00
02:11:48 AM  all   28.50    0.00    2.95    0.00    0.00    0.98    0.00    0.00    0.00   67.57
02:11:49 AM  all   29.41    0.00    1.72    0.00    0.00    0.98    0.00    0.00    0.00   67.89
02:11:50 AM  all   30.69    0.00    0.99    0.00    0.00    0.50    0.00    0.00    0.00   67.82
02:11:51 AM  all   27.39    0.00    1.26    0.00    0.00    1.51    0.00    0.00    0.00   69.85
02:11:52 AM  all   26.15    0.00    1.79    0.00    0.00    1.28    0.00    0.00    0.00   70.77
02:11:53 AM  all   29.58    0.00    1.22    0.00    0.00    0.73    0.00    0.00    0.00   68.46
02:11:54 AM  all   29.00    0.00    1.75    0.00    0.00    0.75    0.00    0.00    0.00   68.50
02:11:55 AM  all   28.68    0.00    1.50    0.00    0.00    1.00    0.00    0.00    0.00   68.83
02:11:56 AM  all   28.78    0.00    1.99    0.00    0.00    0.74    0.00    0.00    0.00   68.49
02:11:57 AM  all   26.29    0.00    2.32    0.00    0.00    0.52    0.00    0.00    0.00   70.88
02:11:58 AM  all   25.40    0.00    2.38    0.00    0.00    0.53    0.00    0.00    0.00   71.69
02:11:59 AM  all   30.60    0.00    1.24    0.00    0.00    1.00    0.00    0.00    0.00   67.16
02:12:00 AM  all   26.46    0.00    1.59    0.00    0.00    0.79    0.00    0.00    0.00   71.16
02:12:01 AM  all   26.28    0.00    2.55    0.00    0.00    1.02    0.00    0.00    0.00   70.15
02:12:02 AM  all   21.46    0.00    0.76    0.00    0.00    1.01    0.00    0.00    0.00   76.77
02:12:03 AM  all   25.13    0.00    1.55    0.00    0.00    0.52    0.00    0.00    0.00   72.80
02:12:04 AM  all   27.04    0.00    1.02    0.00    0.00    1.02    0.00    0.00    0.00   70.92
02:12:05 AM  all   30.64    0.00    1.47    0.00    0.00    0.74    0.00    0.00    0.00   67.16
02:12:06 AM  all   28.22    0.00    2.48    0.00    0.00    0.74    0.00    0.00    0.00   68.56
02:12:07 AM  all   26.92    0.00    1.79    0.00    0.00    0.77    0.00    0.00    0.00   70.51
02:12:08 AM  all   27.11    0.00    1.02    0.00    0.00    1.02    0.00    0.00    0.00   70.84
02:12:09 AM  all   25.06    0.00    2.07    0.00    0.00    0.78    0.00    0.00    0.00   72.09
02:12:10 AM  all   27.59    0.00    0.76    0.00    0.00    1.27    0.00    0.00    0.00   70.38
02:12:11 AM  all   27.04    0.00    1.53    0.00    0.00    0.77    0.00    0.00    0.00   70.66
02:12:12 AM  all   27.50    0.00    2.00    0.00    0.00    0.75    0.00    0.00    0.00   69.75
02:12:13 AM  all   26.79    0.00    1.79    0.00    0.00    1.02    0.00    0.00    0.00   70.41
02:12:14 AM  all   27.34    0.00    2.53    0.00    0.00    0.25    0.00    0.00    0.00   69.87
02:12:15 AM  all   26.18    0.00    1.83    0.00    0.00    0.79    0.00    0.00    0.00   71.20
02:12:16 AM  all   26.04    0.00    1.30    0.00    0.00    1.30    0.00    0.00    0.00   71.35
02:12:17 AM  all   29.00    0.00    2.00    0.00    0.00    0.50    0.00    0.00    0.00   68.50
02:12:18 AM  all   28.75    0.00    0.76    0.00    0.00    0.25    0.00    0.00    0.00   70.23
02:12:19 AM  all   26.11    0.00    1.83    0.00    0.00    0.52    0.00    0.00    0.00   71.54
02:12:20 AM  all   27.51    0.00    1.03    0.00    0.00    0.51    0.00    0.00    0.00   70.95
02:12:21 AM  all   27.66    0.00    1.27    0.00    0.00    0.00    0.00    0.00    0.00   71.07
02:12:22 AM  all   22.73    0.00    1.34    0.00    0.00    1.34    0.00    0.00    0.00   74.60
02:12:23 AM  all   28.36    0.00    1.74    0.00    0.00    0.75    0.00    0.00    0.00   69.15
02:12:24 AM  all   28.75    0.00    1.02    0.00    0.00    0.51    0.00    0.00    0.00   69.72
02:12:25 AM  all   27.55    0.00    1.28    0.00    0.00    1.53    0.00    0.00    0.00   69.64
02:12:26 AM  all   28.43    0.00    2.54    0.00    0.00    0.25    0.00    0.00    0.00   68.78
02:12:27 AM  all   27.62    0.00    2.30    0.26    0.00    1.02    0.00    0.00    0.00   68.80
02:12:28 AM  all   28.11    0.00    1.74    0.00    0.00    1.00    0.00    0.00    0.00   69.15
02:12:29 AM  all   26.94    0.00    1.81    0.00    0.00    1.30    0.00    0.00    0.00   69.95
02:12:30 AM  all   25.98    0.00    1.31    0.00    0.00    0.52    0.00    0.00    0.00   72.18
02:12:31 AM  all   27.32    0.00    1.80    0.00    0.00    0.26    0.00    0.00    0.00   70.62
02:12:32 AM  all   27.41    0.00    2.47    0.00    0.00    1.73    0.00    0.00    0.00   68.40
02:12:33 AM  all   28.21    0.00    1.26    0.00    0.00    0.50    0.00    0.00    0.00   70.03
02:12:34 AM  all   25.13    0.00    2.59    0.00    0.00    1.04    0.00    0.00    0.00   71.24
02:12:35 AM  all   29.14    0.00    2.47    0.00    0.00    0.74    0.00    0.00    0.00   67.65
02:12:36 AM  all   29.88    0.00    1.48    0.00    0.00    0.74    0.00    0.00    0.00   67.90
02:12:37 AM  all   27.02    0.00    0.76    0.00    0.00    1.26    0.00    0.00    0.00   70.96
02:12:38 AM  all   27.78    0.00    1.52    0.00    0.00    1.26    0.00    0.00    0.00   69.44
02:12:39 AM  all   29.24    0.00    1.97    0.00    0.00    0.49    0.00    0.00    0.00   68.30
02:12:40 AM  all   26.65    0.00    1.78    0.00    0.00    1.78    0.00    0.00    0.00   69.80
02:12:41 AM  all   30.12    0.00    2.22    0.00    0.00    0.99    0.00    0.00    0.00   66.67
02:12:42 AM  all   27.23    0.00    2.04    0.00    0.00    0.76    0.00    0.00    0.00   69.97
02:12:43 AM  all   26.15    0.00    1.28    0.00    0.00    1.28    0.00    0.00    0.00   71.28
02:12:44 AM  all   28.09    0.00    1.03    0.00    0.00    0.52    0.00    0.00    0.00   70.36
02:12:45 AM  all   28.82    0.00    2.51    0.00    0.00    0.75    0.00    0.00    0.00   67.92
02:12:46 AM  all   26.94    0.00    1.55    0.00    0.00    0.26    0.00    0.00    0.00   71.24
02:12:47 AM  all   31.07    0.00    1.46    0.00    0.00    0.97    0.00    0.00    0.00   66.50
02:12:48 AM  all   29.31    0.00    1.97    0.00    0.00    0.49    0.00    0.00    0.00   68.23
02:12:49 AM  all   26.42    0.00    1.55    0.00    0.00    0.52    0.00    0.00    0.00   71.50
02:12:50 AM  all   26.09    0.00    1.79    0.00    0.00    1.02    0.00    0.00    0.00   71.10
02:12:51 AM  all   26.90    0.00    2.28    0.00    0.00    1.27    0.00    0.00    0.00   69.54
02:12:52 AM  all   28.28    0.00    2.02    0.00    0.00    0.51    0.00    0.00    0.00   69.19
02:12:53 AM  all   26.10    0.00    1.55    0.00    0.00    0.52    0.00    0.00    0.00   71.83
02:12:54 AM  all   27.62    0.00    1.02    0.00    0.00    1.28    0.00    0.00    0.00   70.08
02:12:55 AM  all   27.64    0.00    2.26    0.00    0.00    0.75    0.00    0.00    0.00   69.35
02:12:56 AM  all   27.23    0.00    1.53    0.00    0.00    0.76    0.00    0.00    0.00   70.48
02:12:57 AM  all   27.50    0.00    2.25    0.25    0.00    0.75    0.00    0.00    0.00   69.25
02:12:58 AM  all   26.55    0.00    1.03    0.00    0.00    1.03    0.00    0.00    0.00   71.39
02:12:59 AM  all   29.53    0.00    1.99    0.00    0.00    0.74    0.00    0.00    0.00   67.74
02:13:00 AM  all   26.17    0.00    2.33    0.00    0.00    0.52    0.00    0.00    0.00   70.98
02:13:01 AM  all   27.04    0.00    1.53    0.00    0.00    1.02    0.00    0.00    0.00   70.41
02:13:02 AM  all   21.85    0.00    0.77    0.00    0.00    0.26    0.00    0.00    0.00   77.12
02:13:03 AM  all   25.19    0.00    1.56    0.00    0.00    1.82    0.00    0.00    0.00   71.43
02:13:04 AM  all   28.24    0.00    2.04    0.00    0.00    0.25    0.00    0.00    0.00   69.47
02:13:05 AM  all   26.68    0.00    2.07    0.00    0.00    0.52    0.00    0.00    0.00   70.73
02:13:06 AM  all   27.60    0.00    0.52    0.00    0.00    0.78    0.00    0.00    0.00   71.09
02:13:07 AM  all   28.25    0.00    1.25    0.00    0.00    0.50    0.00    0.00    0.00   70.00
02:13:08 AM  all   25.45    0.00    1.56    0.00    0.00    1.04    0.00    0.00    0.00   71.95
02:13:09 AM  all   27.41    0.00    2.28    0.00    0.00    0.76    0.00    0.00    0.00   69.54
02:13:10 AM  all   25.20    0.00    1.84    0.00    0.00    0.79    0.00    0.00    0.00   72.18
02:13:11 AM  all   28.61    0.00    1.99    0.00    0.00    1.00    0.00    0.00    0.00   68.41
02:13:12 AM  all   29.88    0.00    1.48    0.00    0.00    0.74    0.00    0.00    0.00   67.90
02:13:13 AM  all   25.07    0.00    1.06    0.00    0.00    0.79    0.00    0.00    0.00   73.09
02:13:14 AM  all   28.33    0.00    3.20    0.00    0.00    0.49    0.00    0.00    0.00   67.98
02:13:15 AM  all   28.72    0.00    1.51    0.00    0.00    1.26    0.00    0.00    0.00   68.51
02:13:16 AM  all   29.21    0.00    1.98    0.00    0.00    0.99    0.00    0.00    0.00   67.82
02:13:17 AM  all   27.81    0.00    1.28    0.00    0.00    0.51    0.00    0.00    0.00   70.41
02:13:18 AM  all   27.46    0.00    2.02    0.00    0.00    0.76    0.00    0.00    0.00   69.77
02:13:19 AM  all   27.64    0.00    2.26    0.00    0.00    0.50    0.00    0.00    0.00   69.60
02:13:20 AM  all   25.77    0.00    1.55    0.00    0.00    1.29    0.00    0.00    0.00   71.39
02:13:21 AM  all   28.82    0.00    1.25    0.00    0.00    1.00    0.00    0.00    0.00   68.92
02:13:22 AM  all   27.25    0.00    1.75    0.00    0.00    1.25    0.00    0.00    0.00   69.75
02:13:23 AM  all   25.38    0.00    1.79    0.00    0.00    1.54    0.00    0.00    0.00   71.28
02:13:24 AM  all   26.91    0.00    2.72    0.00    0.00    1.48    0.00    0.00    0.00   68.89
02:13:25 AM  all   28.28    0.00    1.01    0.00    0.00    0.76    0.00    0.00    0.00   69.95
02:13:26 AM  all   28.09    0.00    1.55    0.00    0.00    0.26    0.00    0.00    0.00   70.10
02:13:27 AM  all   29.10    0.00    2.49    0.00    0.00    1.49    0.00    0.00    0.00   66.92
02:13:28 AM  all   26.41    0.00    1.54    0.00    0.00    0.77    0.00    0.00    0.00   71.28
02:13:29 AM  all   26.55    0.00    2.32    0.00    0.00    0.52    0.00    0.00    0.00   70.62
02:13:30 AM  all   28.28    0.00    1.54    0.00    0.00    0.51    0.00    0.00    0.00   69.67
02:13:31 AM  all   27.09    0.00    2.03    0.00    0.00    1.01    0.00    0.00    0.00   69.87
02:13:32 AM  all   26.99    0.00    1.54    0.00    0.00    0.51    0.00    0.00    0.00   70.95
02:13:33 AM  all   29.20    0.00    2.43    0.00    0.00    0.97    0.00    0.00    0.00   67.40
02:13:34 AM  all   26.10    0.00    1.29    0.00    0.00    1.29    0.00    0.00    0.00   71.32
02:13:35 AM  all   28.64    0.00    1.26    0.00    0.00    0.75    0.00    0.00    0.00   69.35
02:13:36 AM  all   25.96    0.00    1.80    0.00    0.00    0.77    0.00    0.00    0.00   71.47
02:13:37 AM  all   28.03    0.00    2.02    0.00    0.00    0.76    0.00    0.00    0.00   69.19
02:13:38 AM  all   26.95    0.00    3.02    0.00    0.00    1.01    0.00    0.00    0.00   69.02
02:13:39 AM  all   29.63    0.00    1.73    0.00    0.00    0.74    0.00    0.00    0.00   67.90
02:13:40 AM  all   24.35    0.00    3.14    0.00    0.00    1.31    0.00    0.00    0.00   71.20
02:13:41 AM  all   27.36    0.00    1.00    0.00    0.00    1.00    0.00    0.00    0.00   70.65
02:13:42 AM  all   23.31    0.00    1.25    0.00    0.00    0.75    0.00    0.00    0.00   74.69
02:13:43 AM  all   20.25    0.00    1.52    0.00    0.00    0.25    0.00    0.00    0.00   77.97
02:13:44 AM  all   18.93    0.00    1.28    0.00    0.00    0.26    0.00    0.00    0.00   79.54
02:13:45 AM  all   13.07    0.00    0.75    0.00    0.00    0.25    0.00    0.00    0.00   85.93
02:13:46 AM  all    9.90    0.00    0.51    0.00    0.00    0.25    0.00    0.00    0.00   89.34
02:13:47 AM  all    7.77    0.00    0.75    0.25    0.00    0.00    0.00    0.00    0.00   91.23
02:13:48 AM  all    5.75    0.00    0.00    0.00    0.00    0.00    0.00    0.00    0.00   94.25
02:13:49 AM  all    3.23    0.00    0.00    0.00    0.00    0.00    0.00    0.00    0.00   96.77
02:13:50 AM  all    2.00    0.00    0.25    0.00    0.00    0.00    0.00    0.00    0.00   97.76
02:13:51 AM  all    6.08    0.00    0.25    0.00    0.00    0.25    0.00    0.00    0.00   93.42
02:13:52 AM  all   29.31    0.00    1.80    0.00    0.00    1.03    0.00    0.00    0.00   67.87
02:13:53 AM  all   28.80    0.00    1.83    0.00    0.00    0.79    0.00    0.00    0.00   68.59
02:13:54 AM  all   30.08    0.00    1.54    0.00    0.00    0.77    0.00    0.00    0.00   67.61
02:13:55 AM  all   32.18    0.00    1.98    0.00    0.00    1.49    0.00    0.00    0.00   64.36
02:13:56 AM  all   31.19    0.00    1.80    0.00    0.00    1.29    0.00    0.00    0.00   65.72
02:13:57 AM  all   32.15    0.00    1.77    0.00    0.00    1.27    0.00    0.00    0.00   64.81
02:13:58 AM  all   33.25    0.00    1.72    0.00    0.00    1.48    0.00    0.00    0.00   63.55
02:13:59 AM  all   32.82    0.00    1.78    0.00    0.00    1.02    0.00    0.00    0.00   64.38
02:14:00 AM  all   31.81    0.00    1.53    0.00    0.00    2.29    0.00    0.00    0.00   64.38
02:14:01 AM  all   29.92    0.00    1.02    0.00    0.00    1.02    0.00    0.00    0.00   68.03
02:14:02 AM  all   25.26    0.00    1.28    0.00    0.00    0.51    0.00    0.00    0.00   72.96
02:14:03 AM  all   31.55    0.00    2.54    0.00    0.00    0.51    0.00    0.00    0.00   65.39
02:14:04 AM  all   32.49    0.00    1.27    0.00    0.00    1.27    0.00    0.00    0.00   64.97
02:14:05 AM  all   32.08    0.00    1.50    0.00    0.00    1.75    0.00    0.00    0.00   64.66
02:14:06 AM  all   31.30    0.00    1.78    0.00    0.00    1.02    0.00    0.00    0.00   65.90
02:14:07 AM  all   28.91    0.00    3.39    0.00    0.00    1.04    0.00    0.00    0.00   66.67
02:14:08 AM  all   33.08    0.00    1.99    0.00    0.00    1.00    0.00    0.00    0.00   63.93
02:14:09 AM  all   30.43    0.00    2.81    0.00    0.00    0.77    0.00    0.00    0.00   65.98
02:14:10 AM  all   32.58    0.00    2.02    0.00    0.00    0.76    0.00    0.00    0.00   64.65
02:14:11 AM  all   31.27    0.00    1.29    0.00    0.00    2.07    0.00    0.00    0.00   65.37
02:14:12 AM  all   30.73    0.00    1.56    0.00    0.00    1.04    0.00    0.00    0.00   66.67
02:14:13 AM  all   32.99    0.00    1.27    0.00    0.00    0.76    0.00    0.00    0.00   64.97
02:14:14 AM  all   31.38    0.00    2.55    0.00    0.00    1.02    0.00    0.00    0.00   65.05
02:14:15 AM  all   30.91    0.00    1.82    0.00    0.00    1.56    0.00    0.00    0.00   65.71
02:14:16 AM  all   32.23    0.00    2.03    0.00    0.00    1.02    0.00    0.00    0.00   64.72
02:14:17 AM  all   31.12    0.00    2.55    0.51    0.00    0.51    0.00    0.00    0.00   65.31
02:14:18 AM  all   29.74    0.00    2.11    0.00    0.00    1.05    0.00    0.00    0.00   67.11
02:14:19 AM  all   32.65    0.00    1.53    0.00    0.00    1.28    0.00    0.00    0.00   64.54
02:14:20 AM  all   33.08    0.00    2.54    0.00    0.00    0.51    0.00    0.00    0.00   63.87
02:14:21 AM  all   33.99    0.00    1.97    0.00    0.00    1.48    0.00    0.00    0.00   62.56
02:14:22 AM  all   31.82    0.00    2.78    0.00    0.00    1.26    0.00    0.00    0.00   64.14
02:14:23 AM  all   31.98    0.00    2.54    0.00    0.00    1.52    0.00    0.00    0.00   63.96
02:14:24 AM  all   33.08    0.00    2.02    0.00    0.00    1.01    0.00    0.00    0.00   63.89
02:14:25 AM  all   31.90    0.00    2.78    0.00    0.00    1.01    0.00    0.00    0.00   64.30
02:14:26 AM  all   34.48    0.00    1.72    0.00    0.00    1.48    0.00    0.00    0.00   62.32
02:14:27 AM  all   32.23    0.00    2.54    0.00    0.00    1.02    0.00    0.00    0.00   64.21
02:14:28 AM  all   32.14    0.00    0.51    0.00    0.00    1.02    0.00    0.00    0.00   66.33
02:14:29 AM  all   30.79    0.00    1.32    0.00    0.00    0.53    0.00    0.00    0.00   67.37
02:14:30 AM  all   31.55    0.00    2.54    0.00    0.00    1.02    0.00    0.00    0.00   64.89
02:14:31 AM  all   32.57    0.00    1.78    0.00    0.00    1.02    0.00    0.00    0.00   64.63
02:14:32 AM  all   31.54    0.00    1.79    0.00    0.00    1.54    0.00    0.00    0.00   65.13
02:14:33 AM  all   32.06    0.00    2.04    0.00    0.00    1.27    0.00    0.00    0.00   64.63
02:14:34 AM  all   30.57    0.00    1.81    0.00    0.00    0.78    0.00    0.00    0.00   66.84
02:14:35 AM  all   31.87    0.00    1.55    0.00    0.00    1.04    0.00    0.00    0.00   65.54
02:14:36 AM  all   31.20    0.00    2.05    0.00    0.00    1.02    0.00    0.00    0.00   65.73
02:14:37 AM  all   32.31    0.00    2.05    0.00    0.00    0.26    0.00    0.00    0.00   65.38
02:14:38 AM  all   31.75    0.00    2.50    0.00    0.00    1.75    0.00    0.00    0.00   64.00
02:14:39 AM  all   31.97    0.00    2.05    0.00    0.00    1.79    0.00    0.00    0.00   64.19
02:14:40 AM  all   32.32    0.00    2.27    0.00    0.00    1.77    0.00    0.00    0.00   63.64
02:14:41 AM  all   31.54    0.00    2.56    0.00    0.00    0.77    0.00    0.00    0.00   65.13
02:14:42 AM  all   30.99    0.00    1.30    0.00    0.00    1.04    0.00    0.00    0.00   66.67
02:14:43 AM  all   34.48    0.00    2.22    0.00    0.00    0.25    0.00    0.00    0.00   63.05
02:14:44 AM  all   31.65    0.00    1.77    0.00    0.00    2.03    0.00    0.00    0.00   64.56
02:14:45 AM  all   33.92    0.00    1.25    0.00    0.00    1.25    0.00    0.00    0.00   63.59
02:14:46 AM  all   33.16    0.00    1.02    0.00    0.00    0.26    0.00    0.00    0.00   65.56
02:14:47 AM  all   30.63    0.00    3.29    0.00    0.00    1.52    0.00    0.00    0.00   64.56
02:14:48 AM  all   32.00    0.00    2.50    0.00    0.00    1.00    0.00    0.00    0.00   64.50
02:14:49 AM  all   31.79    0.00    1.28    0.00    0.00    1.28    0.00    0.00    0.00   65.64
02:14:50 AM  all   32.82    0.00    1.03    0.00    0.00    0.51    0.00    0.00    0.00   65.64
02:14:51 AM  all   31.88    0.00    1.80    0.00    0.00    1.03    0.00    0.00    0.00   65.30
02:14:52 AM  all   33.42    0.00    1.98    0.00    0.00    1.24    0.00    0.00    0.00   63.37
02:14:53 AM  all   32.34    0.00    2.49    0.00    0.00    1.00    0.00    0.00    0.00   64.18
02:14:54 AM  all   32.39    0.00    0.26    0.00    0.00    1.54    0.00    0.00    0.00   65.81
02:14:55 AM  all   32.91    0.00    1.27    0.00    0.00    1.52    0.00    0.00    0.00   64.30
02:14:56 AM  all   30.29    0.00    2.35    0.00    0.00    0.52    0.00    0.00    0.00   66.84
02:14:57 AM  all   31.46    0.00    1.79    0.00    0.00    1.02    0.00    0.00    0.00   65.73
02:14:58 AM  all   30.05    0.00    2.07    0.00    0.00    1.81    0.00    0.00    0.00   66.06
02:14:59 AM  all   30.31    0.00    2.33    0.00    0.00    1.04    0.00    0.00    0.00   66.32
02:15:00 AM  all   32.47    0.00    1.03    0.00    0.00    1.03    0.00    0.00    0.00   65.46
02:15:01 AM  all   32.75    0.00    2.73    0.00    0.00    0.25    0.00    0.00    0.00   64.27
02:15:02 AM  all   27.82    0.00    1.50    0.00    0.00    1.00    0.00    0.00    0.00   69.67
02:15:03 AM  all   30.08    0.00    1.80    0.00    0.00    0.77    0.00    0.00    0.00   67.35
02:15:04 AM  all   31.12    0.00    1.53    0.00    0.00    0.51    0.00    0.00    0.00   66.84
02:15:05 AM  all   31.50    0.00    2.25    0.00    0.00    2.25    0.00    0.00    0.00   64.00
02:15:06 AM  all   28.80    0.00    2.62    0.00    0.00    1.31    0.00    0.00    0.00   67.28
02:15:07 AM  all   33.50    0.00    1.50    0.00    0.00    0.50    0.00    0.00    0.00   64.50
02:15:08 AM  all   30.77    0.00    1.79    0.00    0.00    1.03    0.00    0.00    0.00   66.41
02:15:09 AM  all   29.21    0.00    2.11    0.00    0.00    1.05    0.00    0.00    0.00   67.63
02:15:10 AM  all   30.49    0.00    1.55    0.00    0.00    1.29    0.00    0.00    0.00   66.67
02:15:11 AM  all   32.23    0.00    1.78    0.00    0.00    0.76    0.00    0.00    0.00   65.23
02:15:12 AM  all   32.32    0.00    2.02    0.00    0.00    1.52    0.00    0.00    0.00   64.14
02:15:13 AM  all   31.78    0.00    1.55    0.00    0.00    1.03    0.00    0.00    0.00   65.63
02:15:14 AM  all   32.57    0.00    1.78    0.00    0.00    0.51    0.00    0.00    0.00   65.14
02:15:15 AM  all   34.57    0.00    1.98    0.00    0.00    0.99    0.00    0.00    0.00   62.47
02:15:16 AM  all   31.98    0.00    2.28    0.00    0.00    1.02    0.00    0.00    0.00   64.72
02:15:17 AM  all   31.87    0.00    1.55    0.00    0.00    1.04    0.00    0.00    0.00   65.54
02:15:18 AM  all   33.17    0.00    2.48    0.00    0.00    0.50    0.00    0.00    0.00   63.86
02:15:19 AM  all   31.03    0.00    2.31    0.00    0.00    1.03    0.00    0.00    0.00   65.64
02:15:20 AM  all   30.38    0.00    2.28    0.00    0.00    2.03    0.00    0.00    0.00   65.32
02:15:21 AM  all   33.08    0.00    1.53    0.00    0.00    0.25    0.00    0.00    0.00   65.14
02:15:22 AM  all   31.54    0.00    2.05    0.00    0.00    0.51    0.00    0.00    0.00   65.90
02:15:23 AM  all   34.07    0.00    1.23    0.00    0.00    0.99    0.00    0.00    0.00   63.70
02:15:24 AM  all   30.96    0.00    1.78    0.00    0.00    2.28    0.00    0.00    0.00   64.97
02:15:25 AM  all   32.57    0.00    2.29    0.00    0.00    0.76    0.00    0.00    0.00   64.38
02:15:26 AM  all   32.83    0.00    2.76    0.25    0.00    0.50    0.00    0.00    0.00   63.66
02:15:27 AM  all   32.11    0.00    2.61    0.00    0.00    0.78    0.00    0.00    0.00   64.49
02:15:28 AM  all   29.66    0.00    2.62    0.00    0.00    1.05    0.00    0.00    0.00   66.67
02:15:29 AM  all   33.50    0.00    1.28    0.00    0.00    0.51    0.00    0.00    0.00   64.71
02:15:30 AM  all   29.92    0.00    1.84    0.00    0.00    1.05    0.00    0.00    0.00   67.19
02:15:31 AM  all   31.19    0.00    0.77    0.00    0.00    1.29    0.00    0.00    0.00   66.75
02:15:32 AM  all   33.17    0.00    1.26    0.00    0.00    1.51    0.00    0.00    0.00   64.07
02:15:33 AM  all   30.28    0.00    2.80    0.00    0.00    0.76    0.00    0.00    0.00   66.16
02:15:34 AM  all   30.29    0.00    1.57    0.00    0.00    1.04    0.00    0.00    0.00   67.10
02:15:35 AM  all   31.87    0.00    1.55    0.00    0.00    0.52    0.00    0.00    0.00   66.06
02:15:36 AM  all   31.74    0.00    1.76    0.00    0.00    0.76    0.00    0.00    0.00   65.74
02:15:37 AM  all   31.03    0.00    1.54    0.00    0.00    0.77    0.00    0.00    0.00   66.67
02:15:38 AM  all   30.83    0.00    2.33    0.00    0.00    0.26    0.00    0.00    0.00   66.58
02:15:39 AM  all   29.53    0.00    2.07    0.00    0.00    1.04    0.00    0.00    0.00   67.36
02:15:40 AM  all   29.35    0.00    1.82    0.00    0.00    1.30    0.00    0.00    0.00   67.53
02:15:41 AM  all   28.95    0.00    3.16    0.00    0.00    1.32    0.00    0.00    0.00   66.58
02:15:42 AM  all   31.31    0.00    2.27    0.00    0.00    1.26    0.00    0.00    0.00   65.15
02:15:43 AM  all   30.26    0.00    2.05    0.00    0.00    1.54    0.00    0.00    0.00   66.15
02:15:44 AM  all   32.40    0.00    1.28    0.00    0.00    0.77    0.00    0.00    0.00   65.56
02:15:45 AM  all   32.41    0.00    2.28    0.00    0.00    0.51    0.00    0.00    0.00   64.81
02:15:46 AM  all   29.87    0.00    2.08    0.00    0.00    1.30    0.00    0.00    0.00   66.75
02:15:47 AM  all   31.98    0.00    1.78    0.00    0.00    0.76    0.00    0.00    0.00   65.48
02:15:48 AM  all   32.66    0.00    1.51    0.00    0.00    1.26    0.00    0.00    0.00   64.57
02:15:49 AM  all   32.34    0.00    2.74    0.00    0.00    1.00    0.00    0.00    0.00   63.93
02:15:50 AM  all   30.87    0.00    2.30    0.00    0.00    1.02    0.00    0.00    0.00   65.82
02:15:51 AM  all   30.38    0.00    2.28    0.00    0.00    1.77    0.00    0.00    0.00   65.57
02:15:52 AM  all   30.13    0.00    3.04    0.00    0.00    1.01    0.00    0.00    0.00   65.82
02:15:53 AM  all   30.13    0.00    1.52    0.00    0.00    1.52    0.00    0.00    0.00   66.84
02:15:54 AM  all   29.85    0.00    2.55    0.00    0.00    0.77    0.00    0.00    0.00   66.84
02:15:55 AM  all   27.97    0.00    1.85    0.00    0.00    1.32    0.00    0.00    0.00   68.87
02:15:56 AM  all   29.09    0.00    2.34    0.00    0.00    1.30    0.00    0.00    0.00   67.27
02:15:57 AM  all   28.68    0.00    0.79    0.00    0.00    0.53    0.00    0.00    0.00   70.00
02:15:58 AM  all   32.67    0.00    2.23    0.00    0.00    0.99    0.00    0.00    0.00   64.11
02:15:59 AM  all   31.08    0.00    1.75    0.00    0.00    1.25    0.00    0.00    0.00   65.91
02:16:00 AM  all   30.41    0.00    1.80    0.00    0.00    0.77    0.00    0.00    0.00   67.01
02:16:01 AM  all   32.92    0.00    1.25    0.00    0.00    1.25    0.00    0.00    0.00   64.59
02:16:02 AM  all   25.81    0.00    1.49    0.00    0.00    0.99    0.00    0.00    0.00   71.71
02:16:03 AM  all   30.13    0.00    1.30    0.00    0.00    1.30    0.00    0.00    0.00   67.27
02:16:04 AM  all   31.83    0.00    2.76    0.00    0.00    0.75    0.00    0.00    0.00   64.66
02:16:05 AM  all   31.49    0.00    2.02    0.00    0.00    1.01    0.00    0.00    0.00   65.49
02:16:06 AM  all   31.82    0.00    2.27    0.00    0.00    0.76    0.00    0.00    0.00   65.15
02:16:07 AM  all   32.15    0.00    1.27    0.00    0.00    0.76    0.00    0.00    0.00   65.82
02:16:08 AM  all   30.08    0.00    1.80    0.00    0.00    1.03    0.00    0.00    0.00   67.10
02:16:09 AM  all   30.33    0.00    2.06    0.00    0.00    1.80    0.00    0.00    0.00   65.81
02:16:10 AM  all   30.26    0.00    1.84    0.00    0.00    0.26    0.00    0.00    0.00   67.63
02:16:11 AM  all   30.21    0.00    1.82    0.00    0.00    1.04    0.00    0.00    0.00   66.93
02:16:12 AM  all   30.83    0.00    1.30    0.00    0.00    0.78    0.00    0.00    0.00   67.10
02:16:13 AM  all   33.66    0.00    1.72    0.00    0.00    1.47    0.00    0.00    0.00   63.14
02:16:14 AM  all   31.90    0.00    1.52    0.00    0.00    1.01    0.00    0.00    0.00   65.57
02:16:15 AM  all   33.65    0.00    2.64    0.00    0.00    1.44    0.00    0.00    0.00   62.26
02:16:16 AM  all   33.50    0.00    1.02    0.00    0.00    0.51    0.00    0.00    0.00   64.97
02:16:17 AM  all   29.95    0.00    1.82    0.00    0.00    0.26    0.00    0.00    0.00   67.97
02:16:18 AM  all   29.20    0.00    2.58    0.00    0.00    0.52    0.00    0.00    0.00   67.70
02:16:19 AM  all   32.52    0.00    2.43    0.00    0.00    0.97    0.00    0.00    0.00   64.08
02:16:20 AM  all   30.45    0.00    1.57    0.00    0.00    0.52    0.00    0.00    0.00   67.45
02:16:21 AM  all   32.49    0.00    1.76    0.00    0.00    0.76    0.00    0.00    0.00   64.99
02:16:22 AM  all   31.04    0.00    2.04    0.00    0.00    1.02    0.00    0.00    0.00   65.90
02:16:23 AM  all   34.49    0.00    0.99    0.00    0.00    0.74    0.00    0.00    0.00   63.77
02:16:24 AM  all   31.97    0.00    1.79    0.00    0.00    0.77    0.00    0.00    0.00   65.47
02:16:25 AM  all   29.58    0.00    2.09    0.00    0.00    1.05    0.00    0.00    0.00   67.28
02:16:26 AM  all   31.50    0.00    2.00    0.00    0.00    2.00    0.00    0.00    0.00   64.50
02:16:27 AM  all   31.66    0.00    2.51    0.00    0.00    1.51    0.00    0.00    0.00   64.32
02:16:28 AM  all   32.40    0.00    1.79    0.00    0.00    0.77    0.00    0.00    0.00   65.05
02:16:29 AM  all   30.30    0.00    2.02    0.00    0.00    1.26    0.00    0.00    0.00   66.41
02:16:30 AM  all   31.38    0.00    1.79    0.00    0.00    1.28    0.00    0.00    0.00   65.56
02:16:31 AM  all   31.91    0.00    2.01    0.25    0.00    0.75    0.00    0.00    0.00   65.08
02:16:32 AM  all   32.15    0.00    1.52    0.00    0.00    1.27    0.00    0.00    0.00   65.06
02:16:33 AM  all   33.00    0.00    1.75    0.00    0.00    1.25    0.00    0.00    0.00   64.00
02:16:34 AM  all   30.05    0.00    2.85    0.00    0.00    0.78    0.00    0.00    0.00   66.32
02:16:35 AM  all   30.59    0.00    1.54    0.00    0.00    1.03    0.00    0.00    0.00   66.84
02:16:36 AM  all   30.43    0.00    1.79    0.00    0.00    1.02    0.00    0.00    0.00   66.75
02:16:37 AM  all   30.65    0.00    3.02    0.00    0.00    0.50    0.00    0.00    0.00   65.83
02:16:38 AM  all   29.67    0.00    3.07    0.00    0.00    0.77    0.00    0.00    0.00   66.50
02:16:39 AM  all   30.69    0.00    1.28    0.00    0.00    0.77    0.00    0.00    0.00   67.26
02:16:40 AM  all   30.87    0.00    1.53    0.00    0.00    1.02    0.00    0.00    0.00   66.58
02:16:41 AM  all   32.64    0.00    1.30    0.00    0.00    0.52    0.00    0.00    0.00   65.54
02:16:42 AM  all   30.49    0.00    1.55    0.00    0.00    0.52    0.00    0.00    0.00   67.44
02:16:43 AM  all   32.15    0.00    1.52    0.00    0.00    1.27    0.00    0.00    0.00   65.06
02:16:44 AM  all   29.29    0.00    1.58    0.00    0.00    0.79    0.00    0.00    0.00   68.34
02:16:45 AM  all   31.54    0.00    1.28    0.00    0.00    0.77    0.00    0.00    0.00   66.41
02:16:46 AM  all   31.82    0.00    1.52    0.00    0.00    1.26    0.00    0.00    0.00   65.40
02:16:47 AM  all   31.04    0.00    2.04    0.00    0.00    1.02    0.00    0.00    0.00   65.90
02:16:48 AM  all   31.23    0.00    2.02    0.00    0.00    1.01    0.00    0.00    0.00   65.74
02:16:49 AM  all   28.83    0.00    1.82    0.00    0.00    0.78    0.00    0.00    0.00   68.57
02:16:50 AM  all   30.28    0.00    2.04    0.00    0.00    1.02    0.00    0.00    0.00   66.67
02:16:51 AM  all   30.33    0.00    2.06    0.00    0.00    1.03    0.00    0.00    0.00   66.58
02:16:52 AM  all   29.53    0.00    1.55    0.00    0.00    1.04    0.00    0.00    0.00   67.88
02:16:53 AM  all   30.49    0.00    1.29    0.00    0.00    1.03    0.00    0.00    0.00   67.18
02:16:54 AM  all   31.30    0.00    2.80    0.00    0.00    0.76    0.00    0.00    0.00   65.14
02:16:55 AM  all   32.32    0.00    1.77    0.00    0.00    1.01    0.00    0.00    0.00   64.90
02:16:56 AM  all   34.24    0.00    1.49    0.00    0.00    0.74    0.00    0.00    0.00   63.52
02:16:57 AM  all   34.16    0.00    1.98    0.00    0.00    0.74    0.00    0.00    0.00   63.12
02:16:58 AM  all   32.56    0.00    1.54    0.00    0.00    0.51    0.00    0.00    0.00   65.38
02:16:59 AM  all   31.36    0.00    1.80    0.00    0.00    1.03    0.00    0.00    0.00   65.81
02:17:00 AM  all   34.27    0.00    1.53    0.00    0.00    0.00    0.00    0.00    0.00   64.19
02:17:01 AM  all   31.55    0.00    2.54    0.00    0.00    1.53    0.00    0.00    0.00   64.38
02:17:02 AM  all   23.00    0.00    1.75    0.00    0.00    1.25    0.00    0.00    0.00   74.00
02:17:03 AM  all   33.17    0.00    1.24    0.00    0.00    0.99    0.00    0.00    0.00   64.60
02:17:04 AM  all   32.75    0.00    2.52    0.00    0.00    1.01    0.00    0.00    0.00   63.73
02:17:05 AM  all   32.23    0.00    1.52    0.00    0.00    1.78    0.00    0.00    0.00   64.47
02:17:06 AM  all   32.00    0.00    2.00    0.00    0.00    2.00    0.00    0.00    0.00   64.00
02:17:07 AM  all   32.08    0.00    1.50    0.00    0.00    1.00    0.00    0.00    0.00   65.41
02:17:08 AM  all   32.83    0.00    1.50    0.00    0.00    1.25    0.00    0.00    0.00   64.41
02:17:09 AM  all   30.31    0.00    2.07    0.00    0.00    1.55    0.00    0.00    0.00   66.06
02:17:10 AM  all   30.57    0.00    1.55    0.00    0.00    1.30    0.00    0.00    0.00   66.58
02:17:11 AM  all   31.61    0.00    2.07    0.00    0.00    0.52    0.00    0.00    0.00   65.80
02:17:12 AM  all   32.23    0.00    1.53    0.00    0.00    1.02    0.00    0.00    0.00   65.22
02:17:13 AM  all   30.59    0.00    1.54    0.00    0.00    1.29    0.00    0.00    0.00   66.58
02:17:14 AM  all   31.46    0.00    2.05    0.00    0.00    0.77    0.00    0.00    0.00   65.73
02:17:15 AM  all   30.37    0.00    1.05    0.00    0.00    1.31    0.00    0.00    0.00   67.28
02:17:16 AM  all   32.66    0.00    2.03    0.00    0.00    1.52    0.00    0.00    0.00   63.80
02:17:17 AM  all   32.99    0.00    2.28    0.00    0.00    0.51    0.00    0.00    0.00   64.21
02:17:18 AM  all   31.79    0.00    2.05    0.26    0.00    0.77    0.00    0.00    0.00   65.13
02:17:19 AM  all   33.84    0.00    1.78    0.00    0.00    1.02    0.00    0.00    0.00   63.36
02:17:20 AM  all   32.66    0.00    1.52    0.00    0.00    1.52    0.00    0.00    0.00   64.30
02:17:21 AM  all   33.59    0.00    1.52    0.00    0.00    1.77    0.00    0.00    0.00   63.13
02:17:22 AM  all   31.89    0.00    2.55    0.00    0.00    0.26    0.00    0.00    0.00   65.31
02:17:23 AM  all   32.99    0.00    1.28    0.00    0.00    0.51    0.00    0.00    0.00   65.22
02:17:24 AM  all   33.50    0.00    1.51    0.00    0.00    1.26    0.00    0.00    0.00   63.73
02:17:25 AM  all   32.57    0.00    2.04    0.00    0.00    0.51    0.00    0.00    0.00   64.89
02:17:26 AM  all   30.37    0.00    1.57    0.00    0.00    1.05    0.00    0.00    0.00   67.02
02:17:27 AM  all   30.99    0.00    2.08    0.00    0.00    1.30    0.00    0.00    0.00   65.62
02:17:28 AM  all   28.91    0.00    2.34    0.00    0.00    0.78    0.00    0.00    0.00   67.97
02:17:29 AM  all   29.64    0.00    2.32    0.00    0.00    1.29    0.00    0.00    0.00   66.75
02:17:30 AM  all   31.89    0.00    2.04    0.00    0.00    1.28    0.00    0.00    0.00   64.80
02:17:31 AM  all   29.82    0.00    1.58    0.00    0.00    1.06    0.00    0.00    0.00   67.55
02:17:32 AM  all   33.75    0.00    2.00    0.00    0.00    0.75    0.00    0.00    0.00   63.50
02:17:33 AM  all   31.52    0.00    1.55    0.26    0.00    1.03    0.00    0.00    0.00   65.63
02:17:34 AM  all   32.74    0.00    1.79    0.00    0.00    0.26    0.00    0.00    0.00   65.22
02:17:35 AM  all   32.92    0.00    2.00    0.00    0.00    1.25    0.00    0.00    0.00   63.84
02:17:36 AM  all   32.58    0.00    2.01    0.00    0.00    1.00    0.00    0.00    0.00   64.41
02:17:37 AM  all   32.23    0.00    2.05    0.00    0.00    0.77    0.00    0.00    0.00   64.96
02:17:38 AM  all   31.73    0.00    1.78    0.00    0.00    1.52    0.00    0.00    0.00   64.97
02:17:39 AM  all   32.41    0.00    2.28    0.00    0.00    0.76    0.00    0.00    0.00   64.56
02:17:40 AM  all   32.33    0.00    2.01    0.00    0.00    2.01    0.00    0.00    0.00   63.66
02:17:41 AM  all   33.33    0.00    2.78    0.00    0.00    1.52    0.00    0.00    0.00   62.37
02:17:42 AM  all   34.56    0.00    2.45    0.00    0.00    1.47    0.00    0.00    0.00   61.52
02:17:43 AM  all   32.41    0.00    2.01    0.00    0.00    1.01    0.00    0.00    0.00   64.57
02:17:44 AM  all   32.83    0.00    1.52    0.00    0.00    1.01    0.00    0.00    0.00   64.65
02:17:45 AM  all   31.62    0.00    2.06    0.00    0.00    0.77    0.00    0.00    0.00   65.55
02:17:46 AM  all   31.52    0.00    2.33    0.00    0.00    1.03    0.00    0.00    0.00   65.12
02:17:47 AM  all   32.99    0.00    1.28    0.00    0.00    1.02    0.00    0.00    0.00   64.71
02:17:48 AM  all   34.01    0.00    1.02    0.00    0.00    1.52    0.00    0.00    0.00   63.45
02:17:49 AM  all   32.91    0.00    2.53    0.00    0.00    0.76    0.00    0.00    0.00   63.80
02:17:50 AM  all   33.50    0.00    1.26    0.00    0.00    0.76    0.00    0.00    0.00   64.48
02:17:51 AM  all   33.25    0.00    1.75    0.00    0.00    1.50    0.00    0.00    0.00   63.50
02:17:52 AM  all   34.15    0.00    2.21    0.00    0.00    2.21    0.00    0.00    0.00   61.43
02:17:53 AM  all   31.81    0.00    2.54    0.00    0.00    1.27    0.00    0.00    0.00   64.38
02:17:54 AM  all   31.19    0.00    2.32    0.00    0.00    0.77    0.00    0.00    0.00   65.72
02:17:55 AM  all   31.71    0.00    1.79    0.00    0.00    0.77    0.00    0.00    0.00   65.73
02:17:56 AM  all   30.81    0.00    1.57    0.00    0.00    1.04    0.00    0.00    0.00   66.58
02:17:57 AM  all   31.06    0.00    1.52    0.00    0.00    1.77    0.00    0.00    0.00   65.66
02:17:58 AM  all   31.36    0.00    2.06    0.00    0.00    1.29    0.00    0.00    0.00   65.30
02:17:59 AM  all   31.44    0.00    2.06    0.00    0.00    0.77    0.00    0.00    0.00   65.72
02:18:00 AM  all   32.67    0.00    2.49    0.00    0.00    0.25    0.00    0.00    0.00   64.59
02:18:01 AM  all   33.33    0.00    1.75    0.00    0.00    1.50    0.00    0.00    0.00   63.41
02:18:02 AM  all   23.23    0.00    1.26    0.00    0.00    0.25    0.00    0.00    0.00   75.25
02:18:03 AM  all   29.92    0.00    1.84    0.00    0.00    0.00    0.00    0.00    0.00   68.24
02:18:04 AM  all   32.82    0.00    1.27    0.00    0.00    0.76    0.00    0.00    0.00   65.14
02:18:05 AM  all   30.77    0.00    2.82    0.00    0.00    1.03    0.00    0.00    0.00   65.38
02:18:06 AM  all   32.05    0.00    1.79    0.00    0.00    0.77    0.00    0.00    0.00   65.38
02:18:07 AM  all   31.98    0.00    2.28    0.00    0.00    1.27    0.00    0.00    0.00   64.47
02:18:08 AM  all   30.39    0.00    1.56    0.00    0.00    1.04    0.00    0.00    0.00   67.01
02:18:09 AM  all   31.12    0.00    1.79    0.00    0.00    1.28    0.00    0.00    0.00   65.82
02:18:10 AM  all   33.58    0.00    2.94    0.00    0.00    0.74    0.00    0.00    0.00   62.75
02:18:11 AM  all   32.41    0.00    2.76    0.00    0.00    1.01    0.00    0.00    0.00   63.82
02:18:12 AM  all   32.92    0.00    2.24    0.00    0.00    1.50    0.00    0.00    0.00   63.34
02:18:13 AM  all   32.32    0.00    1.78    0.00    0.00    0.76    0.00    0.00    0.00   65.14
02:18:14 AM  all   33.90    0.00    2.18    0.00    0.00    1.69    0.00    0.00    0.00   62.23
02:18:15 AM  all   32.66    0.00    1.27    0.00    0.00    1.77    0.00    0.00    0.00   64.30
02:18:16 AM  all   29.69    0.00    2.60    0.00    0.00    1.30    0.00    0.00    0.00   66.41
02:18:17 AM  all   34.90    0.00    1.24    0.00    0.00    0.50    0.00    0.00    0.00   63.37
02:18:18 AM  all   32.99    0.00    2.05    0.00    0.00    1.53    0.00    0.00    0.00   63.43
02:18:19 AM  all   31.27    0.00    2.07    0.00    0.00    0.78    0.00    0.00    0.00   65.89
02:18:20 AM  all   30.63    0.00    1.83    0.00    0.00    1.05    0.00    0.00    0.00   66.49
02:18:21 AM  all   31.98    0.00    1.52    0.00    0.00    2.03    0.00    0.00    0.00   64.47
02:18:22 AM  all   34.42    0.00    1.51    0.00    0.00    0.75    0.00    0.00    0.00   63.32
02:18:23 AM  all   32.75    0.00    2.00    0.00    0.00    1.00    0.00    0.00    0.00   64.25
02:18:24 AM  all   32.16    0.00    2.26    0.00    0.00    0.75    0.00    0.00    0.00   64.82
02:18:25 AM  all   33.42    0.00    2.01    0.00    0.00    1.76    0.00    0.00    0.00   62.81
02:18:26 AM  all   32.07    0.00    2.27    0.00    0.00    1.77    0.00    0.00    0.00   63.89
02:18:27 AM  all   33.76    0.00    2.54    0.00    0.00    1.27    0.00    0.00    0.00   62.44
02:18:28 AM  all   32.75    0.00    2.02    0.00    0.00    1.26    0.00    0.00    0.00   63.98
02:18:29 AM  all   33.67    0.00    2.04    0.00    0.00    0.51    0.00    0.00    0.00   63.78
02:18:30 AM  all   31.87    0.00    1.81    0.00    0.00    1.30    0.00    0.00    0.00   65.03
02:18:31 AM  all   32.22    0.00    1.55    0.00    0.00    0.52    0.00    0.00    0.00   65.72
02:18:32 AM  all   30.47    0.00    2.60    0.00    0.00    0.78    0.00    0.00    0.00   66.15
02:18:33 AM  all   31.77    0.00    0.78    0.00    0.00    1.30    0.00    0.00    0.00   66.15
02:18:34 AM  all   32.73    0.00    1.82    0.00    0.00    0.26    0.00    0.00    0.00   65.19
02:18:35 AM  all   32.40    0.00    1.28    0.00    0.00    1.02    0.00    0.00    0.00   65.31
02:18:36 AM  all   31.33    0.00    1.57    0.00    0.00    0.78    0.00    0.00    0.00   66.32
02:18:37 AM  all   31.73    0.00    1.78    0.00    0.00    1.78    0.00    0.00    0.00   64.72
02:18:38 AM  all   31.81    0.00    2.80    0.00    0.00    1.27    0.00    0.00    0.00   64.12
02:18:39 AM  all   31.41    0.00    1.57    0.00    0.00    0.79    0.00    0.00    0.00   66.23
02:18:40 AM  all   33.58    0.00    1.75    0.00    0.00    0.50    0.00    0.00    0.00   64.16
02:18:41 AM  all   31.25    0.00    1.82    0.00    0.00    1.30    0.00    0.00    0.00   65.62
02:18:42 AM  all   32.41    0.00    2.76    0.00    0.00    1.01    0.00    0.00    0.00   63.82
02:18:43 AM  all   34.81    0.00    1.48    0.00    0.00    0.99    0.00    0.00    0.00   62.72
02:18:44 AM  all   31.77    0.00    0.78    0.00    0.00    1.04    0.00    0.00    0.00   66.41
02:18:45 AM  all   33.00    0.00    2.48    0.00    0.00    1.49    0.00    0.00    0.00   63.03
02:18:46 AM  all   30.65    0.00    2.34    0.00    0.00    0.78    0.00    0.00    0.00   66.23
02:18:47 AM  all   32.05    0.00    1.28    0.00    0.00    0.77    0.00    0.00    0.00   65.90
02:18:48 AM  all   32.05    0.00    1.79    0.00    0.00    0.77    0.00    0.00    0.00   65.38
02:18:49 AM  all   32.67    0.00    2.00    0.00    0.00    1.00    0.00    0.00    0.00   64.34
02:18:50 AM  all   32.40    0.00    2.04    0.00    0.00    1.28    0.00    0.00    0.00   64.29
02:18:51 AM  all   34.16    0.00    1.75    0.00    0.00    1.00    0.00    0.00    0.00   63.09
02:18:52 AM  all   31.30    0.00    2.54    0.00    0.00    1.27    0.00    0.00    0.00   64.89
02:18:53 AM  all   31.98    0.00    2.03    0.00    0.00    1.02    0.00    0.00    0.00   64.97
02:18:54 AM  all   32.91    0.00    0.77    0.00    0.00    1.02    0.00    0.00    0.00   65.31
02:18:55 AM  all   34.74    0.00    1.74    0.00    0.00    0.50    0.00    0.00    0.00   63.03
02:18:56 AM  all   31.73    0.00    2.03    0.00    0.00    1.02    0.00    0.00    0.00   65.23
02:18:57 AM  all   33.08    0.00    2.01    0.00    0.00    1.25    0.00    0.00    0.00   63.66
02:18:58 AM  all   32.75    0.00    2.00    0.25    0.00    1.25    0.00    0.00    0.00   63.75
02:18:59 AM  all   31.52    0.00    1.81    0.00    0.00    1.29    0.00    0.00    0.00   65.37
02:19:00 AM  all   33.59    0.00    2.27    0.00    0.00    1.26    0.00    0.00    0.00   62.88
02:19:01 AM  all   30.92    0.00    2.24    0.00    0.00    1.00    0.00    0.00    0.00   65.84
02:19:02 AM  all   25.19    0.00    0.76    0.00    0.00    1.27    0.00    0.00    0.00   72.77
02:19:03 AM  all   31.65    0.00    2.28    0.00    0.00    0.76    0.00    0.00    0.00   65.32
02:19:04 AM  all   32.50    0.00    2.25    0.00    0.00    1.50    0.00    0.00    0.00   63.75
02:19:05 AM  all   31.62    0.00    1.80    0.00    0.00    0.77    0.00    0.00    0.00   65.81
02:19:06 AM  all   31.63    0.00    2.30    0.00    0.00    0.77    0.00    0.00    0.00   65.31
02:19:07 AM  all   33.67    0.00    1.77    0.00    0.00    1.01    0.00    0.00    0.00   63.54
02:19:08 AM  all   34.33    0.00    1.74    0.00    0.00    1.00    0.00    0.00    0.00   62.94
02:19:09 AM  all   33.25    0.00    1.50    0.00    0.00    1.00    0.00    0.00    0.00   64.25
02:19:10 AM  all   31.99    0.00    2.02    0.00    0.00    1.01    0.00    0.00    0.00   64.99
02:19:11 AM  all   32.32    0.00    2.04    0.00    0.00    1.27    0.00    0.00    0.00   64.38
02:19:12 AM  all   32.49    0.00    1.76    0.00    0.00    1.26    0.00    0.00    0.00   64.48
02:19:13 AM  all   33.08    0.00    2.02    0.00    0.00    1.01    0.00    0.00    0.00   63.89
02:19:14 AM  all   31.71    0.00    1.79    0.00    0.00    1.02    0.00    0.00    0.00   65.47
02:19:15 AM  all   32.90    0.00    2.07    0.00    0.00    0.78    0.00    0.00    0.00   64.25
02:19:16 AM  all   33.58    0.00    2.51    0.00    0.00    0.50    0.00    0.00    0.00   63.41
02:19:17 AM  all   32.91    0.00    2.51    0.00    0.00    1.01    0.00    0.00    0.00   63.57
02:19:18 AM  all   34.80    0.00    1.47    0.00    0.00    0.98    0.00    0.00    0.00   62.75
02:19:19 AM  all   33.16    0.00    1.54    0.00    0.00    1.03    0.00    0.00    0.00   64.27
02:19:20 AM  all   33.16    0.00    1.28    0.00    0.00    1.02    0.00    0.00    0.00   64.54
02:19:21 AM  all   34.42    0.00    1.51    0.00    0.00    1.51    0.00    0.00    0.00   62.56
02:19:22 AM  all   34.26    0.00    1.51    0.00    0.00    1.01    0.00    0.00    0.00   63.22
02:19:23 AM  all   34.33    0.00    1.74    0.00    0.00    1.24    0.00    0.00    0.00   62.69
02:19:24 AM  all   33.42    0.00    1.03    0.00    0.00    1.29    0.00    0.00    0.00   64.27
02:19:25 AM  all   32.84    0.00    1.99    0.00    0.00    1.74    0.00    0.00    0.00   63.43
02:19:26 AM  all   34.40    0.00    1.72    0.00    0.00    0.98    0.00    0.00    0.00   62.90
02:19:27 AM  all   34.01    0.00    1.78    0.00    0.00    1.78    0.00    0.00    0.00   62.44
02:19:28 AM  all   33.51    0.00    1.04    0.00    0.00    0.78    0.00    0.00    0.00   64.68
02:19:29 AM  all   34.48    0.00    1.72    0.00    0.00    1.23    0.00    0.00    0.00   62.56
02:19:30 AM  all   33.25    0.00    2.02    0.00    0.00    0.76    0.00    0.00    0.00   63.98
02:19:31 AM  all   32.06    0.00    1.53    0.00    0.00    1.27    0.00    0.00    0.00   65.14
02:19:32 AM  all   33.42    0.00    1.79    0.00    0.00    0.51    0.00    0.00    0.00   64.29
02:19:33 AM  all   31.51    0.00    1.56    0.26    0.00    1.56    0.00    0.00    0.00   65.10
02:19:34 AM  all   33.16    0.00    2.03    0.00    0.00    2.03    0.00    0.00    0.00   62.78
02:19:35 AM  all   32.29    0.00    1.30    0.00    0.00    0.78    0.00    0.00    0.00   65.62
02:19:36 AM  all   33.50    0.00    1.50    0.00    0.00    1.50    0.00    0.00    0.00   63.50
02:19:37 AM  all   31.19    0.00    2.58    0.00    0.00    1.03    0.00    0.00    0.00   65.21
02:19:38 AM  all   34.42    0.00    1.76    0.00    0.00    1.51    0.00    0.00    0.00   62.31
02:19:39 AM  all   31.32    0.00    1.58    0.00    0.00    0.79    0.00    0.00    0.00   66.32
02:19:40 AM  all   29.84    0.00    2.36    0.00    0.00    0.26    0.00    0.00    0.00   67.54
02:19:41 AM  all   31.54    0.00    3.33    0.00    0.00    1.28    0.00    0.00    0.00   63.85
02:19:42 AM  all   31.06    0.00    3.28    0.00    0.00    2.02    0.00    0.00    0.00   63.64
02:19:43 AM  all   32.48    0.00    1.28    0.00    0.00    0.77    0.00    0.00    0.00   65.47
02:19:44 AM  all   28.53    0.00    2.06    0.00    0.00    0.51    0.00    0.00    0.00   68.89
02:19:45 AM  all   24.18    0.00    1.26    0.00    0.00    0.76    0.00    0.00    0.00   73.80
02:19:46 AM  all   21.88    0.00    0.76    0.00    0.00    0.00    0.00    0.00    0.00   77.35
02:19:47 AM  all   14.73    0.00    0.78    0.00    0.00    1.03    0.00    0.00    0.00   83.46
02:19:48 AM  all   10.36    0.00    0.78    0.00    0.00    0.00    0.00    0.00    0.00   88.86
02:19:49 AM  all    6.30    0.00    0.50    0.00    0.00    0.00    0.00    0.00    0.00   93.20
02:19:50 AM  all    6.97    0.00    0.25    0.00    0.00    0.00    0.00    0.00    0.00   92.79
02:19:51 AM  all    2.49    0.00    0.00    0.00    0.00    0.00    0.00    0.00    0.00   97.51
02:19:52 AM  all    2.04    0.00    0.51    0.00    0.00    0.00    0.00    0.00    0.00   97.45
02:19:53 AM  all   16.49    0.00    1.03    0.00    0.00    0.77    0.00    0.00    0.00   81.70
02:19:54 AM  all   17.69    0.00    1.28    0.00    0.00    0.51    0.00    0.00    0.00   80.51
02:19:55 AM  all   17.48    0.00    1.54    0.00    0.00    0.26    0.00    0.00    0.00   80.72
02:19:56 AM  all   18.48    0.00    1.77    0.00    0.00    0.25    0.00    0.00    0.00   79.49
02:19:57 AM  all   19.75    0.00    1.00    0.00    0.00    0.75    0.00    0.00    0.00   78.50
02:19:58 AM  all   19.90    0.00    1.01    0.00    0.00    0.25    0.00    0.00    0.00   78.84
02:19:59 AM  all   20.40    0.00    0.50    0.00    0.00    0.50    0.00    0.00    0.00   78.59
02:20:00 AM  all   19.55    0.00    1.75    0.00    0.00    0.50    0.00    0.00    0.00   78.20
02:20:01 AM  all   20.60    0.00    0.50    0.00    0.00    0.99    0.00    0.00    0.00   77.92
02:20:02 AM  all   14.61    0.00    1.01    0.00    0.00    0.25    0.00    0.00    0.00   84.13
02:20:03 AM  all   18.97    0.00    1.28    0.00    0.00    0.00    0.00    0.00    0.00   79.74
02:20:04 AM  all   18.07    0.00    0.76    0.00    0.00    0.76    0.00    0.00    0.00   80.41
02:20:05 AM  all   18.88    0.00    1.53    0.00    0.00    0.77    0.00    0.00    0.00   78.83
02:20:06 AM  all   19.59    0.00    0.51    0.00    0.00    0.25    0.00    0.00    0.00   79.64
02:20:07 AM  all   19.40    0.00    1.01    0.00    0.00    0.50    0.00    0.00    0.00   79.09
02:20:08 AM  all   19.49    0.00    1.27    0.00    0.00    0.00    0.00    0.00    0.00   79.24
02:20:09 AM  all   19.60    0.00    1.26    0.00    0.00    0.50    0.00    0.00    0.00   78.64
02:20:10 AM  all   20.00    0.00    1.50    0.25    0.00    0.50    0.00    0.00    0.00   77.75
02:20:11 AM  all   17.62    0.00    1.04    0.00    0.00    0.26    0.00    0.00    0.00   81.09
02:20:12 AM  all   18.56    0.00    0.52    0.00    0.00    0.52    0.00    0.00    0.00   80.41
02:20:13 AM  all   18.94    0.00    1.01    0.00    0.00    0.25    0.00    0.00    0.00   79.80
02:20:14 AM  all   19.60    0.00    1.01    0.00    0.00    0.50    0.00    0.00    0.00   78.89
02:20:15 AM  all   19.70    0.00    1.72    0.00    0.00    0.99    0.00    0.00    0.00   77.59
02:20:16 AM  all   19.13    0.00    0.77    0.00    0.00    0.26    0.00    0.00    0.00   79.85
02:20:17 AM  all   17.22    0.00    0.77    0.00    0.00    0.77    0.00    0.00    0.00   81.23
02:20:18 AM  all   17.69    0.00    0.77    0.00    0.00    0.26    0.00    0.00    0.00   81.28
02:20:19 AM  all   18.07    0.00    1.27    0.00    0.00    0.51    0.00    0.00    0.00   80.15
02:20:20 AM  all   17.60    0.00    1.28    0.00    0.00    0.26    0.00    0.00    0.00   80.87
02:20:21 AM  all   19.31    0.00    1.49    0.00    0.00    0.74    0.00    0.00    0.00   78.47
02:20:22 AM  all   18.99    0.00    0.76    0.00    0.00    0.25    0.00    0.00    0.00   80.00
02:20:23 AM  all   17.01    0.00    1.29    0.00    0.00    0.26    0.00    0.00    0.00   81.44
02:20:24 AM  all   15.84    0.00    2.08    0.00    0.00    0.00    0.00    0.00    0.00   82.08
02:20:25 AM  all   18.48    0.00    0.76    0.00    0.00    0.76    0.00    0.00    0.00   80.00
02:20:26 AM  all   18.69    0.00    1.01    0.00    0.00    0.76    0.00    0.00    0.00   79.55
02:20:27 AM  all   19.64    0.00    1.02    0.00    0.00    0.26    0.00    0.00    0.00   79.08
02:20:28 AM  all   18.50    0.00    1.75    0.00    0.00    0.50    0.00    0.00    0.00   79.25
02:20:29 AM  all   17.90    0.00    1.02    0.00    0.00    0.26    0.00    0.00    0.00   80.82
02:20:30 AM  all   19.14    0.00    0.50    0.00    0.00    1.01    0.00    0.00    0.00   79.35
02:20:31 AM  all   18.59    0.00    1.01    0.00    0.00    0.50    0.00    0.00    0.00   79.90
02:20:32 AM  all   20.15    0.00    1.24    0.00    0.00    0.25    0.00    0.00    0.00   78.36
02:20:33 AM  all   18.69    0.00    0.76    0.00    0.00    0.51    0.00    0.00    0.00   80.05
02:20:34 AM  all   17.14    0.00    1.79    0.00    0.00    0.26    0.00    0.00    0.00   80.82
02:20:35 AM  all   18.80    0.00    1.00    0.00    0.00    0.50    0.00    0.00    0.00   79.70
02:20:36 AM  all   20.92    0.00    1.70    0.00    0.00    0.24    0.00    0.00    0.00   77.13
02:20:37 AM  all   19.95    0.00    0.50    0.00    0.00    0.75    0.00    0.00    0.00   78.80
02:20:38 AM  all   19.55    0.00    1.25    0.00    0.00    0.00    0.00    0.00    0.00   79.20
02:20:39 AM  all   17.60    0.00    1.28    0.00    0.00    1.02    0.00    0.00    0.00   80.10
02:20:40 AM  all   20.40    0.00    1.49    0.00    0.00    0.00    0.00    0.00    0.00   78.11
02:20:41 AM  all   18.69    0.00    1.52    0.00    0.00    0.51    0.00    0.00    0.00   79.29
02:20:42 AM  all   18.59    0.00    1.76    0.00    0.00    0.25    0.00    0.00    0.00   79.40
02:20:43 AM  all   18.91    0.00    1.74    0.00    0.00    0.50    0.00    0.00    0.00   78.86
02:20:44 AM  all   20.05    0.00    0.75    0.00    0.00    0.25    0.00    0.00    0.00   78.95
02:20:45 AM  all   20.00    0.00    1.23    0.00    0.00    0.74    0.00    0.00    0.00   78.02
02:20:46 AM  all   18.99    0.00    1.27    0.00    0.00    0.00    0.00    0.00    0.00   79.75
02:20:47 AM  all   18.69    0.00    0.76    0.00    0.00    1.01    0.00    0.00    0.00   79.55
02:20:48 AM  all   20.00    0.00    0.99    0.00    0.00    0.74    0.00    0.00    0.00   78.27
02:20:49 AM  all   16.62    0.00    1.04    0.00    0.00    0.26    0.00    0.00    0.00   82.08
02:20:50 AM  all   17.38    0.00    1.76    0.00    0.00    0.76    0.00    0.00    0.00   80.10
02:20:51 AM  all   18.48    0.00    0.76    0.00    0.00    0.00    0.00    0.00    0.00   80.76
02:20:52 AM  all   17.18    0.00    1.28    0.26    0.00    0.51    0.00    0.00    0.00   80.77
02:20:53 AM  all   16.88    0.00    0.52    0.00    0.00    0.26    0.00    0.00    0.00   82.34
02:20:54 AM  all   19.75    0.00    1.50    0.00    0.00    0.25    0.00    0.00    0.00   78.50
02:20:55 AM  all   17.68    0.00    2.02    0.00    0.00    0.76    0.00    0.00    0.00   79.55
02:20:56 AM  all   18.78    0.00    0.76    0.00    0.00    0.00    0.00    0.00    0.00   80.46
02:20:57 AM  all   16.54    0.00    0.79    0.00    0.00    0.26    0.00    0.00    0.00   82.41
02:20:58 AM  all   20.25    0.00    1.00    0.00    0.00    0.50    0.00    0.00    0.00   78.25
02:20:59 AM  all   17.57    0.00    1.29    0.00    0.00    0.26    0.00    0.00    0.00   80.88
02:21:00 AM  all   17.40    0.00    0.78    0.00    0.00    0.26    0.00    0.00    0.00   81.56
02:21:01 AM  all   17.01    0.00    1.02    0.00    0.00    0.51    0.00    0.00    0.00   81.47
02:21:02 AM  all   14.80    0.00    1.02    0.00    0.00    0.51    0.00    0.00    0.00   83.67
02:21:03 AM  all   17.14    0.00    1.02    0.00    0.00    0.26    0.00    0.00    0.00   81.59
02:21:04 AM  all   17.53    0.00    0.52    0.00    0.00    0.00    0.00    0.00    0.00   81.96
02:21:05 AM  all   19.65    0.00    1.26    0.00    0.00    0.00    0.00    0.00    0.00   79.09
02:21:06 AM  all   16.28    0.00    1.55    0.00    0.00    0.52    0.00    0.00    0.00   81.65
02:21:07 AM  all   18.30    0.00    1.75    0.00    0.00    0.50    0.00    0.00    0.00   79.45
02:21:08 AM  all   17.95    0.00    1.28    0.00    0.00    0.00    0.00    0.00    0.00   80.77
02:21:09 AM  all   18.25    0.00    0.77    0.00    0.00    0.51    0.00    0.00    0.00   80.46
02:21:10 AM  all   18.27    0.00    1.27    0.00    0.00    0.76    0.00    0.00    0.00   79.70
02:21:11 AM  all   19.34    0.00    0.25    0.00    0.00    0.25    0.00    0.00    0.00   80.15
02:21:12 AM  all   18.05    0.00    2.26    0.00    0.00    0.50    0.00    0.00    0.00   79.20
02:21:13 AM  all   17.95    0.00    0.51    0.00    0.00    0.51    0.00    0.00    0.00   81.03
02:21:14 AM  all   19.10    0.00    1.26    0.00    0.00    0.25    0.00    0.00    0.00   79.40
02:21:15 AM  all   17.69    0.00    1.03    0.00    0.00    0.26    0.00    0.00    0.00   81.03
02:21:16 AM  all   17.26    0.00    1.02    0.00    0.00    1.27    0.00    0.00    0.00   80.46
02:21:17 AM  all   18.62    0.00    0.77    0.00    0.00    0.26    0.00    0.00    0.00   80.36
02:21:18 AM  all   18.21    0.00    1.03    0.00    0.00    0.26    0.00    0.00    0.00   80.51
02:21:19 AM  all   18.95    0.00    1.75    0.00    0.00    0.50    0.00    0.00    0.00   78.80
02:21:20 AM  all   18.48    0.00    1.27    0.00    0.00    0.25    0.00    0.00    0.00   80.00
02:21:21 AM  all   18.53    0.00    0.76    0.00    0.00    0.76    0.00    0.00    0.00   79.95
02:21:22 AM  all   18.64    0.00    1.26    0.00    0.00    0.25    0.00    0.00    0.00   79.85
02:21:23 AM  all   18.11    0.00    1.53    0.00    0.00    0.00    0.00    0.00    0.00   80.36
02:21:24 AM  all   18.43    0.00    1.26    0.00    0.00    0.51    0.00    0.00    0.00   79.80
02:21:25 AM  all   19.75    0.00    0.76    0.00    0.00    0.00    0.00    0.00    0.00   79.49
02:21:26 AM  all   17.14    0.00    1.02    0.00    0.00    1.02    0.00    0.00    0.00   80.82
02:21:27 AM  all   21.50    0.00    1.00    0.00    0.00    0.25    0.00    0.00    0.00   77.25
02:21:28 AM  all   16.41    0.00    1.03    0.00    0.00    1.03    0.00    0.00    0.00   81.54
02:21:29 AM  all   17.36    0.00    1.04    0.00    0.00    0.26    0.00    0.00    0.00   81.35
02:21:30 AM  all   19.90    0.00    1.00    0.00    0.00    0.50    0.00    0.00    0.00   78.61
02:21:31 AM  all   17.69    0.00    1.03    0.00    0.00    0.26    0.00    0.00    0.00   81.03
02:21:32 AM  all   19.45    0.00    1.25    0.00    0.00    0.25    0.00    0.00    0.00   79.05
02:21:33 AM  all   17.22    0.00    1.54    0.00    0.00    0.00    0.00    0.00    0.00   81.23
02:21:34 AM  all   16.88    0.00    1.04    0.00    0.00    0.26    0.00    0.00    0.00   81.82
02:21:35 AM  all   17.27    0.00    0.77    0.00    0.00    0.52    0.00    0.00    0.00   81.44
02:21:36 AM  all   18.94    0.00    1.77    0.00    0.00    0.00    0.00    0.00    0.00   79.29
02:21:37 AM  all   17.93    0.00    1.26    0.00    0.00    1.01    0.00    0.00    0.00   79.80
02:21:38 AM  all   17.10    0.00    1.04    0.00    0.00    0.26    0.00    0.00    0.00   81.61
02:21:39 AM  all   17.74    0.00    1.03    0.00    0.00    0.26    0.00    0.00    0.00   80.98
02:21:40 AM  all   18.59    0.00    1.76    0.00    0.00    0.00    0.00    0.00    0.00   79.65
02:21:41 AM  all   18.48    0.00    2.03    0.00    0.00    1.01    0.00    0.00    0.00   78.48
02:21:42 AM  all   17.10    0.00    1.30    0.00    0.00    0.00    0.00    0.00    0.00   81.61
02:21:43 AM  all   17.72    0.00    0.76    0.00    0.00    1.27    0.00    0.00    0.00   80.25
02:21:44 AM  all   16.45    0.00    0.78    0.00    0.00    0.52    0.00    0.00    0.00   82.25
02:21:45 AM  all   17.44    0.00    1.54    0.00    0.00    0.77    0.00    0.00    0.00   80.26
02:21:46 AM  all   18.34    0.00    2.01    0.00    0.00    0.75    0.00    0.00    0.00   78.89
02:21:47 AM  all   19.50    0.00    1.00    0.00    0.00    0.25    0.00    0.00    0.00   79.25
02:21:48 AM  all   19.30    0.00    1.00    0.00    0.00    0.75    0.00    0.00    0.00   78.95
02:21:49 AM  all   16.10    0.00    1.30    0.00    0.00    0.52    0.00    0.00    0.00   82.08
02:21:50 AM  all   15.67    0.00    0.78    0.00    0.00    0.52    0.00    0.00    0.00   83.03
02:21:51 AM  all   16.49    0.00    1.80    0.00    0.00    0.26    0.00    0.00    0.00   81.44
02:21:52 AM  all   20.49    0.00    1.48    0.00    0.00    0.25    0.00    0.00    0.00   77.78
02:21:53 AM  all   19.60    0.00    1.74    0.00    0.00    0.50    0.00    0.00    0.00   78.16
02:21:54 AM  all   18.94    0.00    0.76    0.00    0.00    0.25    0.00    0.00    0.00   80.05
02:21:55 AM  all   19.75    0.00    0.76    0.00    0.00    0.00    0.00    0.00    0.00   79.49
02:21:56 AM  all   18.69    0.00    1.01    0.00    0.00    1.01    0.00    0.00    0.00   79.29
02:21:57 AM  all   18.27    0.00    1.52    0.25    0.00    0.25    0.00    0.00    0.00   79.70
02:21:58 AM  all   17.36    0.00    0.52    0.00    0.00    0.78    0.00    0.00    0.00   81.35
02:21:59 AM  all   18.16    0.00    1.53    0.00    0.00    0.26    0.00    0.00    0.00   80.05
02:22:00 AM  all   18.44    0.00    0.78    0.00    0.00    0.26    0.00    0.00    0.00   80.52
02:22:01 AM  all   16.11    0.00    1.53    0.00    0.00    0.51    0.00    0.00    0.00   81.84
02:22:02 AM  all   14.86    0.00    1.26    0.00    0.00    0.25    0.00    0.00    0.00   83.63
02:22:03 AM  all   17.14    0.00    0.52    0.00    0.00    0.52    0.00    0.00    0.00   81.82
02:22:04 AM  all   17.44    0.00    1.54    0.00    0.00    0.51    0.00    0.00    0.00   80.51
02:22:05 AM  all   19.75    0.00    0.51    0.00    0.00    0.76    0.00    0.00    0.00   78.99
02:22:06 AM  all   20.20    0.00    1.97    0.00    0.00    0.25    0.00    0.00    0.00   77.59
02:22:07 AM  all   20.40    0.00    1.24    0.00    0.00    0.50    0.00    0.00    0.00   77.86
02:22:08 AM  all   19.35    0.00    1.26    0.25    0.00    0.25    0.00    0.00    0.00   78.89
02:22:09 AM  all   17.40    0.00    0.52    0.00    0.00    0.26    0.00    0.00    0.00   81.82
02:22:10 AM  all   18.02    0.00    1.02    0.00    0.00    0.51    0.00    0.00    0.00   80.46
02:22:11 AM  all   17.69    0.00    1.28    0.00    0.00    0.51    0.00    0.00    0.00   80.51
02:22:12 AM  all   19.70    0.00    0.51    0.00    0.00    0.51    0.00    0.00    0.00   79.29
02:22:13 AM  all   18.72    0.00    0.26    0.00    0.00    0.00    0.00    0.00    0.00   81.03
02:22:14 AM  all   17.77    0.00    1.27    0.00    0.00    0.51    0.00    0.00    0.00   80.46
02:22:15 AM  all   16.27    0.00    1.05    0.00    0.00    0.26    0.00    0.00    0.00   82.41
02:22:16 AM  all   19.90    0.00    1.74    0.00    0.00    0.25    0.00    0.00    0.00   78.11
02:22:17 AM  all   20.25    0.00    1.25    0.00    0.00    0.25    0.00    0.00    0.00   78.25
02:22:18 AM  all   19.44    0.00    1.77    0.00    0.00    0.51    0.00    0.00    0.00   78.28
02:22:19 AM  all   18.27    0.00    0.76    0.00    0.00    0.76    0.00    0.00    0.00   80.20
02:22:20 AM  all   18.64    0.00    1.51    0.00    0.00    0.00    0.00    0.00    0.00   79.85
02:22:21 AM  all   19.65    0.00    1.24    0.00    0.00    0.50    0.00    0.00    0.00   78.61
02:22:22 AM  all   18.89    0.00    1.01    0.00    0.00    0.50    0.00    0.00    0.00   79.60
02:22:23 AM  all   16.54    0.00    0.78    0.00    0.00    0.78    0.00    0.00    0.00   81.91
02:22:24 AM  all   19.30    0.00    1.25    0.00    0.00    0.00    0.00    0.00    0.00   79.45
02:22:25 AM  all   20.00    0.00    1.25    0.00    0.00    0.25    0.00    0.00    0.00   78.50
02:22:26 AM  all   19.25    0.00    1.25    0.00    0.00    0.75    0.00    0.00    0.00   78.75
02:22:27 AM  all   20.90    0.00    1.49    0.00    0.00    0.75    0.00    0.00    0.00   76.87
02:22:28 AM  all   19.24    0.00    1.01    0.00    0.00    0.25    0.00    0.00    0.00   79.49
02:22:29 AM  all   19.55    0.00    1.00    0.00    0.00    0.75    0.00    0.00    0.00   78.70
02:22:30 AM  all   16.54    0.00    1.55    0.00    0.00    0.26    0.00    0.00    0.00   81.65
02:22:31 AM  all   19.00    0.00    1.00    0.00    0.00    0.75    0.00    0.00    0.00   79.25
02:22:32 AM  all   17.88    0.00    1.76    0.00    0.00    1.01    0.00    0.00    0.00   79.35
02:22:33 AM  all   19.04    0.00    0.51    0.00    0.00    0.51    0.00    0.00    0.00   79.95
02:22:34 AM  all   18.16    0.00    1.53    0.00    0.00    0.00    0.00    0.00    0.00   80.31
02:22:35 AM  all   17.05    0.00    1.03    0.00    0.00    0.00    0.00    0.00    0.00   81.91
02:22:36 AM  all   17.86    0.00    1.02    0.00    0.00    0.77    0.00    0.00    0.00   80.36
02:22:37 AM  all   17.48    0.00    0.51    0.00    0.00    0.77    0.00    0.00    0.00   81.23
02:22:38 AM  all   17.48    0.00    1.29    0.00    0.00    0.00    0.00    0.00    0.00   81.23
02:22:39 AM  all   18.58    0.00    1.02    0.00    0.00    0.00    0.00    0.00    0.00   80.41
02:22:40 AM  all   19.25    0.00    1.00    0.00    0.00    0.50    0.00    0.00    0.00   79.25
02:22:41 AM  all   18.27    0.00    1.27    0.00    0.00    0.25    0.00    0.00    0.00   80.20
02:22:42 AM  all   17.48    0.00    1.29    0.00    0.00    0.51    0.00    0.00    0.00   80.72
02:22:43 AM  all   18.39    0.00    1.26    0.00    0.00    0.50    0.00    0.00    0.00   79.85
02:22:44 AM  all   18.14    0.00    1.51    0.00    0.00    0.25    0.00    0.00    0.00   80.10
02:22:45 AM  all   17.72    0.00    1.27    0.00    0.00    0.51    0.00    0.00    0.00   80.51
02:22:46 AM  all   14.78    0.00    1.06    0.00    0.00    0.26    0.00    0.00    0.00   83.91
02:22:47 AM  all   17.69    0.00    0.51    0.00    0.00    0.26    0.00    0.00    0.00   81.54
02:22:48 AM  all   18.73    0.00    0.76    0.00    0.00    0.25    0.00    0.00    0.00   80.25
02:22:49 AM  all   17.63    0.00    1.76    0.00    0.00    0.25    0.00    0.00    0.00   80.35
02:22:50 AM  all   17.44    0.00    0.77    0.00    0.00    0.00    0.00    0.00    0.00   81.79
02:22:51 AM  all   17.44    0.00    1.54    0.00    0.00    0.77    0.00    0.00    0.00   80.26
02:22:52 AM  all   19.30    0.00    1.00    0.00    0.00    0.75    0.00    0.00    0.00   78.95
02:22:53 AM  all   18.53    0.00    1.02    0.00    0.00    0.51    0.00    0.00    0.00   79.95
02:22:54 AM  all   18.02    0.00    0.76    0.00    0.00    0.25    0.00    0.00    0.00   80.96
02:22:55 AM  all   17.60    0.00    1.28    0.00    0.00    1.02    0.00    0.00    0.00   80.10
02:22:56 AM  all   16.62    0.00    0.78    0.00    0.00    0.00    0.00    0.00    0.00   82.60
02:22:57 AM  all   16.32    0.00    1.04    0.00    0.00    0.78    0.00    0.00    0.00   81.87
02:22:58 AM  all   19.50    0.00    1.25    0.00    0.00    0.50    0.00    0.00    0.00   78.75
02:22:59 AM  all   16.92    0.00    1.28    0.00    0.00    0.77    0.00    0.00    0.00   81.03
02:23:00 AM  all   17.18    0.00    1.28    0.00    0.00    0.51    0.00    0.00    0.00   81.03
02:23:01 AM  all   18.35    0.00    0.52    0.00    0.00    0.00    0.00    0.00    0.00   81.14
02:23:02 AM  all   12.56    0.00    1.01    0.00    0.00    0.25    0.00    0.00    0.00   86.18
02:23:03 AM  all   16.36    0.00    1.04    0.26    0.00    0.78    0.00    0.00    0.00   81.56
02:23:04 AM  all   18.39    0.00    1.26    0.00    0.00    0.76    0.00    0.00    0.00   79.60
02:23:05 AM  all   19.49    0.00    1.01    0.00    0.00    0.00    0.00    0.00    0.00   79.49
02:23:06 AM  all   18.80    0.00    1.25    0.00    0.00    0.50    0.00    0.00    0.00   79.45
02:23:07 AM  all   17.47    0.00    1.77    0.00    0.00    0.51    0.00    0.00    0.00   80.25
02:23:08 AM  all   17.99    0.00    0.51    0.00    0.00    0.00    0.00    0.00    0.00   81.49
02:23:09 AM  all   19.75    0.00    0.51    0.00    0.00    0.51    0.00    0.00    0.00   79.24
02:23:10 AM  all   17.56    0.00    1.27    0.00    0.00    0.25    0.00    0.00    0.00   80.92
02:23:11 AM  all   20.49    0.00    1.48    0.00    0.00    0.25    0.00    0.00    0.00   77.78
02:23:12 AM  all   17.86    0.00    1.02    0.00    0.00    0.51    0.00    0.00    0.00   80.61
02:23:13 AM  all   18.94    0.00    1.01    0.00    0.00    0.00    0.00    0.00    0.00   80.05
02:23:14 AM  all   17.51    0.00    1.52    0.00    0.00    0.51    0.00    0.00    0.00   80.46
02:23:15 AM  all   19.55    0.00    0.50    0.00    0.00    0.75    0.00    0.00    0.00   79.20
02:23:16 AM  all   18.93    0.00    0.77    0.00    0.00    0.00    0.00    0.00    0.00   80.31
02:23:17 AM  all   18.53    0.00    0.76    0.00    0.00    0.76    0.00    0.00    0.00   79.95
02:23:18 AM  all   18.55    0.00    2.01    0.25    0.00    0.25    0.00    0.00    0.00   78.95
02:23:19 AM  all   16.67    0.00    1.54    0.00    0.00    0.51    0.00    0.00    0.00   81.28
02:23:20 AM  all   17.78    0.00    0.52    0.00    0.00    0.52    0.00    0.00    0.00   81.19
02:23:21 AM  all   17.36    0.00    1.30    0.00    0.00    0.00    0.00    0.00    0.00   81.35
02:23:22 AM  all   20.69    0.00    1.48    0.00    0.00    0.00    0.00    0.00    0.00   77.83
02:23:23 AM  all   16.10    0.00    1.04    0.00    0.00    1.04    0.00    0.00    0.00   81.82
02:23:24 AM  all   18.73    0.00    1.01    0.00    0.00    0.51    0.00    0.00    0.00   79.75
02:23:25 AM  all   18.14    0.00    1.51    0.00    0.00    0.50    0.00    0.00    0.00   79.85
02:23:26 AM  all   17.44    0.00    0.51    0.00    0.00    1.03    0.00    0.00    0.00   81.03
02:23:27 AM  all   18.25    0.00    0.77    0.00    0.00    0.77    0.00    0.00    0.00   80.21
02:23:28 AM  all   20.05    0.00    1.98    0.00    0.00    0.25    0.00    0.00    0.00   77.72
02:23:29 AM  all   19.40    0.00    1.49    0.00    0.00    0.25    0.00    0.00    0.00   78.86
02:23:30 AM  all   17.74    0.00    1.29    0.00    0.00    0.00    0.00    0.00    0.00   80.98
02:23:31 AM  all   19.70    0.00    0.76    0.00    0.00    0.25    0.00    0.00    0.00   79.29
02:23:32 AM  all   17.77    0.00    1.52    0.00    0.00    0.51    0.00    0.00    0.00   80.20
02:23:33 AM  all   19.10    0.00    1.26    0.25    0.00    0.50    0.00    0.00    0.00   78.89
02:23:34 AM  all   19.65    0.00    1.01    0.00    0.00    0.25    0.00    0.00    0.00   79.09
02:23:35 AM  all   19.80    0.00    1.73    0.00    0.00    0.50    0.00    0.00    0.00   77.97
02:23:36 AM  all   17.10    0.00    1.30    0.00    0.00    0.26    0.00    0.00    0.00   81.35
02:23:37 AM  all   18.07    0.00    1.02    0.00    0.00    0.51    0.00    0.00    0.00   80.41
02:23:38 AM  all   17.81    0.00    1.78    0.00    0.00    0.25    0.00    0.00    0.00   80.15
02:23:39 AM  all   16.88    0.00    1.53    0.00    0.00    0.51    0.00    0.00    0.00   81.07
02:23:40 AM  all   18.27    0.00    1.27    0.00    0.00    0.76    0.00    0.00    0.00   79.70
02:23:41 AM  all   18.89    0.00    1.51    0.00    0.00    0.25    0.00    0.00    0.00   79.35
02:23:42 AM  all   17.18    0.00    2.56    0.00    0.00    0.77    0.00    0.00    0.00   79.49
02:23:43 AM  all   19.34    0.00    1.27    0.00    0.00    0.51    0.00    0.00    0.00   78.88
02:23:44 AM  all   16.15    0.00    0.78    0.00    0.00    1.56    0.00    0.00    0.00   81.51
02:23:45 AM  all   19.29    0.00    0.76    0.00    0.00    0.00    0.00    0.00    0.00   79.95
02:23:46 AM  all   17.22    0.00    1.29    0.00    0.00    0.26    0.00    0.00    0.00   81.23
02:23:47 AM  all   19.10    0.00    1.51    0.00    0.00    0.75    0.00    0.00    0.00   78.64
02:23:48 AM  all   18.09    0.00    0.52    0.00    0.00    0.26    0.00    0.00    0.00   81.14
02:23:49 AM  all   15.84    0.00    1.56    0.00    0.00    0.78    0.00    0.00    0.00   81.82
02:23:50 AM  all   18.39    0.00    1.26    0.00    0.00    0.76    0.00    0.00    0.00   79.60
02:23:51 AM  all   17.53    0.00    1.29    0.00    0.00    0.26    0.00    0.00    0.00   80.93
02:23:52 AM  all   18.04    0.00    0.26    0.00    0.00    0.26    0.00    0.00    0.00   81.44
02:23:53 AM  all   19.19    0.00    0.76    0.00    0.00    0.51    0.00    0.00    0.00   79.55
02:23:54 AM  all   18.53    0.00    1.27    0.00    0.00    0.51    0.00    0.00    0.00   79.70
02:23:55 AM  all   18.00    0.00    2.25    0.00    0.00    0.75    0.00    0.00    0.00   79.00
02:23:56 AM  all   19.85    0.00    0.25    0.00    0.00    0.51    0.00    0.00    0.00   79.39
02:23:57 AM  all   17.78    0.00    1.55    0.00    0.00    0.00    0.00    0.00    0.00   80.67
02:23:58 AM  all   19.65    0.00    1.26    0.00    0.00    0.50    0.00    0.00    0.00   78.59
02:23:59 AM  all   16.80    0.00    1.55    0.00    0.00    0.52    0.00    0.00    0.00   81.14
02:24:00 AM  all   18.83    0.00    1.53    0.00    0.00    0.25    0.00    0.00    0.00   79.39
02:24:01 AM  all   19.02    0.00    0.26    0.00    0.00    0.51    0.00    0.00    0.00   80.21
02:24:02 AM  all   13.01    0.00    1.02    0.00    0.00    0.00    0.00    0.00    0.00   85.97
02:24:03 AM  all   17.39    0.00    1.79    0.00    0.00    0.51    0.00    0.00    0.00   80.31
02:24:04 AM  all   18.53    0.00    1.27    0.00    0.00    0.25    0.00    0.00    0.00   79.95
02:24:05 AM  all   19.20    0.00    1.75    0.00    0.00    0.50    0.00    0.00    0.00   78.55
02:24:06 AM  all   15.93    0.00    1.31    0.00    0.00    0.26    0.00    0.00    0.00   82.51
02:24:07 AM  all   16.80    0.00    1.29    0.00    0.00    0.26    0.00    0.00    0.00   81.65
02:24:08 AM  all   17.31    0.00    1.03    0.00    0.00    0.00    0.00    0.00    0.00   81.65
02:24:09 AM  all   17.01    0.00    1.27    0.00    0.00    0.76    0.00    0.00    0.00   80.96
02:24:10 AM  all   17.48    0.00    1.29    0.00    0.00    0.00    0.00    0.00    0.00   81.23
02:24:11 AM  all   19.85    0.00    0.75    0.00    0.00    0.25    0.00    0.00    0.00   79.15
02:24:12 AM  all   17.48    0.00    0.51    0.00    0.00    0.77    0.00    0.00    0.00   81.23
02:24:13 AM  all   17.14    0.00    2.05    0.00    0.00    0.26    0.00    0.00    0.00   80.56
02:24:14 AM  all   17.44    0.00    0.77    0.00    0.00    0.77    0.00    0.00    0.00   81.03
02:24:15 AM  all   17.31    0.00    1.29    0.00    0.00    0.00    0.00    0.00    0.00   81.40
02:24:16 AM  all   17.27    0.00    1.03    0.00    0.00    0.26    0.00    0.00    0.00   81.44
02:24:17 AM  all   17.81    0.00    1.53    0.00    0.00    0.51    0.00    0.00    0.00   80.15
02:24:18 AM  all   17.18    0.00    1.79    0.00    0.00    0.51    0.00    0.00    0.00   80.51
02:24:19 AM  all   20.40    0.00    0.75    0.00    0.00    0.25    0.00    0.00    0.00   78.61
02:24:20 AM  all   17.17    0.00    2.02    0.00    0.00    0.76    0.00    0.00    0.00   80.05
02:24:21 AM  all   18.48    0.00    0.76    0.00    0.00    0.76    0.00    0.00    0.00   80.00
02:24:22 AM  all   18.37    0.00    0.51    0.00    0.00    0.26    0.00    0.00    0.00   80.87
02:24:23 AM  all   19.65    0.00    1.01    0.00    0.00    0.25    0.00    0.00    0.00   79.09
02:24:24 AM  all   17.95    0.00    1.03    0.00    0.00    0.51    0.00    0.00    0.00   80.51
02:24:25 AM  all   19.10    0.00    1.26    0.00    0.00    0.25    0.00    0.00    0.00   79.40
02:24:26 AM  all   18.46    0.00    0.77    0.00    0.00    0.26    0.00    0.00    0.00   80.51
02:24:27 AM  all   20.10    0.00    0.75    0.00    0.00    0.75    0.00    0.00    0.00   78.39
02:24:28 AM  all   18.37    0.00    1.02    0.00    0.00    0.26    0.00    0.00    0.00   80.36
02:24:29 AM  all   18.32    0.00    0.76    0.00    0.00    0.51    0.00    0.00    0.00   80.41
02:24:30 AM  all   18.11    0.00    1.28    0.00    0.00    0.26    0.00    0.00    0.00   80.36
02:24:31 AM  all   17.95    0.00    1.03    0.00    0.00    0.26    0.00    0.00    0.00   80.77
02:24:32 AM  all   18.55    0.00    1.25    0.00    0.00    0.75    0.00    0.00    0.00   79.45
02:24:33 AM  all   17.01    0.00    1.29    0.00    0.00    0.52    0.00    0.00    0.00   81.19
02:24:34 AM  all   17.53    0.00    1.03    0.00    0.00    0.77    0.00    0.00    0.00   80.67
02:24:35 AM  all   19.55    0.00    1.25    0.00    0.00    0.00    0.00    0.00    0.00   79.20
02:24:36 AM  all   19.66    0.00    1.72    0.00    0.00    0.98    0.00    0.00    0.00   77.64
02:24:37 AM  all   17.65    0.00    1.02    0.00    0.00    0.51    0.00    0.00    0.00   80.82
02:24:38 AM  all   16.49    0.00    1.29    0.00    0.00    0.00    0.00    0.00    0.00   82.22
02:24:39 AM  all   16.24    0.00    1.29    0.00    0.00    0.77    0.00    0.00    0.00   81.70
02:24:40 AM  all   19.15    0.00    1.74    0.00    0.00    0.25    0.00    0.00    0.00   78.86
02:24:41 AM  all   18.30    0.00    1.25    0.00    0.00    0.75    0.00    0.00    0.00   79.70
02:24:42 AM  all   19.35    0.00    1.26    0.00    0.00    0.00    0.00    0.00    0.00   79.40
02:24:43 AM  all   19.25    0.00    1.25    0.25    0.00    0.25    0.00    0.00    0.00   79.00
02:24:44 AM  all   17.44    0.00    1.54    0.00    0.00    0.26    0.00    0.00    0.00   80.77
02:24:45 AM  all   20.20    0.00    1.48    0.00    0.00    0.49    0.00    0.00    0.00   77.83
02:24:46 AM  all   18.37    0.00    1.02    0.00    0.00    0.51    0.00    0.00    0.00   80.10
02:24:47 AM  all   20.25    0.00    0.99    0.00    0.00    0.49    0.00    0.00    0.00   78.27
02:24:48 AM  all   17.27    0.00    0.77    0.00    0.00    0.26    0.00    0.00    0.00   81.70
02:24:49 AM  all   18.32    0.00    0.76    0.00    0.00    0.25    0.00    0.00    0.00   80.66
02:24:50 AM  all   17.22    0.00    2.03    0.00    0.00    0.25    0.00    0.00    0.00   80.51
02:24:51 AM  all   19.95    0.00    0.25    0.00    0.00    0.51    0.00    0.00    0.00   79.29
02:24:52 AM  all   17.05    0.00    1.29    0.00    0.00    0.00    0.00    0.00    0.00   81.65
02:24:53 AM  all   16.41    0.00    1.04    0.00    0.00    0.26    0.00    0.00    0.00   82.29
02:24:54 AM  all   16.58    0.00    1.04    0.00    0.00    0.78    0.00    0.00    0.00   81.61
02:24:55 AM  all   18.80    0.00    1.50    0.00    0.00    0.25    0.00    0.00    0.00   79.45
02:24:56 AM  all   18.88    0.00    1.02    0.00    0.00    0.51    0.00    0.00    0.00   79.59
02:24:57 AM  all   18.80    0.00    1.50    0.00    0.00    0.50    0.00    0.00    0.00   79.20
02:24:58 AM  all   18.37    0.00    0.26    0.00    0.00    0.51    0.00    0.00    0.00   80.87
02:24:59 AM  all   17.86    0.00    1.79    0.00    0.00    0.26    0.00    0.00    0.00   80.10
02:25:00 AM  all   17.19    0.00    1.04    0.00    0.00    0.00    0.00    0.00    0.00   81.77
02:25:01 AM  all   17.90    0.00    1.02    0.00    0.00    1.02    0.00    0.00    0.00   80.05
02:25:02 AM  all   11.20    0.00    0.52    0.52    0.00    0.26    0.00    0.00    0.00   87.50
02:25:03 AM  all   16.67    0.00    1.30    0.00    0.00    0.26    0.00    0.00    0.00   81.77
02:25:04 AM  all   17.30    0.00    1.27    0.00    0.00    0.76    0.00    0.00    0.00   80.66
02:25:05 AM  all   18.73    0.00    1.27    0.00    0.00    0.76    0.00    0.00    0.00   79.24
02:25:06 AM  all   17.74    0.00    1.29    0.00    0.00    0.26    0.00    0.00    0.00   80.72
02:25:07 AM  all   16.67    0.00    0.78    0.00    0.00    0.00    0.00    0.00    0.00   82.55
02:25:08 AM  all   17.69    0.00    1.03    0.00    0.00    0.51    0.00    0.00    0.00   80.77
02:25:09 AM  all   17.74    0.00    0.51    0.00    0.00    0.00    0.00    0.00    0.00   81.75
02:25:10 AM  all   19.30    0.00    1.00    0.00    0.00    0.50    0.00    0.00    0.00   79.20
02:25:11 AM  all   16.67    0.00    1.28    0.00    0.00    1.03    0.00    0.00    0.00   81.03
02:25:12 AM  all   18.25    0.00    1.29    0.00    0.00    0.26    0.00    0.00    0.00   80.21
02:25:13 AM  all   15.40    0.00    1.57    0.00    0.00    0.78    0.00    0.00    0.00   82.25
02:25:14 AM  all   16.32    0.00    0.79    0.00    0.00    0.53    0.00    0.00    0.00   82.37
02:25:15 AM  all   18.25    0.00    0.77    0.00    0.00    0.26    0.00    0.00    0.00   80.72
02:25:16 AM  all   16.58    0.00    1.30    0.00    0.00    0.26    0.00    0.00    0.00   81.87
02:25:17 AM  all   17.39    0.00    1.28    0.00    0.00    0.51    0.00    0.00    0.00   80.82
02:25:18 AM  all   16.75    0.00    1.55    0.00    0.00    0.26    0.00    0.00    0.00   81.44
02:25:19 AM  all   17.42    0.00    1.52    0.00    0.00    0.76    0.00    0.00    0.00   80.30
02:25:20 AM  all   20.15    0.00    0.76    0.00    0.00    0.25    0.00    0.00    0.00   78.84
02:25:21 AM  all   18.02    0.00    0.76    0.00    0.00    1.02    0.00    0.00    0.00   80.20
02:25:22 AM  all   16.06    0.00    1.55    0.00    0.00    0.26    0.00    0.00    0.00   82.12
02:25:23 AM  all   17.90    0.00    0.77    0.26    0.00    0.26    0.00    0.00    0.00   80.82
02:25:24 AM  all   18.18    0.00    1.52    0.00    0.00    0.51    0.00    0.00    0.00   79.80
02:25:25 AM  all   19.54    0.00    0.25    0.00    0.00    0.25    0.00    0.00    0.00   79.95
02:25:26 AM  all   16.62    0.00    1.04    0.00    0.00    0.52    0.00    0.00    0.00   81.82
02:25:27 AM  all   20.30    0.00    0.76    0.00    0.00    0.25    0.00    0.00    0.00   78.68
02:25:28 AM  all   18.94    0.00    1.01    0.00    0.00    0.25    0.00    0.00    0.00   79.80
02:25:29 AM  all   17.93    0.00    1.77    0.00    0.00    0.76    0.00    0.00    0.00   79.55
02:25:30 AM  all   19.04    0.00    0.51    0.00    0.00    0.25    0.00    0.00    0.00   80.20
02:25:31 AM  all   17.22    0.00    1.54    0.00    0.00    0.00    0.00    0.00    0.00   81.23
02:25:32 AM  all   17.05    0.00    0.78    0.00    0.00    0.26    0.00    0.00    0.00   81.91
02:25:33 AM  all   17.74    0.00    1.03    0.00    0.00    0.00    0.00    0.00    0.00   81.23
02:25:34 AM  all   17.48    0.00    1.29    0.00    0.00    0.26    0.00    0.00    0.00   80.98
02:25:35 AM  all   15.84    0.00    0.78    0.00    0.00    0.52    0.00    0.00    0.00   82.86
02:25:36 AM  all   18.32    0.00    1.02    0.00    0.00    0.25    0.00    0.00    0.00   80.41
02:25:37 AM  all   19.50    0.00    1.00    0.00    0.00    0.25    0.00    0.00    0.00   79.25
02:25:38 AM  all   17.72    0.00    1.01    0.00    0.00    0.76    0.00    0.00    0.00   80.51
02:25:39 AM  all   16.80    0.00    1.29    0.00    0.00    0.52    0.00    0.00    0.00   81.40
02:25:40 AM  all   16.54    0.00    1.53    0.00    0.00    0.76    0.00    0.00    0.00   81.17
02:25:41 AM  all   18.84    0.00    1.26    0.00    0.00    0.25    0.00    0.00    0.00   79.65
02:25:42 AM  all   18.27    0.00    1.78    0.00    0.00    0.76    0.00    0.00    0.00   79.19
02:25:43 AM  all   15.06    0.00    1.56    0.00    0.00    0.52    0.00    0.00    0.00   82.86
02:25:44 AM  all   17.56    0.00    1.53    0.00    0.00    0.76    0.00    0.00    0.00   80.15
02:25:45 AM  all   18.94    0.00    1.01    0.00    0.00    0.25    0.00    0.00    0.00   79.80
02:25:46 AM  all   17.88    0.00    1.51    0.00    0.00    0.76    0.00    0.00    0.00   79.85
02:25:47 AM  all   18.84    0.00    1.01    0.00    0.00    0.75    0.00    0.00    0.00   79.40
02:25:48 AM  all   18.21    0.00    1.79    0.00    0.00    0.00    0.00    0.00    0.00   80.00
02:25:49 AM  all   17.93    0.00    1.01    0.00    0.00    0.51    0.00    0.00    0.00   80.56
02:25:50 AM  all   17.69    0.00    0.51    0.00    0.00    0.77    0.00    0.00    0.00   81.03
02:25:51 AM  all   19.95    0.00    0.51    0.00    0.00    0.25    0.00    0.00    0.00   79.29
02:25:52 AM  all   18.41    0.00    1.99    0.00    0.00    1.00    0.00    0.00    0.00   78.61
02:25:53 AM  all   18.37    0.00    1.02    0.00    0.00    0.00    0.00    0.00    0.00   80.61
02:25:54 AM  all   18.48    0.00    1.01    0.00    0.00    0.25    0.00    0.00    0.00   80.25
02:25:55 AM  all   17.14    0.00    0.51    0.00    0.00    0.51    0.00    0.00    0.00   81.84
02:25:56 AM  all   19.60    0.00    1.24    0.00    0.00    0.50    0.00    0.00    0.00   78.66
02:25:57 AM  all   17.72    0.00    1.27    0.00    0.00    0.51    0.00    0.00    0.00   80.51
02:25:58 AM  all   17.30    0.00    1.27    0.00    0.00    0.51    0.00    0.00    0.00   80.92
02:25:59 AM  all   17.53    0.00    1.03    0.00    0.00    0.26    0.00    0.00    0.00   81.19
02:26:00 AM  all   17.09    0.00    1.53    0.00    0.00    0.77    0.00    0.00    0.00   80.61
02:26:01 AM  all   17.30    0.00    1.02    0.00    0.00    0.51    0.00    0.00    0.00   81.17
02:26:02 AM  all   13.38    0.00    1.01    0.00    0.00    0.25    0.00    0.00    0.00   85.35
02:26:03 AM  all   17.18    0.00    1.28    0.00    0.00    0.26    0.00    0.00    0.00   81.28
02:26:04 AM  all   19.95    0.00    1.23    0.00    0.00    0.49    0.00    0.00    0.00   78.33
02:26:05 AM  all   20.05    0.00    0.25    0.00    0.00    0.75    0.00    0.00    0.00   78.95
02:26:06 AM  all   16.41    0.00    1.79    0.00    0.00    0.26    0.00    0.00    0.00   81.54
02:26:07 AM  all   18.84    0.00    1.01    0.00    0.00    0.25    0.00    0.00    0.00   79.90
02:26:08 AM  all   18.34    0.00    1.51    0.00    0.00    0.50    0.00    0.00    0.00   79.65
02:26:09 AM  all   18.58    0.00    0.76    0.00    0.00    0.00    0.00    0.00    0.00   80.66
02:26:10 AM  all   15.60    0.00    1.79    0.00    0.00    1.02    0.00    0.00    0.00   81.59
02:26:11 AM  all   17.19    0.00    0.26    0.00    0.00    0.52    0.00    0.00    0.00   82.03
02:26:12 AM  all   19.40    0.00    1.00    0.00    0.00    0.25    0.00    0.00    0.00   79.35
02:26:13 AM  all   17.42    0.00    1.52    0.00    0.00    0.00    0.00    0.00    0.00   81.06
02:26:14 AM  all   17.97    0.00    1.52    0.00    0.00    0.25    0.00    0.00    0.00   80.25
02:26:15 AM  all   19.25    0.00    1.00    0.00    0.00    0.50    0.00    0.00    0.00   79.25
02:26:16 AM  all   19.40    0.00    1.74    0.00    0.00    0.25    0.00    0.00    0.00   78.61
02:26:17 AM  all   16.92    0.00    1.28    0.00    0.00    0.51    0.00    0.00    0.00   81.28
02:26:18 AM  all   17.51    0.00    1.02    0.00    0.00    0.25    0.00    0.00    0.00   81.22
02:26:19 AM  all   18.75    0.00    1.50    0.00    0.00    0.25    0.00    0.00    0.00   79.50
02:26:20 AM  all   19.05    0.00    1.00    0.00    0.00    0.25    0.00    0.00    0.00   79.70
02:26:21 AM  all   17.22    0.00    1.27    0.00    0.00    0.76    0.00    0.00    0.00   80.76
02:26:22 AM  all   17.44    0.00    1.79    0.00    0.00    0.00    0.00    0.00    0.00   80.77
02:26:23 AM  all   18.23    0.00    1.27    0.00    0.00    0.00    0.00    0.00    0.00   80.51
02:26:24 AM  all   17.88    0.00    0.76    0.00    0.00    1.01    0.00    0.00    0.00   80.35
02:26:25 AM  all   17.48    0.00    1.54    0.00    0.00    0.00    0.00    0.00    0.00   80.98
02:26:26 AM  all   18.48    0.00    1.27    0.00    0.00    0.25    0.00    0.00    0.00   80.00
02:26:27 AM  all   19.30    0.00    1.75    0.00    0.00    0.25    0.00    0.00    0.00   78.70
02:26:28 AM  all   17.18    0.00    1.03    0.00    0.00    0.51    0.00    0.00    0.00   81.28
02:26:29 AM  all   18.43    0.00    0.76    0.00    0.00    0.51    0.00    0.00    0.00   80.30
02:26:30 AM  all   17.39    0.00    1.02    0.00    0.00    0.26    0.00    0.00    0.00   81.33
02:26:31 AM  all   18.84    0.00    1.26    0.00    0.00    0.25    0.00    0.00    0.00   79.65
02:26:32 AM  all   19.75    0.00    0.99    0.00    0.00    0.99    0.00    0.00    0.00   78.27
02:26:33 AM  all   17.27    0.00    1.03    0.00    0.00    0.00    0.00    0.00    0.00   81.70
02:26:34 AM  all   16.32    0.00    0.78    0.00    0.00    0.52    0.00    0.00    0.00   82.38
02:26:35 AM  all   18.05    0.00    1.50    0.00    0.00    0.50    0.00    0.00    0.00   79.95
02:26:36 AM  all   19.35    0.00    0.75    0.00    0.00    0.50    0.00    0.00    0.00   79.40
02:26:37 AM  all   15.50    0.00    1.29    0.00    0.00    1.03    0.00    0.00    0.00   82.17
02:26:38 AM  all   19.30    0.00    1.00    0.00    0.00    0.25    0.00    0.00    0.00   79.45
02:26:39 AM  all   18.16    0.00    0.77    0.00    0.00    0.00    0.00    0.00    0.00   81.07
02:26:40 AM  all   18.18    0.00    1.01    0.00    0.00    0.51    0.00    0.00    0.00   80.30
02:26:41 AM  all   16.67    0.00    1.28    0.00    0.00    0.51    0.00    0.00    0.00   81.54
02:26:42 AM  all   17.44    0.00    0.51    0.00    0.00    0.51    0.00    0.00    0.00   81.54
02:26:43 AM  all   17.39    0.00    1.02    0.00    0.00    0.26    0.00    0.00    0.00   81.33
02:26:44 AM  all   18.35    0.00    0.52    0.00    0.00    0.00    0.00    0.00    0.00   81.14
02:26:45 AM  all   18.09    0.00    0.78    0.00    0.00    0.26    0.00    0.00    0.00   80.88
02:26:46 AM  all   16.67    0.00    1.79    0.00    0.00    0.51    0.00    0.00    0.00   81.03
02:26:47 AM  all   17.48    0.00    0.26    0.00    0.00    0.77    0.00    0.00    0.00   81.49
02:26:48 AM  all   17.97    0.00    2.03    0.00    0.00    0.25    0.00    0.00    0.00   79.75
02:26:49 AM  all   18.46    0.00    0.51    0.00    0.00    0.00    0.00    0.00    0.00   81.03
02:26:50 AM  all   18.45    0.00    1.50    0.00    0.00    0.75    0.00    0.00    0.00   79.30
02:26:51 AM  all   18.23    0.00    2.03    0.00    0.00    0.00    0.00    0.00    0.00   79.75
02:26:52 AM  all   18.94    0.00    0.76    0.00    0.00    0.25    0.00    0.00    0.00   80.05
02:26:53 AM  all   18.39    0.00    1.26    0.00    0.00    0.50    0.00    0.00    0.00   79.85
02:26:54 AM  all   17.48    0.00    0.51    0.00    0.00    0.51    0.00    0.00    0.00   81.49
02:26:55 AM  all   17.77    0.00    0.76    0.00    0.00    0.25    0.00    0.00    0.00   81.22
02:26:56 AM  all   15.93    0.00    1.04    0.00    0.00    0.26    0.00    0.00    0.00   82.77
02:26:57 AM  all   20.54    0.00    0.99    0.00    0.00    0.50    0.00    0.00    0.00   77.97
02:26:58 AM  all   18.99    0.00    1.01    0.00    0.00    0.25    0.00    0.00    0.00   79.75
02:26:59 AM  all   17.69    0.00    1.28    0.00    0.00    0.51    0.00    0.00    0.00   80.51
02:27:00 AM  all   20.50    0.00    0.75    0.00    0.00    0.25    0.00    0.00    0.00   78.50
02:27:01 AM  all   17.79    0.00    1.50    0.00    0.00    1.00    0.00    0.00    0.00   79.70
02:27:02 AM  all   16.17    0.00    1.49    0.00    0.00    0.25    0.00    0.00    0.00   82.09
02:27:03 AM  all   18.89    0.00    0.76    0.25    0.00    0.50    0.00    0.00    0.00   79.60
02:27:04 AM  all   18.78    0.00    1.02    0.00    0.00    0.76    0.00    0.00    0.00   79.44
02:27:05 AM  all   19.60    0.00    1.74    0.00    0.00    0.25    0.00    0.00    0.00   78.41
02:27:06 AM  all   17.63    0.00    1.51    0.00    0.00    0.76    0.00    0.00    0.00   80.10
02:27:07 AM  all   18.02    0.00    1.02    0.00    0.00    0.51    0.00    0.00    0.00   80.46
02:27:08 AM  all   17.63    0.00    1.76    0.00    0.00    0.25    0.00    0.00    0.00   80.35
02:27:09 AM  all   18.94    0.00    0.76    0.00    0.00    0.25    0.00    0.00    0.00   80.05
02:27:10 AM  all   17.95    0.00    1.03    0.00    0.00    0.77    0.00    0.00    0.00   80.26
02:27:11 AM  all   19.40    0.00    1.49    0.00    0.00    0.50    0.00    0.00    0.00   78.61
02:27:12 AM  all   18.78    0.00    0.76    0.00    0.00    0.00    0.00    0.00    0.00   80.46
02:27:13 AM  all   16.49    0.00    1.03    0.26    0.00    0.52    0.00    0.00    0.00   81.70
02:27:14 AM  all   19.19    0.00    1.01    0.00    0.00    0.00    0.00    0.00    0.00   79.80
02:27:15 AM  all   17.86    0.00    1.28    0.00    0.00    0.51    0.00    0.00    0.00   80.36
02:27:16 AM  all   19.35    0.00    0.75    0.00    0.00    0.75    0.00    0.00    0.00   79.15
02:27:17 AM  all   18.48    0.00    1.27    0.00    0.00    0.76    0.00    0.00    0.00   79.49
02:27:18 AM  all   18.58    0.00    1.27    0.00    0.00    0.51    0.00    0.00    0.00   79.64
02:27:19 AM  all   17.48    0.00    1.29    0.00    0.00    0.00    0.00    0.00    0.00   81.23
02:27:20 AM  all   18.59    0.00    1.26    0.00    0.00    0.75    0.00    0.00    0.00   79.40
02:27:21 AM  all   17.69    0.00    1.28    0.00    0.00    0.00    0.00    0.00    0.00   81.03
02:27:22 AM  all   19.19    0.00    1.52    0.00    0.00    0.00    0.00    0.00    0.00   79.29
02:27:23 AM  all   15.58    0.00    1.82    0.00    0.00    0.78    0.00    0.00    0.00   81.82
02:27:24 AM  all   18.81    0.00    0.52    0.00    0.00    0.00    0.00    0.00    0.00   80.67
02:27:25 AM  all   18.80    0.00    1.25    0.00    0.00    0.50    0.00    0.00    0.00   79.45
02:27:26 AM  all   19.70    0.00    1.75    0.00    0.00    0.25    0.00    0.00    0.00   78.30
02:27:27 AM  all   19.95    0.00    1.00    0.00    0.00    1.50    0.00    0.00    0.00   77.56
02:27:28 AM  all   18.11    0.00    1.02    0.00    0.00    0.00    0.00    0.00    0.00   80.87
02:27:29 AM  all   17.48    0.00    0.77    0.00    0.00    0.77    0.00    0.00    0.00   80.98
02:27:30 AM  all   16.62    0.00    1.53    0.00    0.00    0.77    0.00    0.00    0.00   81.07
02:27:31 AM  all   18.02    0.00    1.02    0.00    0.00    0.51    0.00    0.00    0.00   80.46
02:27:32 AM  all   19.30    0.00    1.25    0.00    0.00    0.00    0.00    0.00    0.00   79.45
02:27:33 AM  all   18.94    0.00    1.52    0.00    0.00    0.25    0.00    0.00    0.00   79.29
02:27:34 AM  all   19.60    0.00    1.51    0.00    0.00    0.50    0.00    0.00    0.00   78.39
02:27:35 AM  all   21.29    0.00    0.50    0.00    0.00    0.74    0.00    0.00    0.00   77.48
02:27:36 AM  all   20.20    0.00    1.48    0.00    0.00    0.74    0.00    0.00    0.00   77.59
02:27:37 AM  all   18.46    0.00    1.03    0.00    0.00    0.51    0.00    0.00    0.00   80.00
02:27:38 AM  all   17.90    0.00    1.28    0.00    0.00    0.77    0.00    0.00    0.00   80.05
02:27:39 AM  all   18.73    0.00    1.77    0.00    0.00    0.51    0.00    0.00    0.00   78.99
02:27:40 AM  all   18.94    0.00    1.26    0.00    0.00    0.51    0.00    0.00    0.00   79.29
02:27:41 AM  all   18.94    0.00    1.26    0.00    0.00    0.51    0.00    0.00    0.00   79.29
02:27:42 AM  all   20.10    0.00    1.78    0.00    0.00    0.51    0.00    0.00    0.00   77.61
02:27:43 AM  all   18.67    0.00    0.77    0.00    0.00    0.26    0.00    0.00    0.00   80.31
02:27:44 AM  all   18.78    0.00    1.02    0.00    0.00    0.25    0.00    0.00    0.00   79.95
02:27:45 AM  all   21.18    0.00    1.97    0.00    0.00    0.49    0.00    0.00    0.00   76.35
02:27:46 AM  all   19.13    0.00    1.02    0.00    0.00    0.51    0.00    0.00    0.00   79.34
02:27:47 AM  all   18.46    0.00    1.54    0.00    0.00    0.00    0.00    0.00    0.00   80.00
02:27:48 AM  all   19.80    0.00    1.27    0.00    0.00    0.00    0.00    0.00    0.00   78.93
02:27:49 AM  all   20.79    0.00    1.73    0.00    0.00    0.25    0.00    0.00    0.00   77.23
02:27:50 AM  all   19.24    0.00    1.01    0.00    0.00    0.25    0.00    0.00    0.00   79.49
02:27:51 AM  all   18.48    0.00    1.27    0.00    0.00    0.51    0.00    0.00    0.00   79.75
02:27:52 AM  all   17.74    0.00    0.77    0.00    0.00    0.51    0.00    0.00    0.00   80.98
02:27:53 AM  all   20.49    0.00    1.73    0.00    0.00    0.49    0.00    0.00    0.00   77.28
02:27:54 AM  all   17.90    0.00    1.28    0.00    0.00    0.51    0.00    0.00    0.00   80.31
02:27:55 AM  all   19.35    0.00    1.51    0.00    0.00    0.75    0.00    0.00    0.00   78.39
02:27:56 AM  all   16.93    0.00    1.04    0.00    0.00    0.52    0.00    0.00    0.00   81.51
02:27:57 AM  all   19.08    0.00    1.02    0.00    0.00    0.00    0.00    0.00    0.00   79.90
02:27:58 AM  all   19.60    0.00    1.26    0.00    0.00    0.50    0.00    0.00    0.00   78.64
02:27:59 AM  all   17.75    0.00    1.04    0.00    0.00    0.00    0.00    0.00    0.00   81.20
02:28:00 AM  all   20.10    0.00    1.51    0.00    0.00    0.25    0.00    0.00    0.00   78.14
02:28:01 AM  all   16.36    0.00    0.78    0.00    0.00    0.52    0.00    0.00    0.00   82.34
02:28:02 AM  all   17.34    0.00    1.01    0.00    0.00    0.50    0.00    0.00    0.00   81.16
02:28:03 AM  all   17.32    0.00    1.05    0.00    0.00    0.26    0.00    0.00    0.00   81.36
02:28:04 AM  all   17.69    0.00    2.05    0.00    0.00    0.51    0.00    0.00    0.00   79.74
02:28:05 AM  all   19.02    0.00    0.51    0.00    0.00    0.26    0.00    0.00    0.00   80.21
02:28:06 AM  all   21.48    0.00    0.99    0.00    0.00    0.49    0.00    0.00    0.00   77.04
02:28:07 AM  all   20.96    0.00    0.51    0.00    0.00    0.25    0.00    0.00    0.00   78.28
02:28:08 AM  all   20.94    0.00    1.23    0.00    0.00    1.23    0.00    0.00    0.00   76.60
02:28:09 AM  all   19.80    0.00    0.76    0.00    0.00    0.51    0.00    0.00    0.00   78.93
02:28:10 AM  all   18.46    0.00    1.03    0.00    0.00    1.03    0.00    0.00    0.00   79.49
02:28:11 AM  all   18.65    0.00    0.78    0.00    0.00    0.00    0.00    0.00    0.00   80.57
02:28:12 AM  all   18.09    0.00    1.29    0.00    0.00    0.00    0.00    0.00    0.00   80.62
02:28:13 AM  all   19.55    0.00    1.50    0.00    0.00    0.75    0.00    0.00    0.00   78.20
02:28:14 AM  all   20.90    0.00    1.49    0.00    0.00    0.75    0.00    0.00    0.00   76.87
02:28:15 AM  all   19.85    0.00    1.27    0.00    0.00    0.25    0.00    0.00    0.00   78.63
02:28:16 AM  all   19.90    0.00    1.26    0.00    0.00    0.50    0.00    0.00    0.00   78.34
02:28:17 AM  all   19.34    0.00    1.53    0.00    0.00    0.25    0.00    0.00    0.00   78.88
02:28:18 AM  all   19.33    0.00    0.77    0.00    0.00    0.52    0.00    0.00    0.00   79.38
02:28:19 AM  all   19.80    0.00    1.27    0.00    0.00    0.25    0.00    0.00    0.00   78.68
02:28:20 AM  all   19.49    0.00    1.77    0.00    0.00    0.25    0.00    0.00    0.00   78.48
02:28:21 AM  all   18.67    0.00    1.79    0.00    0.00    0.00    0.00    0.00    0.00   79.54
02:28:22 AM  all   18.37    0.00    1.53    0.00    0.00    0.26    0.00    0.00    0.00   79.85
02:28:23 AM  all   18.04    0.00    0.77    0.00    0.00    0.26    0.00    0.00    0.00   80.93
02:28:24 AM  all   19.29    0.00    1.27    0.00    0.00    0.76    0.00    0.00    0.00   78.68
02:28:25 AM  all   18.56    0.00    1.29    0.00    0.00    0.52    0.00    0.00    0.00   79.64
02:28:26 AM  all   17.92    0.00    0.78    0.00    0.00    0.78    0.00    0.00    0.00   80.52
02:28:27 AM  all   20.40    0.00    1.76    0.00    0.00    0.25    0.00    0.00    0.00   77.58
02:28:28 AM  all   16.24    0.00    1.80    0.26    0.00    1.29    0.00    0.00    0.00   80.41
02:28:29 AM  all   17.69    0.00    1.54    0.00    0.00    0.77    0.00    0.00    0.00   80.00
02:28:30 AM  all   18.09    0.00    1.03    0.00    0.00    0.26    0.00    0.00    0.00   80.62
02:28:31 AM  all   19.24    0.00    1.01    0.00    0.00    0.51    0.00    0.00    0.00   79.24
02:28:32 AM  all   18.27    0.00    2.03    0.00    0.00    0.51    0.00    0.00    0.00   79.19
02:28:33 AM  all   19.23    0.00    0.77    0.00    0.00    0.26    0.00    0.00    0.00   79.74
02:28:34 AM  all   18.77    0.00    1.03    0.00    0.00    0.26    0.00    0.00    0.00   79.95
02:28:35 AM  all   18.72    0.00    0.77    0.00    0.00    0.51    0.00    0.00    0.00   80.00
02:28:36 AM  all   19.08    0.00    0.76    0.00    0.00    1.02    0.00    0.00    0.00   79.13
02:28:37 AM  all   19.54    0.00    0.51    0.00    0.00    0.00    0.00    0.00    0.00   79.95
02:28:38 AM  all   20.90    0.00    1.24    0.00    0.00    0.50    0.00    0.00    0.00   77.36
02:28:39 AM  all   17.81    0.00    1.53    0.00    0.00    0.76    0.00    0.00    0.00   79.90
02:28:40 AM  all   20.20    0.00    1.01    0.00    0.00    0.25    0.00    0.00    0.00   78.54
02:28:41 AM  all   19.39    0.00    0.77    0.00    0.00    0.26    0.00    0.00    0.00   79.59
02:28:42 AM  all   20.60    0.00    1.49    0.00    0.00    0.50    0.00    0.00    0.00   77.42
02:28:43 AM  all   19.90    0.00    1.26    0.00    0.00    0.25    0.00    0.00    0.00   78.59
02:28:44 AM  all   16.62    0.00    0.53    0.00    0.00    0.53    0.00    0.00    0.00   82.32
02:28:45 AM  all   18.94    0.00    1.77    0.00    0.00    0.51    0.00    0.00    0.00   78.79
02:28:46 AM  all   19.34    0.00    1.27    0.00    0.00    1.27    0.00    0.00    0.00   78.12
02:28:47 AM  all   18.65    0.00    1.04    0.00    0.00    0.52    0.00    0.00    0.00   79.79
02:28:48 AM  all   20.51    0.00    0.76    0.00    0.00    1.01    0.00    0.00    0.00   77.72
02:28:49 AM  all   20.84    0.00    1.74    0.00    0.00    0.50    0.00    0.00    0.00   76.92
02:28:50 AM  all   21.53    0.00    0.50    0.00    0.00    0.25    0.00    0.00    0.00   77.72
02:28:51 AM  all   20.05    0.00    1.75    0.00    0.00    0.25    0.00    0.00    0.00   77.94
02:28:52 AM  all   20.05    0.00    1.50    0.00    0.00    0.50    0.00    0.00    0.00   77.94
02:28:53 AM  all   21.14    0.00    1.00    0.00    0.00    0.75    0.00    0.00    0.00   77.11
02:28:54 AM  all   20.15    0.00    0.76    0.00    0.00    0.76    0.00    0.00    0.00   78.34
02:28:55 AM  all   18.81    0.00    1.03    0.00    0.00    0.26    0.00    0.00    0.00   79.90
02:28:56 AM  all   19.44    0.00    1.26    0.00    0.00    0.25    0.00    0.00    0.00   79.04
02:28:57 AM  all   19.54    0.00    1.27    0.00    0.00    0.00    0.00    0.00    0.00   79.19
02:28:58 AM  all   18.04    0.00    1.29    0.00    0.00    0.26    0.00    0.00    0.00   80.41
02:28:59 AM  all   20.65    0.00    1.01    0.00    0.00    0.25    0.00    0.00    0.00   78.09
02:29:00 AM  all   20.25    0.00    1.01    0.00    0.00    0.25    0.00    0.00    0.00   78.48
02:29:01 AM  all   19.19    0.00    1.01    0.00    0.00    0.25    0.00    0.00    0.00   79.55
02:29:02 AM  all   13.85    0.00    1.03    0.00    0.00    0.26    0.00    0.00    0.00   84.87
02:29:03 AM  all   20.35    0.00    1.49    0.25    0.00    0.25    0.00    0.00    0.00   77.67
02:29:04 AM  all   19.34    0.00    0.51    0.00    0.00    0.76    0.00    0.00    0.00   79.39
02:29:05 AM  all   19.24    0.00    1.52    0.00    0.00    0.51    0.00    0.00    0.00   78.73
02:29:06 AM  all   19.90    0.00    0.50    0.00    0.00    0.50    0.00    0.00    0.00   79.09
02:29:07 AM  all   16.10    0.00    1.82    0.00    0.00    0.26    0.00    0.00    0.00   81.82
02:29:08 AM  all   17.22    0.00    1.80    0.26    0.00    0.00    0.00    0.00    0.00   80.72
02:29:09 AM  all   18.48    0.00    1.01    0.00    0.00    1.01    0.00    0.00    0.00   79.49
02:29:10 AM  all   18.46    0.00    1.28    0.00    0.00    0.51    0.00    0.00    0.00   79.74
02:29:11 AM  all   18.41    0.00    1.53    0.00    0.00    0.51    0.00    0.00    0.00   79.54
02:29:12 AM  all   18.88    0.00    1.02    0.00    0.00    0.26    0.00    0.00    0.00   79.85
02:29:13 AM  all   18.21    0.00    0.77    0.00    0.00    0.51    0.00    0.00    0.00   80.51
02:29:14 AM  all   18.11    0.00    1.28    0.00    0.00    0.26    0.00    0.00    0.00   80.36
02:29:15 AM  all   17.62    0.00    0.78    0.00    0.00    0.78    0.00    0.00    0.00   80.83
02:29:16 AM  all   17.65    0.00    1.53    0.00    0.00    0.51    0.00    0.00    0.00   80.31
02:29:17 AM  all   17.53    0.00    1.29    0.00    0.00    0.52    0.00    0.00    0.00   80.67
02:29:18 AM  all   18.94    0.00    0.76    0.00    0.00    0.51    0.00    0.00    0.00   79.80
02:29:19 AM  all   18.99    0.00    0.76    0.00    0.00    0.76    0.00    0.00    0.00   79.49
02:29:20 AM  all   15.75    0.00    1.57    0.00    0.00    0.26    0.00    0.00    0.00   82.41
02:29:21 AM  all   20.05    0.00    1.75    0.00    0.00    0.25    0.00    0.00    0.00   77.94
02:29:22 AM  all   19.04    0.00    1.02    0.00    0.00    0.25    0.00    0.00    0.00   79.70
02:29:23 AM  all   15.44    0.00    1.01    0.00    0.00    0.51    0.00    0.00    0.00   83.04
02:29:24 AM  all   13.04    0.00    1.02    0.00    0.00    0.26    0.00    0.00    0.00   85.68
02:29:25 AM  all   11.99    0.00    0.77    0.00    0.00    0.00    0.00    0.00    0.00   87.24
02:29:26 AM  all   10.46    0.00    0.00    0.00    0.00    0.26    0.00    0.00    0.00   89.29
02:29:27 AM  all    9.70    0.00    1.24    0.00    0.00    0.75    0.00    0.00    0.00   88.31
02:29:28 AM  all    5.32    0.00    0.76    0.00    0.00    0.25    0.00    0.00    0.00   93.67
02:29:29 AM  all    6.00    0.00    0.50    0.00    0.00    0.00    0.00    0.00    0.00   93.50
02:29:30 AM  all    4.04    0.00    0.25    0.00    0.00    0.00    0.00    0.00    0.00   95.71
02:29:31 AM  all    2.80    0.00    0.25    0.00    0.00    0.00    0.00    0.00    0.00   96.95
02:29:32 AM  all    2.74    0.00    0.25    0.00    0.00    0.00    0.00    0.00    0.00   97.01
02:29:33 AM  all    0.76    0.00    0.00    0.00    0.00    0.00    0.00    0.00    0.00   99.24
02:29:34 AM  all    1.01    0.00    0.00    0.00    0.00    0.00    0.00    0.00    0.00   98.99
02:29:35 AM  all    1.00    0.00    0.50    0.00    0.00    0.00    0.00    0.00    0.00   98.50
02:29:36 AM  all    0.50    0.00    0.00    0.00    0.00    0.00    0.00    0.00    0.00   99.50
02:29:37 AM  all    0.00    0.00    0.00    0.00    0.00    0.00    0.00    0.00    0.00  100.00
02:29:38 AM  all    0.00    0.00    0.00    0.00    0.00    0.00    0.00    0.00    0.00  100.00
02:29:39 AM  all    0.00    0.00    0.00    0.00    0.00    0.00    0.00    0.00    0.00  100.00
02:29:40 AM  all    0.25    0.00    0.00    0.00    0.00    0.00    0.00    0.00    0.00   99.75
02:29:41 AM  all    0.00    0.00    0.00    0.00    0.00    0.00    0.00    0.00    0.00  100.00
02:29:42 AM  all    0.00    0.00    0.25    0.00    0.00    0.00    0.00    0.00    0.00   99.75
02:29:43 AM  all    0.50    0.00    0.75    0.00    0.00    0.00    0.00    0.00    0.00   98.75
02:29:44 AM  all    0.00    0.00    0.00    0.00    0.00    0.00    0.00    0.00    0.00  100.00
02:29:45 AM  all    0.00    0.00    0.00    0.00    0.00    0.00    0.00    0.00    0.00  100.00
